frame,model,u_px,v_px,residual_zg_mm,Xc_mm,Yc_mm,Zc_mm,Xg_mm,Yg_mm
laser 003,circular_cone,2135.929869,9.000000,0.164099376,6.406145758,-146.200600924,713.662821337,6.405221941,146.206503456
laser 003,circular_cone,2135.937165,10.000000,0.156017877,6.406892308,-146.104644032,713.670159291,6.406331447,146.110609835
laser 003,circular_cone,2135.928076,11.000000,0.153096491,6.405997985,-146.007611272,713.672249428,6.405567161,146.013597432
laser 003,circular_cone,2135.894011,12.000000,0.158040283,6.402602476,-145.908942102,713.666340730,6.401946667,145.914883207
laser 003,circular_cone,2135.833687,13.000000,0.171252761,6.396577493,-145.808555925,713.652022859,6.395323461,145.814383207
laser 003,circular_cone,2135.775178,14.000000,0.183894220,6.390734513,-145.708292538,713.638285762,6.388908035,145.714010747
laser 003,circular_cone,2135.742908,15.000000,0.188275343,6.387519071,-145.609747998,713.632949407,6.385493007,145.615425832
laser 003,circular_cone,2135.736420,16.000000,0.184540434,6.386885223,-145.512888918,713.635867007,6.385025918,145.518593876
laser 003,circular_cone,2135.739879,17.000000,0.177674867,6.387247375,-145.416678341,713.641968464,6.385696143,145.422436458
laser 003,circular_cone,2135.738470,18.000000,0.172342923,6.387122091,-145.320148606,713.646510246,6.385809707,145.325947129
laser 003,circular_cone,2135.726300,19.000000,0.170400025,6.385919290,-145.222916204,713.647605420,6.384692778,145.228726947
laser 003,circular_cone,2135.696609,20.000000,0.173974491,6.382962116,-145.124542194,713.643089531,6.381572431,145.130319272
laser 003,circular_cone,2135.664422,21.000000,0.178335746,6.379755074,-145.026006994,713.637773517,6.378166701,145.031743862
laser 003,circular_cone,2135.665411,22.000000,0.172253082,6.379869868,-144.929631473,713.643078821,6.378554230,144.935414991
laser 003,circular_cone,2135.687000,23.000000,0.159685633,6.382047319,-144.834593768,713.654979037,6.381297131,144.840477867
laser 003,circular_cone,2135.686068,24.000000,0.154209695,6.381969781,-144.738089753,713.659667314,6.381464943,144.744015455
laser 003,circular_cone,2135.624621,25.000000,0.167787580,6.375832995,-144.637655672,713.644978253,6.374713445,144.643464516
laser 003,circular_cone,2135.538450,26.000000,0.189149430,6.367221135,-144.535621841,713.622373124,6.365135518,144.541249089
laser 003,circular_cone,2135.476866,27.000000,0.202770873,6.361071305,-144.435188425,713.607639882,6.358369011,144.440698453
laser 003,circular_cone,2135.526547,28.000000,0.181366067,6.366060840,-144.341967339,713.628527531,6.364322902,144.347651444
laser 003,circular_cone,2135.511932,29.000000,0.180203378,6.364613320,-144.244577990,713.628829434,6.362926040,144.250267828
laser 003,circular_cone,2135.508620,30.000000,0.175483324,6.364297428,-144.147919894,713.632749097,6.362821381,144.153645051
laser 003,circular_cone,2135.530550,31.000000,0.162817405,6.366508741,-144.052892843,713.644749491,6.365602590,144.058719400
laser 003,circular_cone,2135.566986,32.000000,0.145585070,6.370172511,-143.958799945,713.661393783,6.370042378,143.964765879
laser 003,circular_cone,2135.497078,33.000000,0.161834904,6.363188961,-143.857835761,713.643987710,6.362323512,143.863662616
laser 003,circular_cone,2135.554812,34.000000,0.137899172,6.368985066,-143.765112822,713.667449139,6.369198218,143.771134804
laser 003,circular_cone,2135.511215,35.000000,0.145867649,6.364635756,-143.665849242,713.658465003,6.364487400,143.671801018
laser 003,circular_cone,2135.450940,36.000000,0.159087638,6.358616828,-143.565513519,713.644140298,6.357869921,143.571351415
laser 003,circular_cone,2135.370040,37.000000,0.178801023,6.350533397,-143.463853837,713.623212091,6.348894835,143.469523850
laser 003,circular_cone,2135.287854,38.000000,0.198918972,6.342321736,-143.362117451,713.601872526,6.339773260,143.367616217
laser 003,circular_cone,2135.230146,39.000000,0.211331615,6.336560755,-143.261961044,713.588369033,6.333450170,143.267352644
laser 003,circular_cone,2135.204790,40.000000,0.213561370,6.334038264,-143.163887122,713.585221188,6.330825210,143.169256243
laser 003,circular_cone,2135.186192,41.000000,0.213664915,6.332192243,-143.066248028,713.584235638,6.328972695,143.071612354
laser 003,circular_cone,2135.170351,42.000000,0.212901680,6.330622192,-142.968786153,713.584131586,6.327435276,142.974152891
laser 003,circular_cone,2135.182252,43.000000,0.203407055,6.331828961,-142.873103172,713.592907003,6.329068798,142.878544939
laser 003,circular_cone,2135.252164,44.000000,0.175651887,6.338842634,-142.781135226,713.620252582,6.337333478,142.786803884
laser 003,circular_cone,2135.349762,45.000000,0.139179508,6.348628478,-142.690933352,713.656463121,6.348763811,142.696901397
laser 003,circular_cone,2135.395100,46.000000,0.119159080,6.353183095,-142.597377400,713.675942722,6.354220300,142.603508010
laser 003,circular_cone,2135.357987,47.000000,0.125098688,6.349483197,-142.498542712,713.669022177,6.350250480,142.504619991
laser 003,circular_cone,2135.261586,48.000000,0.149704595,6.339848190,-142.395920803,713.643118954,6.339502981,142.401789513
laser 003,circular_cone,2135.150662,49.000000,0.178881314,6.328760215,-142.292378980,713.612567525,6.327096197,142.298001109
laser 003,circular_cone,2135.068547,50.000000,0.198988265,6.320556653,-142.190684483,713.591239675,6.317983220,142.196135460
laser 003,circular_cone,2135.044978,51.000000,0.200667015,6.318213171,-142.092729440,713.588652403,6.315562146,142.098162522
laser 003,circular_cone,2135.064413,52.000000,0.188810387,6.320173889,-141.997515608,713.599829905,6.318056238,142.003043361
laser 003,circular_cone,2135.115086,53.000000,0.167121095,6.325261380,-141.904288237,713.621006674,6.324120934,141.909992435
laser 003,circular_cone,2135.174160,54.000000,0.142786963,6.331190102,-141.811590052,713.644873064,6.331146245,141.817492690
laser 003,circular_cone,2135.183422,55.000000,0.134134647,6.332132812,-141.715717367,713.652791909,6.332477692,141.721688029
laser 003,circular_cone,2135.138909,56.000000,0.142412689,6.327692614,-141.616424658,713.643493574,6.327662021,141.622322543
laser 003,circular_cone,2135.084743,57.000000,0.153730286,6.322286335,-141.516521520,713.631104234,6.321743069,141.522321350
laser 003,circular_cone,2135.051281,58.000000,0.158531002,6.318952544,-141.417935944,713.625342211,6.318190766,141.423691916
laser 003,circular_cone,2135.022453,59.000000,0.161873916,6.316082634,-141.319645926,713.621062712,6.315168148,141.325370165
laser 003,circular_cone,2134.987890,60.000000,0.167023104,6.312638769,-141.220993680,713.614946375,6.311490043,141.226671164
laser 003,circular_cone,2134.975336,61.000000,0.165245191,6.311397759,-141.123737095,713.615874483,6.310327472,141.129425432
laser 003,circular_cone,2134.996437,62.000000,0.152874099,6.313525195,-141.028610375,713.627575168,6.313011507,141.034397663
laser 003,circular_cone,2135.025957,63.000000,0.137853391,6.316495370,-140.934013084,713.641970322,6.316657880,140.939921358
laser 003,circular_cone,2135.029438,64.000000,0.131030680,6.316859304,-140.837766131,713.648028660,6.317327969,140.843727214
laser 003,circular_cone,2135.008740,65.000000,0.131820783,6.314803103,-140.739990350,713.646345301,6.315234292,140.745940931
laser 003,circular_cone,2134.975176,66.000000,0.136662197,6.311459166,-140.641403008,713.640542067,6.311670009,140.647309393
laser 003,circular_cone,2134.919782,67.000000,0.148376492,6.305930424,-140.541440458,713.627749643,6.305610691,140.547245491
laser 003,circular_cone,2134.820009,68.000000,0.174060614,6.295960525,-140.438684594,713.600750980,6.294479640,140.444272098
laser 003,circular_cone,2134.705844,69.000000,0.204273393,6.284551246,-140.335030281,713.569147095,6.281704793,140.340362593
laser 003,circular_cone,2134.679435,70.000000,0.206865649,6.281923958,-140.236907482,713.565631276,6.278958685,140.242214306
laser 003,circular_cone,2134.756060,71.000000,0.177029532,6.289607071,-140.145265307,713.595092635,6.287986744,140.150816328
laser 003,circular_cone,2134.822165,72.000000,0.150503723,6.296237964,-140.052954388,713.621187616,6.295813160,140.058722075
laser 003,circular_cone,2134.824233,73.000000,0.144135706,6.296460354,-139.956614563,713.626783684,6.296321183,139.962431279
laser 003,circular_cone,2134.757210,74.000000,0.159517142,6.289768326,-139.855936887,713.610262320,6.288933052,139.861621755
laser 003,circular_cone,2134.695814,75.000000,0.173127678,6.283639719,-139.755616861,713.595541876,6.282188279,139.761184609
laser 003,circular_cone,2134.713512,76.000000,0.161843455,6.285426129,-139.660257946,713.606137379,6.284482233,139.665915608
laser 003,circular_cone,2134.762235,77.000000,0.140794033,6.290317403,-139.566839405,713.626663255,6.290321836,139.572668190
laser 003,circular_cone,2134.768869,78.000000,0.132993961,6.290996720,-139.470781128,713.633715648,6.291351429,139.476670851
laser 003,circular_cone,2134.710937,79.000000,0.145519209,6.285214584,-139.370682699,713.620098960,6.285002117,139.376464328
laser 003,circular_cone,2134.613102,80.000000,0.170604687,6.275439758,-139.268094392,713.593709676,6.274093164,139.273663474
laser 003,circular_cone,2134.535044,81.000000,0.189464768,6.267644513,-139.166748798,713.573651146,6.265444799,139.172157104
laser 003,circular_cone,2134.569672,82.000000,0.172858995,6.271124681,-139.072440986,713.589658239,6.269672719,139.077983461
laser 003,circular_cone,2134.534249,83.000000,0.178302184,6.267595562,-138.973760370,713.583243543,6.265896098,138.979253649
laser 003,circular_cone,2134.512093,84.000000,0.179570692,6.265393972,-138.875908366,713.581074142,6.263635445,138.881387167
laser 003,circular_cone,2134.513446,85.000000,0.173441058,6.265544644,-138.779521019,713.586427976,6.264060993,138.785046867
laser 003,circular_cone,2134.482714,86.000000,0.177410885,6.262484986,-138.681135633,713.581511628,6.260820339,138.686624538
laser 003,circular_cone,2134.415312,87.000000,0.192922686,6.255756481,-138.580471411,713.564858241,6.253389852,138.585827388
laser 003,circular_cone,2134.333393,88.000000,0.213003256,6.247575976,-138.478909967,713.543558922,6.244301139,138.484095020
laser 003,circular_cone,2134.274415,89.000000,0.225864347,6.241690952,-138.378779049,713.529601165,6.237833782,138.383853218
laser 003,circular_cone,2134.262044,90.000000,0.224059514,6.240468555,-138.281543804,713.530557229,6.236691050,138.286629055
laser 003,circular_cone,2134.276113,91.000000,0.213935274,6.241891184,-138.185947698,713.539973299,6.238568867,138.191113217
laser 003,circular_cone,2134.290215,92.000000,0.203801505,6.243317150,-138.090351176,713.549399055,6.240450453,138.095597043
laser 003,circular_cone,2134.300948,93.000000,0.194728851,6.244406106,-137.994543590,713.557745761,6.241947132,137.999860980
laser 003,circular_cone,2134.312010,94.000000,0.185553559,6.245528002,-137.898754184,713.566196838,6.243481384,137.904143950
laser 003,circular_cone,2134.315648,95.000000,0.178715668,6.245907184,-137.802503528,713.572271024,6.244167415,137.807946232
laser 003,circular_cone,2134.304968,96.000000,0.176384986,6.244853918,-137.705366605,713.573761869,6.243217552,137.710824765
laser 003,circular_cone,2134.289227,97.000000,0.175648172,6.243294330,-137.607916861,713.573631937,6.241689421,137.613377221
laser 003,circular_cone,2134.264775,98.000000,0.177653938,6.240863276,-137.509929756,713.570713122,6.239166030,137.515369509
laser 003,circular_cone,2134.195038,99.000000,0.193912307,6.233901993,-137.409151503,713.553301026,6.231469070,137.414452122
laser 003,circular_cone,2134.115559,100.000000,0.213236481,6.225966576,-137.307778105,713.532771411,6.222659592,137.312914093
laser 003,circular_cone,2134.077626,101.000000,0.219487165,6.222187304,-137.208968206,713.525536112,6.218596376,137.214048287
laser 003,circular_cone,2134.095891,102.000000,0.208054506,6.224029442,-137.113617546,713.536282771,6.220952766,137.118788777
laser 003,circular_cone,2134.131747,103.000000,0.191086814,6.227631305,-137.019345524,713.552657905,6.225318724,137.024653935
laser 003,circular_cone,2134.148289,104.000000,0.180197821,6.229301226,-136.923882658,713.562851696,6.227478358,136.929277698
laser 003,circular_cone,2134.149800,105.000000,0.174040102,6.229467541,-136.827494335,713.568234337,6.227920825,136.832936658
laser 003,circular_cone,2134.154636,106.000000,0.166836958,6.229966484,-136.731308620,713.574680054,6.228743108,136.736806919
laser 003,circular_cone,2134.160567,107.000000,0.159290170,6.230574979,-136.635188371,713.581475219,6.229690455,136.640745506
laser 003,circular_cone,2134.152009,108.000000,0.156304391,6.229734030,-136.538178715,713.583632397,6.228982483,136.543756754
laser 003,circular_cone,2134.138420,109.000000,0.154903043,6.228389795,-136.440860555,713.584178419,6.227699705,136.446446323
laser 003,circular_cone,2134.134635,110.000000,0.150417208,6.228026326,-136.344142101,713.587860994,6.227536923,136.349761248
laser 003,circular_cone,2134.127688,111.000000,0.146927581,6.227346539,-136.247229425,713.590530561,6.227012857,136.252873667
laser 003,circular_cone,2134.081513,112.000000,0.155784950,6.222742568,-136.147919733,713.580644819,6.222007282,136.153486391
laser 003,circular_cone,2134.005137,113.000000,0.174147427,6.215117778,-136.046769400,713.561093647,6.213551846,136.052179429
laser 003,circular_cone,2133.934063,114.000000,0.190841384,6.208023746,-135.945948107,713.543239209,6.205702482,135.951215382
laser 003,circular_cone,2133.899809,115.000000,0.195949241,6.204612729,-135.847376041,713.537166374,6.202059110,135.852596915
laser 003,circular_cone,2133.920946,116.000000,0.183627680,6.206741925,-135.752179315,713.548816983,6.204742687,135.757498733
laser 003,circular_cone,2133.981205,117.000000,0.158995112,6.212784384,-135.659360723,713.572986230,6.211895225,135.664881064
laser 003,circular_cone,2134.028794,118.000000,0.138349679,6.217559823,-135.565765230,713.593101058,6.217600771,135.571453336
laser 003,circular_cone,2134.049346,119.000000,0.126213831,6.219630856,-135.470521086,713.604562765,6.220217803,135.476306191
laser 003,circular_cone,2134.042460,120.000000,0.122714540,6.218957178,-135.373607339,713.607242272,6.219700284,135.379417620
laser 003,circular_cone,2134.001064,121.000000,0.130077697,6.214831373,-135.274598328,713.598876183,6.215240326,135.280343453
laser 003,circular_cone,2133.944008,122.000000,0.142370152,6.209139255,-135.174641972,713.585497728,6.208991555,135.180280948
laser 003,circular_cone,2133.906293,123.000000,0.148576417,6.205381913,-135.075861601,713.578308119,6.204952281,135.081445042
laser 003,circular_cone,2133.901783,124.000000,0.144333793,6.204945903,-134.979094200,713.581743579,6.204705985,134.984709000
laser 003,circular_cone,2133.912788,125.000000,0.135209426,6.206061776,-134.883264884,713.590143081,6.206231925,134.888951639
laser 003,circular_cone,2133.909777,126.000000,0.130497098,6.205775708,-134.786585772,713.594056176,6.206156773,134.792307793
laser 003,circular_cone,2133.883857,127.000000,0.132995699,6.203198173,-134.688521277,713.590636815,6.203464665,134.694218596
laser 003,circular_cone,2133.832449,128.000000,0.143516600,6.198071343,-134.588918725,713.579059984,6.197861149,134.594524629
laser 003,circular_cone,2133.784581,129.000000,0.152924128,6.193298756,-134.489533112,713.568615332,6.192662132,134.495056860
laser 003,circular_cone,2133.767525,130.000000,0.152636178,6.191607944,-134.392008290,713.568029576,6.190982529,134.397530511
laser 003,circular_cone,2133.754149,131.000000,0.151191221,6.190285197,-134.294705446,713.568620339,6.189723216,134.300235761
laser 003,circular_cone,2133.724221,132.000000,0.154956093,6.187307042,-134.196405995,713.563913516,6.186573333,134.201901079
laser 003,circular_cone,2133.681321,133.000000,0.162804001,6.183031619,-134.097327531,713.555054901,6.181941880,134.102753430
laser 003,circular_cone,2133.637831,134.000000,0.170838376,6.178697316,-133.998216168,713.546006717,6.177243131,134.003571331
laser 003,circular_cone,2133.608025,135.000000,0.174567685,6.175731577,-133.899929427,713.541336154,6.174107270,133.905249656
laser 003,circular_cone,2133.616042,136.000000,0.166396335,6.176548295,-133.803914476,713.548766723,6.175291042,133.809298737
laser 003,circular_cone,2133.661233,137.000000,0.146527894,6.181082708,-133.710127544,713.568091382,6.180720496,133.715673109
laser 003,circular_cone,2133.689925,138.000000,0.131851855,6.183967242,-133.615346549,713.582136169,6.184265695,133.621010239
laser 003,circular_cone,2133.676566,139.000000,0.130410102,6.182646221,-133.518042915,713.582723796,6.183007965,133.523714673
laser 003,circular_cone,2133.626030,140.000000,0.140668823,6.177607164,-133.418513907,713.571413953,6.177504062,133.424096433
laser 003,circular_cone,2133.569461,141.000000,0.152826661,6.171964968,-133.318627332,713.558173061,6.171311296,133.324104834
laser 003,circular_cone,2133.530798,142.000000,0.159350597,6.168113589,-133.219814724,713.550660973,6.167163653,133.225234052
laser 003,circular_cone,2133.501065,143.000000,0.163065467,6.165155285,-133.121537605,713.546005277,6.164035882,133.126922120
laser 003,circular_cone,2133.521226,144.000000,0.151081322,6.167186331,-133.026239393,713.557312889,6.166606087,133.031719647
laser 003,circular_cone,2133.419983,145.000000,0.177299696,6.157077392,-132.923698565,713.529774949,6.155311912,132.928956868
laser 003,circular_cone,2133.332656,146.000000,0.199138591,6.148360643,-132.821994927,713.506690281,6.145607610,132.827067700
laser 003,circular_cone,2133.318320,147.000000,0.198012747,6.146942153,-132.724643607,713.506956913,6.144238155,132.729721823
laser 003,circular_cone,2133.381995,148.000000,0.172342728,6.153323703,-132.631933684,713.532180775,6.151776623,132.637221450
laser 003,circular_cone,2133.452298,149.000000,0.144586491,6.160368464,-132.539611367,713.559525917,6.160072470,132.545126033
laser 003,circular_cone,2133.440658,150.000000,0.142615576,6.159219462,-132.442413185,713.560651829,6.159010649,132.447940322
laser 003,circular_cone,2133.704153,151.000000,0.054057425,6.185586154,-132.361552046,713.649821793,6.189372921,132.367811706
laser 003,circular_cone,2133.796116,152.000000,0.019477889,6.194799850,-132.270489789,713.684104840,6.200145695,132.277033090
laser 003,circular_cone,2131.361283,279.000000,0.079220526,5.953313182,-119.871303249,713.511991607,5.955738983,119.876853180
laser 003,circular_cone,2130.022232,356.000000,0.080801396,5.820739900,-112.364744135,713.443027291,5.822961760,112.369981048
laser 003,circular_cone,2129.984207,357.000000,0.087352998,5.816959597,-112.266233972,713.435493170,5.818884024,112.271412522
laser 003,circular_cone,2129.930535,358.000000,0.098825223,5.811617996,-112.166939390,713.422956921,5.813022885,112.172018662
laser 003,circular_cone,2129.925364,359.000000,0.095048830,5.811116328,-112.070084761,713.425922010,5.812689967,112.075191545
laser 003,circular_cone,2129.978715,360.000000,0.072872573,5.816454622,-111.976166749,713.447591837,5.819027544,111.981454036
laser 003,circular_cone,2130.053262,361.000000,0.044030967,5.823908586,-111.883306191,713.476037410,5.827781650,111.888829402
laser 003,circular_cone,2130.112281,362.000000,0.020071642,5.829813324,-111.789660225,713.499519771,5.834766154,111.795378765
laser 003,circular_cone,2130.127572,363.000000,0.009864227,5.831353938,-111.693818764,713.509022383,5.836765804,111.699618288
laser 003,circular_cone,2130.079659,364.000000,0.019534579,5.826586375,-111.594813099,713.498317970,5.831560037,111.600528329
laser 003,circular_cone,2130.003478,365.000000,0.038094972,5.818997846,-111.494397805,713.478576318,5.823132027,111.499954822
laser 003,circular_cone,2129.945606,366.000000,0.050898151,5.813236872,-111.394902449,713.464687295,5.816791441,111.400349124
laser 003,circular_cone,2129.905971,367.000000,0.057967461,5.809296010,-111.296320929,713.456627148,5.812529781,111.301704937
laser 003,circular_cone,2129.864440,368.000000,0.065633837,5.805166059,-111.197647313,713.447960086,5.808052083,111.202963690
laser 003,circular_cone,2129.797100,369.000000,0.081415950,5.798460933,-111.097691082,713.431042949,5.800632884,111.102872347
laser 003,circular_cone,2129.753025,370.000000,0.089883712,5.794077470,-110.998897212,713.421561323,5.795865501,111.004004184
laser 003,circular_cone,2129.783161,371.000000,0.075019707,5.797098777,-110.903794965,713.435797771,5.799556035,110.909021641
laser 003,circular_cone,2129.856725,372.000000,0.046500923,5.804453735,-110.810846057,713.463915027,5.808196567,110.816305973
laser 003,circular_cone,2129.935018,373.000000,0.016494057,5.812281192,-110.718124659,713.493544948,5.817376768,110.723830188
laser 003,circular_cone,2129.966656,374.000000,0.001158429,5.815453047,-110.623082141,713.508260744,5.821239138,110.628911295
laser 003,circular_cone,2129.929796,375.000000,0.007364906,5.811788956,-110.524642169,713.501077889,5.817293199,110.530415832
laser 003,circular_cone,2129.870661,376.000000,0.020577022,5.805902073,-110.425101798,713.486773494,5.810808249,110.430761720
laser 003,circular_cone,2129.828083,377.000000,0.028583278,5.801667636,-110.326384375,713.477761157,5.806210727,110.331973842
laser 003,circular_cone,2129.816581,378.000000,0.026818589,5.800534293,-110.229205019,713.478681485,5.805155338,110.234805273
laser 003,circular_cone,2129.824283,379.000000,0.019016204,5.801317291,-110.132973590,713.485739423,5.806288819,110.138634833
laser 003,circular_cone,2129.833033,380.000000,0.010885264,5.802204889,-110.036792110,713.493131354,5.807541731,110.042517074
laser 003,circular_cone,2129.831036,381.000000,0.006134912,5.802020055,-109.940079190,713.497086772,5.807569619,109.945839766
laser 003,circular_cone,2129.812340,382.000000,0.006636947,5.800168829,-109.842543172,713.495702929,5.805694033,109.848295689
laser 003,circular_cone,2129.787792,383.000000,0.008980322,5.797733662,-109.744719836,713.492447311,5.803151394,109.750448984
laser 003,circular_cone,2129.776003,384.000000,0.007312572,5.796571711,-109.647524640,713.493269188,5.802063024,109.653263771
laser 003,circular_cone,2129.775148,385.000000,0.002207589,5.796500842,-109.550866298,713.497585160,5.802220885,109.556643990
laser 003,circular_cone,2129.754121,386.000000,0.003447091,5.794417071,-109.453217295,713.495451737,5.800079469,109.458980797
laser 003,circular_cone,2129.705056,387.000000,0.013504420,5.789535592,-109.354194745,713.484354702,5.794742327,109.359870740
laser 003,circular_cone,2129.660726,388.000000,0.022073598,5.785126739,-109.255407333,713.474770470,5.789944984,109.261008193
laser 003,circular_cone,2129.644121,389.000000,0.021925798,5.783484335,-109.157979219,713.474047379,5.788307555,109.163577425
laser 003,circular_cone,2129.622229,390.000000,0.023441556,5.781314427,-109.060293036,713.471633249,5.786067534,109.065874755
laser 003,circular_cone,2129.570588,391.000000,0.034312463,5.776176380,-108.961154825,713.459709345,5.780437102,108.966642273
laser 003,circular_cone,2129.515688,392.000000,0.046208737,5.770713382,-108.861861102,713.446743174,5.774435439,108.867245754
laser 003,circular_cone,2129.492161,393.000000,0.048241665,5.768380534,-108.764100494,713.443803425,5.772009134,108.769464360
laser 003,circular_cone,2129.498790,394.000000,0.040794195,5.769056266,-108.667809571,713.450500784,5.773019334,108.673231477
laser 003,circular_cone,2129.499413,395.000000,0.035236168,5.769132807,-108.571224748,713.455277479,5.773345059,108.576688983
laser 003,circular_cone,2129.568263,396.000000,0.008226223,5.776016474,-108.477955958,713.481860589,5.781446202,108.483640888
laser 003,circular_cone,2129.541536,397.000000,0.011270160,5.773364251,-108.380037356,713.477893174,5.778654890,108.385693094
laser 003,circular_cone,2129.520134,398.000000,0.012640776,5.771243354,-108.282378456,713.475626756,5.776470434,108.288018915
laser 003,circular_cone,2129.492994,399.000000,0.015816716,5.768550006,-108.184442125,713.471525213,5.773632039,108.190052296
laser 003,circular_cone,2129.460424,400.000000,0.020701064,5.765314969,-108.086244050,713.465687069,5.770174841,108.091809726
laser 003,circular_cone,2129.412924,401.000000,0.030280715,5.760590526,-107.987325167,713.455076094,5.765016303,107.992807311
laser 003,circular_cone,2129.360614,402.000000,0.041373437,5.755386404,-107.888176833,713.442927101,5.759309789,107.893562864
laser 003,circular_cone,2129.319011,403.000000,0.049100573,5.751250563,-107.789549295,713.434199330,5.754823471,107.794867197
laser 003,circular_cone,2129.311881,404.000000,0.045990426,5.750553668,-107.692588157,713.436487859,5.754265271,107.697928037
laser 003,circular_cone,2129.342711,405.000000,0.030946493,5.753643563,-107.597457078,713.450907260,5.758032526,107.602918161
laser 003,circular_cone,2129.380999,406.000000,0.013558171,5.757477610,-107.502681650,713.467709746,5.762649754,107.508283427
laser 003,circular_cone,2129.383428,407.000000,0.007445611,5.757734355,-107.406175694,713.473050272,5.763180716,107.411824413
laser 003,circular_cone,2129.370500,408.000000,0.006162857,5.756459040,-107.308929868,713.473481258,5.761961614,107.314585372
laser 003,circular_cone,2129.371907,409.000000,0.000373833,5.756613836,-107.212372914,713.478492925,5.762376025,107.218072670
laser 003,circular_cone,2129.404700,410.000000,-0.015283225,5.759899884,-107.117321590,713.493535532,5.766367109,107.123147647
laser 003,circular_cone,2129.439989,411.000000,-0.031724625,5.763435095,-107.022386147,713.509375411,5.770642761,107.028345026
laser 003,circular_cone,2129.446845,412.000000,-0.039224214,5.764133615,-106.926083969,713.516125873,5.771678108,106.932101322
laser 003,circular_cone,2129.423128,413.000000,-0.037108582,5.761781840,-106.828316244,713.513102428,5.769229151,106.834312127
laser 003,circular_cone,2129.377017,414.000000,-0.027949930,5.757195907,-106.729478275,713.502919759,5.764228130,106.735394128
laser 003,circular_cone,2129.331625,415.000000,-0.019016565,5.752681856,-106.630677676,713.492966139,5.759309160,106.636515372
laser 003,circular_cone,2129.291431,416.000000,-0.011716823,5.748686502,-106.532128203,713.484673140,5.754982627,106.537901326
laser 003,circular_cone,2129.257561,417.000000,-0.006404627,5.745322124,-106.433882870,713.478400520,5.751376783,106.439607945
laser 003,circular_cone,2129.240856,418.000000,-0.006488567,5.743670126,-106.336457485,713.477613095,5.749726888,106.342179378
laser 003,circular_cone,2129.250673,419.000000,-0.014910732,5.744663885,-106.240295321,713.485301469,5.751099120,106.246083360
laser 003,circular_cone,2129.287291,420.000000,-0.031759345,5.748331344,-106.145406251,713.501555290,5.755525403,106.151330499
laser 003,circular_cone,2129.300401,421.000000,-0.041215204,5.749653711,-106.049395654,713.510294400,5.757272903,106.055394643
laser 003,circular_cone,2129.232644,422.000000,-0.025241377,5.742908732,-105.949542785,713.493184409,5.749805217,105.955405082
laser 003,circular_cone,2129.167237,423.000000,-0.010006193,5.736398521,-105.849806382,713.476825304,5.742605641,105.855538127
laser 003,circular_cone,2129.117123,424.000000,0.000421010,5.731414074,-105.750799530,713.465353524,5.737148851,105.756440700
laser 003,circular_cone,2129.079232,425.000000,0.007005954,5.727648990,-105.652374792,713.457787407,5.733084855,105.657957333
laser 003,circular_cone,2129.054471,426.000000,0.009463741,5.725193630,-105.554573432,713.454416534,5.730516874,105.560131660
laser 003,circular_cone,2129.030003,427.000000,0.011830488,5.722767533,-105.456787024,713.451138228,5.727982265,105.462321697
laser 003,circular_cone,2128.997400,428.000000,0.016755925,5.719530090,-105.358617594,713.445259079,5.724520818,105.364107437
laser 003,circular_cone,2128.960699,429.000000,0.022970731,5.715883996,-105.260256659,713.438069340,5.720592520,105.265690950
laser 003,circular_cone,2128.947204,430.000000,0.021890900,5.714552442,-105.162991519,713.438294513,5.719308027,105.168430911
laser 003,circular_cone,2128.965898,431.000000,0.010692252,5.716431323,-105.067242095,713.448805300,5.721690709,105.072770721
laser 003,circular_cone,2128.978032,432.000000,0.001556948,5.717655967,-104.971181419,713.457218732,5.723326020,104.976782122
laser 003,circular_cone,2128.955102,433.000000,0.003446885,5.715383372,-104.873470672,713.454425231,5.720966438,104.879051784
laser 003,circular_cone,2128.910472,434.000000,0.012160254,5.710946546,-104.774741974,713.444695885,5.716134632,104.780246763
laser 003,circular_cone,2128.870496,435.000000,0.019411319,5.706974013,-104.676234469,713.436452981,5.711833123,104.681675093
laser 003,circular_cone,2128.856263,436.000000,0.018570246,5.705568930,-104.578935853,713.436435578,5.710464326,104.584379593
laser 003,circular_cone,2128.882311,437.000000,0.005066467,5.708181156,-104.483523451,713.449289516,5.713684404,104.489075591
laser 003,circular_cone,2128.920575,438.000000,-0.012277373,5.712011863,-104.388679253,713.466046762,5.718296294,104.394371720
laser 003,circular_cone,2128.917246,439.000000,-0.016543324,5.711694279,-104.291886759,713.469510675,5.718169588,104.297610818
laser 003,circular_cone,2128.873743,440.000000,-0.008177207,5.707369902,-104.193217625,713.460134470,5.713465907,104.198868249
laser 003,circular_cone,2128.816801,441.000000,0.004414846,5.701705385,-104.093924376,713.446462769,5.707231337,104.099466429
laser 003,circular_cone,2128.789697,442.000000,0.007626999,5.699016747,-103.996025650,713.442325493,5.704396033,104.001537121
laser 003,circular_cone,2128.796625,443.000000,0.000141083,5.699722077,-103.899712757,713.449062486,5.705437585,103.905282593
laser 003,circular_cone,2128.806370,444.000000,-0.008229460,5.700708367,-103.803529258,713.456698675,5.706800027,103.809164814
laser 003,circular_cone,2128.795966,445.000000,-0.010264189,5.699685209,-103.706407461,713.457894733,5.705867036,103.712056059
laser 003,circular_cone,2128.759070,446.000000,-0.003968900,5.696020059,-103.608055499,713.450623646,5.701916057,103.613647881
laser 003,circular_cone,2128.714111,447.000000,0.004862197,5.691550929,-103.509331733,713.440775043,5.697046637,103.514846815
laser 003,circular_cone,2128.685264,448.000000,0.008628944,5.688688644,-103.411357504,713.436074197,5.694012656,103.416837393
laser 003,circular_cone,2128.687388,449.000000,0.002660241,5.688914862,-103.314818590,713.441269079,5.694506614,103.320344230
laser 003,circular_cone,2128.707693,450.000000,-0.009023237,5.690954164,-103.219119391,713.452272801,5.697071608,103.224738297
laser 003,circular_cone,2128.701510,451.000000,-0.012378226,5.690352003,-103.122193356,713.454810959,5.696619211,103.127836283
laser 003,circular_cone,2128.658314,452.000000,-0.004095713,5.686058815,-103.023558034,713.445520119,5.691950496,103.029128223
laser 003,circular_cone,2128.610013,453.000000,0.005792525,5.681256702,-102.924690022,713.434597173,5.686700379,102.930174123
laser 003,circular_cone,2128.564828,454.000000,0.014701973,5.676765465,-102.825968802,713.424669166,5.681805319,102.831374954
laser 003,circular_cone,2128.521336,455.000000,0.023080044,5.672443184,-102.727328451,713.415281323,5.677103200,102.732661071
laser 003,circular_cone,2128.511850,456.000000,0.020769221,5.671511718,-102.630254713,713.416758264,5.676274368,102.635602673
laser 003,circular_cone,2128.523093,457.000000,0.011943213,5.672647156,-102.534133135,713.424857583,5.677806521,102.539550603
laser 003,circular_cone,2128.513831,458.000000,0.009564212,5.671738032,-102.437068332,713.426403847,5.677003109,102.442501707
laser 003,circular_cone,2128.474384,459.000000,0.016675221,5.667819189,-102.338619091,713.418304027,5.672761623,102.343989470
laser 003,circular_cone,2128.495140,460.000000,0.004862090,5.669903152,-102.242930355,713.429439624,5.675377134,102.248395079
laser 003,circular_cone,2128.456720,461.000000,0.011652559,5.666086744,-102.144530274,713.421665670,5.671252550,102.149934667
laser 003,circular_cone,2128.455896,462.000000,0.006625545,5.666018988,-102.047851625,713.425903566,5.671410033,102.053293941
laser 003,circular_cone,2128.482754,463.000000,-0.007102640,5.668711396,-101.952436621,713.438985714,5.674720431,101.957989205
laser 003,circular_cone,2128.464104,464.000000,-0.006523594,5.666866231,-101.854941243,713.437525384,5.672847462,101.860485141
laser 003,circular_cone,2128.529040,465.000000,-0.032220984,5.673355619,-101.761257816,713.462773511,5.680495102,101.767011496
laser 003,circular_cone,2128.569301,466.000000,-0.050160911,5.677384840,-101.666443752,713.480136607,5.685332422,101.672342716
laser 003,circular_cone,2128.570664,467.000000,-0.055870434,5.677535259,-101.569854755,713.485068232,5.685738889,101.575797316
laser 003,circular_cone,2128.505970,468.000000,-0.040810406,5.671098607,-101.470260933,713.468888928,5.678620796,101.476074411
laser 003,circular_cone,2128.465446,469.000000,-0.033348627,5.667072289,-101.371769729,713.460432814,5.674256004,101.377517296
laser 003,circular_cone,2128.410208,470.000000,-0.021260232,5.661578978,-101.272613335,713.447274087,5.668215386,101.278256526
laser 003,circular_cone,2128.403039,471.000000,-0.024282558,5.660878629,-101.175639995,713.449474450,5.667649792,101.181304442
laser 003,circular_cone,2128.400500,472.000000,-0.028759322,5.660639931,-101.078875941,713.453153165,5.667611500,101.084573738
laser 003,circular_cone,2128.381343,473.000000,-0.028010659,5.658744306,-100.981359121,713.451520604,5.665680417,100.987046822
laser 003,circular_cone,2128.345174,474.000000,-0.021912804,5.655152529,-100.883073915,713.444450992,5.661811733,100.888707047
laser 003,circular_cone,2128.314063,475.000000,-0.017404024,5.652065131,-100.785019264,713.438996596,5.658519156,100.790611038
laser 003,circular_cone,2128.305176,476.000000,-0.019880564,5.651193534,-100.687968950,713.440642301,5.657757681,100.693577444
laser 003,circular_cone,2128.304394,477.000000,-0.024903909,5.651130023,-100.591283684,713.444876660,5.657919248,100.596930073
laser 003,circular_cone,2128.294263,478.000000,-0.026987124,5.650134409,-100.494176469,713.446122607,5.657016003,100.499836307
laser 003,circular_cone,2128.274901,479.000000,-0.026167287,5.648218469,-100.396653834,713.444417842,5.655061395,100.402302987
laser 003,circular_cone,2128.256477,480.000000,-0.025641205,5.646396069,-100.299174006,713.443011679,5.653213587,100.304814915
laser 003,circular_cone,2128.250993,481.000000,-0.029181868,5.645863785,-100.202275725,713.445739064,5.652839459,100.207942202
laser 003,circular_cone,2128.265662,482.000000,-0.039056915,5.647340754,-100.106280851,713.454904853,5.654760503,100.112025560
laser 003,circular_cone,2128.292697,483.000000,-0.052818682,5.650050692,-100.010837845,713.468021176,5.658089953,100.016693102
laser 003,circular_cone,2128.306039,484.000000,-0.062274761,5.651395458,-99.914778451,713.476761109,5.659859884,99.920708458
laser 003,circular_cone,2128.273317,485.000000,-0.057247736,5.648147462,-99.816656559,713.470780183,5.656383319,99.822540901
laser 003,circular_cone,2128.201710,486.000000,-0.039995255,5.641022759,-99.716799075,713.452373155,5.648478221,99.722536109
laser 003,circular_cone,2128.141542,487.000000,-0.026338528,5.635038824,-99.617457519,713.437620964,5.641876194,99.623077141
laser 003,circular_cone,2128.123171,488.000000,-0.025820102,5.633221858,-99.519984001,713.436222760,5.640034169,99.525595444
laser 003,circular_cone,2128.135958,489.000000,-0.035095259,5.634511086,-99.423899066,713.444778886,5.641740397,99.429583755
laser 003,circular_cone,2128.156065,490.000000,-0.046670633,5.636530113,-99.328137785,713.455672974,5.644280250,99.333914845
laser 003,circular_cone,2128.172501,491.000000,-0.057091082,5.638183216,-99.232210529,713.465393181,5.646402050,99.238070356
laser 003,circular_cone,2128.186162,492.000000,-0.066638207,5.639559706,-99.136157566,713.474225730,5.648207816,99.142092901
laser 003,circular_cone,2128.188099,493.000000,-0.072498470,5.639767356,-99.039582114,713.479310928,5.648678328,99.045562303
laser 003,circular_cone,2128.159084,494.000000,-0.068626705,5.636889156,-98.941633238,713.474504450,5.645623708,98.947577369
laser 003,circular_cone,2128.099816,495.000000,-0.055243099,5.630994986,-98.842346011,713.460030131,5.639123778,98.848175002
laser 003,circular_cone,2128.042689,496.000000,-0.042532023,5.625314510,-98.743157734,713.446239428,5.632867899,98.748877177
laser 003,circular_cone,2128.014436,497.000000,-0.038896908,5.622512560,-98.645249650,713.441673598,5.629900213,98.650935003
laser 003,circular_cone,2128.002596,498.000000,-0.040420178,5.621346778,-98.548067712,713.442350780,5.628801532,98.553761863
laser 003,circular_cone,2127.986210,499.000000,-0.040513263,5.619727842,-98.450685245,713.441574343,5.627185143,98.456376303
laser 003,circular_cone,2127.972400,500.000000,-0.041414986,5.618365706,-98.353416693,713.441619825,5.625862054,98.359111381
laser 003,circular_cone,2127.973768,501.000000,-0.047086831,5.618516572,-98.256816504,713.446513661,5.626267279,98.262554481
laser 003,circular_cone,2127.984665,502.000000,-0.055753135,5.619617345,-98.160634266,713.454451059,5.627757574,98.166440428
laser 003,circular_cone,2128.002190,503.000000,-0.066502091,5.621378873,-98.064741290,713.464505254,5.630002631,98.070632953
laser 003,circular_cone,2128.028706,504.000000,-0.080076749,5.624036765,-97.969240461,713.477431467,5.633271597,97.975241118
laser 003,circular_cone,2128.052290,505.000000,-0.092728893,5.626402455,-97.873607763,713.489420033,5.636206722,97.879709744
laser 003,circular_cone,2128.037606,506.000000,-0.093348950,5.624953150,-97.776295451,713.489179291,5.634783753,97.782398722
laser 003,circular_cone,2127.984992,507.000000,-0.082043264,5.619722642,-97.677323340,713.476817373,5.629041281,97.683328748
laser 003,circular_cone,2127.930233,508.000000,-0.070062585,5.614278517,-97.578261075,713.463769450,5.623054726,97.584163010
laser 003,circular_cone,2127.899375,509.000000,-0.065594765,5.611217066,-97.480246513,713.458357548,5.619789957,97.486107437
laser 003,circular_cone,2127.898530,510.000000,-0.070560820,5.611147377,-97.383543154,713.462534132,5.619942773,97.389441501
laser 003,circular_cone,2127.905381,511.000000,-0.077945158,5.611844850,-97.287174310,713.469168631,5.620971907,97.293130185
laser 003,circular_cone,2127.880152,512.000000,-0.075243429,5.609344539,-97.189406893,713.465551825,5.618347996,97.195336441
laser 003,circular_cone,2127.817395,513.000000,-0.060743394,5.603103578,-97.090008166,713.449943463,5.611450889,97.095813295
laser 003,circular_cone,2127.776644,514.000000,-0.053160337,5.599056287,-96.991570251,713.441365442,5.607059669,96.997308470
laser 003,circular_cone,2127.774852,515.000000,-0.057822815,5.598892200,-96.894826151,713.445233570,5.607104386,96.900599270
laser 003,circular_cone,2127.775795,516.000000,-0.063343932,5.599000727,-96.798199799,713.449974410,5.607460474,96.804014955
laser 003,circular_cone,2127.737375,517.000000,-0.056490237,5.595185866,-96.699866946,713.442137784,5.603334606,96.705621257
laser 003,circular_cone,2127.659225,518.000000,-0.037147246,5.587411390,-96.599816984,713.421607379,5.594685387,96.605406614
laser 003,circular_cone,2127.600837,519.000000,-0.024015722,5.581606840,-96.500627337,713.407390219,5.588286465,96.506103929
laser 003,circular_cone,2127.554031,520.000000,-0.014523890,5.576956751,-96.401942038,713.396872400,5.583206291,96.407335852
laser 003,circular_cone,2127.500673,521.000000,-0.002972022,5.571653904,-96.302977175,713.384260860,5.577380374,96.308271084
laser 003,circular_cone,2127.529401,522.000000,-0.017218334,5.574531191,-96.207553805,713.397869892,5.580899059,96.212962294
laser 003,circular_cone,2127.505937,523.000000,-0.015059712,5.572207393,-96.109879728,713.394805432,5.578476180,96.115266406
laser 003,circular_cone,2127.489578,524.000000,-0.015133063,5.570591654,-96.012512281,713.394009506,5.576862107,96.017895706
laser 003,circular_cone,2127.483887,525.000000,-0.018558208,5.570039011,-95.915603629,713.396620255,5.576462421,95.921011668
laser 003,circular_cone,2127.490423,526.000000,-0.025825204,5.570704822,-95.819219306,713.403135745,5.577454602,95.824683900
laser 003,circular_cone,2127.502073,527.000000,-0.034698541,5.571880283,-95.723052709,713.411283867,5.579028939,95.728587212
laser 003,circular_cone,2127.457493,528.000000,-0.025897245,5.567452271,-95.624475222,713.401468136,5.574202015,95.629932690
laser 003,circular_cone,2127.460140,529.000000,-0.031938531,5.567730545,-95.527921703,713.406737889,5.574751334,95.533425535
laser 003,circular_cone,2127.515746,530.000000,-0.054624693,5.573286439,-95.433631118,713.428924855,5.581329582,95.439319699
laser 003,circular_cone,2127.478431,531.000000,-0.048103031,5.569582326,-95.335366027,713.421426125,5.577329455,95.340996525
laser 003,circular_cone,2127.474553,532.000000,-0.052090183,5.569210400,-95.238529815,713.424608157,5.577135857,95.244189600
laser 003,circular_cone,2127.495951,533.000000,-0.064021123,5.571357374,-95.142770280,713.435863929,5.579819721,95.148525396
laser 003,circular_cone,2127.485637,534.000000,-0.065983051,5.570344075,-95.045657564,713.436987626,5.578893338,95.051425129
laser 003,circular_cone,2127.436629,535.000000,-0.055781331,5.565474771,-94.946898825,713.425748756,5.573561912,94.952577713
laser 003,circular_cone,2127.393851,536.000000,-0.047537007,5.561226454,-94.848408111,713.416499339,5.568939826,94.854014596
laser 003,circular_cone,2127.384177,537.000000,-0.049696636,5.560276988,-94.751325300,713.417824047,5.568086199,94.756945879
laser 003,circular_cone,2127.383951,538.000000,-0.054824762,5.560269009,-94.654642947,713.422165809,5.568308052,94.660302299
laser 003,circular_cone,2127.362437,539.000000,-0.053260634,5.558139721,-94.557057828,713.419705906,5.566106522,94.562700316
laser 003,circular_cone,2127.333074,540.000000,-0.049228378,5.555228341,-94.459141433,713.414737550,5.563011498,94.464746537
laser 003,circular_cone,2127.318503,541.000000,-0.049844263,5.553790954,-94.361851879,713.414493352,5.561600271,94.367458242
laser 003,circular_cone,2127.319052,542.000000,-0.055211350,5.553860206,-94.265201076,713.419078042,5.561910142,94.270848200
laser 003,circular_cone,2127.327712,543.000000,-0.063126749,5.554737698,-94.168891384,713.426252706,5.563143277,94.174600455
laser 003,circular_cone,2127.329523,544.000000,-0.068888339,5.554932729,-94.072291298,713.431238361,5.563596733,94.078044410
laser 003,circular_cone,2127.305343,545.000000,-0.066479335,5.552537856,-93.974595836,713.427919899,5.561091486,93.980325060
laser 003,circular_cone,2127.251658,546.000000,-0.054795532,5.547203069,-93.875660659,713.415175100,5.555227685,93.881288886
laser 003,circular_cone,2127.180349,547.000000,-0.037572010,5.540112512,-93.775988860,713.396800111,5.547358064,93.781470035
laser 003,circular_cone,2127.136262,548.000000,-0.028903544,5.535734492,-93.677464705,713.387120025,5.542587135,93.682869953
laser 003,circular_cone,2127.136066,549.000000,-0.034028137,5.535729488,-93.580783292,713.391458390,5.542811806,93.586227286
laser 003,circular_cone,2127.133509,550.000000,-0.038409596,5.535489259,-93.484002015,713.395041491,5.542767710,93.489478577
laser 003,circular_cone,2127.101600,551.000000,-0.033565073,5.532324655,-93.385992071,713.389247909,5.539382801,93.391424498
laser 003,circular_cone,2127.054487,552.000000,-0.023941323,5.527645388,-93.287348571,713.378597069,5.534267508,93.292697129
laser 003,circular_cone,2127.032986,553.000000,-0.022365696,5.525517851,-93.189777333,713.376125848,5.532067216,93.195108933
laser 003,circular_cone,2127.038689,554.000000,-0.029338310,5.526100536,-93.093341367,713.382342501,5.532962993,93.098727078
laser 003,circular_cone,2127.050952,555.000000,-0.038371531,5.527336793,-92.997177176,713.390653418,5.534605354,93.002634129
laser 003,circular_cone,2127.062758,556.000000,-0.047260145,5.528527555,-92.900991907,713.398817365,5.536195692,92.906518899
laser 003,circular_cone,2127.082709,557.000000,-0.058707694,5.530529844,-92.805143224,713.409582031,5.538713062,92.810761531
laser 003,circular_cone,2127.104487,558.000000,-0.070728620,5.532714229,-92.709367703,713.420929428,5.541438408,92.715082091
laser 003,circular_cone,2127.110717,559.000000,-0.077861803,5.533349552,-92.612944263,713.427309280,5.542394074,92.618714096
laser 003,circular_cone,2127.096369,560.000000,-0.078526027,5.531934606,-92.515666445,713.427114574,5.541007477,92.521437943
laser 003,circular_cone,2127.066800,561.000000,-0.074405055,5.529003166,-92.417758722,713.422056581,5.537888396,92.423492102
laser 003,circular_cone,2123.961132,767.000000,-0.139261385,5.222922073,-72.379407417,713.309251281,5.234406846,72.384888700
laser 003,circular_cone,2124.004556,768.000000,-0.157832269,5.227256073,-72.284062166,713.327255301,5.239577530,72.289693998
laser 003,circular_cone,2123.926290,769.000000,-0.138175828,5.219487402,-72.184779789,713.306417663,5.230920074,72.190244399
laser 003,circular_cone,2123.851965,770.000000,-0.119757317,5.212111126,-72.085630568,713.286837917,5.222710889,72.090938248
laser 003,circular_cone,2123.806665,771.000000,-0.110455079,5.207621539,-71.987422262,713.276520985,5.217799875,71.992648792
laser 003,circular_cone,2123.769784,772.000000,-0.103796236,5.203969274,-71.889487896,713.268889963,5.213845499,71.894655250
laser 003,circular_cone,2123.730172,773.000000,-0.096278653,5.200045547,-71.791468042,713.260386442,5.209580901,71.796569082
laser 003,circular_cone,2123.696321,774.000000,-0.090569458,5.196694766,-71.693635580,713.253720400,5.205970875,71.698685338
laser 003,circular_cone,2123.692954,775.000000,-0.094433249,5.196375153,-71.596782057,713.256781146,5.205824113,71.601860110
laser 003,circular_cone,2123.708265,776.000000,-0.104162206,5.197912784,-71.500525661,713.265801273,5.207799332,71.505680763
laser 003,circular_cone,2123.728007,777.000000,-0.115281914,5.199891068,-71.404408624,713.276234485,5.210277979,71.409652336
laser 003,circular_cone,2123.743520,778.000000,-0.125072411,5.201448887,-71.308153952,713.285317135,5.212276164,71.313475226
laser 003,circular_cone,2123.699486,779.000000,-0.116158523,5.197085488,-71.209998867,713.275395048,5.207508871,71.215242221
laser 003,circular_cone,2123.589846,780.000000,-0.086638979,5.186199059,-71.109758459,713.244536493,5.195288470,71.114752607
laser 003,circular_cone,2123.526303,781.000000,-0.071597164,5.179896541,-71.010992030,713.228388206,5.188305462,71.015857319
laser 003,circular_cone,2123.542778,782.000000,-0.081683883,5.181549705,-70.914770033,713.237771926,5.190412364,70.919715347
laser 003,circular_cone,2123.591260,783.000000,-0.101821929,5.186385269,-70.819560261,713.257368323,5.196155356,70.824669151
laser 003,circular_cone,2123.603236,784.000000,-0.110493965,5.187591262,-70.723189743,713.265314635,5.197751233,70.728366898
laser 003,circular_cone,2123.569573,785.000000,-0.104830845,5.184259442,-70.625374456,713.258695706,5.194162251,70.630500715
laser 003,circular_cone,2123.530909,786.000000,-0.097596052,5.180430481,-70.527403287,713.250479914,5.190005188,70.532465585
laser 003,circular_cone,2123.519770,787.000000,-0.099004752,5.179338229,-70.430302256,713.251046367,5.188974977,70.435372442
laser 003,circular_cone,2123.535558,788.000000,-0.108869148,5.180923188,-70.334048944,713.260204219,5.191003642,70.339197307
laser 003,circular_cone,2123.552878,789.000000,-0.119213747,5.182660518,-70.237841491,713.269849979,5.193206353,70.243072022
laser 003,circular_cone,2123.566639,790.000000,-0.128439572,5.184044033,-70.141519862,713.278359011,5.195004752,70.146823261
laser 003,circular_cone,2123.562988,791.000000,-0.132195458,5.183696311,-70.044650176,713.281310347,5.194825017,70.049980976
laser 003,circular_cone,2123.521604,792.000000,-0.124098809,5.179596887,-69.946598466,713.272219025,5.190358592,69.951858141
laser 003,circular_cone,2123.469401,793.000000,-0.112603304,5.174421936,-69.848211183,713.259674369,5.184663225,69.853371481
laser 003,circular_cone,2123.436262,794.000000,-0.107094315,5.171142506,-69.750422710,713.253212297,5.181133595,69.755533395
laser 003,circular_cone,2123.411939,795.000000,-0.104353007,5.168739618,-69.652911029,713.249562332,5.178605431,69.657995107
laser 003,circular_cone,2123.462036,796.000000,-0.124983346,5.173735567,-69.557717454,713.269658853,5.184531032,69.562969201
laser 003,circular_cone,2123.433856,797.000000,-0.121028128,5.170949168,-69.460084934,713.264775540,5.181564566,69.465299983
laser 003,circular_cone,2123.426812,798.000000,-0.123709992,5.170264159,-69.363110123,713.266635763,5.180999068,69.368343646
laser 003,circular_cone,2123.424892,799.000000,-0.128000003,5.170088589,-69.266293838,713.270129932,5.181015597,69.271559201
laser 003,circular_cone,2123.401480,800.000000,-0.125538749,5.167776290,-69.168811377,713.266764610,5.178590665,69.174052462
laser 003,circular_cone,2123.349904,801.000000,-0.114231016,5.162664065,-69.070459301,713.254411020,5.172966504,69.075602571
laser 003,circular_cone,2123.298239,802.000000,-0.102894598,5.157543192,-68.972108060,713.242028333,5.167332400,68.977153278
laser 003,circular_cone,2123.262121,803.000000,-0.096439844,5.153968009,-68.874239664,713.234605606,5.163464331,68.879227409
laser 003,circular_cone,2123.223603,804.000000,-0.089230389,5.150154345,-68.776299601,713.226416120,5.159323717,68.781223599
laser 003,circular_cone,2123.174545,805.000000,-0.078710111,5.145293093,-68.678037985,713.214862791,5.153986073,68.682870715
laser 003,circular_cone,2123.134387,806.000000,-0.070983787,5.141316661,-68.580052896,713.206148235,5.149659362,68.584817583
laser 003,circular_cone,2123.121310,807.000000,-0.071760300,5.140032101,-68.482900388,713.206072804,5.148408315,68.487667712
laser 003,circular_cone,2123.139998,808.000000,-0.082510514,5.141904944,-68.386720287,713.216130896,5.150764854,68.391573154
laser 003,circular_cone,2123.184189,809.000000,-0.101268712,5.146312922,-68.291317128,713.234325266,5.156017986,68.296322102
laser 003,circular_cone,2123.237801,810.000000,-0.122985354,5.151657660,-68.196196818,713.255525451,5.162341413,68.201378492
laser 003,circular_cone,2123.287290,811.000000,-0.143407075,5.156592829,-68.100945334,713.275409940,5.168196823,68.106292944
laser 003,circular_cone,2123.314599,812.000000,-0.156862132,5.159323179,-68.005013552,713.288216148,5.171532959,68.010469188
laser 003,circular_cone,2123.284554,813.000000,-0.152302069,5.156351638,-67.907335167,713.282718688,5.168354057,67.912749080
laser 003,circular_cone,2123.189413,814.000000,-0.127296315,5.146908974,-67.807682788,713.256448130,5.157781174,67.812885027
laser 003,circular_cone,2123.082915,815.000000,-0.098724844,5.136338168,-67.707693777,713.226554836,5.145919204,67.712654702
laser 003,circular_cone,2123.044457,816.000000,-0.091520340,5.132530915,-67.609772081,713.218370743,5.141785229,67.614669302
laser 003,circular_cone,2123.072810,817.000000,-0.105295320,5.135364453,-67.513871533,713.231502087,5.145238995,67.518879440
laser 003,circular_cone,2123.098978,818.000000,-0.118383377,5.137980909,-67.417901683,713.243935498,5.148444675,67.423014566
laser 003,circular_cone,2123.088733,819.000000,-0.120035054,5.136977936,-67.320831488,713.244749434,5.147514722,67.325954284
laser 003,circular_cone,2123.042290,820.000000,-0.110317822,5.132376953,-67.222672165,713.234012486,5.142473601,67.227710373
laser 003,circular_cone,2122.976126,821.000000,-0.094406852,5.125816015,-67.123923525,713.216982704,5.135192959,67.128825659
laser 003,circular_cone,2122.912536,822.000000,-0.079303785,5.119511236,-67.025256985,713.200773818,5.128204942,67.030029762
laser 003,circular_cone,2122.865131,823.000000,-0.069282312,5.114815260,-66.927079869,713.189727909,5.123055097,66.931765528
laser 003,circular_cone,2122.842248,824.000000,-0.066959710,5.112556441,-66.829639358,713.186504124,5.120689913,66.834301895
laser 003,circular_cone,2122.867494,825.000000,-0.079748396,5.115080785,-66.733637252,713.198633461,5.123789971,66.738402278
laser 003,circular_cone,2122.908650,826.000000,-0.097532310,5.119186468,-66.638106525,713.215837943,5.128696838,66.643015561
laser 003,circular_cone,2122.935289,827.000000,-0.110757011,5.121849491,-66.542139014,713.228410245,5.131955255,66.547154163
laser 003,circular_cone,2122.950365,828.000000,-0.120349696,5.123363333,-66.445824417,713.237292417,5.133900554,66.450915488
laser 003,circular_cone,2122.954408,829.000000,-0.126476548,5.123780612,-66.349179955,713.242653311,5.134592852,66.354318140
laser 003,circular_cone,2122.935976,830.000000,-0.125544142,5.121964049,-66.251867785,713.240842036,5.132732676,66.256994405
laser 003,circular_cone,2122.893941,831.000000,-0.117198375,5.117801613,-66.153857456,713.231498852,5.128192011,66.158910889
laser 003,circular_cone,2122.862787,832.000000,-0.112268594,5.114720725,-66.056171536,713.225626328,5.124887081,66.061180177
laser 003,circular_cone,2122.852593,833.000000,-0.113919691,5.113723017,-65.959106111,713.226439958,5.123962371,65.964124663
laser 003,circular_cone,2122.850678,834.000000,-0.118169453,5.113548135,-65.862284661,713.229893824,5.123977785,65.867334724
laser 003,circular_cone,2122.835935,835.000000,-0.118389663,5.112098339,-65.765084872,713.229253721,5.122536404,65.770132951
laser 003,circular_cone,2122.792582,836.000000,-0.109624447,5.107805203,-65.667044614,713.219484548,5.117846107,65.672016021
laser 003,circular_cone,2122.720640,837.000000,-0.091881158,5.100671104,-65.568168309,713.200593813,5.109909605,65.572988416
laser 003,circular_cone,2122.648690,838.000000,-0.074135190,5.093536614,-65.469297181,713.181700421,5.101972592,65.473965965
laser 003,circular_cone,2122.629695,839.000000,-0.073015727,5.091664488,-65.371980589,713.179699368,5.100048413,65.376636256
laser 003,circular_cone,2122.653258,840.000000,-0.085257826,5.094021362,-65.275907877,713.191273467,5.102956335,65.280661490
laser 003,circular_cone,2122.679190,841.000000,-0.098242969,5.096613737,-65.179901305,713.203602477,5.106133297,65.184759041
laser 003,circular_cone,2122.700489,842.000000,-0.109772493,5.098745794,-65.083756626,713.214452597,5.108784239,65.088706385
laser 003,circular_cone,2122.731855,843.000000,-0.124462433,5.101878376,-64.987901968,713.228513628,5.112578358,64.992970021
laser 003,circular_cone,2122.745461,844.000000,-0.133574424,5.103246056,-64.891527907,713.236907570,5.114355803,64.896667888
laser 003,circular_cone,2122.715606,845.000000,-0.129037141,5.100294561,-64.793891455,713.231434155,5.111197988,64.798989910
laser 003,circular_cone,2122.645881,846.000000,-0.111978863,5.093381027,-64.695102315,713.213239740,5.103512974,64.700055165
laser 003,circular_cone,2122.534625,847.000000,-0.081880009,5.082341096,-64.595117857,713.181796490,5.091112952,64.599816708
laser 003,circular_cone,2122.482887,848.000000,-0.070469317,5.077215734,-64.496860140,713.169340016,5.085471026,64.501460331
laser 003,circular_cone,2122.416668,849.000000,-0.054511432,5.070651807,-64.398188723,713.152263769,5.078185290,64.402652458
laser 003,circular_cone,2122.409503,850.000000,-0.057093256,5.069955350,-64.301221343,713.154023397,5.077603849,64.305702727
laser 003,circular_cone,2122.443117,851.000000,-0.072477133,5.073310551,-64.205425249,713.168789542,5.081651912,64.210030696
laser 003,circular_cone,2122.501336,852.000000,-0.095586082,5.079110712,-64.110331238,713.191404106,5.088493621,64.115124960
laser 003,circular_cone,2122.478441,853.000000,-0.093225428,5.076851288,-64.012907698,713.188142341,5.086126127,64.017677987
laser 003,circular_cone,2122.479469,854.000000,-0.098375176,5.076968929,-63.916169460,713.192510920,5.086474694,63.920978744
laser 003,circular_cone,2122.494843,855.000000,-0.108028396,5.078512057,-63.819839910,713.201454879,5.088452021,63.824725622
laser 003,circular_cone,2122.461614,856.000000,-0.102419265,5.075225834,-63.722122124,713.194892837,5.084911101,63.726957402
laser 003,circular_cone,2122.455397,857.000000,-0.105290616,5.074623621,-63.625175382,713.196946684,5.084436976,63.630030718
laser 003,circular_cone,2122.471411,858.000000,-0.115141323,5.076230355,-63.528860250,713.206091304,5.086486824,63.533793656
laser 003,circular_cone,2122.483117,859.000000,-0.123638303,5.077409070,-63.432420513,713.213860588,5.088047551,63.437420737
laser 003,circular_cone,2122.482449,860.000000,-0.128248634,5.077358262,-63.335628108,713.217681198,5.088203323,63.340662844
laser 003,circular_cone,2122.407161,861.000000,-0.109426725,5.069893006,-63.236723139,713.197695646,5.079886989,63.241597615
laser 003,circular_cone,2122.411498,862.000000,-0.115606082,5.070339486,-63.140073616,713.203110367,5.080610872,63.144995646
laser 003,circular_cone,2122.400354,863.000000,-0.116923262,5.069247783,-63.042986033,713.203585339,5.079577108,63.047915202
laser 003,circular_cone,2122.430817,864.000000,-0.131304089,5.072290214,-62.947070494,713.217332398,5.083267131,62.952115389
laser 003,circular_cone,2122.354892,865.000000,-0.112277499,5.064761894,-62.848159200,713.197139074,5.074878496,62.853042135
laser 003,circular_cone,2122.280060,866.000000,-0.093594053,5.057342616,-62.749284365,713.177294436,5.066614392,62.754008193
laser 003,circular_cone,2122.213630,867.000000,-0.077548422,5.050758473,-62.650650742,713.160129756,5.059304486,62.655237388
laser 003,circular_cone,2122.153222,868.000000,-0.063393026,5.044772897,-62.552190585,713.144885519,5.052678467,62.556655762
laser 003,circular_cone,2122.113869,869.000000,-0.055847030,5.040879127,-62.454323182,713.136356146,5.048442582,62.458721828
laser 003,circular_cone,2122.107990,870.000000,-0.058808751,5.040310632,-62.357392256,713.138502098,5.048006258,62.361811712
laser 003,circular_cone,2122.123470,871.000000,-0.068474851,5.041863908,-62.261055939,713.147459350,5.049994321,62.265551933
laser 003,circular_cone,2122.122204,872.000000,-0.072882503,5.041753682,-62.164251546,713.151074309,5.050081532,62.168780369
laser 003,circular_cone,2122.091219,873.000000,-0.067958718,5.038691227,-62.066620964,713.145209066,5.046795322,62.071105052
laser 003,circular_cone,2122.046786,874.000000,-0.058812003,5.034292994,-61.968619264,713.135053605,5.041982725,61.973023517
laser 003,circular_cone,2122.017512,875.000000,-0.054423258,5.031400662,-61.871040169,713.129732004,5.038890789,61.875404136
laser 003,circular_cone,2122.023556,876.000000,-0.061120851,5.032016560,-61.774438885,713.135673487,5.039807487,61.778854716
laser 003,circular_cone,2122.028643,877.000000,-0.067516903,5.032537417,-61.677809733,713.141308628,5.040615533,61.682274921
laser 003,circular_cone,2122.016595,878.000000,-0.068532418,5.031356211,-61.580707065,713.141477487,5.039478656,61.585176888
laser 003,circular_cone,2122.006411,879.000000,-0.070131931,5.030360174,-61.483655786,713.142239670,5.038553308,61.488135098
laser 003,circular_cone,2121.997761,880.000000,-0.072211844,5.029516524,-61.386646589,713.143489925,5.037802031,61.391139383
laser 003,circular_cone,2121.960739,881.000000,-0.065383476,5.025854678,-61.288859150,713.135689975,5.033830466,61.293291379
laser 003,circular_cone,2121.895367,882.000000,-0.049654339,5.019377061,-61.190297824,713.118847483,5.026641379,61.194595507
laser 003,circular_cone,2121.843246,883.000000,-0.038084406,5.014215853,-61.092103514,713.106230516,5.020956434,61.096301222
laser 003,circular_cone,2121.811321,884.000000,-0.032853279,5.011060645,-60.994463979,713.100053382,5.017563603,60.998614400
laser 003,circular_cone,2121.787516,885.000000,-0.030169936,5.008711951,-60.897047530,713.096464650,5.015092286,60.901171841
laser 003,circular_cone,2121.768982,886.000000,-0.029139997,5.006886782,-60.799775600,713.094555684,5.013219123,60.803887546
laser 003,circular_cone,2121.761778,887.000000,-0.031665343,5.006186865,-60.702812055,713.096258652,5.012631687,60.706941187
laser 003,circular_cone,2121.760695,888.000000,-0.036110897,5.006094861,-60.606014176,713.099912421,5.012738838,60.610176454
laser 003,circular_cone,2121.747994,889.000000,-0.036908358,5.004849030,-60.508900928,713.099860017,5.011527498,60.513066030
laser 003,circular_cone,2121.711898,890.000000,-0.030360970,5.001279800,-60.411155517,713.092345833,5.007661235,60.415262393
laser 003,circular_cone,2121.666553,891.000000,-0.020909415,4.996792161,-60.313162747,713.081881281,5.002745480,60.317187257
laser 003,circular_cone,2121.649870,892.000000,-0.020453429,4.995150969,-60.215945163,713.080555555,5.001082204,60.219962079
laser 003,circular_cone,2121.669196,893.000000,-0.031299059,4.997085759,-60.119696634,713.090711380,5.003505028,60.123799895
laser 003,circular_cone,2121.685486,894.000000,-0.041190764,4.998719103,-60.023363981,713.099898089,5.005583351,60.027545657
laser 003,circular_cone,2121.678011,895.000000,-0.043621531,4.997992353,-59.926391813,713.101505106,5.004964817,59.930589889
laser 003,circular_cone,2121.672110,896.000000,-0.046545196,4.997421928,-59.829461492,713.103612880,5.004524856,59.833680066
laser 003,circular_cone,2121.685770,897.000000,-0.055608041,4.998794144,-59.733053516,713.111957549,5.006304639,59.737343616
laser 003,circular_cone,2121.697954,898.000000,-0.064206532,5.000019814,-59.636604048,713.119830475,5.007916918,59.640961815
laser 003,circular_cone,2121.685594,899.000000,-0.065099113,4.998807949,-59.539498769,713.119874878,5.006743841,59.543860152
laser 003,circular_cone,2121.658295,900.000000,-0.061300922,4.996112475,-59.441996324,713.115153894,5.003875429,59.446322334
laser 003,circular_cone,2121.646562,901.000000,-0.062387946,4.994962914,-59.344908620,713.115395877,5.002773434,59.349239862
laser 003,circular_cone,2121.652859,902.000000,-0.069133680,4.995603943,-59.248298944,713.121386609,5.003717445,59.252682453
laser 003,circular_cone,2121.631863,903.000000,-0.067310507,4.993534482,-59.150965482,713.118672134,5.001564193,59.155330035
laser 003,circular_cone,2121.556300,904.000000,-0.048357288,4.986046191,-59.052191232,713.098555173,4.993218916,59.056394445
laser 003,circular_cone,2121.463730,905.000000,-0.024065907,4.976869602,-58.952974162,713.073015217,4.982944393,58.956971666
laser 003,circular_cone,2121.482119,906.000000,-0.034601644,4.978711213,-58.856685940,713.082856325,4.985260056,58.860767214
laser 003,circular_cone,2121.487986,907.000000,-0.041205909,4.979309447,-58.760066019,713.088703439,4.986154890,58.764198385
laser 003,circular_cone,2121.456098,908.000000,-0.035958223,4.976158677,-58.662453780,713.082510151,4.982765759,58.666538726
laser 003,circular_cone,2121.450483,909.000000,-0.038956050,4.975616780,-58.565531766,713.084693512,4.982357678,58.569637828
laser 003,circular_cone,2121.447145,910.000000,-0.042667415,4.975300992,-58.468668867,713.087601768,4.982207914,58.472801976
laser 003,circular_cone,2121.424566,911.000000,-0.040338115,4.973074649,-58.371302858,713.084373343,4.979874938,58.375412805
laser 003,circular_cone,2121.447422,912.000000,-0.052269119,4.975359864,-58.275122418,713.095631931,4.982697186,58.279327733
laser 003,circular_cone,2121.445058,913.000000,-0.056282715,4.975140823,-58.178282643,713.098847258,4.982657812,58.182517517
laser 003,circular_cone,2121.469340,914.000000,-0.068659390,4.977567738,-58.082134547,713.110558594,4.985641876,58.086468493
laser 003,circular_cone,2121.496331,915.000000,-0.081885636,4.980263754,-57.986053715,713.123132996,4.988933390,57.990493796
laser 003,circular_cone,2121.425737,916.000000,-0.064477779,4.973269437,-57.887442246,713.104586473,4.981151844,57.891733835
laser 003,circular_cone,2121.388519,917.000000,-0.057546054,4.969589540,-57.789698958,713.096682611,4.977157578,57.793929131
laser 003,circular_cone,2121.376167,918.000000,-0.058418502,4.968378778,-57.692599790,713.096706958,4.975984703,57.696833414
laser 003,circular_cone,2121.359701,919.000000,-0.057998403,4.966759534,-57.595394755,713.095418242,4.974345005,57.599621088
laser 003,circular_cone,2121.355857,920.000000,-0.061539066,4.966393591,-57.498514904,713.098153233,4.974137384,57.502766866
laser 003,circular_cone,2121.371422,921.000000,-0.071171020,4.967954870,-57.402132892,713.107076289,4.976131928,57.406461114
laser 003,circular_cone,2121.387595,922.000000,-0.080992847,4.969576571,-57.305764199,713.116192231,4.978195464,57.310170258
laser 003,circular_cone,2121.382385,923.000000,-0.084101264,4.969075021,-57.208845886,713.118488135,4.977832727,57.213273982
laser 003,circular_cone,2121.351036,924.000000,-0.079003214,4.965977970,-57.111259210,713.112447255,4.974504076,57.115641133
laser 003,circular_cone,2121.310546,925.000000,-0.071034725,4.961973356,-57.013441178,713.103490388,4.970138300,57.017753069
laser 003,circular_cone,2121.274992,926.000000,-0.064614638,4.958458953,-56.915751436,713.096106550,4.966332626,56.920006166
laser 003,circular_cone,2121.238988,927.000000,-0.058052268,4.954899962,-56.818052427,713.088578207,4.962475941,56.822248813
laser 003,circular_cone,2121.185741,928.000000,-0.046076719,4.949629123,-56.719918097,713.075550781,4.956663076,56.724011146
laser 003,circular_cone,2121.121733,929.000000,-0.030723017,4.943290170,-56.621514929,713.059091624,4.949629618,56.625476564
laser 003,circular_cone,2121.071584,930.000000,-0.019718471,4.938327353,-56.523466882,713.047050719,4.944168603,56.527333252
laser 003,circular_cone,2121.055295,931.000000,-0.019339808,4.936726033,-56.426276968,713.045804410,4.942548705,56.430136393
laser 003,circular_cone,2121.074242,932.000000,-0.030018762,4.938622713,-56.329975436,713.055791243,4.944925911,56.333919824
laser 003,circular_cone,2121.103977,933.000000,-0.044082757,4.941590456,-56.233942732,713.069216835,4.948526971,56.238000219
laser 003,circular_cone,2121.112349,934.000000,-0.051440730,4.942437404,-56.137370047,713.075829973,4.949704549,56.141484894
laser 003,circular_cone,2121.076731,935.000000,-0.044990422,4.938917138,-56.039692886,713.068415723,4.945891650,56.043750322
laser 003,circular_cone,2121.021832,936.000000,-0.032487626,4.933482889,-55.941535391,713.054852989,4.939891580,55.945485110
laser 003,circular_cone,2120.989439,937.000000,-0.027047532,4.930283000,-55.843943997,713.048465063,4.936444658,55.847844702
laser 003,circular_cone,2120.988888,938.000000,-0.031599844,4.930244086,-55.747148556,713.052228101,4.936609736,55.751083302
laser 003,circular_cone,2121.003503,939.000000,-0.040910929,4.931710724,-55.650729790,713.060825412,4.938495162,55.654738130
laser 003,circular_cone,2121.021110,940.000000,-0.051160099,4.933474433,-55.554383194,713.070375686,4.940720002,55.558472927
laser 003,circular_cone,2121.030957,941.000000,-0.058972658,4.934467822,-55.457841637,713.077450700,4.942064542,55.461992508
laser 003,circular_cone,2121.007136,942.000000,-0.056216664,4.932118862,-55.360464487,713.073789551,4.939589701,55.364588655
laser 003,circular_cone,2120.936437,943.000000,-0.038746448,4.925116388,-55.261929600,713.055180866,4.931797195,55.265904765
laser 003,circular_cone,2120.852432,944.000000,-0.017100143,4.916793537,-55.163071669,713.032329935,4.922495818,55.166863121
laser 003,circular_cone,2120.803086,945.000000,-0.006330670,4.911911322,-55.065073909,713.020528372,4.917126023,55.068772053
laser 003,circular_cone,2120.791709,946.000000,-0.007475676,4.910797874,-54.968013099,713.020830236,4.916062775,54.971716965
laser 003,circular_cone,2120.795155,947.000000,-0.013271291,4.911155711,-54.871316172,713.025856455,4.916680726,54.875064413
laser 003,circular_cone,2120.797007,948.000000,-0.018565529,4.911355348,-54.774578964,713.030373358,4.917117847,54.778367415
laser 003,circular_cone,2120.822110,949.000000,-0.031155633,4.913862870,-54.678409358,713.042301782,4.920192165,54.682298658
laser 003,circular_cone,2120.852505,950.000000,-0.045405819,4.916895783,-54.582365881,713.055916590,4.923866806,54.586369829
laser 003,circular_cone,2120.832236,951.000000,-0.043754093,4.914899701,-54.485084021,713.053377452,4.921794691,54.489070446
laser 003,circular_cone,2120.767521,952.000000,-0.028152238,4.908492003,-54.386721686,713.036667136,4.914681297,54.390574639
laser 003,circular_cone,2120.701993,953.000000,-0.012294839,4.902003936,-54.288344364,713.019697287,4.907476000,54.292061722
laser 003,circular_cone,2120.676930,954.000000,-0.009135365,4.899532259,-54.190952714,713.015626621,4.904860237,54.194640017
laser 003,circular_cone,2120.677756,955.000000,-0.014099107,4.899630081,-54.094188735,713.019807901,4.905180628,54.097913501
laser 003,circular_cone,2120.675745,956.000000,-0.018171383,4.899446342,-53.997355234,713.023083602,4.905179221,54.001110054
laser 003,circular_cone,2120.663652,957.000000,-0.019078524,4.898261974,-53.900277905,713.023144041,4.904034321,53.904036470
laser 003,circular_cone,2120.627842,958.000000,-0.012541645,4.894723753,-53.802629920,713.015642564,4.900199570,53.806330360
laser 003,circular_cone,2120.564426,959.000000,0.002659144,4.888445920,-53.704320990,712.999339988,4.893234148,53.707891294
laser 003,circular_cone,2120.509169,960.000000,0.015300194,4.882978073,-53.606212327,712.985637751,4.887194248,53.609673770
laser 003,circular_cone,2120.493710,961.000000,0.015454039,4.881459800,-53.509060061,712.984620522,4.885667556,53.512516433
laser 003,circular_cone,2120.507502,962.000000,0.006430408,4.882844324,-53.412607022,712.992926120,4.887457903,53.416134602
laser 003,circular_cone,2120.500662,963.000000,0.003882081,4.882181392,-53.315659851,712.994653884,4.886908519,53.319204819
laser 003,circular_cone,2120.499716,964.000000,-0.000514579,4.882103380,-53.218852646,712.998259260,4.887027484,53.222430365
laser 003,circular_cone,2120.415787,965.000000,0.021129150,4.873790549,-53.120072936,712.975411997,4.877736252,53.123466969
laser 003,circular_cone,2120.406482,966.000000,0.019357960,4.872883052,-53.023069390,712.976350393,4.876907227,53.026474353
laser 003,circular_cone,2120.451931,967.000000,0.000406862,4.877408978,-52.927361901,712.994740659,4.882287071,52.930920585
laser 003,circular_cone,2120.485254,968.000000,-0.014738703,4.880731763,-52.831363055,713.009265133,4.886292005,52.835043830
laser 003,circular_cone,2120.471405,969.000000,-0.015080425,4.879373324,-52.734247744,713.008751453,4.884947518,52.737927567
laser 003,circular_cone,2120.379864,970.000000,0.008958446,4.870305209,-52.635303605,712.983471366,4.874792896,52.638779837
laser 003,circular_cone,2120.216190,971.000000,0.055628598,4.854080747,-52.534671770,712.935201952,4.856460425,52.537756310
laser 003,circular_cone,2120.114519,972.000000,0.082842635,4.844009544,-52.435507656,712.906696644,4.845159398,52.438362215
laser 003,circular_cone,2120.077338,973.000000,0.089825060,4.840336731,-52.337861041,712.898743139,4.841169951,52.340653774
laser 003,circular_cone,2116.999454,1178.000000,0.121025756,4.538615602,-32.434911835,712.691084820,4.537747538,32.436671608
laser 003,circular_cone,2117.054912,1179.000000,0.099207588,4.544124583,-32.338882413,712.712386556,4.544239924,32.340819748
laser 003,circular_cone,2117.106086,1180.000000,0.078732639,4.549209619,-32.242785582,712.732324128,4.550247736,32.244889315
laser 003,circular_cone,2117.119815,1181.000000,0.069999252,4.550586323,-32.146145402,712.740337298,4.552017246,32.148317956
laser 003,circular_cone,2117.107731,1182.000000,0.069360916,4.549406529,-32.049133339,712.740129391,4.550864878,32.051307441
laser 003,circular_cone,2117.085908,1183.000000,0.071777543,4.547262213,-31.951982317,712.736818985,4.548610098,31.954132578
laser 003,circular_cone,2117.066797,1184.000000,0.073344997,4.545386520,-31.854870886,712.734370996,4.546662270,31.857004365
laser 003,circular_cone,2117.057010,1185.000000,0.071990072,4.544434267,-31.757892551,712.734890896,4.545769787,31.760033533
laser 003,circular_cone,2117.054177,1186.000000,0.068455889,4.544170725,-31.661012559,712.737623990,4.545664381,31.663179154
laser 003,circular_cone,2117.034357,1187.000000,0.070249310,4.542224866,-31.563892238,712.734946581,4.543636189,31.566040173
laser 003,circular_cone,2116.986032,1188.000000,0.080981653,4.537456102,-31.466371811,712.723191178,4.538381622,31.468426800
laser 003,circular_cone,2116.932577,1189.000000,0.093323267,4.532179501,-31.368782751,712.709801512,4.532546581,31.370731420
laser 003,circular_cone,2116.908486,1190.000000,0.096459229,4.529810870,-31.271607846,712.705760774,4.530035020,31.273526699
laser 003,circular_cone,2116.911189,1191.000000,0.091195632,4.530095563,-31.174807454,712.710250299,4.530555910,31.176766293
laser 003,circular_cone,2116.901944,1192.000000,0.089679328,4.529197101,-31.077839949,712.710934246,4.529724506,31.079807634
laser 003,circular_cone,2116.853184,1193.000000,0.100553375,4.524385719,-30.980325172,712.699035129,4.524420927,30.982198734
laser 003,circular_cone,2116.766553,1194.000000,0.123301139,4.515824651,-30.882291011,712.675077661,4.514831727,30.883971776
laser 003,circular_cone,2116.667852,1195.000000,0.149832256,4.506069162,-30.784097458,712.647278076,4.503877340,30.785553986
laser 003,circular_cone,2116.632129,1196.000000,0.156621167,4.502549359,-30.686775310,712.639527798,4.500049730,30.688171664
laser 003,circular_cone,2116.703621,1197.000000,0.129801323,4.509644592,-30.590921105,712.665908931,4.508354130,30.592536588
laser 003,circular_cone,2116.808386,1198.000000,0.092548893,4.520035020,-30.495513368,712.702884819,4.520424616,30.497434677
laser 003,circular_cone,2116.873343,1199.000000,0.067775889,4.526484401,-30.399554894,712.727187188,4.527990778,30.401678321
laser 003,circular_cone,2116.871158,1200.000000,0.064055614,4.526285150,-30.302680529,712.730109492,4.527958068,30.304831118
laser 003,circular_cone,2116.826209,1201.000000,0.073745138,4.521851185,-30.205228095,712.719413554,4.523085374,30.207294406
laser 003,circular_cone,2116.772777,1202.000000,0.086095262,4.516577385,-30.107664504,712.706015702,4.517252756,30.109624428
laser 003,circular_cone,2116.719667,1203.000000,0.098345161,4.511335683,-30.010108972,712.692719684,4.511456761,30.011963342
laser 003,circular_cone,2116.659043,1204.000000,0.112951486,4.505350230,-29.912456698,712.677030668,4.504810654,29.914185931
laser 003,circular_cone,2116.587013,1205.000000,0.131134028,4.498235809,-29.814656813,712.657709916,4.496874163,29.816231190
laser 003,circular_cone,2116.522633,1206.000000,0.146918697,4.491879133,-29.716963898,712.640824363,4.489803649,29.718403347
laser 003,circular_cone,2116.575631,1207.000000,0.125908646,4.497143085,-29.620829456,712.661305302,4.496014540,29.622439752
laser 003,circular_cone,2116.529940,1208.000000,0.135837297,4.492636641,-29.523387364,712.650366824,4.491058578,29.524911397
laser 003,circular_cone,2116.556595,1209.000000,0.123087582,4.495292627,-29.426899749,712.662459076,4.494288663,29.428525984
laser 003,circular_cone,2116.578020,1210.000000,0.111978297,4.497430911,-29.330340367,712.672885405,4.496927004,29.332055170
laser 003,circular_cone,2116.573799,1211.000000,0.108910159,4.497030134,-29.233443151,712.675145677,4.496663336,29.235179699
laser 003,circular_cone,2116.537951,1212.000000,0.115758362,4.493498148,-29.136133550,712.667335602,4.492820873,29.137809435
laser 003,circular_cone,2116.558774,1213.000000,0.104841313,4.495576856,-29.039561633,712.677566723,4.495390961,29.041324490
laser 003,circular_cone,2116.544622,1214.000000,0.104890243,4.494192889,-28.942534594,712.676661565,4.494003412,28.944293293
laser 003,circular_cone,2116.545659,1215.000000,0.100178519,4.494312721,-28.845703680,712.680591004,4.494334540,28.847497782
laser 003,circular_cone,2116.484899,1216.000000,0.114841623,4.488314470,-28.748077775,712.664844793,4.487673078,28.749746272
laser 003,circular_cone,2116.527235,1217.000000,0.097185006,4.492523011,-28.651776354,712.681920148,4.492677201,28.653587831
laser 003,circular_cone,2116.483094,1218.000000,0.106640560,4.488170108,-28.554366764,712.671462405,4.487896137,28.556095911
laser 003,circular_cone,2116.426794,1219.000000,0.119908777,4.482613642,-28.456805464,712.657132858,4.481739422,28.458420599
laser 003,circular_cone,2116.419386,1220.000000,0.117850798,4.481897447,-28.359867810,712.658367455,4.481114744,28.361496296
laser 003,circular_cone,2116.456460,1221.000000,0.101849007,4.485584902,-28.263491743,712.673762301,4.485523090,28.265249456
laser 003,circular_cone,2116.502044,1222.000000,0.083179722,4.490115054,-28.167218701,712.691866022,4.490894533,28.169127809
laser 003,circular_cone,2116.443824,1223.000000,0.097055568,4.484368369,-28.069638560,712.676919535,4.484520174,28.071428607
laser 003,circular_cone,2116.493718,1224.000000,0.077037263,4.489325243,-27.973414171,712.696393200,4.490379229,27.975366824
laser 003,circular_cone,2116.423421,1225.000000,0.094702000,4.482382948,-27.875687143,712.677599101,4.482638245,27.877489247
laser 003,circular_cone,2116.365529,1226.000000,0.108478105,4.476669058,-27.778119331,712.662754029,4.476301184,27.779803204
laser 003,circular_cone,2116.365391,1227.000000,0.104149509,4.476672632,-27.681270106,712.666294583,4.476498766,27.682986201
laser 003,circular_cone,2116.405636,1228.000000,0.087161731,4.480674022,-27.584917821,712.682690705,4.481265553,27.586771338
laser 003,circular_cone,2116.439920,1229.000000,0.072043350,4.484085451,-27.488487926,712.697188412,4.485358001,27.490463329
laser 003,circular_cone,2116.424790,1230.000000,0.072418456,4.482604854,-27.391449225,712.695952312,4.483859106,27.393417762
laser 003,circular_cone,2116.383050,1231.000000,0.081137548,4.478489898,-27.294086320,712.686242842,4.479349235,27.295978650
laser 003,circular_cone,2116.341464,1232.000000,0.089809325,4.474390315,-27.196728001,712.676581463,4.474856874,27.198544518
laser 003,circular_cone,2116.321662,1233.000000,0.091652728,4.472447321,-27.099636208,712.673854383,4.472829310,27.101433657
laser 003,circular_cone,2116.323469,1234.000000,0.086722772,4.472643509,-27.002805991,712.678005710,4.473246651,27.004640659
laser 003,circular_cone,2116.308160,1235.000000,0.087160036,4.471145323,-26.905768889,712.676706612,4.471727364,26.907596175
laser 003,circular_cone,2116.266365,1236.000000,0.095901974,4.467025265,-26.808414870,712.666974117,4.467211363,26.810165761
laser 003,circular_cone,2116.231016,1237.000000,0.102624104,4.463543410,-26.711140517,712.659292782,4.463424731,26.712831798
laser 003,circular_cone,2116.217704,1238.000000,0.102438923,4.462243000,-26.614130421,712.658625860,4.462131316,26.615819493
laser 003,circular_cone,2116.217747,1239.000000,0.098068245,4.462264577,-26.517278827,712.662209327,4.462348805,26.519000472
laser 003,circular_cone,2116.213292,1240.000000,0.095108866,4.461840920,-26.420373206,712.664359633,4.462057360,26.422115696
laser 003,circular_cone,2116.198007,1241.000000,0.095545883,4.460345243,-26.323339651,712.663060924,4.460540594,26.325074762
laser 003,circular_cone,2116.174158,1242.000000,0.098668886,4.458001873,-26.226206131,712.659034631,4.458054901,26.227911542
laser 003,circular_cone,2116.143584,1243.000000,0.103901282,4.454992883,-26.128995238,712.652866288,4.454808378,26.130653420
laser 003,circular_cone,2116.108568,1244.000000,0.110527286,4.451544289,-26.031734408,712.645282780,4.451059350,26.033333780
laser 003,circular_cone,2116.071344,1245.000000,0.117846509,4.447877241,-25.934450115,712.636995350,4.447060579,25.935984916
laser 003,circular_cone,2116.034182,1246.000000,0.125147334,4.444216431,-25.837168855,712.628726643,4.443068876,25.838639240
laser 003,circular_cone,2116.012104,1247.000000,0.127720930,4.442048621,-25.740063413,712.625258425,4.440783543,25.741508664
laser 003,circular_cone,2116.019536,1248.000000,0.121045342,4.442801535,-25.643297133,712.631182670,4.441836408,25.644794112
laser 003,circular_cone,2116.036887,1249.000000,0.111261499,4.444536215,-25.546642535,712.640263313,4.444011334,25.548217072
laser 003,circular_cone,2116.045181,1250.000000,0.104317873,4.445374509,-25.449882517,712.646459753,4.445161678,25.451511010
laser 003,circular_cone,2116.038409,1251.000000,0.102098351,4.444721628,-25.352950170,712.647858941,4.444607619,25.354593362
laser 003,circular_cone,2116.000277,1252.000000,0.109710835,4.440964879,-25.255663552,712.639273908,4.440505912,25.257239738
laser 003,circular_cone,2115.930043,1253.000000,0.127387212,4.434031100,-25.158018425,712.620469209,4.432772931,25.159443973
laser 003,circular_cone,2115.878068,1254.000000,0.139340615,4.428904683,-25.060582979,712.607476145,4.427105624,25.061905449
laser 003,circular_cone,2115.884721,1255.000000,0.132918033,4.429580467,-24.963805142,712.613143570,4.428069943,24.965177238
laser 003,circular_cone,2115.947486,1256.000000,0.108907273,4.435809627,-24.867649361,712.636671418,4.435381501,24.869217243
laser 003,circular_cone,2116.006882,1257.000000,0.085952352,4.441705753,-24.771449982,712.659127048,4.442312368,24.773204875
laser 003,circular_cone,2116.034149,1258.000000,0.073070032,4.444422080,-24.674890289,712.671354156,4.445608798,24.676748489
laser 003,circular_cone,2116.048442,1259.000000,0.064256061,4.445854313,-24.578184822,712.679449949,4.447437504,24.580112521
laser 003,circular_cone,2116.060233,1260.000000,0.056227551,4.447038934,-24.481449831,712.686748126,4.448983146,24.483440503
laser 003,circular_cone,2116.043760,1261.000000,0.057061519,4.445425917,-24.384404896,712.685046701,4.447331131,24.386384892
laser 003,circular_cone,2115.999647,1262.000000,0.066562221,4.441077109,-24.287060468,712.674544481,4.442552143,24.288957769
laser 003,circular_cone,2115.951669,1263.000000,0.077275525,4.436345904,-24.189677179,712.662810943,4.437336027,24.191481708
laser 003,circular_cone,2115.923210,1264.000000,0.081870626,4.433546712,-24.092507298,712.657290295,4.434328076,24.094269899
laser 003,circular_cone,2115.913178,1265.000000,0.080690138,4.432571333,-23.995536569,712.657634604,4.433404626,23.997305235
laser 003,circular_cone,2115.903218,1266.000000,0.079488299,4.431603093,-23.898566562,712.658000612,4.432489279,23.900341472
laser 003,circular_cone,2115.884686,1267.000000,0.080974959,4.429786481,-23.801505326,712.655636559,4.430604213,23.803264138
laser 003,circular_cone,2115.845883,1268.000000,0.088817565,4.425963693,-23.704230051,712.646818297,4.426426088,23.705919947
laser 003,circular_cone,2115.792451,1269.000000,0.101247034,4.420693262,-23.606802906,712.633342286,4.420593287,23.608385770
laser 003,circular_cone,2115.764571,1270.000000,0.105667541,4.417951693,-23.509647931,712.627999119,4.417650842,23.511190319
laser 003,circular_cone,2115.797119,1271.000000,0.091146596,4.421190292,-23.413126685,712.641890276,4.421543509,23.414785999
laser 003,circular_cone,2115.872615,1272.000000,0.063162098,4.428679613,-23.317049237,712.669453107,4.430294593,23.318937357
laser 003,circular_cone,2115.933303,1273.000000,0.039819433,4.434703842,-23.220810726,712.692302305,4.437371071,23.222889080
laser 003,circular_cone,2115.918569,1274.000000,0.040124090,4.433263141,-23.123786639,712.691138635,4.435915269,23.125858718
laser 003,circular_cone,2115.852091,1275.000000,0.056652641,4.426701132,-23.026230442,712.673500343,4.428605875,23.028161427
laser 003,circular_cone,2115.791851,1276.000000,0.071225981,4.420756821,-22.928743038,712.657847540,4.422002430,22.930549178
laser 003,circular_cone,2115.764922,1277.000000,0.075357276,4.418109369,-22.831599828,712.652798199,4.419167159,22.833367895
laser 003,circular_cone,2115.754163,1278.000000,0.074420581,4.417062217,-22.734622320,712.652895190,4.418160937,22.736394429
laser 003,circular_cone,2115.726852,1279.000000,0.078674010,4.414377034,-22.637477384,712.647721883,4.415282423,22.639210406
laser 003,circular_cone,2115.678539,1280.000000,0.089512326,4.409613548,-22.540122360,712.635861988,4.410028390,22.541761575
laser 003,circular_cone,2115.622887,1281.000000,0.102652022,4.404124007,-22.442697020,712.621665207,4.403944427,22.444223304
laser 003,circular_cone,2115.571294,1282.000000,0.114520085,4.399036339,-22.345316135,712.608759755,4.398319734,22.346740055
laser 003,circular_cone,2115.548177,1283.000000,0.117463188,4.396766504,-22.248221913,712.604917165,4.395915713,22.249617635
laser 003,circular_cone,2115.554668,1284.000000,0.111126773,4.397426378,-22.151421845,712.610497439,4.396860242,22.152866482
laser 003,circular_cone,2115.562489,1285.000000,0.104374585,4.398217879,-22.054633410,712.616499913,4.397955166,22.056130416
laser 003,circular_cone,2115.549784,1286.000000,0.104057689,4.396978331,-21.957641984,712.615967723,4.396728577,21.959137883
laser 003,circular_cone,2115.499169,1287.000000,0.115625139,4.391987677,-21.860280428,712.603367702,4.391214468,21.861676463
laser 003,circular_cone,2115.485190,1288.000000,0.115710011,4.390622128,-21.763278628,712.602427596,4.389843745,21.764670217
laser 003,circular_cone,2115.523274,1289.000000,0.099476600,4.394408082,-21.666781177,712.618057723,4.394361069,21.668303923
laser 003,circular_cone,2115.569781,1290.000000,0.080603284,4.399027700,-21.570360718,712.636368490,4.399831213,21.572036559
laser 003,circular_cone,2115.600212,1291.000000,0.066769981,4.402056719,-21.473781074,712.649561420,4.403483270,21.475568128
laser 003,circular_cone,2115.608287,1292.000000,0.059946031,4.402873525,-21.376984325,712.655636797,4.404606741,21.378824345
laser 003,circular_cone,2115.602109,1293.000000,0.057591527,4.402279896,-21.280050424,712.657173751,4.404118043,21.281906270
laser 003,circular_cone,2115.584301,1294.000000,0.058884233,4.400535399,-21.183006050,712.655007224,4.402313856,21.184847415
laser 003,circular_cone,2115.540567,1295.000000,0.068305747,4.396225420,-21.085718015,712.644586475,4.397577286,21.087477349
laser 003,circular_cone,2115.539034,1296.000000,0.064498798,4.396091468,-20.988828668,712.647598349,4.397613823,20.990615899
laser 003,circular_cone,2115.453624,1297.000000,0.086987005,4.387657834,-20.891155498,712.623909374,4.388163819,20.892752116
laser 003,circular_cone,2115.384373,1298.000000,0.104409833,4.380823561,-20.793639000,712.605364000,4.380541807,20.795087099
laser 003,circular_cone,2115.334454,1299.000000,0.115773512,4.375902303,-20.696306393,712.592971309,4.375106297,20.697656324
laser 003,circular_cone,2115.316226,1300.000000,0.117204855,4.374116577,-20.599268901,712.590664210,4.373254627,20.600603199
laser 003,circular_cone,2115.349544,1301.000000,0.102480457,4.377430706,-20.502704295,712.604762062,4.377232019,20.504157212
laser 003,circular_cone,2115.414712,1302.000000,0.077772648,4.383896361,-20.406426326,712.628997281,4.384811550,20.408080822
laser 003,circular_cone,2115.466452,1303.000000,0.057274030,4.389033743,-20.310019969,712.648958358,4.390872823,20.311841066
laser 003,circular_cone,2115.464014,1304.000000,0.053760525,4.388810314,-20.213118864,712.651672377,4.390806642,20.214965420
laser 003,circular_cone,2115.388452,1305.000000,0.073171762,4.381351403,-20.115559744,712.631108185,4.382470245,20.117241259
laser 003,circular_cone,2115.277737,1306.000000,0.103601978,4.370414998,-20.017691858,712.599355192,4.370159002,20.019116768
laser 003,circular_cone,2115.205579,1307.000000,0.121945812,4.363293956,-19.920175913,712.579875008,4.362208655,19.921444652
laser 003,circular_cone,2115.180272,1308.000000,0.125605650,4.360808100,-19.823080298,712.575305246,4.359556272,19.824314888
laser 003,circular_cone,2115.156836,1309.000000,0.128680238,4.358507382,-19.726002453,712.571329785,4.357115443,19.727207758
laser 003,circular_cone,2115.126249,1310.000000,0.133997292,4.355499293,-19.628863008,712.565077323,4.353866029,19.630020392
laser 003,circular_cone,2115.111286,1311.000000,0.134418624,4.354036840,-19.531861650,712.563796067,4.352383223,19.533011797
laser 003,circular_cone,2115.130163,1312.000000,0.124234908,4.355921992,-19.435154531,712.573283312,4.354726694,19.436385565
laser 003,circular_cone,2115.174247,1313.000000,0.106151252,4.360300903,-19.338662677,712.590792227,4.359920497,19.340040246
laser 003,circular_cone,2115.232588,1314.000000,0.083598923,4.366090553,-19.242288693,712.612838645,4.366726738,19.243849930
laser 003,circular_cone,2115.277453,1315.000000,0.065270926,4.370547251,-19.145793482,712.630595613,4.372009357,19.147503283
laser 003,circular_cone,2115.262218,1316.000000,0.065783839,4.369057786,-19.048781911,712.629221388,4.370495409,19.050483714
laser 003,circular_cone,2115.191619,1317.000000,0.083652925,4.362090866,-18.951301905,712.610223646,4.362720616,18.952851485
laser 003,circular_cone,2115.144319,1318.000000,0.094219212,4.357429269,-18.854023409,712.598641255,4.357580765,18.855481451
laser 003,circular_cone,2115.134477,1319.000000,0.093045250,4.356473463,-18.757062043,712.598979985,4.356676616,18.758526105
laser 003,circular_cone,2115.125758,1320.000000,0.091520502,4.355628766,-18.660109976,712.599674920,4.355899410,18.661582973
laser 003,circular_cone,2115.088835,1321.000000,0.098837531,4.351993937,-18.562923814,712.591391935,4.351932988,18.564332274
laser 003,circular_cone,2115.034675,1322.000000,0.111558316,4.346654080,-18.465597723,712.577622021,4.346017634,18.466896743
laser 003,circular_cone,2114.999310,1323.000000,0.118388990,4.343173612,-18.368429676,712.569832961,4.342227527,18.369668200
laser 003,circular_cone,2114.997435,1324.000000,0.114724097,4.343005995,-18.271537185,712.572701097,4.342223999,18.272802429
laser 003,circular_cone,2115.019382,1325.000000,0.103593714,4.345194878,-18.174837393,712.583149665,4.344913934,18.176191392
laser 003,circular_cone,2115.036444,1326.000000,0.093995436,4.346900594,-18.078095330,712.592042536,4.347051550,18.079525353
laser 003,circular_cone,2114.997788,1327.000000,0.101862860,4.343094559,-17.980903222,712.583200861,4.342889082,17.982264136
laser 003,circular_cone,2114.939097,1328.000000,0.116010875,4.337306832,-17.883553465,712.567981969,4.336461442,17.884793080
laser 003,circular_cone,2114.912310,1329.000000,0.120160188,4.334675080,-17.786461431,712.562915714,4.333641079,17.787662832
laser 003,circular_cone,2114.914217,1330.000000,0.115317309,4.334881604,-17.689597590,712.566980062,4.334064865,17.690835501
laser 003,circular_cone,2114.922915,1331.000000,0.108347089,4.335759881,-17.592786051,712.573204494,4.335256423,17.594078148
laser 003,circular_cone,2114.920275,1332.000000,0.104931721,4.335516667,-17.495884211,712.575819380,4.335166039,17.497200956
laser 003,circular_cone,2114.913287,1333.000000,0.102880379,4.334843376,-17.398947882,712.577049267,4.334584012,17.400277940
laser 003,circular_cone,2114.916390,1334.000000,0.097667343,4.335168261,-17.302089254,712.581489504,4.335142868,17.303458897
laser 003,circular_cone,2114.927381,1335.000000,0.089983012,4.336273428,-17.205290081,712.588439058,4.336593550,17.206719845
laser 003,circular_cone,2114.914949,1336.000000,0.089641695,4.335061656,-17.108309990,712.587932653,4.335395860,17.109738857
laser 003,circular_cone,2114.860988,1337.000000,0.102318469,4.329742050,-17.011014409,712.574207953,4.329502749,17.012334206
laser 003,circular_cone,2114.804932,1338.000000,0.115652585,4.324215450,-16.913706770,712.559815852,4.323372976,16.914912033
laser 003,circular_cone,2114.783288,1339.000000,0.118202152,4.322092638,-16.816661638,712.556374199,4.321133763,16.817841983
laser 003,circular_cone,2114.805935,1340.000000,0.106871110,4.324350592,-16.719948332,712.567026619,4.323901833,16.721219101
laser 003,circular_cone,2114.824573,1341.000000,0.096797536,4.326212087,-16.623202378,712.576402229,4.326216687,16.624553123
laser 003,circular_cone,2114.795627,1342.000000,0.101639622,4.323367013,-16.526102539,712.570632858,4.323151738,16.527409316
laser 003,circular_cone,2114.733617,1343.000000,0.116845867,4.317251759,-16.428761594,712.554340030,4.316348812,16.429938282
laser 003,circular_cone,2114.670790,1344.000000,0.132308676,4.311055998,-16.331419163,712.537786752,4.309453800,16.332463631
laser 003,circular_cone,2114.648792,1345.000000,0.134976353,4.308898388,-16.234377408,712.534225333,4.307174460,16.235395978
laser 003,circular_cone,2114.680733,1346.000000,0.120740430,4.312075340,-16.137725538,712.547827341,4.310992646,16.138858671
laser 003,circular_cone,2114.726282,1347.000000,0.102240080,4.316598333,-16.041167525,712.565759298,4.316349351,16.042450657
laser 003,circular_cone,2114.752021,1348.000000,0.089949337,4.319162162,-15.944463540,712.577386200,4.319466616,15.945845072
laser 003,circular_cone,2114.765453,1349.000000,0.081517040,4.320508788,-15.847669273,712.585095359,4.321192523,15.849117143
laser 003,circular_cone,2114.779730,1350.000000,0.072820924,4.321939037,-15.750878876,712.593072390,4.323013961,15.752395276
laser 003,circular_cone,2114.782570,1351.000000,0.067710884,4.322238056,-15.654006333,712.597408250,4.323542309,15.655561465
laser 003,circular_cone,2114.782391,1352.000000,0.063548352,4.322238472,-15.557111643,712.600782055,4.323729287,15.558697633
laser 003,circular_cone,2114.787138,1353.000000,0.057842878,4.322726152,-15.460250081,712.605722512,4.324473171,15.461879751
laser 003,circular_cone,2114.790661,1354.000000,0.052522242,4.323092779,-15.363378790,712.610272227,4.325078633,15.365048941
laser 003,circular_cone,2114.766140,1355.000000,0.055993732,4.320685461,-15.266314981,712.605894789,4.322513309,15.267952557
laser 003,circular_cone,2114.706517,1356.000000,0.070469402,4.314806241,-15.169014472,712.590344204,4.315979398,15.170528032
laser 003,circular_cone,2114.647407,1357.000000,0.084784856,4.308978031,-15.071721682,712.574956351,4.309503729,15.073112558
laser 003,circular_cone,2114.617836,1358.000000,0.089842477,4.306071506,-14.974630740,712.568968540,4.306367608,14.975975860
laser 003,circular_cone,2114.620094,1359.000000,0.084924939,4.306312964,-14.877753019,712.573109076,4.306829708,14.879135273
laser 003,circular_cone,2114.652095,1360.000000,0.070685729,4.309496149,-14.781070613,712.586714403,4.310654280,14.782567458
laser 003,circular_cone,2114.685804,1361.000000,0.055911816,4.312848405,-14.684395734,712.600862627,4.314672057,14.686011614
laser 003,circular_cone,2114.700421,1362.000000,0.047123390,4.314312383,-14.587592586,712.608933472,4.316531395,14.589277765
laser 003,circular_cone,2114.668112,1363.000000,0.053045965,4.311134929,-14.490483431,712.602067517,4.313085306,14.492115668
laser 003,circular_cone,2114.580455,1364.000000,0.076318557,4.302483430,-14.393020227,712.577585297,4.303382062,14.394455352
laser 003,circular_cone,2114.502516,1365.000000,0.096544901,4.294793597,-14.295625805,712.556196151,4.294777979,14.296889131
laser 003,circular_cone,2114.500938,1366.000000,0.092838384,4.294655714,-14.198721641,712.559107190,4.294806081,14.200012039
laser 003,circular_cone,2114.548439,1367.000000,0.073749860,4.299371639,-14.102125923,712.577636271,4.300382274,14.103571208
laser 003,circular_cone,2114.585784,1368.000000,0.057845079,4.303083353,-14.005461638,712.592932734,4.304810554,14.007035355
laser 003,circular_cone,2114.590127,1369.000000,0.052285900,4.303531146,-13.908588122,712.597724860,4.305507955,13.910204305
laser 003,circular_cone,2114.550549,1370.000000,0.060495395,4.299635025,-13.811442275,712.588537101,4.301239979,13.812986515
laser 003,circular_cone,2114.491775,1371.000000,0.074722772,4.293840581,-13.714181326,712.573239190,4.294802059,13.715603617
laser 003,circular_cone,2114.458301,1372.000000,0.081020924,4.290548396,-13.617078485,712.565992178,4.291224289,13.618444715
laser 003,circular_cone,2114.519058,1373.000000,0.057784163,4.296575345,-13.520546849,712.588733084,4.298298744,13.522102436
laser 003,circular_cone,2114.530461,1374.000000,0.050018115,4.297721400,-13.423713040,712.595765989,4.299794017,13.425329432
laser 003,circular_cone,2114.507749,1375.000000,0.052946964,4.295493466,-13.326674195,712.591939999,4.297432578,13.328262522
laser 003,circular_cone,2114.551858,1376.000000,0.034930938,4.299874258,-13.230031386,712.609380062,4.302625233,13.231765690
laser 003,circular_cone,2114.541478,1377.000000,0.033996625,4.298865973,-13.133064108,712.609476493,4.301657810,13.134802449
laser 003,circular_cone,2114.496850,1378.000000,0.043799277,4.294470507,-13.035897334,712.598671372,4.296818585,13.037550494
laser 003,circular_cone,2114.472844,1379.000000,0.047138689,4.292114660,-12.938852732,712.594428613,4.294310703,12.940474417
laser 003,circular_cone,2114.478116,1380.000000,0.041301718,4.292654402,-12.841977282,712.599502925,4.295112595,12.843643743
laser 003,circular_cone,2114.496542,1381.000000,0.031342461,4.294495110,-12.745175366,712.608762710,4.297401517,12.746920856
laser 003,circular_cone,2114.543030,1382.000000,0.012587084,4.299111354,-12.648529532,712.626953419,4.302862998,12.650427142
laser 003,circular_cone,2114.674309,1383.000000,-0.032751674,4.312114921,-12.552354337,712.672134866,4.317911668,12.554624957
laser 003,circular_cone,2114.849446,1384.000000,-0.091847828,4.329459127,-12.456411078,712.731284430,4.337921932,12.459169024
laser 003,circular_cone,2111.896605,1592.000000,-0.008864398,4.041567838,7.713925347,712.470221008,4.046022379,-7.712628502
laser 003,circular_cone,2111.884605,1593.000000,-0.009025684,4.040402522,7.810873456,712.469536729,4.044863121,-7.809578964
laser 003,circular_cone,2111.940683,1594.000000,-0.030524164,4.045961499,7.908062004,712.490511198,4.051391225,-7.906592591
laser 003,circular_cone,2111.972957,1595.000000,-0.044560953,4.049169449,8.005171197,712.503911512,4.055231514,-8.003588855
laser 003,circular_cone,2111.975896,1596.000000,-0.049401387,4.049479778,8.102177906,712.507976895,4.055759099,-8.100559042
laser 003,circular_cone,2111.961355,1597.000000,-0.048761226,4.048063446,8.199121749,712.506479122,4.054312654,-8.197511897
laser 003,circular_cone,2111.952841,1598.000000,-0.050009097,4.047242473,8.296087598,712.506897844,4.053546785,-8.294471071
laser 003,circular_cone,2111.946343,1599.000000,-0.051887694,4.046620649,8.393061193,712.507956809,4.053008535,-8.391432750
laser 003,circular_cone,2111.925900,1600.000000,-0.049393764,4.044621373,8.489982243,712.504577402,4.050895475,-8.488378214
laser 003,circular_cone,2111.898673,1601.000000,-0.044772100,4.041952031,8.586876416,712.499038241,4.048016314,-8.585314476
laser 003,circular_cone,2111.882699,1602.000000,-0.043676625,4.040394249,8.683812817,712.497078402,4.046407870,-8.682263671
laser 003,circular_cone,2111.867928,1603.000000,-0.042957017,4.038955313,8.780753478,712.495500112,4.044935237,-8.779214002
laser 003,circular_cone,2111.827943,1604.000000,-0.034332737,4.035025957,8.877593761,712.485898149,4.040615402,-8.876129630
laser 003,circular_cone,2111.756749,1605.000000,-0.015925344,4.028014314,8.974306359,712.466365818,4.032771715,-8.972998852
laser 003,circular_cone,2111.695098,1606.000000,-0.000508676,4.021945528,9.071052404,712.449869301,4.026005873,-9.069876672
laser 003,circular_cone,2111.682170,1607.000000,-0.000361914,4.020688787,9.167993622,712.448872613,4.024741292,-9.166822800
laser 003,circular_cone,2111.687170,1608.000000,-0.005832957,4.021202623,9.265008858,712.453578311,4.025500852,-9.263796274
laser 003,circular_cone,2111.680487,1609.000000,-0.007641072,4.020562657,9.361976581,712.454565956,4.024941282,-9.360752665
laser 003,circular_cone,2111.685715,1610.000000,-0.013181220,4.021099040,9.458994988,712.459341815,4.025726509,-9.457728735
laser 003,circular_cone,2111.717819,1611.000000,-0.027144210,4.024289807,9.556129528,712.472667275,4.029546290,-9.554750958
laser 003,circular_cone,2111.748001,1612.000000,-0.040504046,4.027290877,9.653259489,712.485380491,4.033149151,-9.651773614
laser 003,circular_cone,2111.745364,1613.000000,-0.043575640,4.027050558,9.750250008,712.487650651,4.033046257,-9.748742305
laser 003,circular_cone,2111.699367,1614.000000,-0.033054680,4.022527747,9.847050440,712.476123767,4.028047364,-9.845633837
laser 003,circular_cone,2111.636986,1615.000000,-0.017397495,4.016387009,9.943775020,712.459383434,4.021198718,-9.942492189
laser 003,circular_cone,2111.595001,1616.000000,-0.008132359,4.012260779,10.040586630,712.449131360,4.016653089,-10.039384464
laser 003,circular_cone,2111.575254,1617.000000,-0.005836073,4.010330764,10.137496254,712.445953001,4.014618219,-10.136316856
laser 003,circular_cone,2111.570456,1618.000000,-0.008223927,4.009877054,10.234473449,712.447529256,4.014271075,-10.233277902
laser 003,circular_cone,2111.564717,1619.000000,-0.010315632,4.009330426,10.331446808,712.448804922,4.013817647,-10.330237572
laser 003,circular_cone,2111.572654,1620.000000,-0.016692580,4.010134387,10.428484316,712.454430287,4.014908226,-10.427225789
laser 003,circular_cone,2111.601003,1621.000000,-0.029466340,4.012954223,10.525619432,712.466548653,4.018303403,-10.524258468
laser 003,circular_cone,2111.602259,1622.000000,-0.033747016,4.013098446,10.622629339,712.470046226,4.018639627,-10.621236500
laser 003,circular_cone,2111.567547,1623.000000,-0.026752528,4.009690538,10.719468005,712.462099130,4.014914810,-10.718136966
laser 003,circular_cone,2111.525203,1624.000000,-0.017364846,4.005529026,10.816267705,712.451722901,4.010328372,-10.815018349
laser 003,circular_cone,2111.477172,1625.000000,-0.006193773,4.000806054,10.913036936,712.439536513,4.005099979,-10.911884078
laser 003,circular_cone,2111.500552,1626.000000,-0.017403530,4.003135037,11.010154220,712.450067399,4.007933713,-11.008911919
laser 003,circular_cone,2111.485155,1627.000000,-0.016458329,4.001634749,11.107082017,712.448260638,4.006389556,-11.105851257
laser 003,circular_cone,2111.525940,1628.000000,-0.033121390,4.005682628,11.204290656,712.464326780,4.011188325,-11.202925146
laser 003,circular_cone,2111.527062,1629.000000,-0.037351487,4.005813670,11.301303478,712.467773107,4.011509088,-11.299906512
laser 003,circular_cone,2111.553920,1630.000000,-0.049647480,4.008486360,11.398448394,712.479406535,4.014735558,-11.396952960
laser 003,circular_cone,2111.509801,1631.000000,-0.039694248,4.004149553,11.495232002,712.468456443,4.009948301,-11.493822948
laser 003,circular_cone,2111.484513,1632.000000,-0.035642529,4.001672508,11.592110250,712.463496568,4.007287174,-11.590738546
laser 003,circular_cone,2111.408186,1633.000000,-0.015592245,3.994155416,11.688720676,712.442297823,3.998863897,-11.687519238
laser 003,circular_cone,2111.388682,1634.000000,-0.013351219,3.992249699,11.785624642,712.439175916,3.996855826,-11.784445509
laser 003,circular_cone,2111.419586,1635.000000,-0.026908368,3.995321664,11.882795464,712.452089493,4.000538497,-11.881507385
laser 003,circular_cone,2111.450189,1636.000000,-0.040370447,3.998364031,11.979968283,712.464906557,4.004187278,-11.978572047
laser 003,circular_cone,2111.432718,1637.000000,-0.038762804,3.996659036,12.076885270,712.462427580,4.002408518,-12.075506078
laser 003,circular_cone,2111.399784,1638.000000,-0.032307166,3.993427094,12.173717560,712.455027833,3.998883995,-12.172395688
laser 003,circular_cone,2111.394229,1639.000000,-0.034432080,3.992898851,12.270698028,712.456337508,3.998450458,-12.269362189
laser 003,circular_cone,2111.407548,1640.000000,-0.042471782,3.994234426,12.367783236,712.463650787,4.000147707,-12.366384289
laser 003,circular_cone,2111.416196,1641.000000,-0.049046274,3.995108770,12.464844510,712.469476861,4.001317593,-12.463394628
laser 003,circular_cone,2111.408034,1642.000000,-0.050350407,3.994323112,12.561813106,712.469953464,4.000589597,-12.560356076
laser 003,circular_cone,2111.377186,1643.000000,-0.044542290,3.991297210,12.658653607,712.463211076,3.997300342,-12.657248516
laser 003,circular_cone,2111.340472,1644.000000,-0.036894380,3.987692126,12.755458929,712.454601317,3.993348865,-12.754121063
laser 003,circular_cone,2111.338823,1645.000000,-0.040236264,3.987549652,12.852463356,712.457146319,3.993356029,-12.851101411
laser 003,circular_cone,2111.384872,1646.000000,-0.058528192,3.992117347,12.949744545,712.474865722,3.998748139,-12.948234317
laser 003,circular_cone,2111.446568,1647.000000,-0.081724865,3.998230534,13.047121882,712.497563442,4.005907121,-13.045422622
laser 003,circular_cone,2111.497391,1648.000000,-0.101513100,4.003270278,13.144441653,712.516801547,4.011838818,-13.142581679
laser 003,circular_cone,2111.521067,1649.000000,-0.112790212,4.005629103,13.241606142,712.527400809,4.014705443,-13.239656163
laser 003,circular_cone,2111.509925,1650.000000,-0.113150446,4.004549174,13.338566083,712.526919414,4.013640576,-13.336616796
laser 003,circular_cone,2111.468795,1651.000000,-0.104108004,4.000507562,13.435345949,712.516894319,4.009189631,-13.433475471
laser 003,circular_cone,2111.427667,1652.000000,-0.095065206,3.996466271,13.532123192,712.506868903,4.004738991,-13.530331526
laser 003,circular_cone,2111.409884,1653.000000,-0.093339838,3.994730565,13.629039967,712.504270703,4.002924213,-13.627266321
laser 003,circular_cone,2111.395614,1654.000000,-0.092714548,3.993341814,13.725977672,712.502789103,4.001506043,-13.724212905
laser 003,circular_cone,2111.361517,1655.000000,-0.085872497,3.989995072,13.822792604,712.494997539,3.997849285,-13.821088365
laser 003,circular_cone,2111.311856,1656.000000,-0.074150401,3.985111458,13.919508709,712.482252792,3.992435393,-13.917905539
laser 003,circular_cone,2111.262332,1657.000000,-0.062470429,3.980241556,14.016222301,712.469550848,3.987037115,-14.014719852
laser 003,circular_cone,2111.223519,1658.000000,-0.054147052,3.976429469,14.113000075,712.460255868,3.982848153,-14.111570460
laser 003,circular_cone,2111.217842,1659.000000,-0.056209259,3.975889392,14.209985796,712.461502197,3.982399961,-14.208542731
laser 003,circular_cone,2111.256167,1660.000000,-0.072063387,3.979694303,14.307253234,712.476747196,3.986919261,-14.305682138
laser 003,circular_cone,2111.274256,1661.000000,-0.081573333,3.981501089,14.404394686,712.485552905,3.989154091,-14.402748267
laser 003,circular_cone,2111.246329,1662.000000,-0.076657086,3.978763901,14.501240473,712.479716210,3.986193812,-14.499638580
laser 003,circular_cone,2111.205882,1663.000000,-0.067815044,3.974790487,14.598003104,712.469894920,3.981820116,-14.596478353
laser 003,circular_cone,2111.202386,1664.000000,-0.070554857,3.974465824,14.695005772,712.471829075,3.981617923,-14.693461942
laser 003,circular_cone,2111.240943,1665.000000,-0.086476167,3.978293741,14.792287005,712.487142244,3.986163263,-14.790614585
laser 003,circular_cone,2111.245462,1666.000000,-0.091726260,3.978760575,14.889346062,712.491624297,3.986865872,-14.887633708
laser 003,circular_cone,2111.201474,1667.000000,-0.081768907,3.974437482,14.986081625,712.480671088,3.982092158,-14.984455678
laser 003,circular_cone,2111.160395,1668.000000,-0.072722509,3.970401773,15.082833912,712.470642522,3.977646944,-15.081286803
laser 003,circular_cone,2111.150460,1669.000000,-0.073437760,3.969441359,15.179794800,712.470521862,3.976717624,-15.178245431
laser 003,circular_cone,2111.164124,1670.000000,-0.081549497,3.970811181,15.276916836,712.477908485,3.978452383,-15.275303758
laser 003,circular_cone,2111.175214,1671.000000,-0.088853272,3.971926876,15.374023301,712.484475045,3.979896548,-15.372353226
laser 003,circular_cone,2111.168851,1672.000000,-0.090684636,3.971319198,15.471011005,712.485487247,3.979370340,-15.469329397
laser 003,circular_cone,2111.130265,1673.000000,-0.082413395,3.967529723,15.567774939,712.476245583,3.975206350,-15.566165729
laser 003,circular_cone,2111.084096,1674.000000,-0.071764084,3.962991621,15.664483385,712.464590283,3.970186398,-15.662966330
laser 003,circular_cone,2111.052342,1675.000000,-0.065632433,3.959876947,15.761290277,712.457520323,3.966793781,-15.759827843
laser 003,circular_cone,2111.033878,1676.000000,-0.063665553,3.958074523,15.858189509,712.454677514,3.964901394,-15.856747096
laser 003,circular_cone,2111.029537,1677.000000,-0.066124482,3.957666550,15.955188745,712.456326788,3.964603218,-15.953729585
laser 003,circular_cone,2111.044475,1678.000000,-0.074625560,3.959162117,16.052326803,712.464108661,3.966481298,-16.050800699
laser 003,circular_cone,2111.067460,1679.000000,-0.085648181,3.961452282,16.149525149,712.474449814,3.969267788,-16.147911152
laser 003,circular_cone,2111.078372,1680.000000,-0.092885155,3.962550426,16.246638776,712.480948659,3.970691390,-16.244968336
laser 003,circular_cone,2111.068323,1681.000000,-0.093549966,3.961578890,16.343601205,712.480776995,3.969748676,-16.341928923
laser 003,circular_cone,2111.042404,1682.000000,-0.089238528,3.959040377,16.440447109,712.475554641,3.967014378,-16.438814325
laser 003,circular_cone,2111.018518,1683.000000,-0.085563226,3.956702643,16.537306715,712.470977969,3.964509573,-16.535708145
laser 003,circular_cone,2111.001029,1684.000000,-0.083892055,3.954996561,16.634212721,712.468435440,3.962726878,-16.632631715
laser 003,circular_cone,2110.983873,1685.000000,-0.082324056,3.953323380,16.731120627,712.465997647,3.960981742,-16.729556327
laser 003,circular_cone,2110.972819,1686.000000,-0.082667670,3.952252698,16.828073851,712.465500085,3.959925385,-16.826510375
laser 003,circular_cone,2110.993068,1687.000000,-0.092822975,3.954272732,16.925263765,712.474960984,3.962402600,-16.923619601
laser 003,circular_cone,2111.043091,1688.000000,-0.112311460,3.959232720,17.022682828,712.493894640,3.968241027,-17.020880438
laser 003,circular_cone,2111.061717,1689.000000,-0.121956313,3.961092698,17.119866993,712.502837430,3.970535147,-17.117988156
laser 003,circular_cone,2111.032906,1690.000000,-0.116728049,3.958268643,17.216688768,712.496684698,3.967473930,-17.214857045
laser 003,circular_cone,2110.988285,1691.000000,-0.106542208,3.953883590,17.313386666,712.485500295,3.962627953,-17.311643243
laser 003,circular_cone,2110.955435,1692.000000,-0.100045538,3.950660892,17.410173198,712.478060262,3.959110844,-17.408487427
laser 003,circular_cone,2110.939756,1693.000000,-0.098930673,3.949133631,17.507092131,712.476082524,3.957532082,-17.505419300
laser 003,circular_cone,2110.936304,1694.000000,-0.101647642,3.948813612,17.604106804,712.477993922,3.957333515,-17.602415080
laser 003,circular_cone,2110.943194,1695.000000,-0.107605584,3.949514726,17.701203900,712.483194748,3.958302363,-17.699466358
laser 003,circular_cone,2110.945972,1696.000000,-0.112273272,3.949809857,17.798269818,712.487086040,3.958806993,-17.796497176
laser 003,circular_cone,2110.916873,1697.000000,-0.106946301,3.946957603,17.895082016,712.480833312,3.955713124,-17.893357307
laser 003,circular_cone,2110.878285,1698.000000,-0.098643474,3.943168541,17.991816337,712.471560291,3.951548132,-17.990164284
laser 003,circular_cone,2110.858540,1699.000000,-0.096246615,3.941239946,18.088700538,712.468281526,3.949510175,-18.087072074
laser 003,circular_cone,2110.832802,1700.000000,-0.091969838,3.938719698,18.185535257,712.463094779,3.946795716,-18.183946001
laser 003,circular_cone,2110.787812,1701.000000,-0.081656840,3.934298828,18.282211411,712.451781659,3.941908187,-18.280711510
laser 003,circular_cone,2110.740478,1702.000000,-0.070608167,3.929646705,18.378865353,712.439721918,3.936756200,-18.377460918
laser 003,circular_cone,2110.708639,1703.000000,-0.064415628,3.926524386,18.475644034,712.432590895,3.933353202,-18.474294722
laser 003,circular_cone,2110.690600,1704.000000,-0.062547648,3.924764437,18.572535396,712.429849057,3.931507765,-18.571205280
laser 003,circular_cone,2110.688217,1705.000000,-0.065585933,3.924550033,18.669556712,712.432086783,3.931429319,-18.668205031
laser 003,circular_cone,2110.708229,1706.000000,-0.075643055,3.926546458,18.766766524,712.441448176,3.933878501,-18.765334968
laser 003,circular_cone,2110.720507,1707.000000,-0.083274809,3.927779433,18.863913816,712.448347978,3.935454763,-18.862422535
laser 003,circular_cone,2110.704415,1708.000000,-0.082012149,3.926211699,18.960822757,712.446220560,3.933828864,-18.959345642
laser 003,circular_cone,2110.679632,1709.000000,-0.078023895,3.923786013,19.057657225,712.441326875,3.931221992,-19.056216919
laser 003,circular_cone,2110.668590,1710.000000,-0.078341822,3.922716857,19.154608070,712.440803687,3.930166012,-19.153168799
laser 003,circular_cone,2110.656001,1711.000000,-0.078173586,3.921494997,19.251545576,712.439787096,3.928935385,-19.250111379
laser 003,circular_cone,2110.617698,1712.000000,-0.069943673,3.917734761,19.348260628,712.430588514,3.924802516,-19.346898477
laser 003,circular_cone,2110.577826,1713.000000,-0.061220924,3.913819753,19.444959660,712.420889780,3.920492630,-19.443673650
laser 003,circular_cone,2110.565825,1714.000000,-0.061233335,3.912656014,19.541899508,712.420056610,3.919328280,-19.540617070
laser 003,circular_cone,2110.583214,1715.000000,-0.070457044,3.914393443,19.639097120,712.428572216,3.921480852,-19.637741730
laser 003,circular_cone,2110.612965,1716.000000,-0.083554899,3.917351255,19.736406179,712.441019774,3.925028670,-19.734945652
laser 003,circular_cone,2110.631593,1717.000000,-0.093165128,3.919211134,19.833620183,712.449927656,3.927321139,-19.832083494
laser 003,circular_cone,2110.607175,1718.000000,-0.089280139,3.916821617,19.930453406,712.445138975,3.924755101,-19.928952666
laser 003,circular_cone,2110.550003,1719.000000,-0.075126570,3.911198866,20.026992357,712.429928554,3.918492353,-20.025612874
laser 003,circular_cone,2110.516510,1720.000000,-0.068394684,3.907913692,20.123740193,712.422250577,3.914902164,-20.122420310
laser 003,circular_cone,2110.536330,1721.000000,-0.078373237,3.909891119,20.220967703,712.431532323,3.917328807,-20.219568597
laser 003,circular_cone,2110.587565,1722.000000,-0.098198857,3.914969770,20.318483055,712.450807995,3.923301125,-20.316922920
laser 003,circular_cone,2110.606772,1723.000000,-0.107983613,3.916886884,20.415711641,712.459893030,3.925658709,-20.414073893
laser 003,circular_cone,2110.561633,1724.000000,-0.097595324,3.912451907,20.512353077,712.448504194,3.920753685,-20.510805305
laser 003,circular_cone,2110.529491,1725.000000,-0.091280391,3.909300053,20.609111215,712.441249494,3.917315636,-20.607619578
laser 003,circular_cone,2110.450245,1726.000000,-0.070198809,3.901498679,20.705431735,712.419008012,3.908561570,-20.704118908
laser 003,circular_cone,2110.441960,1727.000000,-0.071360095,3.900701905,20.802405858,712.419341077,3.907816044,-20.801087057
laser 003,circular_cone,2110.490371,1728.000000,-0.090292654,3.905501547,20.899909601,712.437710350,3.913469048,-20.898437191
laser 003,circular_cone,2110.535124,1729.000000,-0.108078233,3.909940351,20.997384174,712.454915519,3.918709444,-20.995767683
laser 003,circular_cone,2110.520307,1730.000000,-0.107188210,3.908498774,21.094302110,712.453166705,3.917226530,-21.092696685
laser 003,circular_cone,2110.459116,1731.000000,-0.091759392,3.902479536,21.190780610,712.436662436,3.910509741,-21.189307034
laser 003,circular_cone,2110.402605,1732.000000,-0.077797058,3.896922525,21.287299267,712.421646561,3.904321370,-21.285945356
laser 003,circular_cone,2110.375389,1733.000000,-0.073016811,3.894257242,21.384093853,712.415949650,3.901439164,-21.382783326
laser 003,circular_cone,2110.387498,1734.000000,-0.080562340,3.895473528,21.481264426,712.422762199,3.902994856,-21.479894887
laser 003,circular_cone,2110.444645,1735.000000,-0.102225380,3.901135497,21.578871202,712.443902593,3.909633431,-21.577325369
laser 003,circular_cone,2110.490273,1736.000000,-0.120277247,3.905660715,21.676372328,712.461377982,3.914972262,-21.674680201
laser 003,circular_cone,2110.459276,1737.000000,-0.114306169,3.902622029,21.773132894,712.454472547,3.911662907,-21.771494044
laser 003,circular_cone,2110.393075,1738.000000,-0.097297942,3.896108454,21.869547710,712.436365594,3.904380497,-21.868053828
laser 003,circular_cone,2110.345912,1739.000000,-0.086257174,3.891474325,21.966144585,712.424315041,3.899246877,-21.964746096
laser 003,circular_cone,2110.338665,1740.000000,-0.087727953,3.890780151,22.063131780,712.424962410,3.898617925,-22.061724744
laser 003,circular_cone,2110.337017,1741.000000,-0.090952664,3.890638631,22.160174707,712.427389846,3.898620792,-22.158744554
laser 003,circular_cone,2110.325192,1742.000000,-0.090985908,3.889492612,22.257117214,712.426578302,3.897475113,-22.255690456
laser 003,circular_cone,2110.320297,1743.000000,-0.093190328,3.889030621,22.354128836,712.427970280,3.897111458,-22.352687436
laser 003,circular_cone,2110.324667,1744.000000,-0.098297945,3.889483133,22.451233897,712.432308692,3.897793345,-22.449753736
laser 003,circular_cone,2110.336936,1745.000000,-0.105880656,3.890715341,22.548419843,712.439159049,3.899366640,-22.546880360
laser 003,circular_cone,2110.334823,1746.000000,-0.108953621,3.890527983,22.645462263,712.441432530,3.899316822,-22.643900923
laser 003,circular_cone,2110.274714,1747.000000,-0.093844386,3.884616198,22.741916118,712.425253194,3.892721918,-22.740483967
laser 003,circular_cone,2110.194897,1748.000000,-0.072556865,3.876759593,22.838164618,712.402803674,3.883903335,-22.836912983
laser 003,circular_cone,2110.156153,1749.000000,-0.064143612,3.872956987,22.934828026,712.393420086,3.879719836,-22.933649954
laser 003,circular_cone,2110.154158,1750.000000,-0.067248308,3.872781271,23.031867153,712.395725879,3.879683093,-23.030666958
laser 003,circular_cone,2110.132628,1751.000000,-0.064228462,3.870677624,23.128705170,712.391816013,3.877441988,-23.127533733
laser 003,circular_cone,2110.078023,1752.000000,-0.050840236,3.865309908,23.225199052,712.377383528,3.871468833,-23.224142505
laser 003,circular_cone,2110.034408,1753.000000,-0.040895895,3.861026938,23.321803652,712.366446214,3.866735866,-23.320833387
laser 003,circular_cone,2110.039226,1754.000000,-0.046130917,3.861523566,23.418912135,712.370914113,3.867467622,-23.417902050
laser 003,circular_cone,2110.071497,1755.000000,-0.059969771,3.864729444,23.516310390,712.384113826,3.871296965,-23.515189009
laser 003,circular_cone,2110.067575,1756.000000,-0.062463055,3.864363604,23.613330550,712.385799208,3.871042505,-23.612192125
laser 003,circular_cone,2110.013501,1757.000000,-0.049235227,3.859048507,23.709820043,712.371529682,3.865129211,-23.708795176
laser 003,circular_cone,2109.947213,1758.000000,-0.032178513,3.852528373,23.806175893,712.353374381,3.857838062,-23.805296391
laser 003,circular_cone,2109.917024,1759.000000,-0.026435293,3.849570609,23.902912434,712.346700864,3.854619923,-23.902084311
laser 003,circular_cone,2109.925196,1760.000000,-0.032713964,3.850398185,24.000058588,712.352228019,3.855729735,-23.999181974
laser 003,circular_cone,2109.953409,1761.000000,-0.045273000,3.853203411,24.097422132,712.364128913,3.859100663,-24.096444854
laser 003,circular_cone,2109.983931,1762.000000,-0.058554999,3.856236605,24.194814018,712.376763507,3.862732191,-24.193730070
laser 003,circular_cone,2109.997542,1763.000000,-0.066535424,3.857601056,24.292025954,712.384017705,3.864455688,-24.290879378
laser 003,circular_cone,2109.989331,1764.000000,-0.067674541,3.856812038,24.389002219,712.384328907,3.863716933,-24.387849847
laser 003,circular_cone,2109.969569,1765.000000,-0.065191736,3.854883138,24.485852334,712.380964371,3.861674819,-24.484724255
laser 003,circular_cone,2109.940503,1766.000000,-0.059791404,3.852036135,24.582599480,712.374638975,3.858582919,-24.581519931
laser 003,circular_cone,2109.894673,1767.000000,-0.049135432,3.847534951,24.679160201,712.362979871,3.853599624,-24.678172843
laser 003,circular_cone,2109.831563,1768.000000,-0.033062577,3.841328852,24.775526626,712.345823439,3.846666921,-24.774676458
laser 003,circular_cone,2109.769394,1769.000000,-0.017284160,3.835215903,24.871898993,712.328965876,3.839840659,-24.871183568
laser 003,circular_cone,2109.762651,1770.000000,-0.018875865,3.834571841,24.968885163,712.329736552,3.839267289,-24.968160182
laser 003,circular_cone,2109.810438,1771.000000,-0.037557086,3.839308235,25.066482311,712.347850628,3.844845716,-25.065605806
laser 003,circular_cone,2109.855987,1772.000000,-0.055536584,3.843824050,25.164059397,712.365252530,3.850171893,-25.163037197
laser 003,circular_cone,2109.876107,1773.000000,-0.065544923,3.845830779,25.261354392,712.374564853,3.852629202,-25.260252716
laser 003,circular_cone,2109.870514,1774.000000,-0.067492406,3.845300223,25.358360750,712.375696599,3.852185398,-25.357246562
laser 003,circular_cone,2109.854199,1775.000000,-0.066077830,3.843711651,25.455245611,712.373416369,3.850531832,-25.454146841
laser 003,circular_cone,2109.839419,1776.000000,-0.065143182,3.842274569,25.552147509,712.371623216,3.849051417,-25.551060169
laser 003,circular_cone,2109.831192,1777.000000,-0.066261356,3.841484131,25.649124142,712.371913387,3.848310301,-25.648031180
laser 003,circular_cone,2109.825213,1778.000000,-0.068082951,3.840915528,25.746126846,712.372917438,3.847822770,-25.745022417
laser 003,circular_cone,2109.817816,1779.000000,-0.069458851,3.840207013,25.843113585,712.373469192,3.847175210,-25.842001392
laser 003,circular_cone,2109.812022,1780.000000,-0.071336002,3.839656686,25.940119186,712.374529651,3.846708464,-25.938995064
laser 003,circular_cone,2109.799218,1781.000000,-0.071014607,3.838414652,26.037043666,712.373358945,3.845450778,-26.035925879
laser 003,circular_cone,2109.779673,1782.000000,-0.068578991,3.836507468,26.133889255,712.370042658,3.843432516,-26.132795367
laser 003,circular_cone,2109.752595,1783.000000,-0.063780949,3.833857009,26.230645799,712.364328909,3.840564352,-26.229595434
laser 003,circular_cone,2109.728014,1784.000000,-0.059764423,3.831452983,26.327430294,712.359408303,3.837977895,-26.326416960
laser 003,circular_cone,2109.718052,1785.000000,-0.060328956,3.830491452,26.424386169,712.359136760,3.837040701,-26.423371810
laser 003,circular_cone,2109.712149,1786.000000,-0.062164548,3.829930436,26.521390200,712.360155151,3.836561391,-26.520364257
laser 003,circular_cone,2109.678213,1787.000000,-0.055212116,3.826603441,26.618061276,712.352255153,3.832919454,-26.617096754
laser 003,circular_cone,2109.602916,1788.000000,-0.035294856,3.819195711,26.714236715,712.331198033,3.824611610,-26.713441313
laser 003,circular_cone,2109.517213,1789.000000,-0.012116228,3.810761818,26.810281967,712.306831233,3.815130402,-26.809682780
laser 003,circular_cone,2109.534050,1790.000000,-0.021073563,3.812444277,26.907553314,712.315077123,3.817216011,-26.906883380
laser 003,circular_cone,2109.545250,1791.000000,-0.028263165,3.813570655,27.004759046,712.321529057,3.818665752,-27.004033050
laser 003,circular_cone,2109.523364,1792.000000,-0.025081917,3.811432869,27.101566091,712.317456345,3.816383239,-27.100870186
laser 003,circular_cone,2109.557007,1793.000000,-0.039303315,3.814773470,27.199046887,712.331044362,3.820364586,-27.198236505
laser 003,circular_cone,2109.517879,1794.000000,-0.030715507,3.810934617,27.295644139,712.321484955,3.816136980,-27.294908761
laser 003,circular_cone,2109.376738,1795.000000,0.009843873,3.797032344,27.390990652,712.279479994,3.800402910,-27.390595872
laser 003,circular_cone,2109.216662,1796.000000,0.056332938,3.781264106,27.486093574,712.231457558,3.782535237,-27.486088650
laser 003,circular_cone,2109.144005,1797.000000,0.075427650,3.774119387,27.582260784,712.211235694,3.774527535,-27.582418146
laser 003,circular_cone,2107.149702,2004.000000,-0.033361957,3.582096845,47.650958295,712.147273062,3.587188095,-47.650966983
laser 003,circular_cone,2107.168853,2005.000000,-0.042783562,3.584007175,47.748531594,712.155991444,3.589522612,-47.748465658
laser 003,circular_cone,2107.138997,2006.000000,-0.036843312,3.581087931,47.845059960,712.149124123,3.586334200,-47.845046997
laser 003,circular_cone,2107.112494,2007.000000,-0.031952882,3.578499174,47.941658478,712.143321949,3.583523659,-47.941689767
laser 003,circular_cone,2107.115560,2008.000000,-0.036329175,3.578824354,48.038890200,712.146921532,3.584045307,-48.038888771
laser 003,circular_cone,2107.139083,2009.000000,-0.047116419,3.581165553,48.136563036,712.157025469,3.586872333,-48.136475640
laser 003,circular_cone,2107.167938,2010.000000,-0.059574146,3.584032314,48.234353750,712.168824211,3.590300318,-48.234166511
laser 003,circular_cone,2107.195047,2011.000000,-0.071483803,3.586727112,48.332110211,712.180066888,3.593531603,-48.331827682
laser 003,circular_cone,2107.220252,2012.000000,-0.082795803,3.589234358,48.429828769,712.190703191,3.596548361,-48.429455913
laser 003,circular_cone,2107.240335,2013.000000,-0.092501284,3.591236871,48.527439401,712.199709571,3.598987877,-48.526989564
laser 003,circular_cone,2107.237809,2014.000000,-0.095118076,3.591011079,48.624561531,712.201524031,3.598879141,-48.624093590
laser 003,circular_cone,2107.195584,2015.000000,-0.085288576,3.586872614,48.720820201,712.190710985,3.594295970,-48.720437536
laser 003,circular_cone,2107.135641,2016.000000,-0.069904070,3.580988116,48.816689721,712.174262098,3.587716043,-48.816438471
laser 003,circular_cone,2107.089246,2017.000000,-0.058765711,3.576439019,48.912851067,712.162121227,3.582663166,-48.912695963
laser 003,circular_cone,2107.061348,2018.000000,-0.053424377,3.573712881,49.009414330,712.155861812,3.579694897,-49.009307223
laser 003,circular_cone,2107.039256,2019.000000,-0.049901794,3.571558950,49.106103475,712.151447652,3.577380924,-49.106029257
laser 003,circular_cone,2107.008653,2020.000000,-0.043710296,3.568566351,49.202604540,712.144325757,3.574107823,-49.202585380
laser 003,circular_cone,2106.968312,2021.000000,-0.034465430,3.564614234,49.298889408,712.134106090,3.569737390,-49.298950665
laser 003,circular_cone,2106.926051,2022.000000,-0.024617806,3.560473043,49.395129346,712.123274933,3.565150679,-49.395276028
laser 003,circular_cone,2106.898523,2023.000000,-0.019386876,3.557783683,49.491692302,712.117127688,3.562224173,-49.491886062
laser 003,circular_cone,2106.895245,2024.000000,-0.021755303,3.557483821,49.588791006,712.118690397,3.562030160,-49.588968724
laser 003,circular_cone,2106.903984,2025.000000,-0.027889024,3.558368070,49.686157084,712.124073191,3.563190206,-49.686287485
laser 003,circular_cone,2106.906283,2026.000000,-0.032003122,3.558617768,49.783381613,712.127406984,3.563624546,-49.783481472
laser 003,circular_cone,2106.910159,2027.000000,-0.036610357,3.559022876,49.880642404,712.131241095,3.564236553,-49.880707625
laser 003,circular_cone,2106.926679,2028.000000,-0.045179656,3.560673926,49.978186765,712.139094903,3.566273331,-49.978184439
laser 003,circular_cone,2106.932177,2029.000000,-0.050293078,3.561238911,50.075486907,712.143442569,3.567068062,-50.075445739
laser 003,circular_cone,2106.912395,2030.000000,-0.047481268,3.559312818,50.172221795,712.139749757,3.565014012,-50.172207610
laser 003,circular_cone,2106.881413,2031.000000,-0.041157674,3.556283133,50.268704359,712.132494118,3.561697867,-50.268746327
laser 003,circular_cone,2106.860671,2032.000000,-0.038042607,3.554262516,50.365415571,712.128493691,3.559535607,-50.365487041
laser 003,circular_cone,2106.864883,2033.000000,-0.042748005,3.554700780,50.462688472,712.132427454,3.560185203,-50.462724488
laser 003,circular_cone,2106.881507,2034.000000,-0.051342835,3.556362113,50.560243023,712.140307196,3.562233418,-50.560211280
laser 003,circular_cone,2106.889295,2035.000000,-0.057166937,3.557152801,50.657599969,712.145375931,3.563285931,-50.657523479
laser 003,circular_cone,2106.881152,2036.000000,-0.057996161,3.556373673,50.754597268,712.145377190,3.562543186,-50.754517519
laser 003,circular_cone,2106.874680,2037.000000,-0.059347974,3.555759214,50.851632741,712.145908648,3.561988698,-50.851545392
laser 003,circular_cone,2106.885939,2038.000000,-0.066256646,3.556891976,50.949072169,712.152077735,3.563432239,-50.948931066
laser 003,circular_cone,2106.888076,2039.000000,-0.070304751,3.557125875,51.046305459,712.155344687,3.563847805,-51.046134361
laser 003,circular_cone,2106.868752,2040.000000,-0.067624260,3.555244999,51.143049481,712.151785281,3.561844904,-51.142904274
laser 003,circular_cone,2106.840751,2041.000000,-0.062222630,3.552509133,51.239594108,712.145465224,3.558864194,-51.239497395
laser 003,circular_cone,2106.817866,2042.000000,-0.058423536,3.550277433,51.336254568,712.140771015,3.556459981,-51.336193037
laser 003,circular_cone,2106.778715,2043.000000,-0.049524588,3.546443012,51.432540199,712.130902894,3.552222867,-51.432556209
laser 003,circular_cone,2106.735693,2044.000000,-0.039411297,3.542227290,51.528734257,712.119802829,3.547549642,-51.528837894
laser 003,circular_cone,2106.721465,2045.000000,-0.038322285,3.540848723,51.625589620,712.117858156,3.546120883,-51.625705930
laser 003,circular_cone,2106.732628,2046.000000,-0.045190810,3.541971943,51.723031388,712.123986607,3.547553073,-51.723094275
laser 003,circular_cone,2106.741785,2047.000000,-0.051429475,3.542897542,51.820428606,712.129476053,3.548759213,-51.820443302
laser 003,circular_cone,2106.747351,2048.000000,-0.056541411,3.543469336,51.917744247,712.133822409,3.549560694,-51.917720111
laser 003,circular_cone,2106.762692,2049.000000,-0.064716365,3.545004326,52.015288451,712.141276263,3.551463620,-52.015200041
laser 003,circular_cone,2106.788359,2050.000000,-0.076127287,3.547556859,52.113075333,712.152013062,3.554530145,-52.112895772
laser 003,circular_cone,2106.803974,2051.000000,-0.084386203,3.549118962,52.210630898,712.159552086,3.556463975,-52.210386366
laser 003,circular_cone,2106.791515,2052.000000,-0.083843180,3.547914698,52.307532640,712.158161402,3.555234164,-52.307296245
laser 003,circular_cone,2106.759539,2053.000000,-0.077180690,3.544787291,52.403977260,712.150562446,3.551805010,-52.403799829
laser 003,circular_cone,2106.733915,2054.000000,-0.072508311,3.542285849,52.500569026,712.144982518,3.549091644,-52.500434029
laser 003,circular_cone,2106.723449,2055.000000,-0.072586437,3.541278026,52.597515694,712.144222063,3.548086311,-52.597383673
laser 003,circular_cone,2106.730989,2056.000000,-0.078307878,3.542044432,52.694886284,712.149186831,3.549109916,-52.694710368
laser 003,circular_cone,2106.743126,2057.000000,-0.085469320,3.543263836,52.792366878,712.155612497,3.550651515,-52.792135106
laser 003,circular_cone,2106.729895,2058.000000,-0.084677040,3.541983578,52.889249990,712.153969043,3.549334463,-52.889028424
laser 003,circular_cone,2106.685861,2059.000000,-0.074227311,3.537668183,52.985403665,712.142528054,3.544546386,-52.985272516
laser 003,circular_cone,2106.648719,2060.000000,-0.065937117,3.534031997,53.081717909,712.133277969,3.540534990,-53.081659242
laser 003,circular_cone,2106.648314,2061.000000,-0.069161860,3.534015569,53.178902690,712.135709883,3.540663076,-53.178820864
laser 003,circular_cone,2106.657726,2062.000000,-0.075462864,3.534966437,53.276322024,712.141262683,3.541897304,-53.276191489
laser 003,circular_cone,2106.662530,2063.000000,-0.080318238,3.535463293,53.373633212,712.145348889,3.542612274,-53.373465973
laser 003,circular_cone,2106.648361,2064.000000,-0.079224676,3.534090705,53.470492468,712.143399898,3.541189295,-53.470337937
laser 003,circular_cone,2106.606877,2065.000000,-0.069567190,3.530026785,53.566697687,712.132762823,3.536688454,-53.566626993
laser 003,circular_cone,2106.565477,2066.000000,-0.059935081,3.525971266,53.662902258,712.122151535,3.532197160,-53.662915190
laser 003,circular_cone,2106.574625,2067.000000,-0.066147148,3.526896098,53.760318257,712.127614166,3.533401341,-53.760283217
laser 003,circular_cone,2106.645433,2068.000000,-0.091687827,3.533896377,53.859219716,712.152685609,3.541553361,-53.858976166
laser 003,circular_cone,2106.710943,2069.000000,-0.115568170,3.540375111,53.958000638,712.176072605,3.549108898,-53.957562368
laser 003,circular_cone,2106.738894,2070.000000,-0.127672907,3.543153065,54.055881093,712.187513276,3.552432166,-54.055345907
laser 003,circular_cone,2106.731173,2071.000000,-0.128592425,3.542415858,54.152901763,712.187606610,3.551735431,-54.152362564
laser 003,circular_cone,2106.702446,2072.000000,-0.122924754,3.539608699,54.249413497,712.181017310,3.548671433,-54.248924996
laser 003,circular_cone,2106.658675,2073.000000,-0.112539382,3.535319194,54.345558359,712.169641978,3.543912158,-54.345159740
laser 003,circular_cone,2106.590939,2074.000000,-0.094639963,3.528668492,54.441117430,712.150643767,3.536452540,-54.440871101
laser 003,circular_cone,2106.528258,2075.000000,-0.078324898,3.522516193,54.536794786,712.133252924,3.529562836,-54.536687589
laser 003,circular_cone,2106.518691,2076.000000,-0.078659531,3.521597193,54.633764150,712.132753038,3.528657912,-54.633657796
laser 003,circular_cone,2106.569160,2077.000000,-0.097814018,3.526593465,54.732201703,712.151345641,3.534517690,-54.731939880
laser 003,circular_cone,2106.639128,2078.000000,-0.123081793,3.533511394,54.831122335,712.176140049,3.542575046,-54.830654268
laser 003,circular_cone,2106.694027,2079.000000,-0.143625364,3.538944875,54.929680226,712.196141787,3.548934730,-54.929045153
laser 003,circular_cone,2106.711967,2080.000000,-0.152580119,3.540736495,55.027335110,712.204386847,3.551129493,-55.026629284
laser 003,circular_cone,2106.671540,2081.000000,-0.143232688,3.536776416,55.123554809,712.194064684,3.546746494,-55.122930242
laser 003,circular_cone,2106.585307,2082.000000,-0.119522658,3.528302868,55.218641760,712.169171998,3.537201774,-55.218217744
laser 003,circular_cone,2106.508370,2083.000000,-0.098727338,3.520745826,55.313952021,712.147236296,3.528705114,-55.313704346
laser 003,circular_cone,2106.483221,2084.000000,-0.094167333,3.518291639,55.410538733,712.141771017,3.526044087,-55.410332554
laser 003,circular_cone,2106.501004,2085.000000,-0.103065580,3.520067460,55.508188936,712.149958841,3.528220505,-55.507912473
laser 003,circular_cone,2106.507603,2086.000000,-0.108456478,3.520741374,55.605563741,712.154588543,3.529136711,-55.605246124
laser 003,circular_cone,2106.486840,2087.000000,-0.105267800,3.518719335,55.702259036,712.150514494,3.526969728,-55.701971524
laser 003,circular_cone,2106.518378,2088.000000,-0.118475264,3.521850525,55.800257410,712.163073904,3.530696010,-55.799863823
laser 003,circular_cone,2106.477718,2089.000000,-0.109045976,3.517868032,55.896456252,712.152668966,3.526286905,-55.896144603
laser 003,circular_cone,2106.459376,2090.000000,-0.106612694,3.516084576,55.993210856,712.149361306,3.524392601,-55.992923037
laser 003,circular_cone,2106.476238,2091.000000,-0.115215328,3.517769728,56.090847061,712.157249260,3.526465008,-56.090491413
laser 003,circular_cone,2106.515549,2092.000000,-0.130855520,3.521666891,56.189049272,712.172276585,3.531067065,-56.188567344
laser 003,circular_cone,2106.519256,2093.000000,-0.135331705,3.522055966,56.286360388,712.175978379,3.531657150,-56.285844903
laser 003,circular_cone,2106.468805,2094.000000,-0.122826128,3.517108720,56.382308314,712.162452773,3.526144447,-56.381900315
laser 003,circular_cone,2106.393970,2095.000000,-0.102674982,3.509759220,56.477637483,712.141171061,3.517884410,-56.477400473
laser 003,circular_cone,2106.341024,2096.000000,-0.089385929,3.504566641,56.573514456,712.126850752,3.512091012,-56.573391440
laser 003,circular_cone,2106.327044,2097.000000,-0.088311819,3.503213107,56.670374408,712.124922081,3.510687979,-56.670263932
laser 003,circular_cone,2106.330463,2098.000000,-0.092691141,3.503573728,56.767675363,712.128525719,3.511245240,-56.767532135
laser 003,circular_cone,2106.341826,2099.000000,-0.099559848,3.504717018,56.865179369,712.134654743,3.512697528,-56.864982712
laser 003,circular_cone,2106.356745,2100.000000,-0.107542368,3.506210691,56.962775787,712.141913683,3.514550471,-56.962516450
laser 003,circular_cone,2106.373022,2101.000000,-0.115949649,3.507838207,57.060409047,712.149603523,3.516556429,-57.060083502
laser 003,circular_cone,2106.388570,2102.000000,-0.124127376,3.509393948,57.158026026,712.157060486,3.518480251,-57.157636179
laser 003,circular_cone,2106.350984,2103.000000,-0.115644773,3.505714624,57.254285952,712.147616304,3.514417050,-57.253970178
laser 003,circular_cone,2106.314185,2104.000000,-0.107407899,3.502112938,57.350563715,712.138421439,3.510442577,-57.350319971
laser 003,circular_cone,2106.330601,2105.000000,-0.115853974,3.503754147,57.448205160,712.146150660,3.512463981,-57.447894886
laser 003,circular_cone,2106.368151,2106.000000,-0.130925383,3.507477663,57.546392377,712.160600951,3.516866724,-57.545960546
laser 003,circular_cone,2106.391377,2107.000000,-0.141504929,3.509790001,57.644214859,712.170494454,3.519655551,-57.643698777
laser 003,circular_cone,2106.353170,2108.000000,-0.132821163,3.506049457,57.740455255,712.160846316,3.515522052,-57.740014915
laser 003,circular_cone,2106.291930,2109.000000,-0.116914796,3.500039738,57.836098030,712.143871270,3.508793389,-57.835793420
laser 003,circular_cone,2106.273350,2110.000000,-0.114382752,3.498233119,57.932840726,712.140463804,3.506871472,-57.932560764
laser 003,circular_cone,2106.322248,2111.000000,-0.133006233,3.503074630,58.031332398,712.158517470,3.512552534,-58.030901376
laser 003,circular_cone,2106.379212,2112.000000,-0.154158726,3.508711158,58.130038816,712.179136647,3.519142759,-58.129435729
laser 003,circular_cone,2106.384830,2113.000000,-0.159210478,3.509288699,58.227415185,712.183422518,3.519947296,-58.226773759
laser 003,circular_cone,2106.333344,2114.000000,-0.146355285,3.504239779,58.323304709,712.169542855,3.514317146,-58.322773670
laser 003,circular_cone,2106.259473,2115.000000,-0.126480685,3.496985621,58.418606392,712.148542474,3.506164941,-58.418244040
laser 003,circular_cone,2106.206144,2116.000000,-0.113046407,3.491755617,58.514439752,712.134075468,3.500327573,-58.514192595
laser 003,circular_cone,2106.185815,2117.000000,-0.109957605,3.489776817,58.611133654,712.130103350,3.498208348,-58.610915769
laser 003,circular_cone,2106.184502,2118.000000,-0.112829628,3.489671424,58.708325533,712.132178130,3.498231571,-58.708087411
laser 003,circular_cone,2106.183481,2119.000000,-0.115792028,3.489594809,58.805525881,712.134344604,3.498287652,-58.805266772
laser 003,circular_cone,2106.167719,2120.000000,-0.114131483,3.488065969,58.902339079,712.131821414,3.496682853,-58.902097379
laser 003,circular_cone,2106.138603,2121.000000,-0.108282903,3.485221583,58.998799782,712.125049767,3.493573483,-58.998610273
laser 003,circular_cone,2106.103560,2122.000000,-0.100574982,3.481793378,59.095102375,712.116391976,3.489796373,-59.094980501
laser 003,circular_cone,2106.078060,2123.000000,-0.095857872,3.479305334,59.191655243,712.110768190,3.487094414,-59.191576163
laser 003,circular_cone,2106.072318,2124.000000,-0.097334012,3.478763672,59.288730219,712.111427043,3.486618367,-59.288642496
laser 003,circular_cone,2106.060958,2125.000000,-0.097047623,3.477668594,59.385656535,712.110297951,3.485509354,-59.385574806
laser 003,circular_cone,2106.028524,2126.000000,-0.090153058,3.474497578,59.482022681,712.102465367,3.482026146,-59.482001830
laser 003,circular_cone,2106.011020,2127.000000,-0.087938066,3.472797316,59.578784373,712.099379894,3.480224903,-59.578785535
laser 003,circular_cone,2106.039599,2128.000000,-0.100169513,3.475636558,59.676774220,712.110949259,3.483615200,-59.676677410
laser 003,circular_cone,2106.084134,2129.000000,-0.117402943,3.480047774,59.775193658,712.127592736,3.488803234,-59.774957332
laser 003,circular_cone,2106.119715,2130.000000,-0.131828525,3.483577098,59.873378382,712.141387847,3.492982644,-59.873025861
laser 003,circular_cone,2106.137750,2131.000000,-0.140751816,3.485377956,59.971096951,712.149601303,3.495185245,-59.970673933
laser 003,circular_cone,2106.132682,2132.000000,-0.142429933,3.484902769,60.068197888,712.150465109,3.494784793,-60.067764549
laser 003,circular_cone,2106.105249,2133.000000,-0.137094154,3.482224242,60.164698023,712.144213906,3.491864431,-60.164312615
laser 003,circular_cone,2106.070221,2134.000000,-0.129375846,3.478797549,60.260992182,712.135545854,3.488088370,-60.260674492
