frame,model,u_px,v_px,residual_zg_mm,Xc_mm,Yc_mm,Zc_mm,Xg_mm,Yg_mm
laser 006,circular_cone,2128.612715,463.000000,-0.047960774,5.681670648,-101.958374142,713.480515676,5.689523924,101.964266431
laser 006,circular_cone,2128.652938,464.000000,-0.065891892,5.685696366,-101.863560427,713.497869799,5.694357342,101.869597927
laser 006,circular_cone,2128.683274,465.000000,-0.080713842,5.688736245,-101.768291355,713.512063615,5.698064582,101.774448216
laser 006,circular_cone,2128.696691,466.000000,-0.090215121,5.690088879,-101.672247765,713.520849278,5.699844415,101.678479749
laser 006,circular_cone,2128.701421,467.000000,-0.096983862,5.690575174,-101.575806545,713.526857484,5.700634568,101.582090933
laser 006,circular_cone,2128.710066,468.000000,-0.104982623,5.691451940,-101.479541922,713.534115933,5.701870712,101.485888942
laser 006,circular_cone,2128.706785,469.000000,-0.109230188,5.691139300,-101.382733662,713.537561535,5.701748131,101.389112124
laser 006,circular_cone,2128.657840,470.000000,-0.099117644,5.686272513,-101.283851943,713.526411039,5.696423222,101.290142456
laser 006,circular_cone,2128.566374,471.000000,-0.075634633,5.677165539,-101.183045464,713.501670402,5.686254614,101.189136863
laser 006,circular_cone,2128.517669,472.000000,-0.065596488,5.672323199,-101.084183104,713.490595637,5.680957511,101.090187173
laser 006,circular_cone,2128.433514,473.000000,-0.044412298,5.663946215,-100.983719843,713.468191734,5.671622658,100.989543910
laser 006,circular_cone,2128.392589,474.000000,-0.036818889,5.659880083,-100.885217309,713.459601976,5.667212113,100.890974373
laser 006,circular_cone,2128.379777,475.000000,-0.038062673,5.658617106,-100.787986969,713.459994630,5.666003614,100.793750503
laser 006,circular_cone,2128.387055,476.000000,-0.045621298,5.659357265,-100.691663145,713.466805880,5.667083288,100.697485652
laser 006,circular_cone,2128.410622,477.000000,-0.058300071,5.661721626,-100.596071916,713.478821382,5.670018276,100.601995966
laser 006,circular_cone,2128.435721,478.000000,-0.071459741,5.664238830,-100.500546633,713.491325671,5.673127813,100.506576224
laser 006,circular_cone,2128.412995,479.000000,-0.069581958,5.661987282,-100.402866433,713.488545529,5.670789844,100.408876542
laser 006,circular_cone,2128.352891,480.000000,-0.055951576,5.656008842,-100.303507184,713.473819812,5.664194498,100.309400097
laser 006,circular_cone,2128.304719,481.000000,-0.046071879,5.651220330,-100.204687980,713.462906425,5.658958379,100.210494883
laser 006,circular_cone,2128.274595,482.000000,-0.041865221,5.648231383,-100.106681547,713.457759271,5.655777892,100.112449605
laser 006,circular_cone,2128.251628,483.000000,-0.039907478,5.645956045,-100.008997434,713.454897988,5.653412525,100.014745345
laser 006,circular_cone,2128.237077,484.000000,-0.040594377,5.644519804,-99.911691057,713.454724793,5.652005628,99.917440810
laser 006,circular_cone,2128.237552,485.000000,-0.046003919,5.644581651,-99.815056945,713.459351786,5.652309989,99.820847804
laser 006,circular_cone,2128.247256,486.000000,-0.054313786,5.645563643,-99.718834128,713.466926722,5.653665409,99.724690208
laser 006,circular_cone,2128.244568,487.000000,-0.058726782,5.645310158,-99.622056277,713.470540827,5.653609457,99.627945178
laser 006,circular_cone,2128.222766,488.000000,-0.057129530,5.643151004,-99.524425232,713.468046051,5.651376547,99.530296985
laser 006,circular_cone,2128.183666,489.000000,-0.050093088,5.639267313,-99.426024421,713.460022847,5.647173590,99.431833803
laser 006,circular_cone,2128.141225,490.000000,-0.042005420,5.635050653,-99.327477322,713.450931206,5.642590214,99.333215594
laser 006,circular_cone,2128.117451,491.000000,-0.039785024,5.632695052,-99.229762878,713.447803152,5.640132731,99.235478821
laser 006,circular_cone,2128.112981,492.000000,-0.043631966,5.632263920,-99.132906914,713.450842013,5.639873583,99.138650973
laser 006,circular_cone,2128.117411,493.000000,-0.050275661,5.632720056,-99.036445241,713.456723524,5.640627943,99.042240668
laser 006,circular_cone,2128.117086,494.000000,-0.055423454,5.632702164,-98.939771358,713.461084598,5.640840753,98.945605717
laser 006,circular_cone,2128.138860,495.000000,-0.067517604,5.634887432,-98.844075218,713.472505985,5.643570266,98.850006260
laser 006,circular_cone,2128.171535,496.000000,-0.083038137,5.638159586,-98.748858528,713.487409949,5.647541323,98.754914742
laser 006,circular_cone,2128.184772,497.000000,-0.092446709,5.639493877,-98.652778768,713.496101691,5.649298639,98.658909338
laser 006,circular_cone,2128.173909,498.000000,-0.094277161,5.638425405,-98.555632543,713.497091029,5.648311134,98.561774464
laser 006,circular_cone,2128.149933,499.000000,-0.091983747,5.636049587,-98.457907721,713.493888890,5.645830142,98.464026707
laser 006,circular_cone,2128.117860,500.000000,-0.087143587,5.632866563,-98.359827104,713.488098273,5.642426990,98.365901982
laser 006,circular_cone,2128.070612,501.000000,-0.077531611,5.628170765,-98.261080144,713.477457630,5.637295677,98.267071241
laser 006,circular_cone,2128.000016,502.000000,-0.060578941,5.621147623,-98.161309426,713.459355986,5.629505678,98.167155710
laser 006,circular_cone,2127.929416,503.000000,-0.043624841,5.614124467,-98.061543796,713.441252952,5.621715602,98.067245257
laser 006,circular_cone,2127.905639,504.000000,-0.041388914,5.611768875,-97.963838533,713.438109427,5.619257432,97.969517538
laser 006,circular_cone,2127.906726,505.000000,-0.046967809,5.611891728,-97.867224559,713.442908849,5.619630451,97.872946081
laser 006,circular_cone,2127.885968,506.000000,-0.045678618,5.609837096,-97.769652544,713.440727622,5.617515975,97.775359482
laser 006,circular_cone,2127.872091,507.000000,-0.046551329,5.608468371,-97.672382430,713.440743753,5.616184990,97.678092759
laser 006,circular_cone,2127.888572,508.000000,-0.056965977,5.610125689,-97.576439686,713.450458214,5.618310748,97.582232736
laser 006,circular_cone,2127.920211,509.000000,-0.072144872,5.613294039,-97.481156549,713.465014989,5.622162586,97.487071931
laser 006,circular_cone,2127.938835,510.000000,-0.083231533,5.615165109,-97.385301796,713.475412462,5.624532431,97.391305487
laser 006,circular_cone,2127.941621,511.000000,-0.089338127,5.615457404,-97.288754025,713.480748266,5.625098712,97.294804620
laser 006,circular_cone,2127.931556,512.000000,-0.091403508,5.614468647,-97.191645358,713.481976657,5.624201531,97.197709260
laser 006,circular_cone,2127.917813,513.000000,-0.092311457,5.613113257,-97.094376534,713.482028672,5.622885474,97.100444120
laser 006,circular_cone,2127.922758,514.000000,-0.099093456,5.613620787,-96.997920071,713.488050976,5.623697478,97.004040177
laser 006,circular_cone,2127.954425,515.000000,-0.114275637,5.616792187,-96.902622386,713.502611058,5.627552516,96.908864852
laser 006,circular_cone,2127.967229,516.000000,-0.123526548,5.618083239,-96.806502772,713.511142711,5.629259483,96.812818284
laser 006,circular_cone,2127.902175,517.000000,-0.108297871,5.611612768,-96.707007290,713.494793872,5.622099978,96.713192327
laser 006,circular_cone,2127.793180,518.000000,-0.079255165,5.600762676,-96.605614627,713.464404848,5.609937321,96.611554340
laser 006,circular_cone,2127.691459,519.000000,-0.052500448,5.590638525,-96.504545312,713.436341370,5.598603880,96.510258724
laser 006,circular_cone,2127.628235,520.000000,-0.037847137,5.584351836,-96.405146832,713.420577526,5.591654130,96.410734553
laser 006,circular_cone,2127.612375,521.000000,-0.038080651,5.582785705,-96.307796498,713.419944293,5.590096893,96.313382297
laser 006,circular_cone,2127.630923,522.000000,-0.049128347,5.584648755,-96.211929629,713.430302300,5.592456962,96.217603415
laser 006,circular_cone,2127.671032,523.000000,-0.066952698,5.588660771,-96.116988617,713.447547890,5.597271880,96.122806730
laser 006,circular_cone,2127.715723,524.000000,-0.086217075,5.593129675,-96.022240309,713.466257055,5.602608685,96.028214721
laser 006,circular_cone,2127.732383,525.000000,-0.096669022,5.594804816,-95.926282452,713.476009529,5.604753956,95.932339898
laser 006,circular_cone,2127.723065,526.000000,-0.098953262,5.593890657,-95.829206769,713.477460619,5.603941258,95.835279343
laser 006,circular_cone,2127.704895,527.000000,-0.098453563,5.592094202,-95.731751201,713.476082228,5.602120603,95.737815758
laser 006,circular_cone,2127.687642,528.000000,-0.098241008,5.590389167,-95.634335489,713.474995702,5.600404330,95.640394415
laser 006,circular_cone,2127.664732,529.000000,-0.096248959,5.588120317,-95.536678121,713.472100587,5.598043920,95.542716623
laser 006,circular_cone,2127.600307,530.000000,-0.081205358,5.581713851,-95.437246615,713.455940409,5.590956780,95.443156185
laser 006,circular_cone,2127.483464,531.000000,-0.049684998,5.570083886,-95.335580986,713.423033973,5.577902421,95.341224637
laser 006,circular_cone,2127.458073,532.000000,-0.046910220,5.567568110,-95.237826675,713.419343457,5.575259756,95.243443395
laser 006,circular_cone,2127.439716,533.000000,-0.046345229,5.565753323,-95.140373368,713.417898902,5.573417824,95.145981528
laser 006,circular_cone,2127.487089,534.000000,-0.066439459,5.570488776,-95.045719391,713.437451499,5.579058640,95.051490750
laser 006,circular_cone,2127.534636,535.000000,-0.086588237,5.575241826,-94.951067797,713.457059510,5.584719514,94.957002809
laser 006,circular_cone,2127.451548,536.000000,-0.065672294,5.566976051,-94.850859768,713.434931207,5.575508005,94.856617027
laser 006,circular_cone,2127.492163,537.000000,-0.083639568,5.571038164,-94.755909236,713.452322035,5.580379475,94.761812011
laser 006,circular_cone,2127.449647,538.000000,-0.075474626,5.566815748,-94.657428810,713.443153327,5.575786874,94.663259842
laser 006,circular_cone,2127.447601,539.000000,-0.080029775,5.566626437,-94.560665525,713.446912727,5.575801531,94.566530567
laser 006,circular_cone,2127.468549,540.000000,-0.091811803,5.568728636,-94.464874524,713.458017168,5.578433902,94.470833659
laser 006,circular_cone,2127.475229,541.000000,-0.099107804,5.569408965,-94.368477490,713.464562239,5.579441915,94.374493422
laser 006,circular_cone,2127.454162,542.000000,-0.097680421,5.567324088,-94.270906983,713.462241334,5.577290971,94.276907188
laser 006,circular_cone,2127.403369,543.000000,-0.086907790,5.562276908,-94.172083172,713.450422455,5.571755903,94.177989954
laser 006,circular_cone,2127.354199,544.000000,-0.076644593,5.557391649,-94.073331232,713.439121383,5.566405751,94.079148828
laser 006,circular_cone,2127.340864,545.000000,-0.077644362,5.556077418,-93.976091258,713.439267394,5.565135010,93.981913306
laser 006,circular_cone,2127.365468,546.000000,-0.090568424,5.558543807,-93.880447047,713.451532579,5.568183121,93.886372683
laser 006,circular_cone,2127.378709,547.000000,-0.099919808,5.559877919,-93.784322300,713.460166697,5.569937695,93.790321822
laser 006,circular_cone,2127.350849,548.000000,-0.096350307,5.557116240,-93.686470315,713.455668813,5.567013261,93.692436301
laser 006,circular_cone,2127.308297,549.000000,-0.088161548,5.552890579,-93.588003767,713.446476231,5.562416344,93.593897814
laser 006,circular_cone,2127.285306,550.000000,-0.086120426,5.550614208,-93.490359206,713.443531760,5.560046206,93.496232425
laser 006,circular_cone,2127.287191,551.000000,-0.091897431,5.550816655,-93.393756424,713.448533157,5.560507778,93.399673813
laser 006,circular_cone,2127.277502,552.000000,-0.094035239,5.549865801,-93.296668724,713.449835921,5.559651784,93.302600027
laser 006,circular_cone,2127.274295,553.000000,-0.098209419,5.549560863,-93.199851493,713.453208333,5.559533623,93.205813641
laser 006,circular_cone,2127.312877,554.000000,-0.115518581,5.553420147,-93.104776551,713.469930257,5.564172566,93.110878744
laser 006,circular_cone,2127.358155,555.000000,-0.134932304,5.557946900,-93.009976342,713.488791090,5.569573971,93.016236077
laser 006,circular_cone,2127.353920,556.000000,-0.138780168,5.557539555,-92.913110220,713.491831858,5.569338676,92.919398087
laser 006,circular_cone,2127.302788,557.000000,-0.127884204,5.552458783,-92.814293397,713.479888069,5.563764455,92.820486820
laser 006,circular_cone,2127.241046,558.000000,-0.113652331,5.546320956,-92.715039388,713.464553955,5.556982604,92.721110632
laser 006,circular_cone,2127.192963,559.000000,-0.103713453,5.541544423,-92.616356559,713.453582977,5.551755823,92.622341316
laser 006,circular_cone,2127.166111,560.000000,-0.100447238,5.538883502,-92.518556899,713.449393638,5.548945841,92.524510645
laser 006,circular_cone,2127.146361,561.000000,-0.099412277,5.536930263,-92.421052618,713.447472004,5.546944255,92.426993901
laser 006,circular_cone,2127.112108,562.000000,-0.093817575,5.533532012,-92.322949232,713.440916227,5.543291842,92.328840145
laser 006,circular_cone,2127.073782,563.000000,-0.086941667,5.529728034,-92.224679572,713.433058370,5.539175873,92.230509464
laser 006,circular_cone,2127.061246,564.000000,-0.088170832,5.528493662,-92.127476604,713.433437897,5.537995351,92.133312858
laser 006,circular_cone,2127.072067,565.000000,-0.096740320,5.529586435,-92.031236647,713.441277549,5.539473299,92.037140288
laser 006,circular_cone,2127.070163,566.000000,-0.101309041,5.529411380,-91.934470690,713.445051152,5.539502836,91.940408457
laser 006,circular_cone,2127.051862,567.000000,-0.100722702,5.527602631,-91.837029319,713.443585596,5.537665992,91.842958355
laser 006,circular_cone,2127.034857,568.000000,-0.100542583,5.525923028,-91.739641797,713.442532910,5.535976629,91.745565479
laser 006,circular_cone,2127.023869,569.000000,-0.102252574,5.524842927,-91.642501763,713.443401192,5.534972084,91.648435805
laser 006,circular_cone,2127.007421,570.000000,-0.102245241,5.523218849,-91.545137771,713.442524152,5.533346047,91.551067896
laser 006,circular_cone,2126.989868,571.000000,-0.101889446,5.521484697,-91.447728940,713.441292989,5.531594209,91.453652251
laser 006,circular_cone,2126.985154,572.000000,-0.105568018,5.521029707,-91.350846022,713.444162016,5.531303633,91.356796059
laser 006,circular_cone,2126.982874,573.000000,-0.110010513,5.520817224,-91.254062007,713.447807438,5.531290045,91.260045123
laser 006,circular_cone,2126.970578,574.000000,-0.111303636,5.519606853,-91.156868186,713.448252139,5.530136417,91.162858197
laser 006,circular_cone,2126.948130,575.000000,-0.109404642,5.517385065,-91.059260322,713.445452691,5.527827287,91.065230690
laser 006,circular_cone,2126.927068,576.000000,-0.107940170,5.515301393,-90.961709889,713.443094877,5.525675886,90.967664227
laser 006,circular_cone,2126.916990,577.000000,-0.109927001,5.514312038,-90.864607371,713.444244659,5.524774586,90.870574371
laser 006,circular_cone,2126.906896,578.000000,-0.111907655,5.513321098,-90.767504076,713.445388181,5.523871423,90.773483688
laser 006,circular_cone,2126.893842,579.000000,-0.112956784,5.512035276,-90.670280433,713.445585010,5.522631332,90.676264912
laser 006,circular_cone,2126.880854,580.000000,-0.114025510,5.510756042,-90.573059601,713.445801773,5.521398712,90.579049111
laser 006,circular_cone,2126.854511,581.000000,-0.110895428,5.508146351,-90.475297640,713.441751313,5.518646114,90.481257273
laser 006,circular_cone,2126.807772,582.000000,-0.101353694,5.503504861,-90.376711274,713.431184735,5.513572311,90.382587727
laser 006,circular_cone,2126.770182,583.000000,-0.094686622,5.499774913,-90.278497998,713.423539709,5.509539805,90.284315168
laser 006,circular_cone,2126.769875,584.000000,-0.099736360,5.499759005,-90.181793063,713.427802462,5.509750207,90.187648362
laser 006,circular_cone,2126.787313,585.000000,-0.110362308,5.501510823,-90.085803216,713.437732293,5.511980031,90.091743001
laser 006,circular_cone,2126.774414,586.000000,-0.111452119,5.500240546,-89.988587993,713.437970610,5.510757323,89.994532984
laser 006,circular_cone,2126.713802,587.000000,-0.097544628,5.494217347,-89.889451733,713.422967316,5.504104754,89.895277249
laser 006,circular_cone,2126.656503,588.000000,-0.084677859,5.488524429,-89.790453086,713.409021753,5.497829442,89.796167781
laser 006,circular_cone,2126.654237,589.000000,-0.089105990,5.488313383,-89.693669435,713.412652863,5.497816649,89.699417090
laser 006,circular_cone,2126.657054,590.000000,-0.095130512,5.488608657,-89.597088975,713.417906376,5.498382235,89.602882863
laser 006,circular_cone,2126.642879,591.000000,-0.095813559,5.487211384,-89.499826083,713.417731426,5.497014172,89.505621796
laser 006,circular_cone,2126.608876,592.000000,-0.090263863,5.483839119,-89.401769418,713.411222250,5.493389789,89.407515141
laser 006,circular_cone,2126.565141,593.000000,-0.081654657,5.479497598,-89.303325456,713.401603777,5.488658051,89.308995754
laser 006,circular_cone,2126.557722,594.000000,-0.084457500,5.478773316,-89.206335371,713.403583220,5.488058664,89.212025118
laser 006,circular_cone,2126.593808,595.000000,-0.100931924,5.482382321,-89.111081372,713.419456857,5.492409663,89.116904228
laser 006,circular_cone,2126.622560,596.000000,-0.115100785,5.485260950,-89.015530885,713.432987376,5.495926220,89.021467683
laser 006,circular_cone,2126.629889,597.000000,-0.122535595,5.486005719,-88.919123680,713.439674205,5.497004959,88.925118435
laser 006,circular_cone,2126.601184,598.000000,-0.118643771,5.483161170,-88.821281211,713.434850027,5.493983126,88.827239759
laser 006,circular_cone,2126.545034,599.000000,-0.106125207,5.477583020,-88.722349581,713.421258722,5.487838303,88.728200204
laser 006,circular_cone,2126.494328,600.000000,-0.095316946,5.472547326,-88.623638016,713.409405610,5.482313136,88.629394934
laser 006,circular_cone,2126.472106,601.000000,-0.093459551,5.470348740,-88.526059332,713.406649082,5.480029095,88.531796957
laser 006,circular_cone,2126.515445,602.000000,-0.112205403,5.474680031,-88.431078341,713.424831112,5.485204910,88.436967959
laser 006,circular_cone,2126.493030,603.000000,-0.110284915,5.472462187,-88.333491026,713.422010493,5.482898765,88.339360826
laser 006,circular_cone,2126.470590,604.000000,-0.108355449,5.470241887,-88.235903683,713.419180775,5.480589758,88.241753592
laser 006,circular_cone,2126.435620,605.000000,-0.102486976,5.466773664,-88.137822654,713.412347991,5.476855034,88.143619925
laser 006,circular_cone,2126.394698,606.000000,-0.094746979,5.462712745,-88.039508994,713.403613273,5.472443136,88.045238069
laser 006,circular_cone,2126.342692,607.000000,-0.083522843,5.457548090,-87.940761365,713.391337777,5.466770239,87.946393278
laser 006,circular_cone,2126.330338,608.000000,-0.084758629,5.456332462,-87.843577360,713.391724928,5.465608778,87.849215696
laser 006,circular_cone,2126.378894,609.000000,-0.105135061,5.461182930,-87.748787270,713.411564061,5.471377371,87.754591156
laser 006,circular_cone,2126.427845,610.000000,-0.125635514,5.466073005,-87.654007589,713.431529204,5.477191171,87.659978055
laser 006,circular_cone,2126.426347,611.000000,-0.130279767,5.465938576,-87.557244242,713.435380260,5.477264759,87.563249468
laser 006,circular_cone,2126.378157,612.000000,-0.120248129,5.461153767,-87.458650944,713.424316789,5.472025536,87.464568923
laser 006,circular_cone,2126.338072,613.000000,-0.112762890,5.457176319,-87.360378032,713.415841167,5.467708612,87.366229933
laser 006,circular_cone,2126.325991,614.000000,-0.114077542,5.455987905,-87.263202157,713.416308551,5.466577927,87.269061138
laser 006,circular_cone,2126.324281,615.000000,-0.118650392,5.455832364,-87.166431236,713.420087122,5.466627181,87.172324385
laser 006,circular_cone,2126.323115,616.000000,-0.123393085,5.455731008,-87.069680690,713.424038307,5.466738288,87.075609417
laser 006,circular_cone,2126.322391,617.000000,-0.128273569,5.455673682,-86.972946473,713.428129534,5.466899644,86.978911925
laser 006,circular_cone,2126.311911,618.000000,-0.130086769,5.454644741,-86.875831710,713.429103631,5.465950936,86.881808387
laser 006,circular_cone,2126.273408,619.000000,-0.123091742,5.450824990,-86.777627690,713.421126362,5.461813839,86.783542366
laser 006,circular_cone,2126.210558,620.000000,-0.108444342,5.444580749,-86.678480863,713.405372397,5.454906844,86.684269922
laser 006,circular_cone,2126.155822,621.000000,-0.096346330,5.439144795,-86.579653244,713.392209305,5.448923209,86.585337879
laser 006,circular_cone,2126.133272,622.000000,-0.094361880,5.436914036,-86.482076091,713.389324161,5.446601269,86.487740380
laser 006,circular_cone,2126.120546,623.000000,-0.095463451,5.435661554,-86.384879993,713.389575206,5.445396901,86.390549592
laser 006,circular_cone,2126.104130,624.000000,-0.095404299,5.434041647,-86.287541412,713.388646689,5.443772717,86.293206672
laser 006,circular_cone,2126.101539,625.000000,-0.099688448,5.433798396,-86.190736937,713.392132054,5.443721234,86.196433966
laser 006,circular_cone,2126.117632,626.000000,-0.109842974,5.435415662,-86.094652133,713.401583165,5.445795242,86.100429733
laser 006,circular_cone,2126.121309,627.000000,-0.116094687,5.435796593,-85.998086744,713.407068068,5.446456752,86.003912470
laser 006,circular_cone,2126.112496,628.000000,-0.118420169,5.434933790,-85.901039527,713.408562978,5.445697309,85.906880739
laser 006,circular_cone,2126.093860,629.000000,-0.117657514,5.433092838,-85.803614602,713.406919615,5.443820327,85.809445626
laser 006,circular_cone,2126.062992,630.000000,-0.113049740,5.430033894,-85.705720790,713.401368714,5.440551796,85.711509662
laser 006,circular_cone,2126.027268,631.000000,-0.106914922,5.426491489,-85.607642512,713.394266006,5.436730877,85.613376537
laser 006,circular_cone,2126.000496,632.000000,-0.103592199,5.423840528,-85.509909204,713.390021090,5.433928333,85.515611759
laser 006,circular_cone,2125.992331,633.000000,-0.106115473,5.423042312,-85.412889007,713.391717112,5.433242407,85.418608693
laser 006,circular_cone,2125.990970,634.000000,-0.110775725,5.422921584,-85.316128509,713.395584821,5.433330427,85.321883091
laser 006,circular_cone,2125.996447,635.000000,-0.117583699,5.423481736,-85.219628126,713.401635127,5.434196269,85.225435459
laser 006,circular_cone,2126.021657,636.000000,-0.130591887,5.426006797,-85.123878582,713.413986293,5.437306882,85.129790211
laser 006,circular_cone,2126.056959,637.000000,-0.146770963,5.429536889,-85.028510223,713.429559802,5.441565652,85.034552508
laser 006,circular_cone,2126.061505,638.000000,-0.153283367,5.430004434,-84.931967930,713.435309738,5.442325548,84.938060509
laser 006,circular_cone,2126.019180,639.000000,-0.145064145,5.425804673,-84.833643389,713.426088985,5.437753191,84.839663794
laser 006,circular_cone,2125.963070,640.000000,-0.132511932,5.420232440,-84.734798448,713.412464971,5.431612784,84.740710657
laser 006,circular_cone,2125.916741,641.000000,-0.123032773,5.415634313,-84.636328221,713.401963927,5.426585191,84.642157782
laser 006,circular_cone,2125.862482,642.000000,-0.111060874,5.410246802,-84.537560859,713.388929743,5.420655700,84.543287050
laser 006,circular_cone,2125.804911,643.000000,-0.098047606,5.404529772,-84.438672060,713.374837347,5.414349687,84.444286223
laser 006,circular_cone,2125.765047,644.000000,-0.090597563,5.400575812,-84.340456150,713.366398478,5.410057852,84.346004535
laser 006,circular_cone,2125.748660,645.000000,-0.090523350,5.398959186,-84.243128442,713.365455120,5.408436277,84.248672366
laser 006,circular_cone,2125.758985,646.000000,-0.098841384,5.400001890,-84.146807762,713.373040151,5.409852835,84.152416992
laser 006,circular_cone,2125.802420,647.000000,-0.117562654,5.404341020,-84.051731508,713.391197145,5.415035395,84.057492528
laser 006,circular_cone,2125.863271,648.000000,-0.141756705,5.410414405,-83.957305431,713.414915649,5.422199237,83.963263739
laser 006,circular_cone,2125.927010,649.000000,-0.166858724,5.416775754,-83.862981715,713.439556808,5.429692025,83.869144859
laser 006,circular_cone,2125.953820,650.000000,-0.180354574,5.419460256,-83.767266158,713.452403566,5.432984096,83.773537653
laser 006,circular_cone,2125.898649,651.000000,-0.168083899,5.413981631,-83.668475216,713.439066021,5.426950009,83.674640858
laser 006,circular_cone,2125.803649,652.000000,-0.143295913,5.404537671,-83.568197508,713.413008280,5.416385589,83.574153238
laser 006,circular_cone,2125.719907,653.000000,-0.122046345,5.396215231,-83.468348148,713.390546400,5.407102405,83.474123382
laser 006,circular_cone,2125.659256,654.000000,-0.108052667,5.390192056,-83.369367359,713.375458103,5.400445997,83.375022418
laser 006,circular_cone,2125.615188,655.000000,-0.099269034,5.385819946,-83.271009327,713.365664355,5.395675822,83.276587523
laser 006,circular_cone,2125.590089,656.000000,-0.096444695,5.383336246,-83.173360697,713.361926528,5.393063044,83.178911571
laser 006,circular_cone,2125.581658,657.000000,-0.098856442,5.382511801,-83.076333362,713.363509675,5.392345864,83.081900443
laser 006,circular_cone,2125.578469,658.000000,-0.102914125,5.382209183,-82.979500568,713.366765446,5.392224804,82.985097540
laser 006,circular_cone,2125.566427,659.000000,-0.104188943,5.381025295,-82.882338488,713.367193270,5.391096864,82.887942215
laser 006,circular_cone,2125.534817,660.000000,-0.099314163,5.377893549,-82.784451058,713.361371876,5.387743490,82.790010419
laser 006,circular_cone,2125.564764,661.000000,-0.113780101,5.380889453,-82.688844752,713.375204580,5.391390754,82.694520529
laser 006,circular_cone,2125.521270,662.000000,-0.105168798,5.376574730,-82.590518647,713.365586173,5.386685748,82.596118995
laser 006,circular_cone,2125.515299,663.000000,-0.108346538,5.375995216,-82.493581502,713.367947823,5.386248075,82.499204426
laser 006,circular_cone,2125.532823,664.000000,-0.118905620,5.377754483,-82.397510818,713.377810391,5.388482359,82.403217681
laser 006,circular_cone,2125.541852,665.000000,-0.126794435,5.378668160,-82.301124567,713.384959438,5.389750524,82.306893169
laser 006,circular_cone,2125.539675,666.000000,-0.131160960,5.378466343,-82.204324041,713.388529154,5.389744209,82.210125102
laser 006,circular_cone,2125.545072,667.000000,-0.137906338,5.379018503,-82.107801219,713.394516257,5.390599246,82.113654515
laser 006,circular_cone,2125.500349,668.000000,-0.128901423,5.374581445,-82.009436274,713.384498029,5.385754140,82.015210870
laser 006,circular_cone,2125.500504,669.000000,-0.133997221,5.374611781,-81.912720442,713.388808872,5.386012896,81.918533560
laser 006,circular_cone,2125.551782,670.000000,-0.155156640,5.379731259,-81.817876727,713.409443423,5.392085863,81.823861905
laser 006,circular_cone,2125.502313,671.000000,-0.144656489,5.374821702,-81.719340672,713.397905830,5.386700769,81.725234721
laser 006,circular_cone,2125.495837,672.000000,-0.147665227,5.374191985,-81.622379437,713.400095856,5.386205268,81.628294658
laser 006,circular_cone,2125.532086,673.000000,-0.164098832,5.377815415,-81.526977640,713.415928068,5.390568879,81.533025636
laser 006,circular_cone,2125.475920,674.000000,-0.151490576,5.372239246,-81.428201751,713.402248342,5.384422019,81.434141093
laser 006,circular_cone,2125.526279,675.000000,-0.172356001,5.377267288,-81.333309641,713.422584100,5.390390281,81.339418600
laser 006,circular_cone,2125.450185,676.000000,-0.153483048,5.369707403,-81.233811981,713.402538359,5.381976935,81.239760207
laser 006,circular_cone,2125.382503,677.000000,-0.137253301,5.362985277,-81.134625734,713.385178663,5.374520656,81.140435201
laser 006,circular_cone,2125.345708,678.000000,-0.130728230,5.359337786,-81.036565315,713.377680734,5.370577054,81.042316699
laser 006,circular_cone,2125.311144,679.000000,-0.124903164,5.355912446,-80.938588004,713.370894173,5.366887201,80.944287126
laser 006,circular_cone,2125.266042,680.000000,-0.115766052,5.351438356,-80.840231282,713.360742018,5.361999100,80.845850607
laser 006,circular_cone,2125.243487,681.000000,-0.113712154,5.349208423,-80.742692725,713.357787708,5.359674875,80.748291137
laser 006,circular_cone,2125.256317,682.000000,-0.122774961,5.350500284,-80.646432968,713.366129950,5.361374221,80.652102882
laser 006,circular_cone,2125.280161,683.000000,-0.135297482,5.352888413,-80.550568407,713.377987866,5.364325997,80.556338583
laser 006,circular_cone,2125.282225,684.000000,-0.140975522,5.353108802,-80.453916167,713.382890595,5.364801094,80.459729707
laser 006,circular_cone,2125.256928,685.000000,-0.138055206,5.350605932,-80.356278247,713.379055921,5.362164824,80.362063672
laser 006,circular_cone,2125.230695,686.000000,-0.134839677,5.348009946,-80.258607923,713.374921289,5.359422115,80.264362780
laser 006,circular_cone,2125.233394,687.000000,-0.140713693,5.348293538,-80.161977431,713.380023207,5.359969261,80.167777281
laser 006,circular_cone,2125.249094,688.000000,-0.150671745,5.349871135,-80.065811855,713.389275202,5.361994754,80.071690649
laser 006,circular_cone,2125.243054,689.000000,-0.153797616,5.349284962,-79.968865458,713.391584555,5.361548091,79.974766400
laser 006,circular_cone,2125.216792,690.000000,-0.150568179,5.346686107,-79.871195360,713.387435873,5.358801887,79.877065619
laser 006,circular_cone,2125.194992,691.000000,-0.148739654,5.344531390,-79.773685972,713.384710780,5.356563053,79.779537193
laser 006,circular_cone,2125.181613,692.000000,-0.149555976,5.343214814,-79.676477956,713.384673309,5.355281743,79.682332126
laser 006,circular_cone,2125.153452,693.000000,-0.145726463,5.340427071,-79.578743391,713.379914935,5.352319565,79.584561889
laser 006,circular_cone,2125.108363,694.000000,-0.136577043,5.335954677,-79.480407857,713.369750710,5.347432611,79.486146460
laser 006,circular_cone,2125.057546,695.000000,-0.125627090,5.330912398,-79.381871716,713.357756899,5.341894501,79.387515456
laser 006,circular_cone,2125.015763,696.000000,-0.117514691,5.326769314,-79.283659783,713.348646542,5.337383666,79.289232248
laser 006,circular_cone,2124.992418,697.000000,-0.115194129,5.324461145,-79.186104276,713.345421645,5.334969175,79.191653614
laser 006,circular_cone,2124.979500,698.000000,-0.116148345,5.323190614,-79.088919077,713.345524462,5.333740135,79.094472512
laser 006,circular_cone,2124.954882,699.000000,-0.113425547,5.320755826,-78.991320221,713.341890883,5.331180870,78.996847185
laser 006,circular_cone,2124.908639,700.000000,-0.103907774,5.316169240,-78.892958661,713.331352590,5.326163100,78.898402669
laser 006,circular_cone,2124.866903,701.000000,-0.095805061,5.312031269,-78.794759199,713.322252260,5.321657817,78.800132014
laser 006,circular_cone,2124.845814,702.000000,-0.094187681,5.309947811,-78.697289927,713.319742053,5.319499778,78.702645462
laser 006,circular_cone,2124.837012,703.000000,-0.096429142,5.309086947,-78.600253924,713.321153033,5.318738510,78.605624257
laser 006,circular_cone,2124.848213,704.000000,-0.104953524,5.310216424,-78.503920796,713.328948414,5.320251178,78.509358157
laser 006,circular_cone,2124.871901,705.000000,-0.117399908,5.312588448,-78.408024112,713.340729130,5.323183420,78.413561105
laser 006,circular_cone,2124.873894,706.000000,-0.123029410,5.312801755,-78.311363725,713.345582886,5.323649251,78.316943682
laser 006,circular_cone,2124.845682,707.000000,-0.119168186,5.310009522,-78.213644427,713.340792692,5.320681158,78.219188450
laser 006,circular_cone,2124.800173,708.000000,-0.109871805,5.305496275,-78.115321661,713.330479626,5.315746724,78.120784571
laser 006,circular_cone,2124.744928,709.000000,-0.097516019,5.300014485,-78.016661848,713.317057812,5.309705653,78.022018211
laser 006,circular_cone,2124.680612,710.000000,-0.082310082,5.293630442,-77.917689498,713.300739894,5.302633683,77.922915620
laser 006,circular_cone,2124.647969,711.000000,-0.077052957,5.290397759,-77.819825352,713.294531423,5.299162135,77.825003939
laser 006,circular_cone,2124.673661,712.000000,-0.090119524,5.292968798,-77.723992986,713.306942412,5.302321388,77.729276361
laser 006,circular_cone,2124.692848,713.000000,-0.101141792,5.294892726,-77.627931373,713.317276100,5.304741257,77.633302542
laser 006,circular_cone,2124.669480,714.000000,-0.098794547,5.292582777,-77.530389971,713.314024528,5.302323788,77.535737795
laser 006,circular_cone,2124.608583,715.000000,-0.084657012,5.286539175,-77.431548621,713.298792451,5.295640485,77.436775088
laser 006,circular_cone,2124.549179,716.000000,-0.070987960,5.280644382,-77.332763372,713.284036470,5.289127138,77.337872377
laser 006,circular_cone,2124.535326,717.000000,-0.071626353,5.279281220,-77.235557423,713.283818815,5.287791219,77.240667902
laser 006,circular_cone,2124.561127,718.000000,-0.084719709,5.281862928,-77.139721157,713.296257067,5.290962353,77.144936647
laser 006,circular_cone,2124.590205,719.000000,-0.098841721,5.284770747,-77.043994755,713.309740558,5.294506030,77.049323808
laser 006,circular_cone,2124.622509,720.000000,-0.113976482,5.287999635,-76.948376044,713.324253119,5.298416488,76.953827078
laser 006,circular_cone,2124.670623,721.000000,-0.134077563,5.292801660,-76.853297620,713.343812084,5.304124249,76.858911919
laser 006,circular_cone,2124.721381,722.000000,-0.155009188,5.297867025,-76.758305017,713.364214961,5.310132839,76.764089486
laser 006,circular_cone,2124.749287,723.000000,-0.168760675,5.300658816,-76.662522736,713.377321884,5.313543764,76.668417688
laser 006,circular_cone,2124.735308,724.000000,-0.169351133,5.299282993,-76.565301191,713.377055549,5.312193024,76.571197219
laser 006,circular_cone,2124.688292,725.000000,-0.159560536,5.294620010,-76.466948790,713.366240801,5.307086552,76.472759599
laser 006,circular_cone,2124.641563,726.000000,-0.149859284,5.289985745,-76.368609371,713.355516884,5.302012832,76.374335703
laser 006,circular_cone,2124.611231,727.000000,-0.145308613,5.286983006,-76.270833020,713.350026627,5.298803121,76.276517692
laser 006,circular_cone,2124.589612,728.000000,-0.143494197,5.284847191,-76.173355508,713.347316764,5.296583842,76.179021265
laser 006,circular_cone,2124.571244,729.000000,-0.142699988,5.283034850,-76.075989648,713.345643579,5.294734085,76.081644972
laser 006,circular_cone,2124.560552,730.000000,-0.144316148,5.281986210,-75.978885539,713.346419637,5.293756827,75.984550468
laser 006,circular_cone,2124.563702,731.000000,-0.150279853,5.282314713,-75.882251664,713.351613322,5.294352949,75.887962337
laser 006,circular_cone,2124.567390,732.000000,-0.156411475,5.282696757,-75.785634812,713.356977638,5.295010191,75.791392625
laser 006,circular_cone,2124.544833,733.000000,-0.154296469,5.280467688,-75.688127303,713.353962448,5.292684091,75.693863704
laser 006,circular_cone,2124.506637,734.000000,-0.147267078,5.276682774,-75.590091527,713.345953719,5.288580326,75.595765665
laser 006,circular_cone,2124.474524,735.000000,-0.142147731,5.273503125,-75.492263733,713.339885844,5.285168039,75.497891484
laser 006,circular_cone,2124.518173,736.000000,-0.160828964,5.277860732,-75.396995176,713.358002013,5.290367300,75.402774391
laser 006,circular_cone,2124.487868,737.000000,-0.156275089,5.274860917,-75.299228680,713.352508759,5.287160372,75.304966210
laser 006,circular_cone,2124.441972,738.000000,-0.146822049,5.270310122,-75.200938949,713.342037460,5.282181331,75.206594068
laser 006,circular_cone,2124.434643,739.000000,-0.149484178,5.269596153,-75.103949066,713.343876506,5.281585960,75.109622485
laser 006,circular_cone,2124.451884,740.000000,-0.159864177,5.271326498,-75.007783960,713.353557736,5.283783265,75.013539836
laser 006,circular_cone,2124.457055,741.000000,-0.166451149,5.271856101,-74.911211598,713.359384852,5.284608623,74.917018401
laser 006,circular_cone,2124.432992,742.000000,-0.163852466,5.269477379,-74.813658626,713.355878404,5.282111043,74.819439998
laser 006,circular_cone,2124.388875,743.000000,-0.154952414,5.265103703,-74.715435970,713.345969154,5.277334082,74.721139529
laser 006,circular_cone,2124.339944,744.000000,-0.144539160,5.260251290,-74.617055410,713.334522382,5.272010083,74.622668578
laser 006,circular_cone,2124.310827,745.000000,-0.140349544,5.257370018,-74.519339216,713.329399490,5.268938143,74.524913728
laser 006,circular_cone,2124.317866,746.000000,-0.147517094,5.258085376,-74.422829259,713.335816623,5.269975463,74.428459525
laser 006,circular_cone,2124.357627,747.000000,-0.164963539,5.262055870,-74.327406605,713.352678111,5.274731880,74.333178070
laser 006,circular_cone,2124.384465,748.000000,-0.178349437,5.264740938,-74.231550116,713.365413675,5.278019589,74.237429027
laser 006,circular_cone,2124.344591,749.000000,-0.170775157,5.260789458,-74.133476136,713.356851712,5.273724669,74.139288257
laser 006,circular_cone,2124.272643,750.000000,-0.153123686,5.253647544,-74.034341596,713.338050425,5.265784460,74.040003157
laser 006,circular_cone,2124.217334,751.000000,-0.140698981,5.248161082,-73.935763212,713.324560078,5.259735624,73.941317663
laser 006,circular_cone,2124.173993,752.000000,-0.132033126,5.243865246,-73.837584346,713.314889115,5.255047078,73.843062932
laser 006,circular_cone,2124.127364,753.000000,-0.122333546,5.239242516,-73.739299784,713.304167838,5.249984980,73.744693913
laser 006,circular_cone,2124.080033,754.000000,-0.112412627,5.234550127,-73.640995216,713.293221706,5.244843232,73.646303049
laser 006,circular_cone,2124.042212,755.000000,-0.105477998,5.230803717,-73.543006934,713.285309951,5.240782256,73.548253295
laser 006,circular_cone,2124.027101,756.000000,-0.105675577,5.229315990,-73.445767662,713.284645168,5.239301891,73.451011839
laser 006,circular_cone,2124.048710,757.000000,-0.117405978,5.231480264,-73.349734453,713.295698730,5.241994085,73.355072314
laser 006,circular_cone,2124.087164,758.000000,-0.134426931,5.235320009,-73.254250840,713.312127925,5.246600552,73.259726365
laser 006,circular_cone,2124.088260,759.000000,-0.139711972,5.235444207,-73.157539483,713.316632451,5.246961746,73.163055115
laser 006,circular_cone,2124.008840,760.000000,-0.119704050,5.227560457,-73.058193713,713.295437291,5.238173341,73.063539199
laser 006,circular_cone,2123.929953,761.000000,-0.099863649,5.219730210,-72.958871441,713.274412416,5.229446002,72.964048176
laser 006,circular_cone,2120.076963,966.000000,0.122738820,4.840189341,-53.015255826,712.871332976,4.839547243,53.017801531
laser 006,circular_cone,2120.165935,967.000000,0.090139471,4.849031625,-52.920592300,712.903587659,4.849859482,52.923405166
laser 006,circular_cone,2120.335048,968.000000,0.032393907,4.865826468,-52.827813805,712.961386512,4.869259298,52.831102835
laser 006,circular_cone,2120.463914,969.000000,-0.012729705,4.878629933,-52.734071052,713.006363529,4.884098023,52.737731337
laser 006,circular_cone,2120.514260,970.000000,-0.033215475,4.883642208,-52.638467770,713.026312710,4.890033486,52.642294533
laser 006,circular_cone,2120.524554,971.000000,-0.041131445,4.884679778,-52.541917946,713.033493155,4.891426886,52.545806711
laser 006,circular_cone,2120.504225,972.000000,-0.039435926,4.882678232,-52.444647933,713.030910030,4.889347339,52.448518815
laser 006,circular_cone,2120.479681,973.000000,-0.036416465,4.880258415,-52.347280068,713.026982041,4.886789763,52.351122062
laser 006,circular_cone,2120.454576,974.000000,-0.033219799,4.877782968,-52.249900300,713.022874072,4.884168558,52.253711934
laser 006,circular_cone,2120.484644,975.000000,-0.047336519,4.880782922,-52.153808853,713.036353407,4.887804225,52.157734027
laser 006,circular_cone,2120.428588,976.000000,-0.034424235,4.875235917,-52.055708515,713.022376173,4.881672932,52.059522578
laser 006,circular_cone,2120.375801,977.000000,-0.022537135,4.870013544,-51.957688133,713.009440392,4.875912546,51.961399605
laser 006,circular_cone,2120.327063,978.000000,-0.011919866,4.865193161,-51.859765363,712.997794577,4.870611466,51.863384800
laser 006,circular_cone,2120.265573,979.000000,0.002699587,4.859107636,-51.761550707,712.982083331,4.863864598,51.765044844
laser 006,circular_cone,2120.211377,980.000000,0.015030913,4.853746111,-51.663509057,712.968696452,4.857945010,51.666896912
laser 006,circular_cone,2120.189683,981.000000,0.017165017,4.851609573,-51.566220809,712.965668087,4.855710679,51.569587137
laser 006,circular_cone,2120.223944,982.000000,0.001743164,4.855024919,-51.470221600,712.980473282,4.859820649,51.473712317
laser 006,circular_cone,2120.302854,983.000000,-0.027688907,4.862870839,-51.375244497,713.009510177,4.868993569,51.378976048
laser 006,circular_cone,2120.363967,984.000000,-0.051536876,4.868951284,-51.279851566,713.032874643,4.876148967,51.283777540
laser 006,circular_cone,2120.359769,985.000000,-0.054888105,4.868550749,-51.182957254,713.035418334,4.875898229,51.186907292
laser 006,circular_cone,2120.313489,986.000000,-0.045031794,4.863974256,-51.085100809,713.024545740,4.870875389,51.088965138
laser 006,circular_cone,2120.256833,987.000000,-0.031918555,4.858368330,-50.987010856,713.010364787,4.864676110,50.990762406
laser 006,circular_cone,2120.205671,988.000000,-0.020528666,4.853307782,-50.889049989,712.997934473,4.859099995,50.892703084
laser 006,circular_cone,2120.165115,989.000000,-0.012466018,4.849299757,-50.791333607,712.988884029,4.854726584,50.794915901
laser 006,circular_cone,2120.134265,990.000000,-0.007447952,4.846254859,-50.693839903,712.982926314,4.851453724,50.697376701
laser 006,circular_cone,2120.123765,991.000000,-0.008814183,4.845229092,-50.596808468,712.983453804,4.850488161,50.600352833
laser 006,circular_cone,2120.140099,992.000000,-0.018599339,4.846865764,-50.500383105,712.992533244,4.852565039,50.504005011
laser 006,circular_cone,2120.167961,993.000000,-0.032000988,4.849646319,-50.404215299,713.005286307,4.855949038,50.407944804
laser 006,circular_cone,2120.175716,994.000000,-0.039092121,4.850431872,-50.307591745,713.011629160,4.857053199,50.311376399
laser 006,circular_cone,2120.154985,995.000000,-0.037243039,4.848390966,-50.210326868,713.008890590,4.854927369,50.214092367
laser 006,circular_cone,2120.126134,996.000000,-0.032844725,4.845544420,-50.112880870,713.003562552,4.851880836,50.116606025
laser 006,circular_cone,2120.111330,997.000000,-0.032853181,4.844091658,-50.015750689,713.002710911,4.850426995,50.019472127
laser 006,circular_cone,2120.125443,998.000000,-0.041934621,4.845508055,-49.919266496,713.011075550,4.852251838,49.923059626
laser 006,circular_cone,2120.135695,999.000000,-0.049803418,4.846541397,-49.822694125,713.018208399,4.853638890,49.826548868
laser 006,circular_cone,2120.115331,1000.000000,-0.048063449,4.844536973,-49.725439020,713.015580771,4.851554469,49.729275515
laser 006,circular_cone,2120.082911,1001.000000,-0.042539071,4.841336390,-49.627917156,713.009109011,4.848103075,49.631703949
laser 006,circular_cone,2120.047241,1002.000000,-0.035993773,4.837813430,-49.530325194,713.001600249,4.844283224,49.534053801
laser 006,circular_cone,2120.001812,1003.000000,-0.026385176,4.833322343,-49.432519659,712.990979871,4.839356978,49.436164618
laser 006,circular_cone,2119.946067,1004.000000,-0.013538786,4.827807974,-49.334489551,712.977070638,4.833261307,49.338023953
laser 006,circular_cone,2119.887114,1005.000000,0.000314808,4.821975597,-49.236392759,712.962138356,4.826802167,49.239808233
laser 006,circular_cone,2119.850376,1006.000000,0.007199001,4.818347201,-49.138788400,712.954285521,4.822861584,49.142142871
laser 006,circular_cone,2119.845175,1007.000000,0.004189442,4.817847344,-49.041878004,712.956482605,4.822496112,49.045253703
laser 006,circular_cone,2119.845322,1008.000000,-0.000496906,4.817878023,-48.945084200,712.960382950,4.822736860,48.948495064
laser 006,circular_cone,2119.848578,1009.000000,-0.006157580,4.818217131,-48.848357381,712.965273005,4.823330016,48.851811508
laser 006,circular_cone,2119.860569,1010.000000,-0.014557883,4.819422793,-48.751819812,712.972945920,4.824913384,48.755339971
laser 006,circular_cone,2119.877082,1011.000000,-0.024376042,4.821077096,-48.655378688,712.982059059,4.827009390,48.658976664
laser 006,circular_cone,2119.886450,1012.000000,-0.031951229,4.822022618,-48.558780048,712.988893842,4.828295376,48.562437199
laser 006,circular_cone,2119.875208,1013.000000,-0.033058190,4.820923516,-48.461732971,712.989158377,4.827244783,48.465395537
laser 006,circular_cone,2119.833221,1014.000000,-0.024516789,4.816774398,-48.364020920,712.979622394,4.822708681,48.367608712
laser 006,circular_cone,2119.771189,1015.000000,-0.009685042,4.810636975,-48.265878923,712.963696902,4.815900349,48.269339659
laser 006,circular_cone,2119.712871,1016.000000,0.003981939,4.804868249,-48.167821444,712.948954602,4.809513288,48.171164805
laser 006,circular_cone,2119.669087,1017.000000,0.013089656,4.800541394,-48.070080587,712.938843513,4.804773888,48.073344468
laser 006,circular_cone,2119.635829,1018.000000,0.018895949,4.797258719,-47.972568446,712.932085947,4.801227684,47.975780286
laser 006,circular_cone,2119.615755,1019.000000,0.020567111,4.795283780,-47.875340545,712.929528740,4.799175862,47.878534711
laser 006,circular_cone,2119.592193,1020.000000,0.023333741,4.792962915,-47.778038939,712.925858822,4.796728669,47.781206328
laser 006,circular_cone,2119.562916,1021.000000,0.027894464,4.790075264,-47.680616601,712.920366558,4.793633710,47.683742301
laser 006,circular_cone,2119.540014,1022.000000,0.030456348,4.787819947,-47.583331539,712.916904671,4.791261307,47.586432163
laser 006,circular_cone,2119.523636,1023.000000,0.030972710,4.786211711,-47.486186083,712.915520574,4.789628315,47.489278633
laser 006,circular_cone,2119.505403,1024.000000,0.032072215,4.784419521,-47.389001815,712.913544166,4.787785047,47.392081445
laser 006,circular_cone,2119.487344,1025.000000,0.033118325,4.782644613,-47.291821889,712.911622019,4.785961470,47.294889041
laser 006,circular_cone,2119.474094,1026.000000,0.032656980,4.781346667,-47.194744100,712.911231104,4.784682899,47.197811304
laser 006,circular_cone,2119.476827,1027.000000,0.027182720,4.781633874,-47.098003162,712.915932109,4.785215746,47.101112082
laser 006,circular_cone,2119.501607,1028.000000,0.014792908,4.784107692,-47.001724463,712.927657630,4.788247350,47.004932576
laser 006,circular_cone,2119.516914,1029.000000,0.005375960,4.785642049,-46.905244009,712.936363445,4.790205308,46.908526606
laser 006,circular_cone,2119.497886,1030.000000,0.006732225,4.783771041,-46.808042594,712.934126337,4.788271635,46.811310137
laser 006,circular_cone,2119.475258,1031.000000,0.009219112,4.781543015,-46.710766710,712.930740823,4.785929912,46.714009803
laser 006,circular_cone,2119.467208,1032.000000,0.007133620,4.780760843,-46.613795752,712.931999732,4.785240424,46.617052396
laser 006,circular_cone,2119.443616,1033.000000,0.009925329,4.778437261,-46.516501268,712.928304646,4.782789388,46.519730928
laser 006,circular_cone,2119.489867,1034.000000,-0.009193977,4.783040642,-46.420657759,712.946865652,4.788254303,46.424042543
laser 006,circular_cone,2119.478852,1035.000000,-0.010345650,4.781964419,-46.323623026,712.947176072,4.787228617,46.327013600
laser 006,circular_cone,2119.497092,1036.000000,-0.020674848,4.783789775,-46.227193107,712.956808538,4.789518752,46.230665749
laser 006,circular_cone,2119.511684,1037.000000,-0.029858491,4.785253362,-46.130685440,712.965277410,4.791395413,46.134230627
laser 006,circular_cone,2119.481094,1038.000000,-0.024864746,4.782235632,-46.033245446,712.959345700,4.788150838,46.036745349
laser 006,circular_cone,2119.444626,1039.000000,-0.018025679,4.778634988,-45.935686444,712.951539653,4.784240057,45.939125726
laser 006,circular_cone,2119.412920,1040.000000,-0.012679619,4.775506723,-45.838227313,712.945250151,4.780869044,45.841618383
laser 006,circular_cone,2119.372042,1041.000000,-0.004454881,4.771468898,-45.740582410,712.936036697,4.776458539,45.743901342
laser 006,circular_cone,2119.326858,1042.000000,0.005121725,4.767004165,-45.642852262,712.925450140,4.771560108,45.646087821
laser 006,circular_cone,2119.291476,1043.000000,0.011624168,4.763511625,-45.545324770,712.917986169,4.767772628,45.548502507
laser 006,circular_cone,2119.294010,1044.000000,0.006232763,4.763779200,-45.448570013,712.922603241,4.768282110,45.451788780
laser 006,circular_cone,2119.345346,1045.000000,-0.014468302,4.768886569,-45.352803864,712.942770870,4.774322413,45.356190901
laser 006,circular_cone,2119.405609,1046.000000,-0.037970201,4.774879607,-45.257213081,712.965783370,4.781374805,45.260791665
laser 006,circular_cone,2119.443475,1047.000000,-0.054444676,4.778651600,-45.161163886,712.981657854,4.785888958,45.164875613
laser 006,circular_cone,2119.437325,1048.000000,-0.057107210,4.778058022,-45.064223438,712.983503107,4.785414116,45.067953515
laser 006,circular_cone,2119.379090,1049.000000,-0.043425839,4.772298606,-44.966235199,712.968747386,4.779035730,44.969847789
laser 006,circular_cone,2119.291947,1050.000000,-0.020674115,4.763672563,-44.867671110,712.944778704,4.769381312,44.871090829
laser 006,circular_cone,2119.209932,1051.000000,0.000468456,4.755555639,-44.769216431,712.922444561,4.760308646,44.772456652
laser 006,circular_cone,2119.144192,1052.000000,0.016505308,4.749053055,-44.671093134,712.905296501,4.753080774,44.674196293
laser 006,circular_cone,2119.104928,1053.000000,0.024237155,4.745176036,-44.573502370,712.896584100,4.748853327,44.576537491
laser 006,circular_cone,2119.108414,1054.000000,0.018559446,4.745538015,-44.476764308,712.901492140,4.749470141,44.479842840
laser 006,circular_cone,2119.140936,1055.000000,0.003773956,4.748779197,-44.380601251,712.915651164,4.753377251,44.383798889
laser 006,circular_cone,2119.173783,1056.000000,-0.011112836,4.752052743,-44.284440919,712.929913068,4.757321298,44.287758504
laser 006,circular_cone,2119.171965,1057.000000,-0.015123334,4.751888850,-44.187591871,712.933127690,4.757336988,44.190939010
laser 006,circular_cone,2119.140658,1058.000000,-0.009881088,4.748800747,-44.090160653,712.926944139,4.754010831,44.093460445
laser 006,circular_cone,2119.113137,1059.000000,-0.005825488,4.746088131,-43.992805717,712.921965918,4.751113723,43.996068026
laser 006,circular_cone,2119.088948,1060.000000,-0.002814055,4.743705965,-43.895517656,712.918048306,4.748594195,43.898751160
laser 006,circular_cone,2119.066332,1061.000000,-0.000294932,4.741479813,-43.798261584,712.914630769,4.746252903,43.801470375
laser 006,circular_cone,2119.049534,1062.000000,0.000400190,4.739830584,-43.701120248,712.913065923,4.744570864,43.704319485
laser 006,circular_cone,2119.034471,1063.000000,0.000552222,4.738353410,-43.604013279,712.912052722,4.743085393,43.607207475
laser 006,circular_cone,2119.017700,1064.000000,0.001241277,4.736706900,-43.506873468,712.910494084,4.741406347,43.510058162
laser 006,circular_cone,2119.009819,1065.000000,-0.000857351,4.735941882,-43.409906757,712.911766947,4.740734621,43.413105116
laser 006,circular_cone,2119.018763,1066.000000,-0.008233027,4.736845142,-43.313265672,712.918399770,4.741969360,43.316521554
laser 006,circular_cone,2119.027282,1067.000000,-0.015474282,4.737706289,-43.216614683,712.924896064,4.743155918,43.219926972
laser 006,circular_cone,2119.014982,1068.000000,-0.016182991,4.736503127,-43.119560616,712.924757213,4.741983313,43.122875019
laser 006,circular_cone,2118.974948,1069.000000,-0.008189822,4.732550056,-43.021973156,712.915779836,4.737668026,43.025217352
laser 006,circular_cone,2118.927446,1070.000000,0.002147084,4.727856659,-42.924244927,712.904421959,4.732506624,42.927399437
laser 006,circular_cone,2118.893041,1071.000000,0.008376355,4.724461937,-42.826770726,712.897236263,4.728829303,42.829869690
laser 006,circular_cone,2118.873699,1072.000000,0.009881518,4.722560707,-42.729586395,712.894848889,4.726858704,42.732669074
laser 006,circular_cone,2118.840823,1073.000000,0.015633380,4.719317705,-42.632144832,712.888148165,4.723354652,42.635175932
laser 006,circular_cone,2118.795649,1074.000000,0.025243991,4.714855566,-42.534471321,712.877528148,4.718457293,42.537418772
laser 006,circular_cone,2118.772185,1075.000000,0.028045625,4.712545824,-42.437212768,712.873824041,4.716019665,42.440133162
laser 006,circular_cone,2118.788219,1076.000000,0.018458710,4.714151844,-42.340703092,712.882702971,4.718056976,42.343699387
laser 006,circular_cone,2118.825763,1077.000000,0.002125188,4.717890456,-42.244597419,712.898434398,4.722531397,42.247725688
laser 006,circular_cone,2118.845770,1078.000000,-0.008706266,4.719890520,-42.148157095,712.908577387,4.725018927,42.151371610
laser 006,circular_cone,2118.830867,1079.000000,-0.008585112,4.718429473,-42.051057711,712.907595881,4.723550983,42.054267445
laser 006,circular_cone,2118.774968,1080.000000,0.004397705,4.712904039,-41.953189653,712.893550910,4.717438123,41.956287713
laser 006,circular_cone,2118.708937,1081.000000,0.020559395,4.706374409,-41.855135946,712.876277240,4.710177583,41.858095913
laser 006,circular_cone,2118.743041,1082.000000,0.005311311,4.709771836,-41.758956715,712.890906209,4.714261828,41.762039635
laser 006,circular_cone,2118.819209,1083.000000,-0.023132086,4.717339768,-41.663557267,712.918937487,4.723112169,41.666872806
laser 006,circular_cone,2118.873018,1084.000000,-0.044561563,4.722691375,-41.567734813,712.939844770,4.729429602,41.571224677
laser 006,circular_cone,2118.873364,1085.000000,-0.049217231,4.722742278,-41.470915380,712.943715100,4.729689219,41.474440164
laser 006,circular_cone,2118.805515,1086.000000,-0.032476756,4.716031780,-41.372833357,712.925853707,4.722221689,41.376215239
laser 006,circular_cone,2118.704805,1087.000000,-0.005427385,4.706063859,-41.274149898,712.897521799,4.711031429,41.277303202
laser 006,circular_cone,2118.610053,1088.000000,0.019752103,4.696687363,-41.175584083,712.871089186,4.700516994,41.178524350
laser 006,circular_cone,2118.551827,1089.000000,0.033474255,4.690932136,-41.077696517,712.856293653,4.694140973,41.080518967
laser 006,circular_cone,2118.540803,1090.000000,0.032391870,4.689855902,-40.980677970,712.856534845,4.693112170,40.983505644
laser 006,circular_cone,2118.553440,1091.000000,0.023889066,4.691125057,-40.884091970,712.864312816,4.694763688,40.886986538
laser 006,circular_cone,2118.574015,1092.000000,0.012897344,4.693181121,-40.787648727,712.874618726,4.697314458,40.790630874
laser 006,circular_cone,2118.598126,1093.000000,0.000797343,4.695587779,-40.691267128,712.886050282,4.700265844,40.694346066
laser 006,circular_cone,2118.624626,1094.000000,-0.012051230,4.698231351,-40.594925900,712.898242136,4.703487934,40.598107850
laser 006,circular_cone,2118.625347,1095.000000,-0.016811994,4.698319433,-40.498114665,712.902219406,4.703789478,40.501332409
laser 006,circular_cone,2118.599127,1096.000000,-0.013120165,4.695736792,-40.400815773,712.897611618,4.701038779,40.403999063
laser 006,circular_cone,2118.569555,1097.000000,-0.008375687,4.692821917,-40.303457836,712.891934714,4.697908334,40.306597924
laser 006,circular_cone,2118.547975,1098.000000,-0.006137087,4.690699333,-40.206245223,712.888802989,4.695683287,40.209362936
laser 006,circular_cone,2118.530580,1099.000000,-0.005210087,4.688991627,-40.109108619,712.887003442,4.693932320,40.112214856
laser 006,circular_cone,2118.498634,1100.000000,0.000282537,4.685841575,-40.011712289,712.880566762,4.690532929,40.014769107
laser 006,circular_cone,2118.522699,1101.000000,-0.011793530,4.688243667,-39.915317421,712.891974046,4.693478673,39.918470831
laser 006,circular_cone,2118.476382,1102.000000,-0.001790434,4.683669115,-39.817666514,712.880956284,4.688451198,39.820733020
laser 006,circular_cone,2118.458890,1103.000000,-0.000828205,4.681951890,-39.720530639,712.879121050,4.686689122,39.723585377
laser 006,circular_cone,2118.439732,1104.000000,0.000657816,4.680069552,-39.623365848,712.876753845,4.684738292,39.626404467
laser 006,circular_cone,2118.391366,1105.000000,0.011306784,4.675292183,-39.525685632,712.865080210,4.679478849,39.528631980
laser 006,circular_cone,2118.349586,1106.000000,0.019890825,4.671167753,-39.428124816,712.855503886,4.674965548,39.430996053
laser 006,circular_cone,2118.333097,1107.000000,0.020543168,4.669550093,-39.331011449,712.853983508,4.673317027,39.333873495
laser 006,circular_cone,2118.343993,1108.000000,0.012607099,4.670646674,-39.234378965,712.861186040,4.674770397,39.237303197
laser 006,circular_cone,2118.364795,1109.000000,0.001564857,4.672725136,-39.137917965,712.871543381,4.677345851,39.140930198
laser 006,circular_cone,2118.378657,1110.000000,-0.007299514,4.674115783,-39.041333114,712.879688749,4.679135189,39.044415248
laser 006,circular_cone,2118.381461,1111.000000,-0.012694106,4.674410407,-38.944553602,712.884310020,4.679671889,38.947676800
laser 006,circular_cone,2118.364134,1112.000000,-0.011772718,4.672709679,-38.847423272,712.882516455,4.677928158,38.850535044
laser 006,circular_cone,2118.319105,1113.000000,-0.002160608,4.668263264,-38.749813583,712.871896165,4.673046472,38.752841702
laser 006,circular_cone,2118.252438,1114.000000,0.014239420,4.661672452,-38.651832975,712.854381765,4.665714007,38.654721029
laser 006,circular_cone,2118.185345,1115.000000,0.030773423,4.655039767,-38.553849939,712.836731355,4.658333621,38.556596814
laser 006,circular_cone,2118.149213,1116.000000,0.037597406,4.651475655,-38.456404154,712.828942971,4.654460086,38.459090549
laser 006,circular_cone,2118.157676,1117.000000,0.030435834,4.652331016,-38.359725370,712.835359013,4.655637282,38.362467516
laser 006,circular_cone,2118.178639,1118.000000,0.019354740,4.654425205,-38.263258774,712.845755905,4.658230219,38.266089244
laser 006,circular_cone,2118.176211,1119.000000,0.015611317,4.654201278,-38.166390318,712.848700325,4.658173846,38.169248131
laser 006,circular_cone,2118.142666,1120.000000,0.021628999,4.650893553,-38.068991543,712.841730955,4.654593091,38.071795577
laser 006,circular_cone,2118.084502,1121.000000,0.035369219,4.645146196,-37.971176839,712.826918285,4.648224138,37.973862915
laser 006,circular_cone,2118.017941,1122.000000,0.051743516,4.638567016,-37.873224124,712.809430393,4.640904470,37.875770350
laser 006,circular_cone,2117.968752,1123.000000,0.062670208,4.633709529,-37.775569680,712.797475366,4.635552380,37.778021331
laser 006,circular_cone,2117.949991,1124.000000,0.064055417,4.631867205,-37.678431130,712.795211085,4.633646123,37.680867502
laser 006,circular_cone,2117.942988,1125.000000,0.061754438,4.631189967,-37.581490832,712.796690659,4.633071333,37.583942561
laser 006,circular_cone,2117.921760,1126.000000,0.063915732,4.629103237,-37.484311852,712.793638202,4.630885641,37.486741853
laser 006,circular_cone,2117.877300,1127.000000,0.073363758,4.624714641,-37.386745511,712.783185112,4.626069186,37.389093226
laser 006,circular_cone,2117.823451,1128.000000,0.085756951,4.619395946,-37.289025618,712.769740855,4.620189698,37.291266571
laser 006,circular_cone,2117.775233,1129.000000,0.096385126,4.614635354,-37.191403123,712.758089260,4.614947980,37.193551983
laser 006,circular_cone,2117.744474,1130.000000,0.101539582,4.611604616,-37.094073411,712.751996991,4.611683181,37.096175668
laser 006,circular_cone,2117.764375,1131.000000,0.090809663,4.613592919,-36.997583286,712.762037405,4.614154387,36.999770951
laser 006,circular_cone,2117.816520,1132.000000,0.069969248,4.618775948,-36.901622428,712.782346326,4.620276670,36.903979526
laser 006,circular_cone,2117.837458,1133.000000,0.058915704,4.620867203,-36.805142720,712.792715400,4.622865437,36.807587916
laser 006,circular_cone,2117.818625,1134.000000,0.060335590,4.619017942,-36.708007645,712.790416124,4.620950681,36.710437276
laser 006,circular_cone,2117.778529,1135.000000,0.068424702,4.615062011,-36.610525293,712.781343438,4.616628230,36.612883934
laser 006,circular_cone,2117.740606,1136.000000,0.075833376,4.611321485,-36.513080983,712.772961862,4.612551898,36.515374288
laser 006,circular_cone,2117.714246,1137.000000,0.079617125,4.608726632,-36.415827285,712.768261881,4.609784855,36.418085380
laser 006,circular_cone,2117.684440,1138.000000,0.084482618,4.605790432,-36.318519013,712.762463287,4.606627640,36.320732909
laser 006,circular_cone,2117.654614,1139.000000,0.089355504,4.602852314,-36.221212091,712.756657219,4.603468173,36.223381726
laser 006,circular_cone,2117.641036,1140.000000,0.089134622,4.601523893,-36.124169213,712.756024511,4.602148318,36.126336920
laser 006,circular_cone,2117.643131,1141.000000,0.084000306,4.601748168,-36.027379004,712.760381997,4.602602935,36.029585617
laser 006,circular_cone,2117.643865,1142.000000,0.079293932,4.601837626,-35.930565838,712.764304865,4.602903419,35.932807800
laser 006,circular_cone,2117.616728,1143.000000,0.083328500,4.599165981,-35.833305252,712.759350307,4.600048266,35.835509921
laser 006,circular_cone,2117.555020,1144.000000,0.098204513,4.593069681,-35.735493866,712.743385053,4.593279114,35.737571143
laser 006,circular_cone,2117.563991,1145.000000,0.090919122,4.593975109,-35.638812885,712.749927268,4.594511976,35.640946946
laser 006,circular_cone,2117.553866,1146.000000,0.089622764,4.592988854,-35.541826827,712.750386954,4.593582833,35.543967898
laser 006,circular_cone,2117.513737,1147.000000,0.097735788,4.589030398,-35.444365352,712.741290388,4.589256784,35.446435236
laser 006,circular_cone,2117.550542,1148.000000,0.081726188,4.592693109,-35.348122037,712.756693029,4.593640710,35.350321208
laser 006,circular_cone,2117.574602,1149.000000,0.069713786,4.595093389,-35.251673806,712.768036065,4.596581786,35.253969045
laser 006,circular_cone,2117.587666,1150.000000,0.061150494,4.596404407,-35.155049786,712.775876152,4.598277921,35.157412428
laser 006,circular_cone,2117.577213,1151.000000,0.059963030,4.595385688,-35.058055170,712.776225306,4.597311401,35.060423919
laser 006,circular_cone,2117.542435,1152.000000,0.066404792,4.591957221,-34.960680390,712.768826199,4.593590777,34.962991843
laser 006,circular_cone,2117.501179,1153.000000,0.074878969,4.587887123,-34.863206765,712.759363004,4.589136786,34.865444030
laser 006,circular_cone,2117.477032,1154.000000,0.077989248,4.585511941,-34.766001695,712.755347435,4.586619820,34.768209350
laser 006,circular_cone,2117.466518,1155.000000,0.076825791,4.584487262,-34.669009076,712.755672306,4.585646258,34.671222639
laser 006,circular_cone,2117.450530,1156.000000,0.077380041,4.582920352,-34.571931858,712.754252692,4.584052933,34.574137054
laser 006,circular_cone,2117.487688,1157.000000,0.061270112,4.586618065,-34.475674124,712.769757216,4.588476393,34.478009441
laser 006,circular_cone,2117.433086,1158.000000,0.073935359,4.581226082,-34.378002145,712.756037731,4.582511351,34.380228446
laser 006,circular_cone,2117.391305,1159.000000,0.082581116,4.577104290,-34.280530469,712.746400476,4.577997925,34.282681158
laser 006,circular_cone,2117.366732,1160.000000,0.085832120,4.574687105,-34.183324444,712.742242146,4.575432605,34.185444355
laser 006,circular_cone,2117.365676,1161.000000,0.081710291,4.574599360,-34.086477948,712.745571648,4.575529510,34.088628353
laser 006,circular_cone,2117.395030,1162.000000,0.068053951,4.577523871,-33.990092659,712.758584338,4.579069024,33.992352795
laser 006,circular_cone,2117.416512,1163.000000,0.056866902,4.579668711,-33.893584662,712.769089226,4.581717412,33.895934008
laser 006,circular_cone,2117.378271,1164.000000,0.064409025,4.575897593,-33.796171643,712.760572948,4.577604476,33.798454550
laser 006,circular_cone,2117.308490,1165.000000,0.081842011,4.569002517,-33.698285947,712.742011659,4.569921145,33.700420218
laser 006,circular_cone,2117.251289,1166.000000,0.095330852,4.563353798,-33.600594370,712.727456057,4.563662195,33.602612781
laser 006,circular_cone,2117.211133,1167.000000,0.103476078,4.559393482,-33.503162113,712.718327412,4.559332840,33.505109074
laser 006,circular_cone,2117.176586,1168.000000,0.109863686,4.555988794,-33.405816183,712.710983819,4.555638446,33.407706301
laser 006,circular_cone,2117.145359,1169.000000,0.115211450,4.552912993,-33.308521767,712.704696311,4.552319876,33.310363683
laser 006,circular_cone,2117.116179,1170.000000,0.119918541,4.550039987,-33.211259534,712.699059493,4.549233017,33.213058573
laser 006,circular_cone,2117.074888,1171.000000,0.128423760,4.545967664,-33.113819672,712.689565400,4.544775408,33.115544270
laser 006,circular_cone,2117.026910,1172.000000,0.139026360,4.541233264,-33.016283810,712.677941288,4.539561055,33.017916537
laser 006,circular_cone,2114.087545,1378.000000,0.172078913,4.253997485,-13.033513802,712.468425118,4.250555534,13.034101037
laser 006,circular_cone,2114.045122,1379.000000,0.181187777,4.249821577,-12.936380531,712.458324619,4.245967182,12.936888351
laser 006,circular_cone,2114.082087,1380.000000,0.165421773,4.253494193,-12.839705357,712.473480321,4.250350105,12.840340458
laser 006,circular_cone,2114.175883,1381.000000,0.131846770,4.262785910,-12.743349604,712.506717963,4.261155957,12.744259967
laser 006,circular_cone,2114.229960,1382.000000,0.110718196,4.268151074,-12.646760448,712.527318362,4.267473473,12.647842650
laser 006,circular_cone,2114.247052,1383.000000,0.101181375,4.269859398,-12.549958340,712.536149338,4.269610946,12.551116062
laser 006,circular_cone,2114.262420,1384.000000,0.092185885,4.271397304,-12.453144246,712.544430685,4.271553567,12.454372989
laser 006,circular_cone,2114.318800,1385.000000,0.070336909,4.276990776,-12.356554313,712.565762461,4.278131909,12.357960883
laser 006,circular_cone,2114.413828,1386.000000,0.036373145,4.286406693,-12.260170302,712.599394603,4.289079509,12.261855363
laser 006,circular_cone,2114.432540,1387.000000,0.026331545,4.288275682,-12.163362431,712.608738035,4.291400431,12.165127207
laser 006,circular_cone,2114.348615,1388.000000,0.048464646,4.279994291,-12.065998693,712.585413891,4.282118738,12.067575832
laser 006,circular_cone,2114.238985,1389.000000,0.078654298,4.269171646,-11.968503887,712.553909864,4.269932151,11.969826446
laser 006,circular_cone,2114.153336,1390.000000,0.101326715,4.260721086,-11.871144890,712.530038301,4.260456946,11.872275333
laser 006,circular_cone,2114.121615,1391.000000,0.107098040,4.257603019,-11.774076079,712.523326745,4.257077082,11.775154842
laser 006,circular_cone,2114.135602,1392.000000,0.098545426,4.259004312,-11.677247546,712.531158515,4.258863104,11.678393651
laser 006,circular_cone,2114.172166,1393.000000,0.082917764,4.262638011,-11.580533692,712.546173670,4.263200871,11.581805929
laser 006,circular_cone,2114.214481,1394.000000,0.065488098,4.266840550,-11.483845269,712.563018402,4.268188813,11.485258610
laser 006,circular_cone,2114.234989,1395.000000,0.054894263,4.268886889,-11.387041332,712.572922624,4.270712014,11.388538977
laser 006,circular_cone,2114.222419,1396.000000,0.054669729,4.267662345,-11.290067853,712.572298797,4.269496305,11.291563641
laser 006,circular_cone,2114.169556,1397.000000,0.067075915,4.262453557,-11.192893055,712.558850921,4.263726252,11.194282032
laser 006,circular_cone,2114.096878,1398.000000,0.085693296,4.255285766,-11.095623704,712.539096829,4.255716849,11.096854261
laser 006,circular_cone,2114.034944,1399.000000,0.100943656,4.249180635,-10.998412540,712.522761356,4.248922079,10.999512655
laser 006,circular_cone,2113.998950,1400.000000,0.108065090,4.245640371,-10.901332162,712.514679272,4.245059083,10.902369380
laser 006,circular_cone,2113.989903,1401.000000,0.106742539,4.244764320,-10.804384051,712.515170429,4.244241429,10.805428537
laser 006,circular_cone,2113.990073,1402.000000,0.102532600,4.244799534,-10.707479895,712.518593171,4.244465364,10.708555640
laser 006,circular_cone,2113.982411,1403.000000,0.100778429,4.244060434,-10.610537683,712.519522581,4.243804143,10.611624282
laser 006,circular_cone,2113.975222,1404.000000,0.098877240,4.243368110,-10.513597439,712.520601275,4.243196333,10.514696113
laser 006,circular_cone,2113.976693,1405.000000,0.094263172,4.243531982,-10.416697200,712.524434364,4.243567169,10.417830491
laser 006,circular_cone,2113.991143,1406.000000,0.085582493,4.244979080,-10.319855753,712.532396279,4.245404781,10.321057453
laser 006,circular_cone,2114.018262,1407.000000,0.072932081,4.247678821,-10.223070000,712.544388646,4.248674215,10.224373093
laser 006,circular_cone,2114.037572,1408.000000,0.062730095,4.249606558,-10.126245657,712.553895129,4.251061132,10.127629800
laser 006,circular_cone,2114.015340,1409.000000,0.065549882,4.247426926,-10.029232592,712.550180691,4.248752931,10.030589584
laser 006,circular_cone,2113.949513,1410.000000,0.082034514,4.240937138,-9.932027101,712.532592471,4.241517799,9.933243397
laser 006,circular_cone,2113.882846,1411.000000,0.098782806,4.234364640,-9.834822717,712.514736621,4.234188058,9.835896127
laser 006,circular_cone,2113.856805,1412.000000,0.102799646,4.231808690,-9.737799928,712.509806941,4.231449510,9.738836240
laser 006,circular_cone,2113.869907,1413.000000,0.094550305,4.233122453,-9.640947059,712.517331001,4.233134321,9.642048196
laser 006,circular_cone,2113.890212,1414.000000,0.084044517,4.235148369,-9.544122850,712.527146003,4.235633133,9.545307562
laser 006,circular_cone,2113.901933,1415.000000,0.076230071,4.236325692,-9.447259740,712.534228518,4.237161875,9.448505663
laser 006,circular_cone,2113.897413,1416.000000,0.073507011,4.235897369,-9.350326857,712.536141828,4.236855168,9.351591686
laser 006,circular_cone,2113.876272,1417.000000,0.075994531,4.233825829,-9.253324740,712.532764935,4.234670060,9.254565179
laser 006,circular_cone,2113.850376,1418.000000,0.079973542,4.231284232,-9.156304087,712.527873784,4.231947574,9.157507744
laser 006,circular_cone,2113.830620,1419.000000,0.082029377,4.229349686,-9.059309610,712.524935227,4.229918946,9.060492465
laser 006,circular_cone,2113.821513,1420.000000,0.080748902,4.228467929,-8.962358562,712.525383984,4.229093693,8.963548338
laser 006,circular_cone,2113.829692,1421.000000,0.074051943,4.229295092,-8.865475846,712.531331998,4.230221839,8.866717548
laser 006,circular_cone,2113.864889,1422.000000,0.058887909,4.232793389,-8.768697341,712.545876445,4.234403289,8.770061324
laser 006,circular_cone,2113.914426,1423.000000,0.039229664,4.237709629,-8.671970431,712.564983742,4.240205533,8.673494038
laser 006,circular_cone,2113.940738,1424.000000,0.026851767,4.240329801,-8.575149347,712.576699455,4.243383103,8.576772085
laser 006,circular_cone,2113.920388,1425.000000,0.029101524,4.238336433,-8.478148327,712.573564086,4.241286902,8.479748653
laser 006,circular_cone,2113.871688,1426.000000,0.040238806,4.233540163,-8.381042005,712.561405481,4.235986651,8.382546070
laser 006,circular_cone,2113.821366,1427.000000,0.051885321,4.228583712,-8.283932986,712.548729912,4.230503237,8.285336560
laser 006,circular_cone,2113.787480,1428.000000,0.058381157,4.225252321,-8.186887526,712.541283723,4.226877363,8.188233406
laser 006,circular_cone,2113.775590,1429.000000,0.057983958,4.224095529,-8.089923578,712.540835854,4.225737212,8.091269041
laser 006,circular_cone,2113.760334,1430.000000,0.058642987,4.222605989,-7.992947723,712.539315650,4.224216639,7.994283992
laser 006,circular_cone,2113.716119,1431.000000,0.068379661,4.218253653,-7.895870126,712.528579238,4.219423544,7.897121774
laser 006,circular_cone,2113.641769,1432.000000,0.087561746,4.210922572,-7.798690462,712.508253272,4.211225376,7.799779006
laser 006,circular_cone,2113.582681,1433.000000,0.101961056,4.205100490,-7.701568838,712.492783151,4.204752083,7.702534019
laser 006,circular_cone,2113.599551,1434.000000,0.092556823,4.206786669,-7.604709444,712.501479941,4.206861446,7.605749049
laser 006,circular_cone,2113.658837,1435.000000,0.069859988,4.212665775,-7.507989929,712.523672197,4.213763709,7.509214407
laser 006,circular_cone,2113.716446,1436.000000,0.047688605,4.218379474,-7.411258822,712.545330947,4.220476849,7.412663806
laser 006,circular_cone,2113.764296,1437.000000,0.028576100,4.223128722,-7.314489930,712.563884109,4.226087473,7.316050004
laser 006,circular_cone,2113.807153,1438.000000,0.011028978,4.227384584,-7.217699883,712.580847977,4.231134055,7.219402041
laser 006,circular_cone,2113.845939,1439.000000,-0.005241561,4.231238154,-7.120892261,712.596515763,4.235720728,7.122725895
laser 006,circular_cone,2113.862755,1440.000000,-0.014624154,4.232919637,-7.024011423,712.605190504,4.237824419,7.025919301
laser 006,circular_cone,2113.826268,1441.000000,-0.007295795,4.229330943,-6.926963255,712.596899373,4.233903671,6.928806524
laser 006,circular_cone,2113.735114,1442.000000,0.017169961,4.220337663,-6.829750535,712.571209483,4.223804827,6.831386801
laser 006,circular_cone,2113.647252,1443.000000,0.040603332,4.211670479,-6.732554714,712.546567803,4.214078675,6.733992554
laser 006,circular_cone,2113.598555,1444.000000,0.051761094,4.206875377,-6.635481690,712.534389022,4.208778677,6.636823104
laser 006,circular_cone,2113.562728,1445.000000,0.058885985,4.203352636,-6.538449561,712.526304657,4.204933067,6.539728058
laser 006,circular_cone,2113.515804,1446.000000,0.069489885,4.198733092,-6.441387689,712.514688272,4.199833627,6.442574362
laser 006,circular_cone,2113.533051,1447.000000,0.059982782,4.200456679,-6.344510827,712.523489571,4.201985046,6.345772780
laser 006,circular_cone,2113.521777,1448.000000,0.059415835,4.199361069,-6.247551959,712.523214410,4.200913746,6.248814906
laser 006,circular_cone,2113.467100,1449.000000,0.072453216,4.193975319,-6.150473904,712.509127546,4.194938263,6.151624809
laser 006,circular_cone,2113.486915,1450.000000,0.062145055,4.195952707,-6.053601098,712.518742142,4.197379640,6.054833938
laser 006,circular_cone,2113.535381,1451.000000,0.042857783,4.200762267,-5.956801894,712.537472709,4.203058470,5.958191278
laser 006,circular_cone,2113.484662,1452.000000,0.054658906,4.195767651,-5.859737955,712.524641030,4.197529922,5.861025569
laser 006,circular_cone,2113.432144,1453.000000,0.067024655,4.190595411,-5.762672865,712.511236170,4.191798266,5.763854017
laser 006,circular_cone,2113.385617,1454.000000,0.077513581,4.186015515,-5.665626571,712.499736782,4.186743667,5.666716856
laser 006,circular_cone,2113.362317,1455.000000,0.080724176,4.183731426,-5.568641165,712.495626675,4.184313388,5.569701059
laser 006,circular_cone,2113.358267,1456.000000,0.077903063,4.183349960,-5.471703905,712.497640204,4.184057980,5.472783526
laser 006,circular_cone,2113.346407,1457.000000,0.077530823,4.182196595,-5.374747328,712.497167564,4.182920140,5.375826329
laser 006,circular_cone,2113.327684,1458.000000,0.079310668,4.180364940,-5.277774682,712.494510074,4.181006875,5.278835180
laser 006,circular_cone,2113.322230,1459.000000,0.076933251,4.179844740,-5.180833444,712.496073196,4.180592707,5.181909982
laser 006,circular_cone,2113.324245,1460.000000,0.072216249,4.180062750,-5.083908719,712.500011552,4.181022348,5.085020737
laser 006,circular_cone,2113.299532,1461.000000,0.075877071,4.177639119,-4.986923367,712.495444496,4.178432210,4.988001254
laser 006,circular_cone,2113.236999,1462.000000,0.091391512,4.171477776,-4.889856636,712.478843331,4.171569336,4.890801902
laser 006,circular_cone,2113.163346,1463.000000,0.110391124,4.164217822,-4.792770606,712.458703981,4.163450544,4.793554292
laser 006,circular_cone,2113.111089,1464.000000,0.122686370,4.159072587,-4.695734915,712.445371148,4.157749080,4.696412728
laser 006,circular_cone,2113.079978,1465.000000,0.128356317,4.156017101,-4.598746265,712.438764536,4.154436405,4.599373255
laser 006,circular_cone,2113.052225,1466.000000,0.132975169,4.153293502,-4.501766144,712.433225055,4.151503058,4.502351043
laser 006,circular_cone,2113.017690,1467.000000,0.139720256,4.149899817,-4.404774166,712.425527002,4.147803656,4.405299310
laser 006,circular_cone,2112.991815,1468.000000,0.143752941,4.147361906,-4.307800922,712.420582674,4.145082456,4.308288847
laser 006,circular_cone,2113.003397,1469.000000,0.136050114,4.148525151,-4.210899439,712.427552509,4.146592103,4.211447654
laser 006,circular_cone,2113.043656,1470.000000,0.119362333,4.152522118,-4.114048723,712.443644044,4.151341017,4.114731884
laser 006,circular_cone,2113.076843,1471.000000,0.104891187,4.155820432,-4.017180917,712.457485192,4.155291228,4.017980606
laser 006,circular_cone,2113.088776,1472.000000,0.097081272,4.157018545,-3.920272109,712.464563729,4.156840578,3.921132978
laser 006,circular_cone,2113.072775,1473.000000,0.098026361,4.155456247,-3.823313651,712.462754049,4.155234353,3.824162956
laser 006,circular_cone,2113.024865,1474.000000,0.108971978,4.150740823,-3.726302559,712.450791710,4.150023621,3.727057207
laser 006,circular_cone,2112.975652,1475.000000,0.120326755,4.145896819,-3.629292589,712.438414034,4.144665842,3.629949180
laser 006,circular_cone,2112.955863,1476.000000,0.122462411,4.143960350,-3.532332377,712.435395767,4.142631710,3.532967514
laser 006,circular_cone,2112.945443,1477.000000,0.121663490,4.142949655,-3.435387334,712.435356740,4.141655808,3.436025398
laser 006,circular_cone,2112.940240,1478.000000,0.119231030,4.142454463,-3.338450052,712.436976115,4.141269140,3.339104617
laser 006,circular_cone,2112.954774,1479.000000,0.110615025,4.143909508,-3.241540871,712.444873091,4.143111809,3.242263315
laser 006,circular_cone,2112.989122,1480.000000,0.095790911,4.147322504,-3.144657337,712.459072584,4.147192636,3.145499242
laser 006,circular_cone,2113.025326,1481.000000,0.080385786,4.150919056,-3.047772437,712.473861905,4.151483245,3.048738631
laser 006,circular_cone,2113.044328,1482.000000,0.070372337,4.152815841,-2.950860816,712.483177555,4.153830730,2.951906500
laser 006,circular_cone,2113.037348,1483.000000,0.068502646,4.152145099,-2.853913518,712.484225626,4.153243113,2.854971027
laser 006,circular_cone,2113.021275,1484.000000,0.069483903,4.150575796,-2.756954710,712.482379425,4.151628255,2.758000356
laser 006,circular_cone,2113.028320,1485.000000,0.063221239,4.151291032,-2.660023835,712.487887283,4.152624897,2.661117807
laser 006,circular_cone,2113.066457,1486.000000,0.047215124,4.155078907,-2.563127017,712.503286695,4.157133956,2.564350271
laser 006,circular_cone,2113.082549,1487.000000,0.038119030,4.156688305,-2.466201700,712.511671045,4.159152650,2.467496823
laser 006,circular_cone,2113.047227,1488.000000,0.045138324,4.153216703,-2.369219676,712.503695089,4.155362964,2.370452768
laser 006,circular_cone,2112.984126,1489.000000,0.060864797,4.147000068,-2.272211610,712.486879675,4.148435239,2.273310324
laser 006,circular_cone,2112.899003,1490.000000,0.083493112,4.138607684,-2.175186705,712.463057601,4.139020246,2.176093697
laser 006,circular_cone,2112.790596,1491.000000,0.113417363,4.127915326,-2.078146657,712.431828813,4.126975972,2.078801305
laser 006,circular_cone,2112.721850,1492.000000,0.130913118,4.121142240,-1.981150163,712.413217434,4.119411939,1.981655735
laser 006,circular_cone,2112.723049,1493.000000,0.126493161,4.121279708,-1.884217539,712.416854763,4.119747644,1.884756127
laser 006,circular_cone,2112.748083,1494.000000,0.114605713,4.123772071,-1.787302908,712.428073025,4.122775296,1.787936558
laser 006,circular_cone,2112.768922,1495.000000,0.104033671,4.125850049,-1.690382024,712.437955892,4.125329191,1.691099808
laser 006,circular_cone,2112.769259,1496.000000,0.099887226,4.125902416,-1.593443834,712.441315565,4.125567452,1.594192362
laser 006,circular_cone,2112.755908,1497.000000,0.100031326,4.124602381,-1.496495552,712.440319543,4.124259653,1.497239176
laser 006,circular_cone,2112.752172,1498.000000,0.097163647,4.124252345,-1.399553513,712.442381055,4.124037793,1.400317256
laser 006,circular_cone,2112.763287,1499.000000,0.089643312,4.125369649,-1.302619512,712.449165885,4.125493275,1.303442032
laser 006,circular_cone,2112.770589,1500.000000,0.083318973,4.126110243,-1.205681576,712.454736560,4.126518064,1.206552937
laser 006,circular_cone,2112.757583,1501.000000,0.083359894,4.124844322,-1.108732041,712.453845343,4.125249038,1.109599355
laser 006,circular_cone,2112.737324,1502.000000,0.085674962,4.122861795,-1.011779439,712.450645477,4.123160762,1.012623810
laser 006,circular_cone,2112.736348,1503.000000,0.081948416,4.122784511,-0.914835541,712.453578957,4.123250421,0.915707169
laser 006,circular_cone,2112.748709,1504.000000,0.074043478,4.124024996,-0.817895674,712.460754261,4.124846444,0.818829275
laser 006,circular_cone,2112.749001,1505.000000,0.069921910,4.124073027,-0.720949935,712.464088774,4.125079249,0.721914075
laser 006,circular_cone,2112.733211,1506.000000,0.070841459,4.122532083,-0.623998778,712.462305678,4.123495545,0.624951571
laser 006,circular_cone,2112.715561,1507.000000,0.072345128,4.120807385,-0.527047631,712.459929620,4.121701722,0.527984224
laser 006,circular_cone,2112.699745,1508.000000,0.073275269,4.119263915,-0.430097445,712.458135815,4.120115014,0.431022604
laser 006,circular_cone,2112.664600,1509.000000,0.080263962,4.115810743,-0.333144843,712.450191560,4.116345148,0.334008229
laser 006,circular_cone,2112.615227,1510.000000,0.091712341,4.110951979,-0.236192872,712.437719997,4.110968398,0.236957432
laser 006,circular_cone,2112.571432,1511.000000,0.101413642,4.106644462,-0.139244602,712.427022063,4.106221752,0.139924851
laser 006,circular_cone,2112.533516,1512.000000,0.109273697,4.102917870,-0.042299312,712.418193346,4.102139137,0.042910550
laser 006,circular_cone,2112.506167,1513.000000,0.113823674,4.100235270,0.054643877,712.412724951,4.099249918,-0.054074149
laser 006,circular_cone,2112.503322,1514.000000,0.110696598,4.099973402,0.151587291,712.415050070,4.099127940,-0.150995286
laser 006,circular_cone,2112.513830,1515.000000,0.103386528,4.101030675,0.248532869,712.421621630,4.100513906,-0.247883832
laser 006,circular_cone,2112.500668,1516.000000,0.103494726,4.099749623,0.345476611,712.420662436,4.099226718,-0.344832177
laser 006,circular_cone,2112.537810,1517.000000,0.087840841,4.103438139,0.442430103,712.435704336,4.103620533,-0.441659312
laser 006,circular_cone,2112.499403,1518.000000,0.095862392,4.099663110,0.539369487,712.426711833,4.099482195,-0.538669047
laser 006,circular_cone,2112.466652,1519.000000,0.102112641,4.096446928,0.636308075,712.419517525,4.095982653,-0.635663271
laser 006,circular_cone,2112.435505,1520.000000,0.107861381,4.093389274,0.733245273,712.412832362,4.092664275,-0.732651937
laser 006,circular_cone,2112.407024,1521.000000,0.112775867,4.090595045,0.830181684,712.406994132,4.089646977,-0.829632884
laser 006,circular_cone,2112.386254,1522.000000,0.115275332,4.088562576,0.927119746,712.403607557,4.087500444,-0.926595417
laser 006,circular_cone,2112.367451,1523.000000,0.117159663,4.086724440,1.024057831,712.400845465,4.085576007,-1.023552862
laser 006,circular_cone,2112.336992,1524.000000,0.122697453,4.083734965,1.120989364,712.394374573,4.082335333,-1.120534110
laser 006,circular_cone,2112.320772,1525.000000,0.123774850,4.082152038,1.217926935,712.392431695,4.080702527,-1.217484335
laser 006,circular_cone,2112.342062,1526.000000,0.113100193,4.084274290,1.314886074,712.402418954,4.083305341,-1.314358486
laser 006,circular_cone,2112.384793,1527.000000,0.095707828,4.088514619,1.411861514,712.419225692,4.088329440,-1.411193122
laser 006,circular_cone,2112.428338,1528.000000,0.078060780,4.092835577,1.508842126,712.436290948,4.093445662,-1.508030815
laser 006,circular_cone,2112.475895,1529.000000,0.059156792,4.097553112,1.605830313,712.454632160,4.099015196,-1.604865638
laser 006,circular_cone,2112.515486,1530.000000,0.042749639,4.101483886,1.702817477,712.470438693,4.103685273,-1.701720185
laser 006,circular_cone,2112.519285,1531.000000,0.037560666,4.101878631,1.799780193,712.474857120,4.104312980,-1.798643491
laser 006,circular_cone,2112.478913,1532.000000,0.046216327,4.097909457,1.896706705,712.465221253,4.099951881,-1.895645621
laser 006,circular_cone,2112.417447,1533.000000,0.061483614,4.091856516,1.993611842,712.448873679,4.093208595,-1.992681310
laser 006,circular_cone,2112.349043,1534.000000,0.078925603,4.085118499,2.090506094,712.430318532,4.085682077,-2.089724182
laser 006,circular_cone,2112.278135,1535.000000,0.097152553,4.078133503,2.187392896,712.410966600,4.077873150,-2.186766126
laser 006,circular_cone,2112.234881,1536.000000,0.106714618,4.073880382,2.284302716,712.400410799,4.073187195,-2.283759093
laser 006,circular_cone,2112.243058,1537.000000,0.100162081,4.074707431,2.381264447,712.406213589,4.074308754,-2.380670085
laser 006,circular_cone,2112.270179,1538.000000,0.087674401,4.077405758,2.478248792,712.418041366,4.077569478,-2.477554376
laser 006,circular_cone,2112.280558,1539.000000,0.080433964,4.078450396,2.575217138,712.424542468,4.078939676,-2.574466265
laser 006,circular_cone,2112.268079,1540.000000,0.080357637,4.077237140,2.672160004,712.423771036,4.077728623,-2.671412199
laser 006,circular_cone,2112.251855,1541.000000,0.081456096,4.075653972,2.769098076,712.421807059,4.076094634,-2.768363098
laser 006,circular_cone,2112.245742,1542.000000,0.079387335,4.075069571,2.866048615,712.423058251,4.075602366,-2.865300149
laser 006,circular_cone,2112.248623,1543.000000,0.074501344,4.075373598,2.963011455,712.427169315,4.076125685,-2.962226094
laser 006,circular_cone,2112.262861,1544.000000,0.066057502,4.076799493,3.059990997,712.434892068,4.077931458,-3.059139181
laser 006,circular_cone,2112.295016,1545.000000,0.051999724,4.079995337,3.156997974,712.448313686,4.081760570,-3.156033059
laser 006,circular_cone,2112.340232,1546.000000,0.033849258,4.084481589,3.254027654,712.465889888,4.087064816,-3.252915636
laser 006,circular_cone,2112.383563,1547.000000,0.016289918,4.088781853,3.351059352,712.482865999,4.092156393,-3.349805143
laser 006,circular_cone,2112.411939,1548.000000,0.003418389,4.091604831,3.448072683,712.495083374,4.095559097,-3.446715231
laser 006,circular_cone,2112.403775,1549.000000,0.002000714,4.090817860,3.545031501,712.495673657,4.094834876,-3.543665970
laser 006,circular_cone,2112.350445,1550.000000,0.014740591,4.085568790,3.641917018,712.481892307,4.089009544,-3.640661036
laser 006,circular_cone,2112.283569,1551.000000,0.031726645,4.078981767,3.738776205,712.463800622,4.081654607,-3.737665051
laser 006,circular_cone,2112.220400,1552.000000,0.047551327,4.072761271,3.835636879,712.446887929,4.074718615,-3.834660903
laser 006,circular_cone,2112.179963,1553.000000,0.056252708,4.068786479,3.932532955,712.437206292,4.070349843,-3.931632973
laser 006,circular_cone,2112.174040,1554.000000,0.054139045,4.068220974,4.029488598,712.438503238,4.069878504,-4.028574754
laser 006,circular_cone,2112.193570,1555.000000,0.044049855,4.070169702,4.126491586,712.447896287,4.072281378,-4.125497615
laser 006,circular_cone,2112.223272,1556.000000,0.030773668,4.073123313,4.223516386,712.460524500,4.075832983,-4.222415810
laser 006,circular_cone,2112.250139,1557.000000,0.018386771,4.075796984,4.320539211,712.472249969,4.079064510,-4.319339417
laser 006,circular_cone,2112.256116,1558.000000,0.012548136,4.076407077,4.417524046,712.477328204,4.079936898,-4.416279440
laser 006,circular_cone,2112.230057,1559.000000,0.016751445,4.073852463,4.514445689,712.472212749,4.077191331,-4.513239705
laser 006,circular_cone,2112.187191,1560.000000,0.026223431,4.069637659,4.611331364,712.461749035,4.072547767,-4.610207775
laser 006,circular_cone,2112.149961,1561.000000,0.033930043,4.065979706,4.708226106,712.453077411,4.068540738,-4.707170245
laser 006,circular_cone,2112.133463,1562.000000,0.035140337,4.064369703,4.805163062,712.451000289,4.066874874,-4.804120955
laser 006,circular_cone,2112.129773,1563.000000,0.032337813,4.064024866,4.902127567,712.452996629,4.066655298,-4.901065873
laser 006,circular_cone,2112.108792,1564.000000,0.034955544,4.061972076,4.999054048,712.449490849,4.064483123,-4.998017801
laser 006,circular_cone,2112.057157,1565.000000,0.047181236,4.056891496,5.095909831,712.436232012,4.058849496,-5.094978857
laser 006,circular_cone,2111.995779,1566.000000,0.062460934,4.050848816,5.192739460,712.419873093,4.052115925,-5.191939133
laser 006,circular_cone,2111.954208,1567.000000,0.071534368,4.046762638,5.289611514,712.409814222,4.047618981,-5.288890269
laser 006,circular_cone,2111.950264,1568.000000,0.068817850,4.046392746,5.386571451,712.411723380,4.047370470,-5.385831334
laser 006,circular_cone,2111.980551,1569.000000,0.055375382,4.049403737,5.483615842,712.424520459,4.050986965,-5.482767736
laser 006,circular_cone,2112.022118,1570.000000,0.038398569,4.053528994,5.580691909,712.440905231,4.055877251,-5.579706450
laser 006,circular_cone,2112.057765,1571.000000,0.023277578,4.057069702,5.677757486,712.455406142,4.060099225,-5.676650092
laser 006,circular_cone,2112.065387,1572.000000,0.016940727,4.057842315,5.774754759,712.460990292,4.061156626,-5.773598413
laser 006,circular_cone,2112.028679,1573.000000,0.024498607,4.054236213,5.871637304,712.452469978,4.057208166,-5.870547448
laser 006,circular_cone,2111.979141,1574.000000,0.036078435,4.049362980,5.968483377,712.439867048,4.051811042,-5.967493426
laser 006,circular_cone,2111.944005,1575.000000,0.043145678,4.045912372,6.065365115,712.431844855,4.048040221,-6.064437577
laser 006,circular_cone,2111.923430,1576.000000,0.045650794,4.043899977,6.162284826,712.428453674,4.045913528,-6.161381797
laser 006,circular_cone,2111.918887,1577.000000,0.043132898,4.043471022,6.259248514,712.430161327,4.045596993,-6.258328262
laser 006,circular_cone,2111.955867,1578.000000,0.027603035,4.047143226,6.356330663,712.445077292,4.049968921,-6.355285078
laser 006,circular_cone,2112.023395,1579.000000,0.002499369,4.053832980,6.453505032,712.469711487,4.057790518,-6.452254573
laser 006,circular_cone,2112.059514,1580.000000,-0.012759902,4.057420587,6.550594249,712.484352730,4.062065635,-6.549220707
laser 006,circular_cone,2112.023949,1581.000000,-0.005549835,4.053927371,6.647474586,712.476185668,4.058245763,-6.646164642
laser 006,circular_cone,2111.936571,1582.000000,0.017900401,4.045316550,6.744196624,712.451533509,4.048575276,-6.743085207
laser 006,circular_cone,2111.868144,1583.000000,0.035411171,4.038578006,6.840969956,712.432910476,4.041045147,-6.840007719
laser 006,circular_cone,2111.938262,1584.000000,0.009502559,4.045523237,6.938167782,712.458361710,4.049158555,-6.936993983
laser 006,circular_cone,2112.015911,1585.000000,-0.018767218,4.053212881,7.035396298,712.486209673,4.058122949,-7.033991320
laser 006,circular_cone,2110.033566,1791.000000,-0.181343067,3.861757425,27.010651434,712.476879306,3.873761824,-27.008653771
laser 006,circular_cone,2109.860660,1792.000000,-0.130811152,3.844714327,27.105650450,712.424753534,3.854436813,-27.104076231
laser 006,circular_cone,2109.601570,1793.000000,-0.053270826,3.819170141,27.199588386,712.345218994,3.825391684,-27.198661974
laser 006,circular_cone,2109.482423,1794.000000,-0.019603101,3.807436691,27.295211792,712.310207780,3.812137493,-27.294568728
laser 006,circular_cone,2109.481082,1795.000000,-0.022857252,3.807325837,27.392267460,712.312665956,3.812172376,-27.391601026
laser 006,circular_cone,2109.412094,1796.000000,-0.004909283,3.800541512,27.488493223,712.293607699,3.804576826,-27.487979548
laser 006,circular_cone,2109.366565,1797.000000,0.005687334,3.796071644,27.585003047,712.282009831,3.799627539,-27.584581064
laser 006,circular_cone,2109.343099,1798.000000,0.009370752,3.793778278,27.681782692,712.277427679,3.797166782,-27.681394970
laser 006,circular_cone,2109.325995,1799.000000,0.011061626,3.792112512,27.778640178,712.274867629,3.795423561,-27.778270164
laser 006,circular_cone,2109.307848,1800.000000,0.013080570,3.790343886,27.875484119,712.271974670,3.793562671,-27.875134539
laser 006,circular_cone,2109.289453,1801.000000,0.015178443,3.788550822,27.972324315,712.269001636,3.791673782,-27.971995825
laser 006,circular_cone,2109.262578,1802.000000,0.019934942,3.785921328,28.069057516,712.263330604,3.788828466,-28.068772200
laser 006,circular_cone,2109.218203,1803.000000,0.030176513,3.781565763,28.165569138,712.252093259,3.784009508,-28.165372562
laser 006,circular_cone,2109.160560,1804.000000,0.044576574,3.775901708,28.261910353,712.236635857,3.777694368,-28.261837062
laser 006,circular_cone,2109.120633,1805.000000,0.053426118,3.771985170,28.358471938,712.226811252,3.773377268,-28.358475823
laser 006,circular_cone,2109.120309,1806.000000,0.049867421,3.771974627,28.455534374,712.229578731,3.773526212,-28.455512357
laser 006,circular_cone,2109.160850,1807.000000,0.033504650,3.775994605,28.553118915,712.245339944,3.778283593,-28.552964631
laser 006,circular_cone,2109.193359,1808.000000,0.019659365,3.779222540,28.650605124,712.258546364,3.782135304,-28.650339487
laser 006,circular_cone,2109.198672,1809.000000,0.014337493,3.779768077,28.747745843,712.263103130,3.782919911,-28.747439657
laser 006,circular_cone,2109.185060,1810.000000,0.014947483,3.778446948,28.844644095,712.261640200,3.781570116,-28.844346637
laser 006,circular_cone,2109.153973,1811.000000,0.021034913,3.775402211,28.941316172,712.254618745,3.778249489,-28.941072943
laser 006,circular_cone,2109.117661,1812.000000,0.028760794,3.771842198,29.037918710,712.245934612,3.774339634,-29.037743321
laser 006,circular_cone,2109.101025,1813.000000,0.030322039,3.770222892,29.134775106,712.243506418,3.772648728,-29.134616347
laser 006,circular_cone,2109.116751,1814.000000,0.021743325,3.771795460,29.232053566,712.251368309,3.774607366,-29.231827203
laser 006,circular_cone,2109.164790,1815.000000,0.003039268,3.776555249,29.329757682,712.269505417,3.780210236,-29.329379602
laser 006,circular_cone,2109.235210,1816.000000,-0.022678938,3.783522995,29.427761148,712.294760464,3.788337647,-29.427173085
laser 006,circular_cone,2109.280494,1817.000000,-0.040519419,3.788011641,29.525440162,712.312021153,3.793630396,-29.524707556
laser 006,circular_cone,2109.239425,1818.000000,-0.031293908,3.783982008,29.621981284,712.301815289,3.789183238,-29.621328976
laser 006,circular_cone,2109.160877,1819.000000,-0.010321313,3.776255608,29.718022215,712.279688556,3.780509106,-29.717547787
laser 006,circular_cone,2109.086311,1820.000000,0.009403362,3.768922440,29.814110355,712.258828278,3.772284530,-29.813803440
laser 006,circular_cone,2109.052507,1821.000000,0.016354553,3.765609934,29.910737635,712.250930531,3.768657152,-29.910492123
laser 006,circular_cone,2109.050473,1822.000000,0.013350933,3.765430909,30.007788781,712.253134897,3.768612567,-30.007521976
laser 006,circular_cone,2109.046118,1823.000000,0.011075867,3.765022977,30.104809462,712.254599944,3.768306193,-30.104527418
laser 006,circular_cone,2109.040836,1824.000000,0.009092514,3.764523627,30.201818185,712.255768975,3.767895233,-30.201523323
laser 006,circular_cone,2109.031704,1825.000000,0.008316899,3.763644565,30.298775266,712.255712418,3.767050052,-30.298477620
laser 006,circular_cone,2109.000874,1826.000000,0.014342237,3.760625496,30.395437866,712.248754348,3.763757900,-30.395193931
laser 006,circular_cone,2108.957312,1827.000000,0.024358524,3.756350817,30.491925305,712.237746344,3.759030007,-30.491768233
laser 006,circular_cone,2108.921507,1828.000000,0.031945007,3.752841273,30.588515898,712.229204114,3.755176920,-30.588425505
laser 006,circular_cone,2108.896570,1829.000000,0.036126989,3.750403604,30.685253288,712.224116759,3.752549371,-30.685201293
laser 006,circular_cone,2108.869498,1830.000000,0.040979153,3.747755433,30.781960089,712.218349341,3.749681070,-30.781952058
laser 006,circular_cone,2108.839391,1831.000000,0.046783486,3.744808017,30.878623611,712.211615709,3.746470550,-30.878667455
laser 006,circular_cone,2108.810827,1832.000000,0.052105455,3.742012825,30.975306805,712.205371603,3.743434025,-30.975398515
laser 006,circular_cone,2108.786315,1833.000000,0.056158912,3.739617261,31.072044692,712.200414787,3.740854384,-31.072173731
laser 006,circular_cone,2108.772787,1834.000000,0.056771840,3.738304870,31.168934307,712.198949378,3.739513204,-31.169072094
laser 006,circular_cone,2108.769227,1835.000000,0.054262613,3.737975439,31.265962886,712.200652283,3.739295904,-31.266083486
laser 006,circular_cone,2108.775127,1836.000000,0.048790342,3.738578878,31.363124610,712.205362026,3.740145211,-31.363203409
laser 006,circular_cone,2108.798813,1837.000000,0.037745894,3.740936272,31.460537720,712.215726284,3.742999976,-31.460528430
laser 006,circular_cone,2108.831714,1838.000000,0.023814638,3.744202506,31.558083724,712.229019992,3.746893877,-31.557962364
laser 006,circular_cone,2108.849054,1839.000000,0.014760544,3.745934253,31.655413482,712.237364471,3.749033161,-31.655220566
laser 006,circular_cone,2108.843969,1840.000000,0.012735029,3.745454495,31.752427595,712.238576543,3.748643704,-31.752221510
laser 006,circular_cone,2108.820945,1841.000000,0.016332413,3.743205629,31.849186970,712.234082673,3.746231348,-31.849014424
laser 006,circular_cone,2108.778128,1842.000000,0.026133507,3.739004907,31.945662828,712.223293495,3.741587131,-31.945575354
laser 006,circular_cone,2108.727016,1843.000000,0.038534844,3.733986342,32.042017189,712.209865716,3.736007710,-32.042036389
laser 006,circular_cone,2108.696731,1844.000000,0.044410873,3.731021667,32.138667056,712.203059651,3.732776699,-32.138738723
laser 006,circular_cone,2108.694305,1845.000000,0.041558430,3.730804158,32.235716375,712.205110973,3.732686815,-32.235768003
laser 006,circular_cone,2108.691830,1846.000000,0.038722541,3.730581827,32.332765701,712.207145509,3.732591364,-32.332797427
laser 006,circular_cone,2108.669856,1847.000000,0.041997966,3.728436747,32.429533276,712.202978517,3.730297329,-32.429595865
laser 006,circular_cone,2108.651651,1848.000000,0.044093565,3.726663348,32.526354634,712.200008795,3.728428226,-32.526438285
laser 006,circular_cone,2108.656273,1849.000000,0.039037484,3.727140854,32.623507984,712.204296342,3.729132821,-32.623553290
laser 006,circular_cone,2108.680082,1850.000000,0.027970064,3.729510386,32.720943103,712.214683959,3.732000766,-32.720900128
laser 006,circular_cone,2108.711810,1851.000000,0.014421889,3.732660916,32.818497317,712.227588935,3.735761678,-32.818345453
laser 006,circular_cone,2108.724973,1852.000000,0.006692438,3.733980784,32.915782248,712.234589303,3.737429299,-32.915569831
laser 006,circular_cone,2108.699369,1853.000000,0.011113061,3.731477706,33.012497548,712.229260308,3.734725578,-33.012325507
laser 006,circular_cone,2108.669304,1854.000000,0.016932819,3.728534771,33.109145580,712.222511562,3.731518852,-33.109025537
laser 006,circular_cone,2108.671111,1855.000000,0.012765833,3.728734792,33.206264701,712.225896934,3.731905835,-33.206113697
laser 006,circular_cone,2108.690415,1856.000000,0.003116721,3.730660253,33.303645207,712.234845316,3.734265695,-33.303417704
laser 006,circular_cone,2108.699528,1857.000000,-0.003337632,3.731580791,33.400876265,712.240551806,3.735476436,-33.400598799
laser 006,circular_cone,2108.685480,1858.000000,-0.002532323,3.730217338,33.497762457,712.238891556,3.734075521,-33.497495335
laser 006,circular_cone,2108.661394,1859.000000,0.001420017,3.727864027,33.594497714,712.234037879,3.731542707,-33.594267078
laser 006,circular_cone,2108.644660,1860.000000,0.003069516,3.726235745,33.691342462,712.231521032,3.729838862,-33.691129181
laser 006,circular_cone,2108.626944,1861.000000,0.005027972,3.724510650,33.788171863,712.228690693,3.728024258,-33.787978504
laser 006,circular_cone,2108.593558,1862.000000,0.011898333,3.721240385,33.884763463,712.220876045,3.724442785,-33.884630828
laser 006,circular_cone,2108.539039,1863.000000,0.025392242,3.715886395,33.981032318,712.206340225,3.718478633,-33.981015427
laser 006,circular_cone,2108.528165,1864.000000,0.025210180,3.714836066,34.077961775,712.205682050,3.717435411,-34.077947024
laser 006,circular_cone,2108.464387,1865.000000,0.041607369,3.708569413,34.174083610,712.188200235,3.710427557,-34.174208720
laser 006,circular_cone,2108.411522,1866.000000,0.054585533,3.703379017,34.270367938,712.174187901,3.704650278,-34.270604508
laser 006,circular_cone,2108.361294,1867.000000,0.066738186,3.698448810,34.366689115,712.161013295,3.699170449,-34.367030287
laser 006,circular_cone,2108.330136,1868.000000,0.072916577,3.695398835,34.463300441,712.153901046,3.695840501,-34.463696588
laser 006,circular_cone,2108.359005,1869.000000,0.060287928,3.698266853,34.560836637,712.165873028,3.699277405,-34.561131531
laser 006,circular_cone,2108.451249,1870.000000,0.027801055,3.707383516,34.659357431,712.197995844,3.709859257,-34.659386116
laser 006,circular_cone,2108.483856,1871.000000,0.014001811,3.710620527,34.756961333,712.211155620,3.713717990,-34.756879042
laser 006,circular_cone,2108.485907,1872.000000,0.009779066,3.710844722,34.854093259,712.214597787,3.714131671,-34.853979542
laser 006,circular_cone,2108.454554,1873.000000,0.016025668,3.707775227,34.950704759,712.207416382,3.710779126,-34.950646582
laser 006,circular_cone,2108.482561,1874.000000,0.003671199,3.710558757,35.048243813,712.219110088,3.714119168,-35.048086662
laser 006,circular_cone,2108.467757,1875.000000,0.004734156,3.709121031,35.145114107,712.217188723,3.712632358,-35.144969436
laser 006,circular_cone,2108.471827,1876.000000,-0.000116559,3.709544351,35.242281176,712.221268150,3.713273509,-35.242099863
laser 006,circular_cone,2108.472081,1877.000000,-0.003770208,3.709591416,35.339389283,712.224132887,3.713484375,-35.339181271
laser 006,circular_cone,2108.466437,1878.000000,-0.005574264,3.709056926,35.436404972,712.225120803,3.713030205,-35.436185624
laser 006,circular_cone,2108.455115,1879.000000,-0.005597643,3.707962574,35.533330967,712.224301836,3.711935802,-35.533115076
laser 006,circular_cone,2108.438189,1880.000000,-0.003863538,3.706315665,35.630167708,712.221699526,3.710209518,-35.629969872
laser 006,circular_cone,2108.426271,1881.000000,-0.003697696,3.705162575,35.727083834,712.220688589,3.709047838,-35.726891026
laser 006,circular_cone,2108.432505,1882.000000,-0.009219409,3.705799327,35.824290342,712.225448954,3.709932708,-35.824055318
laser 006,circular_cone,2108.468159,1883.000000,-0.023960462,3.709337068,35.921970425,712.239564369,3.714134683,-35.921616600
laser 006,circular_cone,2108.453092,1884.000000,-0.022804021,3.707873473,36.018838401,712.237548283,3.712617788,-36.018497833
laser 006,circular_cone,2108.474664,1885.000000,-0.033129594,3.710022740,36.116297134,712.247183219,3.715231997,-36.115874443
laser 006,circular_cone,2108.420676,1886.000000,-0.019772293,3.704721324,36.212536294,712.232786747,3.709326595,-36.212228208
laser 006,circular_cone,2108.342612,1887.000000,0.001130983,3.697046269,36.308381226,712.210733312,3.700706966,-36.308250428
laser 006,circular_cone,2108.247026,1888.000000,0.027525090,3.687644192,36.403935451,712.183108322,3.690112486,-36.404027550
laser 006,circular_cone,2108.198698,1889.000000,0.039110160,3.682901706,36.500252915,712.170510332,3.684846005,-36.500444896
laser 006,circular_cone,2108.201702,1890.000000,0.034611028,3.683219916,36.597406277,712.174233212,3.685366182,-36.597564535
laser 006,circular_cone,2108.251803,1891.000000,0.015354223,3.688181400,36.695332819,712.192930861,3.691195723,-36.695334765
laser 006,circular_cone,2108.309553,1892.000000,-0.006299591,3.693897330,36.793390397,712.214060748,3.697887899,-36.793216121
laser 006,circular_cone,2108.294623,1893.000000,-0.005175169,3.692447429,36.890256204,712.212077346,3.696386147,-36.890094916
laser 006,circular_cone,2108.214890,1894.000000,0.016258818,3.684608467,36.986050952,712.189485713,3.687578659,-36.986071358
laser 006,circular_cone,2108.146092,1895.000000,0.034266137,3.677848011,37.082020917,712.170371208,3.680004342,-37.082194551
laser 006,circular_cone,2108.112040,1896.000000,0.041386107,3.674513175,37.178562919,712.162304203,3.676347047,-37.178799345
laser 006,circular_cone,2108.118316,1897.000000,0.035870219,3.675153982,37.275774380,712.167058878,3.677235715,-37.275968635
laser 006,circular_cone,2108.150150,1898.000000,0.022346399,3.678314434,37.373413989,712.179939220,3.681005468,-37.373499554
laser 006,circular_cone,2108.163946,1899.000000,0.014476043,3.679696686,37.470755377,712.187082973,3.682741851,-37.470779213
laser 006,circular_cone,2108.133695,1900.000000,0.020410160,3.676736513,37.567359711,712.180219335,3.679512744,-37.567436487
laser 006,circular_cone,2108.087930,1901.000000,0.031206958,3.672247000,37.663701343,712.168421575,3.674534818,-37.663871451
laser 006,circular_cone,2108.088996,1902.000000,0.027329643,3.672374246,37.760829861,712.171513637,3.674835971,-37.760971409
laser 006,circular_cone,2108.135303,1903.000000,0.009275999,3.676961578,37.858724485,712.188990368,3.680237059,-37.858719716
laser 006,circular_cone,2108.203113,1904.000000,-0.015516463,3.683669185,37.956988698,712.213304916,3.688062580,-37.956781634
laser 006,circular_cone,2108.264981,1905.000000,-0.038447085,3.689791397,38.055158784,712.235730225,3.695218671,-38.054764891
laser 006,circular_cone,2108.280663,1906.000000,-0.046901435,3.691359939,38.152548005,712.243466537,3.697167705,-38.152087532
laser 006,circular_cone,2108.215948,1907.000000,-0.030155915,3.685001444,38.248565736,712.225632765,3.690052305,-38.248248008
laser 006,circular_cone,2108.113219,1908.000000,-0.001496424,3.674895513,38.343927686,712.195710067,3.678651731,-38.343851668
laser 006,circular_cone,2108.064020,1909.000000,0.010386964,3.670067465,38.440200958,712.182809977,3.673286232,-38.440227296
laser 006,circular_cone,2108.067912,1910.000000,0.005633520,3.670473402,38.537384853,712.186791114,3.673905623,-38.537375353
laser 006,circular_cone,2108.085022,1911.000000,-0.003261208,3.672182460,38.634798136,712.194974361,3.676015051,-38.634718397
laser 006,circular_cone,2108.093449,1912.000000,-0.009433677,3.673035536,38.732063599,712.200395369,3.677145629,-38.731936234
laser 006,circular_cone,2108.086402,1913.000000,-0.010755420,3.672363090,38.829062311,712.200894429,3.676531748,-38.828927612
laser 006,circular_cone,2108.074970,1914.000000,-0.010701681,3.671258352,38.925985085,712.199997824,3.675423492,-38.925854478
laser 006,circular_cone,2108.075251,1915.000000,-0.014317624,3.671308372,39.023111976,712.202824795,3.675635626,-39.022954979
laser 006,circular_cone,2108.087441,1916.000000,-0.021664794,3.672532491,39.120447939,712.209437776,3.677190269,-39.120233557
laser 006,circular_cone,2108.100269,1917.000000,-0.029210864,3.673819549,39.217797066,712.216252577,3.678816828,-39.217523648
laser 006,circular_cone,2108.098986,1918.000000,-0.032333161,3.673715424,39.314900399,712.218578674,3.678852538,-39.314604690
laser 006,circular_cone,2108.074363,1919.000000,-0.028139014,3.671310221,39.411593607,712.213480957,3.676256942,-39.411336382
laser 006,circular_cone,2108.039403,1920.000000,-0.020703948,3.667885969,39.508103166,712.205094788,3.672496018,-39.507911345
laser 006,circular_cone,2108.015576,1921.000000,-0.016756974,3.665559342,39.604807597,712.200247931,3.669990156,-39.604652206
laser 006,circular_cone,2108.008062,1922.000000,-0.017921433,3.664840954,39.701800211,712.200587533,3.669323236,-39.701638792
laser 006,circular_cone,2107.998864,1923.000000,-0.018556898,3.663956560,39.798763156,712.200390394,3.668466435,-39.798600103
laser 006,circular_cone,2107.962531,1924.000000,-0.010686855,3.660397137,39.895242621,712.191562985,3.664550709,-39.895148585
laser 006,circular_cone,2107.908824,1925.000000,0.002629131,3.655125115,39.991409490,712.177209781,3.658676582,-39.991429707
laser 006,circular_cone,2107.881099,1926.000000,0.007803520,3.652414460,40.088037929,712.171117645,3.655731295,-40.088104772
laser 006,circular_cone,2107.869612,1927.000000,0.007890317,3.651304505,40.184956380,712.170187749,3.654616335,-40.185027587
laser 006,circular_cone,2107.861447,1928.000000,0.006937260,3.650522027,40.281934535,712.170312976,3.653875786,-40.282001468
laser 006,circular_cone,2107.863073,1929.000000,0.002917016,3.650704704,40.379089512,712.173550383,3.654238831,-40.379126695
laser 006,circular_cone,2107.881248,1930.000000,-0.006288470,3.652518737,40.476544784,712.182049072,3.656467268,-40.476509145
laser 006,circular_cone,2107.904303,1931.000000,-0.017022420,3.654813896,40.574091018,712.192098631,3.659245819,-40.573969861
laser 006,circular_cone,2107.919244,1932.000000,-0.025212416,3.656309244,40.671492764,712.199566931,3.661109738,-40.671307220
laser 006,circular_cone,2107.913960,1933.000000,-0.027062449,3.655810811,40.768528385,712.200602325,3.660693721,-40.768331117
laser 006,circular_cone,2107.887874,1934.000000,-0.022391574,3.653261715,40.865184713,712.195021238,3.657932721,-40.865029886
laser 006,circular_cone,2107.856576,1935.000000,-0.016086052,3.650198881,40.961744336,712.187781573,3.654584204,-40.961645528
laser 006,circular_cone,2107.834992,1936.000000,-0.012823834,3.648093679,41.058480346,712.183629849,3.652330678,-41.058412278
laser 006,circular_cone,2107.794298,1937.000000,-0.003571349,3.644104767,41.154864080,712.173400096,3.647923072,-41.154876509
laser 006,circular_cone,2107.714630,1938.000000,0.017895945,3.636274387,41.250527049,712.150776585,3.639122683,-41.250721437
laser 006,circular_cone,2107.594253,1939.000000,0.052119474,3.624432308,41.345432284,712.115210000,3.625734843,-41.345914589
laser 006,circular_cone,2107.545582,1940.000000,0.063873426,3.619657970,41.441655512,712.102442296,3.620428910,-41.442239092
laser 006,circular_cone,2107.553504,1941.000000,0.057895625,3.620461105,41.538925497,712.107666159,3.621500771,-41.539463064
laser 006,circular_cone,2107.568281,1942.000000,0.049770923,3.621939860,41.636324585,712.115068376,3.623345154,-41.636798307
laser 006,circular_cone,2107.647073,1943.000000,0.021587065,3.629727971,41.734919283,712.142823561,3.632404262,-41.735162539
laser 006,circular_cone,2107.697160,1944.000000,0.002398203,3.634687297,41.832985434,712.161451958,3.638228598,-41.833072941
laser 006,circular_cone,2107.706647,1945.000000,-0.004066280,3.635644936,41.930296416,712.167169597,3.639476931,-41.930333867
laser 006,circular_cone,2107.675122,1946.000000,0.002323452,3.632560117,42.026839176,712.159844788,3.636102632,-42.026933344
laser 006,circular_cone,2107.633239,1947.000000,0.011960342,3.628454445,42.123185230,712.149225307,3.631560920,-42.123363086
laser 006,circular_cone,2107.625878,1948.000000,0.010779645,3.627751446,42.220179672,712.149581839,3.630910133,-42.220351361
laser 006,circular_cone,2107.652043,1949.000000,-0.000906616,3.630352930,42.317808164,712.160597753,3.634037999,-42.317886423
laser 006,circular_cone,2107.671295,1950.000000,-0.010425482,3.632273109,42.415308880,712.169414533,3.636386734,-42.415311712
laser 006,circular_cone,2107.652615,1951.000000,-0.008055190,3.630454446,42.512091820,712.166168118,3.634460010,-42.512117981
laser 006,circular_cone,2107.620956,1952.000000,-0.001616088,3.627356530,42.608627022,712.158793363,3.631070389,-42.608710308
laser 006,circular_cone,2107.622811,1953.000000,-0.005679056,3.627561954,42.705799763,712.162074413,3.631458118,-42.705852941
laser 006,circular_cone,2107.636009,1954.000000,-0.013295830,3.628885430,42.803190479,712.168961282,3.633124301,-42.803184029
laser 006,circular_cone,2107.643216,1955.000000,-0.019033895,3.629618425,42.900468452,712.173941952,3.634115207,-42.900417979
laser 006,circular_cone,2107.656158,1956.000000,-0.026568303,3.630916739,42.997858137,712.180745251,3.635752511,-42.997748720
laser 006,circular_cone,2107.675385,1957.000000,-0.036071559,3.632834614,43.095370874,712.189546203,3.638098241,-43.095186160
laser 006,circular_cone,2107.685554,1958.000000,-0.042734759,3.633859674,43.192711429,712.195465546,3.639422970,-43.192475007
laser 006,circular_cone,2107.680248,1959.000000,-0.044546412,3.633359335,43.289754513,712.196462374,3.639003325,-43.289506683
laser 006,circular_cone,2107.660896,1960.000000,-0.041954334,3.631474455,43.386525809,712.192991070,3.637000378,-43.386303148
laser 006,circular_cone,2107.636815,1961.000000,-0.037878841,3.629123462,43.483204486,712.188014679,3.634464365,-43.483019317
laser 006,circular_cone,2107.615614,1962.000000,-0.034704850,3.627056389,43.579938071,712.183953001,3.632252960,-43.579782904
laser 006,circular_cone,2107.591424,1963.000000,-0.030592844,3.624694730,43.676612421,712.178939617,3.629704633,-43.676495049
laser 006,circular_cone,2107.551684,1964.000000,-0.021606005,3.620800427,43.772981521,712.168980146,3.625403638,-43.772942435
laser 006,circular_cone,2107.503342,1965.000000,-0.009922244,3.616058419,43.869179537,712.156284361,3.620133211,-43.869241138
laser 006,circular_cone,2107.475890,1966.000000,-0.004784554,3.613375451,43.965784594,712.150230394,3.617217283,-43.965892508
laser 006,circular_cone,2107.525511,1967.000000,-0.023801034,3.618288847,44.063905310,712.168683725,3.622987916,-44.063858905
laser 006,circular_cone,2107.500927,1968.000000,-0.019559588,3.615888509,44.160567356,712.163539133,3.620395070,-44.160559820
laser 006,circular_cone,2107.497142,1969.000000,-0.021835687,3.615538182,44.257639416,712.165007375,3.620146404,-44.257616612
laser 006,circular_cone,2107.514059,1970.000000,-0.030599063,3.617228314,44.355122276,712.173057716,3.622231000,-44.355030318
laser 006,circular_cone,2107.511858,1971.000000,-0.033369282,3.617034135,44.452227877,712.175027315,3.622160786,-44.452116546
laser 006,circular_cone,2107.462886,1972.000000,-0.021479152,3.612230113,44.548403392,712.162122352,3.616819034,-44.548394461
laser 006,circular_cone,2107.400634,1973.000000,-0.005426181,3.606117447,44.644310759,712.144993769,3.609980750,-44.644438806
laser 006,circular_cone,2107.363221,1974.000000,0.002842923,3.602452991,44.740710138,712.135762832,3.605942000,-44.740910507
laser 006,circular_cone,2107.365334,1975.000000,-0.001274174,3.602683973,44.837898897,712.139099082,3.606357740,-44.838068705
laser 006,circular_cone,2107.390814,1976.000000,-0.012713491,3.605217899,44.935557823,712.149864519,3.609406911,-44.935636250
laser 006,circular_cone,2107.399138,1977.000000,-0.018774975,3.606061063,45.032874761,712.155173561,3.610522592,-45.032906476
laser 006,circular_cone,2107.382141,1978.000000,-0.016899303,3.604408690,45.129682851,712.152429527,3.608784494,-45.129733782
laser 006,circular_cone,2107.347512,1979.000000,-0.009496377,3.601018633,45.226134155,712.144077540,3.605059240,-45.226250214
laser 006,circular_cone,2107.297299,1980.000000,0.002791625,3.596092857,45.322267872,712.130769178,3.599577780,-45.322489633
laser 006,circular_cone,2107.251539,1981.000000,0.013684908,3.591606091,45.418488533,712.118875945,3.594598282,-45.418804411
laser 006,circular_cone,2107.241201,1982.000000,0.013478433,3.590610100,45.515426367,712.118244576,3.593610544,-45.515744166
laser 006,circular_cone,2107.264175,1983.000000,0.002833433,3.592896899,45.613042984,712.128204141,3.596376741,-45.613276000
laser 006,circular_cone,2107.289762,1984.000000,-0.008629619,3.595441293,45.710715889,712.138993693,3.599437454,-45.710857326
laser 006,circular_cone,2107.294235,1985.000000,-0.013474397,3.595904944,45.807959880,712.143068354,3.600118710,-45.808064710
laser 006,circular_cone,2107.279811,1986.000000,-0.012395450,3.594506286,45.904817659,712.141132836,3.598670290,-45.904935087
laser 006,circular_cone,2107.264678,1987.000000,-0.011093084,3.593037773,46.001660538,712.138970658,3.597141932,-46.001792419
laser 006,circular_cone,2107.248675,1988.000000,-0.009516843,3.591483541,46.098485110,712.136530630,3.595515493,-46.098633718
laser 006,circular_cone,2107.216995,1989.000000,-0.003026137,3.588384403,46.194985698,712.129104445,3.592122335,-46.195191853
laser 006,circular_cone,2107.162092,1990.000000,0.010743629,3.582996866,46.291004240,712.114293028,3.586112239,-46.291328404
laser 006,circular_cone,2107.101328,1991.000000,0.026350788,3.577032026,46.386897535,712.097617460,3.579441910,-46.387354969
laser 006,circular_cone,2107.060589,1992.000000,0.035683317,3.573040596,46.483202326,712.087308114,3.575028197,-46.483740911
laser 006,circular_cone,2107.068218,1993.000000,0.029859841,3.573815144,46.580510922,712.092375894,3.576064526,-46.581004770
laser 006,circular_cone,2107.126242,1994.000000,0.008244337,3.579555577,46.678871923,712.113466047,3.582779512,-46.679189864
laser 006,circular_cone,2107.150241,1995.000000,-0.002707575,3.581943378,46.776527957,712.123737048,3.585660567,-46.776758564
laser 006,circular_cone,2107.075130,1996.000000,0.017402453,3.574564789,46.872111733,712.102493108,3.577373255,-46.872513010
laser 006,circular_cone,2106.954327,1997.000000,0.051830696,3.562684640,46.966731387,712.066722227,3.563938131,-46.967422263
laser 006,circular_cone,2106.909367,1998.000000,0.062492492,3.558277758,47.062936050,712.055064434,3.559048971,-47.063719118
laser 006,circular_cone,2105.055963,2204.000000,-0.036918661,3.380607611,67.039359228,711.983112151,3.385655999,-67.040062104
laser 006,circular_cone,2105.102235,2205.000000,-0.054603887,3.385188050,67.138003124,712.000213641,3.391033675,-67.138562728
laser 006,circular_cone,2105.133461,2206.000000,-0.067571674,3.388287208,67.236199984,712.012530065,3.394717151,-67.236655494
laser 006,circular_cone,2105.106069,2207.000000,-0.062160941,3.385614596,67.332636871,712.006204612,3.391799350,-67.333140923
laser 006,circular_cone,2105.081163,2208.000000,-0.057528464,3.383186812,67.429147188,712.000668595,3.389161505,-67.429693317
laser 006,circular_cone,2105.081940,2209.000000,-0.060946633,3.383287855,67.526431159,712.003298588,3.389415850,-67.526952504
laser 006,circular_cone,2105.104514,2210.000000,-0.071197371,3.385535132,67.624374725,712.012859036,3.392124813,-67.624814541
laser 006,circular_cone,2105.125416,2211.000000,-0.080923021,3.387617850,67.722270576,712.021886865,3.394645518,-67.722633225
laser 006,circular_cone,2105.117374,2212.000000,-0.081572853,3.386850569,67.819292021,712.021708879,3.393906592,-67.819652877
laser 006,circular_cone,2105.086740,2213.000000,-0.075138288,3.383858759,67.915628054,712.014345051,3.390623386,-67.916045953
laser 006,circular_cone,2105.058205,2214.000000,-0.069360712,3.381073688,68.012026126,712.007647653,3.387576572,-68.012495612
laser 006,circular_cone,2105.037413,2215.000000,-0.066009579,3.379051057,68.108658271,712.003411471,3.385401716,-68.109159191
laser 006,circular_cone,2105.009744,2216.000000,-0.060501250,3.376351349,68.205079928,711.996987232,3.382452418,-68.205630198
laser 006,circular_cone,2104.971221,2217.000000,-0.051589009,3.372583042,68.301168839,711.987110377,3.378280888,-68.301796728
laser 006,circular_cone,2104.931378,2218.000000,-0.042261969,3.368684882,68.397214985,711.976812823,3.373960784,-68.397923938
laser 006,circular_cone,2104.892963,2219.000000,-0.033381626,3.364927424,68.493302298,711.966968399,3.369801543,-68.494088605
laser 006,circular_cone,2104.848470,2220.000000,-0.022594963,3.360571708,68.589200930,711.955190407,3.364958004,-68.590080422
laser 006,circular_cone,2104.813712,2221.000000,-0.014859065,3.357174490,68.685395383,711.946506884,3.361210659,-68.686342724
laser 006,circular_cone,2104.815305,2222.000000,-0.018517139,3.357355880,68.782704868,711.949380423,3.361556184,-68.783625431
laser 006,circular_cone,2104.875998,2223.000000,-0.040701251,3.363355585,68.881834302,711.971045105,3.368556186,-68.882574229
laser 006,circular_cone,2104.941459,2224.000000,-0.064380481,3.369825125,68.981116994,711.994226260,3.376093507,-68.981663869
laser 006,circular_cone,2104.950144,2225.000000,-0.070259077,3.370704897,69.078653864,711.999352066,3.377237636,-69.079155520
laser 006,circular_cone,2104.936791,2226.000000,-0.069227096,3.369414862,69.175511183,711.997468435,3.375900053,-69.176025011
laser 006,circular_cone,2104.917918,2227.000000,-0.066463284,3.367581360,69.272197375,711.993828218,3.373940839,-69.272737758
laser 006,circular_cone,2104.892131,2228.000000,-0.061530631,3.365067165,69.368668516,711.987988162,3.371203042,-69.369253466
laser 006,circular_cone,2104.866787,2229.000000,-0.056735734,3.362596631,69.465152071,711.982287860,3.368515125,-69.465780444
laser 006,circular_cone,2104.877911,2230.000000,-0.063372955,3.363716521,69.562767851,711.988183194,3.369933614,-69.563344703
laser 006,circular_cone,2104.919989,2231.000000,-0.079714149,3.367884089,69.661349022,712.003921266,3.374837766,-69.661793764
laser 006,circular_cone,2104.949464,2232.000000,-0.092103309,3.370810946,69.759541942,712.015650771,3.378322834,-69.759887395
laser 006,circular_cone,2104.941633,2233.000000,-0.092794360,3.370064653,69.856573795,712.015514902,3.377606764,-69.856917110
laser 006,circular_cone,2104.890386,2234.000000,-0.079871481,3.365043659,69.952248733,712.001570492,3.372001536,-69.952702972
laser 006,circular_cone,2104.806537,2235.000000,-0.056726472,3.356813130,70.046899729,711.977257873,3.362725402,-70.047549785
laser 006,circular_cone,2104.715715,2236.000000,-0.031395750,3.347896707,70.141325962,711.950728370,3.352664724,-70.142189987
laser 006,circular_cone,2104.659161,2237.000000,-0.016807802,3.342354175,70.236820793,711.935095261,3.346462807,-70.237809569
laser 006,circular_cone,2104.673506,2238.000000,-0.024444518,3.343790976,70.334539712,711.942004488,3.348243322,-70.335468667
laser 006,circular_cone,2104.747840,2239.000000,-0.050886998,3.351133413,70.434148723,711.967988211,3.356778263,-70.434861677
laser 006,circular_cone,2104.829358,2240.000000,-0.079582795,3.359183716,70.533991698,711.996257403,3.366122771,-70.534469937
laser 006,circular_cone,2104.875417,2241.000000,-0.097161331,3.363743364,70.632723654,712.013250439,3.371474854,-70.633059506
laser 006,circular_cone,2104.859879,2242.000000,-0.095425150,3.362238339,70.729513671,712.010652793,3.369890503,-70.729867542
laser 006,circular_cone,2104.784202,2243.000000,-0.074831605,3.354812349,70.824399909,711.988928419,3.361534072,-70.824928405
laser 006,circular_cone,2104.698444,2244.000000,-0.051077482,3.346394373,70.918961137,711.963998388,3.352043003,-70.919690507
laser 006,circular_cone,2104.658552,2245.000000,-0.041702696,3.342492033,71.014971353,711.953653145,3.347716574,-71.015782178
laser 006,circular_cone,2104.664961,2246.000000,-0.046842524,3.343147733,71.112450228,711.958029848,3.348603296,-71.113221967
laser 006,circular_cone,2104.668008,2247.000000,-0.050927214,3.343472485,71.209823581,711.961336348,3.349111447,-71.210564996
laser 006,circular_cone,2104.657352,2248.000000,-0.050714648,3.342448274,71.306761477,711.960284238,3.348076680,-71.307508257
laser 006,circular_cone,2104.641491,2249.000000,-0.048869051,3.340911679,71.403533269,711.957575796,3.346455824,-71.404298975
laser 006,circular_cone,2104.639975,2250.000000,-0.051519642,3.340787258,71.500762886,711.959427753,3.346450076,-71.501510178
laser 006,circular_cone,2104.656819,2251.000000,-0.059925337,3.342470280,71.598580656,711.967116983,3.348511525,-71.599261739
laser 006,circular_cone,2104.672007,2252.000000,-0.067810858,3.343990327,71.696347743,711.974278609,3.350386521,-71.696966936
laser 006,circular_cone,2104.666302,2253.000000,-0.069144670,3.343453555,71.793446778,711.974795009,3.349908991,-71.794058493
laser 006,circular_cone,2104.633938,2254.000000,-0.062118868,3.340292337,71.889689812,711.966832499,3.346429707,-71.890363473
laser 006,circular_cone,2104.596024,2255.000000,-0.053351960,3.336584840,71.985752418,711.957104069,3.342325563,-71.986502484
laser 006,circular_cone,2104.538379,2256.000000,-0.038398196,3.330935174,72.081177139,711.941100536,3.336000008,-72.082054991
laser 006,circular_cone,2104.542473,2257.000000,-0.042799209,3.331363029,72.178588968,711.944727994,3.336625543,-72.179433868
laser 006,circular_cone,2104.495876,2258.000000,-0.031307023,3.326801072,72.274364976,711.932235507,3.331543935,-72.275308913
laser 006,circular_cone,2104.501357,2259.000000,-0.036140412,3.327365448,72.371821936,711.936301539,3.332325507,-72.372729330
laser 006,circular_cone,2104.530806,2260.000000,-0.048487010,3.330289181,72.470056404,711.947987959,3.335805540,-72.470864860
laser 006,circular_cone,2104.529050,2261.000000,-0.051049342,3.330141219,72.567282483,711.949750540,3.335772271,-72.568073256
laser 006,circular_cone,2104.489638,2262.000000,-0.041804678,3.326286526,72.663286634,711.939537740,3.331499369,-72.664157779
laser 006,circular_cone,2104.452255,2263.000000,-0.033195151,3.322631663,72.759354245,711.929969173,3.327454965,-72.760300487
laser 006,circular_cone,2104.428782,2264.000000,-0.028945416,3.320346065,72.855872349,711.924822603,3.324976602,-72.856857481
laser 006,circular_cone,2104.422430,2265.000000,-0.030061987,3.319745726,72.952947412,711.925118885,3.324425705,-72.953926866
laser 006,circular_cone,2104.457758,2266.000000,-0.044244506,3.323248064,73.051383320,711.938667415,3.328567209,-73.052248590
laser 006,circular_cone,2104.522260,2267.000000,-0.067573482,3.329622424,73.150776866,711.961492778,3.335993555,-73.151451991
laser 006,circular_cone,2104.512065,2268.000000,-0.067481746,3.328643797,73.247732039,711.960563525,3.335009834,-73.248411522
laser 006,circular_cone,2104.550558,2269.000000,-0.082654717,3.332458116,73.346282983,711.975116576,3.339508024,-73.346840055
laser 006,circular_cone,2104.573210,2270.000000,-0.092860034,3.334713113,73.444318307,711.984631150,3.342222679,-73.444794224
laser 006,circular_cone,2104.559628,2271.000000,-0.091702738,3.333401049,73.541165710,711.982621168,3.340857428,-73.541654833
laser 006,circular_cone,2104.479044,2272.000000,-0.069535720,3.325493188,73.635808052,711.959302087,3.331948120,-73.636484861
laser 006,circular_cone,2104.427298,2273.000000,-0.056410328,3.320424467,73.731394554,711.945153538,3.326286040,-73.732183961
laser 006,circular_cone,2104.359041,2274.000000,-0.038107738,3.313730764,73.826432822,711.925754074,3.318765309,-73.827377822
laser 006,circular_cone,2104.310124,2275.000000,-0.025867981,3.308940953,73.922104970,711.912503878,3.313422113,-73.923155212
laser 006,circular_cone,2104.266635,2276.000000,-0.015329081,3.304685554,74.017953326,711.900978814,3.308690096,-74.019094685
laser 006,circular_cone,2104.269118,2277.000000,-0.019201149,3.304954898,74.115321255,711.904070032,3.309133254,-74.116434052
laser 006,circular_cone,2104.355647,2278.000000,-0.049421703,3.313496679,74.215477426,711.933885027,3.319038072,-74.216342847
laser 006,circular_cone,2104.435546,2279.000000,-0.077564904,3.321386562,74.315422084,711.961593026,3.328197233,-74.316057381
laser 006,circular_cone,2104.439992,2280.000000,-0.082049714,3.321849296,74.412865661,711.965305672,3.328861438,-74.413467307
laser 006,circular_cone,2104.419116,2281.000000,-0.078593524,3.319819374,74.509467377,711.960964247,3.326674574,-74.510101320
laser 006,circular_cone,2104.430321,2282.000000,-0.085195338,3.320947472,74.607137741,711.966824058,3.328099693,-74.607720453
laser 006,circular_cone,2104.478616,2283.000000,-0.103426464,3.325726838,74.706048213,711.984478749,3.333700962,-74.706483117
laser 006,circular_cone,2104.460540,2284.000000,-0.100844536,3.323972508,74.802745114,711.981024066,3.331829151,-74.803205053
laser 006,circular_cone,2104.460182,2285.000000,-0.103817361,3.323962410,74.900034385,711.983203228,3.331952283,-74.900473230
laser 006,circular_cone,2104.441030,2286.000000,-0.100895652,3.322102183,74.996694620,711.979403965,3.329959240,-74.997161323
laser 006,circular_cone,2104.366939,2287.000000,-0.080745806,3.314833862,75.091510463,711.958131394,3.321780521,-75.092148097
laser 006,circular_cone,2104.315728,2288.000000,-0.067769753,3.309818072,75.187089618,711.944134772,3.316178119,-75.187838607
laser 006,circular_cone,2104.286403,2289.000000,-0.061655066,3.306956696,75.283401536,711.937097197,3.313039814,-75.284204898
laser 006,circular_cone,2104.257117,2290.000000,-0.055551515,3.304099218,75.379713117,711.930070948,3.309905911,-75.380570759
laser 006,circular_cone,2104.219329,2291.000000,-0.046781239,3.300404986,75.475736302,711.920340063,3.305814894,-75.476670372
laser 006,circular_cone,2104.188052,2292.000000,-0.040051321,3.297351686,75.571976988,711.912678601,3.302456898,-75.572970539
laser 006,circular_cone,2104.176859,2293.000000,-0.039617082,3.296275150,75.668894948,711.911402405,3.301359819,-75.669895698
laser 006,circular_cone,2104.180819,2294.000000,-0.043932516,3.296690021,75.766325845,711.914943457,3.301968522,-75.767294350
laser 006,circular_cone,2104.195176,2295.000000,-0.051506640,3.298128228,75.864110437,711.921789552,3.303747639,-75.865019634
laser 006,circular_cone,2104.221508,2296.000000,-0.062834455,3.300745142,75.962303664,711.932442717,3.306874885,-75.963122382
laser 006,circular_cone,2104.242371,2297.000000,-0.072446652,3.302823839,76.060314206,711.941355856,3.309386480,-76.061056691
laser 006,circular_cone,2104.231326,2298.000000,-0.072052914,3.301761875,76.157241528,711.940120780,3.308305802,-76.157990875
laser 006,circular_cone,2104.200044,2299.000000,-0.065312646,3.298708034,76.253479176,711.932448957,3.304946802,-76.254288090
laser 006,circular_cone,2104.176211,2300.000000,-0.060906901,3.296387431,76.349969152,711.927144878,3.302426407,-76.350818246
laser 006,circular_cone,2104.164626,2301.000000,-0.060340302,3.295272370,76.446876359,711.925734547,3.301284832,-76.447733749
laser 006,circular_cone,2104.154948,2302.000000,-0.060370454,3.294345016,76.543848669,711.924929465,3.300357899,-76.544709401
laser 006,circular_cone,2104.139320,2303.000000,-0.058533829,3.292832051,76.640617239,711.922231090,3.298761099,-76.641496815
laser 006,circular_cone,2104.125625,2304.000000,-0.057302109,3.291509356,76.737451619,711.920146237,3.297381871,-76.738345015
laser 006,circular_cone,2104.126766,2305.000000,-0.060720970,3.291646878,76.834795087,711.922778071,3.297672762,-76.835663682
laser 006,circular_cone,2104.140641,2306.000000,-0.068131474,3.293037752,76.932577323,711.929458273,3.299397165,-76.933387968
laser 006,circular_cone,2104.148531,2307.000000,-0.073664314,3.293839584,77.030155632,711.934234132,3.300447780,-77.030923921
laser 006,circular_cone,2104.135379,2308.000000,-0.072598099,3.292570348,77.127010256,711.932317185,3.299129483,-77.127790991
laser 006,circular_cone,2104.111965,2309.000000,-0.068312977,3.290291094,77.223510477,711.927135624,3.296655885,-77.224330388
laser 006,circular_cone,2104.094686,2310.000000,-0.065950367,3.288615702,77.320221531,711.923903909,3.294872920,-77.321064652
laser 006,circular_cone,2104.094315,2311.000000,-0.068888176,3.288604462,77.417516918,711.926047917,3.294993340,-77.418339233
laser 006,circular_cone,2104.111376,2312.000000,-0.077290866,3.290308973,77.515417005,711.933734429,3.297076164,-77.516173131
laser 006,circular_cone,2104.140807,2313.000000,-0.089571525,3.293231090,77.613748527,711.945353974,3.300551625,-77.614406259
laser 006,circular_cone,2104.157651,2314.000000,-0.097904357,3.294914372,77.711646383,711.952969621,3.302610067,-77.712238505
laser 006,circular_cone,2104.130844,2315.000000,-0.092547872,3.292301118,77.808028719,711.946701580,3.299754116,-77.808668913
laser 006,circular_cone,2104.066501,2316.000000,-0.075420086,3.285993433,77.903102809,711.928495146,3.292672445,-77.903888831
laser 006,circular_cone,2103.999731,2317.000000,-0.057530922,3.279447203,77.998087691,711.909516585,3.285317865,-77.999025862
laser 006,circular_cone,2103.987108,2318.000000,-0.056618797,3.278230187,78.094957387,711.907756105,3.284058746,-78.095906722
laser 006,circular_cone,2104.023795,2319.000000,-0.071166941,3.281866217,78.193549904,711.921675349,3.288350463,-78.194382014
laser 006,circular_cone,2104.043376,2320.000000,-0.080350554,3.283818771,78.291548035,711.930153909,3.290716579,-78.292307470
laser 006,circular_cone,2104.013512,2321.000000,-0.074028623,3.280904854,78.387816628,711.922906875,3.287516393,-78.388632152
laser 006,circular_cone,2103.963733,2322.000000,-0.061461095,3.276031005,78.483385031,711.909325650,3.282074384,-78.484308511
laser 006,circular_cone,2103.933465,2323.000000,-0.055010429,3.273077496,78.579635178,711.901948125,3.278828796,-78.580615815
laser 006,circular_cone,2103.941690,2324.000000,-0.060628181,3.273912316,78.677236964,711.906810269,3.279916237,-78.678174537
laser 006,circular_cone,2103.965245,2325.000000,-0.071051787,3.276255908,78.775380022,711.916546449,3.282729361,-78.776234622
laser 006,circular_cone,2103.944530,2326.000000,-0.067592853,3.274242564,78.871965611,711.912203151,3.280558969,-78.872852524
laser 006,circular_cone,2103.891787,2327.000000,-0.054090201,3.269077230,78.967420022,711.897673702,3.274783270,-78.968422655
laser 006,circular_cone,2103.854950,2328.000000,-0.045574051,3.265477406,79.063432771,711.888201523,3.270798146,-79.064509713
laser 006,circular_cone,2103.837751,2329.000000,-0.043214198,3.263810224,79.160137905,711.884972985,3.269023523,-79.161238032
laser 006,circular_cone,2103.839168,2330.000000,-0.046690102,3.263975046,79.257501767,711.887662977,3.269344297,-79.258576617
laser 006,circular_cone,2103.871746,2331.000000,-0.059935527,3.267206492,79.355971684,711.900261022,3.273172638,-79.356940126
laser 006,circular_cone,2103.925458,2332.000000,-0.079807378,3.272518028,79.455195790,711.919579424,3.279380147,-79.456002797
laser 006,circular_cone,2103.957887,2333.000000,-0.093005062,3.275735150,79.553668866,711.932129009,3.283192010,-79.554369862
laser 006,circular_cone,2103.970966,2334.000000,-0.100133977,3.277047899,79.651456867,711.938523782,3.284825589,-79.652102250
laser 006,circular_cone,2103.979530,2335.000000,-0.105845970,3.277916298,79.749085969,711.943481547,3.285950867,-79.749687505
laser 006,circular_cone,2103.972705,2336.000000,-0.106730835,3.277270060,79.846167537,711.943543772,3.285343639,-79.846765311
laser 006,circular_cone,2103.928418,2337.000000,-0.095866507,3.272936722,79.941910946,711.931690308,3.280519020,-79.942602529
laser 006,circular_cone,2103.866060,2338.000000,-0.079334579,3.266825038,80.037005036,711.914088972,3.273660251,-80.037837493
laser 006,circular_cone,2103.808963,2339.000000,-0.064451873,3.261231390,80.132283074,711.898160282,3.267393956,-80.133242709
laser 006,circular_cone,2103.769839,2340.000000,-0.055204115,3.257406668,80.228201486,711.887946429,3.263150917,-80.229241504
laser 006,circular_cone,2103.776181,2341.000000,-0.060211568,3.258056249,80.325749469,711.892189780,3.264025581,-80.326751489
laser 006,circular_cone,2103.840572,2342.000000,-0.083420717,3.264418629,80.425385277,711.914892673,3.271434565,-80.426198147
laser 006,circular_cone,2103.913685,2343.000000,-0.109365572,3.271639883,80.525341614,711.940369981,3.279825897,-80.525942617
laser 006,circular_cone,2103.952444,2344.000000,-0.124536912,3.275480296,80.624067457,711.954921138,3.284350134,-80.624546059
laser 006,circular_cone,2103.954164,2345.000000,-0.128091206,3.275675191,80.721461305,711.957690704,3.284704525,-80.721913976
laser 006,circular_cone,2103.938212,2346.000000,-0.126101959,3.274130701,80.818217841,711.954838234,3.283069328,-80.818690618
laser 006,circular_cone,2103.907490,2347.000000,-0.119479361,3.271132501,80.914439723,711.947286827,3.279771298,-80.914971082
laser 006,circular_cone,2103.856883,2348.000000,-0.106619547,3.266177270,81.009939864,711.933409924,3.274234726,-81.010581601
laser 006,circular_cone,2103.798349,2349.000000,-0.091273119,3.260442090,81.105149202,711.917011249,3.267805973,-81.105921965
laser 006,circular_cone,2103.751083,2350.000000,-0.079459594,3.255816063,81.200763316,711.904195543,3.262645829,-81.201637767
laser 006,circular_cone,2103.726191,2351.000000,-0.074661241,3.253391997,81.297187138,711.898494354,3.260004270,-81.298105021
laser 006,circular_cone,2103.719067,2352.000000,-0.075433444,3.252716501,81.394255999,711.898442591,3.259362706,-81.395171054
laser 006,circular_cone,2103.737641,2353.000000,-0.084263026,3.254569968,81.492261028,711.906562254,3.261613768,-81.493106345
laser 006,circular_cone,2103.763701,2354.000000,-0.095439289,3.257160221,81.590541537,711.917061801,3.264707534,-81.591297628
laser 006,circular_cone,2103.759792,2355.000000,-0.097216282,3.256801146,81.687731079,711.918029066,3.264427741,-81.688475998
laser 006,circular_cone,2103.717096,2356.000000,-0.086828539,3.252624936,81.783503429,711.906659486,3.259781768,-81.784338196
laser 006,circular_cone,2103.658640,2357.000000,-0.071497832,3.246897960,81.878696274,711.890277052,3.253361932,-81.879661935
laser 006,circular_cone,2103.627781,2358.000000,-0.064820203,3.243886872,81.974896000,711.882670160,3.250048535,-81.975920698
laser 006,circular_cone,2103.637562,2359.000000,-0.070885212,3.244874983,82.072584549,711.887986186,3.251309468,-82.073562466
laser 006,circular_cone,2103.654950,2360.000000,-0.079334636,3.246611708,82.170554179,711.895720354,3.253426632,-82.171465514
laser 006,circular_cone,2103.636107,2361.000000,-0.076421362,3.244783065,82.267194093,711.891931117,3.251465583,-82.268133204
laser 006,circular_cone,2103.574884,2362.000000,-0.060217456,3.238784111,82.362273273,711.874663318,3.244734360,-82.363350528
laser 006,circular_cone,2103.518928,2363.000000,-0.045664595,3.233303698,82.457542181,711.859069966,3.238596197,-82.458743870
laser 006,circular_cone,2103.508554,2364.000000,-0.045403554,3.232308543,82.554488817,711.857970561,3.237588343,-82.555696257
laser 006,circular_cone,2103.521567,2365.000000,-0.052474668,3.233614615,82.652299271,711.864306989,3.239212648,-82.653451574
laser 006,circular_cone,2103.524339,2366.000000,-0.056333473,3.233913016,82.749733005,711.867385696,3.239684298,-82.750856847
laser 006,circular_cone,2103.500316,2367.000000,-0.051789010,3.231574846,82.846175767,711.861942354,3.237140101,-82.847340930
laser 006,circular_cone,2103.512510,2368.000000,-0.058599961,3.232800368,82.943959804,711.868014955,3.238672115,-82.945071990
laser 006,circular_cone,2103.471270,2369.000000,-0.048654407,3.228768126,83.039762748,711.857094226,3.234190073,-83.040961107
laser 006,circular_cone,2103.475874,2370.000000,-0.053082962,3.229246805,83.137266297,711.860750783,3.234867717,-83.138431462
laser 006,circular_cone,2103.450623,2371.000000,-0.048148762,3.226787886,83.233660564,711.854912284,3.232185182,-83.234870287
laser 006,circular_cone,2103.486350,2372.000000,-0.062334387,3.230328984,83.332324423,711.868463795,3.236365625,-83.333419928
laser 006,circular_cone,2103.492269,2373.000000,-0.067172006,3.230937112,83.429880865,711.872535208,3.237191181,-83.430939780
laser 006,circular_cone,2103.478784,2374.000000,-0.065923702,3.229635916,83.526714339,711.870434725,3.235832731,-83.527787201
laser 006,circular_cone,2103.456343,2375.000000,-0.061865787,3.227453486,83.623212793,711.865484961,3.233466237,-83.624322935
laser 006,circular_cone,2103.442434,2376.000000,-0.060482190,3.226110606,83.720029398,711.863247314,3.232059997,-83.721154612
laser 006,circular_cone,2103.456774,2377.000000,-0.067955836,3.227547354,83.817903855,711.869992025,3.233833151,-83.818970588
laser 006,circular_cone,2103.493620,2378.000000,-0.082486319,3.231198754,83.916624517,711.883893231,3.238139462,-83.917574168
laser 006,circular_cone,2103.514880,2379.000000,-0.092128324,3.233316581,84.014764059,711.892836907,3.240691562,-84.015637224
laser 006,circular_cone,2103.508060,2380.000000,-0.092963146,3.232671259,84.111850715,711.892849035,3.240083009,-84.112720528
laser 006,circular_cone,2103.483016,2381.000000,-0.088081580,3.230232650,84.208251757,711.887064081,3.237423163,-84.209165689
laser 006,circular_cone,2103.448742,2382.000000,-0.080304351,3.226885850,84.304303720,711.878342610,3.233724434,-84.305285816
laser 006,circular_cone,2103.475624,2383.000000,-0.091704791,3.229556875,84.402660517,711.889069563,3.236909099,-84.403551523
laser 006,circular_cone,2103.441502,2384.000000,-0.083972792,3.226225041,84.498716634,711.880394006,3.233227379,-84.499675428
laser 006,circular_cone,2103.397417,2385.000000,-0.073115401,3.221912960,84.594393987,711.868548979,3.228424349,-84.595446523
laser 006,circular_cone,2103.346366,2386.000000,-0.060072705,3.216915616,84.689804750,711.854487849,3.222837424,-84.690969174
laser 006,circular_cone,2103.300677,2387.000000,-0.048710669,3.212446026,84.785415176,711.842131142,3.217854109,-84.786677531
laser 006,circular_cone,2103.275645,2388.000000,-0.043825172,3.210008955,84.881806152,711.836342404,3.215195627,-84.883112657
laser 006,circular_cone,2103.277898,2389.000000,-0.047494344,3.210256410,84.979232057,711.839229060,3.215607780,-84.980511673
laser 006,circular_cone,2103.297525,2390.000000,-0.056610553,3.212213295,85.077319628,711.847639608,3.217975211,-85.078527123
laser 006,circular_cone,2103.308130,2391.000000,-0.062896644,3.213282551,85.175066346,711.853180106,3.219327279,-85.176225220
laser 006,circular_cone,2103.297498,2392.000000,-0.062521930,3.212262289,85.272005494,711.851965845,3.218289197,-85.273171059
laser 006,circular_cone,2103.297066,2393.000000,-0.065344678,3.212245625,85.369333748,711.853994162,3.218399031,-85.370479452
laser 006,circular_cone,2103.316390,2394.000000,-0.074361743,3.214172821,85.467417468,711.862304163,3.220732299,-85.468491874
laser 006,circular_cone,2103.329464,2395.000000,-0.081417845,3.215485106,85.565264733,711.868625541,3.222362151,-85.566284124
laser 006,circular_cone,2103.302154,2396.000000,-0.075808146,3.212823843,85.661567853,711.862102520,3.219446794,-85.662637406
laser 006,circular_cone,2103.235502,2397.000000,-0.057859950,3.206291785,85.756361580,711.843067064,3.212103754,-85.757583755
laser 006,circular_cone,2103.181025,2398.000000,-0.043729214,3.200957882,85.851617629,711.827902946,3.206131167,-85.852960724
laser 006,circular_cone,2103.179742,2399.000000,-0.046277946,3.200857511,85.948913142,711.829653478,3.206144927,-85.950238652
laser 006,circular_cone,2103.228768,2400.000000,-0.064601866,3.205706876,86.048144140,711.847401573,3.211820426,-86.049321066
laser 006,circular_cone,2103.288311,2401.000000,-0.086223914,3.211591319,86.147785309,711.868494252,3.218679860,-86.148786263
laser 006,circular_cone,2103.316999,2402.000000,-0.098169112,3.214440047,86.246243235,711.879773666,3.222066822,-86.247148575
laser 006,circular_cone,2103.294102,2403.000000,-0.093934954,3.212213017,86.342713771,711.874645705,3.219647785,-86.343657851
laser 006,circular_cone,2103.225144,2404.000000,-0.075254309,3.205453978,86.437403679,711.854867715,3.212044708,-86.438506460
laser 006,circular_cone,2103.126788,2405.000000,-0.047354602,3.195803030,86.530951650,711.825740830,3.201133628,-86.532289688
laser 006,circular_cone,2103.055310,2406.000000,-0.027883779,3.188796979,86.625532762,711.805161663,3.193247875,-86.627036063
laser 006,circular_cone,2103.055131,2407.000000,-0.030769249,3.188805256,86.722871979,711.807253794,3.193385486,-86.724354897
laser 006,circular_cone,2103.096440,2408.000000,-0.046663306,3.192895091,86.821821875,711.822537762,3.198191786,-86.823176387
laser 006,circular_cone,2103.139287,2409.000000,-0.063039282,3.197136442,86.920836048,711.838310416,3.203171354,-86.922058151
laser 006,circular_cone,2103.142097,2410.000000,-0.066858972,3.197438865,87.018297729,711.841349918,3.203645276,-87.019491691
laser 006,circular_cone,2103.117875,2411.000000,-0.062200237,3.195081753,87.114708003,711.835791602,3.201076997,-87.115944227
laser 006,circular_cone,2103.097835,2412.000000,-0.058851841,3.193136118,87.211280039,711.831562104,3.198979336,-87.212547646
laser 006,circular_cone,2103.080190,2413.000000,-0.056253359,3.191426134,87.307944647,711.828093102,3.197151173,-87.309237408
laser 006,circular_cone,2103.060381,2414.000000,-0.052975108,3.189503277,87.404524041,711.823934782,3.195079457,-87.405847601
laser 006,circular_cone,2103.039105,2415.000000,-0.049235676,3.187436126,87.501045199,711.819308811,3.192842632,-87.502403388
laser 006,circular_cone,2103.018831,2416.000000,-0.045809320,3.185467580,87.597604594,711.815000349,3.190718543,-87.598994811
laser 006,circular_cone,2103.005151,2417.000000,-0.044449603,3.184147758,87.694421525,711.812787638,3.189336455,-87.695826610
laser 006,circular_cone,2103.003172,2418.000000,-0.046758008,3.183979057,87.791697232,711.814294693,3.189271045,-87.793086725
laser 006,circular_cone,2102.997135,2419.000000,-0.047792719,3.183411150,87.888814218,711.814510139,3.188748944,-87.890198694
laser 006,circular_cone,2102.973932,2420.000000,-0.043443195,3.181154524,87.985256491,711.809265597,3.186295110,-87.986680661
laser 006,circular_cone,2102.933838,2421.000000,-0.033795845,3.177236314,88.081032669,711.798648712,3.181940579,-88.082540525
laser 006,circular_cone,2102.892063,2422.000000,-0.023620451,3.173152860,88.176740002,711.787496392,3.177396972,-88.178335930
laser 006,circular_cone,2102.863862,2423.000000,-0.017700469,3.170404761,88.272980100,711.780659389,3.174380785,-88.274628762
laser 006,circular_cone,2102.858634,2424.000000,-0.018982909,3.169916485,88.370125911,711.781126155,3.173949497,-88.371767499
laser 006,circular_cone,2102.887662,2425.000000,-0.031005977,3.172797938,88.468626557,711.792484636,3.177372708,-88.470171881
laser 006,circular_cone,2102.957805,2426.000000,-0.055921816,3.179724195,88.568758156,711.816917204,3.185422627,-88.570100157
laser 006,circular_cone,2103.043320,2427.000000,-0.085659408,3.188163322,88.669506141,711.846239291,3.195203044,-88.670604780
laser 006,circular_cone,2103.076537,2428.000000,-0.098995281,3.191457554,88.768187624,711.858928960,3.199098286,-88.769179099
laser 006,circular_cone,2103.027428,2429.000000,-0.086509669,3.186652031,88.863602848,711.845434052,3.193728343,-88.864701576
laser 006,circular_cone,2102.953679,2430.000000,-0.066295793,3.179422615,88.958035001,711.824102269,3.185585699,-88.959305158
laser 006,circular_cone,2102.911634,2431.000000,-0.056024213,3.175312463,89.053723632,711.812852620,3.181011056,-89.055082657
laser 006,circular_cone,2102.905082,2432.000000,-0.056882356,3.174694008,89.150823736,711.812889187,3.180430441,-89.152179209
laser 006,circular_cone,2102.910484,2433.000000,-0.061488214,3.175251542,89.248400960,711.816726161,3.181194966,-89.249721761
laser 006,circular_cone,2102.915616,2434.000000,-0.066008311,3.175782533,89.345968725,711.820476173,3.181929078,-89.347255566
laser 006,circular_cone,2102.907471,2435.000000,-0.066363422,3.175007388,89.443007002,711.820002669,3.181169070,-89.444294468
laser 006,circular_cone,2102.866676,2436.000000,-0.056477949,3.171020310,89.538738750,711.809144691,3.176734931,-89.540111877
laser 006,circular_cone,2102.805263,2437.000000,-0.040125838,3.165005171,89.633641843,711.791729249,3.169980864,-89.635154328
laser 006,circular_cone,2102.768084,2438.000000,-0.031372627,3.161374088,89.729512409,711.782019527,3.165953823,-89.731101153
laser 006,circular_cone,2102.771850,2439.000000,-0.035458148,3.161770648,89.827024434,711.785328944,3.166533890,-89.828582826
laser 006,circular_cone,2102.789760,2440.000000,-0.043978074,3.163558539,89.925106108,711.793135062,3.168705434,-89.926597326
laser 006,circular_cone,2102.783737,2441.000000,-0.044991615,3.162992208,90.022227238,711.793329354,3.168183960,-90.023713613
laser 006,circular_cone,2102.765470,2442.000000,-0.042164292,3.161221469,90.118855514,711.789628848,3.166284725,-90.120368939
laser 006,circular_cone,2102.766546,2443.000000,-0.045401753,3.161353468,90.216262999,711.792078321,3.166561957,-90.217753114
laser 006,circular_cone,2102.756530,2444.000000,-0.045159610,3.160394381,90.313223683,711.790999336,3.165591055,-90.314719381
laser 006,circular_cone,2102.742734,2445.000000,-0.043730894,3.159063478,90.410031593,711.788717131,3.164194781,-90.411542727
laser 006,circular_cone,2102.753710,2446.000000,-0.050069600,3.160169339,90.507841243,711.794311424,3.165585849,-90.509303315
laser 006,circular_cone,2102.791505,2447.000000,-0.064818169,3.163913439,90.606738815,711.808433649,3.169994727,-90.608081990
laser 006,circular_cone,2102.809277,2448.000000,-0.073286407,3.165687949,90.704828795,711.816187359,3.172150559,-90.706105224
laser 006,circular_cone,2102.798268,2449.000000,-0.072727055,3.164631192,90.801753061,711.814786755,3.171067671,-90.803037707
laser 006,circular_cone,2102.778790,2450.000000,-0.069510430,3.162741329,90.898333121,711.810691599,3.169031744,-90.899648049
laser 006,circular_cone,2102.741776,2451.000000,-0.060792996,3.159126472,90.994199111,711.801018455,3.165022549,-90.995589999
laser 006,circular_cone,2102.674406,2452.000000,-0.042554716,3.152525736,91.088826857,711.781690894,3.157597761,-91.090372762
laser 006,circular_cone,2102.624554,2453.000000,-0.029809631,3.147648405,91.184163653,711.767933668,3.152144309,-91.185818961
laser 006,circular_cone,2102.641181,2454.000000,-0.037911019,3.149310069,91.282209226,711.775315454,3.154170739,-91.283800835
laser 006,circular_cone,2102.702405,2455.000000,-0.059997722,3.155358605,91.382078643,711.796878757,3.161215256,-91.383490420
laser 006,circular_cone,2102.774346,2456.000000,-0.085446039,3.162461814,91.482392629,711.821850794,3.169466170,-91.483596662
laser 006,circular_cone,2102.823535,2457.000000,-0.103758648,3.167327204,91.581782531,711.839586984,3.175157203,-91.582838073
laser 006,circular_cone,2102.815404,2458.000000,-0.104091572,3.166553628,91.678828600,711.839091277,3.174397771,-91.679884948
laser 006,circular_cone,2102.765885,2459.000000,-0.091441716,3.161708432,91.774176926,711.825430725,3.168980754,-91.775341886
laser 006,circular_cone,2102.719116,2460.000000,-0.079653625,3.157133938,91.869634776,711.812644068,3.163873334,-91.870901192
laser 006,circular_cone,2102.697575,2461.000000,-0.075777099,3.155041259,91.966126503,711.807879958,3.161604811,-91.967428679
laser 006,circular_cone,2102.685142,2462.000000,-0.074756044,3.153844557,92.062992002,711.806011381,3.160361145,-92.064306226
laser 006,circular_cone,2102.655219,2463.000000,-0.068248357,3.150927410,92.159136776,711.798579268,3.157149401,-92.160508609
laser 006,circular_cone,2102.613652,2464.000000,-0.058087755,3.146864968,92.254799652,711.787443061,3.152627490,-92.256259425
laser 006,circular_cone,2102.599800,2465.000000,-0.056618209,3.145528758,92.351603825,711.785119777,3.151224074,-92.353079371
laser 006,circular_cone,2102.639421,2466.000000,-0.071918234,3.149452433,92.450617309,711.799801129,3.155837424,-92.451969379
laser 006,circular_cone,2102.691126,2467.000000,-0.091008008,3.154565018,92.550135069,711.818325323,3.161810731,-92.551332194
laser 006,circular_cone,2102.687591,2468.000000,-0.092770887,3.154243667,92.647370550,711.819279773,3.161568068,-92.648556606
laser 006,circular_cone,2102.627613,2469.000000,-0.076829205,3.148370019,92.742266649,711.802281585,3.154974029,-92.743588649
laser 006,circular_cone,2102.561917,2470.000000,-0.059093703,3.141934205,92.836921191,711.783464496,3.147736863,-92.838394030
laser 006,circular_cone,2102.515032,2471.000000,-0.047257296,3.137348932,92.932352353,711.770629209,3.142616487,-92.933927047
laser 006,circular_cone,2102.547423,2472.000000,-0.060282562,3.140561288,93.031076780,711.783003927,3.146415851,-93.032546885
laser 006,circular_cone,2102.544367,2473.000000,-0.062189693,3.140287078,93.128329338,711.784104752,3.146226842,-93.129787176
laser 006,circular_cone,2102.554334,2474.000000,-0.068180174,3.141293857,93.226125146,711.789346132,3.147503121,-93.227536810
laser 006,circular_cone,2102.542939,2475.000000,-0.067469615,3.140199416,93.323031549,711.787792622,3.146375734,-93.324452683
laser 006,circular_cone,2102.515450,2476.000000,-0.061710241,3.137521952,93.419265749,711.781119608,3.143437452,-93.420738274
laser 006,circular_cone,2102.531295,2477.000000,-0.069540856,3.139106915,93.517309802,711.788226914,3.145374968,-93.518720874
laser 006,circular_cone,2102.543446,2478.000000,-0.076211900,3.140328567,93.615201508,711.794158409,3.146896837,-93.616560755
laser 006,circular_cone,2102.573291,2479.000000,-0.088431784,3.143290754,93.713836327,711.805716430,3.150409684,-93.715097672
laser 006,circular_cone,2102.510745,2480.000000,-0.071671816,3.137164878,93.808600305,711.787888883,3.143526489,-93.810004387
laser 006,circular_cone,2102.437991,2481.000000,-0.051709905,3.130035273,93.902931323,711.766814628,3.135495049,-93.904504729
laser 006,circular_cone,2102.315711,2482.000000,-0.016216378,3.118035275,93.995176251,711.729991423,3.121892211,-93.997047948
laser 006,circular_cone,2102.228260,2483.000000,0.008353505,3.109461486,94.088876508,711.704244848,3.112208611,-94.090955790
laser 006,circular_cone,2102.189544,2484.000000,0.017641537,3.105680601,94.184621695,711.693994062,3.108007648,-94.186781668
laser 006,circular_cone,2102.215317,2485.000000,0.006708779,3.108241409,94.283081864,711.704247061,3.111061024,-94.285154623
laser 006,circular_cone,2102.296357,2486.000000,-0.021554705,3.116237481,94.383876624,711.732073270,3.120331873,-94.385718262
laser 006,circular_cone,2102.379687,2487.000000,-0.050537626,3.124459448,94.484776272,711.760628928,3.129861085,-94.486380817
laser 006,circular_cone,2102.426966,2488.000000,-0.068214443,3.129136124,94.584160076,711.777720258,3.135334718,-94.585621407
laser 006,circular_cone,2102.440246,2489.000000,-0.075227001,3.130468846,94.682109955,711.783998123,3.136983076,-94.683516624
laser 006,circular_cone,2102.424828,2490.000000,-0.073237269,3.128978851,94.778845977,711.781147778,3.135402407,-94.780272734
laser 006,circular_cone,2102.398075,2491.000000,-0.067691173,3.126373985,94.875100773,711.774691349,3.132546354,-94.876577149
laser 006,circular_cone,2102.394061,2492.000000,-0.069275998,3.126005700,94.972319415,711.775465595,3.132248730,-94.973786199
laser 006,circular_cone,2102.415256,2493.000000,-0.078766615,3.128116953,95.070609849,711.784256197,3.134787465,-95.072001393
laser 006,circular_cone,2102.427350,2494.000000,-0.085401691,3.129333084,95.168515808,711.790151323,3.136302196,-95.169855824
laser 006,circular_cone,2102.398090,2495.000000,-0.079064423,3.126481620,95.264662583,711.782892733,3.133163838,-95.266058787
laser 006,circular_cone,2102.341843,2496.000000,-0.064261587,3.120975880,95.359657288,711.767050254,3.126989119,-95.361179973
laser 006,circular_cone,2102.305963,2497.000000,-0.055846026,3.117473498,95.455517041,711.757684390,3.123106042,-95.457113171
laser 006,circular_cone,2102.317331,2498.000000,-0.062248355,3.118618124,95.553392584,711.763343571,3.124538764,-95.554939118
laser 006,circular_cone,2102.347465,2499.000000,-0.074535737,3.121608530,95.652072341,711.774970057,3.128082884,-95.653520412
laser 006,circular_cone,2102.352970,2500.000000,-0.079097149,3.122176575,95.749701421,711.778762586,3.128855938,-95.751115182
laser 006,circular_cone,2102.325560,2501.000000,-0.073333264,3.119507212,95.845921561,711.772085535,3.125925562,-95.847386748
laser 006,circular_cone,2102.306612,2502.000000,-0.070222450,3.117670173,95.942503069,711.768098654,3.123947254,-95.943997652
laser 006,circular_cone,2102.342175,2503.000000,-0.084208513,3.121194629,96.041424007,711.781447546,3.128102094,-96.042806023
laser 006,circular_cone,2102.405164,2504.000000,-0.106797194,3.127416942,96.141527661,711.803519220,3.135343061,-96.142725677
laser 006,circular_cone,2102.438799,2505.000000,-0.120177712,3.130752153,96.240374865,711.816254060,3.139281325,-96.241465342
laser 006,circular_cone,2102.431186,2506.000000,-0.120617751,3.130029974,96.337449399,711.815867651,3.138578143,-96.338539786
laser 006,circular_cone,2102.418563,2507.000000,-0.119484984,3.128814985,96.434308106,711.813886482,3.137311165,-96.435411465
laser 006,circular_cone,2102.402299,2508.000000,-0.117208875,3.127241860,96.531009414,711.810746021,3.135634447,-96.532135237
laser 006,circular_cone,2102.372420,2509.000000,-0.110660618,3.124329527,96.627122004,711.803273773,3.132425702,-96.628305765
laser 006,circular_cone,2102.344773,2510.000000,-0.104811466,3.121636798,96.723329346,711.796510425,3.129468115,-96.724565239
laser 006,circular_cone,2102.341718,2511.000000,-0.106675520,3.121363007,96.820599524,711.797568003,3.129277595,-96.821823503
laser 006,circular_cone,2102.341370,2512.000000,-0.109387617,3.121355492,96.917987543,711.799485474,3.129391626,-96.919192567
laser 006,circular_cone,2102.327448,2513.000000,-0.107840455,3.120012821,97.014787644,711.797084237,3.127978265,-97.016009078
laser 006,circular_cone,2102.308623,2514.000000,-0.104754098,3.118187903,97.111374499,711.793122338,3.126013187,-97.112625125
laser 006,circular_cone,2102.294605,2515.000000,-0.103174526,3.116835824,97.208169435,711.790688279,3.124588955,-97.209436741
