cv_scheme,heldout_group,aggregation,layer,condition_id,dataset,nominal_height_mm,true_height_mm,position_rank,point_count,invalid_point_count,support_state,condition_bias_mm,condition_mae_mm,condition_rmse_mm,condition_p95_abs_mm,condition_max_abs_mm,condition_raw_bias_mm,source
LOHO_height,height_1mm,fold,RAW,obs_1mm/rank1,obs_1mm,1.0,1.001,1,315,0,BBOX_EXTRAPOLATION,0.009230615607567409,0.021171529731329353,0.025753489229382337,0.047988438069523916,0.060278412314520136,0.009230615607567409,previous_frozen_artifact
LOHO_height,height_1mm,fold,H-B2,obs_1mm/rank1,obs_1mm,1.0,1.001,1,315,0,BBOX_EXTRAPOLATION,0.038156590406000085,0.039057139562596425,0.04512743897223651,0.0769932342997055,0.08930652554959252,0.009230615607567409,previous_frozen_artifact
LOHO_height,height_1mm,fold,L-B2,obs_1mm/rank1,obs_1mm,1.0,1.001,1,315,0,BBOX_EXTRAPOLATION,0.010032497680307974,0.02144077873986403,0.026069948169941216,0.04882176416107838,0.061121577479278155,0.009230615607567409,previous_frozen_artifact
LOHO_height,height_1mm,fold,RAW,obs_1mm/rank2,obs_1mm,1.0,1.001,2,196,0,BBOX_EXTRAPOLATION,-0.03935235047589003,0.03935235047589003,0.04173189402295804,0.061502007105155854,0.06920246274268294,-0.03935235047589003,previous_frozen_artifact
LOHO_height,height_1mm,fold,H-B2,obs_1mm/rank2,obs_1mm,1.0,1.001,2,196,0,BBOX_EXTRAPOLATION,-0.009413875718813386,0.013622785530662372,0.016813243877596726,0.03167122933218276,0.03938518135772939,-0.03935235047589003,previous_frozen_artifact
LOHO_height,height_1mm,fold,L-B2,obs_1mm/rank2,obs_1mm,1.0,1.001,2,196,0,BBOX_EXTRAPOLATION,-0.03853192007860881,0.03853192007860881,0.040963224677345526,0.060701712394109375,0.06840859409604017,-0.03935235047589003,previous_frozen_artifact
LOHO_height,height_1mm,fold,RAW,obs_1mm/rank3,obs_1mm,1.0,1.001,3,271,0,BBOX_EXTRAPOLATION,0.013061651144207894,0.019831477914051456,0.02321598303507821,0.03985170114894898,0.05388792729108194,0.013061651144207894,previous_frozen_artifact
LOHO_height,height_1mm,fold,H-B2,obs_1mm/rank3,obs_1mm,1.0,1.001,3,271,0,BBOX_EXTRAPOLATION,0.04387835442016455,0.043955378655597725,0.04791016960320189,0.07072106323564697,0.08478396379227661,0.013061651144207894,previous_frozen_artifact
LOHO_height,height_1mm,fold,L-B2,obs_1mm/rank3,obs_1mm,1.0,1.001,3,271,0,BBOX_EXTRAPOLATION,0.013966353015239408,0.020296488175132795,0.023750279621297984,0.04078001064980041,0.05482853289826073,0.013061651144207894,previous_frozen_artifact
LOHO_height,height_1mm,fold,RAW,obs_1mm/rank4,obs_1mm,1.0,1.001,4,236,0,HULL_EXTRAPOLATION,-0.05515646482318219,0.05515646482318219,0.05789087508727366,0.08637331183688643,0.10106028325635308,-0.05515646482318219,previous_frozen_artifact
LOHO_height,height_1mm,fold,H-B2,obs_1mm/rank4,obs_1mm,1.0,1.001,4,236,0,HULL_EXTRAPOLATION,-0.023349112256173248,0.02511192679505457,0.02925706437522724,0.05466506959824961,0.06938132334087935,-0.05515646482318219,previous_frozen_artifact
LOHO_height,height_1mm,fold,L-B2,obs_1mm/rank4,obs_1mm,1.0,1.001,4,236,0,HULL_EXTRAPOLATION,-0.05427395436845977,0.05427395436845977,0.057055671883841245,0.08551977379202258,0.10022020429651457,-0.05515646482318219,previous_frozen_artifact
LOHO_height,height_1mm,fold,RAW,obs_1mm/rank5,obs_1mm,1.0,1.001,5,196,0,HULL_EXTRAPOLATION,-0.034866379324740085,0.03525757241179544,0.03847007906161787,0.06201005232033935,0.06997493580857583,-0.034866379324740085,previous_frozen_artifact
LOHO_height,height_1mm,fold,H-B2,obs_1mm/rank5,obs_1mm,1.0,1.001,5,196,0,HULL_EXTRAPOLATION,-0.0020142906036377303,0.013081261337392389,0.01641909773834698,0.03302203722589443,0.04744332201131221,-0.034866379324740085,previous_frozen_artifact
LOHO_height,height_1mm,fold,L-B2,obs_1mm/rank5,obs_1mm,1.0,1.001,5,196,0,HULL_EXTRAPOLATION,-0.03393016458040266,0.034391154625062745,0.03762983031534885,0.06109858304697324,0.06907150768736736,-0.034866379324740085,previous_frozen_artifact
LOHO_height,height_2mm,fold,RAW,obs_2mm/rank1,obs_2mm,2.0,2.0,1,234,0,IN_DOMAIN,0.00500379681894667,0.014461278854190521,0.017929868929216174,0.03493338641611173,0.05267793234694862,0.00500379681894667,previous_frozen_artifact
LOHO_height,height_2mm,fold,H-B2,obs_2mm/rank1,obs_2mm,2.0,2.0,1,234,0,IN_DOMAIN,0.03397242179531948,0.03427282502687242,0.03809943280022066,0.06028460409383932,0.0817281300087195,0.00500379681894667,previous_frozen_artifact
LOHO_height,height_2mm,fold,L-B2,obs_2mm/rank1,obs_2mm,2.0,2.0,1,234,0,IN_DOMAIN,0.006495437096134143,0.01478845572810564,0.01841337287337551,0.03549307639851875,0.054203447561388174,0.00500379681894667,previous_frozen_artifact
LOHO_height,height_2mm,fold,RAW,obs_2mm/rank2,obs_2mm,2.0,2.0,2,211,0,IN_DOMAIN,-0.03294958189728135,0.03390825601549726,0.038947825729733106,0.06625565288622848,0.08041908029992251,-0.03294958189728135,previous_frozen_artifact
LOHO_height,height_2mm,fold,H-B2,obs_2mm/rank2,obs_2mm,2.0,2.0,2,211,0,IN_DOMAIN,-0.003166185371750006,0.017322398381723485,0.02106259248739878,0.038852525426136694,0.05080051295959885,-0.03294958189728135,previous_frozen_artifact
LOHO_height,height_2mm,fold,L-B2,obs_2mm/rank2,obs_2mm,2.0,2.0,2,211,0,IN_DOMAIN,-0.03141229139684457,0.03259419007814409,0.03766562284610855,0.06474612338412378,0.07892272055145355,-0.03294958189728135,previous_frozen_artifact
LOHO_height,height_2mm,fold,RAW,obs_2mm/rank3,obs_2mm,2.0,2.0,3,186,0,IN_DOMAIN,-0.05770591264596331,0.05770591264596331,0.059306725998738846,0.07975177504671904,0.09014297963030926,-0.05770591264596331,previous_frozen_artifact
LOHO_height,height_2mm,fold,H-B2,obs_2mm/rank3,obs_2mm,2.0,2.0,3,186,0,IN_DOMAIN,-0.0264672684904324,0.026612015791968625,0.029808727950934626,0.04852324573574947,0.05897166680046888,-0.05770591264596331,previous_frozen_artifact
LOHO_height,height_2mm,fold,L-B2,obs_2mm/rank3,obs_2mm,2.0,2.0,3,186,0,IN_DOMAIN,-0.056078960340905426,0.056078960340905426,0.05772761077986422,0.07814200693733575,0.0885430447997031,-0.05770591264596331,previous_frozen_artifact
LOHO_height,height_2mm,fold,RAW,obs_2mm/rank4,obs_2mm,2.0,2.0,4,200,0,IN_DOMAIN,-0.021529609421860732,0.02340739789139967,0.027419271381905388,0.05061543487620107,0.06739260526775626,-0.021529609421860732,previous_frozen_artifact
LOHO_height,height_2mm,fold,H-B2,obs_2mm/rank4,obs_2mm,2.0,2.0,4,200,0,IN_DOMAIN,0.010924722259926719,0.01623811973115608,0.020218736197573882,0.040887405802023734,0.05570936333519931,-0.021529609421860732,previous_frozen_artifact
LOHO_height,height_2mm,fold,L-B2,obs_2mm/rank4,obs_2mm,2.0,2.0,4,200,0,IN_DOMAIN,-0.019779444099802087,0.0220837268887062,0.02607729387467068,0.04888866814420413,0.06568272915289697,-0.021529609421860732,previous_frozen_artifact
LOHO_height,height_6mm,fold,RAW,obs_6mm/rank1,obs_6mm,6.0,6.0,1,225,0,IN_DOMAIN,-0.006078101142415694,0.01585276067782947,0.01899097989290688,0.033612916154612905,0.04850226265348834,-0.006078101142415694,previous_frozen_artifact
LOHO_height,height_6mm,fold,H-B2,obs_6mm/rank1,obs_6mm,6.0,6.0,1,225,0,IN_DOMAIN,0.03459583921351891,0.034738456508190074,0.0390122338005583,0.06401002378179635,0.07412491791185294,-0.006078101142415694,previous_frozen_artifact
LOHO_height,height_6mm,fold,L-B2,obs_6mm/rank1,obs_6mm,6.0,6.0,1,225,0,IN_DOMAIN,-0.0011495509991979703,0.015051267299184809,0.018045877578228176,0.032877319331616646,0.04361016372049775,-0.006078101142415694,previous_frozen_artifact
LOHO_height,height_6mm,fold,RAW,obs_6mm/rank2,obs_6mm,6.0,6.0,2,222,0,IN_DOMAIN,-0.0349248221842145,0.0349248221842145,0.037286410143432376,0.056201679576262764,0.07042444405154846,-0.0349248221842145,previous_frozen_artifact
LOHO_height,height_6mm,fold,H-B2,obs_6mm/rank2,obs_6mm,6.0,6.0,2,222,0,IN_DOMAIN,0.006852249020184686,0.01226971600162754,0.014766301985510466,0.027235542387150508,0.03279554081441015,-0.0349248221842145,previous_frozen_artifact
LOHO_height,height_6mm,fold,L-B2,obs_6mm/rank2,obs_6mm,6.0,6.0,2,222,0,IN_DOMAIN,-0.029810227349477983,0.029810227349477983,0.0325493840053223,0.05111624499516889,0.06535202368712234,-0.0349248221842145,previous_frozen_artifact
LOHO_height,height_6mm,fold,RAW,obs_6mm/rank3,obs_6mm,6.0,6.0,3,233,0,IN_DOMAIN,-0.009798453286474884,0.016693674063236772,0.02105272907214719,0.04150267851968241,0.06062522966366224,-0.009798453286474884,previous_frozen_artifact
LOHO_height,height_6mm,fold,H-B2,obs_6mm/rank3,obs_6mm,6.0,6.0,3,233,0,IN_DOMAIN,0.0326739148212459,0.03371364903476358,0.037624039097937045,0.06227093144715709,0.07313250662405055,-0.009798453286474884,previous_frozen_artifact
LOHO_height,height_6mm,fold,L-B2,obs_6mm/rank3,obs_6mm,6.0,6.0,3,233,0,IN_DOMAIN,-0.004467027779323485,0.01494617931199584,0.01917552029703397,0.036196165694276056,0.055333973484092525,-0.009798453286474884,previous_frozen_artifact
LOHO_height,height_6mm,fold,RAW,obs_6mm/rank4,obs_6mm,6.0,6.0,4,247,0,IN_DOMAIN,0.004902534352473064,0.017979321042834187,0.02287110448047458,0.04698055496857405,0.05679207414039933,0.004902534352473064,previous_frozen_artifact
LOHO_height,height_6mm,fold,H-B2,obs_6mm/rank4,obs_6mm,6.0,6.0,4,247,0,IN_DOMAIN,0.04882418934996828,0.04921025955454705,0.05371844658166248,0.08368621855724002,0.0972149187562054,0.004902534352473064,previous_frozen_artifact
LOHO_height,height_6mm,fold,L-B2,obs_6mm/rank4,obs_6mm,6.0,6.0,4,247,0,IN_DOMAIN,0.010576489369530855,0.019649675524578785,0.024740229971661,0.04915427773711868,0.0589033102784704,0.004902534352473064,previous_frozen_artifact
LOHO_height,height_6mm,fold,RAW,obs_6mm/rank5,obs_6mm,6.0,6.0,5,238,0,BBOX_EXTRAPOLATION,-0.0643467836732709,0.0643467836732709,0.06755683349727253,0.10121109904372301,0.11717364850478962,-0.0643467836732709,previous_frozen_artifact
LOHO_height,height_6mm,fold,H-B2,obs_6mm/rank5,obs_6mm,6.0,6.0,5,238,0,BBOX_EXTRAPOLATION,-0.019962289450185272,0.02265957437073245,0.028699478527698323,0.05690800212223204,0.07289179534009266,-0.0643467836732709,previous_frozen_artifact
LOHO_height,height_6mm,fold,L-B2,obs_6mm/rank5,obs_6mm,6.0,6.0,5,238,0,BBOX_EXTRAPOLATION,-0.05865591091445392,0.05865591091445392,0.062167381654600146,0.0955583839671762,0.11153429265588599,-0.0643467836732709,previous_frozen_artifact
LOHO_height,height_10mm,fold,RAW,obs_10mm/rank1,obs_10mm,10.0,10.0,1,269,0,IN_DOMAIN,-0.03187672891982561,0.03404319433594545,0.04045669615456153,0.07269710242081047,0.08442837996098262,-0.03187672891982561,previous_frozen_artifact
LOHO_height,height_10mm,fold,H-B2,obs_10mm/rank1,obs_10mm,10.0,10.0,1,269,0,IN_DOMAIN,0.011822227451374233,0.02262296120940796,0.02761997765644263,0.052808185192095215,0.07280071984011,-0.03187672891982561,previous_frozen_artifact
LOHO_height,height_10mm,fold,L-B2,obs_10mm/rank1,obs_10mm,10.0,10.0,1,269,0,IN_DOMAIN,-0.023716797651471822,0.02809411761257773,0.0344113280491038,0.06456976137654066,0.07630816135730356,-0.03187672891982561,previous_frozen_artifact
LOHO_height,height_10mm,fold,RAW,obs_10mm/rank2,obs_10mm,10.0,10.0,2,202,0,IN_DOMAIN,-0.047125042464608045,0.0473048061875669,0.051513183618879285,0.07667952034016991,0.08353107991748132,-0.047125042464608045,previous_frozen_artifact
LOHO_height,height_10mm,fold,H-B2,obs_10mm/rank2,obs_10mm,10.0,10.0,2,202,0,IN_DOMAIN,-0.0021808744764579492,0.017613048071882385,0.020945086835684832,0.03766939496488029,0.05348804181520386,-0.047125042464608045,previous_frozen_artifact
LOHO_height,height_10mm,fold,L-B2,obs_10mm/rank2,obs_10mm,10.0,10.0,2,202,0,IN_DOMAIN,-0.03867424811070354,0.039379146954867106,0.043921401315123704,0.06823764787882051,0.07511764670001142,-0.047125042464608045,previous_frozen_artifact
LOHO_height,height_10mm,fold,RAW,obs_10mm/rank3,obs_10mm,10.0,10.0,3,166,0,IN_DOMAIN,-0.02868136671290481,0.02929041425211518,0.03351021930376487,0.05892282408760874,0.06695363203815141,-0.02868136671290481,previous_frozen_artifact
LOHO_height,height_10mm,fold,H-B2,obs_10mm/rank3,obs_10mm,10.0,10.0,3,166,0,IN_DOMAIN,0.017692486796358323,0.020671383700645977,0.024785643898524442,0.04440828166130391,0.06316654711291322,-0.02868136671290481,previous_frozen_artifact
LOHO_height,height_10mm,fold,L-B2,obs_10mm/rank3,obs_10mm,10.0,10.0,3,166,0,IN_DOMAIN,-0.019578352657729458,0.021651776704157428,0.026155637642861017,0.04983122815923213,0.0578691534206115,-0.02868136671290481,previous_frozen_artifact
LOHO_height,height_10mm,fold,RAW,obs_10mm/rank4,obs_10mm,10.0,10.0,4,226,0,IN_DOMAIN,-0.04794004197335275,0.04794004197335275,0.051514985998876155,0.07856631531604918,0.08599390923511052,-0.04794004197335275,previous_frozen_artifact
LOHO_height,height_10mm,fold,H-B2,obs_10mm/rank4,obs_10mm,10.0,10.0,4,226,0,IN_DOMAIN,-0.0007623776467061861,0.015299012712715868,0.018917217189157197,0.03625253934295707,0.04616630110015232,-0.04794004197335275,previous_frozen_artifact
LOHO_height,height_10mm,fold,L-B2,obs_10mm/rank4,obs_10mm,10.0,10.0,4,226,0,IN_DOMAIN,-0.03855164748033166,0.038807101205525524,0.04292500676312228,0.06920783335765357,0.07665209564800435,-0.04794004197335275,previous_frozen_artifact
LOHO_height,height_10mm,fold,RAW,obs_10mm/rank5,obs_10mm,10.0,10.0,5,180,0,IN_DOMAIN,-0.0839443228993728,0.0839443228993728,0.0856106119477883,0.11128386347453895,0.12433486639017843,-0.0839443228993728,previous_frozen_artifact
LOHO_height,height_10mm,fold,H-B2,obs_10mm/rank5,obs_10mm,10.0,10.0,5,180,0,IN_DOMAIN,-0.03627030339364842,0.03631147760096272,0.03998995433267318,0.06367149558022936,0.07673508391992698,-0.0839443228993728,previous_frozen_artifact
LOHO_height,height_10mm,fold,L-B2,obs_10mm/rank5,obs_10mm,10.0,10.0,5,180,0,IN_DOMAIN,-0.0745002051005609,0.0745002051005609,0.07637640261728597,0.10186949389447476,0.11492657824927832,-0.0839443228993728,previous_frozen_artifact
LOHO_height,height_20mm,fold,RAW,obs_20mm/rank1,obs_20mm,20.0,20.0,1,250,0,IN_DOMAIN,-0.04917071492830772,0.04917071492830772,0.05060293123057805,0.0707999008458783,0.08191337895215511,-0.04917071492830772,previous_frozen_artifact
LOHO_height,height_20mm,fold,H-B2,obs_20mm/rank1,obs_20mm,20.0,20.0,1,250,0,IN_DOMAIN,0.01204593161145156,0.014621468381112513,0.01698991052957941,0.029291093336311008,0.03792616871894264,-0.04917071492830772,previous_frozen_artifact
LOHO_height,height_20mm,fold,L-B2,obs_20mm/rank1,obs_20mm,20.0,20.0,1,250,0,IN_DOMAIN,-0.028850208322047807,0.028850208322047807,0.031235856652321786,0.05051433488732381,0.061663657875740796,-0.04917071492830772,previous_frozen_artifact
LOHO_height,height_20mm,fold,RAW,obs_20mm/rank2,obs_20mm,20.0,20.0,2,269,0,IN_DOMAIN,-0.08027046773112485,0.08027046773112485,0.08266804163365475,0.11083739362907892,0.12086805131320588,-0.08027046773112485,previous_frozen_artifact
LOHO_height,height_20mm,fold,H-B2,obs_20mm/rank2,obs_20mm,20.0,20.0,2,269,0,IN_DOMAIN,-0.01778223243644557,0.022878700959620864,0.02664112760783447,0.048458861241435724,0.05848525875911505,-0.08027046773112485,previous_frozen_artifact
LOHO_height,height_20mm,fold,L-B2,obs_20mm/rank2,obs_20mm,20.0,20.0,2,269,0,IN_DOMAIN,-0.05942914485751013,0.05942914485751013,0.06264285475238128,0.09005858038186147,0.10008467110848684,-0.08027046773112485,previous_frozen_artifact
LOHO_height,height_20mm,fold,RAW,obs_20mm/rank3,obs_20mm,20.0,20.0,3,244,0,IN_DOMAIN,-0.07494821377394428,0.07494821377394428,0.07913284786584963,0.12376677247776938,0.14942505948785012,-0.07494821377394428,previous_frozen_artifact
LOHO_height,height_20mm,fold,H-B2,obs_20mm/rank3,obs_20mm,20.0,20.0,3,244,0,IN_DOMAIN,-0.011100186614240578,0.02119146323809472,0.02778336950157073,0.06003787876050892,0.08578406636661509,-0.07494821377394428,previous_frozen_artifact
LOHO_height,height_20mm,fold,L-B2,obs_20mm/rank3,obs_20mm,20.0,20.0,3,244,0,IN_DOMAIN,-0.05279183668964078,0.05279183668964078,0.05860104341381399,0.10167928788573233,0.12739044533102728,-0.07494821377394428,previous_frozen_artifact
LOHO_height,height_20mm,fold,RAW,obs_20mm/rank4,obs_20mm,20.0,20.0,4,203,0,IN_DOMAIN,-0.1049702552805971,0.1049702552805971,0.10568937062764656,0.12302911562101748,0.13078303980694272,-0.1049702552805971,previous_frozen_artifact
LOHO_height,height_20mm,fold,H-B2,obs_20mm/rank4,obs_20mm,20.0,20.0,4,203,0,IN_DOMAIN,-0.040318426285172695,0.040318426285172695,0.042158211311905704,0.05844175340393194,0.06613660018959955,-0.1049702552805971,previous_frozen_artifact
LOHO_height,height_20mm,fold,L-B2,obs_20mm/rank4,obs_20mm,20.0,20.0,4,203,0,IN_DOMAIN,-0.08227273342769545,0.08227273342769545,0.08318892400445671,0.10037185462859526,0.10808372999964533,-0.1049702552805971,previous_frozen_artifact
LOHO_height,height_20mm,fold,RAW,obs_20mm/rank5,obs_20mm,20.0,20.0,5,236,0,IN_DOMAIN,-0.13118128734168816,0.13118128734168816,0.13344156276969402,0.17156219664070615,0.17916771482873983,-0.13118128734168816,previous_frozen_artifact
LOHO_height,height_20mm,fold,H-B2,obs_20mm/rank5,obs_20mm,20.0,20.0,5,236,0,IN_DOMAIN,-0.06601902105798574,0.06601902105798574,0.07042052811110036,0.10648874284900282,0.11409561361332309,-0.13118128734168816,previous_frozen_artifact
LOHO_height,height_20mm,fold,L-B2,obs_20mm/rank5,obs_20mm,20.0,20.0,5,236,0,IN_DOMAIN,-0.10848939224284868,0.10848939224284868,0.11121816611126856,0.1489267695551506,0.15652412231907675,-0.13118128734168816,previous_frozen_artifact
LOHO_height,height_30mm,fold,RAW,obs_30mm/rank1,obs_30mm,30.0,30.0,1,261,0,IN_DOMAIN,-0.09685571900937462,0.09685571900937462,0.09743122163467086,0.114382588770408,0.123459746275952,-0.09685571900937462,previous_frozen_artifact
LOHO_height,height_30mm,fold,H-B2,obs_30mm/rank1,obs_30mm,30.0,30.0,1,261,0,IN_DOMAIN,-0.016550788423504954,0.016842477285186553,0.01965203476417228,0.0341116229983022,0.04321234825846476,-0.09685571900937462,previous_frozen_artifact
LOHO_height,height_30mm,fold,L-B2,obs_30mm/rank1,obs_30mm,30.0,30.0,1,261,0,IN_DOMAIN,-0.06827771147241017,0.06827771147241017,0.0690938851708505,0.08582135494569698,0.09492565873442516,-0.09685571900937462,previous_frozen_artifact
LOHO_height,height_30mm,fold,RAW,obs_30mm/rank2,obs_30mm,30.0,30.0,2,264,0,IN_DOMAIN,-0.12331873611946821,0.12331873611946821,0.12417690373002188,0.1455226625753568,0.159992728877402,-0.12331873611946821,previous_frozen_artifact
LOHO_height,height_30mm,fold,H-B2,obs_30mm/rank2,obs_30mm,30.0,30.0,2,264,0,IN_DOMAIN,-0.041887827767634084,0.041887827767634084,0.04436396201591102,0.06416343647022862,0.0785623956074335,-0.12331873611946821,previous_frozen_artifact
LOHO_height,height_30mm,fold,L-B2,obs_30mm/rank2,obs_30mm,30.0,30.0,2,264,0,IN_DOMAIN,-0.09374823925537641,0.09374823925537641,0.09487841877167012,0.11600333678233347,0.13039065554025342,-0.12331873611946821,previous_frozen_artifact
LOHO_height,height_30mm,fold,RAW,obs_30mm/rank3,obs_30mm,30.0,30.0,3,248,0,IN_DOMAIN,-0.08428851073073206,0.08428851073073206,0.08486039025624062,0.10027155144681245,0.104399276425475,-0.08428851073073206,previous_frozen_artifact
LOHO_height,height_30mm,fold,H-B2,obs_30mm/rank3,obs_30mm,30.0,30.0,3,248,0,IN_DOMAIN,-0.0014271028432133682,0.008077378717727244,0.009956193007439289,0.01955540989902106,0.026023529600694643,-0.08428851073073206,previous_frozen_artifact
LOHO_height,height_30mm,fold,L-B2,obs_30mm/rank3,obs_30mm,30.0,30.0,3,248,0,IN_DOMAIN,-0.05282730948002669,0.05282730948002669,0.05373685974188468,0.06884563270459657,0.07301942661387884,-0.08428851073073206,previous_frozen_artifact
LOHO_height,height_30mm,fold,RAW,obs_30mm/rank4,obs_30mm,30.0,30.0,4,284,0,IN_DOMAIN,-0.08511425436863532,0.08511425436863532,0.08708207481214923,0.11285997054104381,0.12670382967152,-0.08511425436863532,previous_frozen_artifact
LOHO_height,height_30mm,fold,H-B2,obs_30mm/rank4,obs_30mm,30.0,30.0,4,284,0,IN_DOMAIN,-0.001526159482341659,0.01504397783466024,0.01850681922580717,0.03313543508658316,0.05465822526667312,-0.08511425436863532,previous_frozen_artifact
LOHO_height,height_30mm,fold,L-B2,obs_30mm/rank4,obs_30mm,30.0,30.0,4,284,0,IN_DOMAIN,-0.05287768809290782,0.052936543429309285,0.055997088097334516,0.08062410341204859,0.09447984345809601,-0.08511425436863532,previous_frozen_artifact
LOHO_height,height_30mm,fold,RAW,obs_30mm/rank5,obs_30mm,30.0,30.0,5,290,0,HULL_EXTRAPOLATION,-0.16927470859732058,0.16927470859732058,0.17001806421022617,0.19508443817183355,0.207368114657591,-0.16927470859732058,previous_frozen_artifact
LOHO_height,height_30mm,fold,H-B2,obs_30mm/rank5,obs_30mm,30.0,30.0,5,290,0,HULL_EXTRAPOLATION,-0.0852828865136181,0.0852828865136181,0.08675376815112247,0.11114294711109654,0.12342600477502016,-0.16927470859732058,previous_frozen_artifact
LOHO_height,height_30mm,fold,L-B2,obs_30mm/rank5,obs_30mm,30.0,30.0,5,290,0,HULL_EXTRAPOLATION,-0.13665692068995244,0.13665692068995244,0.13757762313106225,0.1624976803686069,0.17474205668651877,-0.16927470859732058,previous_frozen_artifact
LOHO_height,height_36mm,fold,RAW,obs_36mm/rank1,obs_36mm,36.0,36.0,1,252,0,IN_DOMAIN,-0.07394823639818404,0.07394823639818404,0.07553346570580192,0.09986225531843794,0.111668025340414,-0.07394823639818404,previous_frozen_artifact
LOHO_height,height_36mm,fold,H-B2,obs_36mm/rank1,obs_36mm,36.0,36.0,1,252,0,IN_DOMAIN,0.020227321806497108,0.021620348200132616,0.02544175387561832,0.04463836185920067,0.048945585366068634,-0.07394823639818404,previous_frozen_artifact
LOHO_height,height_36mm,fold,L-B2,obs_36mm/rank1,obs_36mm,36.0,36.0,1,252,0,IN_DOMAIN,-0.032995174214618186,0.032995174214618186,0.03642915798348156,0.05899695367070308,0.07081558329293358,-0.07394823639818404,previous_frozen_artifact
LOHO_height,height_36mm,fold,RAW,obs_36mm/rank2,obs_36mm,36.0,36.0,2,285,0,IN_DOMAIN,-0.12057595430857165,0.12057595430857165,0.12193154535924762,0.1513699643959784,0.171236698933669,-0.12057595430857165,previous_frozen_artifact
LOHO_height,height_36mm,fold,H-B2,obs_36mm/rank2,obs_36mm,36.0,36.0,2,285,0,IN_DOMAIN,-0.025784488228556633,0.026591817038021465,0.03155538555842543,0.056716212441714584,0.07660607355174331,-0.12057595430857165,previous_frozen_artifact
LOHO_height,height_36mm,fold,L-B2,obs_36mm/rank2,obs_36mm,36.0,36.0,2,285,0,IN_DOMAIN,-0.07952762719921579,0.07952762719921579,0.08157958171713908,0.1104523418089201,0.13032342060884616,-0.12057595430857165,previous_frozen_artifact
LOHO_height,height_36mm,fold,RAW,obs_36mm/rank3,obs_36mm,36.0,36.0,3,286,0,IN_DOMAIN,-0.05989100022381755,0.05989100022381755,0.062397870764587665,0.08948605434449415,0.111831404263555,-0.05989100022381755,previous_frozen_artifact
LOHO_height,height_36mm,fold,H-B2,obs_36mm/rank3,obs_36mm,36.0,36.0,3,286,0,IN_DOMAIN,0.036200670200625305,0.03656088511221614,0.04023468334768988,0.061816807130356796,0.0718775169991256,-0.05989100022381755,previous_frozen_artifact
LOHO_height,height_36mm,fold,L-B2,obs_36mm/rank3,obs_36mm,36.0,36.0,3,286,0,IN_DOMAIN,-0.016998028073576373,0.01923949777362444,0.024432772208217404,0.046642757939702406,0.06905651529712742,-0.05989100022381755,previous_frozen_artifact
LOHO_height,height_36mm,fold,RAW,obs_36mm/rank4,obs_36mm,36.0,36.0,4,321,0,IN_DOMAIN,-0.11896859712659688,0.11896859712659688,0.11954402263544103,0.141097245736098,0.150866943243585,-0.11896859712659688,previous_frozen_artifact
LOHO_height,height_36mm,fold,H-B2,obs_36mm/rank4,obs_36mm,36.0,36.0,4,321,0,IN_DOMAIN,-0.021958939708493427,0.022082873885259188,0.024907722681211105,0.044184318816164,0.05397777798035812,-0.11896859712659688,previous_frozen_artifact
LOHO_height,height_36mm,fold,L-B2,obs_36mm/rank4,obs_36mm,36.0,36.0,4,321,0,IN_DOMAIN,-0.07487318103019862,0.07487318103019862,0.07579007319593624,0.09710011178671607,0.10688841861359322,-0.11896859712659688,previous_frozen_artifact
LOHO_height,height_36mm,fold,RAW,obs_36mm/rank5,obs_36mm,36.0,36.0,5,317,0,IN_DOMAIN,-0.1454844161135448,0.1454844161135448,0.14671985722056652,0.1776599709950602,0.184240320457413,-0.1454844161135448,previous_frozen_artifact
LOHO_height,height_36mm,fold,H-B2,obs_36mm/rank5,obs_36mm,36.0,36.0,5,317,0,IN_DOMAIN,-0.047646826680127374,0.047646826680127374,0.051310803966658054,0.0798979350740105,0.08648319339460002,-0.1454844161135448,previous_frozen_artifact
LOHO_height,height_36mm,fold,L-B2,obs_36mm/rank5,obs_36mm,36.0,36.0,5,317,0,IN_DOMAIN,-0.10094340045590262,0.10094340045590262,0.10272255550498065,0.13319268836206816,0.13976246213874788,-0.1454844161135448,previous_frozen_artifact
LOHO_height,height_40mm,fold,RAW,obs_40mm/rank1,obs_40mm,40.0,40.0,1,209,0,IN_DOMAIN,-0.08948260628230172,0.08948260628230172,0.09221481309781782,0.123197079170764,0.134938389030403,-0.08948260628230172,previous_frozen_artifact
LOHO_height,height_40mm,fold,H-B2,obs_40mm/rank1,obs_40mm,40.0,40.0,1,209,0,IN_DOMAIN,0.016201052917359626,0.022609053184163407,0.027592760246164843,0.0521592977291505,0.07048210233714719,-0.08948260628230172,previous_frozen_artifact
LOHO_height,height_40mm,fold,L-B2,obs_40mm/rank1,obs_40mm,40.0,40.0,1,209,0,IN_DOMAIN,-0.036896586957406094,0.03739550589171403,0.04313538753662663,0.07071563752392081,0.0824748188032558,-0.08948260628230172,previous_frozen_artifact
LOHO_height,height_40mm,fold,RAW,obs_40mm/rank2,obs_40mm,40.0,40.0,2,342,0,IN_DOMAIN,-0.09081367507939357,0.09081367507939357,0.0949680614734632,0.13401196270322263,0.158187581397826,-0.09081367507939357,previous_frozen_artifact
LOHO_height,height_40mm,fold,H-B2,obs_40mm/rank2,obs_40mm,40.0,40.0,2,342,0,IN_DOMAIN,0.015091166231991261,0.025710495453137337,0.03164746967387557,0.062095026922061945,0.08926566040489534,-0.09081367507939357,previous_frozen_artifact
LOHO_height,height_40mm,fold,L-B2,obs_40mm/rank2,obs_40mm,40.0,40.0,2,342,0,IN_DOMAIN,-0.03771266052574142,0.040013330770033016,0.04684492449263871,0.08089500307554401,0.10510001828355087,-0.09081367507939357,previous_frozen_artifact
LOHO_height,height_40mm,fold,RAW,obs_40mm/rank3,obs_40mm,40.0,40.0,3,277,0,IN_DOMAIN,-0.07343035600605043,0.07343035600605043,0.07503059511021366,0.09825004457722596,0.109607556953328,-0.07343035600605043,previous_frozen_artifact
LOHO_height,height_40mm,fold,H-B2,obs_40mm/rank3,obs_40mm,40.0,40.0,3,277,0,IN_DOMAIN,0.03389363463075864,0.03393152382643668,0.037254725405827145,0.05951685659438155,0.07103040820492443,-0.07343035600605043,previous_frozen_artifact
LOHO_height,height_40mm,fold,L-B2,obs_40mm/rank3,obs_40mm,40.0,40.0,3,277,0,IN_DOMAIN,-0.019446774463691505,0.020776017443931167,0.024842703218457034,0.044353538243277056,0.055661812486668794,-0.07343035600605043,previous_frozen_artifact
LOHO_height,height_40mm,fold,RAW,obs_40mm/rank4,obs_40mm,40.0,40.0,4,296,0,IN_DOMAIN,-0.07426768246980651,0.07426768246980651,0.07635190408725147,0.1065837739308505,0.11601094498306,-0.07426768246980651,previous_frozen_artifact
LOHO_height,height_40mm,fold,H-B2,obs_40mm/rank4,obs_40mm,40.0,40.0,4,296,0,IN_DOMAIN,0.03418531738063174,0.0344730056690776,0.0385133423480714,0.06022792024563637,0.08246504629399624,-0.07426768246980651,previous_frozen_artifact
LOHO_height,height_40mm,fold,L-B2,obs_40mm/rank4,obs_40mm,40.0,40.0,4,296,0,IN_DOMAIN,-0.01845883909375014,0.020779058334357482,0.025588768318426866,0.05075502967072154,0.060194656253401035,-0.07426768246980651,previous_frozen_artifact
LOHO_height,height_40mm,fold,RAW,obs_40mm/rank5,obs_40mm,40.0,40.0,5,314,0,IN_DOMAIN,-0.13744884683507497,0.13744884683507497,0.1385646029841431,0.16974203745438793,0.180959608165473,-0.13744884683507497,previous_frozen_artifact
LOHO_height,height_40mm,fold,H-B2,obs_40mm/rank5,obs_40mm,40.0,40.0,5,314,0,IN_DOMAIN,-0.027917033303529876,0.028274198210774662,0.03299142836177589,0.06024797464731335,0.07151260863437367,-0.13744884683507497,previous_frozen_artifact
LOHO_height,height_40mm,fold,L-B2,obs_40mm/rank5,obs_40mm,40.0,40.0,5,314,0,IN_DOMAIN,-0.08102049965909973,0.08102049965909973,0.08289938016275954,0.11319724095023671,0.12457419167647288,-0.13744884683507497,previous_frozen_artifact
LOHO_height,height_46mm,fold,RAW,obs_46mm/rank1,obs_46mm,46.0,46.0,1,306,0,BBOX_EXTRAPOLATION,-0.1289916855481588,0.1289916855481588,0.13117492242596887,0.16603812350536976,0.182887071361819,-0.1289916855481588,previous_frozen_artifact
LOHO_height,height_46mm,fold,H-B2,obs_46mm/rank1,obs_46mm,46.0,46.0,1,306,0,BBOX_EXTRAPOLATION,-0.01421310661644265,0.02338647389814668,0.0277924409542733,0.05134568698706127,0.06822870372475803,-0.1289916855481588,previous_frozen_artifact
LOHO_height,height_46mm,fold,L-B2,obs_46mm/rank1,obs_46mm,46.0,46.0,1,306,0,BBOX_EXTRAPOLATION,-0.10936196696662037,0.10936196696662037,0.11193463315388019,0.14648686987610127,0.16334807821331765,-0.1289916855481588,previous_frozen_artifact
LOHO_height,height_46mm,fold,RAW,obs_46mm/rank2,obs_46mm,46.0,46.0,2,334,0,BBOX_EXTRAPOLATION,-0.13567246909563102,0.13567246909563102,0.13856282333935369,0.1764217582613864,0.206160746827813,-0.13567246909563102,previous_frozen_artifact
LOHO_height,height_46mm,fold,H-B2,obs_46mm/rank2,obs_46mm,46.0,46.0,2,334,0,BBOX_EXTRAPOLATION,-0.020621733478822638,0.029518044733909246,0.03492716664492579,0.06142832869252391,0.09118665987515959,-0.13567246909563102,previous_frozen_artifact
LOHO_height,height_46mm,fold,L-B2,obs_46mm/rank2,obs_46mm,46.0,46.0,2,334,0,BBOX_EXTRAPOLATION,-0.11504927429646987,0.11504927429646987,0.11843998679550037,0.1557826396310879,0.18547745432339013,-0.13567246909563102,previous_frozen_artifact
LOHO_height,height_46mm,fold,RAW,obs_46mm/rank3,obs_46mm,46.0,46.0,3,305,0,BBOX_EXTRAPOLATION,-0.10401412147723794,0.10401412147723794,0.10658518146670178,0.1437207129847166,0.163243703417706,-0.10401412147723794,previous_frozen_artifact
LOHO_height,height_46mm,fold,H-B2,obs_46mm/rank3,obs_46mm,46.0,46.0,3,305,0,BBOX_EXTRAPOLATION,0.012827279679935476,0.020998166929069254,0.02659851272748928,0.0531871826358005,0.06944200999721833,-0.10401412147723794,previous_frozen_artifact
LOHO_height,height_46mm,fold,L-B2,obs_46mm/rank3,obs_46mm,46.0,46.0,3,305,0,BBOX_EXTRAPOLATION,-0.08134468431527546,0.08134468431527546,0.08460515112054982,0.12101130305992172,0.14053642515769127,-0.10401412147723794,previous_frozen_artifact
LOHO_height,height_46mm,fold,RAW,obs_46mm/rank4,obs_46mm,46.0,46.0,4,208,0,BBOX_EXTRAPOLATION,-0.10594850134081855,0.10594850134081855,0.10737404364524927,0.13328435207245384,0.14320728873809,-0.10594850134081855,previous_frozen_artifact
LOHO_height,height_46mm,fold,H-B2,obs_46mm/rank4,obs_46mm,46.0,46.0,4,208,0,BBOX_EXTRAPOLATION,0.011888743207647514,0.01713254442648987,0.021165087958852278,0.041023464502565256,0.048237957214551305,-0.10594850134081855,previous_frozen_artifact
LOHO_height,height_46mm,fold,L-B2,obs_46mm/rank4,obs_46mm,46.0,46.0,4,208,0,BBOX_EXTRAPOLATION,-0.08148296156066791,0.08148296156066791,0.08334263567049452,0.10892962192433585,0.11885639185426555,-0.10594850134081855,previous_frozen_artifact
LOHO_height,height_46mm,fold,RAW,obs_46mm/rank5,obs_46mm,46.0,46.0,5,306,0,BBOX_EXTRAPOLATION,-0.11511910618503841,0.11511910618503841,0.11754301446706147,0.15294461916480123,0.165618892631912,-0.11511910618503841,previous_frozen_artifact
LOHO_height,height_46mm,fold,H-B2,obs_46mm/rank5,obs_46mm,46.0,46.0,5,306,0,BBOX_EXTRAPOLATION,0.003379259382226346,0.01981528580896857,0.02402078327141373,0.045279705796059624,0.06123351836208533,-0.11511910618503841,previous_frozen_artifact
LOHO_height,height_46mm,fold,L-B2,obs_46mm/rank5,obs_46mm,46.0,46.0,5,306,0,BBOX_EXTRAPOLATION,-0.09051172811194529,0.09051172811194529,0.09357060064072188,0.1283249097259116,0.14096753516113836,-0.11511910618503841,previous_frozen_artifact
LOPO_position_rank,rank_1,fold,RAW,obs_10mm/rank1,obs_10mm,10.0,10.0,1,269,0,BBOX_EXTRAPOLATION,-0.03187672891982561,0.03404319433594545,0.04045669615456153,0.07269710242081047,0.08442837996098262,-0.03187672891982561,previous_frozen_artifact
LOPO_position_rank,rank_1,fold,H-B2,obs_10mm/rank1,obs_10mm,10.0,10.0,1,269,0,BBOX_EXTRAPOLATION,0.018599626837025117,0.02526275277164422,0.031126576438956652,0.05957885146557024,0.07957097072637945,-0.03187672891982561,previous_frozen_artifact
LOPO_position_rank,rank_1,fold,L-B2,obs_10mm/rank1,obs_10mm,10.0,10.0,1,269,0,BBOX_EXTRAPOLATION,-0.015142265931127302,0.023683189434642052,0.029189285737926868,0.056030498089601366,0.06777877516596575,-0.03187672891982561,previous_frozen_artifact
LOPO_position_rank,rank_1,fold,RAW,obs_1mm/rank1,obs_1mm,1.0,1.001,1,315,0,BBOX_EXTRAPOLATION,0.009230615607567409,0.021171529731329353,0.025753489229382337,0.047988438069523916,0.060278412314520136,0.009230615607567409,previous_frozen_artifact
LOPO_position_rank,rank_1,fold,H-B2,obs_1mm/rank1,obs_1mm,1.0,1.001,1,315,0,BBOX_EXTRAPOLATION,0.043031297633657734,0.04344144236920889,0.04931705592178662,0.08186541555470674,0.0941779595697938,0.009230615607567409,previous_frozen_artifact
LOPO_position_rank,rank_1,fold,L-B2,obs_1mm/rank1,obs_1mm,1.0,1.001,1,315,0,BBOX_EXTRAPOLATION,0.010887003101966998,0.02176712110639927,0.02642953560139637,0.04970958819190577,0.062020005004155276,0.009230615607567409,previous_frozen_artifact
LOPO_position_rank,rank_1,fold,RAW,obs_20mm/rank1,obs_20mm,20.0,20.0,1,250,0,BBOX_EXTRAPOLATION,-0.04917071492830772,0.04917071492830772,0.05060293123057805,0.0707999008458783,0.08191337895215511,-0.04917071492830772,previous_frozen_artifact
LOPO_position_rank,rank_1,fold,H-B2,obs_20mm/rank1,obs_20mm,20.0,20.0,1,250,0,BBOX_EXTRAPOLATION,0.019813504827353008,0.020513972431443945,0.023153248108782245,0.037055985417044655,0.045690214926406805,-0.04917071492830772,previous_frozen_artifact
LOPO_position_rank,rank_1,fold,L-B2,obs_20mm/rank1,obs_20mm,20.0,20.0,1,250,0,BBOX_EXTRAPOLATION,-0.015486629328341224,0.016059530976317148,0.019579857365168856,0.037165180586054794,0.04832146053716002,-0.04917071492830772,previous_frozen_artifact
LOPO_position_rank,rank_1,fold,RAW,obs_2mm/rank1,obs_2mm,2.0,2.0,1,234,0,BBOX_EXTRAPOLATION,0.00500379681894667,0.014461278854190521,0.017929868929216174,0.03493338641611173,0.05267793234694862,0.00500379681894667,previous_frozen_artifact
LOPO_position_rank,rank_1,fold,H-B2,obs_2mm/rank1,obs_2mm,2.0,2.0,1,234,0,BBOX_EXTRAPOLATION,0.040667299493407805,0.040738677778226845,0.04417253306252513,0.06697606189931449,0.08841828458732735,0.00500379681894667,previous_frozen_artifact
LOPO_position_rank,rank_1,fold,L-B2,obs_2mm/rank1,obs_2mm,2.0,2.0,1,234,0,BBOX_EXTRAPOLATION,0.008316052344092687,0.015292333327965188,0.019145621684753217,0.03526409423519681,0.05606715529619777,0.00500379681894667,previous_frozen_artifact
LOPO_position_rank,rank_1,fold,RAW,obs_30mm/rank1,obs_30mm,30.0,30.0,1,261,0,BBOX_EXTRAPOLATION,-0.09685571900937462,0.09685571900937462,0.09743122163467086,0.114382588770408,0.123459746275952,-0.09685571900937462,previous_frozen_artifact
LOPO_position_rank,rank_1,fold,H-B2,obs_30mm/rank1,obs_30mm,30.0,30.0,1,261,0,BBOX_EXTRAPOLATION,-0.009580561828087102,0.011435309776920411,0.014284308958974585,0.027139959157236132,0.03623968526091979,-0.09685571900937462,previous_frozen_artifact
LOPO_position_rank,rank_1,fold,L-B2,obs_30mm/rank1,obs_30mm,30.0,30.0,1,261,0,BBOX_EXTRAPOLATION,-0.04610455469999761,0.04610455469999761,0.04730661192790102,0.06366137564835839,0.0727723025472038,-0.09685571900937462,previous_frozen_artifact
LOPO_position_rank,rank_1,fold,RAW,obs_36mm/rank1,obs_36mm,36.0,36.0,1,252,0,BBOX_EXTRAPOLATION,-0.07394823639818404,0.07394823639818404,0.07553346570580192,0.09986225531843794,0.111668025340414,-0.07394823639818404,previous_frozen_artifact
LOPO_position_rank,rank_1,fold,H-B2,obs_36mm/rank1,obs_36mm,36.0,36.0,1,252,0,BBOX_EXTRAPOLATION,0.024272660657863834,0.025038554903780968,0.028761728691764788,0.048680836054112935,0.05298716305567709,-0.07394823639818404,previous_frozen_artifact
LOPO_position_rank,rank_1,fold,L-B2,obs_36mm/rank1,obs_36mm,36.0,36.0,1,252,0,BBOX_EXTRAPOLATION,-0.012345500696520574,0.016125401889458196,0.01977570408975604,0.03836141958264783,0.050186868391719486,-0.07394823639818404,previous_frozen_artifact
LOPO_position_rank,rank_1,fold,RAW,obs_40mm/rank1,obs_40mm,40.0,40.0,1,209,0,BBOX_EXTRAPOLATION,-0.08948260628230172,0.08948260628230172,0.09221481309781782,0.123197079170764,0.134938389030403,-0.08948260628230172,previous_frozen_artifact
LOPO_position_rank,rank_1,fold,H-B2,obs_40mm/rank1,obs_40mm,40.0,40.0,1,209,0,BBOX_EXTRAPOLATION,0.01609061592802117,0.0225570337573382,0.027523546256551783,0.05204123989568141,0.07035917044250278,-0.08948260628230172,previous_frozen_artifact
LOPO_position_rank,rank_1,fold,L-B2,obs_40mm/rank1,obs_40mm,40.0,40.0,1,209,0,BBOX_EXTRAPOLATION,-0.020900042224764114,0.024991121731855807,0.030602652716296093,0.05473276347753142,0.06649665400274785,-0.08948260628230172,previous_frozen_artifact
LOPO_position_rank,rank_1,fold,RAW,obs_46mm/rank1,obs_46mm,46.0,46.0,1,306,0,BBOX_EXTRAPOLATION,-0.1289916855481588,0.1289916855481588,0.13117492242596887,0.16603812350536976,0.182887071361819,-0.1289916855481588,previous_frozen_artifact
LOPO_position_rank,rank_1,fold,H-B2,obs_46mm/rank1,obs_46mm,46.0,46.0,1,306,0,BBOX_EXTRAPOLATION,-0.012408518798886829,0.022638204789063362,0.0269113152408347,0.049535373357228275,0.06641612556563221,-0.1289916855481588,previous_frozen_artifact
LOPO_position_rank,rank_1,fold,L-B2,obs_46mm/rank1,obs_46mm,46.0,46.0,1,306,0,BBOX_EXTRAPOLATION,-0.05054301965415278,0.050581386892530604,0.05590539345110945,0.08771833677439922,0.104601342248003,-0.1289916855481588,previous_frozen_artifact
LOPO_position_rank,rank_1,fold,RAW,obs_50mm/rank1,obs_50mm,50.0,50.0,1,234,0,BBOX_EXTRAPOLATION,-0.08862172955099155,0.08862172955099155,0.08962307576681289,0.109688992494239,0.116113522009528,-0.08862172955099155,previous_frozen_artifact
LOPO_position_rank,rank_1,fold,H-B2,obs_50mm/rank1,obs_50mm,50.0,50.0,1,234,0,BBOX_EXTRAPOLATION,0.03525458855055435,0.03525458855055435,0.03771078049601763,0.055537088083783354,0.0659137482541094,-0.08862172955099155,previous_frozen_artifact
LOPO_position_rank,rank_1,fold,L-B2,obs_50mm/rank1,obs_50mm,50.0,50.0,1,234,0,BBOX_EXTRAPOLATION,-0.0029013085312504404,0.011470395338303276,0.013709501330442615,0.02539421295264361,0.030470652581556124,-0.08862172955099155,previous_frozen_artifact
LOPO_position_rank,rank_1,fold,RAW,obs_6mm/rank1,obs_6mm,6.0,6.0,1,225,0,BBOX_EXTRAPOLATION,-0.006078101142415694,0.01585276067782947,0.01899097989290688,0.033612916154612905,0.04850226265348834,-0.006078101142415694,previous_frozen_artifact
LOPO_position_rank,rank_1,fold,H-B2,obs_6mm/rank1,obs_6mm,6.0,6.0,1,225,0,BBOX_EXTRAPOLATION,0.037037475633794364,0.03712154844643696,0.04119283032865207,0.06645129380911287,0.07656604445743673,-0.006078101142415694,previous_frozen_artifact
LOPO_position_rank,rank_1,fold,L-B2,obs_6mm/rank1,obs_6mm,6.0,6.0,1,225,0,BBOX_EXTRAPOLATION,0.003960779734348311,0.015231423635233988,0.018455033447460127,0.034327801850051284,0.043475253614900566,-0.006078101142415694,previous_frozen_artifact
LOPO_position_rank,rank_2,fold,RAW,obs_10mm/rank2,obs_10mm,10.0,10.0,2,202,0,IN_DOMAIN,-0.047125042464608045,0.0473048061875669,0.051513183618879285,0.07667952034016991,0.08353107991748132,-0.047125042464608045,previous_frozen_artifact
LOPO_position_rank,rank_2,fold,H-B2,obs_10mm/rank2,obs_10mm,10.0,10.0,2,202,0,IN_DOMAIN,-0.004169461261269951,0.017987350982629657,0.021243815866005693,0.03892641517222964,0.051498353240397046,-0.047125042464608045,previous_frozen_artifact
LOPO_position_rank,rank_2,fold,L-B2,obs_10mm/rank2,obs_10mm,10.0,10.0,2,202,0,IN_DOMAIN,-0.043854036674453103,0.04420358644922283,0.04854004007877864,0.07340361394365615,0.08027787596546077,-0.047125042464608045,previous_frozen_artifact
LOPO_position_rank,rank_2,fold,RAW,obs_1mm/rank2,obs_1mm,1.0,1.001,2,196,0,HULL_EXTRAPOLATION,-0.03935235047589003,0.03935235047589003,0.04173189402295804,0.061502007105155854,0.06920246274268294,-0.03935235047589003,previous_frozen_artifact
LOPO_position_rank,rank_2,fold,H-B2,obs_1mm/rank2,obs_1mm,1.0,1.001,2,196,0,HULL_EXTRAPOLATION,-0.014154548866292525,0.016435328508724097,0.019860461859237826,0.03641406532001733,0.04412828838874036,-0.03935235047589003,previous_frozen_artifact
LOPO_position_rank,rank_2,fold,L-B2,obs_1mm/rank2,obs_1mm,1.0,1.001,2,196,0,HULL_EXTRAPOLATION,-0.03903128663590691,0.03903128663590691,0.04143085065513936,0.061189156308642634,0.06889205182332114,-0.03935235047589003,previous_frozen_artifact
LOPO_position_rank,rank_2,fold,RAW,obs_20mm/rank2,obs_20mm,20.0,20.0,2,269,0,IN_DOMAIN,-0.08027046773112485,0.08027046773112485,0.08266804163365475,0.11083739362907892,0.12086805131320588,-0.08027046773112485,previous_frozen_artifact
LOPO_position_rank,rank_2,fold,H-B2,obs_20mm/rank2,obs_20mm,20.0,20.0,2,269,0,IN_DOMAIN,-0.017798752947722964,0.022887208478555944,0.02665031393859076,0.04847165479101084,0.05849819704028959,-0.08027046773112485,previous_frozen_artifact
LOPO_position_rank,rank_2,fold,L-B2,obs_20mm/rank2,obs_20mm,20.0,20.0,2,269,0,IN_DOMAIN,-0.07362466572224223,0.07362466572224223,0.07623810396346835,0.10422903658154041,0.11424960904301784,-0.08027046773112485,previous_frozen_artifact
LOPO_position_rank,rank_2,fold,RAW,obs_2mm/rank2,obs_2mm,2.0,2.0,2,211,0,IN_DOMAIN,-0.03294958189728135,0.03390825601549726,0.038947825729733106,0.06625565288622848,0.08041908029992251,-0.03294958189728135,previous_frozen_artifact
LOPO_position_rank,rank_2,fold,H-B2,obs_2mm/rank2,obs_2mm,2.0,2.0,2,211,0,IN_DOMAIN,-0.0060125357248529765,0.017628148618734546,0.021673527378143258,0.040252864073431587,0.05364568252564533,-0.03294958189728135,previous_frozen_artifact
LOPO_position_rank,rank_2,fold,L-B2,obs_2mm/rank2,obs_2mm,2.0,2.0,2,211,0,IN_DOMAIN,-0.03232013700645042,0.033370300595922366,0.03842072881494942,0.06563821688542326,0.0798079010494206,-0.03294958189728135,previous_frozen_artifact
LOPO_position_rank,rank_2,fold,RAW,obs_30mm/rank2,obs_30mm,30.0,30.0,2,264,0,IN_DOMAIN,-0.12331873611946821,0.12331873611946821,0.12417690373002188,0.1455226625753568,0.159992728877402,-0.12331873611946821,previous_frozen_artifact
LOPO_position_rank,rank_2,fold,H-B2,obs_30mm/rank2,obs_30mm,30.0,30.0,2,264,0,IN_DOMAIN,-0.041663042108544907,0.041663042108544907,0.04415190813708005,0.06393931218077606,0.07833761525428411,-0.12331873611946821,previous_frozen_artifact
LOPO_position_rank,rank_2,fold,L-B2,obs_30mm/rank2,obs_30mm,30.0,30.0,2,264,0,IN_DOMAIN,-0.11295874006192747,0.11295874006192747,0.11389707901740595,0.13519634718783385,0.14958506355040768,-0.12331873611946821,previous_frozen_artifact
LOPO_position_rank,rank_2,fold,RAW,obs_36mm/rank2,obs_36mm,36.0,36.0,2,285,0,IN_DOMAIN,-0.12057595430857165,0.12057595430857165,0.12193154535924762,0.1513699643959784,0.171236698933669,-0.12057595430857165,previous_frozen_artifact
LOPO_position_rank,rank_2,fold,H-B2,obs_36mm/rank2,obs_36mm,36.0,36.0,2,285,0,IN_DOMAIN,-0.0279072384392908,0.028427064515742503,0.0333123151384924,0.05883857234450757,0.07872836790944579,-0.12057595430857165,previous_frozen_artifact
LOPO_position_rank,rank_2,fold,L-B2,obs_36mm/rank2,obs_36mm,36.0,36.0,2,285,0,IN_DOMAIN,-0.10852815197834906,0.10852815197834906,0.11003772736773565,0.13941836553719328,0.15927520050755817,-0.12057595430857165,previous_frozen_artifact
LOPO_position_rank,rank_2,fold,RAW,obs_40mm/rank2,obs_40mm,40.0,40.0,2,342,0,IN_DOMAIN,-0.09081367507939357,0.09081367507939357,0.0949680614734632,0.13401196270322263,0.158187581397826,-0.09081367507939357,previous_frozen_artifact
LOPO_position_rank,rank_2,fold,H-B2,obs_40mm/rank2,obs_40mm,40.0,40.0,2,342,0,IN_DOMAIN,0.009198644786870326,0.023775928118106374,0.029297229700408236,0.056683355822232516,0.08336652896127436,-0.09081367507939357,previous_frozen_artifact
LOPO_position_rank,rank_2,fold,L-B2,obs_40mm/rank2,obs_40mm,40.0,40.0,2,342,0,IN_DOMAIN,-0.07695781230722598,0.07695781230722598,0.08181282964501575,0.12010475324483458,0.14428630460172087,-0.09081367507939357,previous_frozen_artifact
LOPO_position_rank,rank_2,fold,RAW,obs_46mm/rank2,obs_46mm,46.0,46.0,2,334,0,IN_DOMAIN,-0.13567246909563102,0.13567246909563102,0.13856282333935369,0.1764217582613864,0.206160746827813,-0.13567246909563102,previous_frozen_artifact
LOPO_position_rank,rank_2,fold,H-B2,obs_46mm/rank2,obs_46mm,46.0,46.0,2,334,0,IN_DOMAIN,-0.0239989905967571,0.031297654511549776,0.03702120986372361,0.06480465782217838,0.0945626757792159,-0.13567246909563102,previous_frozen_artifact
LOPO_position_rank,rank_2,fold,L-B2,obs_46mm/rank2,obs_46mm,46.0,46.0,2,334,0,IN_DOMAIN,-0.11967950554371347,0.11967950554371347,0.12294208208654742,0.1604095052024696,0.19010263839771824,-0.13567246909563102,previous_frozen_artifact
LOPO_position_rank,rank_2,fold,RAW,obs_50mm/rank2,obs_50mm,50.0,50.0,2,237,0,IN_DOMAIN,-0.13318927912833858,0.13318927912833858,0.13390908286175446,0.1539048660353942,0.165229380638706,-0.13318927912833858,previous_frozen_artifact
LOPO_position_rank,rank_2,fold,H-B2,obs_50mm/rank2,obs_50mm,50.0,50.0,2,237,0,IN_DOMAIN,-0.013778567103535805,0.01644104575107666,0.01957122090480161,0.03454330489556026,0.04591007001419663,-0.13318927912833858,previous_frozen_artifact
LOPO_position_rank,rank_2,fold,L-B2,obs_50mm/rank2,obs_50mm,50.0,50.0,2,237,0,IN_DOMAIN,-0.11553046354024432,0.11553046354024432,0.11636147948171605,0.1362686507649272,0.14763111113842342,-0.13318927912833858,previous_frozen_artifact
LOPO_position_rank,rank_2,fold,RAW,obs_6mm/rank2,obs_6mm,6.0,6.0,2,222,0,IN_DOMAIN,-0.0349248221842145,0.0349248221842145,0.037286410143432376,0.056201679576262764,0.07042444405154846,-0.0349248221842145,previous_frozen_artifact
LOPO_position_rank,rank_2,fold,H-B2,obs_6mm/rank2,obs_6mm,6.0,6.0,2,222,0,IN_DOMAIN,0.00021276537433599177,0.010958392280990905,0.01308290800344694,0.02317029310445037,0.03542164756352243,-0.0349248221842145,previous_frozen_artifact
LOPO_position_rank,rank_2,fold,L-B2,obs_6mm/rank2,obs_6mm,6.0,6.0,2,222,0,IN_DOMAIN,-0.03295467693955302,0.03295467693955302,0.03544918963331016,0.05424826178122366,0.06847645141195002,-0.0349248221842145,previous_frozen_artifact
LOPO_position_rank,rank_3,fold,RAW,obs_10mm/rank3,obs_10mm,10.0,10.0,3,166,0,IN_DOMAIN,-0.02868136671290481,0.02929041425211518,0.03351021930376487,0.05892282408760874,0.06695363203815141,-0.02868136671290481,previous_frozen_artifact
LOPO_position_rank,rank_3,fold,H-B2,obs_10mm/rank3,obs_10mm,10.0,10.0,3,166,0,IN_DOMAIN,0.021084461880999345,0.02316706193657934,0.027311613456375287,0.047802323451750006,0.06656532893743458,-0.02868136671290481,previous_frozen_artifact
LOPO_position_rank,rank_3,fold,L-B2,obs_10mm/rank3,obs_10mm,10.0,10.0,3,166,0,IN_DOMAIN,-0.01887596871734007,0.02114627010756655,0.025634972308146573,0.04913147877876245,0.05716997647042987,-0.02868136671290481,previous_frozen_artifact
LOPO_position_rank,rank_3,fold,RAW,obs_1mm/rank3,obs_1mm,1.0,1.001,3,271,0,IN_DOMAIN,0.013061651144207894,0.019831477914051456,0.02321598303507821,0.03985170114894898,0.05388792729108194,0.013061651144207894,previous_frozen_artifact
LOPO_position_rank,rank_3,fold,H-B2,obs_1mm/rank3,obs_1mm,1.0,1.001,3,271,0,IN_DOMAIN,0.04290709753083259,0.04301868638090116,0.047024307788288276,0.06975575133711218,0.08382166333943286,0.013061651144207894,previous_frozen_artifact
LOPO_position_rank,rank_3,fold,L-B2,obs_1mm/rank3,obs_1mm,1.0,1.001,3,271,0,IN_DOMAIN,0.014038996235462111,0.02033469004334316,0.023794182277451465,0.04085457795236058,0.054904111055586124,0.013061651144207894,previous_frozen_artifact
LOPO_position_rank,rank_3,fold,RAW,obs_20mm/rank3,obs_20mm,20.0,20.0,3,244,0,IN_DOMAIN,-0.07494821377394428,0.07494821377394428,0.07913284786584963,0.12376677247776938,0.14942505948785012,-0.07494821377394428,previous_frozen_artifact
LOPO_position_rank,rank_3,fold,H-B2,obs_20mm/rank3,obs_20mm,20.0,20.0,3,244,0,IN_DOMAIN,-0.003981693248387902,0.020524478306383747,0.025783087130426534,0.052925809330134674,0.07867673672840839,-0.07494821377394428,previous_frozen_artifact
LOPO_position_rank,rank_3,fold,L-B2,obs_20mm/rank3,obs_20mm,20.0,20.0,3,244,0,IN_DOMAIN,-0.05523206090772869,0.05523206090772869,0.06080696302569182,0.10411288542480752,0.1298198184930044,-0.07494821377394428,previous_frozen_artifact
LOPO_position_rank,rank_3,fold,RAW,obs_2mm/rank3,obs_2mm,2.0,2.0,3,186,0,IN_DOMAIN,-0.05770591264596331,0.05770591264596331,0.059306725998738846,0.07975177504671904,0.09014297963030926,-0.05770591264596331,previous_frozen_artifact
LOPO_position_rank,rank_3,fold,H-B2,obs_2mm/rank3,obs_2mm,2.0,2.0,3,186,0,IN_DOMAIN,-0.025364069207377285,0.025581120975399368,0.028834713485670283,0.047420887714583276,0.05787406753211405,-0.05770591264596331,previous_frozen_artifact
LOPO_position_rank,rank_3,fold,L-B2,obs_2mm/rank3,obs_2mm,2.0,2.0,3,186,0,IN_DOMAIN,-0.05582686151275017,0.05582686151275017,0.05748316586956784,0.07789276388516164,0.08829515280303468,-0.05770591264596331,previous_frozen_artifact
LOPO_position_rank,rank_3,fold,RAW,obs_30mm/rank3,obs_30mm,30.0,30.0,3,248,0,IN_DOMAIN,-0.08428851073073206,0.08428851073073206,0.08486039025624062,0.10027155144681245,0.104399276425475,-0.08428851073073206,previous_frozen_artifact
LOPO_position_rank,rank_3,fold,H-B2,obs_30mm/rank3,obs_30mm,30.0,30.0,3,248,0,IN_DOMAIN,0.007749412605105377,0.010151870647726578,0.012537096214013572,0.024196641294484855,0.035198743488338395,-0.08428851073073206,previous_frozen_artifact
LOPO_position_rank,rank_3,fold,L-B2,obs_30mm/rank3,obs_30mm,30.0,30.0,3,248,0,IN_DOMAIN,-0.05438755687864158,0.05438755687864158,0.05527135041369269,0.0704041316194189,0.07457564300695907,-0.08428851073073206,previous_frozen_artifact
LOPO_position_rank,rank_3,fold,RAW,obs_36mm/rank3,obs_36mm,36.0,36.0,3,286,0,IN_DOMAIN,-0.05989100022381755,0.05989100022381755,0.062397870764587665,0.08948605434449415,0.111831404263555,-0.05989100022381755,previous_frozen_artifact
LOPO_position_rank,rank_3,fold,H-B2,obs_36mm/rank3,obs_36mm,36.0,36.0,3,286,0,IN_DOMAIN,0.044001411610520326,0.044087632905395725,0.04737744277002073,0.06962516314395281,0.07968786805208632,-0.05989100022381755,previous_frozen_artifact
LOPO_position_rank,rank_3,fold,L-B2,obs_36mm/rank3,obs_36mm,36.0,36.0,3,286,0,IN_DOMAIN,-0.024807012221183262,0.025154475573997033,0.030385051966281787,0.054444723337379486,0.07685188342348681,-0.05989100022381755,previous_frozen_artifact
LOPO_position_rank,rank_3,fold,RAW,obs_40mm/rank3,obs_40mm,40.0,40.0,3,277,0,IN_DOMAIN,-0.07343035600605043,0.07343035600605043,0.07503059511021366,0.09825004457722596,0.109607556953328,-0.07343035600605043,previous_frozen_artifact
LOPO_position_rank,rank_3,fold,H-B2,obs_40mm/rank3,obs_40mm,40.0,40.0,3,277,0,IN_DOMAIN,0.03852569740367421,0.03852569740367421,0.041514065494362276,0.06415296728480123,0.07566416452427077,-0.07343035600605043,previous_frozen_artifact
LOPO_position_rank,rank_3,fold,L-B2,obs_40mm/rank3,obs_40mm,40.0,40.0,3,277,0,IN_DOMAIN,-0.03503173757009241,0.03504661434142892,0.03828828686273,0.0599290962634285,0.07123262667121821,-0.07343035600605043,previous_frozen_artifact
LOPO_position_rank,rank_3,fold,RAW,obs_46mm/rank3,obs_46mm,46.0,46.0,3,305,0,HULL_EXTRAPOLATION,-0.10401412147723794,0.10401412147723794,0.10658518146670178,0.1437207129847166,0.163243703417706,-0.10401412147723794,previous_frozen_artifact
LOPO_position_rank,rank_3,fold,H-B2,obs_46mm/rank3,obs_46mm,46.0,46.0,3,305,0,HULL_EXTRAPOLATION,0.02111970141551147,0.02565877642019541,0.03144983430597082,0.06148313558417372,0.07774014230624213,-0.10401412147723794,previous_frozen_artifact
LOPO_position_rank,rank_3,fold,L-B2,obs_46mm/rank3,obs_46mm,46.0,46.0,3,305,0,HULL_EXTRAPOLATION,-0.05863461748835996,0.05863461748835996,0.0630840049189609,0.098318537122654,0.11785302684793919,-0.10401412147723794,previous_frozen_artifact
LOPO_position_rank,rank_3,fold,RAW,obs_50mm/rank3,obs_50mm,50.0,50.0,3,190,0,IN_DOMAIN,-0.062331704914058074,0.062331704914058074,0.06349589974764083,0.08138640391386963,0.0958391692668599,-0.062331704914058074,previous_frozen_artifact
LOPO_position_rank,rank_3,fold,H-B2,obs_50mm/rank3,obs_50mm,50.0,50.0,3,190,0,IN_DOMAIN,0.07082391813745793,0.07082391813745793,0.07185585376091377,0.09024346225349487,0.1015249485378227,-0.062331704914058074,previous_frozen_artifact
LOPO_position_rank,rank_3,fold,L-B2,obs_50mm/rank3,obs_50mm,50.0,50.0,3,190,0,IN_DOMAIN,-0.013188089094143002,0.014603690456904267,0.01791398215234081,0.032275894784396526,0.046740888519124724,-0.062331704914058074,previous_frozen_artifact
LOPO_position_rank,rank_3,fold,RAW,obs_6mm/rank3,obs_6mm,6.0,6.0,3,233,0,IN_DOMAIN,-0.009798453286474884,0.016693674063236772,0.02105272907214719,0.04150267851968241,0.06062522966366224,-0.009798453286474884,previous_frozen_artifact
LOPO_position_rank,rank_3,fold,H-B2,obs_6mm/rank3,obs_6mm,6.0,6.0,3,233,0,IN_DOMAIN,0.030708749763297807,0.031961691565598464,0.03593218978408326,0.060310647974658405,0.0711747465497449,-0.009798453286474884,previous_frozen_artifact
LOPO_position_rank,rank_3,fold,L-B2,obs_6mm/rank3,obs_6mm,6.0,6.0,3,233,0,IN_DOMAIN,-0.004079986801877622,0.01486358118253826,0.019090336194323643,0.0361074055766906,0.05495044045412456,-0.009798453286474884,previous_frozen_artifact
LOPO_position_rank,rank_4,fold,RAW,obs_10mm/rank4,obs_10mm,10.0,10.0,4,226,0,IN_DOMAIN,-0.04794004197335275,0.04794004197335275,0.051514985998876155,0.07856631531604918,0.08599390923511052,-0.04794004197335275,previous_frozen_artifact
LOPO_position_rank,rank_4,fold,H-B2,obs_10mm/rank4,obs_10mm,10.0,10.0,4,226,0,IN_DOMAIN,-0.0004528494121842839,0.015324486734951235,0.01890833112955146,0.03594562569665391,0.046478541199499415,-0.04794004197335275,previous_frozen_artifact
LOPO_position_rank,rank_4,fold,L-B2,obs_10mm/rank4,obs_10mm,10.0,10.0,4,226,0,IN_DOMAIN,-0.041988676932049995,0.0420667035120945,0.046034017611135694,0.07263430679751703,0.08007607246445758,-0.04794004197335275,previous_frozen_artifact
LOPO_position_rank,rank_4,fold,RAW,obs_1mm/rank4,obs_1mm,1.0,1.001,4,236,0,IN_DOMAIN,-0.05515646482318219,0.05515646482318219,0.05789087508727366,0.08637331183688643,0.10106028325635308,-0.05515646482318219,previous_frozen_artifact
LOPO_position_rank,rank_4,fold,H-B2,obs_1mm/rank4,obs_1mm,1.0,1.001,4,236,0,IN_DOMAIN,-0.02654863783016288,0.02782230990465326,0.03187066114219513,0.057871324651521325,0.07258956663079896,-0.05515646482318219,previous_frozen_artifact
LOPO_position_rank,rank_4,fold,L-B2,obs_1mm/rank4,obs_1mm,1.0,1.001,4,236,0,IN_DOMAIN,-0.054601475134031754,0.054601475134031754,0.05736545498532901,0.08583653457720741,0.10053189493475623,-0.05515646482318219,previous_frozen_artifact
LOPO_position_rank,rank_4,fold,RAW,obs_20mm/rank4,obs_20mm,20.0,20.0,4,203,0,IN_DOMAIN,-0.1049702552805971,0.1049702552805971,0.10568937062764656,0.12302911562101748,0.13078303980694272,-0.1049702552805971,previous_frozen_artifact
LOPO_position_rank,rank_4,fold,H-B2,obs_20mm/rank4,obs_20mm,20.0,20.0,4,203,0,IN_DOMAIN,-0.03714901632804927,0.03714901632804927,0.03913810858879158,0.05527307251042203,0.06296725118168996,-0.1049702552805971,previous_frozen_artifact
LOPO_position_rank,rank_4,fold,L-B2,obs_20mm/rank4,obs_20mm,20.0,20.0,4,203,0,IN_DOMAIN,-0.0929840957210522,0.0929840957210522,0.09379485681452127,0.11107334839472073,0.11878141438772971,-0.1049702552805971,previous_frozen_artifact
LOPO_position_rank,rank_4,fold,RAW,obs_2mm/rank4,obs_2mm,2.0,2.0,4,200,0,IN_DOMAIN,-0.021529609421860732,0.02340739789139967,0.027419271381905388,0.05061543487620107,0.06739260526775626,-0.021529609421860732,previous_frozen_artifact
LOPO_position_rank,rank_4,fold,H-B2,obs_2mm/rank4,obs_2mm,2.0,2.0,4,200,0,IN_DOMAIN,0.009679320641229042,0.015599676959865187,0.01957505004967554,0.03964712362796142,0.054469091668011185,-0.021529609421860732,previous_frozen_artifact
LOPO_position_rank,rank_4,fold,L-B2,obs_2mm/rank4,obs_2mm,2.0,2.0,4,200,0,IN_DOMAIN,-0.020343750545399875,0.022510619163544573,0.026504773116186986,0.04944450786326743,0.0662340085491131,-0.021529609421860732,previous_frozen_artifact
LOPO_position_rank,rank_4,fold,RAW,obs_30mm/rank4,obs_30mm,30.0,30.0,4,284,0,IN_DOMAIN,-0.08511425436863532,0.08511425436863532,0.08708207481214923,0.11285997054104381,0.12670382967152,-0.08511425436863532,previous_frozen_artifact
LOPO_position_rank,rank_4,fold,H-B2,obs_30mm/rank4,obs_30mm,30.0,30.0,4,284,0,IN_DOMAIN,0.0028812883173180382,0.015147887728133757,0.018669491141076442,0.034269759614667036,0.05907402708735926,-0.08511425436863532,previous_frozen_artifact
LOPO_position_rank,rank_4,fold,L-B2,obs_30mm/rank4,obs_30mm,30.0,30.0,4,284,0,IN_DOMAIN,-0.06687378411133996,0.06687378411133996,0.06936432058525238,0.09460775459936795,0.10845706955339907,-0.08511425436863532,previous_frozen_artifact
LOPO_position_rank,rank_4,fold,RAW,obs_36mm/rank4,obs_36mm,36.0,36.0,4,321,0,IN_DOMAIN,-0.11896859712659688,0.11896859712659688,0.11954402263544103,0.141097245736098,0.150866943243585,-0.11896859712659688,previous_frozen_artifact
LOPO_position_rank,rank_4,fold,H-B2,obs_36mm/rank4,obs_36mm,36.0,36.0,4,321,0,IN_DOMAIN,-0.01940735190740669,0.019720249135687727,0.02269111978296339,0.041636978239548594,0.051431480726084236,-0.11896859712659688,previous_frozen_artifact
LOPO_position_rank,rank_4,fold,L-B2,obs_36mm/rank4,obs_36mm,36.0,36.0,4,321,0,IN_DOMAIN,-0.0976061483464313,0.0976061483464313,0.09831033401641162,0.11981828773284775,0.12960032776150854,-0.11896859712659688,previous_frozen_artifact
LOPO_position_rank,rank_4,fold,RAW,obs_40mm/rank4,obs_40mm,40.0,40.0,4,296,0,IN_DOMAIN,-0.07426768246980651,0.07426768246980651,0.07635190408725147,0.1065837739308505,0.11601094498306,-0.07426768246980651,previous_frozen_artifact
LOPO_position_rank,rank_4,fold,H-B2,obs_40mm/rank4,obs_40mm,40.0,40.0,4,296,0,IN_DOMAIN,0.03319227016160712,0.03355546024316347,0.037634589010335964,0.05923459920128478,0.08147132730465348,-0.07426768246980651,previous_frozen_artifact
LOPO_position_rank,rank_4,fold,L-B2,obs_40mm/rank4,obs_40mm,40.0,40.0,4,296,0,IN_DOMAIN,-0.050672614134263626,0.050672614134263626,0.053677429430454615,0.08294297836791742,0.09237499745620426,-0.07426768246980651,previous_frozen_artifact
LOPO_position_rank,rank_4,fold,RAW,obs_46mm/rank4,obs_46mm,46.0,46.0,4,208,0,IN_DOMAIN,-0.10594850134081855,0.10594850134081855,0.10737404364524927,0.13328435207245384,0.14320728873809,-0.10594850134081855,previous_frozen_artifact
LOPO_position_rank,rank_4,fold,H-B2,obs_46mm/rank4,obs_46mm,46.0,46.0,4,208,0,IN_DOMAIN,0.01406265220635498,0.01809855576192755,0.022460018861958617,0.04320040626270387,0.05041570293540028,-0.10594850134081855,previous_frozen_artifact
LOPO_position_rank,rank_4,fold,L-B2,obs_46mm/rank4,obs_46mm,46.0,46.0,4,208,0,IN_DOMAIN,-0.0777110877442919,0.0777110877442919,0.07966015438835497,0.10516708996658578,0.11509456662946604,-0.10594850134081855,previous_frozen_artifact
LOPO_position_rank,rank_4,fold,RAW,obs_50mm/rank4,obs_50mm,50.0,50.0,4,218,0,HULL_EXTRAPOLATION,-0.11225258916285263,0.11225258916285263,0.11316985426428178,0.13270120175053068,0.139070341408939,-0.11225258916285263,previous_frozen_artifact
LOPO_position_rank,rank_4,fold,H-B2,obs_50mm/rank4,obs_50mm,50.0,50.0,4,218,0,HULL_EXTRAPOLATION,0.015752906092810843,0.01701367214192392,0.021361141384786383,0.042386958570690844,0.05647546190388579,-0.11225258916285263,previous_frozen_artifact
LOPO_position_rank,rank_4,fold,L-B2,obs_50mm/rank4,obs_50mm,50.0,50.0,4,218,0,HULL_EXTRAPOLATION,-0.08090747873875362,0.08090747873875362,0.08218290572045339,0.10141300129572244,0.10775341758839829,-0.11225258916285263,previous_frozen_artifact
LOPO_position_rank,rank_4,fold,RAW,obs_6mm/rank4,obs_6mm,6.0,6.0,4,247,0,IN_DOMAIN,0.004902534352473064,0.017979321042834187,0.02287110448047458,0.04698055496857405,0.05679207414039933,0.004902534352473064,previous_frozen_artifact
LOPO_position_rank,rank_4,fold,H-B2,obs_6mm/rank4,obs_6mm,6.0,6.0,4,247,0,IN_DOMAIN,0.04427315085382881,0.0449935161364912,0.049621124700118195,0.07914420305665706,0.09267510879062625,0.004902534352473064,previous_frozen_artifact
LOPO_position_rank,rank_4,fold,L-B2,obs_6mm/rank4,obs_6mm,6.0,6.0,4,247,0,IN_DOMAIN,0.008457353018675525,0.018904813156156844,0.02390372827311251,0.04810302910565766,0.05676706492931061,0.004902534352473064,previous_frozen_artifact
LOPO_position_rank,rank_5,fold,RAW,obs_10mm/rank5,obs_10mm,10.0,10.0,5,180,0,BBOX_EXTRAPOLATION,-0.0839443228993728,0.0839443228993728,0.0856106119477883,0.11128386347453895,0.12433486639017843,-0.0839443228993728,previous_frozen_artifact
LOPO_position_rank,rank_5,fold,H-B2,obs_10mm/rank5,obs_10mm,10.0,10.0,5,180,0,BBOX_EXTRAPOLATION,-0.04260162700450512,0.04260162700450512,0.045809795366701545,0.07000158045668076,0.08306491592386733,-0.0839443228993728,previous_frozen_artifact
LOPO_position_rank,rank_5,fold,L-B2,obs_10mm/rank5,obs_10mm,10.0,10.0,5,180,0,BBOX_EXTRAPOLATION,-0.08394432289927052,0.08394432289927052,0.08561061194768807,0.11128386347443929,0.1243348663900754,-0.0839443228993728,previous_frozen_artifact
LOPO_position_rank,rank_5,fold,RAW,obs_1mm/rank5,obs_1mm,1.0,1.001,5,196,0,BBOX_EXTRAPOLATION,-0.034866379324740085,0.03525757241179544,0.03847007906161787,0.06201005232033935,0.06997493580857583,-0.034866379324740085,previous_frozen_artifact
LOPO_position_rank,rank_5,fold,H-B2,obs_1mm/rank5,obs_1mm,1.0,1.001,5,196,0,BBOX_EXTRAPOLATION,-0.01102475426077948,0.016452732934366682,0.019674937481767203,0.038333927063327895,0.04620153677100797,-0.034866379324740085,previous_frozen_artifact
LOPO_position_rank,rank_5,fold,L-B2,obs_1mm/rank5,obs_1mm,1.0,1.001,5,196,0,BBOX_EXTRAPOLATION,-0.03486637932467295,0.035257572411733724,0.038470079061558526,0.0620100523202744,0.06997493580850889,-0.034866379324740085,previous_frozen_artifact
LOPO_position_rank,rank_5,fold,RAW,obs_20mm/rank5,obs_20mm,20.0,20.0,5,236,0,BBOX_EXTRAPOLATION,-0.13118128734168816,0.13118128734168816,0.13344156276969402,0.17156219664070615,0.17916771482873983,-0.13118128734168816,previous_frozen_artifact
LOPO_position_rank,rank_5,fold,H-B2,obs_20mm/rank5,obs_20mm,20.0,20.0,5,236,0,BBOX_EXTRAPOLATION,-0.07035386630905921,0.07035386630905921,0.07449919642326393,0.11082080537270127,0.11842763375727319,-0.13118128734168816,previous_frozen_artifact
LOPO_position_rank,rank_5,fold,L-B2,obs_20mm/rank5,obs_20mm,20.0,20.0,5,236,0,BBOX_EXTRAPOLATION,-0.1311812873417409,0.1311812873417409,0.13344156276974595,0.17156219664076744,0.17916771482878602,-0.13118128734168816,previous_frozen_artifact
LOPO_position_rank,rank_5,fold,RAW,obs_30mm/rank5,obs_30mm,30.0,30.0,5,290,0,BBOX_EXTRAPOLATION,-0.16927470859732058,0.16927470859732058,0.17001806421022617,0.19508443817183355,0.207368114657591,-0.16927470859732058,previous_frozen_artifact
LOPO_position_rank,rank_5,fold,H-B2,obs_30mm/rank5,obs_30mm,30.0,30.0,5,290,0,BBOX_EXTRAPOLATION,-0.08920950938231356,0.08920950938231356,0.09061673180603642,0.11507017320250014,0.1273532234497777,-0.16927470859732058,previous_frozen_artifact
LOPO_position_rank,rank_5,fold,L-B2,obs_30mm/rank5,obs_30mm,30.0,30.0,5,290,0,BBOX_EXTRAPOLATION,-0.1692747085974008,0.1692747085974008,0.17001806421030674,0.19508443817189375,0.20736811465772576,-0.16927470859732058,previous_frozen_artifact
LOPO_position_rank,rank_5,fold,RAW,obs_36mm/rank5,obs_36mm,36.0,36.0,5,317,0,BBOX_EXTRAPOLATION,-0.1454844161135448,0.1454844161135448,0.14671985722056652,0.1776599709950602,0.184240320457413,-0.1454844161135448,previous_frozen_artifact
LOPO_position_rank,rank_5,fold,H-B2,obs_36mm/rank5,obs_36mm,36.0,36.0,5,317,0,BBOX_EXTRAPOLATION,-0.05392190475194421,0.05392190475194421,0.057185226692045336,0.08617300495148351,0.09275826273967062,-0.1454844161135448,previous_frozen_artifact
LOPO_position_rank,rank_5,fold,L-B2,obs_36mm/rank5,obs_36mm,36.0,36.0,5,317,0,BBOX_EXTRAPOLATION,-0.14548441611353877,0.14548441611353877,0.1467198572205555,0.17765997099478736,0.18424032045763994,-0.1454844161135448,previous_frozen_artifact
LOPO_position_rank,rank_5,fold,RAW,obs_40mm/rank5,obs_40mm,40.0,40.0,5,314,0,BBOX_EXTRAPOLATION,-0.13744884683507497,0.13744884683507497,0.1385646029841431,0.16974203745438793,0.180959608165473,-0.13744884683507497,previous_frozen_artifact
LOPO_position_rank,rank_5,fold,H-B2,obs_40mm/rank5,obs_40mm,40.0,40.0,5,314,0,BBOX_EXTRAPOLATION,-0.0381239919132253,0.03814392393905307,0.04198162027472355,0.07045303359865182,0.08171529930942695,-0.13744884683507497,previous_frozen_artifact
LOPO_position_rank,rank_5,fold,L-B2,obs_40mm/rank5,obs_40mm,40.0,40.0,5,314,0,BBOX_EXTRAPOLATION,-0.1374488468350577,0.1374488468350577,0.13856460298412288,0.16974203745415506,0.18095960816581425,-0.13744884683507497,previous_frozen_artifact
LOPO_position_rank,rank_5,fold,RAW,obs_46mm/rank5,obs_46mm,46.0,46.0,5,306,0,BBOX_EXTRAPOLATION,-0.11511910618503841,0.11511910618503841,0.11754301446706147,0.15294461916480123,0.165618892631912,-0.11511910618503841,previous_frozen_artifact
LOPO_position_rank,rank_5,fold,H-B2,obs_46mm/rank5,obs_46mm,46.0,46.0,5,306,0,BBOX_EXTRAPOLATION,-0.004144604043535619,0.01998535880134817,0.024139892061951808,0.04480121169794293,0.054715124334080295,-0.11511910618503841,previous_frozen_artifact
LOPO_position_rank,rank_5,fold,L-B2,obs_46mm/rank5,obs_46mm,46.0,46.0,5,306,0,BBOX_EXTRAPOLATION,-0.1151191061850647,0.1151191061850647,0.1175430144670808,0.15294461916480095,0.16561889263191176,-0.11511910618503841,previous_frozen_artifact
LOPO_position_rank,rank_5,fold,RAW,obs_50mm/rank5,obs_50mm,50.0,50.0,5,221,0,BBOX_EXTRAPOLATION,-0.12473249514279297,0.12473249514279297,0.12521316051609083,0.142274268314452,0.158645093472558,-0.12473249514279297,previous_frozen_artifact
LOPO_position_rank,rank_5,fold,H-B2,obs_50mm/rank5,obs_50mm,50.0,50.0,5,221,0,BBOX_EXTRAPOLATION,-0.006155028157135085,0.010072280401132143,0.012584264635909913,0.02369860431544943,0.04010963901558645,-0.12473249514279297,previous_frozen_artifact
LOPO_position_rank,rank_5,fold,L-B2,obs_50mm/rank5,obs_50mm,50.0,50.0,5,221,0,BBOX_EXTRAPOLATION,-0.12473249514281719,0.12473249514281719,0.12521316051611833,0.14227426831399725,0.15864509347233025,-0.12473249514279297,previous_frozen_artifact
LOPO_position_rank,rank_5,fold,RAW,obs_6mm/rank5,obs_6mm,6.0,6.0,5,238,0,BBOX_EXTRAPOLATION,-0.0643467836732709,0.0643467836732709,0.06755683349727253,0.10121109904372301,0.11717364850478962,-0.0643467836732709,previous_frozen_artifact
LOPO_position_rank,rank_5,fold,H-B2,obs_6mm/rank5,obs_6mm,6.0,6.0,5,238,0,BBOX_EXTRAPOLATION,-0.03077843538453173,0.031263951528712045,0.037048188133899464,0.06772828735553596,0.08371316088267747,-0.0643467836732709,previous_frozen_artifact
LOPO_position_rank,rank_5,fold,L-B2,obs_6mm/rank5,obs_6mm,6.0,6.0,5,238,0,BBOX_EXTRAPOLATION,-0.06434678367320872,0.06434678367320872,0.06755683349721307,0.1012110990436592,0.11717364850472656,-0.0643467836732709,previous_frozen_artifact
LOBO_height_band,low_1_2_6_10,fold,RAW,obs_10mm/rank1,obs_10mm,10.0,10.0,1,269,0,BBOX_EXTRAPOLATION,-0.03187672891982561,0.03404319433594545,0.04045669615456153,0.07269710242081047,0.08442837996098262,-0.03187672891982561,previous_frozen_artifact
LOBO_height_band,low_1_2_6_10,fold,H-B2,obs_10mm/rank1,obs_10mm,10.0,10.0,1,269,0,BBOX_EXTRAPOLATION,0.05453026191434447,0.05453026191434447,0.059957623749103545,0.09545159472508814,0.11544014245466591,-0.03187672891982561,previous_frozen_artifact
LOBO_height_band,low_1_2_6_10,fold,L-B2,obs_10mm/rank1,obs_10mm,10.0,10.0,1,269,0,BBOX_EXTRAPOLATION,-0.02373486872236841,0.02810506062217987,0.0344237486229127,0.06458777715846153,0.07632620066136653,-0.03187672891982561,previous_frozen_artifact
LOBO_height_band,low_1_2_6_10,fold,RAW,obs_10mm/rank2,obs_10mm,10.0,10.0,2,202,0,BBOX_EXTRAPOLATION,-0.047125042464608045,0.0473048061875669,0.051513183618879285,0.07667952034016991,0.08353107991748132,-0.047125042464608045,previous_frozen_artifact
LOBO_height_band,low_1_2_6_10,fold,H-B2,obs_10mm/rank2,obs_10mm,10.0,10.0,2,202,0,BBOX_EXTRAPOLATION,0.03965823317176324,0.03965823317176324,0.04478779264517816,0.07698664317905518,0.09529337448029734,-0.047125042464608045,previous_frozen_artifact
LOBO_height_band,low_1_2_6_10,fold,L-B2,obs_10mm/rank2,obs_10mm,10.0,10.0,2,202,0,BBOX_EXTRAPOLATION,-0.03869787746833204,0.0394009229877983,0.04394222457779014,0.06826151098912003,0.07514106838866752,-0.047125042464608045,previous_frozen_artifact
LOBO_height_band,low_1_2_6_10,fold,RAW,obs_10mm/rank3,obs_10mm,10.0,10.0,3,166,0,BBOX_EXTRAPOLATION,-0.02868136671290481,0.02929041425211518,0.03351021930376487,0.05892282408760874,0.06695363203815141,-0.02868136671290481,previous_frozen_artifact
LOBO_height_band,low_1_2_6_10,fold,H-B2,obs_10mm/rank3,obs_10mm,10.0,10.0,3,166,0,BBOX_EXTRAPOLATION,0.058533939050875276,0.058533939050875276,0.06104780714235425,0.08522793281158761,0.10393619696321015,-0.02868136671290481,previous_frozen_artifact
LOBO_height_band,low_1_2_6_10,fold,L-B2,obs_10mm/rank3,obs_10mm,10.0,10.0,3,166,0,BBOX_EXTRAPOLATION,-0.019614101252370494,0.021678037539560713,0.026182387014967914,0.049867177073607216,0.05790507767711972,-0.02868136671290481,previous_frozen_artifact
LOBO_height_band,low_1_2_6_10,fold,RAW,obs_10mm/rank4,obs_10mm,10.0,10.0,4,226,0,BBOX_EXTRAPOLATION,-0.04794004197335275,0.04794004197335275,0.051514985998876155,0.07856631531604918,0.08599390923511052,-0.04794004197335275,previous_frozen_artifact
LOBO_height_band,low_1_2_6_10,fold,H-B2,obs_10mm/rank4,obs_10mm,10.0,10.0,4,226,0,BBOX_EXTRAPOLATION,0.03951816370423242,0.03951816370423242,0.04379217576734777,0.06883245646429384,0.08636472242754725,-0.04794004197335275,previous_frozen_artifact
LOBO_height_band,low_1_2_6_10,fold,L-B2,obs_10mm/rank4,obs_10mm,10.0,10.0,4,226,0,BBOX_EXTRAPOLATION,-0.03859301837717536,0.038845888231049855,0.04296210743817309,0.06924905680175275,0.07669310181462308,-0.04794004197335275,previous_frozen_artifact
LOBO_height_band,low_1_2_6_10,fold,RAW,obs_10mm/rank5,obs_10mm,10.0,10.0,5,180,0,BBOX_EXTRAPOLATION,-0.0839443228993728,0.0839443228993728,0.0856106119477883,0.11128386347453895,0.12433486639017843,-0.0839443228993728,previous_frozen_artifact
LOBO_height_band,low_1_2_6_10,fold,H-B2,obs_10mm/rank5,obs_10mm,10.0,10.0,5,180,0,BBOX_EXTRAPOLATION,0.0036638740791594794,0.014318931737256284,0.017213189869422954,0.03055355979218977,0.04357222931419122,-0.0839443228993728,previous_frozen_artifact
LOBO_height_band,low_1_2_6_10,fold,L-B2,obs_10mm/rank5,obs_10mm,10.0,10.0,5,180,0,BBOX_EXTRAPOLATION,-0.07454302517729548,0.07454302517729548,0.07641815378263322,0.1019121092669847,0.11496928006663865,-0.0839443228993728,previous_frozen_artifact
LOBO_height_band,low_1_2_6_10,fold,RAW,obs_1mm/rank1,obs_1mm,1.0,1.001,1,315,0,BBOX_EXTRAPOLATION,0.009230615607567409,0.021171529731329353,0.025753489229382337,0.047988438069523916,0.060278412314520136,0.009230615607567409,previous_frozen_artifact
LOBO_height_band,low_1_2_6_10,fold,H-B2,obs_1mm/rank1,obs_1mm,1.0,1.001,1,315,0,BBOX_EXTRAPOLATION,0.09020337262471897,0.09020337262471897,0.09335674258673364,0.12898605809194766,0.14128338732660428,0.009230615607567409,previous_frozen_artifact
LOBO_height_band,low_1_2_6_10,fold,L-B2,obs_1mm/rank1,obs_1mm,1.0,1.001,1,315,0,BBOX_EXTRAPOLATION,0.010032129655961456,0.021440636330463596,0.02606978988543053,0.048821375825576316,0.061121187832346546,0.009230615607567409,previous_frozen_artifact
LOBO_height_band,low_1_2_6_10,fold,RAW,obs_1mm/rank2,obs_1mm,1.0,1.001,2,196,0,BBOX_EXTRAPOLATION,-0.03935235047589003,0.03935235047589003,0.04173189402295804,0.061502007105155854,0.06920246274268294,-0.03935235047589003,previous_frozen_artifact
LOBO_height_band,low_1_2_6_10,fold,H-B2,obs_1mm/rank2,obs_1mm,1.0,1.001,2,196,0,BBOX_EXTRAPOLATION,0.041939784041153366,0.041939784041153366,0.04418417918796781,0.06511661642146523,0.07809927261712168,-0.03935235047589003,previous_frozen_artifact
LOBO_height_band,low_1_2_6_10,fold,L-B2,obs_1mm/rank2,obs_1mm,1.0,1.001,2,196,0,BBOX_EXTRAPOLATION,-0.03853360988695686,0.03853360988695686,0.0409648054682323,0.0607033395802552,0.06841021206410369,-0.03935235047589003,previous_frozen_artifact
LOBO_height_band,low_1_2_6_10,fold,RAW,obs_1mm/rank3,obs_1mm,1.0,1.001,3,271,0,BBOX_EXTRAPOLATION,0.013061651144207894,0.019831477914051456,0.02321598303507821,0.03985170114894898,0.05388792729108194,0.013061651144207894,previous_frozen_artifact
LOBO_height_band,low_1_2_6_10,fold,H-B2,obs_1mm/rank3,obs_1mm,1.0,1.001,3,271,0,BBOX_EXTRAPOLATION,0.09463080930584412,0.09463080930584412,0.09656034735729296,0.12143746972047043,0.13548210989535497,0.013061651144207894,previous_frozen_artifact
LOBO_height_band,low_1_2_6_10,fold,L-B2,obs_1mm/rank3,obs_1mm,1.0,1.001,3,271,0,BBOX_EXTRAPOLATION,0.013963464305413398,0.020294974681382378,0.023748543970733657,0.04077705265491316,0.05482554071564527,0.013061651144207894,previous_frozen_artifact
LOBO_height_band,low_1_2_6_10,fold,RAW,obs_1mm/rank4,obs_1mm,1.0,1.001,4,236,0,BBOX_EXTRAPOLATION,-0.05515646482318219,0.05515646482318219,0.05789087508727366,0.08637331183688643,0.10106028325635308,-0.05515646482318219,previous_frozen_artifact
LOBO_height_band,low_1_2_6_10,fold,H-B2,obs_1mm/rank4,obs_1mm,1.0,1.001,4,236,0,BBOX_EXTRAPOLATION,0.026725178382176546,0.02792553446164881,0.03199814434938656,0.055998873906751546,0.07862882696480145,-0.05515646482318219,previous_frozen_artifact
LOBO_height_band,low_1_2_6_10,fold,L-B2,obs_1mm/rank4,obs_1mm,1.0,1.001,4,236,0,BBOX_EXTRAPOLATION,-0.054277828425093495,0.054277828425093495,0.057059335948800256,0.08552351916351286,0.10022389569961954,-0.05515646482318219,previous_frozen_artifact
LOBO_height_band,low_1_2_6_10,fold,RAW,obs_1mm/rank5,obs_1mm,1.0,1.001,5,196,0,BBOX_EXTRAPOLATION,-0.034866379324740085,0.03525757241179544,0.03847007906161787,0.06201005232033935,0.06997493580857583,-0.034866379324740085,previous_frozen_artifact
LOBO_height_band,low_1_2_6_10,fold,H-B2,obs_1mm/rank5,obs_1mm,1.0,1.001,5,196,0,BBOX_EXTRAPOLATION,0.04734480979130477,0.04734480979130477,0.05006202682150357,0.07744835774992018,0.09672743583943694,-0.034866379324740085,previous_frozen_artifact
LOBO_height_band,low_1_2_6_10,fold,L-B2,obs_1mm/rank5,obs_1mm,1.0,1.001,5,196,0,BBOX_EXTRAPOLATION,-0.033934889051406826,0.03439548001821489,0.037634061397928256,0.061103191465082585,0.06907607653056269,-0.034866379324740085,previous_frozen_artifact
LOBO_height_band,low_1_2_6_10,fold,RAW,obs_2mm/rank1,obs_2mm,2.0,2.0,1,234,0,BBOX_EXTRAPOLATION,0.00500379681894667,0.014461278854190521,0.017929868929216174,0.03493338641611173,0.05267793234694862,0.00500379681894667,previous_frozen_artifact
LOBO_height_band,low_1_2_6_10,fold,H-B2,obs_2mm/rank1,obs_2mm,2.0,2.0,1,234,0,BBOX_EXTRAPOLATION,0.08658360594840622,0.08658360594840622,0.08828062951956946,0.11285485693385645,0.13428278505285823,0.00500379681894667,previous_frozen_artifact
LOBO_height_band,low_1_2_6_10,fold,L-B2,obs_2mm/rank1,obs_2mm,2.0,2.0,1,234,0,BBOX_EXTRAPOLATION,0.006601770714109886,0.014815501131526927,0.01845198855562216,0.03560089008615588,0.054312268126892604,0.00500379681894667,previous_frozen_artifact
LOBO_height_band,low_1_2_6_10,fold,RAW,obs_2mm/rank2,obs_2mm,2.0,2.0,2,211,0,BBOX_EXTRAPOLATION,-0.03294958189728135,0.03390825601549726,0.038947825729733106,0.06625565288622848,0.08041908029992251,-0.03294958189728135,previous_frozen_artifact
LOBO_height_band,low_1_2_6_10,fold,H-B2,obs_2mm/rank2,obs_2mm,2.0,2.0,2,211,0,BBOX_EXTRAPOLATION,0.048880369709174205,0.048880369709174205,0.05311562015309347,0.08391586157171677,0.10201444942296883,-0.03294958189728135,previous_frozen_artifact
LOBO_height_band,low_1_2_6_10,fold,L-B2,obs_2mm/rank2,obs_2mm,2.0,2.0,2,211,0,BBOX_EXTRAPOLATION,-0.03130587663282855,0.03250321996486847,0.03757756032358559,0.06464157705430296,0.07881901373603029,-0.03294958189728135,previous_frozen_artifact
LOBO_height_band,low_1_2_6_10,fold,RAW,obs_2mm/rank3,obs_2mm,2.0,2.0,3,186,0,BBOX_EXTRAPOLATION,-0.05770591264596331,0.05770591264596331,0.059306725998738846,0.07975177504671904,0.09014297963030926,-0.05770591264596331,previous_frozen_artifact
LOBO_height_band,low_1_2_6_10,fold,H-B2,obs_2mm/rank3,obs_2mm,2.0,2.0,3,186,0,BBOX_EXTRAPOLATION,0.024570813577483475,0.0248429975116399,0.028129408512663524,0.047764642335918546,0.05806268734783274,-0.05770591264596331,previous_frozen_artifact
LOBO_height_band,low_1_2_6_10,fold,L-B2,obs_2mm/rank3,obs_2mm,2.0,2.0,3,186,0,BBOX_EXTRAPOLATION,-0.05597104689742916,0.05597104689742916,0.05762296527551596,0.0780352899499217,0.08843692982215501,-0.05770591264596331,previous_frozen_artifact
LOBO_height_band,low_1_2_6_10,fold,RAW,obs_2mm/rank4,obs_2mm,2.0,2.0,4,200,0,BBOX_EXTRAPOLATION,-0.021529609421860732,0.02340739789139967,0.027419271381905388,0.05061543487620107,0.06739260526775626,-0.021529609421860732,previous_frozen_artifact
LOBO_height_band,low_1_2_6_10,fold,H-B2,obs_2mm/rank4,obs_2mm,2.0,2.0,4,200,0,BBOX_EXTRAPOLATION,0.06112034422881399,0.06112034422881399,0.06343770960255565,0.09099292757092896,0.10581470018727569,-0.021529609421860732,previous_frozen_artifact
LOBO_height_band,low_1_2_6_10,fold,L-B2,obs_2mm/rank4,obs_2mm,2.0,2.0,4,200,0,BBOX_EXTRAPOLATION,-0.019667143130166362,0.021998781484356283,0.025992844439298272,0.048777968972423466,0.06557301811001537,-0.021529609421860732,previous_frozen_artifact
LOBO_height_band,low_1_2_6_10,fold,RAW,obs_6mm/rank1,obs_6mm,6.0,6.0,1,225,0,BBOX_EXTRAPOLATION,-0.006078101142415694,0.01585276067782947,0.01899097989290688,0.033612916154612905,0.04850226265348834,-0.006078101142415694,previous_frozen_artifact
LOBO_height_band,low_1_2_6_10,fold,H-B2,obs_6mm/rank1,obs_6mm,6.0,6.0,1,225,0,BBOX_EXTRAPOLATION,0.07793017437134059,0.07793017437134059,0.079982930391274,0.1072998730505194,0.11739734623321756,-0.006078101142415694,previous_frozen_artifact
LOBO_height_band,low_1_2_6_10,fold,L-B2,obs_6mm/rank1,obs_6mm,6.0,6.0,1,225,0,BBOX_EXTRAPOLATION,-0.0011980516408024913,0.01505604307874413,0.018048831365977246,0.032828321295523454,0.04365828749421041,-0.006078101142415694,previous_frozen_artifact
LOBO_height_band,low_1_2_6_10,fold,RAW,obs_6mm/rank2,obs_6mm,6.0,6.0,2,222,0,BBOX_EXTRAPOLATION,-0.0349248221842145,0.0349248221842145,0.037286410143432376,0.056201679576262764,0.07042444405154846,-0.0349248221842145,previous_frozen_artifact
LOBO_height_band,low_1_2_6_10,fold,H-B2,obs_6mm/rank2,obs_6mm,6.0,6.0,2,222,0,BBOX_EXTRAPOLATION,0.04944093801071783,0.04944093801071783,0.05113823991336958,0.06930381487556804,0.07538191653708595,-0.0349248221842145,previous_frozen_artifact
LOBO_height_band,low_1_2_6_10,fold,L-B2,obs_6mm/rank2,obs_6mm,6.0,6.0,2,222,0,BBOX_EXTRAPOLATION,-0.029863688802465524,0.029863688802465524,0.032598311671766474,0.05116923822609021,0.06540486870277817,-0.0349248221842145,previous_frozen_artifact
LOBO_height_band,low_1_2_6_10,fold,RAW,obs_6mm/rank3,obs_6mm,6.0,6.0,3,233,0,BBOX_EXTRAPOLATION,-0.009798453286474884,0.016693674063236772,0.02105272907214719,0.04150267851968241,0.06062522966366224,-0.009798453286474884,previous_frozen_artifact
LOBO_height_band,low_1_2_6_10,fold,H-B2,obs_6mm/rank3,obs_6mm,6.0,6.0,3,233,0,BBOX_EXTRAPOLATION,0.07479262740615956,0.07479262740615956,0.0770804521331152,0.10436662454312066,0.11521630044314529,-0.009798453286474884,previous_frozen_artifact
LOBO_height_band,low_1_2_6_10,fold,L-B2,obs_6mm/rank3,obs_6mm,6.0,6.0,3,233,0,BBOX_EXTRAPOLATION,-0.004525720344332694,0.014958936392673695,0.01918915628786693,0.03625463623634388,0.05539230445558019,-0.009798453286474884,previous_frozen_artifact
LOBO_height_band,low_1_2_6_10,fold,RAW,obs_6mm/rank4,obs_6mm,6.0,6.0,4,247,0,BBOX_EXTRAPOLATION,0.004902534352473064,0.017979321042834187,0.02287110448047458,0.04698055496857405,0.05679207414039933,0.004902534352473064,previous_frozen_artifact
LOBO_height_band,low_1_2_6_10,fold,H-B2,obs_6mm/rank4,obs_6mm,6.0,6.0,4,247,0,BBOX_EXTRAPOLATION,0.08996327633909161,0.08996327633909161,0.09270035444201787,0.12476250251517554,0.13827585146158156,0.004902534352473064,previous_frozen_artifact
LOBO_height_band,low_1_2_6_10,fold,L-B2,obs_6mm/rank4,obs_6mm,6.0,6.0,4,247,0,BBOX_EXTRAPOLATION,0.010509264408420102,0.019624104526009416,0.024711225340660566,0.0491803151554702,0.05883538871205829,0.004902534352473064,previous_frozen_artifact
LOBO_height_band,low_1_2_6_10,fold,RAW,obs_6mm/rank5,obs_6mm,6.0,6.0,5,238,0,BBOX_EXTRAPOLATION,-0.0643467836732709,0.0643467836732709,0.06755683349727253,0.10121109904372301,0.11717364850478962,-0.0643467836732709,previous_frozen_artifact
LOBO_height_band,low_1_2_6_10,fold,H-B2,obs_6mm/rank5,obs_6mm,6.0,6.0,5,238,0,BBOX_EXTRAPOLATION,0.020863947712362496,0.025299238723245052,0.02931361700971768,0.05324610317776128,0.0661639986486823,-0.0643467836732709,previous_frozen_artifact
LOBO_height_band,low_1_2_6_10,fold,L-B2,obs_6mm/rank5,obs_6mm,6.0,6.0,5,238,0,BBOX_EXTRAPOLATION,-0.05872443512877277,0.05872443512877277,0.06223194942261236,0.09562638047706462,0.11160216825594915,-0.0643467836732709,previous_frozen_artifact
LOBO_height_band,mid_20_30,fold,RAW,obs_20mm/rank1,obs_20mm,20.0,20.0,1,250,0,IN_DOMAIN,-0.04917071492830772,0.04917071492830772,0.05060293123057805,0.0707999008458783,0.08191337895215511,-0.04917071492830772,previous_frozen_artifact
LOBO_height_band,mid_20_30,fold,H-B2,obs_20mm/rank1,obs_20mm,20.0,20.0,1,250,0,IN_DOMAIN,0.008709140392753823,0.012580707183701445,0.014811586961700164,0.02595338948506106,0.03458817694059,-0.04917071492830772,previous_frozen_artifact
LOBO_height_band,mid_20_30,fold,L-B2,obs_20mm/rank1,obs_20mm,20.0,20.0,1,250,0,IN_DOMAIN,-0.024093616858950426,0.02413159225771254,0.026905630977690376,0.045762749467145085,0.05691429949395044,-0.04917071492830772,previous_frozen_artifact
LOBO_height_band,mid_20_30,fold,RAW,obs_20mm/rank2,obs_20mm,20.0,20.0,2,269,0,IN_DOMAIN,-0.08027046773112485,0.08027046773112485,0.08266804163365475,0.11083739362907892,0.12086805131320588,-0.08027046773112485,previous_frozen_artifact
LOBO_height_band,mid_20_30,fold,H-B2,obs_20mm/rank2,obs_20mm,20.0,20.0,2,269,0,IN_DOMAIN,-0.021155096349183066,0.025053186592882536,0.02899996445913511,0.051828613079309804,0.0618551314502762,-0.08027046773112485,previous_frozen_artifact
LOBO_height_band,mid_20_30,fold,L-B2,obs_20mm/rank2,obs_20mm,20.0,20.0,2,269,0,IN_DOMAIN,-0.05468288368202623,0.05468288368202623,0.05816102987426097,0.0853194950466893,0.09534802488952465,-0.08027046773112485,previous_frozen_artifact
LOBO_height_band,mid_20_30,fold,RAW,obs_20mm/rank3,obs_20mm,20.0,20.0,3,244,0,IN_DOMAIN,-0.07494821377394428,0.07494821377394428,0.07913284786584963,0.12376677247776938,0.14942505948785012,-0.07494821377394428,previous_frozen_artifact
LOBO_height_band,mid_20_30,fold,H-B2,obs_20mm/rank3,obs_20mm,20.0,20.0,3,244,0,IN_DOMAIN,-0.014511625385174164,0.022050175733876153,0.029311723177058865,0.06344593792919097,0.08918963195292307,-0.07494821377394428,previous_frozen_artifact
LOBO_height_band,mid_20_30,fold,L-B2,obs_20mm/rank3,obs_20mm,20.0,20.0,3,244,0,IN_DOMAIN,-0.048051896476765846,0.048051896476765846,0.05437270550089528,0.09695087362529707,0.12266799415374052,-0.07494821377394428,previous_frozen_artifact
LOBO_height_band,mid_20_30,fold,RAW,obs_20mm/rank4,obs_20mm,20.0,20.0,4,203,0,IN_DOMAIN,-0.1049702552805971,0.1049702552805971,0.10568937062764656,0.12302911562101748,0.13078303980694272,-0.1049702552805971,previous_frozen_artifact
LOBO_height_band,mid_20_30,fold,H-B2,obs_20mm/rank4,obs_20mm,20.0,20.0,4,203,0,IN_DOMAIN,-0.04375266747361457,0.04375266747361457,0.04545358131038382,0.06187416578540951,0.06957068849104409,-0.1049702552805971,previous_frozen_artifact
LOBO_height_band,mid_20_30,fold,L-B2,obs_20mm/rank4,obs_20mm,20.0,20.0,4,203,0,IN_DOMAIN,-0.07754271287931304,0.07754271287931304,0.07851459027303086,0.09564595448603867,0.10336012759882962,-0.1049702552805971,previous_frozen_artifact
LOBO_height_band,mid_20_30,fold,RAW,obs_20mm/rank5,obs_20mm,20.0,20.0,5,236,0,IN_DOMAIN,-0.13118128734168816,0.13118128734168816,0.13344156276969402,0.17156219664070615,0.17916771482873983,-0.13118128734168816,previous_frozen_artifact
LOBO_height_band,mid_20_30,fold,H-B2,obs_20mm/rank5,obs_20mm,20.0,20.0,5,236,0,IN_DOMAIN,-0.06946774243749199,0.06946774243749199,0.07366300415278798,0.10993494477728052,0.11754177717143563,-0.13118128734168816,previous_frozen_artifact
LOBO_height_band,mid_20_30,fold,L-B2,obs_20mm/rank5,obs_20mm,20.0,20.0,5,236,0,IN_DOMAIN,-0.10376392487351346,0.10376392487351346,0.10661504219434795,0.14421057462002462,0.15181023432677776,-0.13118128734168816,previous_frozen_artifact
LOBO_height_band,mid_20_30,fold,RAW,obs_30mm/rank1,obs_30mm,30.0,30.0,1,261,0,IN_DOMAIN,-0.09685571900937462,0.09685571900937462,0.09743122163467086,0.114382588770408,0.123459746275952,-0.09685571900937462,previous_frozen_artifact
LOBO_height_band,mid_20_30,fold,H-B2,obs_30mm/rank1,obs_30mm,30.0,30.0,1,261,0,IN_DOMAIN,-0.019588020193800106,0.019679016768830555,0.022270414749136224,0.03714936663536589,0.04625044773935985,-0.09685571900937462,previous_frozen_artifact
LOBO_height_band,mid_20_30,fold,L-B2,obs_30mm/rank1,obs_30mm,30.0,30.0,1,261,0,IN_DOMAIN,-0.05901446149902886,0.05901446149902886,0.059957435170083125,0.0765636135025396,0.08567043230549487,-0.09685571900937462,previous_frozen_artifact
LOBO_height_band,mid_20_30,fold,RAW,obs_30mm/rank2,obs_30mm,30.0,30.0,2,264,0,IN_DOMAIN,-0.12331873611946821,0.12331873611946821,0.12417690373002188,0.1455226625753568,0.159992728877402,-0.12331873611946821,previous_frozen_artifact
LOBO_height_band,mid_20_30,fold,H-B2,obs_30mm/rank2,obs_30mm,30.0,30.0,2,264,0,IN_DOMAIN,-0.04490807745507969,0.04490807745507969,0.04722630893520715,0.06718476727480567,0.08158265396830783,-0.12331873611946821,previous_frozen_artifact
LOBO_height_band,mid_20_30,fold,L-B2,obs_30mm/rank2,obs_30mm,30.0,30.0,2,264,0,IN_DOMAIN,-0.08450803122892799,0.08450803122892799,0.08576081675493408,0.10676973457071312,0.12116239443998467,-0.12331873611946821,previous_frozen_artifact
LOBO_height_band,mid_20_30,fold,RAW,obs_30mm/rank3,obs_30mm,30.0,30.0,3,248,0,IN_DOMAIN,-0.08428851073073206,0.08428851073073206,0.08486039025624062,0.10027155144681245,0.104399276425475,-0.08428851073073206,previous_frozen_artifact
LOBO_height_band,mid_20_30,fold,H-B2,obs_30mm/rank3,obs_30mm,30.0,30.0,3,248,0,IN_DOMAIN,-0.004425777627170161,0.00886235673861813,0.010801947460364742,0.021268957782521067,0.02463300821096291,-0.08428851073073206,previous_frozen_artifact
LOBO_height_band,mid_20_30,fold,L-B2,obs_30mm/rank3,obs_30mm,30.0,30.0,3,248,0,IN_DOMAIN,-0.04359568763305718,0.04359568763305718,0.044694175490624835,0.059618730260124035,0.06379332798821835,-0.08428851073073206,previous_frozen_artifact
LOBO_height_band,mid_20_30,fold,RAW,obs_30mm/rank4,obs_30mm,30.0,30.0,4,284,0,IN_DOMAIN,-0.08511425436863532,0.08511425436863532,0.08708207481214923,0.11285997054104381,0.12670382967152,-0.08511425436863532,previous_frozen_artifact
LOBO_height_band,mid_20_30,fold,H-B2,obs_30mm/rank4,obs_30mm,30.0,30.0,4,284,0,IN_DOMAIN,-0.004513874317361702,0.0152695976553571,0.018988634279601794,0.03612369709931123,0.05167273911788321,-0.08511425436863532,previous_frozen_artifact
LOBO_height_band,mid_20_30,fold,L-B2,obs_30mm/rank4,obs_30mm,30.0,30.0,4,284,0,IN_DOMAIN,-0.043653486087465256,0.04401000451635253,0.047386279327439836,0.07140879530023944,0.08526884239450183,-0.08511425436863532,previous_frozen_artifact
LOBO_height_band,mid_20_30,fold,RAW,obs_30mm/rank5,obs_30mm,30.0,30.0,5,290,0,HULL_EXTRAPOLATION,-0.16927470859732058,0.16927470859732058,0.17001806421022617,0.19508443817183355,0.207368114657591,-0.16927470859732058,previous_frozen_artifact
LOBO_height_band,mid_20_30,fold,H-B2,obs_30mm/rank5,obs_30mm,30.0,30.0,5,290,0,HULL_EXTRAPOLATION,-0.08826451230414521,0.08826451230414521,0.08968657773416702,0.1141253319979644,0.12640838032876975,-0.16927470859732058,previous_frozen_artifact
LOBO_height_band,mid_20_30,fold,L-B2,obs_30mm/rank5,obs_30mm,30.0,30.0,5,290,0,HULL_EXTRAPOLATION,-0.12746566252667257,0.12746566252667257,0.1284529071501649,0.15331423151924659,0.16556457065980723,-0.16927470859732058,previous_frozen_artifact
LOBO_height_band,high_36_40_46,fold,RAW,obs_36mm/rank1,obs_36mm,36.0,36.0,1,252,0,BBOX_EXTRAPOLATION,-0.07394823639818404,0.07394823639818404,0.07553346570580192,0.09986225531843794,0.111668025340414,-0.07394823639818404,previous_frozen_artifact
LOBO_height_band,high_36_40_46,fold,H-B2,obs_36mm/rank1,obs_36mm,36.0,36.0,1,252,0,BBOX_EXTRAPOLATION,0.022911995523212332,0.02386697270183899,0.02762517914268662,0.047325419408736316,0.051633388945294345,-0.07394823639818404,previous_frozen_artifact
LOBO_height_band,high_36_40_46,fold,L-B2,obs_36mm/rank1,obs_36mm,36.0,36.0,1,252,0,BBOX_EXTRAPOLATION,-0.04421304530229061,0.04421304530229061,0.04683008617137461,0.07020750163786219,0.0820224226736741,-0.07394823639818404,previous_frozen_artifact
LOBO_height_band,high_36_40_46,fold,RAW,obs_36mm/rank2,obs_36mm,36.0,36.0,2,285,0,BBOX_EXTRAPOLATION,-0.12057595430857165,0.12057595430857165,0.12193154535924762,0.1513699643959784,0.171236698933669,-0.12057595430857165,previous_frozen_artifact
LOBO_height_band,high_36_40_46,fold,H-B2,obs_36mm/rank2,obs_36mm,36.0,36.0,2,285,0,BBOX_EXTRAPOLATION,-0.023072244266289697,0.02437665581462215,0.029382443716941584,0.05401013305764994,0.07390102939600365,-0.12057595430857165,previous_frozen_artifact
LOBO_height_band,high_36_40_46,fold,L-B2,obs_36mm/rank2,obs_36mm,36.0,36.0,2,285,0,BBOX_EXTRAPOLATION,-0.0907245073719533,0.0907245073719533,0.09252736097022664,0.12163938987784206,0.14150429406139864,-0.12057595430857165,previous_frozen_artifact
LOBO_height_band,high_36_40_46,fold,RAW,obs_36mm/rank3,obs_36mm,36.0,36.0,3,286,0,BBOX_EXTRAPOLATION,-0.05989100022381755,0.05989100022381755,0.062397870764587665,0.08948605434449415,0.111831404263555,-0.05989100022381755,previous_frozen_artifact
LOBO_height_band,high_36_40_46,fold,H-B2,obs_36mm/rank3,obs_36mm,36.0,36.0,3,286,0,BBOX_EXTRAPOLATION,0.038971115972738966,0.039197248712224374,0.04274539588801857,0.06459113092841214,0.07465285684669773,-0.05989100022381755,previous_frozen_artifact
LOBO_height_band,high_36_40_46,fold,L-B2,obs_36mm/rank3,obs_36mm,36.0,36.0,3,286,0,BBOX_EXTRAPOLATION,-0.028219054051373572,0.02834665903319783,0.0332287494571872,0.057854537560215746,0.08026124544843327,-0.05989100022381755,previous_frozen_artifact
LOBO_height_band,high_36_40_46,fold,RAW,obs_36mm/rank4,obs_36mm,36.0,36.0,4,321,0,BBOX_EXTRAPOLATION,-0.11896859712659688,0.11896859712659688,0.11954402263544103,0.141097245736098,0.150866943243585,-0.11896859712659688,previous_frozen_artifact
LOBO_height_band,high_36_40_46,fold,H-B2,obs_36mm/rank4,obs_36mm,36.0,36.0,4,321,0,BBOX_EXTRAPOLATION,-0.019147401546036842,0.01948491173780919,0.02246921034384513,0.041377110657744826,0.051171633478918135,-0.11896859712659688,previous_frozen_artifact
LOBO_height_band,high_36_40_46,fold,L-B2,obs_36mm/rank4,obs_36mm,36.0,36.0,4,321,0,BBOX_EXTRAPOLATION,-0.0860773411914691,0.0860773411914691,0.08687556518923556,0.1082972504413462,0.11808249347009792,-0.11896859712659688,previous_frozen_artifact
LOBO_height_band,high_36_40_46,fold,RAW,obs_36mm/rank5,obs_36mm,36.0,36.0,5,317,0,BBOX_EXTRAPOLATION,-0.1454844161135448,0.1454844161135448,0.14671985722056652,0.1776599709950602,0.184240320457413,-0.1454844161135448,previous_frozen_artifact
LOBO_height_band,high_36_40_46,fold,H-B2,obs_36mm/rank5,obs_36mm,36.0,36.0,5,317,0,BBOX_EXTRAPOLATION,-0.044798227311155195,0.04481734695312831,0.04867782221443542,0.0770527177512366,0.08363819580992721,-0.1454844161135448,previous_frozen_artifact
LOBO_height_band,high_36_40_46,fold,L-B2,obs_36mm/rank5,obs_36mm,36.0,36.0,5,317,0,BBOX_EXTRAPOLATION,-0.11213860604547371,0.11213860604547371,0.11374179796439916,0.14437804804049675,0.15094573222346241,-0.1454844161135448,previous_frozen_artifact
LOBO_height_band,high_36_40_46,fold,RAW,obs_40mm/rank1,obs_40mm,40.0,40.0,1,209,0,BBOX_EXTRAPOLATION,-0.08948260628230172,0.08948260628230172,0.09221481309781782,0.123197079170764,0.134938389030403,-0.08948260628230172,previous_frozen_artifact
LOBO_height_band,high_36_40_46,fold,H-B2,obs_40mm/rank1,obs_40mm,40.0,40.0,1,209,0,BBOX_EXTRAPOLATION,0.015495761986413652,0.02230434817293469,0.02718429761792469,0.05145342739190957,0.06977586142918225,-0.08948260628230172,previous_frozen_artifact
LOBO_height_band,high_36_40_46,fold,L-B2,obs_40mm/rank1,obs_40mm,40.0,40.0,1,209,0,BBOX_EXTRAPOLATION,-0.05630443404881732,0.05630443404881732,0.0605726970608087,0.09010893689116983,0.10186248577623758,-0.08948260628230172,previous_frozen_artifact
LOBO_height_band,high_36_40_46,fold,RAW,obs_40mm/rank2,obs_40mm,40.0,40.0,2,342,0,BBOX_EXTRAPOLATION,-0.09081367507939357,0.09081367507939357,0.0949680614734632,0.13401196270322263,0.158187581397826,-0.09081367507939357,previous_frozen_artifact
LOBO_height_band,high_36_40_46,fold,H-B2,obs_40mm/rank2,obs_40mm,40.0,40.0,2,342,0,BBOX_EXTRAPOLATION,0.014384171655878679,0.02542076376462259,0.03131625676011819,0.06138765343936827,0.08855770356738249,-0.09081367507939357,previous_frozen_artifact
LOBO_height_band,high_36_40_46,fold,L-B2,obs_40mm/rank2,obs_40mm,40.0,40.0,2,342,0,BBOX_EXTRAPOLATION,-0.05710534344150882,0.05732387539945011,0.06350165620660882,0.10026642603902934,0.1244597059748429,-0.09081367507939357,previous_frozen_artifact
LOBO_height_band,high_36_40_46,fold,RAW,obs_40mm/rank3,obs_40mm,40.0,40.0,3,277,0,BBOX_EXTRAPOLATION,-0.07343035600605043,0.07343035600605043,0.07503059511021366,0.09825004457722596,0.109607556953328,-0.07343035600605043,previous_frozen_artifact
LOBO_height_band,high_36_40_46,fold,H-B2,obs_40mm/rank3,obs_40mm,40.0,40.0,3,277,0,BBOX_EXTRAPOLATION,0.033175709121443006,0.03322913794175538,0.03660261864411495,0.05879799372510383,0.07031209052787898,-0.07343035600605043,previous_frozen_artifact
LOBO_height_band,high_36_40_46,fold,L-B2,obs_40mm/rank3,obs_40mm,40.0,40.0,3,277,0,BBOX_EXTRAPOLATION,-0.03884674370146216,0.03884674370146216,0.04180700195086418,0.06374137866003764,0.07504426012034315,-0.07343035600605043,previous_frozen_artifact
LOBO_height_band,high_36_40_46,fold,RAW,obs_40mm/rank4,obs_40mm,40.0,40.0,4,296,0,BBOX_EXTRAPOLATION,-0.07426768246980651,0.07426768246980651,0.07635190408725147,0.1065837739308505,0.11601094498306,-0.07426768246980651,previous_frozen_artifact
LOBO_height_band,high_36_40_46,fold,H-B2,obs_40mm/rank4,obs_40mm,40.0,40.0,4,296,0,BBOX_EXTRAPOLATION,0.033458695729142285,0.03380028574477226,0.03786978209368898,0.05950105090605224,0.08173781699414932,-0.07426768246980651,previous_frozen_artifact
LOBO_height_band,high_36_40_46,fold,L-B2,obs_40mm/rank4,obs_40mm,40.0,40.0,4,296,0,BBOX_EXTRAPOLATION,-0.03784613864589637,0.038048653566587015,0.04178609075132976,0.07012625135708461,0.07956130712139498,-0.07426768246980651,previous_frozen_artifact
LOBO_height_band,high_36_40_46,fold,RAW,obs_40mm/rank5,obs_40mm,40.0,40.0,5,314,0,BBOX_EXTRAPOLATION,-0.13744884683507497,0.13744884683507497,0.1385646029841431,0.16974203745438793,0.180959608165473,-0.13744884683507497,previous_frozen_artifact
LOBO_height_band,high_36_40_46,fold,H-B2,obs_40mm/rank5,obs_40mm,40.0,40.0,5,314,0,BBOX_EXTRAPOLATION,-0.028651964468384448,0.028948234293231238,0.03361547419844941,0.06098261503892782,0.07224688652324315,-0.13744884683507497,previous_frozen_artifact
LOBO_height_band,high_36_40_46,fold,L-B2,obs_40mm/rank5,obs_40mm,40.0,40.0,5,314,0,BBOX_EXTRAPOLATION,-0.10036974639201396,0.10036974639201396,0.10189096752588497,0.13253020131147578,0.14390244161526056,-0.13744884683507497,previous_frozen_artifact
LOBO_height_band,high_36_40_46,fold,RAW,obs_46mm/rank1,obs_46mm,46.0,46.0,1,306,0,BBOX_EXTRAPOLATION,-0.1289916855481588,0.1289916855481588,0.13117492242596887,0.16603812350536976,0.182887071361819,-0.1289916855481588,previous_frozen_artifact
LOBO_height_band,high_36_40_46,fold,H-B2,obs_46mm/rank1,obs_46mm,46.0,46.0,1,306,0,BBOX_EXTRAPOLATION,-0.011856587392213305,0.022430528911241216,0.026665708789672664,0.04899181806721989,0.06587588298666468,-0.1289916855481588,previous_frozen_artifact
LOBO_height_band,high_36_40_46,fold,L-B2,obs_46mm/rank1,obs_46mm,46.0,46.0,1,306,0,BBOX_EXTRAPOLATION,-0.0912385156435067,0.0912385156435067,0.09430956513743781,0.12838232872223365,0.14525052496686897,-0.1289916855481588,previous_frozen_artifact
LOBO_height_band,high_36_40_46,fold,RAW,obs_46mm/rank2,obs_46mm,46.0,46.0,2,334,0,BBOX_EXTRAPOLATION,-0.13567246909563102,0.13567246909563102,0.13856282333935369,0.1764217582613864,0.206160746827813,-0.13567246909563102,previous_frozen_artifact
LOBO_height_band,high_36_40_46,fold,H-B2,obs_46mm/rank2,obs_46mm,46.0,46.0,2,334,0,BBOX_EXTRAPOLATION,-0.018256840933854043,0.028406260909812114,0.033586088655165276,0.05984274984218026,0.08882412554472094,-0.13567246909563102,previous_frozen_artifact
LOBO_height_band,high_36_40_46,fold,L-B2,obs_46mm/rank2,obs_46mm,46.0,46.0,2,334,0,BBOX_EXTRAPOLATION,-0.09685830679390235,0.09685830679390235,0.10086483580066208,0.1376049657411982,0.16730650504668176,-0.13567246909563102,previous_frozen_artifact
LOBO_height_band,high_36_40_46,fold,RAW,obs_46mm/rank3,obs_46mm,46.0,46.0,3,305,0,BBOX_EXTRAPOLATION,-0.10401412147723794,0.10401412147723794,0.10658518146670178,0.1437207129847166,0.163243703417706,-0.10401412147723794,previous_frozen_artifact
LOBO_height_band,high_36_40_46,fold,H-B2,obs_46mm/rank3,obs_46mm,46.0,46.0,3,305,0,BBOX_EXTRAPOLATION,0.015247264815780924,0.022169547054213423,0.02784719721671856,0.05560864954807344,0.07186439141830864,-0.10401412147723794,previous_frozen_artifact
LOBO_height_band,high_36_40_46,fold,L-B2,obs_46mm/rank3,obs_46mm,46.0,46.0,3,305,0,BBOX_EXTRAPOLATION,-0.06296821175400825,0.06296821175400825,0.06712992054261019,0.10264576923191414,0.12217808383030615,-0.10401412147723794,previous_frozen_artifact
LOBO_height_band,high_36_40_46,fold,RAW,obs_46mm/rank4,obs_46mm,46.0,46.0,4,208,0,BBOX_EXTRAPOLATION,-0.10594850134081855,0.10594850134081855,0.10737404364524927,0.13328435207245384,0.14320728873809,-0.10594850134081855,previous_frozen_artifact
LOBO_height_band,high_36_40_46,fold,H-B2,obs_46mm/rank4,obs_46mm,46.0,46.0,4,208,0,BBOX_EXTRAPOLATION,0.014339367003419777,0.018234324853092912,0.022634350830870398,0.04347720663463654,0.05069252599254348,-0.10594850134081855,previous_frozen_artifact
LOBO_height_band,high_36_40_46,fold,L-B2,obs_46mm/rank4,obs_46mm,46.0,46.0,4,208,0,BBOX_EXTRAPOLATION,-0.06295709429144429,0.06295709429144429,0.06534936833537291,0.090422849226276,0.10035349998305776,-0.10594850134081855,previous_frozen_artifact
LOBO_height_band,high_36_40_46,fold,RAW,obs_46mm/rank5,obs_46mm,46.0,46.0,5,306,0,BBOX_EXTRAPOLATION,-0.11511910618503841,0.11511910618503841,0.11754301446706147,0.15294461916480123,0.165618892631912,-0.11511910618503841,previous_frozen_artifact
LOBO_height_band,high_36_40_46,fold,H-B2,obs_46mm/rank5,obs_46mm,46.0,46.0,5,306,0,BBOX_EXTRAPOLATION,0.00585022358718599,0.020074064888923958,0.024491913962153396,0.04412731171635325,0.06370729118036153,-0.11511910618503841,previous_frozen_artifact
LOBO_height_band,high_36_40_46,fold,L-B2,obs_46mm/rank5,obs_46mm,46.0,46.0,5,306,0,BBOX_EXTRAPOLATION,-0.07197914158273794,0.07197914158273794,0.07579196094732864,0.10980501781814667,0.12245000598524314,-0.11511910618503841,previous_frozen_artifact
strict_50mm_validation,height_50mm_strict_heldout,fold,RAW,obs_50mm/rank1,obs_50mm,50.0,50.0,1,234,0,BBOX_EXTRAPOLATION,-0.08862172955099155,0.08862172955099155,0.08962307576681289,0.109688992494239,0.116113522009528,-0.08862172955099155,previous_frozen_artifact
strict_50mm_validation,height_50mm_strict_heldout,fold,H-B2,obs_50mm/rank1,obs_50mm,50.0,50.0,1,234,0,BBOX_EXTRAPOLATION,0.04332089481921038,0.04332089481921038,0.04534390989845086,0.06361144668149618,0.07399267501879622,-0.08862172955099155,previous_frozen_artifact
strict_50mm_validation,height_50mm_strict_heldout,fold,L-B2,obs_50mm/rank1,obs_50mm,50.0,50.0,1,0,234,BBOX_EXTRAPOLATION,,,,,,-0.08862172955099155,previous_frozen_artifact
strict_50mm_validation,height_50mm_strict_heldout,fold,RAW,obs_50mm/rank2,obs_50mm,50.0,50.0,2,237,0,BBOX_EXTRAPOLATION,-0.13318927912833858,0.13318927912833858,0.13390908286175446,0.1539048660353942,0.165229380638706,-0.13318927912833858,previous_frozen_artifact
strict_50mm_validation,height_50mm_strict_heldout,fold,H-B2,obs_50mm/rank2,obs_50mm,50.0,50.0,2,237,0,BBOX_EXTRAPOLATION,-0.0008806047062131471,0.011092618155517755,0.0139318281461368,0.027816285390814547,0.04436298188917774,-0.13318927912833858,previous_frozen_artifact
strict_50mm_validation,height_50mm_strict_heldout,fold,L-B2,obs_50mm/rank2,obs_50mm,50.0,50.0,2,0,237,BBOX_EXTRAPOLATION,,,,,,-0.13318927912833858,previous_frozen_artifact
strict_50mm_validation,height_50mm_strict_heldout,fold,RAW,obs_50mm/rank3,obs_50mm,50.0,50.0,3,190,0,BBOX_EXTRAPOLATION,-0.062331704914058074,0.062331704914058074,0.06349589974764083,0.08138640391386963,0.0958391692668599,-0.062331704914058074,previous_frozen_artifact
strict_50mm_validation,height_50mm_strict_heldout,fold,H-B2,obs_50mm/rank3,obs_50mm,50.0,50.0,3,190,0,BBOX_EXTRAPOLATION,0.07155704894328102,0.07155704894328102,0.07257882817785173,0.09097890652204772,0.10226242944450956,-0.062331704914058074,previous_frozen_artifact
strict_50mm_validation,height_50mm_strict_heldout,fold,L-B2,obs_50mm/rank3,obs_50mm,50.0,50.0,3,0,190,BBOX_EXTRAPOLATION,,,,,,-0.062331704914058074,previous_frozen_artifact
strict_50mm_validation,height_50mm_strict_heldout,fold,RAW,obs_50mm/rank4,obs_50mm,50.0,50.0,4,218,0,BBOX_EXTRAPOLATION,-0.11225258916285263,0.11225258916285263,0.11316985426428178,0.13270120175053068,0.139070341408939,-0.11225258916285263,previous_frozen_artifact
strict_50mm_validation,height_50mm_strict_heldout,fold,H-B2,obs_50mm/rank4,obs_50mm,50.0,50.0,4,218,0,BBOX_EXTRAPOLATION,0.023085544635410165,0.02319083508385292,0.027225330924344437,0.04972895072038076,0.06381956504090351,-0.11225258916285263,previous_frozen_artifact
strict_50mm_validation,height_50mm_strict_heldout,fold,L-B2,obs_50mm/rank4,obs_50mm,50.0,50.0,4,0,218,BBOX_EXTRAPOLATION,,,,,,-0.11225258916285263,previous_frozen_artifact
strict_50mm_validation,height_50mm_strict_heldout,fold,RAW,obs_50mm/rank5,obs_50mm,50.0,50.0,5,221,0,BBOX_EXTRAPOLATION,-0.12473249514279297,0.12473249514279297,0.12521316051609083,0.142274268314452,0.158645093472558,-0.12473249514279297,previous_frozen_artifact
strict_50mm_validation,height_50mm_strict_heldout,fold,H-B2,obs_50mm/rank5,obs_50mm,50.0,50.0,5,221,0,BBOX_EXTRAPOLATION,0.011289728628035475,0.013105707212849222,0.0157475808542978,0.029232782708391927,0.03718450013446514,-0.12473249514279297,previous_frozen_artifact
strict_50mm_validation,height_50mm_strict_heldout,fold,L-B2,obs_50mm/rank5,obs_50mm,50.0,50.0,5,0,221,BBOX_EXTRAPOLATION,,,,,,-0.12473249514279297,previous_frozen_artifact
LOHO_height,height_1mm,fold,RAW,obs_1mm/rank1,obs_1mm,1.0,1.001,1,315,0,BBOX_EXTRAPOLATION,0.009230615607567409,0.021171529731329353,0.025753489229382337,0.047988438069523916,0.060278412314520136,0.009230615607567409,strict_dev_only_replay
LOHO_height,height_1mm,fold,H-B2,obs_1mm/rank1,obs_1mm,1.0,1.001,1,315,0,BBOX_EXTRAPOLATION,0.03409373258599765,0.035705678950676625,0.04175285146270651,0.07294153726527668,0.0852581301056833,0.009230615607567409,strict_dev_only_replay
LOHO_height,height_1mm,fold,L-B2,obs_1mm/rank1,obs_1mm,1.0,1.001,1,315,0,BBOX_EXTRAPOLATION,0.009786505633218045,0.021355352578295392,0.025970757318557476,0.04856620432916108,0.060862952385425384,0.009230615607567409,strict_dev_only_replay
LOHO_height,height_1mm,fold,RAW,obs_1mm/rank2,obs_1mm,1.0,1.001,2,196,0,BBOX_EXTRAPOLATION,-0.03935235047589003,0.03935235047589003,0.04173189402295804,0.061502007105155854,0.06920246274268294,-0.03935235047589003,strict_dev_only_replay
LOHO_height,height_1mm,fold,H-B2,obs_1mm/rank2,obs_1mm,1.0,1.001,2,196,0,BBOX_EXTRAPOLATION,-0.013333367772919808,0.015877151570759106,0.019287354948017282,0.03560597082949052,0.04332183388721915,-0.03935235047589003,strict_dev_only_replay
LOHO_height,height_1mm,fold,L-B2,obs_1mm/rank2,obs_1mm,1.0,1.001,2,196,0,BBOX_EXTRAPOLATION,-0.03876506316041303,0.03876506316041303,0.041181457833672205,0.06092941062476642,0.0686344082144239,-0.03935235047589003,strict_dev_only_replay
LOHO_height,height_1mm,fold,RAW,obs_1mm/rank3,obs_1mm,1.0,1.001,3,271,0,BBOX_EXTRAPOLATION,0.013061651144207894,0.019831477914051456,0.02321598303507821,0.03985170114894898,0.05388792729108194,0.013061651144207894,strict_dev_only_replay
LOHO_height,height_1mm,fold,H-B2,obs_1mm/rank3,obs_1mm,1.0,1.001,3,271,0,BBOX_EXTRAPOLATION,0.040083215856807485,0.04033189783832634,0.04446323820326319,0.06693338093998519,0.08100005848231391,0.013061651144207894,strict_dev_only_replay
LOHO_height,height_1mm,fold,L-B2,obs_1mm/rank3,obs_1mm,1.0,1.001,3,271,0,BBOX_EXTRAPOLATION,0.01372365537072079,0.020169046882251365,0.023604638384047808,0.040530890440597656,0.05457604017589324,0.013061651144207894,strict_dev_only_replay
LOHO_height,height_1mm,fold,RAW,obs_1mm/rank4,obs_1mm,1.0,1.001,4,236,0,HULL_EXTRAPOLATION,-0.05515646482318219,0.05515646482318219,0.05789087508727366,0.08637331183688643,0.10106028325635308,-0.05515646482318219,strict_dev_only_replay
LOHO_height,height_1mm,fold,H-B2,obs_1mm/rank4,obs_1mm,1.0,1.001,4,236,0,HULL_EXTRAPOLATION,-0.02700397901691587,0.028217050509869494,0.032252870088441195,0.0583339699676003,0.07305436996490554,-0.05515646482318219,strict_dev_only_replay
LOHO_height,height_1mm,fold,L-B2,obs_1mm/rank4,obs_1mm,1.0,1.001,4,236,0,HULL_EXTRAPOLATION,-0.05449580925125391,0.05449580925125391,0.05726548620790535,0.08573434705362226,0.10043131869700028,-0.05515646482318219,strict_dev_only_replay
LOHO_height,height_1mm,fold,RAW,obs_1mm/rank5,obs_1mm,1.0,1.001,5,196,0,HULL_EXTRAPOLATION,-0.034866379324740085,0.03525757241179544,0.03847007906161787,0.06201005232033935,0.06997493580857583,-0.034866379324740085,strict_dev_only_replay
LOHO_height,height_1mm,fold,H-B2,obs_1mm/rank5,obs_1mm,1.0,1.001,5,196,0,HULL_EXTRAPOLATION,-0.005521227087828593,0.01403135969705053,0.017210176132387466,0.03329929989161871,0.043951895782846,-0.034866379324740085,strict_dev_only_replay
LOHO_height,height_1mm,fold,L-B2,obs_1mm/rank5,obs_1mm,1.0,1.001,5,196,0,HULL_EXTRAPOLATION,-0.0341569379162493,0.034600718242939865,0.03783290754033105,0.061319227555398204,0.06929019418600513,-0.034866379324740085,strict_dev_only_replay
LOHO_height,height_1mm,fold,L0-B2,obs_1mm/rank1,obs_1mm,1.0,1.001,1,315,0,BBOX_EXTRAPOLATION,0.01209732919824689,0.022268826167241233,0.02697678391658894,0.05096693291949164,0.06329247723886766,0.009230615607567409,anchored_l0_replay
LOHO_height,height_1mm,fold,L0-B2,obs_1mm/rank2,obs_1mm,1.0,1.001,2,196,0,BBOX_EXTRAPOLATION,-0.03657289443971046,0.03657289443971046,0.0391362961826147,0.0587885444429086,0.06651125598514973,-0.03935235047589003,anchored_l0_replay
LOHO_height,height_1mm,fold,L0-B2,obs_1mm/rank3,obs_1mm,1.0,1.001,3,271,0,BBOX_EXTRAPOLATION,0.01600752423377818,0.02141872452613735,0.025034863149227145,0.042875199790050056,0.05695208557356435,0.013061651144207894,anchored_l0_replay
LOHO_height,height_1mm,fold,L0-B2,obs_1mm/rank4,obs_1mm,1.0,1.001,4,236,0,HULL_EXTRAPOLATION,-0.05240625590403862,0.05240625590403862,0.05529308485689045,0.08371344565228112,0.0984429966411845,-0.05515646482318219,anchored_l0_replay
LOHO_height,height_1mm,fold,L0-B2,obs_1mm/rank5,obs_1mm,1.0,1.001,5,196,0,HULL_EXTRAPOLATION,-0.03201957613843364,0.03265658372072921,0.0359301691175148,0.059239650648169107,0.06722905591521755,-0.034866379324740085,anchored_l0_replay
LOHO_height,height_2mm,fold,RAW,obs_2mm/rank1,obs_2mm,2.0,2.0,1,234,0,IN_DOMAIN,0.00500379681894667,0.014461278854190521,0.017929868929216174,0.03493338641611173,0.05267793234694862,0.00500379681894667,strict_dev_only_replay
LOHO_height,height_2mm,fold,H-B2,obs_2mm/rank1,obs_2mm,2.0,2.0,1,234,0,IN_DOMAIN,0.030453968512158702,0.030922551125415598,0.03500031107151572,0.056774195113655876,0.07822078649080477,0.00500379681894667,strict_dev_only_replay
LOHO_height,height_2mm,fold,L-B2,obs_2mm/rank1,obs_2mm,2.0,2.0,1,234,0,IN_DOMAIN,0.006103819639954051,0.014694037562057111,0.018275624544166497,0.03512966340526233,0.05380224161250169,0.00500379681894667,strict_dev_only_replay
LOHO_height,height_2mm,fold,RAW,obs_2mm/rank2,obs_2mm,2.0,2.0,2,211,0,IN_DOMAIN,-0.03294958189728135,0.03390825601549726,0.038947825729733106,0.06625565288622848,0.08041908029992251,-0.03294958189728135,strict_dev_only_replay
LOHO_height,height_2mm,fold,H-B2,obs_2mm/rank2,obs_2mm,2.0,2.0,2,211,0,IN_DOMAIN,-0.006573671109878477,0.017741015675116496,0.02184358114181143,0.04083307741576476,0.05423044755477327,-0.03294958189728135,strict_dev_only_replay
LOHO_height,height_2mm,fold,L-B2,obs_2mm/rank2,obs_2mm,2.0,2.0,2,211,0,IN_DOMAIN,-0.03178552830728505,0.03291330467792377,0.037975324341926055,0.06511314930918743,0.07928725523311186,-0.03294958189728135,strict_dev_only_replay
LOHO_height,height_2mm,fold,RAW,obs_2mm/rank3,obs_2mm,2.0,2.0,3,186,0,IN_DOMAIN,-0.05770591264596331,0.05770591264596331,0.059306725998738846,0.07975177504671904,0.09014297963030926,-0.05770591264596331,strict_dev_only_replay
LOHO_height,height_2mm,fold,H-B2,obs_2mm/rank3,obs_2mm,2.0,2.0,3,186,0,IN_DOMAIN,-0.02967655725287866,0.02971826060885875,0.03269314111931865,0.05173391208614724,0.06219012573082708,-0.05770591264596331,strict_dev_only_replay
LOHO_height,height_2mm,fold,L-B2,obs_2mm/rank3,obs_2mm,2.0,2.0,3,186,0,IN_DOMAIN,-0.05642879033355797,0.05642879033355797,0.058066924704088606,0.07848758423127755,0.0888870119660865,-0.05770591264596331,strict_dev_only_replay
LOHO_height,height_2mm,fold,RAW,obs_2mm/rank4,obs_2mm,2.0,2.0,4,200,0,IN_DOMAIN,-0.021529609421860732,0.02340739789139967,0.027419271381905388,0.05061543487620107,0.06739260526775626,-0.021529609421860732,strict_dev_only_replay
LOHO_height,height_2mm,fold,H-B2,obs_2mm/rank4,obs_2mm,2.0,2.0,4,200,0,IN_DOMAIN,0.007881003663073989,0.014766535595899475,0.018754085229512704,0.0380950103895103,0.05268338863121254,-0.021529609421860732,strict_dev_only_replay
LOHO_height,height_2mm,fold,L-B2,obs_2mm/rank4,obs_2mm,2.0,2.0,4,200,0,IN_DOMAIN,-0.020119447660250245,0.022340984131707417,0.026334234582478015,0.049223137364325695,0.06601487120490646,-0.021529609421860732,strict_dev_only_replay
LOHO_height,height_2mm,fold,L0-B2,obs_2mm/rank1,obs_2mm,2.0,2.0,1,234,0,IN_DOMAIN,0.010748398506528216,0.016239350055256535,0.020338799627296532,0.0370779090203051,0.05855873453976779,0.00500379681894667,anchored_l0_replay
LOHO_height,height_2mm,fold,L0-B2,obs_2mm/rank2,obs_2mm,2.0,2.0,2,211,0,IN_DOMAIN,-0.027280731203691184,0.029120701494902052,0.034322406295706126,0.06068486273639917,0.07489106113696886,-0.03294958189728135,anchored_l0_replay
LOHO_height,height_2mm,fold,L0-B2,obs_2mm/rank3,obs_2mm,2.0,2.0,3,186,0,IN_DOMAIN,-0.05208063106214395,0.05208063106214395,0.05385901761849564,0.07419047205913759,0.0846115886288592,-0.05770591264596331,anchored_l0_replay
LOHO_height,height_2mm,fold,L0-B2,obs_2mm/rank4,obs_2mm,2.0,2.0,4,200,0,IN_DOMAIN,-0.01577913561699551,0.019284131406849078,0.023215197043113665,0.04494992903346136,0.06177483849052323,-0.021529609421860732,anchored_l0_replay
LOHO_height,height_6mm,fold,RAW,obs_6mm/rank1,obs_6mm,6.0,6.0,1,225,0,IN_DOMAIN,-0.006078101142415694,0.01585276067782947,0.01899097989290688,0.033612916154612905,0.04850226265348834,-0.006078101142415694,strict_dev_only_replay
LOHO_height,height_6mm,fold,H-B2,obs_6mm/rank1,obs_6mm,6.0,6.0,1,225,0,IN_DOMAIN,0.032484925806659654,0.03269867537792381,0.03715554955603692,0.06190786098842193,0.0720261819124566,-0.006078101142415694,strict_dev_only_replay
LOHO_height,height_6mm,fold,L-B2,obs_6mm/rank1,obs_6mm,6.0,6.0,1,225,0,IN_DOMAIN,-0.0026185949078373167,0.015205931064159144,0.018194383527509673,0.03280415222668296,0.04506882363673981,-0.006078101142415694,strict_dev_only_replay
LOHO_height,height_6mm,fold,RAW,obs_6mm/rank2,obs_6mm,6.0,6.0,2,222,0,IN_DOMAIN,-0.0349248221842145,0.0349248221842145,0.037286410143432376,0.056201679576262764,0.07042444405154846,-0.0349248221842145,strict_dev_only_replay
LOHO_height,height_6mm,fold,H-B2,obs_6mm/rank2,obs_6mm,6.0,6.0,2,222,0,IN_DOMAIN,0.004888008222069262,0.011661606934585247,0.01396629567725678,0.025963559023265994,0.030831755048515423,-0.0349248221842145,strict_dev_only_replay
LOHO_height,height_6mm,fold,L-B2,obs_6mm/rank2,obs_6mm,6.0,6.0,2,222,0,IN_DOMAIN,-0.0312510213649579,0.0312510213649579,0.033872631370685725,0.05255315862671175,0.06678559564281983,-0.0349248221842145,strict_dev_only_replay
LOHO_height,height_6mm,fold,RAW,obs_6mm/rank3,obs_6mm,6.0,6.0,3,233,0,IN_DOMAIN,-0.009798453286474884,0.016693674063236772,0.02105272907214719,0.04150267851968241,0.06062522966366224,-0.009798453286474884,strict_dev_only_replay
LOHO_height,height_6mm,fold,H-B2,obs_6mm/rank3,obs_6mm,6.0,6.0,3,233,0,IN_DOMAIN,0.030802120908106655,0.03204297337651929,0.0360119082879523,0.060403665591217605,0.07126758141982643,-0.009798453286474884,strict_dev_only_replay
LOHO_height,height_6mm,fold,L-B2,obs_6mm/rank3,obs_6mm,6.0,6.0,3,233,0,IN_DOMAIN,-0.005889820052225749,0.015292523801466713,0.0195514515526555,0.03761093620995552,0.05674392992250432,-0.009798453286474884,strict_dev_only_replay
LOHO_height,height_6mm,fold,RAW,obs_6mm/rank4,obs_6mm,6.0,6.0,4,247,0,IN_DOMAIN,0.004902534352473064,0.017979321042834187,0.02287110448047458,0.04698055496857405,0.05679207414039933,0.004902534352473064,strict_dev_only_replay
LOHO_height,height_6mm,fold,H-B2,obs_6mm/rank4,obs_6mm,6.0,6.0,4,247,0,IN_DOMAIN,0.0471450930567327,0.0476412525327101,0.052200623826003247,0.08201947595778769,0.09555119583064016,0.004902534352473064,strict_dev_only_replay
LOHO_height,height_6mm,fold,L-B2,obs_6mm/rank4,obs_6mm,6.0,6.0,4,247,0,IN_DOMAIN,0.009189670033422238,0.019147830969384577,0.024175666142778475,0.0486509471202794,0.05750608594897244,0.004902534352473064,strict_dev_only_replay
LOHO_height,height_6mm,fold,RAW,obs_6mm/rank5,obs_6mm,6.0,6.0,5,238,0,BBOX_EXTRAPOLATION,-0.0643467836732709,0.0643467836732709,0.06755683349727253,0.10121109904372301,0.11717364850478962,-0.0643467836732709,strict_dev_only_replay
LOHO_height,height_6mm,fold,H-B2,obs_6mm/rank5,obs_6mm,6.0,6.0,5,238,0,BBOX_EXTRAPOLATION,-0.021579846501053723,0.023778835227183694,0.029851127331726745,0.05853638178275392,0.07452299957689473,-0.0643467836732709,strict_dev_only_replay
LOHO_height,height_6mm,fold,L-B2,obs_6mm/rank5,obs_6mm,6.0,6.0,5,238,0,BBOX_EXTRAPOLATION,-0.06001770993173545,0.06001770993173545,0.0634524607191375,0.09691284389390374,0.11288450661915306,-0.0643467836732709,strict_dev_only_replay
LOHO_height,height_6mm,fold,L0-B2,obs_6mm/rank1,obs_6mm,6.0,6.0,1,225,0,IN_DOMAIN,0.01120787086648231,0.017238242966031023,0.02124271625281455,0.04064464197783817,0.050764716729629455,-0.006078101142415694,anchored_l0_replay
LOHO_height,height_6mm,fold,L0-B2,obs_6mm/rank2,obs_6mm,6.0,6.0,2,222,0,IN_DOMAIN,-0.017663760917879422,0.018278384040222462,0.021989264663093745,0.03900398149734556,0.053268040452580045,-0.0349248221842145,anchored_l0_replay
LOHO_height,height_6mm,fold,L0-B2,obs_6mm/rank3,obs_6mm,6.0,6.0,3,233,0,IN_DOMAIN,0.0075539052843055865,0.016032655975048406,0.020156685579464276,0.04113235493709888,0.04807822520870797,-0.009798453286474884,anchored_l0_replay
LOHO_height,height_6mm,fold,L0-B2,obs_6mm/rank4,obs_6mm,6.0,6.0,4,247,0,IN_DOMAIN,0.02233745651746137,0.02655871982817022,0.031637671453703234,0.05720829006551796,0.07075337834116358,0.004902534352473064,anchored_l0_replay
LOHO_height,height_6mm,fold,L0-B2,obs_6mm/rank5,obs_6mm,6.0,6.0,5,238,0,BBOX_EXTRAPOLATION,-0.04709526747637801,0.04709526747637801,0.05141747590391319,0.08406081192285841,0.10007231649834747,-0.0643467836732709,anchored_l0_replay
LOHO_height,height_10mm,fold,RAW,obs_10mm/rank1,obs_10mm,10.0,10.0,1,269,0,IN_DOMAIN,-0.03187672891982561,0.03404319433594545,0.04045669615456153,0.07269710242081047,0.08442837996098262,-0.03187672891982561,strict_dev_only_replay
LOHO_height,height_10mm,fold,H-B2,obs_10mm/rank1,obs_10mm,10.0,10.0,1,269,0,IN_DOMAIN,0.010908295896601446,0.022354949589754886,0.02724704960425784,0.0519059177400632,0.07189917198384829,-0.03187672891982561,strict_dev_only_replay
LOHO_height,height_10mm,fold,L-B2,obs_10mm/rank1,obs_10mm,10.0,10.0,1,269,0,IN_DOMAIN,-0.026143629088632686,0.029652083728212944,0.03612257665012963,0.06698648612701419,0.07872180032853038,-0.03187672891982561,strict_dev_only_replay
LOHO_height,height_10mm,fold,RAW,obs_10mm/rank2,obs_10mm,10.0,10.0,2,202,0,IN_DOMAIN,-0.047125042464608045,0.0473048061875669,0.051513183618879285,0.07667952034016991,0.08353107991748132,-0.047125042464608045,strict_dev_only_replay
LOHO_height,height_10mm,fold,H-B2,obs_10mm/rank2,obs_10mm,10.0,10.0,2,202,0,IN_DOMAIN,-0.002937974114430066,0.01775092631157451,0.021040705932707092,0.03823060782766323,0.0527370381973498,-0.047125042464608045,strict_dev_only_replay
LOHO_height,height_10mm,fold,L-B2,obs_10mm/rank2,obs_10mm,10.0,10.0,2,202,0,IN_DOMAIN,-0.041065931053898254,0.0415847431674154,0.04603883626705526,0.07062042651078926,0.07750130472658157,-0.047125042464608045,strict_dev_only_replay
LOHO_height,height_10mm,fold,RAW,obs_10mm/rank3,obs_10mm,10.0,10.0,3,166,0,IN_DOMAIN,-0.02868136671290481,0.02929041425211518,0.03351021930376487,0.05892282408760874,0.06695363203815141,-0.02868136671290481,strict_dev_only_replay
LOHO_height,height_10mm,fold,H-B2,obs_10mm/rank3,obs_10mm,10.0,10.0,3,166,0,IN_DOMAIN,0.017115453195071184,0.020277837657567802,0.024379659285195875,0.04383518292415864,0.06260247307104302,-0.02868136671290481,strict_dev_only_replay
LOHO_height,height_10mm,fold,L-B2,obs_10mm/rank3,obs_10mm,10.0,10.0,3,166,0,IN_DOMAIN,-0.021900152570098332,0.02344751661364393,0.027933412061065165,0.052144083389663365,0.06018011322206007,-0.02868136671290481,strict_dev_only_replay
LOHO_height,height_10mm,fold,RAW,obs_10mm/rank4,obs_10mm,10.0,10.0,4,226,0,IN_DOMAIN,-0.04794004197335275,0.04794004197335275,0.051514985998876155,0.07856631531604918,0.08599390923511052,-0.04794004197335275,strict_dev_only_replay
LOHO_height,height_10mm,fold,H-B2,obs_10mm/rank4,obs_10mm,10.0,10.0,4,226,0,IN_DOMAIN,-0.0012381728805388795,0.01527006806684714,0.01894813364324643,0.03671945272849408,0.045705327644726575,-0.04794004197335275,strict_dev_only_replay
LOHO_height,height_10mm,fold,L-B2,obs_10mm/rank4,obs_10mm,10.0,10.0,4,226,0,IN_DOMAIN,-0.0408349083315155,0.040962830485456334,0.04498518396562076,0.07148420686822554,0.07892796045549488,-0.04794004197335275,strict_dev_only_replay
LOHO_height,height_10mm,fold,RAW,obs_10mm/rank5,obs_10mm,10.0,10.0,5,180,0,IN_DOMAIN,-0.0839443228993728,0.0839443228993728,0.0856106119477883,0.11128386347453895,0.12433486639017843,-0.0839443228993728,strict_dev_only_replay
LOHO_height,height_10mm,fold,H-B2,obs_10mm/rank5,obs_10mm,10.0,10.0,5,180,0,IN_DOMAIN,-0.03668358368376467,0.03672030150908822,0.040366940251140765,0.06409254076770154,0.07715771421642956,-0.0839443228993728,strict_dev_only_replay
LOHO_height,height_10mm,fold,L-B2,obs_10mm/rank5,obs_10mm,10.0,10.0,5,180,0,IN_DOMAIN,-0.076767143850112,0.076767143850112,0.0785884381782869,0.10413101102429037,0.11718383246486042,-0.0839443228993728,strict_dev_only_replay
LOHO_height,height_10mm,fold,L0-B2,obs_10mm/rank1,obs_10mm,10.0,10.0,1,269,0,IN_DOMAIN,-0.0033407221080253074,0.02080300755245766,0.02520616395932981,0.04945350036184734,0.05771069676436724,-0.03187672891982561,anchored_l0_replay
LOHO_height,height_10mm,fold,L0-B2,obs_10mm/rank2,obs_10mm,10.0,10.0,2,202,0,IN_DOMAIN,-0.01857992440158099,0.024188175276080696,0.027937746375170325,0.04821739845288206,0.05509102906872165,-0.047125042464608045,anchored_l0_replay
LOHO_height,height_10mm,fold,L0-B2,obs_10mm/rank3,obs_10mm,10.0,10.0,3,166,0,IN_DOMAIN,-4.352980449399149e-05,0.014019183016415315,0.017379293259209345,0.03289056845899907,0.04545823482412281,-0.02868136671290481,anchored_l0_replay
LOHO_height,height_10mm,fold,L0-B2,obs_10mm/rank4,obs_10mm,10.0,10.0,4,226,0,IN_DOMAIN,-0.019327748005804217,0.022101095948097553,0.027039880102957718,0.05004196845144593,0.05749099466661001,-0.04794004197335275,anchored_l0_replay
LOHO_height,height_10mm,fold,L0-B2,obs_10mm/rank5,obs_10mm,10.0,10.0,5,180,0,IN_DOMAIN,-0.05540967879330237,0.05540967879330237,0.05791692724034916,0.08282487244682615,0.09591743926494622,-0.0839443228993728,anchored_l0_replay
LOHO_height,height_20mm,fold,RAW,obs_20mm/rank1,obs_20mm,20.0,20.0,1,250,0,IN_DOMAIN,-0.04917071492830772,0.04917071492830772,0.05060293123057805,0.0707999008458783,0.08191337895215511,-0.04917071492830772,strict_dev_only_replay
LOHO_height,height_20mm,fold,H-B2,obs_20mm/rank1,obs_20mm,20.0,20.0,1,250,0,IN_DOMAIN,0.013815442458237298,0.015868058269148503,0.01828913348189362,0.031064201268550973,0.03970041149826914,-0.04917071492830772,strict_dev_only_replay
LOHO_height,height_20mm,fold,L-B2,obs_20mm/rank1,obs_20mm,20.0,20.0,1,250,0,IN_DOMAIN,-0.03439446046512364,0.03439446046512364,0.0364179133896431,0.0560542929404292,0.06720401468439263,-0.04917071492830772,strict_dev_only_replay
LOHO_height,height_20mm,fold,RAW,obs_20mm/rank2,obs_20mm,20.0,20.0,2,269,0,IN_DOMAIN,-0.08027046773112485,0.08027046773112485,0.08266804163365475,0.11083739362907892,0.12086805131320588,-0.08027046773112485,strict_dev_only_replay
LOHO_height,height_20mm,fold,H-B2,obs_20mm/rank2,obs_20mm,20.0,20.0,2,269,0,IN_DOMAIN,-0.01587054326968757,0.0217589474149318,0.025411406150150893,0.04655943812764346,0.056585359309474434,-0.08027046773112485,strict_dev_only_replay
LOHO_height,height_20mm,fold,L-B2,obs_20mm/rank2,obs_20mm,20.0,20.0,2,269,0,IN_DOMAIN,-0.06489718620533477,0.06489718620533477,0.06785155308227778,0.09552188320575539,0.10554342320335763,-0.08027046773112485,strict_dev_only_replay
LOHO_height,height_20mm,fold,RAW,obs_20mm/rank3,obs_20mm,20.0,20.0,3,244,0,IN_DOMAIN,-0.07494821377394428,0.07494821377394428,0.07913284786584963,0.12376677247776938,0.14942505948785012,-0.07494821377394428,strict_dev_only_replay
LOHO_height,height_20mm,fold,H-B2,obs_20mm/rank3,obs_20mm,20.0,20.0,3,244,0,IN_DOMAIN,-0.009036457000338753,0.020847773860900004,0.02703329680706897,0.05798746964243057,0.0837434855511378,-0.07494821377394428,strict_dev_only_replay
LOHO_height,height_20mm,fold,L-B2,obs_20mm/rank3,obs_20mm,20.0,20.0,3,244,0,IN_DOMAIN,-0.058099829111606965,0.058099829111606965,0.06342287517616486,0.10697607955045461,0.13268340309753057,-0.07494821377394428,strict_dev_only_replay
LOHO_height,height_20mm,fold,RAW,obs_20mm/rank4,obs_20mm,20.0,20.0,4,203,0,IN_DOMAIN,-0.1049702552805971,0.1049702552805971,0.10568937062764656,0.12302911562101748,0.13078303980694272,-0.1049702552805971,strict_dev_only_replay
LOHO_height,height_20mm,fold,H-B2,obs_20mm/rank4,obs_20mm,20.0,20.0,4,203,0,IN_DOMAIN,-0.038164822335601256,0.038164822335601256,0.040103878921605836,0.05629535758529339,0.06398359883478866,-0.1049702552805971,strict_dev_only_replay
LOHO_height,height_20mm,fold,L-B2,obs_20mm/rank4,obs_20mm,20.0,20.0,4,203,0,IN_DOMAIN,-0.08750283330537716,0.08750283330537716,0.08836418865309546,0.10559973106752878,0.113303017508386,-0.1049702552805971,strict_dev_only_replay
LOHO_height,height_20mm,fold,RAW,obs_20mm/rank5,obs_20mm,20.0,20.0,5,236,0,IN_DOMAIN,-0.13118128734168816,0.13118128734168816,0.13344156276969402,0.17156219664070615,0.17916771482873983,-0.13118128734168816,strict_dev_only_replay
LOHO_height,height_20mm,fold,H-B2,obs_20mm/rank5,obs_20mm,20.0,20.0,5,236,0,IN_DOMAIN,-0.06380834431989069,0.06380834431989069,0.0683543359724377,0.10428799637401848,0.11189501837200082,-0.13118128734168816,strict_dev_only_replay
LOHO_height,height_20mm,fold,L-B2,obs_20mm/rank5,obs_20mm,20.0,20.0,5,236,0,IN_DOMAIN,-0.11371275971171599,0.11371275971171599,0.11631774360296568,0.1541412450212949,0.16173385384943373,-0.13118128734168816,strict_dev_only_replay
LOHO_height,height_20mm,fold,L0-B2,obs_20mm/rank1,obs_20mm,20.0,20.0,1,250,0,IN_DOMAIN,0.006608410733275079,0.011525651924868029,0.013688237540420596,0.024495573293734366,0.03251843873742999,-0.04917071492830772,anchored_l0_replay
LOHO_height,height_20mm,fold,L0-B2,obs_20mm/rank2,obs_20mm,20.0,20.0,2,269,0,IN_DOMAIN,-0.024538485663390522,0.027396475755328567,0.031544503725846385,0.05519360296800215,0.06525096422276988,-0.08027046773112485,anchored_l0_replay
LOHO_height,height_20mm,fold,L0-B2,obs_20mm/rank3,obs_20mm,20.0,20.0,3,244,0,IN_DOMAIN,-0.019120140776954783,0.023859253671574963,0.03184377115351862,0.0680763601531799,0.09380805400495973,-0.07494821377394428,anchored_l0_replay
LOHO_height,height_20mm,fold,L0-B2,obs_20mm/rank4,obs_20mm,20.0,20.0,4,203,0,IN_DOMAIN,-0.04918434898710122,0.04918434898710122,0.050709292733455126,0.06729440808023597,0.07506868909191056,-0.1049702552805971,anchored_l0_replay
LOHO_height,height_20mm,fold,L0-B2,obs_20mm/rank5,obs_20mm,20.0,20.0,5,236,0,IN_DOMAIN,-0.07544607020850767,0.07544607020850767,0.07933204769312183,0.11593787216246465,0.12356813638392694,-0.13118128734168816,anchored_l0_replay
LOHO_height,height_30mm,fold,RAW,obs_30mm/rank1,obs_30mm,30.0,30.0,1,261,0,IN_DOMAIN,-0.09685571900937462,0.09685571900937462,0.09743122163467086,0.114382588770408,0.123459746275952,-0.09685571900937462,strict_dev_only_replay
LOHO_height,height_30mm,fold,H-B2,obs_30mm/rank1,obs_30mm,30.0,30.0,1,261,0,IN_DOMAIN,-0.012741177167624915,0.01361594355890659,0.01657291550763967,0.030305690252845602,0.039408972770723236,-0.09685571900937462,strict_dev_only_replay
LOHO_height,height_30mm,fold,L-B2,obs_30mm/rank1,obs_30mm,30.0,30.0,1,261,0,IN_DOMAIN,-0.07844569916465224,0.07844569916465224,0.07915665358510975,0.09598328539536283,0.10508561799369431,-0.09685571900937462,strict_dev_only_replay
LOHO_height,height_30mm,fold,RAW,obs_30mm/rank2,obs_30mm,30.0,30.0,2,264,0,IN_DOMAIN,-0.12331873611946821,0.12331873611946821,0.12417690373002188,0.1455226625753568,0.159992728877402,-0.12331873611946821,strict_dev_only_replay
LOHO_height,height_30mm,fold,H-B2,obs_30mm/rank2,obs_30mm,30.0,30.0,2,264,0,IN_DOMAIN,-0.037956175440495274,0.037956175440495274,0.04067395227335719,0.06023955354888331,0.07463080561154942,-0.12331873611946821,strict_dev_only_replay
LOHO_height,height_30mm,fold,L-B2,obs_30mm/rank2,obs_30mm,30.0,30.0,2,264,0,IN_DOMAIN,-0.10384773281709091,0.10384773281709091,0.10486853108474474,0.12609683033182292,0.1404742503778067,-0.12331873611946821,strict_dev_only_replay
LOHO_height,height_30mm,fold,RAW,obs_30mm/rank3,obs_30mm,30.0,30.0,3,248,0,IN_DOMAIN,-0.08428851073073206,0.08428851073073206,0.08486039025624062,0.10027155144681245,0.104399276425475,-0.08428851073073206,strict_dev_only_replay
LOHO_height,height_30mm,fold,H-B2,obs_30mm/rank3,obs_30mm,30.0,30.0,3,248,0,IN_DOMAIN,0.0026595966802797815,0.008222505707413057,0.010207912191338646,0.019106733503815067,0.03010883309670146,-0.08428851073073206,strict_dev_only_replay
LOHO_height,height_30mm,fold,L-B2,obs_30mm/rank3,obs_30mm,30.0,30.0,3,248,0,IN_DOMAIN,-0.06283946648650264,0.06283946648650264,0.06360549278383339,0.07885345162448408,0.0830281355476501,-0.08428851073073206,strict_dev_only_replay
LOHO_height,height_30mm,fold,RAW,obs_30mm/rank4,obs_30mm,30.0,30.0,4,284,0,IN_DOMAIN,-0.08511425436863532,0.08511425436863532,0.08708207481214923,0.11285997054104381,0.12670382967152,-0.08511425436863532,strict_dev_only_replay
LOHO_height,height_30mm,fold,H-B2,obs_30mm/rank4,obs_30mm,30.0,30.0,4,284,0,IN_DOMAIN,0.0026393032836248896,0.015128854390264818,0.01863552242385307,0.034033223949293194,0.05883970439867878,-0.08511425436863532,strict_dev_only_replay
LOHO_height,height_30mm,fold,L-B2,obs_30mm/rank4,obs_30mm,30.0,30.0,4,284,0,IN_DOMAIN,-0.06284930057542161,0.06284930057542161,0.06549377766652228,0.0905848652545302,0.10443581961724391,-0.08511425436863532,strict_dev_only_replay
LOHO_height,height_30mm,fold,RAW,obs_30mm/rank5,obs_30mm,30.0,30.0,5,290,0,HULL_EXTRAPOLATION,-0.16927470859732058,0.16927470859732058,0.17001806421022617,0.19508443817183355,0.207368114657591,-0.16927470859732058,strict_dev_only_replay
LOHO_height,height_30mm,fold,H-B2,obs_30mm/rank5,obs_30mm,30.0,30.0,5,290,0,HULL_EXTRAPOLATION,-0.0810736650686106,0.0810736650686106,0.08262006311940609,0.10693918088212077,0.11922217147395665,-0.16927470859732058,strict_dev_only_replay
LOHO_height,height_30mm,fold,L-B2,obs_30mm/rank5,obs_30mm,30.0,30.0,5,290,0,HULL_EXTRAPOLATION,-0.1465727795055956,0.1465727795055956,0.14743092104331218,0.17240524795887036,0.18464073012429338,-0.16927470859732058,strict_dev_only_replay
LOHO_height,height_30mm,fold,L0-B2,obs_30mm/rank1,obs_30mm,30.0,30.0,1,261,0,IN_DOMAIN,-0.014248102009139235,0.014858300986930298,0.01776076995545023,0.03182408207126386,0.04092667077225798,-0.09685571900937462,anchored_l0_replay
LOHO_height,height_30mm,fold,L0-B2,obs_30mm/rank2,obs_30mm,30.0,30.0,2,264,0,IN_DOMAIN,-0.0407488989367627,0.0407488989367627,0.04329053432349676,0.06301648823795958,0.0775188730483336,-0.12331873611946821,anchored_l0_replay
LOHO_height,height_30mm,fold,L0-B2,obs_30mm/rank3,obs_30mm,30.0,30.0,3,248,0,IN_DOMAIN,-0.001499289406041672,0.008096561357435335,0.009975774197685387,0.019588060515964754,0.026036166889451096,-0.08428851073073206,anchored_l0_replay
LOHO_height,height_30mm,fold,L0-B2,obs_30mm/rank4,obs_30mm,30.0,30.0,4,284,0,IN_DOMAIN,-0.0022677037264180184,0.01507638083226102,0.018597711754107384,0.03392657639487648,0.05392657187870853,-0.08511425436863532,anchored_l0_replay
LOHO_height,height_30mm,fold,L0-B2,obs_30mm/rank5,obs_30mm,30.0,30.0,5,290,0,HULL_EXTRAPOLATION,-0.08664569027658676,0.08664569027658676,0.08809729810633606,0.11252613919111241,0.12485401784001127,-0.16927470859732058,anchored_l0_replay
LOHO_height,height_36mm,fold,RAW,obs_36mm/rank1,obs_36mm,36.0,36.0,1,252,0,IN_DOMAIN,-0.07394823639818404,0.07394823639818404,0.07553346570580192,0.09986225531843794,0.111668025340414,-0.07394823639818404,strict_dev_only_replay
LOHO_height,height_36mm,fold,H-B2,obs_36mm/rank1,obs_36mm,36.0,36.0,1,252,0,IN_DOMAIN,0.02670242266723152,0.02718693491817841,0.03084348156270738,0.05112082202692235,0.055430348657341505,-0.07394823639818404,strict_dev_only_replay
LOHO_height,height_36mm,fold,L-B2,obs_36mm/rank1,obs_36mm,36.0,36.0,1,252,0,IN_DOMAIN,-0.04520055332143049,0.04520055332143049,0.04776447089713479,0.07120109262953278,0.08301561027226967,-0.07394823639818404,strict_dev_only_replay
LOHO_height,height_36mm,fold,RAW,obs_36mm/rank2,obs_36mm,36.0,36.0,2,285,0,IN_DOMAIN,-0.12057595430857165,0.12057595430857165,0.12193154535924762,0.1513699643959784,0.171236698933669,-0.12057595430857165,strict_dev_only_replay
LOHO_height,height_36mm,fold,H-B2,obs_36mm/rank2,obs_36mm,36.0,36.0,2,285,0,IN_DOMAIN,-0.019224273219300033,0.02154003429095853,0.026472151238911137,0.050175028558738746,0.07006808559885966,-0.12057595430857165,strict_dev_only_replay
LOHO_height,height_36mm,fold,L-B2,obs_36mm/rank2,obs_36mm,36.0,36.0,2,285,0,IN_DOMAIN,-0.091691362611877,0.091691362611877,0.09347611371935645,0.1226158289077219,0.1424781799856163,-0.12057595430857165,strict_dev_only_replay
LOHO_height,height_36mm,fold,RAW,obs_36mm/rank3,obs_36mm,36.0,36.0,3,286,0,IN_DOMAIN,-0.05989100022381755,0.05989100022381755,0.062397870764587665,0.08948605434449415,0.111831404263555,-0.05989100022381755,strict_dev_only_replay
LOHO_height,height_36mm,fold,H-B2,obs_36mm/rank3,obs_36mm,36.0,36.0,3,286,0,IN_DOMAIN,0.042940564330920646,0.04304918576503204,0.046394822811860324,0.06856867340197215,0.07863251999251282,-0.05989100022381755,strict_dev_only_replay
LOHO_height,height_36mm,fold,L-B2,obs_36mm/rank3,obs_36mm,36.0,36.0,3,286,0,IN_DOMAIN,-0.02899428766770367,0.029105728349298823,0.03389056889853111,0.05863070801184378,0.0810414930970893,-0.05989100022381755,strict_dev_only_replay
LOHO_height,height_36mm,fold,RAW,obs_36mm/rank4,obs_36mm,36.0,36.0,4,321,0,IN_DOMAIN,-0.11896859712659688,0.11896859712659688,0.11954402263544103,0.141097245736098,0.150866943243585,-0.11896859712659688,strict_dev_only_replay
LOHO_height,height_36mm,fold,H-B2,obs_36mm/rank4,obs_36mm,36.0,36.0,4,321,0,IN_DOMAIN,-0.01509218621424287,0.01598055009596476,0.01913389412915583,0.03733093279831298,0.04712767565680476,-0.11896859712659688,strict_dev_only_replay
LOHO_height,height_36mm,fold,L-B2,obs_36mm/rank4,obs_36mm,36.0,36.0,4,321,0,IN_DOMAIN,-0.08671175978908115,0.08671175978908115,0.0875045196408256,0.10893905355252542,0.11872484309808584,-0.11896859712659688,strict_dev_only_replay
LOHO_height,height_36mm,fold,RAW,obs_36mm/rank5,obs_36mm,36.0,36.0,5,317,0,IN_DOMAIN,-0.1454844161135448,0.1454844161135448,0.14671985722056652,0.1776599709950602,0.184240320457413,-0.1454844161135448,strict_dev_only_replay
LOHO_height,height_36mm,fold,H-B2,obs_36mm/rank5,obs_36mm,36.0,36.0,5,317,0,IN_DOMAIN,-0.04066565878830233,0.04073704968491025,0.04490537367963887,0.07292720814767814,0.07951314483804627,-0.1454844161135448,strict_dev_only_replay
LOHO_height,height_36mm,fold,L-B2,obs_36mm/rank5,obs_36mm,36.0,36.0,5,317,0,IN_DOMAIN,-0.11271976961469131,0.11271976961469131,0.11431498375924544,0.14496250312039363,0.15152799731632882,-0.1454844161135448,strict_dev_only_replay
LOHO_height,height_36mm,fold,L0-B2,obs_36mm/rank1,obs_36mm,36.0,36.0,1,252,0,IN_DOMAIN,0.03030047678744239,0.030509110927060924,0.034006085979197916,0.05472727931197241,0.05903037893612151,-0.07394823639818404,anchored_l0_replay
LOHO_height,height_36mm,fold,L0-B2,obs_36mm/rank2,obs_36mm,36.0,36.0,2,285,0,IN_DOMAIN,-0.016510415760254752,0.019756712277163097,0.0245626204697067,0.047400471744062145,0.06732369492736723,-0.12057595430857165,anchored_l0_replay
LOHO_height,height_36mm,fold,L0-B2,obs_36mm/rank3,obs_36mm,36.0,36.0,3,286,0,IN_DOMAIN,0.04448540791838273,0.04456134180380773,0.04782614583717924,0.07009161311933099,0.08015898081765016,-0.05989100022381755,anchored_l0_replay
LOHO_height,height_36mm,fold,L0-B2,obs_36mm/rank4,obs_36mm,36.0,36.0,4,321,0,IN_DOMAIN,-0.014686494620002308,0.015644620302082118,0.018808860647511836,0.036883989367844094,0.04668252790716565,-0.11896859712659688,anchored_l0_replay
LOHO_height,height_36mm,fold,L0-B2,obs_36mm/rank5,obs_36mm,36.0,36.0,5,317,0,IN_DOMAIN,-0.041259973392483426,0.04132402151775651,0.045447683327727674,0.07352894054683076,0.08012778850329028,-0.1454844161135448,anchored_l0_replay
LOHO_height,height_40mm,fold,RAW,obs_40mm/rank1,obs_40mm,40.0,40.0,1,209,0,IN_DOMAIN,-0.08948260628230172,0.08948260628230172,0.09221481309781782,0.123197079170764,0.134938389030403,-0.08948260628230172,strict_dev_only_replay
LOHO_height,height_40mm,fold,H-B2,obs_40mm/rank1,obs_40mm,40.0,40.0,1,209,0,IN_DOMAIN,0.02648189703030062,0.028631506309848648,0.0346499648471259,0.0624537125842533,0.0807851966280654,-0.08948260628230172,strict_dev_only_replay
LOHO_height,height_40mm,fold,L-B2,obs_40mm/rank1,obs_40mm,40.0,40.0,1,209,0,IN_DOMAIN,-0.055241658817010104,0.055241658817010104,0.05958809687146677,0.08905527013256317,0.10080945791573015,-0.08948260628230172,strict_dev_only_replay
LOHO_height,height_40mm,fold,RAW,obs_40mm/rank2,obs_40mm,40.0,40.0,2,342,0,IN_DOMAIN,-0.09081367507939357,0.09081367507939357,0.0949680614734632,0.13401196270322263,0.158187581397826,-0.09081367507939357,strict_dev_only_replay
LOHO_height,height_40mm,fold,H-B2,obs_40mm/rank2,obs_40mm,40.0,40.0,2,342,0,IN_DOMAIN,0.025411912792476603,0.030946233112533528,0.03768218862626389,0.07242464815919519,0.09960894486576108,-0.09081367507939357,strict_dev_only_replay
LOHO_height,height_40mm,fold,L-B2,obs_40mm/rank2,obs_40mm,40.0,40.0,2,342,0,IN_DOMAIN,-0.055972442776881,0.056223963435734804,0.062483457823493,0.09912528301604978,0.12331889294749487,-0.09081367507939357,strict_dev_only_replay
LOHO_height,height_40mm,fold,RAW,obs_40mm/rank3,obs_40mm,40.0,40.0,3,277,0,IN_DOMAIN,-0.07343035600605043,0.07343035600605043,0.07503059511021366,0.09825004457722596,0.109607556953328,-0.07343035600605043,strict_dev_only_replay
LOHO_height,height_40mm,fold,H-B2,obs_40mm/rank3,obs_40mm,40.0,40.0,3,277,0,IN_DOMAIN,0.0444704033942788,0.0444704033942788,0.04708541184702058,0.07011558002161358,0.08161636224515287,-0.07343035600605043,strict_dev_only_replay
LOHO_height,height_40mm,fold,L-B2,obs_40mm/rank3,obs_40mm,40.0,40.0,3,277,0,IN_DOMAIN,-0.03760346492471353,0.03760346492471353,0.040655764056316344,0.06249775725942044,0.07380234435002109,-0.07343035600605043,strict_dev_only_replay
LOHO_height,height_40mm,fold,RAW,obs_40mm/rank4,obs_40mm,40.0,40.0,4,296,0,IN_DOMAIN,-0.07426768246980651,0.07426768246980651,0.07635190408725147,0.1065837739308505,0.11601094498306,-0.07426768246980651,strict_dev_only_replay
LOHO_height,height_40mm,fold,H-B2,obs_40mm/rank4,obs_40mm,40.0,40.0,4,296,0,IN_DOMAIN,0.04496576550399204,0.04496576550399204,0.048339336699853734,0.0710141696716381,0.09325972663964287,-0.07426768246980651,strict_dev_only_replay
LOHO_height,height_40mm,fold,L-B2,obs_40mm/rank4,obs_40mm,40.0,40.0,4,296,0,IN_DOMAIN,-0.03636619363839207,0.036618740612830075,0.04044965253900939,0.06863886753120596,0.07807439544323103,-0.07426768246980651,strict_dev_only_replay
LOHO_height,height_40mm,fold,RAW,obs_40mm/rank5,obs_40mm,40.0,40.0,5,314,0,IN_DOMAIN,-0.13744884683507497,0.13744884683507497,0.1385646029841431,0.16974203745438793,0.180959608165473,-0.13744884683507497,strict_dev_only_replay
LOHO_height,height_40mm,fold,H-B2,obs_40mm/rank5,obs_40mm,40.0,40.0,5,314,0,IN_DOMAIN,-0.01694196136549912,0.01942566752164829,0.02441934006455679,0.04927971314386615,0.06055283760009793,-0.13744884683507497,strict_dev_only_replay
LOHO_height,height_40mm,fold,L-B2,obs_40mm/rank5,obs_40mm,40.0,40.0,5,314,0,IN_DOMAIN,-0.09877456710832185,0.09877456710832185,0.10031989315287444,0.13092794352636258,0.14230813717178847,-0.13744884683507497,strict_dev_only_replay
LOHO_height,height_40mm,fold,L0-B2,obs_40mm/rank1,obs_40mm,40.0,40.0,1,209,0,IN_DOMAIN,0.0337078943218777,0.03437592317764525,0.040442946072045884,0.06970028608784558,0.08803047907545647,-0.08948260628230172,anchored_l0_replay
LOHO_height,height_40mm,fold,L0-B2,obs_40mm/rank2,obs_40mm,40.0,40.0,2,342,0,IN_DOMAIN,0.03234167141967371,0.035259323422219074,0.04269030486104309,0.07943787319447572,0.10661718330165826,-0.09081367507939357,anchored_l0_replay
LOHO_height,height_40mm,fold,L0-B2,obs_40mm/rank3,obs_40mm,40.0,40.0,3,277,0,IN_DOMAIN,0.049862098057589926,0.049862098057589926,0.052204633455667525,0.07544832556757086,0.08706058033929764,-0.07343035600605043,anchored_l0_replay
LOHO_height,height_40mm,fold,L0-B2,obs_40mm/rank4,obs_40mm,40.0,40.0,4,296,0,IN_DOMAIN,0.049138493889684325,0.049138493889684325,0.05225330289072136,0.07522744473918586,0.09748660917401963,-0.07426768246980651,anchored_l0_replay
LOHO_height,height_40mm,fold,L0-B2,obs_40mm/rank5,obs_40mm,40.0,40.0,5,314,0,IN_DOMAIN,-0.014385243224912731,0.017910901687131126,0.022721421148371276,0.04667710319474415,0.058017195853580006,-0.13744884683507497,anchored_l0_replay
LOHO_height,height_46mm,fold,RAW,obs_46mm/rank1,obs_46mm,46.0,46.0,1,306,0,BBOX_EXTRAPOLATION,-0.1289916855481588,0.1289916855481588,0.13117492242596887,0.16603812350536976,0.182887071361819,-0.1289916855481588,strict_dev_only_replay
LOHO_height,height_46mm,fold,H-B2,obs_46mm/rank1,obs_46mm,46.0,46.0,1,306,0,BBOX_EXTRAPOLATION,-0.0016378391697350067,0.019747568654797206,0.023948947912218636,0.04333048343630151,0.05567653777660225,-0.1289916855481588,strict_dev_only_replay
LOHO_height,height_46mm,fold,L-B2,obs_46mm/rank1,obs_46mm,46.0,46.0,1,0,306,BBOX_EXTRAPOLATION,,,,,,-0.1289916855481588,strict_dev_only_replay
LOHO_height,height_46mm,fold,RAW,obs_46mm/rank2,obs_46mm,46.0,46.0,2,334,0,BBOX_EXTRAPOLATION,-0.13567246909563102,0.13567246909563102,0.13856282333935369,0.1764217582613864,0.206160746827813,-0.13567246909563102,strict_dev_only_replay
LOHO_height,height_46mm,fold,H-B2,obs_46mm/rank2,obs_46mm,46.0,46.0,2,334,0,BBOX_EXTRAPOLATION,-0.00799416456340052,0.024833643079250747,0.029307768237262777,0.05315710555718723,0.07857382084854747,-0.13567246909563102,strict_dev_only_replay
LOHO_height,height_46mm,fold,L-B2,obs_46mm/rank2,obs_46mm,46.0,46.0,2,0,334,BBOX_EXTRAPOLATION,,,,,,-0.13567246909563102,strict_dev_only_replay
LOHO_height,height_46mm,fold,RAW,obs_46mm/rank3,obs_46mm,46.0,46.0,3,305,0,BBOX_EXTRAPOLATION,-0.10401412147723794,0.10401412147723794,0.10658518146670178,0.1437207129847166,0.163243703417706,-0.10401412147723794,strict_dev_only_replay
LOHO_height,height_46mm,fold,H-B2,obs_46mm/rank3,obs_46mm,46.0,46.0,3,305,0,BBOX_EXTRAPOLATION,0.025798968151729083,0.02893675032006225,0.034767988022083036,0.06616812658530448,0.08242866615527009,-0.10401412147723794,strict_dev_only_replay
LOHO_height,height_46mm,fold,L-B2,obs_46mm/rank3,obs_46mm,46.0,46.0,3,0,305,BBOX_EXTRAPOLATION,,,,,,-0.10401412147723794,strict_dev_only_replay
LOHO_height,height_46mm,fold,RAW,obs_46mm/rank4,obs_46mm,46.0,46.0,4,208,0,BBOX_EXTRAPOLATION,-0.10594850134081855,0.10594850134081855,0.10737404364524927,0.13328435207245384,0.14320728873809,-0.10594850134081855,strict_dev_only_replay
LOHO_height,height_46mm,fold,H-B2,obs_46mm/rank4,obs_46mm,46.0,46.0,4,208,0,BBOX_EXTRAPOLATION,0.025051806996775505,0.02571992611814933,0.0305728148435827,0.054206006056066965,0.0614256621670336,-0.10594850134081855,strict_dev_only_replay
LOHO_height,height_46mm,fold,L-B2,obs_46mm/rank4,obs_46mm,46.0,46.0,4,0,208,BBOX_EXTRAPOLATION,,,,,,-0.10594850134081855,strict_dev_only_replay
LOHO_height,height_46mm,fold,RAW,obs_46mm/rank5,obs_46mm,46.0,46.0,5,306,0,BBOX_EXTRAPOLATION,-0.11511910618503841,0.11511910618503841,0.11754301446706147,0.15294461916480123,0.165618892631912,-0.11511910618503841,strict_dev_only_replay
LOHO_height,height_46mm,fold,H-B2,obs_46mm/rank5,obs_46mm,46.0,46.0,5,306,0,BBOX_EXTRAPOLATION,0.016669373514686735,0.023446307604888136,0.029047540592963935,0.054344576077915055,0.0745411756660164,-0.11511910618503841,strict_dev_only_replay
LOHO_height,height_46mm,fold,L-B2,obs_46mm/rank5,obs_46mm,46.0,46.0,5,0,306,BBOX_EXTRAPOLATION,,,,,,-0.11511910618503841,strict_dev_only_replay
LOHO_height,height_46mm,fold,L0-B2,obs_46mm/rank1,obs_46mm,46.0,46.0,1,306,0,BBOX_EXTRAPOLATION,0.011438946648950869,0.0211513434605214,0.026500579238999834,0.05066161076427278,0.06473490422372663,-0.1289916855481588,anchored_l0_replay
LOHO_height,height_46mm,fold,L0-B2,obs_46mm/rank2,obs_46mm,46.0,46.0,2,334,0,BBOX_EXTRAPOLATION,0.004701686045206697,0.02320812307931519,0.028626429232290047,0.05345885936358948,0.08276305774305115,-0.13567246909563102,anchored_l0_replay
LOHO_height,height_46mm,fold,L0-B2,obs_46mm/rank3,obs_46mm,46.0,46.0,3,305,0,BBOX_EXTRAPOLATION,0.03662661399126627,0.03772356669239686,0.04343079586225822,0.07705883929670848,0.093333468109293,-0.10401412147723794,anchored_l0_replay
LOHO_height,height_46mm,fold,L0-B2,obs_46mm/rank4,obs_46mm,46.0,46.0,4,208,0,BBOX_EXTRAPOLATION,0.03481268032323511,0.03483736547635008,0.03896204270649045,0.06394009429569819,0.07115110458645546,-0.10594850134081855,anchored_l0_replay
LOHO_height,height_46mm,fold,L0-B2,obs_46mm/rank5,obs_46mm,46.0,46.0,5,306,0,BBOX_EXTRAPOLATION,0.02561247305829249,0.028724447110117166,0.034976795150615914,0.06334495531015527,0.08355063753251812,-0.11511910618503841,anchored_l0_replay
LOPO_position_rank,rank_1,fold,RAW,obs_10mm/rank1,obs_10mm,10.0,10.0,1,269,0,BBOX_EXTRAPOLATION,-0.03187672891982561,0.03404319433594545,0.04045669615456153,0.07269710242081047,0.08442837996098262,-0.03187672891982561,strict_dev_only_replay
LOPO_position_rank,rank_1,fold,H-B2,obs_10mm/rank1,obs_10mm,10.0,10.0,1,269,0,BBOX_EXTRAPOLATION,0.01779800623883369,0.024880210296907637,0.030658753146559154,0.05878739668789355,0.07878014311065486,-0.03187672891982561,strict_dev_only_replay
LOPO_position_rank,rank_1,fold,L-B2,obs_10mm/rank1,obs_10mm,10.0,10.0,1,269,0,BBOX_EXTRAPOLATION,-0.02558038688883402,0.029267474892207178,0.03571803640409362,0.06642554076795193,0.07816145757906412,-0.03187672891982561,strict_dev_only_replay
LOPO_position_rank,rank_1,fold,RAW,obs_1mm/rank1,obs_1mm,1.0,1.001,1,315,0,BBOX_EXTRAPOLATION,0.009230615607567409,0.021171529731329353,0.025753489229382337,0.047988438069523916,0.060278412314520136,0.009230615607567409,strict_dev_only_replay
LOPO_position_rank,rank_1,fold,H-B2,obs_1mm/rank1,obs_1mm,1.0,1.001,1,315,0,BBOX_EXTRAPOLATION,0.04025567682558468,0.04091747637951386,0.04691788923146678,0.07909882630090208,0.09141404203598175,0.009230615607567409,strict_dev_only_replay
LOPO_position_rank,rank_1,fold,L-B2,obs_1mm/rank1,obs_1mm,1.0,1.001,1,315,0,BBOX_EXTRAPOLATION,0.009846976817504937,0.021375849863879085,0.02599497012332773,0.0486290346246789,0.06092653241336654,0.009230615607567409,strict_dev_only_replay
LOPO_position_rank,rank_1,fold,RAW,obs_20mm/rank1,obs_20mm,20.0,20.0,1,250,0,BBOX_EXTRAPOLATION,-0.04917071492830772,0.04917071492830772,0.05060293123057805,0.0707999008458783,0.08191337895215511,-0.04917071492830772,strict_dev_only_replay
LOPO_position_rank,rank_1,fold,H-B2,obs_20mm/rank1,obs_20mm,20.0,20.0,1,250,0,BBOX_EXTRAPOLATION,0.02120277186632605,0.021701270947394973,0.024354191406846703,0.038448743344990266,0.047084074197434295,-0.04917071492830772,strict_dev_only_replay
LOPO_position_rank,rank_1,fold,L-B2,obs_20mm/rank1,obs_20mm,20.0,20.0,1,250,0,BBOX_EXTRAPOLATION,-0.03638226194386931,0.03638226194386931,0.038300471905637005,0.0580399520117428,0.06918864520296353,-0.04917071492830772,strict_dev_only_replay
LOPO_position_rank,rank_1,fold,RAW,obs_2mm/rank1,obs_2mm,2.0,2.0,1,234,0,BBOX_EXTRAPOLATION,0.00500379681894667,0.014461278854190521,0.017929868929216174,0.03493338641611173,0.05267793234694862,0.00500379681894667,strict_dev_only_replay
LOPO_position_rank,rank_1,fold,H-B2,obs_2mm/rank1,obs_2mm,2.0,2.0,1,234,0,BBOX_EXTRAPOLATION,0.03811219201572408,0.038271194515308804,0.041833409514607754,0.06442754143827828,0.08587227425688337,0.00500379681894667,strict_dev_only_replay
LOPO_position_rank,rank_1,fold,L-B2,obs_2mm/rank1,obs_2mm,2.0,2.0,1,234,0,BBOX_EXTRAPOLATION,0.006228935042290312,0.01472266021604665,0.01831880358516406,0.035222436616222194,0.05393033632539357,0.00500379681894667,strict_dev_only_replay
LOPO_position_rank,rank_1,fold,RAW,obs_30mm/rank1,obs_30mm,30.0,30.0,1,261,0,BBOX_EXTRAPOLATION,-0.09685571900937462,0.09685571900937462,0.09743122163467086,0.114382588770408,0.123459746275952,-0.09685571900937462,strict_dev_only_replay
LOPO_position_rank,rank_1,fold,H-B2,obs_30mm/rank1,obs_30mm,30.0,30.0,1,261,0,BBOX_EXTRAPOLATION,-0.006026086060514604,0.00985418190905612,0.012190996011750945,0.02358933078857725,0.03269173155929243,-0.09685571900937462,strict_dev_only_replay
LOPO_position_rank,rank_1,fold,L-B2,obs_30mm/rank1,obs_30mm,30.0,30.0,1,261,0,BBOX_EXTRAPOLATION,-0.07741209793230787,0.07741209793230787,0.07813254450850664,0.09495028269011385,0.10405407961905411,-0.09685571900937462,strict_dev_only_replay
LOPO_position_rank,rank_1,fold,RAW,obs_36mm/rank1,obs_36mm,36.0,36.0,1,252,0,BBOX_EXTRAPOLATION,-0.07394823639818404,0.07394823639818404,0.07553346570580192,0.09986225531843794,0.111668025340414,-0.07394823639818404,strict_dev_only_replay
LOPO_position_rank,rank_1,fold,H-B2,obs_36mm/rank1,obs_36mm,36.0,36.0,1,252,0,BBOX_EXTRAPOLATION,0.029122849759658627,0.029415070831947148,0.03295978151724515,0.05353699002772007,0.05784518375896064,-0.07394823639818404,strict_dev_only_replay
LOPO_position_rank,rank_1,fold,L-B2,obs_36mm/rank1,obs_36mm,36.0,36.0,1,252,0,BBOX_EXTRAPOLATION,-0.049893293114514056,0.049893293114514056,0.052226950717620554,0.07589187219989953,0.08770482578657379,-0.07394823639818404,strict_dev_only_replay
LOPO_position_rank,rank_1,fold,RAW,obs_40mm/rank1,obs_40mm,40.0,40.0,1,209,0,BBOX_EXTRAPOLATION,-0.08948260628230172,0.08948260628230172,0.09221481309781782,0.123197079170764,0.134938389030403,-0.08948260628230172,strict_dev_only_replay
LOPO_position_rank,rank_1,fold,H-B2,obs_40mm/rank1,obs_40mm,40.0,40.0,1,209,0,BBOX_EXTRAPOLATION,0.02181114416165474,0.025505648376028697,0.031218980867445588,0.05776977067478371,0.07609281940739976,-0.08948260628230172,strict_dev_only_replay
LOPO_position_rank,rank_1,fold,L-B2,obs_40mm/rank1,obs_40mm,40.0,40.0,1,209,0,BBOX_EXTRAPOLATION,-0.06259725758555015,0.06259725758555015,0.06646309889516813,0.09640510810092592,0.1081571513625903,-0.08948260628230172,strict_dev_only_replay
LOPO_position_rank,rank_1,fold,RAW,obs_46mm/rank1,obs_46mm,46.0,46.0,1,306,0,BBOX_EXTRAPOLATION,-0.1289916855481588,0.1289916855481588,0.13117492242596887,0.16603812350536976,0.182887071361819,-0.1289916855481588,strict_dev_only_replay
LOPO_position_rank,rank_1,fold,H-B2,obs_46mm/rank1,obs_46mm,46.0,46.0,1,306,0,BBOX_EXTRAPOLATION,-0.00538467693717597,0.020466248159014634,0.024484852948332237,0.04524012102117003,0.05940556797588062,-0.1289916855481588,strict_dev_only_replay
LOPO_position_rank,rank_1,fold,L-B2,obs_46mm/rank1,obs_46mm,46.0,46.0,1,306,0,BBOX_EXTRAPOLATION,-0.09852396514018262,0.09852396514018262,0.1013742644650442,0.13567110166339447,0.1525373673239585,-0.1289916855481588,strict_dev_only_replay
LOPO_position_rank,rank_1,fold,RAW,obs_6mm/rank1,obs_6mm,6.0,6.0,1,225,0,BBOX_EXTRAPOLATION,-0.006078101142415694,0.01585276067782947,0.01899097989290688,0.033612916154612905,0.04850226265348834,-0.006078101142415694,strict_dev_only_replay
LOPO_position_rank,rank_1,fold,H-B2,obs_6mm/rank1,obs_6mm,6.0,6.0,1,225,0,BBOX_EXTRAPOLATION,0.03536451517328156,0.035486863937351475,0.039697416497420715,0.06478608074531331,0.07490386532176674,-0.006078101142415694,strict_dev_only_replay
LOPO_position_rank,rank_1,fold,L-B2,obs_6mm/rank1,obs_6mm,6.0,6.0,1,225,0,BBOX_EXTRAPOLATION,-0.002307388807322752,0.015169331726770029,0.018153162540431336,0.032494494979692944,0.04475985123317372,-0.006078101142415694,strict_dev_only_replay
LOPO_position_rank,rank_1,fold,L0-B2,obs_10mm/rank1,obs_10mm,10.0,10.0,1,269,0,BBOX_EXTRAPOLATION,-0.002170878871746066,0.02075804555706687,0.02508086204825165,0.048843278292876484,0.0588875604243011,-0.03187672891982561,anchored_l0_replay
LOPO_position_rank,rank_1,fold,L0-B2,obs_1mm/rank1,obs_1mm,1.0,1.001,1,315,0,BBOX_EXTRAPOLATION,0.012186825138703877,0.02230733859776311,0.02701898161852895,0.051059918560279145,0.06338657334179576,0.009230615607567409,anchored_l0_replay
LOPO_position_rank,rank_1,fold,L0-B2,obs_20mm/rank1,obs_20mm,20.0,20.0,1,250,0,BBOX_EXTRAPOLATION,0.010353564197154014,0.01353644318924404,0.015841300277029454,0.027617152273597147,0.03626843388496681,-0.04917071492830772,anchored_l0_replay
LOPO_position_rank,rank_1,fold,L0-B2,obs_2mm/rank1,obs_2mm,2.0,2.0,1,234,0,BBOX_EXTRAPOLATION,0.010932651972339148,0.016323854695474264,0.020438103445982146,0.03726461273106815,0.05874735652348084,0.00500379681894667,anchored_l0_replay
LOPO_position_rank,rank_1,fold,L0-B2,obs_30mm/rank1,obs_30mm,30.0,30.0,1,261,0,BBOX_EXTRAPOLATION,-0.007583344687787577,0.010456331564213285,0.013038177286000168,0.025163284848247258,0.03426792751601582,-0.09685571900937462,anchored_l0_replay
LOPO_position_rank,rank_1,fold,L0-B2,obs_36mm/rank1,obs_36mm,36.0,36.0,1,252,0,BBOX_EXTRAPOLATION,0.03335368513447283,0.03342119590189218,0.036753263499764974,0.05778250903632802,0.062085976044969016,-0.07394823639818404,anchored_l0_replay
LOPO_position_rank,rank_1,fold,L0-B2,obs_40mm/rank1,obs_40mm,40.0,40.0,1,209,0,BBOX_EXTRAPOLATION,0.029731163028667393,0.031056258200181784,0.03719214472077386,0.0657200241650514,0.08404842548302582,-0.08948260628230172,anchored_l0_replay
LOPO_position_rank,rank_1,fold,L0-B2,obs_46mm/rank1,obs_46mm,46.0,46.0,1,306,0,BBOX_EXTRAPOLATION,0.008032770551458195,0.020241677002809336,0.025216529967664214,0.04725256137866651,0.06132483988817228,-0.1289916855481588,anchored_l0_replay
LOPO_position_rank,rank_1,fold,L0-B2,obs_6mm/rank1,obs_6mm,6.0,6.0,1,225,0,BBOX_EXTRAPOLATION,0.01175731657757859,0.017468724796427873,0.021539088257983705,0.04119689755816882,0.05131795619886592,-0.006078101142415694,anchored_l0_replay
LOPO_position_rank,rank_2,fold,RAW,obs_10mm/rank2,obs_10mm,10.0,10.0,2,202,0,IN_DOMAIN,-0.047125042464608045,0.0473048061875669,0.051513183618879285,0.07667952034016991,0.08353107991748132,-0.047125042464608045,strict_dev_only_replay
LOPO_position_rank,rank_2,fold,H-B2,obs_10mm/rank2,obs_10mm,10.0,10.0,2,202,0,IN_DOMAIN,-0.004970544751297832,0.01816048137400226,0.021419228164438742,0.03966879536357573,0.050704353956313036,-0.047125042464608045,strict_dev_only_replay
LOPO_position_rank,rank_2,fold,L-B2,obs_10mm/rank2,obs_10mm,10.0,10.0,2,202,0,IN_DOMAIN,-0.044279395414554015,0.04460342926074847,0.048924091559068975,0.07382591766216019,0.08070239473832075,-0.047125042464608045,strict_dev_only_replay
LOPO_position_rank,rank_2,fold,RAW,obs_1mm/rank2,obs_1mm,1.0,1.001,2,196,0,HULL_EXTRAPOLATION,-0.03935235047589003,0.03935235047589003,0.04173189402295804,0.061502007105155854,0.06920246274268294,-0.03935235047589003,strict_dev_only_replay
LOPO_position_rank,rank_2,fold,H-B2,obs_1mm/rank2,obs_1mm,1.0,1.001,2,196,0,HULL_EXTRAPOLATION,-0.01761528649046915,0.019018793034580667,0.02246234336929094,0.03989125709234669,0.04760754216466109,-0.03935235047589003,strict_dev_only_replay
LOPO_position_rank,rank_2,fold,L-B2,obs_1mm/rank2,obs_1mm,1.0,1.001,2,196,0,HULL_EXTRAPOLATION,-0.03907165405028528,0.03907165405028528,0.041468685933025155,0.06122864741056899,0.06893120379762019,-0.03935235047589003,strict_dev_only_replay
LOPO_position_rank,rank_2,fold,RAW,obs_20mm/rank2,obs_20mm,20.0,20.0,2,269,0,IN_DOMAIN,-0.08027046773112485,0.08027046773112485,0.08266804163365475,0.11083739362907892,0.12086805131320588,-0.08027046773112485,strict_dev_only_replay
LOPO_position_rank,rank_2,fold,H-B2,obs_20mm/rank2,obs_20mm,20.0,20.0,2,269,0,IN_DOMAIN,-0.015676826548771696,0.021647784818636884,0.02529081114487392,0.04636560083600109,0.05639152670003583,-0.08027046773112485,strict_dev_only_replay
LOPO_position_rank,rank_2,fold,L-B2,obs_20mm/rank2,obs_20mm,20.0,20.0,2,269,0,IN_DOMAIN,-0.07446432962908564,0.07446432962908564,0.07704966940352698,0.1050707617302848,0.11508925991441288,-0.08027046773112485,strict_dev_only_replay
LOPO_position_rank,rank_2,fold,RAW,obs_2mm/rank2,obs_2mm,2.0,2.0,2,211,0,IN_DOMAIN,-0.03294958189728135,0.03390825601549726,0.038947825729733106,0.06625565288622848,0.08041908029992251,-0.03294958189728135,strict_dev_only_replay
LOPO_position_rank,rank_2,fold,H-B2,obs_2mm/rank2,obs_2mm,2.0,2.0,2,211,0,IN_DOMAIN,-0.009212779689481122,0.018438880171850178,0.022777549991508633,0.042933879757147624,0.056870436769635394,-0.03294958189728135,strict_dev_only_replay
LOPO_position_rank,rank_2,fold,L-B2,obs_2mm/rank2,obs_2mm,2.0,2.0,2,211,0,IN_DOMAIN,-0.03240571762872393,0.03344348389571331,0.03849229031767431,0.06572246295944595,0.07989169485889391,-0.03294958189728135,strict_dev_only_replay
LOPO_position_rank,rank_2,fold,RAW,obs_30mm/rank2,obs_30mm,30.0,30.0,2,264,0,IN_DOMAIN,-0.12331873611946821,0.12331873611946821,0.12417690373002188,0.1455226625753568,0.159992728877402,-0.12331873611946821,strict_dev_only_replay
LOPO_position_rank,rank_2,fold,H-B2,obs_30mm/rank2,obs_30mm,30.0,30.0,2,264,0,IN_DOMAIN,-0.03666785391509056,0.03666785391509056,0.03947520925380077,0.05895495918196242,0.07334251398784775,-0.12331873611946821,strict_dev_only_replay
LOPO_position_rank,rank_2,fold,L-B2,obs_30mm/rank2,obs_30mm,30.0,30.0,2,264,0,IN_DOMAIN,-0.11417080703035266,0.11417080703035266,0.11509936609783906,0.1364107112254395,0.15078819951682831,-0.12331873611946821,strict_dev_only_replay
LOPO_position_rank,rank_2,fold,RAW,obs_36mm/rank2,obs_36mm,36.0,36.0,2,285,0,IN_DOMAIN,-0.12057595430857165,0.12057595430857165,0.12193154535924762,0.1513699643959784,0.171236698933669,-0.12057595430857165,strict_dev_only_replay
LOPO_position_rank,rank_2,fold,H-B2,obs_36mm/rank2,obs_36mm,36.0,36.0,2,285,0,IN_DOMAIN,-0.02126258562891015,0.022995502816794158,0.02798781353951567,0.05221448707512085,0.07210773658294271,-0.12057595430857165,strict_dev_only_replay
LOPO_position_rank,rank_2,fold,L-B2,obs_36mm/rank2,obs_36mm,36.0,36.0,2,285,0,IN_DOMAIN,-0.11003286841509932,0.11003286841509932,0.11152249776175413,0.14093239084926382,0.16078633854248636,-0.12057595430857165,strict_dev_only_replay
LOPO_position_rank,rank_2,fold,RAW,obs_40mm/rank2,obs_40mm,40.0,40.0,2,342,0,IN_DOMAIN,-0.09081367507939357,0.09081367507939357,0.0949680614734632,0.13401196270322263,0.158187581397826,-0.09081367507939357,strict_dev_only_replay
LOPO_position_rank,rank_2,fold,H-B2,obs_40mm/rank2,obs_40mm,40.0,40.0,2,342,0,IN_DOMAIN,0.01694317872974413,0.026535192550018627,0.032574058424038266,0.0639514146188757,0.0911287840455654,-0.09081367507939357,strict_dev_only_replay
LOPO_position_rank,rank_2,fold,L-B2,obs_40mm/rank2,obs_40mm,40.0,40.0,2,342,0,IN_DOMAIN,-0.07857593035385811,0.07857593035385811,0.08333523282867783,0.12171292364017033,0.14589319023500025,-0.09081367507939357,strict_dev_only_replay
LOPO_position_rank,rank_2,fold,RAW,obs_46mm/rank2,obs_46mm,46.0,46.0,2,334,0,IN_DOMAIN,-0.13567246909563102,0.13567246909563102,0.13856282333935369,0.1764217582613864,0.206160746827813,-0.13567246909563102,strict_dev_only_replay
LOPO_position_rank,rank_2,fold,H-B2,obs_46mm/rank2,obs_46mm,46.0,46.0,2,334,0,IN_DOMAIN,-0.014507917983186097,0.026913362165525326,0.03170796790981579,0.056519928774690566,0.08508289724302746,-0.13567246909563102,strict_dev_only_replay
LOPO_position_rank,rank_2,fold,L-B2,obs_46mm/rank2,obs_46mm,46.0,46.0,2,334,0,IN_DOMAIN,-0.12153176590663733,0.12153176590663733,0.12474484989191853,0.1622559614159321,0.19194097766215634,-0.13567246909563102,strict_dev_only_replay
LOPO_position_rank,rank_2,fold,RAW,obs_6mm/rank2,obs_6mm,6.0,6.0,2,222,0,IN_DOMAIN,-0.0349248221842145,0.0349248221842145,0.037286410143432376,0.056201679576262764,0.07042444405154846,-0.0349248221842145,strict_dev_only_replay
LOPO_position_rank,rank_2,fold,H-B2,obs_6mm/rank2,obs_6mm,6.0,6.0,2,222,0,IN_DOMAIN,-0.0017592504954043466,0.010943002529091425,0.013202275856438907,0.023614680060017646,0.0374138516345001,-0.0349248221842145,strict_dev_only_replay
LOPO_position_rank,rank_2,fold,L-B2,obs_6mm/rank2,obs_6mm,6.0,6.0,2,222,0,IN_DOMAIN,-0.033208323607941063,0.033208323607941063,0.035684887161292804,0.05450217759473652,0.06872985009837862,-0.0349248221842145,strict_dev_only_replay
LOPO_position_rank,rank_2,fold,L0-B2,obs_10mm/rank2,obs_10mm,10.0,10.0,2,202,0,IN_DOMAIN,-0.018919215134843827,0.024384424906154795,0.028164009580110186,0.0485557027178026,0.05542907094715588,-0.047125042464608045,anchored_l0_replay
LOPO_position_rank,rank_2,fold,L0-B2,obs_1mm/rank2,obs_1mm,1.0,1.001,2,196,0,HULL_EXTRAPOLATION,-0.036631723872847445,0.036631723872847445,0.03919097246013175,0.05884597706462946,0.06656821754271358,-0.03935235047589003,anchored_l0_replay
LOPO_position_rank,rank_2,fold,L0-B2,obs_20mm/rank2,obs_20mm,20.0,20.0,2,269,0,IN_DOMAIN,-0.023817713766842406,0.026879708595773325,0.030987597770255573,0.05447397169961121,0.06453167827471873,-0.08027046773112485,anchored_l0_replay
LOPO_position_rank,rank_2,fold,L0-B2,obs_2mm/rank2,obs_2mm,2.0,2.0,2,211,0,IN_DOMAIN,-0.02739611530173248,0.02921712117689147,0.03441343953125536,0.060798250897294626,0.07500357872652175,-0.03294958189728135,anchored_l0_replay
LOPO_position_rank,rank_2,fold,L0-B2,obs_30mm/rank2,obs_30mm,30.0,30.0,2,264,0,IN_DOMAIN,-0.03862006047255232,0.03862006047255232,0.041293313976146384,0.06088929126678764,0.07539250891326787,-0.12331873611946821,anchored_l0_replay
LOPO_position_rank,rank_2,fold,L0-B2,obs_36mm/rank2,obs_36mm,36.0,36.0,2,285,0,IN_DOMAIN,-0.01890381567440935,0.02131290548752464,0.026230458643350413,0.04979166234191723,0.06971358641710168,-0.12057595430857165,anchored_l0_replay
LOPO_position_rank,rank_2,fold,L0-B2,obs_40mm/rank2,obs_40mm,40.0,40.0,2,342,0,IN_DOMAIN,0.02231187653292526,0.029246274405924644,0.03569198059771616,0.06939655263221774,0.09656898775009637,-0.09081367507939357,anchored_l0_replay
LOPO_position_rank,rank_2,fold,L0-B2,obs_46mm/rank2,obs_46mm,46.0,46.0,2,334,0,IN_DOMAIN,-0.00566100822792954,0.02427845102271673,0.028793471754053966,0.05330502722617998,0.07634116163787752,-0.13567246909563102,anchored_l0_replay
LOPO_position_rank,rank_2,fold,L0-B2,obs_6mm/rank2,obs_6mm,6.0,6.0,2,222,0,IN_DOMAIN,-0.01801982163479703,0.018557194632942864,0.022275836948769875,0.039358735118582094,0.05362194224948169,-0.0349248221842145,anchored_l0_replay
LOPO_position_rank,rank_3,fold,RAW,obs_10mm/rank3,obs_10mm,10.0,10.0,3,166,0,IN_DOMAIN,-0.02868136671290481,0.02929041425211518,0.03351021930376487,0.05892282408760874,0.06695363203815141,-0.02868136671290481,strict_dev_only_replay
LOPO_position_rank,rank_3,fold,H-B2,obs_10mm/rank3,obs_10mm,10.0,10.0,3,166,0,IN_DOMAIN,0.02064276059134685,0.02283355081833152,0.026974164254665124,0.04736415573891713,0.06613526555879935,-0.02868136671290481,strict_dev_only_replay
LOPO_position_rank,rank_3,fold,L-B2,obs_10mm/rank3,obs_10mm,10.0,10.0,3,166,0,IN_DOMAIN,-0.021421272507424288,0.02306122289357477,0.027560060064448923,0.051666175574359485,0.05970258463386102,-0.02868136671290481,strict_dev_only_replay
LOPO_position_rank,rank_3,fold,RAW,obs_1mm/rank3,obs_1mm,1.0,1.001,3,271,0,IN_DOMAIN,0.013061651144207894,0.019831477914051456,0.02321598303507821,0.03985170114894898,0.05388792729108194,0.013061651144207894,strict_dev_only_replay
LOPO_position_rank,rank_3,fold,H-B2,obs_1mm/rank3,obs_1mm,1.0,1.001,3,271,0,IN_DOMAIN,0.040352127179730024,0.04058747219499169,0.04470751245567396,0.06720699801535103,0.0812760592649725,0.013061651144207894,strict_dev_only_replay
LOPO_position_rank,rank_3,fold,L-B2,obs_1mm/rank3,obs_1mm,1.0,1.001,3,271,0,IN_DOMAIN,0.013775369934197493,0.020196049999923436,0.02363552926628692,0.04058396464290004,0.05462982558799956,0.013061651144207894,strict_dev_only_replay
LOPO_position_rank,rank_3,fold,RAW,obs_20mm/rank3,obs_20mm,20.0,20.0,3,244,0,IN_DOMAIN,-0.07494821377394428,0.07494821377394428,0.07913284786584963,0.12376677247776938,0.14942505948785012,-0.07494821377394428,strict_dev_only_replay
LOPO_position_rank,rank_3,fold,H-B2,obs_20mm/rank3,obs_20mm,20.0,20.0,3,244,0,IN_DOMAIN,-0.002174302835165222,0.02063356285139643,0.025575016263010245,0.051131738767878604,0.07689249399295661,-0.07494821377394428,strict_dev_only_replay
LOPO_position_rank,rank_3,fold,L-B2,obs_20mm/rank3,obs_20mm,20.0,20.0,3,244,0,IN_DOMAIN,-0.060296637922271884,0.060296637922271884,0.06544019482986047,0.1091676043104197,0.1348722606023216,-0.07494821377394428,strict_dev_only_replay
LOPO_position_rank,rank_3,fold,RAW,obs_2mm/rank3,obs_2mm,2.0,2.0,3,186,0,IN_DOMAIN,-0.05770591264596331,0.05770591264596331,0.059306725998738846,0.07975177504671904,0.09014297963030926,-0.05770591264596331,strict_dev_only_replay
LOPO_position_rank,rank_3,fold,H-B2,obs_2mm/rank3,obs_2mm,2.0,2.0,3,186,0,IN_DOMAIN,-0.027654207357967288,0.027738323949258313,0.030869788227642716,0.04971218815214922,0.06017194266001977,-0.05770591264596331,strict_dev_only_replay
LOPO_position_rank,rank_3,fold,L-B2,obs_2mm/rank3,obs_2mm,2.0,2.0,3,186,0,IN_DOMAIN,-0.056328427669428846,0.056328427669428846,0.05796956524450071,0.07838836245669079,0.08878832444270301,-0.05770591264596331,strict_dev_only_replay
LOPO_position_rank,rank_3,fold,RAW,obs_30mm/rank3,obs_30mm,30.0,30.0,3,248,0,IN_DOMAIN,-0.08428851073073206,0.08428851073073206,0.08486039025624062,0.10027155144681245,0.104399276425475,-0.08428851073073206,strict_dev_only_replay
LOPO_position_rank,rank_3,fold,H-B2,obs_30mm/rank3,obs_30mm,30.0,30.0,3,248,0,IN_DOMAIN,0.011792178985363798,0.012773018112729469,0.01536954123541665,0.028237944629676555,0.03924000540082093,-0.08428851073073206,strict_dev_only_replay
LOPO_position_rank,rank_3,fold,L-B2,obs_30mm/rank3,obs_30mm,30.0,30.0,3,248,0,IN_DOMAIN,-0.06193900262378466,0.06193900262378466,0.06271606976648712,0.07795475940578739,0.08213248240498672,-0.08428851073073206,strict_dev_only_replay
LOPO_position_rank,rank_3,fold,RAW,obs_36mm/rank3,obs_36mm,36.0,36.0,3,286,0,IN_DOMAIN,-0.05989100022381755,0.05989100022381755,0.062397870764587665,0.08948605434449415,0.111831404263555,-0.05989100022381755,strict_dev_only_replay
LOPO_position_rank,rank_3,fold,H-B2,obs_36mm/rank3,obs_36mm,36.0,36.0,3,286,0,IN_DOMAIN,0.04930177051699252,0.049321446778938016,0.05233897382605671,0.07493552043238871,0.08500084493392247,-0.05989100022381755,strict_dev_only_replay
LOPO_position_rank,rank_3,fold,L-B2,obs_36mm/rank3,obs_36mm,36.0,36.0,3,286,0,IN_DOMAIN,-0.03403453105196233,0.034056486322373715,0.03829078069522385,0.06366717302452507,0.08607587776289449,-0.05989100022381755,strict_dev_only_replay
LOPO_position_rank,rank_3,fold,RAW,obs_40mm/rank3,obs_40mm,40.0,40.0,3,277,0,IN_DOMAIN,-0.07343035600605043,0.07343035600605043,0.07503059511021366,0.09825004457722596,0.109607556953328,-0.07343035600605043,strict_dev_only_replay
LOPO_position_rank,rank_3,fold,H-B2,obs_40mm/rank3,obs_40mm,40.0,40.0,3,277,0,IN_DOMAIN,0.04468149392608031,0.04468149392608031,0.04728420669624392,0.0703221034756185,0.08182554202697159,-0.07343035600605043,strict_dev_only_replay
LOPO_position_rank,rank_3,fold,L-B2,obs_40mm/rank3,obs_40mm,40.0,40.0,3,277,0,IN_DOMAIN,-0.045389689153581186,0.045389689153581186,0.04794795686686637,0.07027907790112806,0.08158154381816018,-0.07343035600605043,strict_dev_only_replay
LOPO_position_rank,rank_3,fold,RAW,obs_46mm/rank3,obs_46mm,46.0,46.0,3,305,0,HULL_EXTRAPOLATION,-0.10401412147723794,0.10401412147723794,0.10658518146670178,0.1437207129847166,0.163243703417706,-0.10401412147723794,strict_dev_only_replay
LOPO_position_rank,rank_3,fold,H-B2,obs_46mm/rank3,obs_46mm,46.0,46.0,3,305,0,HULL_EXTRAPOLATION,0.028673471744726387,0.031144400452031748,0.036951141074277605,0.06904238982111241,0.08530278104969202,-0.10401412147723794,strict_dev_only_replay
LOPO_position_rank,rank_3,fold,L-B2,obs_46mm/rank3,obs_46mm,46.0,46.0,3,305,0,HULL_EXTRAPOLATION,-0.07031591591845966,0.07031591591845966,0.07406381967141841,0.10997835225790027,0.12950642936210244,-0.10401412147723794,strict_dev_only_replay
LOPO_position_rank,rank_3,fold,RAW,obs_6mm/rank3,obs_6mm,6.0,6.0,3,233,0,IN_DOMAIN,-0.009798453286474884,0.016693674063236772,0.02105272907214719,0.04150267851968241,0.06062522966366224,-0.009798453286474884,strict_dev_only_replay
LOPO_position_rank,rank_3,fold,H-B2,obs_6mm/rank3,obs_6mm,6.0,6.0,3,233,0,IN_DOMAIN,0.029284840064671396,0.03072571199759669,0.03472450213074981,0.058890868968775996,0.06975710278920733,-0.009798453286474884,strict_dev_only_replay
LOPO_position_rank,rank_3,fold,L-B2,obs_6mm/rank3,obs_6mm,6.0,6.0,3,233,0,IN_DOMAIN,-0.005641318771182142,0.01522588565907109,0.019478753402732835,0.03736371914890526,0.05649749030849449,-0.009798453286474884,strict_dev_only_replay
LOPO_position_rank,rank_3,fold,L0-B2,obs_10mm/rank3,obs_10mm,10.0,10.0,3,166,0,IN_DOMAIN,0.0019373906888151523,0.014146706375602594,0.017490307343664475,0.03339992492180466,0.04744818918902638,-0.02868136671290481,anchored_l0_replay
LOPO_position_rank,rank_3,fold,L0-B2,obs_1mm/rank3,obs_1mm,1.0,1.001,3,271,0,IN_DOMAIN,0.016181714815536798,0.02151917510984438,0.02514910496601626,0.04305398040062247,0.057133270404099434,0.013061651144207894,anchored_l0_replay
LOPO_position_rank,rank_3,fold,L0-B2,obs_20mm/rank3,obs_20mm,20.0,20.0,3,244,0,IN_DOMAIN,-0.01375916946324247,0.021828020401765267,0.028950198652052818,0.06272860813416459,0.08846735137478134,-0.07494821377394428,anchored_l0_replay
LOPO_position_rank,rank_3,fold,L0-B2,obs_2mm/rank3,obs_2mm,2.0,2.0,3,186,0,IN_DOMAIN,-0.051743064891392465,0.051743064891392465,0.05353327652882024,0.07385674514149404,0.08427965671882154,-0.05770591264596331,anchored_l0_replay
LOPO_position_rank,rank_3,fold,L0-B2,obs_30mm/rank3,obs_30mm,30.0,30.0,3,248,0,IN_DOMAIN,0.007601731902831966,0.010076221463504734,0.012454456155418165,0.024110319007126613,0.03514509570839763,-0.08428851073073206,anchored_l0_replay
LOPO_position_rank,rank_3,fold,L0-B2,obs_36mm/rank3,obs_36mm,36.0,36.0,3,286,0,IN_DOMAIN,0.05045018731430231,0.05046174934845233,0.05342017080568566,0.07606077624666163,0.08612982158535942,-0.05989100022381755,anchored_l0_replay
LOPO_position_rank,rank_3,fold,L0-B2,obs_40mm/rank3,obs_40mm,40.0,40.0,3,277,0,IN_DOMAIN,0.049111422442939257,0.049111422442939257,0.05148803223959479,0.07469713413386074,0.08630921904691036,-0.07343035600605043,anchored_l0_replay
LOPO_position_rank,rank_3,fold,L0-B2,obs_46mm/rank3,obs_46mm,46.0,46.0,3,305,0,HULL_EXTRAPOLATION,0.03692963601402143,0.0379833539190618,0.0436867283134313,0.07736212089260591,0.09363685641069708,-0.10401412147723794,anchored_l0_replay
LOPO_position_rank,rank_3,fold,L0-B2,obs_6mm/rank3,obs_6mm,6.0,6.0,3,233,0,IN_DOMAIN,0.008590055282472895,0.016432098688816378,0.02057037937316617,0.04066700056023007,0.04912138466482041,-0.009798453286474884,anchored_l0_replay
LOPO_position_rank,rank_4,fold,RAW,obs_10mm/rank4,obs_10mm,10.0,10.0,4,226,0,IN_DOMAIN,-0.04794004197335275,0.04794004197335275,0.051514985998876155,0.07856631531604918,0.08599390923511052,-0.04794004197335275,strict_dev_only_replay
LOPO_position_rank,rank_4,fold,H-B2,obs_10mm/rank4,obs_10mm,10.0,10.0,4,226,0,IN_DOMAIN,-0.0008741220206219467,0.015296206766878854,0.018929898189447795,0.036360466083720545,0.046074678012404925,-0.04794004197335275,strict_dev_only_replay
LOPO_position_rank,rank_4,fold,L-B2,obs_10mm/rank4,obs_10mm,10.0,10.0,4,226,0,IN_DOMAIN,-0.043806479465070436,0.0438333152426705,0.0476965267293115,0.07444651410243797,0.0818868465505247,-0.04794004197335275,strict_dev_only_replay
LOPO_position_rank,rank_4,fold,RAW,obs_1mm/rank4,obs_1mm,1.0,1.001,4,236,0,IN_DOMAIN,-0.05515646482318219,0.05515646482318219,0.05789087508727366,0.08637331183688643,0.10106028325635308,-0.05515646482318219,strict_dev_only_replay
LOPO_position_rank,rank_4,fold,H-B2,obs_1mm/rank4,obs_1mm,1.0,1.001,4,236,0,IN_DOMAIN,-0.029699946379038045,0.0306019652974602,0.03454352748410112,0.06103793808327414,0.07576070191747607,-0.05515646482318219,strict_dev_only_replay
LOPO_position_rank,rank_4,fold,L-B2,obs_1mm/rank4,obs_1mm,1.0,1.001,4,236,0,IN_DOMAIN,-0.05477447103200497,0.05477447103200497,0.057529161604065564,0.08600384684810392,0.10069653015429347,-0.05515646482318219,strict_dev_only_replay
LOPO_position_rank,rank_4,fold,RAW,obs_20mm/rank4,obs_20mm,20.0,20.0,4,203,0,IN_DOMAIN,-0.1049702552805971,0.1049702552805971,0.10568937062764656,0.12302911562101748,0.13078303980694272,-0.1049702552805971,strict_dev_only_replay
LOPO_position_rank,rank_4,fold,H-B2,obs_20mm/rank4,obs_20mm,20.0,20.0,4,203,0,IN_DOMAIN,-0.03462990000961308,0.03462990000961308,0.03675607352077455,0.05276338378588748,0.06044892300358343,-0.1049702552805971,strict_dev_only_replay
LOPO_position_rank,rank_4,fold,L-B2,obs_20mm/rank4,obs_20mm,20.0,20.0,4,203,0,IN_DOMAIN,-0.09661789282792549,0.09661789282792549,0.09739813754474709,0.11470366822952975,0.12241077738792683,-0.1049702552805971,strict_dev_only_replay
LOPO_position_rank,rank_4,fold,RAW,obs_2mm/rank4,obs_2mm,2.0,2.0,4,200,0,IN_DOMAIN,-0.021529609421860732,0.02340739789139967,0.027419271381905388,0.05061543487620107,0.06739260526775626,-0.021529609421860732,strict_dev_only_replay
LOPO_position_rank,rank_4,fold,H-B2,obs_2mm/rank4,obs_2mm,2.0,2.0,4,200,0,IN_DOMAIN,0.006904142574092882,0.014385132568959362,0.018366672277789195,0.037231373722781236,0.05171349493000513,-0.021529609421860732,strict_dev_only_replay
LOPO_position_rank,rank_4,fold,L-B2,obs_2mm/rank4,obs_2mm,2.0,2.0,4,200,0,IN_DOMAIN,-0.02070596030653336,0.022784615984505638,0.026781829759003683,0.04980138548333722,0.06658785978912007,-0.021529609421860732,strict_dev_only_replay
LOPO_position_rank,rank_4,fold,RAW,obs_30mm/rank4,obs_30mm,30.0,30.0,4,284,0,IN_DOMAIN,-0.08511425436863532,0.08511425436863532,0.08708207481214923,0.11285997054104381,0.12670382967152,-0.08511425436863532,strict_dev_only_replay
LOPO_position_rank,rank_4,fold,H-B2,obs_30mm/rank4,obs_30mm,30.0,30.0,4,284,0,IN_DOMAIN,0.008317694100100297,0.016215329721556357,0.020239430867546045,0.037566810123398825,0.06453300913708473,-0.08511425436863532,strict_dev_only_replay
LOPO_position_rank,rank_4,fold,L-B2,obs_30mm/rank4,obs_30mm,30.0,30.0,4,284,0,IN_DOMAIN,-0.07234012239018477,0.07234012239018477,0.07464767214269546,0.10006933995372425,0.1139161567846223,-0.08511425436863532,strict_dev_only_replay
LOPO_position_rank,rank_4,fold,RAW,obs_36mm/rank4,obs_36mm,36.0,36.0,4,321,0,IN_DOMAIN,-0.11896859712659688,0.11896859712659688,0.11954402263544103,0.141097245736098,0.150866943243585,-0.11896859712659688,strict_dev_only_replay
LOPO_position_rank,rank_4,fold,H-B2,obs_36mm/rank4,obs_36mm,36.0,36.0,4,321,0,IN_DOMAIN,-0.012298496725932003,0.013789260486760041,0.017018786260629765,0.03454272486293847,0.04434081425413254,-0.11896859712659688,strict_dev_only_replay
LOPO_position_rank,rank_4,fold,L-B2,obs_36mm/rank4,obs_36mm,36.0,36.0,4,321,0,IN_DOMAIN,-0.10415582582386677,0.10415582582386677,0.10481574877800864,0.1263631337253628,0.13614331546298786,-0.11896859712659688,strict_dev_only_replay
LOPO_position_rank,rank_4,fold,RAW,obs_40mm/rank4,obs_40mm,40.0,40.0,4,296,0,IN_DOMAIN,-0.07426768246980651,0.07426768246980651,0.07635190408725147,0.1065837739308505,0.11601094498306,-0.07426768246980651,strict_dev_only_replay
LOPO_position_rank,rank_4,fold,H-B2,obs_40mm/rank4,obs_40mm,40.0,40.0,4,296,0,IN_DOMAIN,0.04144331177093242,0.04144717440743632,0.045080890788354255,0.06749025125716941,0.08973367963233421,-0.07426768246980651,strict_dev_only_replay
LOPO_position_rank,rank_4,fold,L-B2,obs_40mm/rank4,obs_40mm,40.0,40.0,4,296,0,IN_DOMAIN,-0.05795844009830925,0.05795844009830925,0.06060220534286565,0.0902236620944592,0.09965395062439342,-0.07426768246980651,strict_dev_only_replay
LOPO_position_rank,rank_4,fold,RAW,obs_46mm/rank4,obs_46mm,46.0,46.0,4,208,0,IN_DOMAIN,-0.10594850134081855,0.10594850134081855,0.10737404364524927,0.13328435207245384,0.14320728873809,-0.10594850134081855,strict_dev_only_replay
LOPO_position_rank,rank_4,fold,H-B2,obs_46mm/rank4,obs_46mm,46.0,46.0,4,208,0,IN_DOMAIN,0.024128650439725133,0.024920830315544245,0.02982049794243486,0.05328149937493233,0.060500797578842164,-0.10594850134081855,strict_dev_only_replay
LOPO_position_rank,rank_4,fold,L-B2,obs_46mm/rank4,obs_46mm,46.0,46.0,4,208,0,IN_DOMAIN,-0.08609836660353108,0.08609836660353108,0.08786079302801252,0.11354821176524509,0.12347389341137216,-0.10594850134081855,strict_dev_only_replay
LOPO_position_rank,rank_4,fold,RAW,obs_6mm/rank4,obs_6mm,6.0,6.0,4,247,0,IN_DOMAIN,0.004902534352473064,0.017979321042834187,0.02287110448047458,0.04698055496857405,0.05679207414039933,0.004902534352473064,strict_dev_only_replay
LOPO_position_rank,rank_4,fold,H-B2,obs_6mm/rank4,obs_6mm,6.0,6.0,4,247,0,IN_DOMAIN,0.042678187091596965,0.04354262002400659,0.048208087860612724,0.07756397961893101,0.09109848840262592,0.004902534352473064,strict_dev_only_replay
LOPO_position_rank,rank_4,fold,L-B2,obs_6mm/rank4,obs_6mm,6.0,6.0,4,247,0,IN_DOMAIN,0.007359762106974469,0.018579524716555232,0.023533843069575764,0.04699808599644157,0.05566056590208035,0.004902534352473064,strict_dev_only_replay
LOPO_position_rank,rank_4,fold,L0-B2,obs_10mm/rank4,obs_10mm,10.0,10.0,4,226,0,IN_DOMAIN,-0.018497156695400634,0.021527070057860916,0.026453687704746386,0.04921393017751807,0.05666357860297566,-0.04794004197335275,anchored_l0_replay
LOPO_position_rank,rank_4,fold,L0-B2,obs_1mm/rank4,obs_1mm,1.0,1.001,4,236,0,IN_DOMAIN,-0.05235299765058384,0.05235299765058384,0.05524292431781058,0.08366193690583223,0.09839231245539626,-0.05515646482318219,anchored_l0_replay
LOPO_position_rank,rank_4,fold,L0-B2,obs_20mm/rank4,obs_20mm,20.0,20.0,4,203,0,IN_DOMAIN,-0.046123044987539594,0.046123044987539594,0.04774634879178452,0.06423591383082794,0.07201131149186324,-0.1049702552805971,anchored_l0_replay
LOPO_position_rank,rank_4,fold,L0-B2,obs_2mm/rank4,obs_2mm,2.0,2.0,4,200,0,IN_DOMAIN,-0.01566291536823597,0.01920794199369718,0.02313709165966182,0.044835426021307204,0.061661300325637214,-0.021529609421860732,anchored_l0_replay
LOPO_position_rank,rank_4,fold,L0-B2,obs_30mm/rank4,obs_30mm,30.0,30.0,4,284,0,IN_DOMAIN,0.00338719527054245,0.015211139937600138,0.01877056400704357,0.03476003426536437,0.05959223291628035,-0.08511425436863532,anchored_l0_replay
LOPO_position_rank,rank_4,fold,L0-B2,obs_36mm/rank4,obs_36mm,36.0,36.0,4,321,0,IN_DOMAIN,-0.012866138544198066,0.014215636715612875,0.017425045649138673,0.035064835273672657,0.044863877281621,-0.11896859712659688,anchored_l0_replay
LOPO_position_rank,rank_4,fold,L0-B2,obs_40mm/rank4,obs_40mm,40.0,40.0,4,296,0,IN_DOMAIN,0.04378201864944926,0.04378201864944926,0.04725038651002997,0.06986756218821455,0.09212374156220449,-0.07426768246980651,anchored_l0_replay
LOPO_position_rank,rank_4,fold,L0-B2,obs_46mm/rank4,obs_46mm,46.0,46.0,4,208,0,IN_DOMAIN,0.029819657023880793,0.030022412967102747,0.034572507939052546,0.058943734534666344,0.06615391515967417,-0.10594850134081855,anchored_l0_replay
LOPO_position_rank,rank_4,fold,L0-B2,obs_6mm/rank4,obs_6mm,6.0,6.0,4,247,0,IN_DOMAIN,0.022684852474239375,0.026810543076006613,0.031884812158756534,0.057557712783729086,0.07110358012035345,0.004902534352473064,anchored_l0_replay
LOPO_position_rank,rank_5,fold,RAW,obs_10mm/rank5,obs_10mm,10.0,10.0,5,180,0,BBOX_EXTRAPOLATION,-0.0839443228993728,0.0839443228993728,0.0856106119477883,0.11128386347453895,0.12433486639017843,-0.0839443228993728,strict_dev_only_replay
LOPO_position_rank,rank_5,fold,H-B2,obs_10mm/rank5,obs_10mm,10.0,10.0,5,180,0,BBOX_EXTRAPOLATION,-0.04276039328233796,0.04276039328233796,0.04595876777331465,0.07016677424289397,0.08323142180747344,-0.0839443228993728,strict_dev_only_replay
LOPO_position_rank,rank_5,fold,L-B2,obs_10mm/rank5,obs_10mm,10.0,10.0,5,180,0,BBOX_EXTRAPOLATION,-0.08394432289927052,0.08394432289927052,0.08561061194768807,0.11128386347443929,0.1243348663900754,-0.0839443228993728,strict_dev_only_replay
LOPO_position_rank,rank_5,fold,RAW,obs_1mm/rank5,obs_1mm,1.0,1.001,5,196,0,BBOX_EXTRAPOLATION,-0.034866379324740085,0.03525757241179544,0.03847007906161787,0.06201005232033935,0.06997493580857583,-0.034866379324740085,strict_dev_only_replay
LOPO_position_rank,rank_5,fold,H-B2,obs_1mm/rank5,obs_1mm,1.0,1.001,5,196,0,BBOX_EXTRAPOLATION,-0.013045512302614533,0.017693086372115113,0.020877721209160555,0.040252517389645505,0.04822955358577534,-0.034866379324740085,strict_dev_only_replay
LOPO_position_rank,rank_5,fold,L-B2,obs_1mm/rank5,obs_1mm,1.0,1.001,5,196,0,BBOX_EXTRAPOLATION,-0.03486637932467295,0.035257572411733724,0.038470079061558526,0.0620100523202744,0.06997493580850889,-0.034866379324740085,strict_dev_only_replay
LOPO_position_rank,rank_5,fold,RAW,obs_20mm/rank5,obs_20mm,20.0,20.0,5,236,0,BBOX_EXTRAPOLATION,-0.13118128734168816,0.13118128734168816,0.13344156276969402,0.17156219664070615,0.17916771482873983,-0.13118128734168816,strict_dev_only_replay
LOPO_position_rank,rank_5,fold,H-B2,obs_20mm/rank5,obs_20mm,20.0,20.0,5,236,0,BBOX_EXTRAPOLATION,-0.06843959385224006,0.06843959385224006,0.07269588266871269,0.10891568588227694,0.11652265366261426,-0.13118128734168816,strict_dev_only_replay
LOPO_position_rank,rank_5,fold,L-B2,obs_20mm/rank5,obs_20mm,20.0,20.0,5,236,0,BBOX_EXTRAPOLATION,-0.1311812873417409,0.1311812873417409,0.13344156276974595,0.17156219664076744,0.17916771482878602,-0.13118128734168816,strict_dev_only_replay
LOPO_position_rank,rank_5,fold,RAW,obs_30mm/rank5,obs_30mm,30.0,30.0,5,290,0,BBOX_EXTRAPOLATION,-0.16927470859732058,0.16927470859732058,0.17001806421022617,0.19508443817183355,0.207368114657591,-0.16927470859732058,strict_dev_only_replay
LOPO_position_rank,rank_5,fold,H-B2,obs_30mm/rank5,obs_30mm,30.0,30.0,5,290,0,BBOX_EXTRAPOLATION,-0.08524847162299473,0.08524847162299473,0.08672051051331896,0.11111455449135649,0.12339753811123148,-0.16927470859732058,strict_dev_only_replay
LOPO_position_rank,rank_5,fold,L-B2,obs_30mm/rank5,obs_30mm,30.0,30.0,5,290,0,BBOX_EXTRAPOLATION,-0.1692747085974008,0.1692747085974008,0.17001806421030674,0.19508443817189375,0.20736811465772576,-0.16927470859732058,strict_dev_only_replay
LOPO_position_rank,rank_5,fold,RAW,obs_36mm/rank5,obs_36mm,36.0,36.0,5,317,0,BBOX_EXTRAPOLATION,-0.1454844161135448,0.1454844161135448,0.14671985722056652,0.1776599709950602,0.184240320457413,-0.1454844161135448,strict_dev_only_replay
LOPO_position_rank,rank_5,fold,H-B2,obs_36mm/rank5,obs_36mm,36.0,36.0,5,317,0,BBOX_EXTRAPOLATION,-0.04873763324127609,0.04873763324127609,0.05232688842395663,0.08099677093528236,0.08758255093507394,-0.1454844161135448,strict_dev_only_replay
LOPO_position_rank,rank_5,fold,L-B2,obs_36mm/rank5,obs_36mm,36.0,36.0,5,317,0,BBOX_EXTRAPOLATION,-0.14548441611353877,0.14548441611353877,0.1467198572205555,0.17765997099478736,0.18424032045763994,-0.1454844161135448,strict_dev_only_replay
LOPO_position_rank,rank_5,fold,RAW,obs_40mm/rank5,obs_40mm,40.0,40.0,5,314,0,BBOX_EXTRAPOLATION,-0.13744884683507497,0.13744884683507497,0.1385646029841431,0.16974203745438793,0.180959608165473,-0.13744884683507497,strict_dev_only_replay
LOPO_position_rank,rank_5,fold,H-B2,obs_40mm/rank5,obs_40mm,40.0,40.0,5,314,0,BBOX_EXTRAPOLATION,-0.032113861235527556,0.03220332479277964,0.0366118839141066,0.06444671722411753,0.07571373817085045,-0.13744884683507497,strict_dev_only_replay
LOPO_position_rank,rank_5,fold,L-B2,obs_40mm/rank5,obs_40mm,40.0,40.0,5,314,0,BBOX_EXTRAPOLATION,-0.1374488468350577,0.1374488468350577,0.13856460298412288,0.16974203745415506,0.18095960816581425,-0.13744884683507497,strict_dev_only_replay
LOPO_position_rank,rank_5,fold,RAW,obs_46mm/rank5,obs_46mm,46.0,46.0,5,306,0,BBOX_EXTRAPOLATION,-0.11511910618503841,0.11511910618503841,0.11754301446706147,0.15294461916480123,0.165618892631912,-0.11511910618503841,strict_dev_only_replay
LOPO_position_rank,rank_5,fold,H-B2,obs_46mm/rank5,obs_46mm,46.0,46.0,5,306,0,BBOX_EXTRAPOLATION,0.003104967773856151,0.019797173121229583,0.023986837688651206,0.04556173264015577,0.060967575207528,-0.11511910618503841,strict_dev_only_replay
LOPO_position_rank,rank_5,fold,L-B2,obs_46mm/rank5,obs_46mm,46.0,46.0,5,306,0,BBOX_EXTRAPOLATION,-0.1151191061850647,0.1151191061850647,0.1175430144670808,0.15294461916480095,0.16561889263191176,-0.11511910618503841,strict_dev_only_replay
LOPO_position_rank,rank_5,fold,RAW,obs_6mm/rank5,obs_6mm,6.0,6.0,5,238,0,BBOX_EXTRAPOLATION,-0.0643467836732709,0.0643467836732709,0.06755683349727253,0.10121109904372301,0.11717364850478962,-0.0643467836732709,strict_dev_only_replay
LOPO_position_rank,rank_5,fold,H-B2,obs_6mm/rank5,obs_6mm,6.0,6.0,5,238,0,BBOX_EXTRAPOLATION,-0.03176433797607728,0.03213474986139325,0.03787380671699043,0.06872329044426181,0.08471053909619264,-0.0643467836732709,strict_dev_only_replay
LOPO_position_rank,rank_5,fold,L-B2,obs_6mm/rank5,obs_6mm,6.0,6.0,5,238,0,BBOX_EXTRAPOLATION,-0.06434678367320872,0.06434678367320872,0.06755683349721307,0.1012110990436592,0.11717364850472656,-0.0643467836732709,strict_dev_only_replay
LOPO_position_rank,rank_5,fold,L0-B2,obs_10mm/rank5,obs_10mm,10.0,10.0,5,180,0,BBOX_EXTRAPOLATION,-0.057554887856383186,0.057554887856383186,0.05997150858666061,0.08496439394375174,0.0980538360844605,-0.0839443228993728,anchored_l0_replay
LOPO_position_rank,rank_5,fold,L0-B2,obs_1mm/rank5,obs_1mm,1.0,1.001,5,196,0,BBOX_EXTRAPOLATION,-0.03225832169431501,0.032872588026773786,0.03614141801208659,0.05947198883100921,0.06745933759508149,-0.034866379324740085,anchored_l0_replay
LOPO_position_rank,rank_5,fold,L0-B2,obs_20mm/rank5,obs_20mm,20.0,20.0,5,236,0,BBOX_EXTRAPOLATION,-0.07834150334546547,0.07834150334546547,0.08208947246847877,0.11882754440001442,0.1264565231535073,-0.13118128734168816,anchored_l0_replay
LOPO_position_rank,rank_5,fold,L0-B2,obs_30mm/rank5,obs_30mm,30.0,30.0,5,290,0,BBOX_EXTRAPOLATION,-0.08994452010126268,0.08994452010126268,0.09134340312387232,0.11582214565201934,0.12814825979890188,-0.16927470859732058,anchored_l0_replay
LOPO_position_rank,rank_5,fold,L0-B2,obs_36mm/rank5,obs_36mm,36.0,36.0,5,317,0,BBOX_EXTRAPOLATION,-0.05017951413996101,0.05017951413996101,0.05367410676130477,0.0824404868318595,0.08903775181406104,-0.1454844161135448,anchored_l0_replay
LOPO_position_rank,rank_5,fold,L0-B2,obs_40mm/rank5,obs_40mm,40.0,40.0,5,314,0,BBOX_EXTRAPOLATION,-0.03167634503258559,0.031781534278541426,0.03622778687924426,0.06395462921067503,0.07528963293163571,-0.13744884683507497,anchored_l0_replay
LOPO_position_rank,rank_5,fold,L0-B2,obs_46mm/rank5,obs_46mm,46.0,46.0,5,306,0,BBOX_EXTRAPOLATION,0.0068743619258521335,0.020261111555726886,0.024782606031033296,0.04459190080137887,0.06478920055980808,-0.11511910618503841,anchored_l0_replay
LOPO_position_rank,rank_5,fold,L0-B2,obs_6mm/rank5,obs_6mm,6.0,6.0,5,238,0,BBOX_EXTRAPOLATION,-0.04853337177745962,0.04853337177745962,0.05273596980335926,0.0854904776185087,0.10149790127116365,-0.0643467836732709,anchored_l0_replay
LOBO_height_band,low_1_2_6_10,fold,RAW,obs_10mm/rank1,obs_10mm,10.0,10.0,1,269,0,BBOX_EXTRAPOLATION,-0.03187672891982561,0.03404319433594545,0.04045669615456153,0.07269710242081047,0.08442837996098262,-0.03187672891982561,strict_dev_only_replay
LOBO_height_band,low_1_2_6_10,fold,H-B2,obs_10mm/rank1,obs_10mm,10.0,10.0,1,269,0,BBOX_EXTRAPOLATION,0.04933504661944056,0.04936050994445713,0.05527780085582582,0.09026838121058034,0.11025766936834203,-0.03187672891982561,strict_dev_only_replay
LOBO_height_band,low_1_2_6_10,fold,L-B2,obs_10mm/rank1,obs_10mm,10.0,10.0,1,269,0,BBOX_EXTRAPOLATION,-0.026150593807590394,0.029656985343296704,0.036127600189390235,0.06699344995245582,0.07872882068932796,-0.03187672891982561,strict_dev_only_replay
LOBO_height_band,low_1_2_6_10,fold,RAW,obs_10mm/rank2,obs_10mm,10.0,10.0,2,202,0,BBOX_EXTRAPOLATION,-0.047125042464608045,0.0473048061875669,0.051513183618879285,0.07667952034016991,0.08353107991748132,-0.047125042464608045,strict_dev_only_replay
LOBO_height_band,low_1_2_6_10,fold,H-B2,obs_10mm/rank2,obs_10mm,10.0,10.0,2,202,0,BBOX_EXTRAPOLATION,0.03462439010294258,0.03467591493966175,0.04040002503525361,0.07195365323773258,0.09026580391236022,-0.047125042464608045,strict_dev_only_replay
LOBO_height_band,low_1_2_6_10,fold,L-B2,obs_10mm/rank2,obs_10mm,10.0,10.0,2,202,0,BBOX_EXTRAPOLATION,-0.041080970430346225,0.041598769634966566,0.046052291124154515,0.0706358619799559,0.07751611330424879,-0.047125042464608045,strict_dev_only_replay
LOBO_height_band,low_1_2_6_10,fold,RAW,obs_10mm/rank3,obs_10mm,10.0,10.0,3,166,0,BBOX_EXTRAPOLATION,-0.02868136671290481,0.02929041425211518,0.03351021930376487,0.05892282408760874,0.06695363203815141,-0.02868136671290481,strict_dev_only_replay
LOBO_height_band,low_1_2_6_10,fold,H-B2,obs_10mm/rank3,obs_10mm,10.0,10.0,3,166,0,BBOX_EXTRAPOLATION,0.053685374959539636,0.053685374959539636,0.056416845472453396,0.08038341749934533,0.09910096761262649,-0.02868136671290481,strict_dev_only_replay
LOBO_height_band,low_1_2_6_10,fold,L-B2,obs_10mm/rank3,obs_10mm,10.0,10.0,3,166,0,BBOX_EXTRAPOLATION,-0.02193274230789556,0.023473809608731886,0.027958963319970626,0.05217702280096148,0.06021303240719078,-0.02868136671290481,strict_dev_only_replay
LOBO_height_band,low_1_2_6_10,fold,RAW,obs_10mm/rank4,obs_10mm,10.0,10.0,4,226,0,BBOX_EXTRAPOLATION,-0.04794004197335275,0.04794004197335275,0.051514985998876155,0.07856631531604918,0.08599390923511052,-0.04794004197335275,strict_dev_only_replay
LOBO_height_band,low_1_2_6_10,fold,H-B2,obs_10mm/rank4,obs_10mm,10.0,10.0,4,226,0,BBOX_EXTRAPOLATION,0.03477376884741506,0.03485877794395413,0.039566513207956164,0.064096715164552,0.08163557844201194,-0.04794004197335275,strict_dev_only_replay
LOBO_height_band,low_1_2_6_10,fold,L-B2,obs_10mm/rank4,obs_10mm,10.0,10.0,4,226,0,BBOX_EXTRAPOLATION,-0.04087568569279905,0.04100142053936883,0.045022135975704945,0.07152482941755522,0.07896828153963753,-0.04794004197335275,strict_dev_only_replay
LOBO_height_band,low_1_2_6_10,fold,RAW,obs_10mm/rank5,obs_10mm,10.0,10.0,5,180,0,BBOX_EXTRAPOLATION,-0.0839443228993728,0.0839443228993728,0.0856106119477883,0.11128386347453895,0.12433486639017843,-0.0839443228993728,strict_dev_only_replay
LOBO_height_band,low_1_2_6_10,fold,H-B2,obs_10mm/rank5,obs_10mm,10.0,10.0,5,180,0,BBOX_EXTRAPOLATION,-0.0010161960162394746,0.01375178489368491,0.016853768176699074,0.02969407684896695,0.04143879354777015,-0.0839443228993728,strict_dev_only_replay
LOBO_height_band,low_1_2_6_10,fold,L-B2,obs_10mm/rank5,obs_10mm,10.0,10.0,5,180,0,BBOX_EXTRAPOLATION,-0.07681008061013334,0.07681008061013334,0.07863036245769298,0.10417370128898894,0.11722667678159127,-0.0839443228993728,strict_dev_only_replay
LOBO_height_band,low_1_2_6_10,fold,RAW,obs_1mm/rank1,obs_1mm,1.0,1.001,1,315,0,BBOX_EXTRAPOLATION,0.009230615607567409,0.021171529731329353,0.025753489229382337,0.047988438069523916,0.060278412314520136,0.009230615607567409,strict_dev_only_replay
LOBO_height_band,low_1_2_6_10,fold,H-B2,obs_1mm/rank1,obs_1mm,1.0,1.001,1,315,0,BBOX_EXTRAPOLATION,0.0826776502166409,0.0826776502166409,0.08610904671870886,0.12147099834811867,0.13377148181873533,0.009230615607567409,strict_dev_only_replay
LOBO_height_band,low_1_2_6_10,fold,L-B2,obs_1mm/rank1,obs_1mm,1.0,1.001,1,315,0,BBOX_EXTRAPOLATION,0.00979067421701763,0.021356742965915134,0.02597241106171613,0.04857052728160332,0.060867331389756085,0.009230615607567409,strict_dev_only_replay
LOBO_height_band,low_1_2_6_10,fold,RAW,obs_1mm/rank2,obs_1mm,1.0,1.001,2,196,0,BBOX_EXTRAPOLATION,-0.03935235047589003,0.03935235047589003,0.04173189402295804,0.061502007105155854,0.06920246274268294,-0.03935235047589003,strict_dev_only_replay
LOBO_height_band,low_1_2_6_10,fold,H-B2,obs_1mm/rank2,obs_1mm,1.0,1.001,2,196,0,BBOX_EXTRAPOLATION,0.034551028786191686,0.034551028786191686,0.03724541953380304,0.057738711815242955,0.07072198716027311,-0.03935235047589003,strict_dev_only_replay
LOBO_height_band,low_1_2_6_10,fold,L-B2,obs_1mm/rank2,obs_1mm,1.0,1.001,2,196,0,BBOX_EXTRAPOLATION,-0.038762816783297654,0.038762816783297654,0.04117935381753605,0.06092718665734198,0.06863220799962244,-0.03935235047589003,strict_dev_only_replay
LOBO_height_band,low_1_2_6_10,fold,RAW,obs_1mm/rank3,obs_1mm,1.0,1.001,3,271,0,BBOX_EXTRAPOLATION,0.013061651144207894,0.019831477914051456,0.02321598303507821,0.03985170114894898,0.05388792729108194,0.013061651144207894,strict_dev_only_replay
LOBO_height_band,low_1_2_6_10,fold,H-B2,obs_1mm/rank3,obs_1mm,1.0,1.001,3,271,0,BBOX_EXTRAPOLATION,0.08736085747303536,0.08736085747303536,0.08944864347215005,0.11417464137179828,0.1282228899602768,0.013061651144207894,strict_dev_only_replay
LOBO_height_band,low_1_2_6_10,fold,L-B2,obs_1mm/rank3,obs_1mm,1.0,1.001,3,271,0,BBOX_EXTRAPOLATION,0.013724556397827466,0.020169521090490226,0.0236051851420971,0.0405318243040198,0.05457699405537886,0.013061651144207894,strict_dev_only_replay
LOBO_height_band,low_1_2_6_10,fold,RAW,obs_1mm/rank4,obs_1mm,1.0,1.001,4,236,0,BBOX_EXTRAPOLATION,-0.05515646482318219,0.05515646482318219,0.05789087508727366,0.08637331183688643,0.10106028325635308,-0.05515646482318219,strict_dev_only_replay
LOBO_height_band,low_1_2_6_10,fold,H-B2,obs_1mm/rank4,obs_1mm,1.0,1.001,4,236,0,BBOX_EXTRAPOLATION,0.019589237827070855,0.02210340727934815,0.026336496963898483,0.048873642372842085,0.07151364750423314,-0.05515646482318219,strict_dev_only_replay
LOBO_height_band,low_1_2_6_10,fold,L-B2,obs_1mm/rank4,obs_1mm,1.0,1.001,4,236,0,BBOX_EXTRAPOLATION,-0.05449655323723417,0.05449655323723417,0.05726619121153999,0.08573506409668719,0.10043203221644115,-0.05515646482318219,strict_dev_only_replay
LOBO_height_band,low_1_2_6_10,fold,RAW,obs_1mm/rank5,obs_1mm,1.0,1.001,5,196,0,BBOX_EXTRAPOLATION,-0.034866379324740085,0.03525757241179544,0.03847007906161787,0.06201005232033935,0.06997493580857583,-0.034866379324740085,strict_dev_only_replay
LOBO_height_band,low_1_2_6_10,fold,H-B2,obs_1mm/rank5,obs_1mm,1.0,1.001,5,196,0,BBOX_EXTRAPOLATION,0.04035019717953605,0.04035019717953605,0.04350841921011809,0.07046368983904742,0.08974764123918885,-0.034866379324740085,strict_dev_only_replay
LOBO_height_band,low_1_2_6_10,fold,L-B2,obs_1mm/rank5,obs_1mm,1.0,1.001,5,196,0,BBOX_EXTRAPOLATION,-0.03415867292605693,0.03460232590102289,0.037834465997072374,0.06132093014136197,0.06929188345743365,-0.034866379324740085,strict_dev_only_replay
LOBO_height_band,low_1_2_6_10,fold,RAW,obs_2mm/rank1,obs_2mm,2.0,2.0,1,234,0,BBOX_EXTRAPOLATION,0.00500379681894667,0.014461278854190521,0.017929868929216174,0.03493338641611173,0.05267793234694862,0.00500379681894667,strict_dev_only_replay
LOBO_height_band,low_1_2_6_10,fold,H-B2,obs_2mm/rank1,obs_2mm,2.0,2.0,1,234,0,BBOX_EXTRAPOLATION,0.0793182218535915,0.0793182218535915,0.08116810062293718,0.10559724947912252,0.12702814106143645,0.00500379681894667,strict_dev_only_replay
LOBO_height_band,low_1_2_6_10,fold,L-B2,obs_2mm/rank1,obs_2mm,2.0,2.0,1,234,0,BBOX_EXTRAPOLATION,0.006116455499799868,0.01469693435724863,0.01827998416508884,0.03512626516179437,0.053815265680157154,0.00500379681894667,strict_dev_only_replay
LOBO_height_band,low_1_2_6_10,fold,RAW,obs_2mm/rank2,obs_2mm,2.0,2.0,2,211,0,BBOX_EXTRAPOLATION,-0.03294958189728135,0.03390825601549726,0.038947825729733106,0.06625565288622848,0.08041908029992251,-0.03294958189728135,strict_dev_only_replay
LOBO_height_band,low_1_2_6_10,fold,H-B2,obs_2mm/rank2,obs_2mm,2.0,2.0,2,211,0,BBOX_EXTRAPOLATION,0.041722260870002796,0.041899906955261794,0.04661582178197998,0.07677114641747051,0.0948769351002561,-0.03294958189728135,strict_dev_only_replay
LOBO_height_band,low_1_2_6_10,fold,L-B2,obs_2mm/rank2,obs_2mm,2.0,2.0,2,211,0,BBOX_EXTRAPOLATION,-0.03177691159321467,0.03290592816779143,0.03796814416487468,0.06510460964600284,0.0792786854644163,-0.03294958189728135,strict_dev_only_replay
LOBO_height_band,low_1_2_6_10,fold,RAW,obs_2mm/rank3,obs_2mm,2.0,2.0,3,186,0,BBOX_EXTRAPOLATION,-0.05770591264596331,0.05770591264596331,0.059306725998738846,0.07975177504671904,0.09014297963030926,-0.05770591264596331,strict_dev_only_replay
LOBO_height_band,low_1_2_6_10,fold,H-B2,obs_2mm/rank3,obs_2mm,2.0,2.0,3,186,0,BBOX_EXTRAPOLATION,0.0176043069876711,0.01871782822254984,0.022305744587022894,0.04080486136210899,0.05110619945147313,-0.05770591264596331,strict_dev_only_replay
LOBO_height_band,low_1_2_6_10,fold,L-B2,obs_2mm/rank3,obs_2mm,2.0,2.0,3,186,0,BBOX_EXTRAPOLATION,-0.056426235439000494,0.056426235439000494,0.05806444708718336,0.07848513866547258,0.08888450650735535,-0.05770591264596331,strict_dev_only_replay
LOBO_height_band,low_1_2_6_10,fold,RAW,obs_2mm/rank4,obs_2mm,2.0,2.0,4,200,0,BBOX_EXTRAPOLATION,-0.021529609421860732,0.02340739789139967,0.027419271381905388,0.05061543487620107,0.06739260526775626,-0.021529609421860732,strict_dev_only_replay
LOBO_height_band,low_1_2_6_10,fold,H-B2,obs_2mm/rank4,obs_2mm,2.0,2.0,4,200,0,BBOX_EXTRAPOLATION,0.05431389868960684,0.05431389868960684,0.05691043968610516,0.08420360038864518,0.09902540813779158,-0.021529609421860732,strict_dev_only_replay
LOBO_height_band,low_1_2_6_10,fold,L-B2,obs_2mm/rank4,obs_2mm,2.0,2.0,4,200,0,BBOX_EXTRAPOLATION,-0.020121976923335012,0.02234288086521282,0.026336154791640278,0.049225778813479684,0.06601734626069344,-0.021529609421860732,strict_dev_only_replay
LOBO_height_band,low_1_2_6_10,fold,RAW,obs_6mm/rank1,obs_6mm,6.0,6.0,1,225,0,BBOX_EXTRAPOLATION,-0.006078101142415694,0.01585276067782947,0.01899097989290688,0.033612916154612905,0.04850226265348834,-0.006078101142415694,strict_dev_only_replay
LOBO_height_band,low_1_2_6_10,fold,H-B2,obs_6mm/rank1,obs_6mm,6.0,6.0,1,225,0,BBOX_EXTRAPOLATION,0.07170625414673766,0.07170625414673766,0.07393330829189432,0.10108509941215205,0.11118615445418917,-0.006078101142415694,strict_dev_only_replay
LOBO_height_band,low_1_2_6_10,fold,L-B2,obs_6mm/rank1,obs_6mm,6.0,6.0,1,225,0,BBOX_EXTRAPOLATION,-0.0026493680086994054,0.015209722775539976,0.01819865344925788,0.03283488478360397,0.0450993243340676,-0.006078101142415694,strict_dev_only_replay
LOBO_height_band,low_1_2_6_10,fold,RAW,obs_6mm/rank2,obs_6mm,6.0,6.0,2,222,0,BBOX_EXTRAPOLATION,-0.0349248221842145,0.0349248221842145,0.037286410143432376,0.056201679576262764,0.07042444405154846,-0.0349248221842145,strict_dev_only_replay
LOBO_height_band,low_1_2_6_10,fold,H-B2,obs_6mm/rank2,obs_6mm,6.0,6.0,2,222,0,BBOX_EXTRAPOLATION,0.04337032745595694,0.04337032745595694,0.04529653298233975,0.06324119176633547,0.06931178160514326,-0.0349248221842145,strict_dev_only_replay
LOBO_height_band,low_1_2_6_10,fold,L-B2,obs_6mm/rank2,obs_6mm,6.0,6.0,2,222,0,BBOX_EXTRAPOLATION,-0.03129069217548199,0.03129069217548199,0.03390921034105466,0.05259220013467605,0.06682450613897828,-0.0349248221842145,strict_dev_only_replay
LOBO_height_band,low_1_2_6_10,fold,RAW,obs_6mm/rank3,obs_6mm,6.0,6.0,3,233,0,BBOX_EXTRAPOLATION,-0.009798453286474884,0.016693674063236772,0.02105272907214719,0.04150267851968241,0.06062522966366224,-0.009798453286474884,strict_dev_only_replay
LOBO_height_band,low_1_2_6_10,fold,H-B2,obs_6mm/rank3,obs_6mm,6.0,6.0,3,233,0,BBOX_EXTRAPOLATION,0.06881864703705506,0.06881864703705506,0.0712991793464766,0.09839737712968023,0.10924949959791397,-0.009798453286474884,strict_dev_only_replay
LOBO_height_band,low_1_2_6_10,fold,L-B2,obs_6mm/rank3,obs_6mm,6.0,6.0,3,233,0,BBOX_EXTRAPOLATION,-0.005938492317140669,0.015305649811399417,0.019566122864571087,0.03765950972813385,0.05679243403960044,-0.009798453286474884,strict_dev_only_replay
LOBO_height_band,low_1_2_6_10,fold,RAW,obs_6mm/rank4,obs_6mm,6.0,6.0,4,247,0,BBOX_EXTRAPOLATION,0.004902534352473064,0.017979321042834187,0.02287110448047458,0.04698055496857405,0.05679207414039933,0.004902534352473064,strict_dev_only_replay
LOBO_height_band,low_1_2_6_10,fold,H-B2,obs_6mm/rank4,obs_6mm,6.0,6.0,4,247,0,BBOX_EXTRAPOLATION,0.08419071332214163,0.08419071332214163,0.08711160807741002,0.11900285220722734,0.1325193574703487,0.004902534352473064,strict_dev_only_replay
LOBO_height_band,low_1_2_6_10,fold,L-B2,obs_6mm/rank4,obs_6mm,6.0,6.0,4,247,0,BBOX_EXTRAPOLATION,0.009126108631495431,0.019126144116270692,0.0241511517701738,0.048675290048628736,0.05744173812978204,0.004902534352473064,strict_dev_only_replay
LOBO_height_band,low_1_2_6_10,fold,RAW,obs_6mm/rank5,obs_6mm,6.0,6.0,5,238,0,BBOX_EXTRAPOLATION,-0.0643467836732709,0.0643467836732709,0.06755683349727253,0.10121109904372301,0.11717364850478962,-0.0643467836732709,strict_dev_only_replay
LOBO_height_band,low_1_2_6_10,fold,H-B2,obs_6mm/rank5,obs_6mm,6.0,6.0,5,238,0,BBOX_EXTRAPOLATION,0.015155708641174688,0.021973165924762932,0.025571907789163094,0.04754404406570035,0.0604678227357795,-0.0643467836732709,strict_dev_only_replay
LOBO_height_band,low_1_2_6_10,fold,L-B2,obs_6mm/rank5,obs_6mm,6.0,6.0,5,238,0,BBOX_EXTRAPOLATION,-0.060084173994555415,0.060084173994555415,0.06351523375023657,0.09697869416320833,0.11295029929936362,-0.0643467836732709,strict_dev_only_replay
LOBO_height_band,low_1_2_6_10,fold,L0-B2,obs_10mm/rank1,obs_10mm,10.0,10.0,1,269,0,BBOX_EXTRAPOLATION,-0.003464884530521629,0.020812760699557398,0.02522261165044469,0.04942803572417453,0.05758578922230839,-0.03187672891982561,anchored_l0_replay
LOBO_height_band,low_1_2_6_10,fold,L0-B2,obs_10mm/rank2,obs_10mm,10.0,10.0,2,202,0,BBOX_EXTRAPOLATION,-0.01870412635119601,0.024259332751457113,0.028020308370439184,0.04834123929265352,0.055214773858052624,-0.047125042464608045,anchored_l0_replay
LOBO_height_band,low_1_2_6_10,fold,L0-B2,obs_10mm/rank3,obs_10mm,10.0,10.0,3,166,0,BBOX_EXTRAPOLATION,-0.0001681356442342807,0.014017507903790874,0.01737983593959271,0.03301476216962218,0.045333060726987284,-0.02868136671290481,anchored_l0_replay
LOBO_height_band,low_1_2_6_10,fold,L0-B2,obs_10mm/rank4,obs_10mm,10.0,10.0,4,226,0,BBOX_EXTRAPOLATION,-0.019452242893750773,0.02219021062895816,0.027128842706626948,0.05016608067220485,0.057615013626289624,-0.04794004197335275,anchored_l0_replay
LOBO_height_band,low_1_2_6_10,fold,L0-B2,obs_10mm/rank5,obs_10mm,10.0,10.0,5,180,0,BBOX_EXTRAPOLATION,-0.05553383571811825,0.05553383571811825,0.05803566015332198,0.08294870019584034,0.09604108616903773,-0.0839443228993728,anchored_l0_replay
LOBO_height_band,low_1_2_6_10,fold,L0-B2,obs_1mm/rank1,obs_1mm,1.0,1.001,1,315,0,BBOX_EXTRAPOLATION,0.012058050814075306,0.022252051738325597,0.026958337009968133,0.050926122959876315,0.06325117991449059,0.009230615607567409,anchored_l0_replay
LOBO_height_band,low_1_2_6_10,fold,L0-B2,obs_1mm/rank2,obs_1mm,1.0,1.001,2,196,0,BBOX_EXTRAPOLATION,-0.03661097723126177,0.03661097723126177,0.03917168908425474,0.058825723019098136,0.06654812962149093,-0.03935235047589003,anchored_l0_replay
LOBO_height_band,low_1_2_6_10,fold,L0-B2,obs_1mm/rank3,obs_1mm,1.0,1.001,3,271,0,BBOX_EXTRAPOLATION,0.015967161184481573,0.02139544834314236,0.02500849002236297,0.042833773149613785,0.05691010183263967,0.013061651144207894,anchored_l0_replay
LOBO_height_band,low_1_2_6_10,fold,L0-B2,obs_1mm/rank4,obs_1mm,1.0,1.001,4,236,0,BBOX_EXTRAPOLATION,-0.05244393812890937,0.05244393812890937,0.05532857884020234,0.08374989003500102,0.09847885761617081,-0.05515646482318219,anchored_l0_replay
LOBO_height_band,low_1_2_6_10,fold,L0-B2,obs_1mm/rank5,obs_1mm,1.0,1.001,5,196,0,BBOX_EXTRAPOLATION,-0.03205858187086581,0.03269187403694548,0.035964658965678464,0.059277609557830846,0.06726667883775983,-0.034866379324740085,anchored_l0_replay
LOBO_height_band,low_1_2_6_10,fold,L0-B2,obs_2mm/rank1,obs_2mm,2.0,2.0,1,234,0,BBOX_EXTRAPOLATION,0.010674387363574112,0.01620540613467859,0.02029924525210553,0.03700291366033072,0.058482968645560796,0.00500379681894667,anchored_l0_replay
LOBO_height_band,low_1_2_6_10,fold,L0-B2,obs_2mm/rank2,obs_2mm,2.0,2.0,2,211,0,BBOX_EXTRAPOLATION,-0.027353766326015834,0.02918173263686585,0.03438001096976016,0.060756634482603156,0.07496228183419973,-0.03294958189728135,anchored_l0_replay
LOBO_height_band,low_1_2_6_10,fold,L0-B2,obs_2mm/rank3,obs_2mm,2.0,2.0,3,186,0,BBOX_EXTRAPOLATION,-0.05215310508969428,0.05215310508969428,0.05392897183009706,0.07426212181499109,0.08468285300455314,-0.05770591264596331,anchored_l0_replay
LOBO_height_band,low_1_2_6_10,fold,L0-B2,obs_2mm/rank4,obs_2mm,2.0,2.0,4,200,0,BBOX_EXTRAPOLATION,-0.015853222755275908,0.019333106671253222,0.023265153208853858,0.04502292148151723,0.06184721587591313,-0.021529609421860732,anchored_l0_replay
LOBO_height_band,low_1_2_6_10,fold,L0-B2,obs_6mm/rank1,obs_6mm,6.0,6.0,1,225,0,BBOX_EXTRAPOLATION,0.010980394411724841,0.017145765528167264,0.02112298150952348,0.04041600220706911,0.05053566961831368,-0.006078101142415694,anchored_l0_replay
LOBO_height_band,low_1_2_6_10,fold,L0-B2,obs_6mm/rank2,obs_6mm,6.0,6.0,2,222,0,BBOX_EXTRAPOLATION,-0.017890909378105717,0.018456250886582707,0.022171850474691057,0.0392302960974328,0.053493811632435495,-0.0349248221842145,anchored_l0_replay
LOBO_height_band,low_1_2_6_10,fold,L0-B2,obs_6mm/rank3,obs_6mm,6.0,6.0,3,233,0,BBOX_EXTRAPOLATION,0.007325554946901219,0.01595080221627178,0.02007156164704936,0.04117640108387571,0.04784833010180467,-0.009798453286474884,anchored_l0_replay
LOBO_height_band,low_1_2_6_10,fold,L0-B2,obs_6mm/rank4,obs_6mm,6.0,6.0,4,247,0,BBOX_EXTRAPOLATION,0.022108019063313975,0.02639390091332334,0.03147548592963611,0.056977514038378176,0.07052208778373092,0.004902534352473064,anchored_l0_replay
LOBO_height_band,low_1_2_6_10,fold,L0-B2,obs_6mm/rank5,obs_6mm,6.0,6.0,5,238,0,BBOX_EXTRAPOLATION,-0.04732229127852814,0.04732229127852814,0.05162519305656476,0.08428650357890549,0.10029736392707544,-0.0643467836732709,anchored_l0_replay
LOBO_height_band,mid_20_30,fold,RAW,obs_20mm/rank1,obs_20mm,20.0,20.0,1,250,0,IN_DOMAIN,-0.04917071492830772,0.04917071492830772,0.05060293123057805,0.0707999008458783,0.08191337895215511,-0.04917071492830772,strict_dev_only_replay
LOBO_height_band,mid_20_30,fold,H-B2,obs_20mm/rank1,obs_20mm,20.0,20.0,1,250,0,IN_DOMAIN,0.010430354807613644,0.013579048331685077,0.015886593081434978,0.027677426316044095,0.036313104217673135,-0.04917071492830772,strict_dev_only_replay
LOBO_height_band,mid_20_30,fold,L-B2,obs_20mm/rank1,obs_20mm,20.0,20.0,1,250,0,IN_DOMAIN,-0.02966975428945659,0.02966975428945659,0.031994424251170994,0.05133434725129077,0.06248586908482423,-0.04917071492830772,strict_dev_only_replay
LOBO_height_band,mid_20_30,fold,RAW,obs_20mm/rank2,obs_20mm,20.0,20.0,2,269,0,IN_DOMAIN,-0.08027046773112485,0.08027046773112485,0.08266804163365475,0.11083739362907892,0.12086805131320588,-0.08027046773112485,strict_dev_only_replay
LOBO_height_band,mid_20_30,fold,H-B2,obs_20mm/rank2,obs_20mm,20.0,20.0,2,269,0,IN_DOMAIN,-0.019322323177165958,0.023860365536128973,0.027695952917531814,0.050005464339655865,0.060031608958595634,-0.08027046773112485,strict_dev_only_replay
LOBO_height_band,mid_20_30,fold,L-B2,obs_20mm/rank2,obs_20mm,20.0,20.0,2,269,0,IN_DOMAIN,-0.06019158435296274,0.06019158435296274,0.06336705879740913,0.09082291074783767,0.1008471082476845,-0.08027046773112485,strict_dev_only_replay
LOBO_height_band,mid_20_30,fold,RAW,obs_20mm/rank3,obs_20mm,20.0,20.0,3,244,0,IN_DOMAIN,-0.07494821377394428,0.07494821377394428,0.07913284786584963,0.12376677247776938,0.14942505948785012,-0.07494821377394428,strict_dev_only_replay
LOBO_height_band,mid_20_30,fold,H-B2,obs_20mm/rank3,obs_20mm,20.0,20.0,3,244,0,IN_DOMAIN,-0.012559555239298354,0.021515406333245172,0.028402069408392842,0.06150431957342687,0.08725572527375884,-0.07494821377394428,strict_dev_only_replay
LOBO_height_band,mid_20_30,fold,L-B2,obs_20mm/rank3,obs_20mm,20.0,20.0,3,244,0,IN_DOMAIN,-0.0534214895521307,0.0534214895521307,0.05916933478147639,0.10230888164305722,0.12802169991350354,-0.07494821377394428,strict_dev_only_replay
LOBO_height_band,mid_20_30,fold,RAW,obs_20mm/rank4,obs_20mm,20.0,20.0,4,203,0,IN_DOMAIN,-0.1049702552805971,0.1049702552805971,0.10568937062764656,0.12302911562101748,0.13078303980694272,-0.1049702552805971,strict_dev_only_replay
LOBO_height_band,mid_20_30,fold,H-B2,obs_20mm/rank4,obs_20mm,20.0,20.0,4,203,0,IN_DOMAIN,-0.04173007835417378,0.04173007835417378,0.04351038575875525,0.0598572324518048,0.06754857219138741,-0.1049702552805971,strict_dev_only_replay
LOBO_height_band,mid_20_30,fold,L-B2,obs_20mm/rank4,obs_20mm,20.0,20.0,4,203,0,IN_DOMAIN,-0.08284346353123921,0.08284346353123921,0.08375321115570432,0.10094409949400926,0.10865048093410223,-0.1049702552805971,strict_dev_only_replay
LOBO_height_band,mid_20_30,fold,RAW,obs_20mm/rank5,obs_20mm,20.0,20.0,5,236,0,IN_DOMAIN,-0.13118128734168816,0.13118128734168816,0.13344156276969402,0.17156219664070615,0.17916771482873983,-0.13118128734168816,strict_dev_only_replay
LOBO_height_band,mid_20_30,fold,H-B2,obs_20mm/rank5,obs_20mm,20.0,20.0,5,236,0,IN_DOMAIN,-0.06740037174125076,0.06740037174125076,0.07171815333118121,0.10787536575990489,0.11548231681799824,-0.13118128734168816,strict_dev_only_replay
LOBO_height_band,mid_20_30,fold,L-B2,obs_20mm/rank5,obs_20mm,20.0,20.0,5,236,0,IN_DOMAIN,-0.10905811606670908,0.10905811606670908,0.11177287755400502,0.14949554815798827,0.15709073122776118,-0.13118128734168816,strict_dev_only_replay
LOBO_height_band,mid_20_30,fold,RAW,obs_30mm/rank1,obs_30mm,30.0,30.0,1,261,0,IN_DOMAIN,-0.09685571900937462,0.09685571900937462,0.09743122163467086,0.114382588770408,0.123459746275952,-0.09685571900937462,strict_dev_only_replay
LOBO_height_band,mid_20_30,fold,H-B2,obs_30mm/rank1,obs_30mm,30.0,30.0,1,261,0,IN_DOMAIN,-0.016116214432789037,0.016464044188334914,0.019288741235538382,0.03368067153207312,0.04278391512917798,-0.09685571900937462,strict_dev_only_replay
LOBO_height_band,mid_20_30,fold,L-B2,obs_30mm/rank1,obs_30mm,30.0,30.0,1,261,0,IN_DOMAIN,-0.06735138324850734,0.06735138324850734,0.06817876352008927,0.08489555293203921,0.09400192596359602,-0.09685571900937462,strict_dev_only_replay
LOBO_height_band,mid_20_30,fold,RAW,obs_30mm/rank2,obs_30mm,30.0,30.0,2,264,0,IN_DOMAIN,-0.12331873611946821,0.12331873611946821,0.12417690373002188,0.1455226625753568,0.159992728877402,-0.12331873611946821,strict_dev_only_replay
LOBO_height_band,mid_20_30,fold,H-B2,obs_30mm/rank2,obs_30mm,30.0,30.0,2,264,0,IN_DOMAIN,-0.041333070137851265,0.041333070137851265,0.04384198758934891,0.06361632999797842,0.07800769936024053,-0.12331873611946821,strict_dev_only_replay
LOBO_height_band,mid_20_30,fold,L-B2,obs_30mm/rank2,obs_30mm,30.0,30.0,2,264,0,IN_DOMAIN,-0.09272478548466585,0.09272478548466585,0.09386755402654295,0.11498342504385803,0.1293619813801925,-0.12331873611946821,strict_dev_only_replay
LOBO_height_band,mid_20_30,fold,RAW,obs_30mm/rank3,obs_30mm,30.0,30.0,3,248,0,IN_DOMAIN,-0.08428851073073206,0.08428851073073206,0.08486039025624062,0.10027155144681245,0.104399276425475,-0.08428851073073206,strict_dev_only_replay
LOBO_height_band,mid_20_30,fold,H-B2,obs_30mm/rank3,obs_30mm,30.0,30.0,3,248,0,IN_DOMAIN,-0.0007196577935907735,0.007993300395690175,0.009881565278791924,0.019378327996128316,0.026729599869992772,-0.08428851073073206,strict_dev_only_replay
LOBO_height_band,mid_20_30,fold,L-B2,obs_30mm/rank3,obs_30mm,30.0,30.0,3,248,0,IN_DOMAIN,-0.05162525557705147,0.05162525557705147,0.05255567890970908,0.06764599069350295,0.07182394726948615,-0.08428851073073206,strict_dev_only_replay
LOBO_height_band,mid_20_30,fold,RAW,obs_30mm/rank4,obs_30mm,30.0,30.0,4,284,0,IN_DOMAIN,-0.08511425436863532,0.08511425436863532,0.08708207481214923,0.11285997054104381,0.12670382967152,-0.08511425436863532,strict_dev_only_replay
LOBO_height_band,mid_20_30,fold,H-B2,obs_30mm/rank4,obs_30mm,30.0,30.0,4,284,0,IN_DOMAIN,-0.0007411499455548195,0.015034103199495916,0.018462499606618218,0.03240107864839723,0.05545900740472734,-0.08511425436863532,strict_dev_only_replay
LOBO_height_band,mid_20_30,fold,L-B2,obs_30mm/rank4,obs_30mm,30.0,30.0,4,284,0,IN_DOMAIN,-0.05160175581900134,0.051692082901925056,0.05479414436049884,0.07934655431003321,0.09320259148925913,-0.08511425436863532,strict_dev_only_replay
LOBO_height_band,mid_20_30,fold,RAW,obs_30mm/rank5,obs_30mm,30.0,30.0,5,290,0,HULL_EXTRAPOLATION,-0.16927470859732058,0.16927470859732058,0.17001806421022617,0.19508443817183355,0.207368114657591,-0.16927470859732058,strict_dev_only_replay
LOBO_height_band,mid_20_30,fold,H-B2,obs_30mm/rank5,obs_30mm,30.0,30.0,5,290,0,HULL_EXTRAPOLATION,-0.08445478429308424,0.08445478429308424,0.08594035653084074,0.11032021707967761,0.12260320869233257,-0.16927470859732058,strict_dev_only_replay
LOBO_height_band,mid_20_30,fold,L-B2,obs_30mm/rank5,obs_30mm,30.0,30.0,5,290,0,HULL_EXTRAPOLATION,-0.13533919475286077,0.13533919475286077,0.13626877973431165,0.16118138198187176,0.1734209453396076,-0.16927470859732058,strict_dev_only_replay
LOBO_height_band,mid_20_30,fold,L0-B2,obs_20mm/rank1,obs_20mm,20.0,20.0,1,250,0,IN_DOMAIN,0.003356383273663809,0.010301823567094814,0.012446501523193914,0.02295629130208798,0.029470980668751423,-0.04917071492830772,anchored_l0_replay
LOBO_height_band,mid_20_30,fold,L0-B2,obs_20mm/rank2,obs_20mm,20.0,20.0,2,269,0,IN_DOMAIN,-0.027787761139953886,0.029760958187360315,0.03413130644937374,0.058437736456401976,0.06849354098009286,-0.08027046773112485,anchored_l0_replay
LOBO_height_band,mid_20_30,fold,L0-B2,obs_20mm/rank3,obs_20mm,20.0,20.0,3,244,0,IN_DOMAIN,-0.022375029869139227,0.025498631958652596,0.033895036445106164,0.07132322323107958,0.09705063711205852,-0.07494821377394428,anchored_l0_replay
LOBO_height_band,mid_20_30,fold,L0-B2,obs_20mm/rank4,obs_20mm,20.0,20.0,4,203,0,IN_DOMAIN,-0.05243678399537197,0.05243678399537197,0.053869279309002115,0.07054385793236655,0.07831695252579252,-0.1049702552805971,anchored_l0_replay
LOBO_height_band,mid_20_30,fold,L0-B2,obs_20mm/rank5,obs_20mm,20.0,20.0,5,236,0,IN_DOMAIN,-0.07869554653065898,0.07869554653065898,0.08242728990300976,0.1191808831633896,0.12680970473389053,-0.13118128734168816,anchored_l0_replay
LOBO_height_band,mid_20_30,fold,L0-B2,obs_30mm/rank1,obs_30mm,30.0,30.0,1,261,0,IN_DOMAIN,-0.018077465063370265,0.018238280026516184,0.02095715442956336,0.03565116977554794,0.04475257833649593,-0.09685571900937462,anchored_l0_replay
LOBO_height_band,mid_20_30,fold,L0-B2,obs_30mm/rank2,obs_30mm,30.0,30.0,2,264,0,IN_DOMAIN,-0.04457650782058131,0.04457650782058131,0.04691062476999545,0.06684114576544395,0.08134203310137877,-0.12331873611946821,anchored_l0_replay
LOBO_height_band,mid_20_30,fold,L0-B2,obs_30mm/rank3,obs_30mm,30.0,30.0,3,248,0,IN_DOMAIN,-0.005337080607314053,0.009185488965399237,0.011212839926134675,0.02196547480708374,0.02550429321425085,-0.08428851073073206,anchored_l0_replay
LOBO_height_band,mid_20_30,fold,L0-B2,obs_30mm/rank4,obs_30mm,30.0,30.0,4,284,0,IN_DOMAIN,-0.00610815671375705,0.015588782702158155,0.01944105634433169,0.037355938965319836,0.05007881002190473,-0.08511425436863532,anchored_l0_replay
LOBO_height_band,mid_20_30,fold,L0-B2,obs_30mm/rank5,obs_30mm,30.0,30.0,5,290,0,HULL_EXTRAPOLATION,-0.09047605757842199,0.09047605757842199,0.09186679649181469,0.11635322820322111,0.1286790580358783,-0.16927470859732058,anchored_l0_replay
LOBO_height_band,high_36_40_46,fold,RAW,obs_36mm/rank1,obs_36mm,36.0,36.0,1,252,0,BBOX_EXTRAPOLATION,-0.07394823639818404,0.07394823639818404,0.07553346570580192,0.09986225531843794,0.111668025340414,-0.07394823639818404,strict_dev_only_replay
LOBO_height_band,high_36_40_46,fold,H-B2,obs_36mm/rank1,obs_36mm,36.0,36.0,1,252,0,BBOX_EXTRAPOLATION,0.05774015388932105,0.05774015388932105,0.059773974546237736,0.0821902649751976,0.0865097159128312,-0.07394823639818404,strict_dev_only_replay
LOBO_height_band,high_36_40_46,fold,L-B2,obs_36mm/rank1,obs_36mm,36.0,36.0,1,252,0,BBOX_EXTRAPOLATION,-0.05873428881508031,0.05873428881508031,0.06073098365132802,0.08474865865732255,0.09655844010178782,-0.07394823639818404,strict_dev_only_replay
LOBO_height_band,high_36_40_46,fold,RAW,obs_36mm/rank2,obs_36mm,36.0,36.0,2,285,0,BBOX_EXTRAPOLATION,-0.12057595430857165,0.12057595430857165,0.12193154535924762,0.1513699643959784,0.171236698933669,-0.12057595430857165,strict_dev_only_replay
LOBO_height_band,high_36_40_46,fold,H-B2,obs_36mm/rank2,obs_36mm,36.0,36.0,2,285,0,BBOX_EXTRAPOLATION,0.012180220332059902,0.018046307978682945,0.021928366349615477,0.042360125823163654,0.050054566868400235,-0.12057595430857165,strict_dev_only_replay
LOBO_height_band,high_36_40_46,fold,L-B2,obs_36mm/rank2,obs_36mm,36.0,36.0,2,285,0,BBOX_EXTRAPOLATION,-0.1051362752707888,0.1051362752707888,0.10669708095751086,0.13608406297149855,0.15593219333855046,-0.12057595430857165,strict_dev_only_replay
LOBO_height_band,high_36_40_46,fold,RAW,obs_36mm/rank3,obs_36mm,36.0,36.0,3,286,0,BBOX_EXTRAPOLATION,-0.05989100022381755,0.05989100022381755,0.062397870764587665,0.08948605434449415,0.111831404263555,-0.05989100022381755,strict_dev_only_replay
LOBO_height_band,high_36_40_46,fold,H-B2,obs_36mm/rank3,obs_36mm,36.0,36.0,3,286,0,BBOX_EXTRAPOLATION,0.07511930674804046,0.07511930674804046,0.07715283785866356,0.10079900454450505,0.11087636747049995,-0.05989100022381755,strict_dev_only_replay
LOBO_height_band,high_36_40_46,fold,L-B2,obs_36mm/rank3,obs_36mm,36.0,36.0,3,286,0,BBOX_EXTRAPOLATION,-0.041815764477907316,0.041815764477907316,0.045348770424990165,0.07144691964291283,0.0938650103551879,-0.05989100022381755,strict_dev_only_replay
LOBO_height_band,high_36_40_46,fold,RAW,obs_36mm/rank4,obs_36mm,36.0,36.0,4,321,0,BBOX_EXTRAPOLATION,-0.11896859712659688,0.11896859712659688,0.11954402263544103,0.141097245736098,0.150866943243585,-0.11896859712659688,strict_dev_only_replay
LOBO_height_band,high_36_40_46,fold,H-B2,obs_36mm/rank4,obs_36mm,36.0,36.0,4,321,0,BBOX_EXTRAPOLATION,0.01763320134498099,0.018670576155787728,0.021209256162008774,0.036297443370531646,0.047272605123549555,-0.11896859712659688,strict_dev_only_replay
LOBO_height_band,high_36_40_46,fold,L-B2,obs_36mm/rank4,obs_36mm,36.0,36.0,4,321,0,BBOX_EXTRAPOLATION,-0.09904371627690371,0.09904371627690371,0.09973906483546877,0.12128947966973413,0.13107431860508711,-0.11896859712659688,strict_dev_only_replay
LOBO_height_band,high_36_40_46,fold,RAW,obs_36mm/rank5,obs_36mm,36.0,36.0,5,317,0,BBOX_EXTRAPOLATION,-0.1454844161135448,0.1454844161135448,0.14671985722056652,0.1776599709950602,0.184240320457413,-0.1454844161135448,strict_dev_only_replay
LOBO_height_band,high_36_40_46,fold,H-B2,obs_36mm/rank5,obs_36mm,36.0,36.0,5,317,0,BBOX_EXTRAPOLATION,-0.00744725224592375,0.01679070116864482,0.020474366807326578,0.03975379239578999,0.04634265222507719,-0.1454844161135448,strict_dev_only_replay
LOBO_height_band,high_36_40_46,fold,L-B2,obs_36mm/rank5,obs_36mm,36.0,36.0,5,0,317,BBOX_EXTRAPOLATION,,,,,,-0.1454844161135448,strict_dev_only_replay
LOBO_height_band,high_36_40_46,fold,RAW,obs_40mm/rank1,obs_40mm,40.0,40.0,1,209,0,BBOX_EXTRAPOLATION,-0.08948260628230172,0.08948260628230172,0.09221481309781782,0.123197079170764,0.134938389030403,-0.08948260628230172,strict_dev_only_replay
LOBO_height_band,high_36_40_46,fold,H-B2,obs_40mm/rank1,obs_40mm,40.0,40.0,1,209,0,BBOX_EXTRAPOLATION,0.055676978575555626,0.055676978575555626,0.06000333813653342,0.09168386398077293,0.11003777763967003,-0.08948260628230172,strict_dev_only_replay
LOBO_height_band,high_36_40_46,fold,L-B2,obs_40mm/rank1,obs_40mm,40.0,40.0,1,0,209,BBOX_EXTRAPOLATION,,,,,,-0.08948260628230172,strict_dev_only_replay
LOBO_height_band,high_36_40_46,fold,RAW,obs_40mm/rank2,obs_40mm,40.0,40.0,2,342,0,BBOX_EXTRAPOLATION,-0.09081367507939357,0.09081367507939357,0.0949680614734632,0.13401196270322263,0.158187581397826,-0.09081367507939357,strict_dev_only_replay
LOBO_height_band,high_36_40_46,fold,H-B2,obs_40mm/rank2,obs_40mm,40.0,40.0,2,342,0,BBOX_EXTRAPOLATION,0.05471011124053538,0.05486244246358876,0.06138661822167062,0.10174578076858082,0.12896538631959892,-0.09081367507939357,strict_dev_only_replay
LOBO_height_band,high_36_40_46,fold,L-B2,obs_40mm/rank2,obs_40mm,40.0,40.0,2,0,342,BBOX_EXTRAPOLATION,,,,,,-0.09081367507939357,strict_dev_only_replay
LOBO_height_band,high_36_40_46,fold,RAW,obs_40mm/rank3,obs_40mm,40.0,40.0,3,277,0,BBOX_EXTRAPOLATION,-0.07343035600605043,0.07343035600605043,0.07503059511021366,0.09825004457722596,0.109607556953328,-0.07343035600605043,strict_dev_only_replay
LOBO_height_band,high_36_40_46,fold,H-B2,obs_40mm/rank3,obs_40mm,40.0,40.0,3,277,0,BBOX_EXTRAPOLATION,0.07443022082189027,0.07443022082189027,0.07602637902672975,0.10013213324022012,0.11159991649453446,-0.07343035600605043,strict_dev_only_replay
LOBO_height_band,high_36_40_46,fold,L-B2,obs_40mm/rank3,obs_40mm,40.0,40.0,3,0,277,BBOX_EXTRAPOLATION,,,,,,-0.07343035600605043,strict_dev_only_replay
LOBO_height_band,high_36_40_46,fold,RAW,obs_40mm/rank4,obs_40mm,40.0,40.0,4,296,0,BBOX_EXTRAPOLATION,-0.07426768246980651,0.07426768246980651,0.07635190408725147,0.1065837739308505,0.11601094498306,-0.07426768246980651,strict_dev_only_replay
LOBO_height_band,high_36_40_46,fold,H-B2,obs_40mm/rank4,obs_40mm,40.0,40.0,4,296,0,BBOX_EXTRAPOLATION,0.07545193622680989,0.07545193622680989,0.07751194819660746,0.10151533226581788,0.12378267662720512,-0.07426768246980651,strict_dev_only_replay
LOBO_height_band,high_36_40_46,fold,L-B2,obs_40mm/rank4,obs_40mm,40.0,40.0,4,0,296,BBOX_EXTRAPOLATION,,,,,,-0.07426768246980651,strict_dev_only_replay
LOBO_height_band,high_36_40_46,fold,RAW,obs_40mm/rank5,obs_40mm,40.0,40.0,5,314,0,BBOX_EXTRAPOLATION,-0.13744884683507497,0.13744884683507497,0.1385646029841431,0.16974203745438793,0.180959608165473,-0.13744884683507497,strict_dev_only_replay
LOBO_height_band,high_36_40_46,fold,H-B2,obs_40mm/rank5,obs_40mm,40.0,40.0,5,314,0,BBOX_EXTRAPOLATION,0.014047161086241298,0.019295447794826413,0.022519223716592415,0.04008412136456864,0.05535332824520714,-0.13744884683507497,strict_dev_only_replay
LOBO_height_band,high_36_40_46,fold,L-B2,obs_40mm/rank5,obs_40mm,40.0,40.0,5,0,314,BBOX_EXTRAPOLATION,,,,,,-0.13744884683507497,strict_dev_only_replay
LOBO_height_band,high_36_40_46,fold,RAW,obs_46mm/rank1,obs_46mm,46.0,46.0,1,306,0,BBOX_EXTRAPOLATION,-0.1289916855481588,0.1289916855481588,0.13117492242596887,0.16603812350536976,0.182887071361819,-0.1289916855481588,strict_dev_only_replay
LOBO_height_band,high_36_40_46,fold,H-B2,obs_46mm/rank1,obs_46mm,46.0,46.0,1,306,0,BBOX_EXTRAPOLATION,0.03634071566109879,0.03706660070620576,0.04350591594038075,0.07557954066081547,0.08967577319994735,-0.1289916855481588,strict_dev_only_replay
LOBO_height_band,high_36_40_46,fold,L-B2,obs_46mm/rank1,obs_46mm,46.0,46.0,1,0,306,BBOX_EXTRAPOLATION,,,,,,-0.1289916855481588,strict_dev_only_replay
LOBO_height_band,high_36_40_46,fold,RAW,obs_46mm/rank2,obs_46mm,46.0,46.0,2,334,0,BBOX_EXTRAPOLATION,-0.13567246909563102,0.13567246909563102,0.13856282333935369,0.1764217582613864,0.206160746827813,-0.13567246909563102,strict_dev_only_replay
LOBO_height_band,high_36_40_46,fold,H-B2,obs_46mm/rank2,obs_46mm,46.0,46.0,2,334,0,BBOX_EXTRAPOLATION,0.030125442192503984,0.03294614077475122,0.04127501466005905,0.07605113258905723,0.10814315439021749,-0.13567246909563102,strict_dev_only_replay
LOBO_height_band,high_36_40_46,fold,L-B2,obs_46mm/rank2,obs_46mm,46.0,46.0,2,0,334,BBOX_EXTRAPOLATION,,,,,,-0.13567246909563102,strict_dev_only_replay
LOBO_height_band,high_36_40_46,fold,RAW,obs_46mm/rank3,obs_46mm,46.0,46.0,3,305,0,BBOX_EXTRAPOLATION,-0.10401412147723794,0.10401412147723794,0.10658518146670178,0.1437207129847166,0.163243703417706,-0.10401412147723794,strict_dev_only_replay
LOBO_height_band,high_36_40_46,fold,H-B2,obs_46mm/rank3,obs_46mm,46.0,46.0,3,305,0,BBOX_EXTRAPOLATION,0.06484663155831126,0.06484663155831126,0.06891356610240505,0.10524075110637517,0.12151669594184997,-0.10401412147723794,strict_dev_only_replay
LOBO_height_band,high_36_40_46,fold,L-B2,obs_46mm/rank3,obs_46mm,46.0,46.0,3,0,305,BBOX_EXTRAPOLATION,,,,,,-0.10401412147723794,strict_dev_only_replay
LOBO_height_band,high_36_40_46,fold,RAW,obs_46mm/rank4,obs_46mm,46.0,46.0,4,208,0,BBOX_EXTRAPOLATION,-0.10594850134081855,0.10594850134081855,0.10737404364524927,0.13328435207245384,0.14320728873809,-0.10594850134081855,strict_dev_only_replay
LOBO_height_band,high_36_40_46,fold,H-B2,obs_46mm/rank4,obs_46mm,46.0,46.0,4,208,0,BBOX_EXTRAPOLATION,0.06461559084097673,0.06461559084097673,0.0669596089620726,0.09382231951804978,0.10105590080901655,-0.10594850134081855,strict_dev_only_replay
LOBO_height_band,high_36_40_46,fold,L-B2,obs_46mm/rank4,obs_46mm,46.0,46.0,4,0,208,BBOX_EXTRAPOLATION,,,,,,-0.10594850134081855,strict_dev_only_replay
LOBO_height_band,high_36_40_46,fold,RAW,obs_46mm/rank5,obs_46mm,46.0,46.0,5,306,0,BBOX_EXTRAPOLATION,-0.11511910618503841,0.11511910618503841,0.11754301446706147,0.15294461916480123,0.165618892631912,-0.11511910618503841,strict_dev_only_replay
LOBO_height_band,high_36_40_46,fold,H-B2,obs_46mm/rank5,obs_46mm,46.0,46.0,5,306,0,BBOX_EXTRAPOLATION,0.05657579965839512,0.05657579965839512,0.061380430344137725,0.09427489459180383,0.11449491402042566,-0.11511910618503841,strict_dev_only_replay
LOBO_height_band,high_36_40_46,fold,L-B2,obs_46mm/rank5,obs_46mm,46.0,46.0,5,0,306,BBOX_EXTRAPOLATION,,,,,,-0.11511910618503841,strict_dev_only_replay
LOBO_height_band,high_36_40_46,fold,L0-B2,obs_36mm/rank1,obs_36mm,36.0,36.0,1,252,0,BBOX_EXTRAPOLATION,0.07080737718900508,0.07080737718900508,0.07247412187723341,0.09526099753053714,0.099568971494854,-0.07394823639818404,anchored_l0_replay
LOBO_height_band,high_36_40_46,fold,L0-B2,obs_36mm/rank2,obs_36mm,36.0,36.0,2,285,0,BBOX_EXTRAPOLATION,0.02410916556385658,0.02569967616805492,0.030202350953737432,0.05421611920866099,0.06190934246897939,-0.12057595430857165,anchored_l0_replay
LOBO_height_band,high_36_40_46,fold,L0-B2,obs_36mm/rank3,obs_36mm,36.0,36.0,3,286,0,BBOX_EXTRAPOLATION,0.08504198638420292,0.08504198638420292,0.08684030936619544,0.11067799907827869,0.1207567737147599,-0.05989100022381755,anchored_l0_replay
LOBO_height_band,high_36_40_46,fold,L0-B2,obs_36mm/rank4,obs_36mm,36.0,36.0,4,321,0,BBOX_EXTRAPOLATION,0.025833550907733895,0.025971113347165384,0.028386215134891653,0.04443284779953416,0.055412773932737025,-0.11896859712659688,anchored_l0_replay
LOBO_height_band,high_36_40_46,fold,L0-B2,obs_36mm/rank5,obs_36mm,36.0,36.0,5,317,0,BBOX_EXTRAPOLATION,-0.000762356239290177,0.015941460646446876,0.019092077701761676,0.03517105516487788,0.045761157218848325,-0.1454844161135448,anchored_l0_replay
LOBO_height_band,high_36_40_46,fold,L0-B2,obs_40mm/rank1,obs_40mm,40.0,40.0,1,209,0,BBOX_EXTRAPOLATION,0.07134267752741452,0.07134267752741452,0.07476695806107554,0.10736848235673475,0.12571563156500076,-0.08948260628230172,anchored_l0_replay
LOBO_height_band,high_36_40_46,fold,L0-B2,obs_40mm/rank2,obs_40mm,40.0,40.0,2,342,0,BBOX_EXTRAPOLATION,0.06996567312584057,0.06996567312584057,0.07532000400547689,0.1171051088869099,0.1443102092332893,-0.09081367507939357,anchored_l0_replay
LOBO_height_band,high_36_40_46,fold,L0-B2,obs_40mm/rank3,obs_40mm,40.0,40.0,3,277,0,BBOX_EXTRAPOLATION,0.08752802843410347,0.08752802843410347,0.08888597569021389,0.11314013935881917,0.12476091470949058,-0.07343035600605043,anchored_l0_replay
LOBO_height_band,high_36_40_46,fold,L0-B2,obs_40mm/rank4,obs_40mm,40.0,40.0,4,296,0,BBOX_EXTRAPOLATION,0.08683930612313913,0.08683930612313913,0.08864231553033447,0.11295223829787737,0.135232412706614,-0.07426768246980651,anchored_l0_replay
LOBO_height_band,high_36_40_46,fold,L0-B2,obs_40mm/rank5,obs_40mm,40.0,40.0,5,314,0,BBOX_EXTRAPOLATION,0.02327183533623828,0.02525173830348882,0.029180230935773266,0.04934136955273371,0.06458867062256957,-0.13744884683507497,anchored_l0_replay
LOBO_height_band,high_36_40_46,fold,L0-B2,obs_46mm/rank1,obs_46mm,46.0,46.0,1,306,0,BBOX_EXTRAPOLATION,0.05586108017398967,0.05586108017398967,0.060769872046582234,0.09512121677344254,0.10920774722903559,-0.1289916855481588,anchored_l0_replay
LOBO_height_band,high_36_40_46,fold,L0-B2,obs_46mm/rank2,obs_46mm,46.0,46.0,2,334,0,BBOX_EXTRAPOLATION,0.04910589699998658,0.04956217038134846,0.056659108498253764,0.0951369178983821,0.1272410863235649,-0.13567246909563102,anchored_l0_replay
LOBO_height_band,high_36_40_46,fold,L0-B2,obs_46mm/rank3,obs_46mm,46.0,46.0,3,305,0,BBOX_EXTRAPOLATION,0.0811153088321745,0.0811153088321745,0.08441239389929962,0.12158564289555898,0.13787593779067464,-0.10401412147723794,anchored_l0_replay
LOBO_height_band,high_36_40_46,fold,L0-B2,obs_46mm/rank4,obs_46mm,46.0,46.0,4,208,0,BBOX_EXTRAPOLATION,0.0793396182589874,0.0793396182589874,0.08124981792920256,0.10849678769199328,0.11571519722484425,-0.10594850134081855,anchored_l0_replay
LOBO_height_band,high_36_40_46,fold,L0-B2,obs_46mm/rank5,obs_46mm,46.0,46.0,5,306,0,BBOX_EXTRAPOLATION,0.07013000042305127,0.07013000042305127,0.07407212796117936,0.10789798357543212,0.12812358086313935,-0.11511910618503841,anchored_l0_replay
strict_50mm_validation,height_50mm_strict_heldout,fold,RAW,obs_50mm/rank1,obs_50mm,50.0,50.0,1,234,0,BBOX_EXTRAPOLATION,-0.08862172955099155,0.08862172955099155,0.08962307576681289,0.109688992494239,0.116113522009528,-0.08862172955099155,strict_dev_only_replay
strict_50mm_validation,height_50mm_strict_heldout,fold,H-B2,obs_50mm/rank1,obs_50mm,50.0,50.0,1,234,0,BBOX_EXTRAPOLATION,0.04332089481921038,0.04332089481921038,0.04534390989845086,0.06361144668149618,0.07399267501879622,-0.08862172955099155,strict_dev_only_replay
strict_50mm_validation,height_50mm_strict_heldout,fold,L-B2,obs_50mm/rank1,obs_50mm,50.0,50.0,1,0,234,BBOX_EXTRAPOLATION,,,,,,-0.08862172955099155,strict_dev_only_replay
strict_50mm_validation,height_50mm_strict_heldout,fold,RAW,obs_50mm/rank2,obs_50mm,50.0,50.0,2,237,0,BBOX_EXTRAPOLATION,-0.13318927912833858,0.13318927912833858,0.13390908286175446,0.1539048660353942,0.165229380638706,-0.13318927912833858,strict_dev_only_replay
strict_50mm_validation,height_50mm_strict_heldout,fold,H-B2,obs_50mm/rank2,obs_50mm,50.0,50.0,2,237,0,BBOX_EXTRAPOLATION,-0.0008806047062131471,0.011092618155517755,0.0139318281461368,0.027816285390814547,0.04436298188917774,-0.13318927912833858,strict_dev_only_replay
strict_50mm_validation,height_50mm_strict_heldout,fold,L-B2,obs_50mm/rank2,obs_50mm,50.0,50.0,2,0,237,BBOX_EXTRAPOLATION,,,,,,-0.13318927912833858,strict_dev_only_replay
strict_50mm_validation,height_50mm_strict_heldout,fold,RAW,obs_50mm/rank3,obs_50mm,50.0,50.0,3,190,0,BBOX_EXTRAPOLATION,-0.062331704914058074,0.062331704914058074,0.06349589974764083,0.08138640391386963,0.0958391692668599,-0.062331704914058074,strict_dev_only_replay
strict_50mm_validation,height_50mm_strict_heldout,fold,H-B2,obs_50mm/rank3,obs_50mm,50.0,50.0,3,190,0,BBOX_EXTRAPOLATION,0.07155704894328102,0.07155704894328102,0.07257882817785173,0.09097890652204772,0.10226242944450956,-0.062331704914058074,strict_dev_only_replay
strict_50mm_validation,height_50mm_strict_heldout,fold,L-B2,obs_50mm/rank3,obs_50mm,50.0,50.0,3,0,190,BBOX_EXTRAPOLATION,,,,,,-0.062331704914058074,strict_dev_only_replay
strict_50mm_validation,height_50mm_strict_heldout,fold,RAW,obs_50mm/rank4,obs_50mm,50.0,50.0,4,218,0,BBOX_EXTRAPOLATION,-0.11225258916285263,0.11225258916285263,0.11316985426428178,0.13270120175053068,0.139070341408939,-0.11225258916285263,strict_dev_only_replay
strict_50mm_validation,height_50mm_strict_heldout,fold,H-B2,obs_50mm/rank4,obs_50mm,50.0,50.0,4,218,0,BBOX_EXTRAPOLATION,0.023085544635410165,0.02319083508385292,0.027225330924344437,0.04972895072038076,0.06381956504090351,-0.11225258916285263,strict_dev_only_replay
strict_50mm_validation,height_50mm_strict_heldout,fold,L-B2,obs_50mm/rank4,obs_50mm,50.0,50.0,4,0,218,BBOX_EXTRAPOLATION,,,,,,-0.11225258916285263,strict_dev_only_replay
strict_50mm_validation,height_50mm_strict_heldout,fold,RAW,obs_50mm/rank5,obs_50mm,50.0,50.0,5,221,0,BBOX_EXTRAPOLATION,-0.12473249514279297,0.12473249514279297,0.12521316051609083,0.142274268314452,0.158645093472558,-0.12473249514279297,strict_dev_only_replay
strict_50mm_validation,height_50mm_strict_heldout,fold,H-B2,obs_50mm/rank5,obs_50mm,50.0,50.0,5,221,0,BBOX_EXTRAPOLATION,0.011289728628035475,0.013105707212849222,0.0157475808542978,0.029232782708391927,0.03718450013446514,-0.12473249514279297,strict_dev_only_replay
strict_50mm_validation,height_50mm_strict_heldout,fold,L-B2,obs_50mm/rank5,obs_50mm,50.0,50.0,5,0,221,BBOX_EXTRAPOLATION,,,,,,-0.12473249514279297,strict_dev_only_replay
strict_50mm_validation,height_50mm_strict_heldout,fold,L0-B2,obs_50mm/rank1,obs_50mm,50.0,50.0,1,234,0,BBOX_EXTRAPOLATION,0.05609086882823126,0.05609086882823126,0.05766886090465115,0.0763931643204124,0.08677731186966753,-0.08862172955099155,anchored_l0_replay
strict_50mm_validation,height_50mm_strict_heldout,fold,L0-B2,obs_50mm/rank2,obs_50mm,50.0,50.0,2,237,0,BBOX_EXTRAPOLATION,0.011364170669350164,0.01431214165586719,0.0179595197799824,0.035096868854043346,0.056607308187082594,-0.13318927912833858,anchored_l0_replay
strict_50mm_validation,height_50mm_strict_heldout,fold,L0-B2,obs_50mm/rank3,obs_50mm,50.0,50.0,3,190,0,BBOX_EXTRAPOLATION,0.0825845447484502,0.0825845447484502,0.0834719078310981,0.102015935243449,0.11329209363797332,-0.062331704914058074,anchored_l0_replay
strict_50mm_validation,height_50mm_strict_heldout,fold,L0-B2,obs_50mm/rank4,obs_50mm,50.0,50.0,4,218,0,BBOX_EXTRAPOLATION,0.032698991991365604,0.032698991991365604,0.03573871343816254,0.05931718577640053,0.07342396011981123,-0.11225258916285263,anchored_l0_replay
strict_50mm_validation,height_50mm_strict_heldout,fold,L0-B2,obs_50mm/rank5,obs_50mm,50.0,50.0,5,221,0,BBOX_EXTRAPOLATION,0.02021310721375269,0.020617204294474046,0.02300881412930269,0.03817881839249537,0.04613721076541566,-0.12473249514279297,anchored_l0_replay
