frame,model,u_px,v_px,residual_zg_mm,Xc_mm,Yc_mm,Zc_mm,Xg_mm,Yg_mm
laser 002,circular_cone,2135.553525,23.000000,0.201707228,6.368683290,-144.825916916,713.612243844,6.366036309,144.831451538
laser 002,circular_cone,2135.563038,24.000000,0.192943517,6.369651430,-144.730097168,713.620275772,6.367398205,144.735700737
laser 002,circular_cone,2135.546305,25.000000,0.192443413,6.367991856,-144.632571462,713.619903783,6.365759378,144.638175253
laser 002,circular_cone,2135.502978,26.000000,0.200316384,6.363669802,-144.533320689,713.611016578,6.361080125,144.538855066
laser 002,circular_cone,2135.537057,27.000000,0.183822134,6.367097378,-144.439090517,713.626910309,6.365250401,144.444758134
laser 002,circular_cone,2135.517758,28.000000,0.184133003,6.365180905,-144.341397932,713.625713625,6.363318072,144.347059026
laser 002,circular_cone,2135.519983,29.000000,0.177668762,6.365419367,-144.245099235,713.631407073,6.363846496,144.250810153
laser 002,circular_cone,2135.520683,30.000000,0.171685610,6.365505154,-144.148700367,713.636611270,6.364200529,144.154457108
laser 002,circular_cone,2135.518344,31.000000,0.166660217,6.365286681,-144.052103636,713.640841459,6.364207071,144.057898234
laser 002,circular_cone,2135.509189,32.000000,0.163781721,6.364385796,-143.955065390,713.642888323,6.363434294,143.960879991
laser 002,circular_cone,2135.491259,33.000000,0.163666892,6.362606374,-143.857460031,713.642124635,6.361658233,143.863271651
laser 002,circular_cone,2135.468076,34.000000,0.165206883,6.360301053,-143.759515977,713.639678066,6.359281576,143.765310853
laser 002,circular_cone,2135.451632,35.000000,0.164626301,6.358670431,-143.662007178,713.639388074,6.357675338,143.667802946
laser 002,circular_cone,2135.437630,36.000000,0.163277965,6.357284296,-143.564655858,713.639878879,6.356348243,143.570458905
laser 002,circular_cone,2135.399631,37.000000,0.169485411,6.353495761,-143.465759226,713.632685738,6.352277692,143.471506713
laser 002,circular_cone,2135.334122,38.000000,0.184354029,6.346953359,-143.365094497,713.616684537,6.345062321,143.370714392
laser 002,circular_cone,2135.256162,39.000000,0.203142307,6.339164922,-143.263633782,713.596697248,6.336423990,143.269093489
laser 002,circular_cone,2135.207193,40.000000,0.212804971,6.334278794,-143.164041518,713.585990416,6.331099883,143.169416930
laser 002,circular_cone,2135.226037,41.000000,0.201122644,6.336180585,-143.068806408,713.596990621,6.333527176,143.074275041
laser 002,circular_cone,2135.249501,42.000000,0.187986743,6.338544895,-142.973864848,713.609469041,6.336482601,142.979438792
laser 002,circular_cone,2135.199724,43.000000,0.197907226,6.333577841,-142.874223500,713.598500093,6.331065932,142.879711005
laser 002,circular_cone,2135.126261,44.000000,0.215283979,6.326240180,-142.773067596,713.579948492,6.322942092,142.778406653
laser 002,circular_cone,2135.069008,45.000000,0.227558648,6.320525313,-142.672954919,713.566585541,6.316671346,142.678187959
laser 002,circular_cone,2135.032774,46.000000,0.233218231,6.316914318,-142.574190909,713.559949874,6.312803068,142.579372948
laser 002,circular_cone,2135.011445,47.000000,0.234187491,6.314795118,-142.476381798,713.558084076,6.310638299,142.481551842
laser 002,circular_cone,2135.003614,48.000000,0.230909379,6.314026838,-142.379435706,713.560537668,6.310016170,142.384629079
laser 002,circular_cone,2135.006585,49.000000,0.224232403,6.314339647,-142.283178727,713.566447746,6.310628550,142.288423696
laser 002,circular_cone,2135.020606,50.000000,0.214078358,6.315758391,-142.187625297,713.575893827,6.312503816,142.192950777
laser 002,circular_cone,2135.043573,51.000000,0.201109264,6.318072548,-142.092639846,713.588202660,6.315401561,142.098069250
laser 002,circular_cone,2135.047102,52.000000,0.194259445,6.318441250,-141.996412447,713.594288507,6.316077637,142.001894884
laser 002,circular_cone,2135.010299,53.000000,0.200105938,6.314773245,-141.897615050,713.587462908,6.312143913,141.903044932
laser 002,circular_cone,2134.953321,54.000000,0.212303516,6.309086175,-141.797535781,713.574178648,6.305904449,141.802860289
laser 002,circular_cone,2134.911902,55.000000,0.219604520,6.304956435,-141.698449682,713.565873970,6.301443337,141.703709539
laser 002,circular_cone,2134.911833,56.000000,0.213891747,6.304964959,-141.601993518,713.570803577,6.301707912,141.607296952
laser 002,circular_cone,2134.933081,57.000000,0.201470349,6.307106883,-141.506889766,713.582555457,6.304408704,141.512292569
laser 002,circular_cone,2134.929562,58.000000,0.196845436,6.306770145,-141.410211180,713.586378779,6.304278913,141.415648514
laser 002,circular_cone,2134.897487,59.000000,0.201209815,6.303575529,-141.311720693,713.581060561,6.300885482,141.317117798
laser 002,circular_cone,2134.867474,60.000000,0.204926128,6.300587331,-141.213362411,713.576401415,6.297727721,141.218724678
laser 002,circular_cone,2134.862195,61.000000,0.200858411,6.300074445,-141.116571803,713.579658151,6.297396633,141.121963967
laser 002,circular_cone,2134.874223,62.000000,0.191344229,6.301293594,-141.020875632,713.588453591,6.299043424,141.026342988
laser 002,circular_cone,2134.861371,63.000000,0.189662231,6.300022820,-140.923603690,713.589284225,6.297846760,140.929081102
laser 002,circular_cone,2134.798584,64.000000,0.203698455,6.293754828,-140.823175887,713.574130521,6.290943383,140.828532637
laser 002,circular_cone,2134.722940,65.000000,0.221781508,6.286200569,-140.721940544,713.554861528,6.282571072,140.727142977
laser 002,circular_cone,2134.716323,66.000000,0.218140341,6.285553784,-140.625066492,713.557684587,6.282086832,140.630295275
laser 002,circular_cone,2134.761143,67.000000,0.198311009,6.290054207,-140.531435444,713.576969851,6.287480508,140.536825204
laser 002,circular_cone,2134.786458,68.000000,0.184621173,6.292602914,-140.436570122,713.590011669,6.290645342,140.442069800
laser 002,circular_cone,2134.795067,69.000000,0.176190445,6.293479848,-140.340649240,713.597705354,6.291901016,140.346215100
laser 002,circular_cone,2134.793565,70.000000,0.170943254,6.293344938,-140.244089994,713.602161622,6.292001146,140.249695560
laser 002,circular_cone,2134.769955,71.000000,0.172655929,6.290997583,-140.146139180,713.599540251,6.289574673,140.151726573
laser 002,circular_cone,2134.715723,72.000000,0.184008071,6.285585897,-140.046264676,713.587116323,6.283648760,140.051753730
laser 002,circular_cone,2134.657291,73.000000,0.196682690,6.279754148,-139.946129977,713.573347588,6.277243089,139.951509694
laser 002,circular_cone,2134.626457,74.000000,0.200671877,6.276684127,-139.847731099,713.568411285,6.273991194,139.853073710
laser 002,circular_cone,2134.623479,75.000000,0.195894851,6.276401466,-139.751080512,713.572389531,6.273922352,139.756458921
laser 002,circular_cone,2134.629328,76.000000,0.188340643,6.277002063,-139.654982080,713.579191948,6.274862126,139.660419382
laser 002,circular_cone,2134.632953,77.000000,0.181487388,6.277380129,-139.558742595,713.585281555,6.275547729,139.564232961
laser 002,circular_cone,2134.612325,78.000000,0.182268678,6.275331346,-139.460983728,713.583607488,6.273461873,139.466463667
laser 002,circular_cone,2134.559105,79.000000,0.193308919,6.270021418,-139.361187216,713.571500984,6.267651798,139.366571412
laser 002,circular_cone,2134.490555,80.000000,0.209174399,6.263177863,-139.260436227,713.554487684,6.260090295,139.265684551
laser 002,circular_cone,2134.492268,81.000000,0.202927526,6.263364525,-139.164077588,713.559960727,6.260557124,139.169373934
laser 002,circular_cone,2134.432971,82.000000,0.215882495,6.257447029,-139.063910476,713.545907242,6.254053055,139.069095155
laser 002,circular_cone,2134.388313,83.000000,0.224231070,6.252994346,-138.964660183,713.536538089,6.249221726,138.969771505
laser 002,circular_cone,2134.360149,84.000000,0.227389884,6.250191905,-138.866440294,713.532446479,6.246274896,138.871521417
laser 002,circular_cone,2134.352604,85.000000,0.224061035,6.249452286,-138.769505442,713.534952238,6.245683731,138.774610320
laser 002,circular_cone,2134.358065,86.000000,0.216640258,6.250013838,-138.673379238,713.541619108,6.246578440,138.678541901
laser 002,circular_cone,2134.366150,87.000000,0.208394654,6.250837922,-138.577414460,713.549124748,6.247772913,138.582641768
laser 002,circular_cone,2134.386538,88.000000,0.196278051,6.252892909,-138.482212205,713.560566815,6.250373020,138.487536349
laser 002,circular_cone,2134.419401,89.000000,0.180235969,6.256196095,-138.387781604,713.576000693,6.254398516,138.393235231
laser 002,circular_cone,2134.439662,90.000000,0.168160716,6.258238529,-138.292564954,713.587400687,6.256984205,138.298115073
laser 002,circular_cone,2134.420773,91.000000,0.168408381,6.256363887,-138.194917563,713.586269516,6.255096581,138.200461695
laser 002,circular_cone,2134.356739,92.000000,0.182865530,6.249972519,-138.094473141,713.570688785,6.248050838,138.099893116
laser 002,circular_cone,2134.277025,93.000000,0.202257587,6.242012800,-137.993062348,713.550089822,6.239213991,137.998317126
laser 002,circular_cone,2134.206375,94.000000,0.218797127,6.234960285,-137.892218297,713.532391634,6.231413106,137.897331602
laser 002,circular_cone,2134.139580,95.000000,0.234123727,6.228293759,-137.791617677,713.515926939,6.224052961,137.796599596
laser 002,circular_cone,2134.078372,96.000000,0.247692573,6.222186403,-137.691366944,713.501249747,6.217331328,137.696232095
laser 002,circular_cone,2134.053021,97.000000,0.249979419,6.219665788,-137.593333913,713.498045170,6.214705688,137.598176118
laser 002,circular_cone,2134.062345,98.000000,0.241356577,6.220613499,-137.497440883,713.505934569,6.216040820,137.502350872
laser 002,circular_cone,2134.087214,99.000000,0.227843118,6.223116143,-137.402504104,713.518797178,6.219151639,137.407522547
laser 002,circular_cone,2134.119823,100.000000,0.211894669,6.226393106,-137.308040793,713.534135883,6.223146689,137.313187940
laser 002,circular_cone,2134.153275,101.000000,0.195681410,6.229754531,-137.213625378,713.549743851,6.227238155,137.218903432
laser 002,circular_cone,2134.170250,102.000000,0.184654058,6.231467787,-137.118192172,713.560078329,6.229447369,137.123558005
laser 002,circular_cone,2134.156012,103.000000,0.183450564,6.230058639,-137.020837296,713.560423082,6.228090746,137.026209212
laser 002,circular_cone,2134.123969,104.000000,0.187851414,6.226868394,-136.922388563,713.555068893,6.224700055,136.927719954
laser 002,circular_cone,2134.100568,105.000000,0.189533618,6.224542679,-136.824471925,713.552479274,6.222296611,136.829785401
laser 002,circular_cone,2134.095441,106.000000,0.185466084,6.224044955,-136.727677120,713.555736472,6.221980691,136.733020497
laser 002,circular_cone,2134.093473,107.000000,0.180405452,6.223863231,-136.631075166,713.560003540,6.222025599,136.636456702
laser 002,circular_cone,2134.081990,108.000000,0.178340261,6.222729706,-136.533889247,713.561224620,6.220983496,136.539284032
laser 002,circular_cone,2134.064563,109.000000,0.178146723,6.221001601,-136.436339210,713.560542475,6.219262330,136.441731680
laser 002,circular_cone,2134.050150,110.000000,0.177005735,6.219574997,-136.338973817,713.560823787,6.217885432,136.344371850
laser 002,circular_cone,2134.046388,111.000000,0.172513918,6.219213813,-136.242259506,713.564512488,6.217725206,136.247690969
laser 002,circular_cone,2134.039332,112.000000,0.169059782,6.218523132,-136.145343062,713.567146007,6.217188642,136.150799325
laser 002,circular_cone,2134.008640,113.000000,0.173045034,6.215468174,-136.046983223,713.562214639,6.213952002,136.052402420
laser 002,circular_cone,2133.962513,114.000000,0.181888545,6.210869391,-135.947683380,713.552343082,6.208952243,135.953025108
laser 002,circular_cone,2133.904180,115.000000,0.194573787,6.205049912,-135.847642445,713.538565031,6.202558379,135.852874758
laser 002,circular_cone,2133.837285,116.000000,0.209953660,6.198374360,-135.747084040,713.522046947,6.195186810,135.752184528
laser 002,circular_cone,2133.780128,117.000000,0.222269723,6.192673026,-135.647123008,713.508644408,6.188927756,135.652117150
laser 002,circular_cone,2133.751541,118.000000,0.225596983,6.189829095,-135.548903178,713.504382318,6.185931846,135.553865726
laser 002,circular_cone,2133.739102,119.000000,0.223844374,6.188600106,-135.451665873,713.505285792,6.184780173,135.456639073
laser 002,circular_cone,2133.728594,120.000000,0.221485248,6.187564232,-135.354545666,713.506806025,6.183848993,135.359534562
laser 002,circular_cone,2133.732008,121.000000,0.214746644,6.187920648,-135.258269921,713.512779597,6.184507787,135.263310931
laser 002,circular_cone,2133.768935,122.000000,0.197463821,6.191628686,-135.164024821,713.529475167,6.188994150,135.169205634
laser 002,circular_cone,2133.831770,123.000000,0.172028569,6.197928098,-135.071345377,713.554460587,6.196439875,135.076733788
laser 002,circular_cone,2133.864409,124.000000,0.156095556,6.201207676,-134.976830852,713.569783539,6.200436852,134.982347840
laser 002,circular_cone,2133.832769,125.000000,0.160391813,6.198058138,-134.878422471,713.564536206,6.197091596,134.883899808
laser 002,circular_cone,2133.765011,126.000000,0.176054772,6.191296346,-134.777831659,713.547730613,6.189621014,134.783174819
laser 002,circular_cone,2133.705755,127.000000,0.189042671,6.185385161,-134.677759394,713.533645224,6.183121788,134.682990624
laser 002,circular_cone,2133.692629,128.000000,0.187515827,6.184087467,-134.580476315,713.534319244,6.181891222,134.585716320
laser 002,circular_cone,2133.702146,129.000000,0.178865020,6.185054248,-134.484559278,713.542237295,6.183246697,134.489867301
laser 002,circular_cone,2133.690843,130.000000,0.176766668,6.183938864,-134.387384934,713.543492478,6.182224240,134.392706485
laser 002,circular_cone,2133.642544,131.000000,0.186310801,6.179123665,-134.287981486,713.532909024,6.176976446,134.293219746
laser 002,circular_cone,2133.581747,132.000000,0.199788141,6.173058830,-134.187828732,713.518326141,6.170301478,134.192950992
laser 002,circular_cone,2133.570972,133.000000,0.197526891,6.171996297,-134.090689182,713.519747044,6.169339226,134.095826325
laser 002,circular_cone,2133.597754,134.000000,0.183449226,6.174689472,-133.995806969,713.533183430,6.172666055,134.001057261
laser 002,circular_cone,2133.610657,135.000000,0.173739482,6.175994786,-133.900087533,713.542178307,6.174407862,133.905414650
laser 002,circular_cone,2133.607494,136.000000,0.169086142,6.175693460,-133.803401359,713.546031610,6.174314794,133.808763251
laser 002,circular_cone,2133.601157,137.000000,0.165432615,6.175074724,-133.706523841,713.548868271,6.173859185,133.711912195
laser 002,circular_cone,2133.576420,138.000000,0.167570089,6.172615937,-133.608542748,713.545816418,6.171302130,133.613909405
laser 002,circular_cone,2133.530577,139.000000,0.176349845,6.168046596,-133.509298456,713.536010457,6.166334700,133.514588180
laser 002,circular_cone,2133.501874,140.000000,0.179737226,6.165191324,-133.411082816,713.531687710,6.163324741,133.416340450
laser 002,circular_cone,2133.489228,141.000000,0.178073236,6.163941720,-133.313828765,713.532501412,6.162148461,133.319096316
laser 002,circular_cone,2133.552067,142.000000,0.152657823,6.170240509,-133.221085876,713.557466425,6.169592674,133.226560861
laser 002,circular_cone,2133.536487,143.000000,0.151919229,6.168697466,-133.123653048,713.557339155,6.168081184,133.129130255
laser 002,circular_cone,2133.518493,144.000000,0.151941325,6.166913031,-133.026076292,713.556438409,6.166293968,133.031549395
laser 002,circular_cone,2133.504451,145.000000,0.150720899,6.165523807,-132.928735558,713.556801120,6.164958048,132.934214890
laser 002,circular_cone,2133.481148,146.000000,0.152415715,6.163208507,-132.830842961,713.554199540,6.162564463,132.836304278
laser 002,circular_cone,2133.442036,147.000000,0.159086106,6.159312408,-132.732009832,713.546538672,6.158365492,132.737411760
laser 002,circular_cone,2133.392189,148.000000,0.169135179,6.154343004,-132.632540213,713.535442302,6.152940707,132.637854654
laser 002,circular_cone,2133.341138,149.000000,0.179563762,6.149253391,-132.533002224,713.523960079,6.147378583,132.538226021
laser 002,circular_cone,2133.305384,150.000000,0.185180067,6.145693406,-132.434376316,713.517371153,6.143563306,132.439549489
laser 002,circular_cone,2133.281816,151.000000,0.186963212,6.143351881,-132.336475745,713.514679911,6.141139511,132.341630171
laser 002,circular_cone,2133.228777,152.000000,0.198019695,6.138063890,-132.236827838,713.502559347,6.135350668,132.241886400
laser 002,circular_cone,2133.132616,153.000000,0.222643099,6.128465107,-132.134627558,713.476643684,6.124638646,132.139477436
laser 002,circular_cone,2129.906394,358.000000,0.106415453,5.809209037,-112.165725689,713.415240911,5.810271319,112.170741849
laser 002,circular_cone,2129.909638,359.000000,0.099993330,5.809547070,-112.069294807,713.420895580,5.810897526,112.074360478
laser 002,circular_cone,2129.892672,360.000000,0.099926576,5.807868426,-111.971848247,713.420089583,5.809220188,111.976910585
laser 002,circular_cone,2129.870142,361.000000,0.101610305,5.805634597,-111.874123073,713.417504123,5.806908654,111.879167524
laser 002,circular_cone,2129.859579,362.000000,0.099532596,5.804594905,-111.776998325,713.418742440,5.805961039,111.782056164
laser 002,circular_cone,2129.853175,363.000000,0.096148365,5.803970218,-111.680081592,713.421308938,5.805487404,111.685163683
laser 002,circular_cone,2129.831874,364.000000,0.097449016,5.801859069,-111.582419281,713.419112967,5.803315841,111.587486670
laser 002,circular_cone,2129.807482,365.000000,0.099722585,5.799439525,-111.484603287,713.415927987,5.800791968,111.489647885
laser 002,circular_cone,2129.795115,366.000000,0.098216522,5.798219864,-111.387388683,713.416585264,5.799638584,111.392441916
laser 002,circular_cone,2129.795549,367.000000,0.092686846,5.798277496,-111.290812601,713.421332803,5.799944109,111.295907925
laser 002,circular_cone,2129.798168,368.000000,0.086471245,5.798553157,-111.194344295,713.426777632,5.800498626,111.199487413
laser 002,circular_cone,2129.786387,369.000000,0.084784276,5.797391977,-111.097157623,713.427618851,5.799411889,111.102310882
laser 002,circular_cone,2129.757820,370.000000,0.088376126,5.794555907,-110.999135767,713.423093870,5.796411988,111.004255274
laser 002,circular_cone,2129.729028,371.000000,0.092039755,5.791697440,-110.901104144,713.418495951,5.793386450,110.906189303
laser 002,circular_cone,2129.701625,372.000000,0.095267721,5.788977612,-110.803142940,713.414340937,5.790519216,110.808197373
laser 002,circular_cone,2129.669336,373.000000,0.100032870,5.785770342,-110.704940618,713.408623325,5.787095157,110.709951545
laser 002,circular_cone,2129.639380,374.000000,0.104065552,5.782795905,-110.606855701,713.403650337,5.783936992,110.611829211
laser 002,circular_cone,2129.618177,375.000000,0.105347444,5.780694797,-110.509205850,713.401473697,5.781776321,110.514164816
laser 002,circular_cone,2129.604688,376.000000,0.104205260,5.779363323,-110.411938496,713.401761272,5.780494702,110.416903073
laser 002,circular_cone,2129.596819,377.000000,0.101297338,5.778592552,-110.314949094,713.403843825,5.779853488,110.319933965
laser 002,circular_cone,2129.601738,378.000000,0.094370098,5.779097622,-110.218591003,713.410012216,5.780669538,110.223629586
laser 002,circular_cone,2129.609333,379.000000,0.086602562,5.779869689,-110.122363486,713.417034810,5.781790516,110.127462769
laser 002,circular_cone,2129.604663,380.000000,0.082692170,5.779418091,-110.025529413,713.420136450,5.781513726,110.030657325
laser 002,circular_cone,2129.573528,381.000000,0.087103435,5.776326116,-109.927390768,713.414778778,5.778220937,109.932478117
laser 002,circular_cone,2129.516411,382.000000,0.099684089,5.770642129,-109.827974859,713.401116612,5.771967389,109.832953719
laser 002,circular_cone,2129.542945,383.000000,0.085966978,5.773303592,-109.732676793,713.414187244,5.775246314,109.737765823
laser 002,circular_cone,2129.563763,384.000000,0.074047689,5.775394875,-109.637094518,713.425430309,5.777873910,109.642278768
laser 002,circular_cone,2129.547288,385.000000,0.073854370,5.773765539,-109.539678476,713.424753468,5.776251603,109.544860449
laser 002,circular_cone,2129.602935,386.000000,0.050986269,5.779331800,-109.445800538,713.447126404,5.782848383,109.451168768
laser 002,circular_cone,2129.623506,387.000000,0.039147092,5.781398633,-109.350197702,713.458288008,5.785447914,109.355660487
laser 002,circular_cone,2129.588394,388.000000,0.044817192,5.777909762,-109.251865342,713.451650820,5.781701411,109.257277097
laser 002,circular_cone,2129.489805,389.000000,0.070445926,5.768088064,-109.150429641,713.424725051,5.770721192,109.155624419
laser 002,circular_cone,2129.419364,390.000000,0.087224551,5.761075107,-109.050377464,713.406795785,5.762949190,109.055428850
laser 002,circular_cone,2129.300769,391.000000,0.119140998,5.749259151,-108.947979342,713.373478519,5.749690901,108.952761472
laser 002,circular_cone,2129.241430,392.000000,0.132429385,5.743354583,-108.848481375,713.359097327,5.743184830,108.853149134
laser 002,circular_cone,2129.240611,393.000000,0.127323425,5.743287136,-108.751839565,713.363414566,5.743346160,108.756545895
laser 002,circular_cone,2129.275345,394.000000,0.111042436,5.746765961,-108.656927957,713.379091535,5.747558179,108.661765775
laser 002,circular_cone,2129.298141,395.000000,0.098514860,5.749054114,-108.561431521,713.390953043,5.750410105,108.566369619
laser 002,circular_cone,2129.294015,396.000000,0.094451571,5.748656838,-108.464623403,713.394210386,5.750194544,108.469591403
laser 002,circular_cone,2129.316454,397.000000,0.082038039,5.750909464,-108.369104734,713.405955958,5.753005797,108.374172065
laser 002,circular_cone,2129.381926,398.000000,0.056095994,5.757455011,-108.275671283,713.431453556,5.760720618,108.280950430
laser 002,circular_cone,2129.455849,399.000000,0.027496182,5.764844133,-108.182641060,713.459652789,5.769398981,108.188154120
laser 002,circular_cone,2129.467865,400.000000,0.018361393,5.766057337,-108.086604520,713.468065390,5.771022817,108.092189651
laser 002,circular_cone,2129.407266,401.000000,0.032059691,5.760026067,-107.987051329,713.453267732,5.764371545,107.992518681
laser 002,circular_cone,2129.328691,402.000000,0.051410118,5.752201841,-107.886633280,713.432724640,5.755672192,107.891935860
laser 002,circular_cone,2129.267595,403.000000,0.065265340,5.746121635,-107.787065542,713.417767581,5.748964902,107.792249040
laser 002,circular_cone,2129.230357,404.000000,0.071620672,5.742421482,-107.688653571,713.410434329,5.744976193,107.693780347
laser 002,circular_cone,2129.208386,405.000000,0.073177421,5.740244249,-107.590979930,713.407978939,5.742727002,107.596089881
laser 002,circular_cone,2129.201613,406.000000,0.069957406,5.739582988,-107.494039277,713.410379216,5.742209395,107.499172120
laser 002,circular_cone,2129.210299,407.000000,0.061878502,5.740463726,-107.397842195,713.417718621,5.743453109,107.403038329
laser 002,circular_cone,2129.216848,408.000000,0.054472443,5.741131324,-107.301540536,713.424374075,5.744453311,107.306794368
laser 002,circular_cone,2129.207318,409.000000,0.052122489,5.740195067,-107.204464736,713.425889956,5.743621437,107.209734226
laser 002,circular_cone,2129.176785,410.000000,0.056376704,5.737163819,-107.106380544,713.420692665,5.740396475,107.111610781
laser 002,circular_cone,2129.142180,411.000000,0.061912089,5.733726473,-107.008102686,713.414193086,5.736707587,107.013283020
laser 002,circular_cone,2129.127025,412.000000,0.061333897,5.732229195,-106.910758674,713.413908027,5.735234720,106.915939935
laser 002,circular_cone,2129.128514,413.000000,0.055524325,5.732392053,-106.814211635,713.418940706,5.735658122,106.819437320
laser 002,circular_cone,2129.126339,414.000000,0.050867722,5.732189457,-106.717488171,713.422801396,5.735664028,106.722748694
laser 002,circular_cone,2129.108897,415.000000,0.051011901,5.730464081,-106.620034349,713.421782093,5.733930458,106.625289793
laser 002,circular_cone,2129.093614,416.000000,0.050478449,5.728954066,-106.522684049,713.421451625,5.732442836,106.527940049
laser 002,circular_cone,2129.097808,417.000000,0.043822895,5.729386742,-106.426262956,713.427344288,5.733174243,106.431570414
laser 002,circular_cone,2129.110838,418.000000,0.034390431,5.730700771,-106.330261493,713.436059679,5.734912347,106.335643498
laser 002,circular_cone,2129.117441,419.000000,0.026979547,5.731373768,-106.233951867,713.442720139,5.735918171,106.239391610
laser 002,circular_cone,2129.111193,420.000000,0.023610051,5.730764945,-106.137029340,713.445272551,5.735459754,106.142493221
laser 002,circular_cone,2129.098406,421.000000,0.022297527,5.729503892,-106.039795547,713.445734074,5.734256262,106.045266461
laser 002,circular_cone,2129.068491,422.000000,0.026371105,5.726534441,-105.941748599,713.440720682,5.731101255,105.947181765
laser 002,circular_cone,2128.998834,423.000000,0.042939936,5.719601226,-105.841818151,713.423005998,5.723418477,105.847109677
laser 002,circular_cone,2128.913236,424.000000,0.064520160,5.711078577,-105.741137493,713.400197343,5.713920063,105.746245714
laser 002,circular_cone,2128.839598,425.000000,0.082340508,5.703749197,-105.641029641,713.381210636,5.705784631,105.645985817
laser 002,circular_cone,2128.791294,426.000000,0.092197784,5.698946516,-105.542125431,713.370318361,5.700535333,105.546995772
laser 002,circular_cone,2128.775266,427.000000,0.091910700,5.697362491,-105.444749435,713.369737742,5.698962584,105.449618285
laser 002,circular_cone,2128.790290,428.000000,0.081864108,5.698874971,-105.348839629,713.379077544,5.700926864,105.353788133
laser 002,circular_cone,2128.819228,429.000000,0.067444625,5.701775046,-105.253583732,713.392862317,5.704476120,105.258648249
laser 002,circular_cone,2128.847419,430.000000,0.053260617,5.704600736,-105.158289118,713.406407721,5.707940364,105.163467689
laser 002,circular_cone,2128.857824,431.000000,0.044668621,5.705652749,-105.062153668,713.414268932,5.709378519,105.067399800
laser 002,circular_cone,2128.843835,432.000000,0.043746307,5.704272006,-104.964868843,713.414334059,5.708037728,104.970118766
laser 002,circular_cone,2128.838041,433.000000,0.040248892,5.703708540,-104.867969288,713.417016743,5.707630447,104.873244413
laser 002,circular_cone,2128.854207,434.000000,0.029848990,5.705335119,-104.772100212,713.426715668,5.709724775,104.777457930
laser 002,circular_cone,2128.883715,435.000000,0.015255469,5.708292372,-104.676854556,713.440677306,5.713339068,104.682329733
laser 002,circular_cone,2128.898670,436.000000,0.005237991,5.709798293,-104.580923284,713.449987494,5.715295477,104.586477874
laser 002,circular_cone,2128.868504,437.000000,0.009407262,5.706804143,-104.482876974,713.444877207,5.712111457,104.488393023
laser 002,circular_cone,2128.803360,438.000000,0.024573916,5.700321745,-104.383196088,713.428588404,5.704942794,104.388582159
laser 002,circular_cone,2128.727444,439.000000,0.043127166,5.692765474,-104.283016573,713.408857278,5.696547394,104.288244509
laser 002,circular_cone,2128.655504,440.000000,0.060430588,5.685606117,-104.183028412,713.390396634,5.688605323,104.188108605
laser 002,circular_cone,2128.610111,441.000000,0.069389712,5.681094162,-104.084283727,713.380417779,5.683687297,104.089285555
laser 002,circular_cone,2128.610434,442.000000,0.063979879,5.681140683,-103.987672114,713.385044562,5.683976330,103.992715046
laser 002,circular_cone,2128.644836,443.000000,0.047858676,5.684585359,-103.892645908,713.400559111,5.688147005,103.897819002
laser 002,circular_cone,2128.676603,444.000000,0.032566326,5.687767424,-103.797493174,713.415231141,5.692017656,103.802789539
laser 002,circular_cone,2128.679666,445.000000,0.026298157,5.688087236,-103.701002827,713.420730391,5.692618724,103.706347433
laser 002,circular_cone,2128.650886,446.000000,0.030041311,5.685231716,-103.603032844,713.416053501,5.689592571,103.608342453
laser 002,circular_cone,2128.596598,447.000000,0.041803962,5.679832741,-103.503881273,713.403225125,5.683660984,103.509089209
laser 002,circular_cone,2128.525258,448.000000,0.058927236,5.672733767,-103.403943382,713.384947933,5.675787430,103.409005075
laser 002,circular_cone,2128.490540,449.000000,0.064539680,5.669286503,-103.305705963,713.378371103,5.672085160,103.310717118
laser 002,circular_cone,2128.405933,450.000000,0.085833734,5.660865405,-103.205163526,713.355854597,5.662701225,103.209993762
laser 002,circular_cone,2128.356617,451.000000,0.096035906,5.655963100,-103.106257944,713.344612593,5.657336744,103.110999481
laser 002,circular_cone,2128.365192,452.000000,0.088044228,5.656832251,-103.010027502,713.351863890,5.658564949,103.014831611
laser 002,circular_cone,2128.430858,453.000000,0.062109141,5.663393315,-102.916427879,713.377353859,5.666294991,102.921443747
laser 002,circular_cone,2128.505090,454.000000,0.033480809,5.670808935,-102.823216389,713.405581345,5.675001156,102.828466408
laser 002,circular_cone,2128.501518,455.000000,0.029309834,5.670467145,-102.726416216,713.408949037,5.674845963,102.731697040
laser 002,circular_cone,2128.442506,456.000000,0.042567081,5.664597655,-102.627065855,713.394601797,5.668376401,102.632232581
laser 002,circular_cone,2128.385084,457.000000,0.055325069,5.658886947,-102.527792729,713.380762085,5.662088157,102.532849508
laser 002,circular_cone,2128.347573,458.000000,0.061825354,5.655161518,-102.429437445,713.373283060,5.658067650,102.434436306
laser 002,circular_cone,2128.347399,459.000000,0.056591108,5.655158496,-102.332796333,713.377731611,5.658299219,102.337834841
laser 002,circular_cone,2128.394991,460.000000,0.036343777,5.659917714,-102.238342312,713.397440170,5.663970686,102.243545289
laser 002,circular_cone,2128.457531,461.000000,0.011397617,5.666167607,-102.144567393,713.421924805,5.671344920,102.149973906
laser 002,circular_cone,2128.483324,462.000000,-0.001996783,5.668753806,-102.049105822,713.434667680,5.674534043,102.054619827
laser 002,circular_cone,2128.450151,463.000000,0.003146595,5.665460577,-101.950947198,713.428567952,5.671006986,101.956414567
laser 002,circular_cone,2128.398154,464.000000,0.014208332,5.660290585,-101.851931351,713.416452590,5.665336025,101.857302877
laser 002,circular_cone,2128.384144,465.000000,0.013329802,5.658908140,-101.754651007,713.416473848,5.663991567,101.760025966
laser 002,circular_cone,2128.402219,466.000000,0.002366405,5.660724693,-101.658832340,713.426745780,5.666301315,101.664294579
laser 002,circular_cone,2128.416675,467.000000,-0.007458433,5.662180462,-101.562846388,713.435860432,5.668198888,101.568386442
laser 002,circular_cone,2128.421502,468.000000,-0.014255264,5.662676184,-101.466420363,713.441897304,5.668999736,101.472013056
laser 002,circular_cone,2128.391451,469.000000,-0.010086481,5.659694340,-101.368408643,713.436788340,5.665828057,101.373962803
laser 002,circular_cone,2128.307455,470.000000,0.011041035,5.651334194,-101.267950696,713.414441969,5.656512599,101.273325326
laser 002,circular_cone,2128.217758,471.000000,0.033960183,5.642406265,-101.167240829,713.390274597,5.646548488,101.172421034
laser 002,circular_cone,2128.159182,472.000000,0.047097295,5.636581266,-101.067947216,713.376050076,5.640128845,101.073014326
laser 002,circular_cone,2128.133343,473.000000,0.049945674,5.634019842,-100.970138712,713.372283393,5.637437188,100.975178269
laser 002,circular_cone,2128.122153,474.000000,0.048190903,5.632918720,-100.872993483,713.373195516,5.636413608,100.878043759
laser 002,circular_cone,2128.114351,475.000000,0.045372394,5.632155334,-100.776001161,713.375188869,5.635775779,100.781071000
laser 002,circular_cone,2128.116904,476.000000,0.039300340,5.632424181,-100.679475574,713.380489229,5.636317041,100.684592027
laser 002,circular_cone,2128.128504,477.000000,0.030385739,5.633594894,-100.583356439,713.388678833,5.637888475,100.588543140
laser 002,circular_cone,2128.134587,478.000000,0.023206234,5.634215665,-100.486986881,713.395104843,5.638831649,100.492229403
laser 002,circular_cone,2128.108087,479.000000,0.026269357,5.631588369,-100.389150203,713.391120010,5.636064429,100.394363388
laser 002,circular_cone,2128.052030,480.000000,0.038623625,5.626014823,-100.289986695,713.377691480,5.629931579,100.295093296
laser 002,circular_cone,2128.023978,481.000000,0.042176575,5.623232972,-100.192084217,713.373208847,5.626987695,100.197157408
laser 002,circular_cone,2128.043314,482.000000,0.030836357,5.625174741,-100.096308302,713.383863953,5.629439673,100.101471909
laser 002,circular_cone,2128.073528,483.000000,0.016077811,5.628200928,-100.001017083,713.397993505,5.633130365,100.006299525
laser 002,circular_cone,2128.091331,484.000000,0.005221076,5.629990024,-99.905166712,713.408157174,5.635407848,99.910535550
laser 002,circular_cone,2128.094933,485.000000,-0.001170874,5.630363514,-99.808678723,713.413782759,5.636068195,99.814096835
laser 002,circular_cone,2128.102507,486.000000,-0.008810319,5.631132977,-99.712366845,713.420676322,5.637180824,99.717844604
laser 002,circular_cone,2128.114940,487.000000,-0.017976150,5.632386851,-99.616270158,713.429121329,5.638846763,99.621820254
laser 002,circular_cone,2128.101135,488.000000,-0.018893078,5.631025094,-99.519001406,713.429182047,5.637524736,99.524555256
laser 002,circular_cone,2128.074396,489.000000,-0.015743134,5.628373992,-99.421156662,713.425109170,5.634729794,99.426680455
laser 002,circular_cone,2128.061135,490.000000,-0.016828803,5.627066499,-99.323913019,713.425341441,5.633469647,99.329441970
laser 002,circular_cone,2128.050475,491.000000,-0.018730943,5.626018299,-99.226785133,713.426403600,5.632505648,99.232326031
laser 002,circular_cone,2128.008838,492.000000,-0.010894661,5.621882200,-99.128281318,713.417567571,5.628014180,99.133753196
laser 002,circular_cone,2127.932770,493.000000,0.007764921,5.614314220,-99.028252494,713.397730712,5.619602294,99.033565366
laser 002,circular_cone,2127.863599,494.000000,0.024256760,5.607434116,-98.928535120,713.380097224,5.611976131,98.933707011
laser 002,circular_cone,2127.820971,495.000000,0.032406658,5.603199815,-98.829998102,713.370942580,5.607372308,98.835098367
laser 002,circular_cone,2127.796902,496.000000,0.034724592,5.600815321,-98.732284713,713.367715601,5.604881532,98.737361840
laser 002,circular_cone,2127.778948,497.000000,0.035121760,5.599040310,-98.634842610,713.366440918,5.603086938,98.639912568
laser 002,circular_cone,2127.798132,498.000000,0.023847924,5.600966677,-98.539040525,713.377028669,5.605520523,98.544200347
laser 002,circular_cone,2127.847253,499.000000,0.003165479,5.605876928,-98.444556131,713.397179314,5.611362676,98.449884041
laser 002,circular_cone,2127.867611,500.000000,-0.008475914,5.607920498,-98.348799169,713.408140626,5.613930056,98.354220000
laser 002,circular_cone,2127.846475,501.000000,-0.007073838,5.605828250,-98.251212885,713.405844593,5.611772867,98.256618193
laser 002,circular_cone,2127.807908,502.000000,-0.000191826,5.601998679,-98.152860896,713.397978806,5.607631005,98.158205119
laser 002,circular_cone,2127.763971,503.000000,0.008378938,5.597634003,-98.054275366,713.388396618,5.602877813,98.059544466
laser 002,circular_cone,2127.717308,504.000000,0.017807319,5.592997787,-97.955573050,713.377942798,5.597814369,97.960759896
laser 002,circular_cone,2127.681738,505.000000,0.023750131,5.589467247,-97.857360133,713.371031725,5.594013932,97.862493705
laser 002,circular_cone,2127.686321,506.000000,0.017074396,5.589938391,-97.760907854,713.376946058,5.594784751,97.766093062
laser 002,circular_cone,2127.733594,507.000000,-0.003017851,5.594664178,-97.666322043,713.396496796,5.600415801,97.671670433
laser 002,circular_cone,2127.753555,508.000000,-0.014525209,5.596668067,-97.570537307,713.407321927,5.602937453,97.575977504
laser 002,circular_cone,2127.709311,509.000000,-0.005850965,5.592272906,-97.471946037,713.397634740,5.598149107,97.477310251
laser 002,circular_cone,2127.613327,510.000000,0.019085597,5.582721567,-97.371100617,713.371418809,5.587470541,97.376253644
laser 002,circular_cone,2127.564787,511.000000,0.029111191,5.577898760,-97.272330209,713.360358235,5.582193553,97.277396018
laser 002,circular_cone,2127.496366,512.000000,0.045385382,5.571095036,-97.172697622,713.342946739,5.574653602,97.177624263
laser 002,circular_cone,2127.502145,513.000000,0.038342225,5.571685269,-97.076296770,713.349234634,5.575560097,97.081278103
laser 002,circular_cone,2127.470373,514.000000,0.043101024,5.568533683,-96.978263036,713.343527255,5.572192061,96.983200941
laser 002,circular_cone,2127.532466,515.000000,0.018362291,5.574735528,-96.884304860,713.367800593,5.579508904,96.889444578
laser 002,circular_cone,2127.561991,516.000000,0.003859119,5.577692199,-96.788928271,713.381670692,5.583118564,96.794184704
laser 002,circular_cone,2127.551012,517.000000,0.002086874,5.576612534,-96.691793609,713.382601355,5.582117246,96.697060912
laser 002,circular_cone,2127.519638,518.000000,0.006725682,5.573500468,-96.593776328,713.377015997,5.578794148,96.599001200
laser 002,circular_cone,2127.496324,519.000000,0.008832416,5.571191644,-96.496109192,713.374004207,5.576388584,96.501312686
laser 002,circular_cone,2127.485488,520.000000,0.007018656,5.570126272,-96.398981927,713.374977129,5.575403434,96.404196637
laser 002,circular_cone,2127.458453,521.000000,0.010297071,5.567446708,-96.301155742,713.370774525,5.572574244,96.306339332
laser 002,circular_cone,2127.503309,522.000000,-0.009017663,5.571931041,-96.206429247,713.389534969,5.577928751,96.211769555
laser 002,circular_cone,2127.494489,523.000000,-0.011461638,5.571066575,-96.109386823,713.391148459,5.577172954,96.114743588
laser 002,circular_cone,2127.503693,524.000000,-0.019569400,5.571998247,-96.013119404,713.398518460,5.578468945,96.018539713
laser 002,circular_cone,2127.491458,525.000000,-0.020937776,5.570793477,-95.915928948,713.399038771,5.577324294,95.921356771
laser 002,circular_cone,2127.440893,526.000000,-0.010258045,5.565769130,-95.817093223,713.387313814,5.571816247,95.822428392
laser 002,circular_cone,2127.393908,527.000000,-0.000702714,5.561101699,-95.718414450,713.376731705,5.566715867,95.723666315
laser 002,circular_cone,2127.384498,528.000000,-0.002955516,5.560178499,-95.621348326,713.378150997,5.565892710,95.626615059
laser 002,circular_cone,2127.377865,529.000000,-0.006079941,5.559532019,-95.524400835,713.380456191,5.565385614,95.529689681
laser 002,circular_cone,2127.327641,530.000000,0.004496478,5.554542045,-95.425589471,713.368836393,5.559916604,95.430786524
laser 002,circular_cone,2127.287922,531.000000,0.011772295,5.550598940,-95.327230110,713.360571243,5.555643444,95.332362811
laser 002,circular_cone,2127.275738,532.000000,0.010395872,5.549399403,-95.230047822,713.361099911,5.554504393,95.235188105
laser 002,circular_cone,2127.270284,533.000000,0.006905585,5.548870429,-95.133152377,713.363777039,5.554131320,95.138317817
laser 002,circular_cone,2127.264588,534.000000,0.003492480,5.548317349,-95.036246087,713.366375735,5.553730658,95.041436042
laser 002,circular_cone,2127.275896,535.000000,-0.005263380,5.549458507,-94.940062441,713.374404582,5.555265392,94.945321330
laser 002,circular_cone,2127.300263,536.000000,-0.018122475,5.551900895,-94.844431647,713.386603766,5.558286568,94.849793584
laser 002,circular_cone,2127.306715,537.000000,-0.025350248,5.552558274,-94.748037363,713.393079532,5.559268550,94.753455529
laser 002,circular_cone,2127.275739,538.000000,-0.020813725,5.549486306,-94.650054535,713.387598644,5.555990174,94.655431125
laser 002,circular_cone,2127.218988,539.000000,-0.008175700,5.543846285,-94.550981700,713.373883826,5.549778064,94.556249359
laser 002,circular_cone,2127.167825,540.000000,0.002706818,5.538763240,-94.452149299,713.361953268,5.544202170,94.457322621
laser 002,circular_cone,2127.146439,541.000000,0.004232494,5.536647012,-94.354578926,713.359532563,5.542015438,94.359735705
laser 002,circular_cone,2127.158042,542.000000,-0.004607854,5.537817486,-94.258402275,713.367647356,5.543583305,94.263628691
laser 002,circular_cone,2127.191083,543.000000,-0.020184642,5.541123932,-94.163127884,713.382608698,5.547591211,94.168479942
laser 002,circular_cone,2127.221429,544.000000,-0.034913846,5.544161994,-94.067736105,713.396708587,5.551292474,94.073206760
laser 002,circular_cone,2127.207715,545.000000,-0.035794548,5.542810095,-93.970485975,713.396733636,5.549978690,93.975960092
laser 002,circular_cone,2127.140047,546.000000,-0.019717373,5.536082577,-93.870967227,713.379523707,5.542523852,93.876303822
laser 002,circular_cone,2127.080199,547.000000,-0.006097432,5.530134488,-93.771781954,713.364811226,5.535959356,93.777001456
laser 002,circular_cone,2127.062480,548.000000,-0.005716144,5.528383701,-93.674368685,713.363553762,5.534189723,93.679581158
laser 002,circular_cone,2127.077121,549.000000,-0.015503228,5.529856818,-93.578312386,713.372630822,5.536102968,93.583602367
laser 002,circular_cone,2127.086526,550.000000,-0.023643834,5.530808322,-93.482034564,713.380034505,5.537420283,93.487388366
laser 002,circular_cone,2127.057182,551.000000,-0.019605668,5.527899370,-93.384134000,713.375060471,5.534327423,93.389450370
laser 002,circular_cone,2127.007388,552.000000,-0.009139834,5.522953181,-93.285380468,713.363553808,5.528907198,93.290605969
laser 002,circular_cone,2126.976721,553.000000,-0.004683892,5.519912591,-93.187428698,713.358155246,5.525663843,93.192613296
laser 002,circular_cone,2126.975429,554.000000,-0.009458008,5.519798373,-93.090703468,713.362137517,5.525763483,93.095923899
laser 002,circular_cone,2126.962553,555.000000,-0.010590670,5.518530163,-92.993494815,713.362418878,5.524544765,92.998720804
laser 002,circular_cone,2126.927866,556.000000,-0.004868061,5.515089195,-92.895378706,713.355733043,5.520843860,92.900553262
laser 002,circular_cone,2126.886401,557.000000,0.002985472,5.510973126,-92.796982899,713.346881526,5.516371669,92.802088304
laser 002,circular_cone,2126.850583,558.000000,0.009065438,5.507419682,-92.698824196,713.339832574,5.512542158,92.703875197
laser 002,circular_cone,2126.828519,559.000000,0.010824496,5.505236350,-92.601238095,713.337175109,5.510277795,92.606270614
laser 002,circular_cone,2126.809916,560.000000,0.011497130,5.503397794,-92.503796310,713.335621829,5.508407246,92.508819379
laser 002,circular_cone,2126.789820,561.000000,0.012640038,5.501410546,-92.406293343,713.333590622,5.506366779,92.411303054
laser 002,circular_cone,2126.832273,562.000000,-0.005870853,5.505653747,-92.311377294,713.351534030,5.511443884,92.316537043
laser 002,circular_cone,2126.924813,563.000000,-0.040121955,5.514886723,-92.218525580,713.385474519,5.522221238,92.223966226
laser 002,circular_cone,2123.892669,769.000000,-0.127615052,5.216143800,-72.183693384,713.295687176,5.227099788,72.189070207
laser 002,circular_cone,2123.806505,770.000000,-0.105478637,5.207590441,-72.084163675,713.272329797,5.217545705,72.089352662
laser 002,circular_cone,2123.703277,771.000000,-0.077983420,5.197340944,-71.984090851,713.243527589,5.206053605,71.989047456
laser 002,circular_cone,2123.646522,772.000000,-0.065083849,5.191712924,-71.885521587,713.229555613,5.199841785,71.890367140
laser 002,circular_cone,2123.607480,773.000000,-0.057746232,5.187846245,-71.787525512,713.221234997,5.195642358,71.792306247
laser 002,circular_cone,2123.571891,774.000000,-0.051492006,5.184322981,-71.689642700,713.214015214,5.191835247,71.694367623
laser 002,circular_cone,2123.548713,775.000000,-0.049134178,5.182033708,-71.592159740,713.210754454,5.189438000,71.596861240
laser 002,circular_cone,2123.548322,776.000000,-0.053931035,5.182009955,-71.495407034,713.214763320,5.189629215,71.500144585
laser 002,circular_cone,2123.574083,777.000000,-0.066939555,5.184586312,-71.399489168,713.227115740,5.192791190,71.404331031
laser 002,circular_cone,2123.612809,778.000000,-0.084019045,5.188451836,-71.303981935,713.243604495,5.197426085,71.308961949
laser 002,circular_cone,2123.636051,779.000000,-0.096235001,5.190777953,-71.207976916,713.255151599,5.200302047,71.213054654
laser 002,circular_cone,2123.612217,780.000000,-0.093664867,5.188423353,-71.110470512,713.251675193,5.197829892,71.115523063
laser 002,circular_cone,2123.533138,781.000000,-0.073743665,5.180576088,-71.011209274,713.230569170,5.189081896,71.016092406
laser 002,circular_cone,2123.493572,782.000000,-0.066230952,5.176657588,-70.913208208,713.222070913,5.184822748,70.918025069
laser 002,circular_cone,2123.442552,783.000000,-0.055120386,5.171600497,-70.814846616,713.209917086,5.179262613,70.819567298
laser 002,circular_cone,2123.425270,784.000000,-0.054603529,5.169897573,-70.717556398,713.208527065,5.177534814,70.722268962
laser 002,circular_cone,2123.452683,785.000000,-0.068121115,5.172638012,-70.621679473,713.221396769,5.180883852,70.626500580
laser 002,circular_cone,2123.429097,786.000000,-0.065622175,5.170308369,-70.524189418,713.217992882,5.178439870,70.528985932
laser 002,circular_cone,2123.487430,787.000000,-0.088848111,5.176122915,-70.429282764,713.240726732,5.185301222,70.434268522
laser 002,circular_cone,2123.515395,788.000000,-0.102536602,5.178918489,-70.333414180,713.253770057,5.188713111,70.338509904
laser 002,circular_cone,2123.484763,789.000000,-0.097820932,5.175888218,-70.235700076,713.248113904,5.185468444,70.240752779
laser 002,circular_cone,2123.482803,790.000000,-0.102108860,5.175708596,-70.138887814,713.251605840,5.185480825,70.143972339
laser 002,circular_cone,2123.398016,791.000000,-0.080383536,5.167294458,-70.039478178,713.228667201,5.176084527,70.044378291
laser 002,circular_cone,2123.355136,792.000000,-0.071818466,5.163046844,-69.941386955,713.219100006,5.171448769,69.946212050
laser 002,circular_cone,2123.355150,793.000000,-0.076722504,5.163063454,-69.844639416,713.223218015,5.171685190,69.849501455
laser 002,circular_cone,2123.356231,794.000000,-0.081960483,5.163186147,-69.747924237,713.227675332,5.172042769,69.752825997
laser 002,circular_cone,2123.332556,795.000000,-0.079422952,5.160847813,-69.650436268,713.224232442,5.169588357,69.655313115
laser 002,circular_cone,2123.289510,796.000000,-0.070801196,5.156583880,-69.552346399,713.214607782,5.164933723,69.557147758
laser 002,circular_cone,2123.251046,797.000000,-0.063617373,5.152775553,-69.454401785,713.206444156,5.160799599,69.459139609
laser 002,circular_cone,2123.222479,798.000000,-0.059540369,5.149951113,-69.356766800,713.201437205,5.157789596,69.361466915
laser 002,circular_cone,2123.205675,799.000000,-0.059155994,5.148295982,-69.259497981,713.200182120,5.156115576,69.264191081
laser 002,circular_cone,2123.211351,800.000000,-0.065829525,5.148875414,-69.162925524,713.206098118,5.156994692,69.167670279
laser 002,circular_cone,2123.225669,801.000000,-0.075215769,5.150313911,-69.066618769,713.214770320,5.158855318,69.071437727
laser 002,circular_cone,2123.227611,802.000000,-0.080714563,5.150522213,-68.969927805,713.219492758,5.159310280,68.974788653
laser 002,circular_cone,2123.221676,803.000000,-0.083738591,5.149947514,-68.872992915,713.221700771,5.158870539,68.877875082
laser 002,circular_cone,2123.219022,804.000000,-0.087791794,5.149698971,-68.776158589,713.224954468,5.158803408,68.781070628
laser 002,circular_cone,2123.209874,805.000000,-0.089804489,5.148804902,-68.679123929,713.226134968,5.157998649,68.684048880
laser 002,circular_cone,2123.186389,806.000000,-0.087313699,5.146485693,-68.581649043,713.222739832,5.155565477,68.586549472
laser 002,circular_cone,2123.156565,807.000000,-0.082831145,5.143536420,-68.483980960,713.217321044,5.152412338,68.488840310
laser 002,circular_cone,2123.130932,808.000000,-0.079663569,5.141003789,-68.386442805,713.213238337,5.149735197,68.391272007
laser 002,circular_cone,2123.115929,809.000000,-0.079832906,5.139527801,-68.289230822,713.212546032,5.148265316,68.294057613
laser 002,circular_cone,2123.112132,810.000000,-0.083520004,5.139165680,-68.192361200,713.215427865,5.148068085,68.197214822
laser 002,circular_cone,2123.126054,811.000000,-0.092770221,5.140564823,-68.096030979,713.223961944,5.149883220,68.100957676
laser 002,circular_cone,2123.171718,812.000000,-0.111987804,5.145119259,-68.000664674,713.242623042,5.155303546,68.005747297
laser 002,circular_cone,2123.237563,813.000000,-0.137543315,5.151680126,-67.905906906,713.267723553,5.163016379,67.911198139
laser 002,circular_cone,2123.252766,814.000000,-0.147193482,5.153206884,-67.809605556,713.276663953,5.164977183,67.814973187
laser 002,circular_cone,2123.159673,815.000000,-0.122830197,5.143968022,-67.710019863,713.251046211,5.154637101,67.715181160
laser 002,circular_cone,2123.056968,816.000000,-0.095449132,5.133774454,-67.610150651,713.222362446,5.143206101,67.615080531
laser 002,circular_cone,2122.989482,817.000000,-0.079128261,5.127082122,-67.511353751,713.204916054,5.135775562,67.516144149
laser 002,circular_cone,2122.945051,818.000000,-0.070046365,5.122681490,-67.413257418,713.194824597,5.130963468,67.417968507
laser 002,circular_cone,2122.898444,819.000000,-0.060280335,5.118064744,-67.315098479,713.184038098,5.125904382,67.319724574
laser 002,circular_cone,2122.843044,820.000000,-0.047752610,5.112574316,-67.216678181,713.170445740,5.119846959,67.221196325
laser 002,circular_cone,2122.795774,821.000000,-0.037776820,5.107892039,-67.118506002,713.159446216,5.114712873,67.122937408
laser 002,circular_cone,2122.755696,822.000000,-0.030058222,5.103924609,-67.020552723,713.150740059,5.110395518,67.024916154
laser 002,circular_cone,2122.725693,823.000000,-0.025501788,5.100958443,-66.922903730,713.145246713,5.107222159,66.927225472
laser 002,circular_cone,2122.709465,824.000000,-0.025269003,5.099361141,-66.825668339,713.144146241,5.105612820,66.829984330
laser 002,circular_cone,2122.699894,825.000000,-0.027125054,5.098425353,-66.728632197,713.145168053,5.104759279,66.732959802
laser 002,circular_cone,2122.683110,826.000000,-0.026715346,5.096772834,-66.631380870,713.143887869,5.103086739,66.635701253
laser 002,circular_cone,2122.653203,827.000000,-0.022184450,5.093816356,-66.533739340,713.138420583,5.099924222,66.538018247
laser 002,circular_cone,2122.634636,828.000000,-0.021212635,5.091986726,-66.436436607,713.136569350,5.098049199,66.440703622
laser 002,circular_cone,2122.666085,829.000000,-0.035942419,5.095126974,-66.340619346,713.150670916,5.101852778,66.345004985
laser 002,circular_cone,2122.724533,830.000000,-0.059148632,5.100950296,-66.245598843,713.173384485,5.108722030,66.250173565
laser 002,circular_cone,2122.749679,831.000000,-0.071898329,5.103464522,-66.149586586,713.185474256,5.111810213,66.154263472
laser 002,circular_cone,2122.712364,832.000000,-0.065034868,5.099771727,-66.051724904,713.177637181,5.107806095,66.056340925
laser 002,circular_cone,2122.617724,833.000000,-0.040172096,5.090382782,-65.952173656,713.151512989,5.097293393,65.956579197
laser 002,circular_cone,2122.493435,834.000000,-0.006002237,5.078048754,-65.851756209,713.115932963,5.083415516,65.855873908
laser 002,circular_cone,2122.472400,835.000000,-0.004247510,5.075974127,-65.754386860,713.113286479,5.081260161,65.758486159
laser 002,circular_cone,2122.452533,836.000000,-0.002858286,5.074015574,-65.657052713,713.111011369,5.079237377,65.661136652
laser 002,circular_cone,2122.487956,837.000000,-0.018825119,5.077550274,-65.561341352,713.126369815,5.083491248,65.565554199
laser 002,circular_cone,2122.459966,838.000000,-0.014883345,5.074784654,-65.463768411,713.121501378,5.080546184,65.467944680
laser 002,circular_cone,2122.477623,839.000000,-0.025270680,5.076554275,-65.367532130,713.131191129,5.082783134,65.371790928
laser 002,circular_cone,2122.522511,840.000000,-0.044206360,5.081029589,-65.272088753,713.149565854,5.088111624,65.276501137
laser 002,circular_cone,2122.467499,841.000000,-0.031777165,5.075579077,-65.173727029,713.136074397,5.082098573,65.178032286
laser 002,circular_cone,2122.441720,842.000000,-0.028524655,5.073033162,-65.076220444,713.131906330,5.079404327,65.080494853
laser 002,circular_cone,2122.457558,843.000000,-0.038336414,5.074622097,-64.979925240,713.141011327,5.081434613,64.984277395
laser 002,circular_cone,2122.479107,844.000000,-0.049940218,5.076778512,-64.883793550,713.151937000,5.084113267,64.888238345
laser 002,circular_cone,2122.465974,845.000000,-0.050654265,5.075489038,-64.786653593,713.151798921,5.082854502,64.791100512
laser 002,circular_cone,2122.424853,846.000000,-0.042580174,5.071418823,-64.688703667,713.142732323,5.078418325,64.693079661
laser 002,circular_cone,2122.391212,847.000000,-0.036853435,5.068091878,-64.590972588,713.136050616,5.074831372,64.595297169
laser 002,circular_cone,2122.371642,848.000000,-0.035543096,5.066162962,-64.493649576,713.133855891,5.072841791,64.497959454
laser 002,circular_cone,2122.342335,849.000000,-0.031174768,5.063266716,-64.396046753,713.128554359,5.069746853,64.400316509
laser 002,circular_cone,2122.336248,850.000000,-0.034094922,5.062677368,-64.299113613,713.130657748,5.069287793,64.303403831
laser 002,circular_cone,2122.347357,851.000000,-0.042412459,5.063796432,-64.202674075,713.138244731,5.070780765,64.207029619
laser 002,circular_cone,2122.352654,852.000000,-0.048904274,5.064338101,-64.106065921,713.143976839,5.071613937,64.110471615
laser 002,circular_cone,2122.359036,853.000000,-0.055735625,5.064987586,-64.009487448,713.150053912,5.072570250,64.013946116
laser 002,circular_cone,2122.370449,854.000000,-0.064145420,5.066136936,-63.913051372,713.157734634,5.074097675,63.917576132
laser 002,circular_cone,2122.376858,855.000000,-0.070983086,5.066789152,-63.816470476,713.163818131,5.075057004,63.821048262
laser 002,circular_cone,2122.354175,856.000000,-0.068685712,5.064550988,-63.719058583,713.160620759,5.072713626,63.723613463
laser 002,circular_cone,2122.306974,857.000000,-0.058689585,5.059877000,-63.620949727,713.149601767,5.067586927,63.625417707
laser 002,circular_cone,2122.269297,858.000000,-0.051682636,5.056149343,-63.523114779,713.141619713,5.063541482,63.527520707
laser 002,circular_cone,2122.249263,859.000000,-0.050213560,5.054174512,-63.425782900,713.139263955,5.061498825,63.430172807
laser 002,circular_cone,2122.243310,860.000000,-0.053163956,5.053598570,-63.328850838,713.141398227,5.061054540,63.333261460
laser 002,circular_cone,2122.241258,861.000000,-0.057337884,5.053410180,-63.232028729,713.144775572,5.061053034,63.236470235
laser 002,circular_cone,2122.235965,862.000000,-0.060493138,5.052899824,-63.135114299,713.147117998,5.060683581,63.139578223
laser 002,circular_cone,2122.221459,863.000000,-0.060754788,5.051474217,-63.037939516,713.146520666,5.059268270,63.042401806
laser 002,circular_cone,2122.199271,864.000000,-0.058603508,5.049285475,-62.940548703,713.143471927,5.056980912,62.944989303
laser 002,circular_cone,2122.195946,865.000000,-0.062373038,5.048970652,-62.843689307,713.146438481,5.056834720,62.848157431
laser 002,circular_cone,2122.233791,866.000000,-0.079067008,5.052745858,-62.747985205,713.162535658,5.061361928,62.752588282
laser 002,circular_cone,2122.274610,867.000000,-0.096694251,5.056816708,-62.652360310,713.179580973,5.066226904,62.657106099
laser 002,circular_cone,2122.270832,868.000000,-0.100318245,5.056456922,-62.555482593,713.182399676,5.066029182,62.560254696
laser 002,circular_cone,2122.216516,869.000000,-0.088073405,5.051076265,-62.457191809,713.169096476,5.060094319,62.461858323
laser 002,circular_cone,2122.153004,870.000000,-0.072940759,5.044782286,-62.358648257,713.152859470,5.053115787,62.363185180
laser 002,circular_cone,2122.120750,871.000000,-0.067620912,5.041593706,-62.260980162,713.146591795,5.049685575,62.265469058
laser 002,circular_cone,2122.118726,872.000000,-0.071790583,5.041408180,-62.164154803,713.149964978,5.049686744,62.168674550
laser 002,circular_cone,2122.118201,873.000000,-0.076429707,5.041371574,-62.067370314,713.153815111,5.049858023,62.071924814
laser 002,circular_cone,2122.099738,874.000000,-0.075435970,5.039553033,-61.970087529,713.151942594,5.047993118,61.974629962
laser 002,circular_cone,2122.052568,875.000000,-0.065428621,5.034882881,-61.872010662,713.140912802,5.042869756,61.876466107
laser 002,circular_cone,2121.971417,876.000000,-0.044752887,5.026837583,-61.772997765,713.119044621,5.033889711,61.777277545
laser 002,circular_cone,2121.867728,877.000000,-0.017002652,5.016554329,-61.673369197,713.089989254,5.022352388,61.677414509
laser 002,circular_cone,2121.775498,878.000000,0.007149737,5.007409947,-61.574064589,713.064589161,5.012116335,61.577905339
laser 002,circular_cone,2121.738321,879.000000,0.014022630,5.003733347,-61.476281361,713.056744013,5.008128006,61.480061177
laser 002,circular_cone,2121.753630,880.000000,0.004422922,5.005269129,-61.379941736,713.065633993,5.010095581,61.383797539
laser 002,circular_cone,2121.773037,881.000000,-0.006462091,5.007211940,-61.283712220,713.075829756,5.012528201,61.287654694
laser 002,circular_cone,2121.767653,882.000000,-0.009564587,5.006692729,-61.186801438,713.078119003,5.012147520,61.190765894
laser 002,circular_cone,2121.750431,883.000000,-0.008950138,5.004997871,-61.089566635,713.076632103,5.010423422,61.093522178
laser 002,circular_cone,2121.765896,884.000000,-0.018594503,5.006549244,-60.993224365,713.085567464,5.012408605,60.997256267
laser 002,circular_cone,2121.816041,885.000000,-0.039124050,5.011544969,-60.897824732,713.105561393,5.018329464,60.902023471
laser 002,circular_cone,2121.860945,886.000000,-0.058008204,5.016020425,-60.802277315,713.123883692,5.023655787,60.806629214
laser 002,circular_cone,2121.872314,887.000000,-0.066364250,5.017165225,-60.705814252,713.131510187,5.025176248,60.710231801
laser 002,circular_cone,2121.830450,888.000000,-0.058007846,5.013022780,-60.607905697,713.122158083,5.020655116,60.612249982
laser 002,circular_cone,2121.765649,889.000000,-0.042450345,5.006602435,-60.509378893,713.105490254,5.013531051,60.513590060
laser 002,circular_cone,2121.728347,890.000000,-0.035524272,5.002913385,-60.411600107,713.097591349,5.009527876,60.415749900
laser 002,circular_cone,2121.724359,891.000000,-0.039054373,5.002532898,-60.314722619,713.100315134,5.009305223,60.318897950
laser 002,circular_cone,2121.729273,892.000000,-0.045377687,5.003036508,-60.218084382,713.105876615,5.010092746,60.222308467
laser 002,circular_cone,2121.715400,893.000000,-0.045802482,5.001674327,-60.120939437,713.105445684,5.008748235,60.125163249
laser 002,circular_cone,2121.662338,894.000000,-0.033924657,4.996420277,-60.022742352,713.092516321,5.002956556,60.026863633
laser 002,circular_cone,2121.577425,895.000000,-0.012048774,4.988003534,-59.923695082,713.069429816,4.993550903,59.927630727
laser 002,circular_cone,2121.495205,896.000000,0.008981587,4.979854764,-59.824726462,713.047202364,4.984451388,59.828483501
laser 002,circular_cone,2121.507054,897.000000,0.000488407,4.981046857,-59.728277677,713.054968371,4.986025335,59.732101508
laser 002,circular_cone,2121.462574,898.000000,0.009675660,4.976645768,-59.630324233,713.044772597,4.981208063,59.634067896
laser 002,circular_cone,2121.436663,899.000000,0.013036013,4.974088548,-59.532868286,713.040496482,4.978497667,59.536580216
laser 002,circular_cone,2121.439292,900.000000,0.007440287,4.974365129,-59.436172523,713.045318973,4.979025321,59.439927161
laser 002,circular_cone,2121.455580,901.000000,-0.002441288,4.975997969,-59.339838202,713.054495506,4.981102686,59.343671173
laser 002,circular_cone,2121.463060,902.000000,-0.009557357,4.976756268,-59.243268101,713.060862537,4.982180682,59.247156418
laser 002,circular_cone,2121.460088,903.000000,-0.013391780,4.976476752,-59.146419855,713.063895725,4.982072742,59.150336241
laser 002,circular_cone,2121.464916,904.000000,-0.019673226,4.976971753,-59.049776991,713.069414870,4.982849769,59.053741785
laser 002,circular_cone,2121.470492,905.000000,-0.026188337,4.977541046,-58.953152506,713.075171403,4.983711637,58.957167651
laser 002,circular_cone,2121.446070,906.000000,-0.023286639,4.975131659,-58.855736729,713.071361374,4.981169779,58.859723953
laser 002,circular_cone,2121.411998,907.000000,-0.017354962,4.971764135,-58.758068476,713.064473213,4.977533021,58.762002595
laser 002,circular_cone,2121.406440,908.000000,-0.020371776,4.971227890,-58.661150557,713.066675867,4.977131449,58.665105950
laser 002,circular_cone,2121.419076,909.000000,-0.029098017,4.972498200,-58.564708875,713.074678740,4.978794138,58.568732999
laser 002,circular_cone,2121.391413,910.000000,-0.025174306,4.969767095,-58.467211069,713.069830547,4.975884434,58.471198777
laser 002,circular_cone,2121.357834,911.000000,-0.019392644,4.966448645,-58.369560256,713.063094897,4.972303522,58.373496107
laser 002,circular_cone,2121.311996,912.000000,-0.009762346,4.961913118,-58.271591865,713.052449470,4.967331819,58.275443870
laser 002,circular_cone,2121.256539,913.000000,0.002887689,4.956422752,-58.173376227,713.038736353,4.961268977,58.177119286
laser 002,circular_cone,2121.223314,914.000000,0.008561221,4.953139773,-58.075742102,713.032110673,4.957728419,58.079434203
laser 002,circular_cone,2121.240500,915.000000,-0.001585083,4.954861627,-57.979417429,713.041556279,4.959906751,57.983190064
laser 002,circular_cone,2121.287820,916.000000,-0.021188216,4.959575376,-57.883870658,713.060608990,4.965503830,57.887802431
laser 002,circular_cone,2121.317090,917.000000,-0.035125674,4.962497201,-57.787852279,713.073905972,4.969053254,57.791896098
laser 002,circular_cone,2121.322990,918.000000,-0.041726995,4.963098709,-57.691227287,713.079750245,4.969951232,57.695322175
laser 002,circular_cone,2121.308357,919.000000,-0.041882304,4.961661515,-57.594071799,713.079046099,4.968519556,57.598164178
laser 002,circular_cone,2121.281036,920.000000,-0.038053975,4.958964575,-57.496590286,713.074295052,4.965648326,57.500647045
laser 002,circular_cone,2121.272189,921.000000,-0.040022981,4.958101898,-57.399584605,713.075433462,4.964873033,57.403653930
laser 002,circular_cone,2121.291030,922.000000,-0.050681468,4.959988313,-57.303288559,713.085399391,4.967239046,57.307442676
laser 002,circular_cone,2121.304185,923.000000,-0.059554243,4.961310220,-57.206844441,713.093551243,4.968959952,57.211068507
laser 002,circular_cone,2121.280155,924.000000,-0.056753948,4.958940044,-57.109448194,713.089844640,4.966461889,57.113645186
laser 002,circular_cone,2121.180554,925.000000,-0.030232880,4.949066920,-57.010125696,713.062040602,4.955390199,57.014098451
laser 002,circular_cone,2121.068634,926.000000,0.000153347,4.937971668,-56.910497481,713.030310116,4.942921921,56.914213873
laser 002,circular_cone,2121.024518,927.000000,0.009260061,4.933607978,-56.812601398,713.020197110,4.938145694,56.816238300
laser 002,circular_cone,2121.052338,928.000000,-0.004207653,4.936385333,-56.716533291,713.033016980,4.941529450,56.720278334
laser 002,circular_cone,2121.108982,929.000000,-0.026721036,4.942024293,-56.621191952,713.055026110,4.948183104,56.625120324
laser 002,circular_cone,2121.140478,930.000000,-0.041341330,4.945166897,-56.525208942,713.069016822,4.951984134,56.529255036
laser 002,circular_cone,2121.130732,931.000000,-0.043016206,4.944215091,-56.428181194,713.069856621,4.951106438,56.432237411
laser 002,circular_cone,2121.101471,932.000000,-0.038564812,4.941325890,-56.330661587,713.064472933,4.948014830,56.334677007
laser 002,circular_cone,2121.066594,933.000000,-0.032349692,4.937879225,-56.233002324,713.057297561,4.944286147,56.236962289
laser 002,circular_cone,2121.039893,934.000000,-0.028699567,4.935244295,-56.135550487,713.052727925,4.941484976,56.139476315
laser 002,circular_cone,2121.038567,935.000000,-0.033012276,4.935128430,-56.038736152,713.056247508,4.941562288,56.042694029
laser 002,circular_cone,2121.053301,936.000000,-0.042364406,4.936606913,-55.942322913,713.064886482,4.943461411,55.946354725
laser 002,circular_cone,2121.031984,937.000000,-0.040400417,4.934506491,-55.845006836,713.062029799,4.941270855,55.849018527
laser 002,circular_cone,2120.947563,938.000000,-0.018630218,4.926141842,-55.746118019,713.039052719,4.931922085,55.749944965
laser 002,circular_cone,2120.871307,939.000000,0.000577356,4.918588212,-55.647438969,713.018678991,4.923500002,55.651102471
laser 002,circular_cone,2120.848612,940.000000,0.002976977,4.916351277,-55.550096578,713.015379890,4.921153273,55.553736339
laser 002,circular_cone,2120.862046,941.000000,-0.005960225,4.917700479,-55.453651411,713.023597450,4.922904388,55.457361659
laser 002,circular_cone,2120.856758,942.000000,-0.009020901,4.917191363,-55.356740560,713.025845286,4.922531939,55.360472452
laser 002,circular_cone,2120.807608,943.000000,0.001684470,4.912328609,-55.258745045,713.014108782,4.917184495,55.262384161
laser 002,circular_cone,2120.736503,944.000000,0.019280173,4.905286977,-55.160211200,712.995372732,4.909347169,55.163700270
laser 002,circular_cone,2120.663777,945.000000,0.037384724,4.898084865,-55.061642760,712.976119832,4.901326394,55.064977555
laser 002,circular_cone,2120.593508,946.000000,0.054718504,4.891126995,-54.963140193,712.957649987,4.893584652,54.966327121
laser 002,circular_cone,2120.534927,947.000000,0.068385399,4.885329346,-54.864929689,712.942905225,4.887168643,54.867999227
laser 002,circular_cone,2120.514721,948.000000,0.070012919,4.883339931,-54.767663387,712.940390742,4.885104286,54.770715603
laser 002,circular_cone,2120.535769,949.000000,0.058698029,4.885444294,-54.671406663,712.951023847,4.887717887,54.674549130
laser 002,circular_cone,2120.600756,950.000000,0.033597089,4.891909186,-54.576219772,712.975661501,4.895314274,54.579567075
laser 002,circular_cone,2120.682983,951.000000,0.003085701,4.900085558,-54.481446559,713.005795313,4.904866353,54.485043668
laser 002,circular_cone,2120.729086,952.000000,-0.016090227,4.904677141,-54.385786650,713.024413973,4.910321995,54.389539348
laser 002,circular_cone,2120.725157,953.000000,-0.019564220,4.904303016,-54.288906873,713.027081860,4.910103196,54.292684651
laser 002,circular_cone,2120.706821,954.000000,-0.018515746,4.902498965,-54.191677274,713.025155633,4.908250343,54.195442544
laser 002,circular_cone,2120.703751,955.000000,-0.022256924,4.902210115,-54.094817732,713.028094968,4.908128880,54.098610303
laser 002,circular_cone,2120.700301,956.000000,-0.025877670,4.901883560,-53.997948350,713.030911977,4.907964275,54.001767221
laser 002,circular_cone,2120.667494,957.000000,-0.020284228,4.898643292,-53.900370535,713.024368845,4.904470061,53.904139122
laser 002,circular_cone,2120.600451,958.000000,-0.003946051,4.892005312,-53.801970739,713.006910815,4.897093152,53.805599736
laser 002,circular_cone,2120.526238,959.000000,0.014642342,4.884656138,-53.703403680,712.987166990,4.888903483,53.706874384
laser 002,circular_cone,2120.461076,960.000000,0.030390875,4.878205551,-53.605059229,712.970308069,4.881740583,53.608395245
laser 002,circular_cone,2120.476289,961.000000,0.020920479,4.879731014,-53.508643121,712.979067514,4.883692033,53.512054058
laser 002,circular_cone,2120.441841,962.000000,0.027033837,4.876328437,-53.411038395,712.971996432,4.880012044,53.414394728
laser 002,circular_cone,2120.427476,963.000000,0.026846762,4.874918794,-53.313914631,712.971325579,4.878609371,53.317268726
laser 002,circular_cone,2120.405749,964.000000,0.028970882,4.872778634,-53.216615957,712.968306961,4.876371860,53.219948605
laser 002,circular_cone,2120.373793,965.000000,0.034305704,4.869623502,-53.119075222,712.962026837,4.872974459,53.122359737
laser 002,circular_cone,2120.357065,966.000000,0.034863628,4.867979457,-53.021897466,712.960599265,4.871303757,53.025173551
laser 002,circular_cone,2120.364814,967.000000,0.027742668,4.868764207,-52.925299635,712.966972151,4.872408451,52.928631115
laser 002,circular_cone,2120.376341,968.000000,0.019437353,4.869923870,-52.828789479,712.974548141,4.873941516,52.832186198
laser 002,circular_cone,2120.375543,969.000000,0.015000446,4.869860554,-52.731986714,712.978194500,4.874076996,52.735416519
laser 002,circular_cone,2120.369492,970.000000,0.012213004,4.869275994,-52.635059427,712.980165303,4.873616780,52.638508608
laser 002,circular_cone,2120.368930,971.000000,0.007704391,4.869236117,-52.538260722,712.983884526,4.873778936,52.541743586
laser 002,circular_cone,2120.351224,972.000000,0.008576481,4.867495057,-52.441059022,712.982137919,4.871997041,52.444530847
laser 002,circular_cone,2120.272508,973.000000,0.028593038,4.859700291,-52.342429632,712.960943966,4.863297324,52.345731297
laser 002,circular_cone,2120.157437,974.000000,0.060015564,4.848299077,-52.242956810,712.928163665,4.850476329,52.245993515
laser 002,circular_cone,2120.113610,975.000000,0.069085892,4.843966784,-52.145154680,712.918089258,4.845733163,52.148112207
laser 002,circular_cone,2117.056308,1180.000000,0.094340329,4.544279787,-32.242068212,712.716473415,4.544613430,32.244042238
laser 002,circular_cone,2117.012916,1181.000000,0.103516905,4.539999525,-32.144609479,712.706297794,4.539917585,32.146503487
laser 002,circular_cone,2116.906194,1182.000000,0.132549147,4.529448175,-32.046246524,712.675957432,4.528054438,32.047895505
laser 002,circular_cone,2116.821335,1183.000000,0.154726462,4.521062484,-31.948204191,712.652578799,4.518666358,31.949665112
laser 002,circular_cone,2116.794632,1184.000000,0.158673299,4.518435406,-31.850996190,712.647714491,4.515859749,31.852420555
laser 002,circular_cone,2116.800547,1185.000000,0.152396230,4.519037966,-31.754252489,712.653233250,4.516744248,31.755725262
laser 002,circular_cone,2116.803193,1186.000000,0.147145084,4.519316869,-31.657461110,712.657710125,4.517258783,31.658973767
laser 002,circular_cone,2116.788172,1187.000000,0.147433510,4.517846498,-31.560419391,712.656561229,4.515774009,31.561925895
laser 002,circular_cone,2116.762460,1188.000000,0.151074608,4.515317606,-31.463227726,712.652007510,4.513079386,31.464700215
laser 002,circular_cone,2116.738196,1189.000000,0.154262951,4.512932127,-31.366057675,712.647913623,4.510548614,31.367499912
laser 002,circular_cone,2116.719984,1190.000000,0.155555306,4.511145892,-31.268973387,712.645745250,4.508702663,31.270401129
laser 002,circular_cone,2116.715850,1191.000000,0.152435730,4.510753524,-31.172085887,712.648057470,4.508449718,31.173535798
laser 002,circular_cone,2116.735045,1192.000000,0.142004070,4.512670978,-31.075521827,712.657795535,4.510836636,31.077054674
laser 002,circular_cone,2116.731771,1193.000000,0.138617247,4.512363783,-30.978644109,712.660379177,4.510680928,30.980201347
laser 002,circular_cone,2116.683932,1194.000000,0.149202145,4.507644231,-30.881150695,712.648773799,4.505482231,30.882616213
laser 002,circular_cone,2116.624129,1195.000000,0.163538229,4.501740373,-30.783495936,712.633358941,4.498929914,30.784838562
laser 002,circular_cone,2116.599775,1196.000000,0.166763101,4.499346228,-30.686331608,712.629228145,4.496388829,30.687643679
laser 002,circular_cone,2116.633624,1197.000000,0.151744382,4.502714344,-30.589964148,712.643624657,4.500433454,30.591397276
laser 002,circular_cone,2116.684070,1198.000000,0.131523291,4.507725857,-30.493819050,712.663304416,4.506356292,30.495416468
laser 002,circular_cone,2116.699682,1199.000000,0.122222999,4.509288636,-30.397195468,712.671893555,4.508337472,30.398866420
laser 002,circular_cone,2116.673761,1200.000000,0.125944425,4.506739220,-30.300007183,712.667258533,4.505618705,30.301643455
laser 002,circular_cone,2116.635480,1201.000000,0.133541763,4.502966122,-30.202653395,712.658687378,4.501501313,30.204222777
laser 002,circular_cone,2116.606510,1202.000000,0.138221277,4.500114960,-30.105427293,712.653079441,4.498437556,30.106954033
laser 002,circular_cone,2116.580448,1203.000000,0.141990324,4.497551757,-30.008241790,712.648396155,4.495702854,30.009733455
laser 002,circular_cone,2116.534884,1204.000000,0.151873895,4.493057904,-29.910796944,712.637503345,4.490761515,29.912202720
laser 002,circular_cone,2116.542756,1205.000000,0.145007832,4.493854262,-29.814067116,712.643620509,4.491866405,29.815526198
laser 002,circular_cone,2116.494274,1206.000000,0.155808396,4.489071654,-29.716587277,712.631796525,4.486594922,29.717952850
laser 002,circular_cone,2116.491678,1207.000000,0.152226269,4.488831695,-29.619718125,712.634578758,4.486515270,29.621109714
laser 002,circular_cone,2116.531914,1208.000000,0.135218482,4.492832069,-29.523413409,712.650995253,4.491281937,29.524942585
laser 002,circular_cone,2116.515399,1209.000000,0.136002018,4.491214155,-29.426357976,712.649344008,4.489627281,29.427876888
laser 002,circular_cone,2116.542731,1210.000000,0.123041318,4.493937149,-29.329877792,712.661650528,4.492933898,29.331500659
laser 002,circular_cone,2116.529982,1211.000000,0.122646726,4.492692076,-29.232870688,712.661195739,4.491705260,29.234493082
laser 002,circular_cone,2116.552170,1212.000000,0.111300707,4.494905884,-29.136318703,712.671862493,4.494429810,29.138031633
laser 002,circular_cone,2116.484304,1213.000000,0.128187404,4.488204159,-29.038595158,712.653858052,4.486964508,29.040164003
laser 002,circular_cone,2116.420511,1214.000000,0.143797666,4.481905992,-28.940929298,712.637149931,4.479960378,28.942364666
laser 002,circular_cone,2116.378753,1215.000000,0.152501293,4.477789373,-28.843552112,712.627455751,4.475449537,28.844911399
laser 002,circular_cone,2116.369544,1216.000000,0.151003100,4.476894867,-28.746595779,712.628121837,4.474621281,28.747963765
laser 002,circular_cone,2116.381488,1217.000000,0.142875347,4.478094326,-28.649910159,712.635520428,4.476186223,28.651341938
laser 002,circular_cone,2116.385419,1218.000000,0.137260540,4.478500590,-28.553120345,712.640367063,4.476844548,28.554595032
laser 002,circular_cone,2116.370115,1219.000000,0.137676602,4.477002753,-28.456084663,712.639089216,4.475326559,28.457552143
laser 002,circular_cone,2116.344100,1220.000000,0.141451468,4.474444649,-28.358913648,712.634400451,4.472596700,28.360346007
laser 002,circular_cone,2116.312605,1221.000000,0.146945283,4.471344141,-28.261674763,712.627966089,4.469246851,28.263057716
laser 002,circular_cone,2116.304888,1222.000000,0.144986710,4.470597399,-28.164736976,712.629099807,4.468587141,28.166132455
laser 002,circular_cone,2116.315514,1223.000000,0.137279392,4.471666402,-28.068029024,712.636071497,4.470002654,28.069484802
laser 002,circular_cone,2116.322502,1224.000000,0.130713584,4.472375313,-27.971273764,712.641883966,4.471006551,27.972780355
laser 002,circular_cone,2116.322260,1225.000000,0.126415365,4.472368546,-27.874426921,712.645393668,4.471192420,27.875965482
laser 002,circular_cone,2116.314814,1226.000000,0.124376653,4.471648666,-27.777489756,712.646608817,4.470563191,27.779041509
laser 002,circular_cone,2116.286290,1227.000000,0.128946670,4.468842308,-27.680291580,712.641112727,4.467549191,27.681801605
laser 002,circular_cone,2116.243388,1228.000000,0.138024890,4.464612798,-27.582917734,712.631038533,4.462908556,27.584348568
laser 002,circular_cone,2116.196960,1229.000000,0.148209309,4.460034416,-27.485503393,712.619841025,4.457869120,27.486845844
laser 002,circular_cone,2116.168185,1230.000000,0.152861267,4.457203455,-27.388308232,712.614261831,4.454826820,27.389608275
laser 002,circular_cone,2116.174558,1231.000000,0.146497114,4.457851447,-27.291543312,712.619869626,4.455760698,27.292892493
laser 002,circular_cone,2116.199292,1232.000000,0.134378549,4.460316865,-27.195000067,712.631321077,4.458771737,27.196446206
laser 002,circular_cone,2116.211030,1233.000000,0.126334774,4.461495969,-27.098296394,712.638634544,4.460312541,27.099805630
laser 002,circular_cone,2116.207975,1234.000000,0.122929363,4.461210825,-27.001412289,712.641237729,4.460179738,27.002946076
laser 002,circular_cone,2116.204785,1235.000000,0.119567471,4.460912328,-26.904525910,712.643796734,4.460031619,26.906083886
laser 002,circular_cone,2116.199075,1236.000000,0.116996751,4.460364401,-26.807608703,712.645552312,4.459598360,26.809184294
laser 002,circular_cone,2116.179377,1237.000000,0.118812211,4.458431899,-26.710524104,712.642853734,4.457582550,26.712080860
laser 002,circular_cone,2116.149997,1238.000000,0.123663939,4.455541087,-26.613325148,712.637071849,4.454471386,26.614837837
laser 002,circular_cone,2116.123948,1239.000000,0.127472632,4.452980037,-26.516167298,712.632349198,4.451737061,26.517644589
laser 002,circular_cone,2116.104196,1240.000000,0.129308587,4.451042297,-26.419085136,712.629629888,4.449715090,26.420543422
laser 002,circular_cone,2116.093347,1241.000000,0.128354952,4.449985779,-26.322108495,712.629743424,4.448700253,26.323570959
laser 002,circular_cone,2116.091268,1242.000000,0.124653411,4.449797305,-26.225234660,712.632647463,4.448677490,26.226724136
laser 002,circular_cone,2116.090644,1243.000000,0.120496961,4.449752856,-26.128377078,712.636013471,4.448819285,26.129897348
laser 002,circular_cone,2116.083728,1244.000000,0.118314087,4.449085648,-26.031445441,712.637375338,4.448249242,26.032980103
laser 002,circular_cone,2116.063773,1245.000000,0.120219817,4.447127886,-25.934362370,712.634585275,4.446204102,25.935877449
laser 002,circular_cone,2116.035452,1246.000000,0.124749230,4.444342129,-25.837183519,712.629130913,4.443212543,25.838657211
laser 002,circular_cone,2116.020696,1247.000000,0.125027632,4.442899000,-25.740162243,712.627993440,4.441755488,25.741629876
laser 002,circular_cone,2116.027807,1248.000000,0.118452623,4.443620154,-25.643391914,712.633815545,4.442772052,25.644910439
laser 002,circular_cone,2116.040378,1249.000000,0.110167145,4.444881742,-25.546682389,712.641374615,4.444406255,25.548266021
laser 002,circular_cone,2116.024392,1250.000000,0.110834821,4.443316887,-25.449646081,712.639841884,4.442809905,25.451220418
laser 002,circular_cone,2115.970696,1251.000000,0.123324711,4.438019784,-25.352183011,712.626303900,4.436947697,25.353649811
laser 002,circular_cone,2115.909183,1252.000000,0.138265587,4.431949277,-25.254635481,712.610277032,4.430201457,25.255974375
laser 002,circular_cone,2115.864250,1253.000000,0.148010147,4.427519850,-25.157278779,712.599526987,4.425330840,25.158532950
laser 002,circular_cone,2115.857239,1254.000000,0.145869398,4.426843371,-25.060349726,712.600846290,4.424749628,25.061617941
laser 002,circular_cone,2115.887240,1255.000000,0.132128440,4.429829762,-24.963833242,712.613945386,4.428354876,24.965211900
laser 002,circular_cone,2115.921060,1256.000000,0.117191083,4.433194236,-24.867355698,712.628259386,4.432392209,24.868854741
laser 002,circular_cone,2115.951284,1257.000000,0.103381646,4.436202951,-24.770834519,712.641427995,4.436022874,24.772444574
laser 002,circular_cone,2115.974576,1258.000000,0.091746056,4.438525692,-24.674233384,712.652389101,4.438869445,24.675936386
laser 002,circular_cone,2115.972909,1259.000000,0.087935894,4.438378167,-24.577355190,712.655403674,4.438892540,24.579086109
laser 002,circular_cone,2115.936226,1260.000000,0.095104107,4.434764980,-24.480093153,712.647270007,4.434954452,24.481760760
laser 002,circular_cone,2115.889155,1261.000000,0.105529763,4.430123799,-24.382720199,712.635828534,4.429841341,24.384297424
laser 002,circular_cone,2115.851841,1262.000000,0.112897791,4.426448389,-24.285456308,712.627492042,4.425832012,24.286968561
laser 002,circular_cone,2115.816513,1263.000000,0.119644321,4.422969621,-24.188216210,712.619786701,4.422047378,24.189668655
laser 002,circular_cone,2115.752215,1264.000000,0.135472590,4.416624092,-24.090666399,712.602859173,4.414986068,24.091983567
laser 002,circular_cone,2115.661809,1265.000000,0.159484296,4.407695453,-23.992841369,712.577621689,4.404972278,23.993955257
laser 002,circular_cone,2115.578652,1266.000000,0.181223619,4.399484705,-23.895100717,712.554691813,4.395778947,23.896030208
laser 002,circular_cone,2115.525743,1267.000000,0.193483336,4.394267182,-23.797688032,712.541388219,4.390006715,23.798511902
laser 002,circular_cone,2115.512493,1268.000000,0.193315172,4.392973609,-23.700699005,712.540704742,4.388719381,23.701520530
laser 002,circular_cone,2115.531278,1269.000000,0.183108559,4.394849576,-23.604048070,712.550214956,4.391054684,23.604950668
laser 002,circular_cone,2115.572289,1270.000000,0.165936993,4.398924733,-23.507628055,712.566797808,4.395903549,23.508669606
laser 002,circular_cone,2115.619655,1271.000000,0.146774013,4.403628913,-23.411270076,712.585402840,4.401471321,23.412467128
laser 002,circular_cone,2115.662985,1272.000000,0.128876360,4.407933970,-23.314865059,712.602722960,4.406582859,23.316207096
laser 002,circular_cone,2115.693313,1273.000000,0.115054709,4.410952599,-23.218320497,712.615904048,4.410223996,23.219773649
laser 002,circular_cone,2115.699669,1274.000000,0.108748246,4.411599104,-23.121524723,712.621453775,4.411153800,23.123026539
laser 002,circular_cone,2115.676185,1275.000000,0.111796728,4.409292732,-23.024420467,712.617503977,4.408708482,23.025893209
laser 002,circular_cone,2115.647620,1276.000000,0.116439070,4.406483611,-22.927265278,712.611935715,4.405688475,22.928695700
laser 002,circular_cone,2115.640427,1277.000000,0.114383394,4.405789378,-22.830329682,712.613169008,4.405085679,22.831773445
laser 002,circular_cone,2115.641751,1278.000000,0.109659193,4.405937951,-22.733480315,712.617112076,4.405446136,22.734959594
laser 002,circular_cone,2115.620699,1279.000000,0.111950193,4.403872335,-22.636403580,712.613931561,4.403275765,22.637860079
laser 002,circular_cone,2115.571144,1280.000000,0.123176721,4.398986358,-22.539040684,712.601677497,4.397881718,22.540400150
laser 002,circular_cone,2115.534271,1281.000000,0.130429028,4.395355399,-22.441808354,712.593459096,4.393922072,22.443103813
laser 002,circular_cone,2115.518385,1282.000000,0.131104275,4.393801095,-22.344787853,712.591919389,4.392335943,22.346073960
laser 002,circular_cone,2115.565033,1283.000000,0.112179608,4.398434399,-22.248389488,712.610282354,4.397822088,22.249829117
laser 002,circular_cone,2115.534382,1284.000000,0.117485498,4.395419098,-22.151221050,712.604040506,4.394565954,22.152612846
laser 002,circular_cone,2115.497047,1285.000000,0.124887573,4.391742513,-22.053988487,712.595670135,4.390553923,22.055315032
laser 002,circular_cone,2115.487477,1286.000000,0.123588010,4.390813200,-21.957030657,712.596135812,4.389681922,21.958364261
laser 002,circular_cone,2115.507375,1287.000000,0.113052952,4.392799634,-21.860360586,712.605979606,4.392142524,21.861777995
laser 002,circular_cone,2115.522340,1288.000000,0.104065142,4.394298019,-21.763639908,712.614252258,4.394045240,21.765128265
laser 002,circular_cone,2115.502962,1289.000000,0.105843626,4.392398239,-21.666584521,712.611592400,4.392063843,21.668054359
laser 002,circular_cone,2115.457280,1290.000000,0.115868372,4.387895831,-21.569276377,712.600559004,4.387107613,21.570659170
laser 002,circular_cone,2115.424429,1291.000000,0.121872252,4.384663091,-21.472094393,712.593608585,4.383602538,21.473423556
laser 002,circular_cone,2115.403987,1292.000000,0.123987767,4.382658172,-21.375032863,712.590606584,4.381500791,21.376340707
laser 002,circular_cone,2115.376511,1293.000000,0.128309198,4.379957350,-21.277905314,712.585364646,4.378603574,21.279173508
laser 002,circular_cone,2115.343955,1294.000000,0.134224010,4.376753986,-21.180731155,712.578504769,4.375131897,21.181946458
laser 002,circular_cone,2115.310598,1295.000000,0.140390974,4.373471452,-21.083551359,712.571388883,4.371569669,21.084711678
laser 002,circular_cone,2115.267591,1296.000000,0.149583499,4.369234319,-20.986283055,712.561200788,4.366916280,20.987363247
laser 002,circular_cone,2115.224489,1297.000000,0.158806743,4.364987924,-20.889016685,712.550981541,4.362252244,20.890016495
laser 002,circular_cone,2115.192746,1298.000000,0.164471031,4.361865343,-20.791858666,712.544376200,4.358872659,20.792807668
laser 002,circular_cone,2115.173011,1299.000000,0.166373159,4.359930698,-20.694813515,712.541591091,4.356850819,20.695742973
laser 002,circular_cone,2115.157697,1300.000000,0.166890964,4.358433416,-20.597809846,712.540211683,4.355328827,20.598731263
laser 002,circular_cone,2115.147122,1301.000000,0.165924799,4.357404943,-20.500849997,712.540339155,4.354342624,20.501775705
laser 002,circular_cone,2115.154623,1302.000000,0.159294828,4.358164600,-20.404054937,712.546217803,4.355400194,20.405032001
laser 002,circular_cone,2115.176633,1303.000000,0.148118704,4.360359580,-20.307389961,712.556712717,4.358098284,20.308456158
laser 002,circular_cone,2115.199136,1304.000000,0.136788970,4.362603409,-20.210726621,712.567363604,4.360852155,20.211883229
laser 002,circular_cone,2115.198475,1305.000000,0.132720389,4.362555719,-20.113852244,712.570641370,4.360986768,20.115038923
laser 002,circular_cone,2115.151513,1306.000000,0.143164736,4.357927642,-20.016562905,712.559182458,4.355885937,20.017659057
laser 002,circular_cone,2115.089583,1307.000000,0.158300977,4.351819091,-19.919143518,712.542959366,4.349092859,19.920110154
laser 002,circular_cone,2115.046666,1308.000000,0.167479252,4.347591512,-19.821896984,712.532786142,4.344449672,19.822783614
laser 002,circular_cone,2115.049515,1309.000000,0.162315869,4.347891009,-19.725056588,712.537175685,4.344980889,19.725982389
laser 002,circular_cone,2115.091463,1310.000000,0.144899791,4.352058170,-19.628557927,712.554006782,4.349932809,19.629624714
laser 002,circular_cone,2115.105786,1311.000000,0.136142431,4.353492763,-19.531813651,712.562045693,4.351761340,19.532949474
laser 002,circular_cone,2115.060177,1312.000000,0.146169848,4.348998811,-19.434546799,712.551010341,4.346813456,19.435595560
laser 002,circular_cone,2115.009289,1313.000000,0.157852596,4.343982839,-19.337237384,712.538294193,4.341268836,19.338185329
laser 002,circular_cone,2115.014630,1314.000000,0.151914247,4.344528879,-19.240414835,712.543470703,4.342081577,19.241408390
laser 002,circular_cone,2115.047587,1315.000000,0.137321868,4.347806669,-19.143827120,712.557434580,4.346016677,19.144938198
laser 002,circular_cone,2115.066828,1316.000000,0.127029108,4.349727780,-19.047118918,712.567032586,4.348401030,19.048311791
laser 002,circular_cone,2115.065003,1317.000000,0.123340014,4.349565044,-18.950229769,712.569925193,4.348403473,18.951449561
laser 002,circular_cone,2115.047301,1318.000000,0.124628402,4.347831740,-18.853206118,712.567763660,4.346610685,18.854411469
laser 002,circular_cone,2115.026609,1319.000000,0.126855138,4.345802691,-18.756158028,712.564649350,4.344479798,18.757341140
laser 002,circular_cone,2115.010856,1320.000000,0.127535091,4.344262231,-18.659151992,712.563105672,4.342907317,18.660325719
laser 002,circular_cone,2114.979902,1321.000000,0.132980529,4.341218153,-18.562020335,712.556723142,4.339616122,18.563145077
laser 002,circular_cone,2114.925097,1322.000000,0.145902161,4.335814968,-18.464693678,712.542749330,4.333628376,18.465707311
laser 002,circular_cone,2114.883555,1323.000000,0.154667955,4.331723831,-18.367479709,712.532995397,4.329140255,18.368416766
laser 002,circular_cone,2114.887967,1324.000000,0.149033037,4.332178022,-18.270643547,712.537863932,4.329847454,18.271623695
laser 002,circular_cone,2114.937983,1325.000000,0.129106486,4.337143039,-18.174176394,712.557244125,4.335710549,18.175318390
laser 002,circular_cone,2114.999867,1326.000000,0.105460236,4.343282319,-18.077799879,712.580401249,4.342915800,18.079134634
laser 002,circular_cone,2115.038197,1327.000000,0.089196817,4.347091921,-17.981227878,712.596061866,4.347458140,17.982694043
laser 002,circular_cone,2115.038615,1328.000000,0.084817836,4.347151198,-17.884348692,712.599655109,4.347713740,17.885847510
laser 002,circular_cone,2115.004702,1329.000000,0.091201217,4.343814335,-17.787195699,712.592320366,4.344087428,17.788637739
laser 002,circular_cone,2114.949575,1330.000000,0.104234990,4.338379089,-17.689877055,712.578232925,4.338062562,17.691207056
laser 002,circular_cone,2114.897706,1331.000000,0.116248318,4.333266334,-17.592587896,712.565181683,4.332406246,17.593814338
laser 002,circular_cone,2114.883184,1332.000000,0.116557145,4.331847824,-17.495594265,712.564015083,4.330972470,17.496814407
laser 002,circular_cone,2114.890332,1333.000000,0.110075235,4.332572779,-17.398769433,712.569743718,4.331988668,17.400039704
laser 002,circular_cone,2114.865847,1334.000000,0.113509202,4.330168819,-17.301698528,712.565403934,4.329428386,17.302936532
laser 002,circular_cone,2114.797392,1335.000000,0.130725267,4.323415884,-17.204290842,712.547070073,4.321897061,17.205382054
laser 002,circular_cone,2114.707842,1336.000000,0.154552643,4.314577010,-17.106726969,712.522023271,4.311981389,17.107616452
laser 002,circular_cone,2114.630264,1337.000000,0.174627897,4.306922715,-17.009260956,712.500786379,4.303419651,17.009979889
laser 002,circular_cone,2114.579951,1338.000000,0.186159522,4.301965067,-16.912006775,712.488224578,4.297940188,16.912626153
laser 002,circular_cone,2114.547763,1339.000000,0.192012470,4.298799915,-16.814892200,712.481428830,4.294509534,16.815459211
laser 002,circular_cone,2114.529662,1340.000000,0.193452367,4.297027829,-16.717884710,712.479114024,4.292671133,16.718436025
laser 002,circular_cone,2114.532049,1341.000000,0.188473510,4.297281728,-16.621030002,712.483316689,4.293148437,16.621618957
laser 002,circular_cone,2114.549977,1342.000000,0.178625870,4.299072455,-16.524288898,712.492462999,4.295382325,16.524955952
laser 002,circular_cone,2114.575546,1343.000000,0.166384728,4.301618863,-16.427601408,712.504039603,4.298479928,16.428366449
laser 002,circular_cone,2114.585885,1344.000000,0.158917238,4.302659226,-16.330799677,712.510769166,4.299856023,16.331623039
laser 002,circular_cone,2114.570717,1345.000000,0.159444293,4.301177168,-16.233811142,712.509381304,4.298348854,16.234626394
laser 002,circular_cone,2114.540743,1346.000000,0.164612418,4.298230964,-16.136716266,712.503281064,4.295168062,16.137484842
laser 002,circular_cone,2114.514605,1347.000000,0.168579587,4.295664157,-16.039650561,712.498400268,4.292420872,16.040382441
laser 002,circular_cone,2114.512852,1348.000000,0.164906410,4.295508750,-15.942759885,712.501277259,4.292429938,15.943518558
laser 002,circular_cone,2114.535732,1349.000000,0.153514964,4.297789291,-15.846042829,712.511991126,4.295223325,15.846892429
laser 002,circular_cone,2114.558874,1350.000000,0.142042302,4.300095823,-15.749324725,712.522787451,4.298046368,15.750265927
laser 002,circular_cone,2114.566951,1351.000000,0.135291896,4.300912590,-15.652498355,712.528788964,4.299166503,15.653491920
laser 002,circular_cone,2114.567707,1352.000000,0.130837023,4.301005374,-15.555619492,712.532459681,4.299459045,15.556646345
laser 002,circular_cone,2114.560607,1353.000000,0.128845430,4.300321256,-15.458685390,712.533629290,4.298863502,15.459725062
laser 002,circular_cone,2114.528176,1354.000000,0.134793796,4.297132090,-15.361577137,712.526737000,4.295404532,15.362563652
laser 002,circular_cone,2114.548675,1355.000000,0.124155100,4.299177344,-15.264831750,712.536686560,4.297928659,15.265902937
laser 002,circular_cone,2114.516215,1356.000000,0.130115070,4.295985334,-15.167724793,712.529782536,4.294466323,15.168742727
laser 002,circular_cone,2114.522974,1357.000000,0.123784933,4.296671811,-15.070883801,712.535357383,4.295437201,15.071950606
laser 002,circular_cone,2114.510743,1358.000000,0.123407532,4.295480332,-14.973914266,712.534888095,4.294261441,14.974980478
laser 002,circular_cone,2114.574060,1359.000000,0.099353473,4.301760185,-14.877447025,712.558459010,4.301625683,14.878709385
laser 002,circular_cone,2114.590015,1360.000000,0.090144214,4.303356255,-14.780660636,712.566957182,4.303636107,14.781995791
laser 002,circular_cone,2114.543906,1361.000000,0.100388837,4.298814287,-14.683464783,712.555702826,4.298630424,14.684711082
laser 002,circular_cone,2114.562624,1362.000000,0.090316070,4.300683598,-14.586694490,712.565077781,4.300953065,14.588020760
laser 002,circular_cone,2114.536797,1363.000000,0.094206209,4.298147521,-14.489633285,712.560275509,4.298240089,14.490923502
laser 002,circular_cone,2114.517464,1364.000000,0.096062134,4.296253719,-14.392615162,712.557538702,4.296261204,14.393886229
laser 002,circular_cone,2114.486603,1365.000000,0.101532400,4.293219895,-14.295524169,712.551132112,4.292979162,14.296746053
laser 002,circular_cone,2114.449725,1366.000000,0.108889601,4.289591113,-14.198396768,712.542809663,4.289016993,14.199553789
laser 002,circular_cone,2114.419049,1367.000000,0.114304097,4.286575734,-14.101310721,712.536459768,4.285755913,14.102419023
laser 002,circular_cone,2114.413504,1368.000000,0.111843500,4.286045558,-14.004383653,712.538105826,4.285335487,14.005508674
laser 002,circular_cone,2114.431076,1369.000000,0.102138906,4.287801417,-13.907599785,712.547107028,4.287528061,13.908801718
laser 002,circular_cone,2114.444452,1370.000000,0.093750434,4.289142381,-13.810787591,712.554771916,4.289246337,13.812055500
laser 002,circular_cone,2114.448501,1371.000000,0.088286382,4.289561010,-13.713916177,712.559467525,4.289910280,13.715225762
laser 002,circular_cone,2114.464319,1372.000000,0.079134664,4.291143542,-13.617115098,712.567907369,4.291904574,13.618497001
laser 002,circular_cone,2114.425775,1373.000000,0.087023036,4.287350040,-13.519983357,712.559045781,4.287753713,13.521295986
laser 002,circular_cone,2114.443553,1374.000000,0.077259429,4.289126403,-13.423191812,712.568106915,4.289969457,13.424581844
laser 002,circular_cone,2114.432334,1375.000000,0.076585683,4.288035178,-13.326225165,712.567938796,4.288907333,13.327617069
laser 002,circular_cone,2114.429957,1376.000000,0.073141733,4.287818380,-13.229310836,712.570583376,4.288844672,13.230727630
laser 002,circular_cone,2114.384327,1377.000000,0.083256078,4.283324222,-13.132142020,712.559461799,4.283892685,13.133471044
laser 002,circular_cone,2114.368532,1378.000000,0.084020270,4.281780534,-13.035149998,712.557833763,4.282313197,13.036468946
laser 002,circular_cone,2114.381192,1379.000000,0.075866958,4.283050764,-12.938322910,712.565259955,4.283950128,12.939705882
laser 002,circular_cone,2114.390599,1380.000000,0.068734337,4.283999337,-12.841475148,712.571649810,4.285219332,12.842913661
laser 002,circular_cone,2114.358567,1381.000000,0.074591564,4.280849979,-12.744389702,712.564850724,4.281804296,12.745775820
laser 002,circular_cone,2114.307145,1382.000000,0.086527276,4.275783288,-12.647196556,712.551880029,4.276197569,12.648479769
laser 002,circular_cone,2114.290767,1383.000000,0.087480301,4.274182050,-12.550203445,712.550060376,4.274552010,12.551475014
laser 002,circular_cone,2114.356653,1384.000000,0.062650176,4.280715690,-12.453668542,712.574418984,4.282205076,12.455142708
laser 002,circular_cone,2114.594689,1385.000000,-0.016148018,4.304276235,-12.358077574,712.653572530,4.309320950,12.360202777
laser 002,circular_cone,2114.898606,1386.000000,-0.115622410,4.334360080,-12.262826390,712.753718886,4.343893364,12.265774436
laser 002,circular_cone,2114.961708,1387.000000,-0.139589678,4.340622213,-12.166238930,712.777201141,4.351235978,12.169382402
laser 002,circular_cone,2111.960289,1593.000000,-0.032748227,4.047878140,7.811137612,712.493616782,4.053409471,-7.809646027
laser 002,circular_cone,2111.909287,1594.000000,-0.020683215,4.042860366,7.907951063,712.480521954,4.047845915,-7.906563410
laser 002,circular_cone,2111.791076,1595.000000,0.012447306,4.031204796,8.004520640,712.446044248,4.034693759,-8.003411937
laser 002,circular_cone,2111.733495,1596.000000,0.026575018,4.025537947,8.101300394,712.430855763,4.028388027,-8.100312760
laser 002,circular_cone,2111.720632,1597.000000,0.026689095,4.024287528,8.198239887,712.429892092,4.027131241,-8.197256894
laser 002,circular_cone,2111.720044,1598.000000,0.022957418,4.024249380,8.295224684,712.432832128,4.027260305,-8.294214379
laser 002,circular_cone,2111.711424,1599.000000,0.021744192,4.023418015,8.392180235,712.433215787,4.026482481,-8.391163543
laser 002,circular_cone,2111.683933,1600.000000,0.026446373,4.020723015,8.489064386,712.427594958,4.023574028,-8.488090452
laser 002,circular_cone,2111.642841,1601.000000,0.035412148,4.016684919,8.585894903,712.417646351,4.019130038,-8.584999151
laser 002,circular_cone,2111.603743,1602.000000,0.043754025,4.012843854,8.682730522,712.408331079,4.014911241,-8.681907768
laser 002,circular_cone,2111.581970,1603.000000,0.046667670,4.010713709,8.779631639,712.404525820,4.012648370,-8.778836783
laser 002,circular_cone,2111.560857,1604.000000,0.049375685,4.008648772,8.876534410,712.400929313,4.010459988,-8.875765744
laser 002,circular_cone,2111.553976,1605.000000,0.047624940,4.007989229,8.973493333,712.401858722,4.009878250,-8.972713813
laser 002,circular_cone,2111.602728,1606.000000,0.028440773,4.012823430,9.070678041,712.420484025,4.015577124,-9.069742826
laser 002,circular_cone,2111.689386,1607.000000,-0.002623560,4.021401437,9.168023181,712.451168306,4.025556024,-9.166833570
laser 002,circular_cone,2111.762066,1608.000000,-0.029307996,4.028599629,9.265318916,712.477406706,4.033957418,-9.263911297
laser 002,circular_cone,2111.789912,1609.000000,-0.041939394,4.031370029,9.362434332,712.489380507,4.037296729,-9.360925460
laser 002,circular_cone,2111.772023,1610.000000,-0.040233844,4.029623251,9.459359775,712.486801579,4.035471756,-9.457868764
laser 002,circular_cone,2111.736061,1611.000000,-0.032862084,4.026091484,9.556207420,712.478471195,4.031606047,-9.554781345
laser 002,circular_cone,2111.716378,1612.000000,-0.030591809,4.024167592,9.653123089,712.475319099,4.029578471,-9.651719567
laser 002,circular_cone,2111.727492,1613.000000,-0.037973578,4.025285392,9.750172146,712.481964299,4.031028239,-9.748710985
laser 002,circular_cone,2111.747057,1614.000000,-0.048003311,4.027237917,9.847260275,712.491297302,4.033432249,-9.845719476
laser 002,circular_cone,2111.746145,1615.000000,-0.051613229,4.027167998,9.944260037,712.494113906,4.033524054,-9.942692937
laser 002,circular_cone,2111.720954,1616.000000,-0.047611371,4.024700098,10.041151710,712.489204243,4.030874316,-10.039621547
laser 002,circular_cone,2111.690328,1617.000000,-0.041904706,4.021695454,10.138017504,712.482564159,4.027610887,-10.136538443
laser 002,circular_cone,2111.674599,1618.000000,-0.040866401,4.020162155,10.234949696,712.480662682,4.026029513,-10.233482951
laser 002,circular_cone,2111.665583,1619.000000,-0.041931084,4.019291874,10.331912439,712.480895841,4.025206077,-10.330440538
laser 002,circular_cone,2111.614101,1620.000000,-0.029683615,4.014227601,10.428677442,712.467616679,4.019587797,-10.427310984
laser 002,circular_cone,2111.499080,1621.000000,0.002479220,4.002888876,10.525140111,712.434122739,4.006796175,-10.524044554
laser 002,circular_cone,2111.477624,1622.000000,0.005317180,4.000790241,10.622037810,712.430394682,4.004568238,-10.620969520
laser 002,circular_cone,2111.484114,1623.000000,-0.000602283,4.001451260,10.719068411,712.435555737,4.005495226,-10.717954631
laser 002,circular_cone,2111.531834,1624.000000,-0.019443214,4.006183864,10.816299751,712.453832513,4.011077018,-10.815033127
laser 002,circular_cone,2111.519513,1625.000000,-0.019464579,4.004987302,10.913243390,712.453006803,4.009880212,-10.911980277
laser 002,circular_cone,2111.515698,1626.000000,-0.022150783,4.004630751,11.010228729,712.454886007,4.009643697,-11.008946987
laser 002,circular_cone,2111.517625,1627.000000,-0.026635537,4.004841257,11.107243157,712.458590803,4.010055418,-11.105927844
laser 002,circular_cone,2111.528856,1628.000000,-0.034035394,4.005970600,11.204305254,712.465254520,4.011517550,-11.202932150
laser 002,circular_cone,2111.535504,1629.000000,-0.039997624,4.006647373,11.301346106,712.470459008,4.012462226,-11.299927156
laser 002,circular_cone,2111.522823,1630.000000,-0.039899993,4.005415293,11.398290017,712.469512585,4.011224533,-11.396875566
laser 002,circular_cone,2111.543662,1631.000000,-0.050308122,4.007493567,11.495405922,712.479229785,4.013771378,-11.493908687
laser 002,circular_cone,2111.513857,1632.000000,-0.044840399,4.004570378,11.592262238,712.472832621,4.010600196,-11.590814117
laser 002,circular_cone,2111.500264,1633.000000,-0.044453210,4.003248269,11.689201571,712.471592342,4.009259405,-11.687760354
laser 002,circular_cone,2111.491063,1634.000000,-0.045441481,4.002359909,11.786163778,712.471748203,4.008414447,-11.784718038
laser 002,circular_cone,2111.459030,1635.000000,-0.039271802,3.999216809,11.883004885,712.464638622,4.004991671,-11.881614090
laser 002,circular_cone,2111.447320,1636.000000,-0.039471163,3.998080710,11.979952926,712.463993767,4.003863367,-11.978564162
laser 002,circular_cone,2111.470746,1637.000000,-0.050682782,4.000414426,12.077090474,712.474526564,4.006701923,-12.075612251
laser 002,circular_cone,2111.477267,1638.000000,-0.056594383,4.001078743,12.174139024,712.479679749,4.007631860,-12.172615373
laser 002,circular_cone,2111.450554,1639.000000,-0.052087203,3.998461038,12.271006843,712.474257721,4.004809519,-12.269524324
laser 002,circular_cone,2111.393740,1640.000000,-0.038143691,3.992870883,12.367706934,712.459257716,3.998588814,-12.366343944
laser 002,circular_cone,2111.321054,1641.000000,-0.019224743,3.985713702,12.464314645,712.439207636,3.990576514,-12.463112521
laser 002,circular_cone,2111.247932,1642.000000,-0.000168967,3.978513881,12.560914557,712.419018737,3.982515401,-12.559874434
laser 002,circular_cone,2111.197867,1643.000000,0.011660965,3.973590957,12.657639465,712.406164209,3.977057326,-12.656701310
laser 002,circular_cone,2111.184073,1644.000000,0.012124548,3.972249306,12.754567649,712.404846672,3.975693551,-12.753637032
laser 002,circular_cone,2111.211470,1645.000000,-0.000320128,3.974974627,12.851732071,712.416631136,3.978979368,-12.850701749
laser 002,circular_cone,2111.256116,1646.000000,-0.018170261,3.979403211,12.948999589,712.433902164,3.984212428,-12.947824654
laser 002,circular_cone,2111.276164,1647.000000,-0.028310072,3.981403130,13.046128533,712.443347150,3.986668814,-13.044873041
laser 002,circular_cone,2111.267028,1648.000000,-0.029301483,3.980521388,13.143088764,712.443506468,3.985830620,-13.141828721
laser 002,circular_cone,2111.232080,1649.000000,-0.022201320,3.977090962,13.239896436,712.435452832,3.982078526,-13.238699066
laser 002,circular_cone,2111.184862,1650.000000,-0.011254397,3.972449127,13.336628895,712.423494765,3.976941399,-13.335526156
laser 002,circular_cone,2111.169260,1651.000000,-0.010215514,3.970929019,13.433547947,712.421593408,3.975373203,-13.432457523
laser 002,circular_cone,2111.209527,1652.000000,-0.026686180,3.974925243,13.530804314,712.437464250,3.980111642,-13.529580738
laser 002,circular_cone,2111.268292,1653.000000,-0.048954579,3.980748225,13.628177743,712.459219757,3.986938523,-13.626772846
laser 002,circular_cone,2111.292825,1654.000000,-0.060492499,3.983191211,13.725347277,712.470083828,3.989901082,-13.723850208
laser 002,circular_cone,2111.254735,1655.000000,-0.052399465,3.979450442,13.822133110,712.461022561,3.985793834,-13.820706962
laser 002,circular_cone,2111.170052,1656.000000,-0.029701207,3.971109210,13.918626817,712.437137113,3.976426909,-13.917392928
laser 002,circular_cone,2111.092380,1657.000000,-0.009200577,3.963460744,14.015158044,712.415482315,3.967851942,-14.014098156
laser 002,circular_cone,2111.062753,1658.000000,-0.003757485,3.960556079,14.111986400,712.409110866,3.964700406,-14.110975417
laser 002,circular_cone,2111.084631,1659.000000,-0.014455639,3.962736515,14.209140079,712.419122662,3.967362514,-14.208043899
laser 002,circular_cone,2111.128385,1660.000000,-0.032009549,3.967076946,14.306436411,712.436092972,3.972494055,-14.305198079
laser 002,circular_cone,2111.152124,1661.000000,-0.043289401,3.969441338,14.403608668,712.446695163,3.975366375,-14.402280307
laser 002,circular_cone,2111.135893,1662.000000,-0.042039749,3.967859217,14.500524952,712.444580061,3.973726658,-14.499210656
laser 002,circular_cone,2111.115862,1663.000000,-0.039597790,3.965901920,14.597415970,712.441254807,3.971657949,-14.596125644
laser 002,circular_cone,2111.111276,1664.000000,-0.041995745,3.965469620,14.694407578,712.442842015,3.971332690,-14.693101014
laser 002,circular_cone,2111.116916,1665.000000,-0.047597806,3.966047010,14.791467295,712.447681351,3.972161740,-14.790117871
laser 002,circular_cone,2111.120638,1666.000000,-0.052597517,3.966435043,14.888515666,712.451909318,3.972774245,-14.887128389
laser 002,circular_cone,2111.112050,1667.000000,-0.053737418,3.965607628,14.985482864,712.452219658,3.971997089,-14.984089798
laser 002,circular_cone,2111.099400,1668.000000,-0.053602840,3.964379154,15.082422868,712.451236444,3.970761351,-15.081034603
laser 002,circular_cone,2111.091348,1669.000000,-0.054908299,3.963604686,15.179393885,712.451714856,3.970044615,-15.177998456
laser 002,circular_cone,2111.087633,1670.000000,-0.057571997,3.963258450,15.276394730,712.453571865,3.969817416,-15.274980853
laser 002,circular_cone,2111.081207,1671.000000,-0.059384696,3.962644549,15.373377556,712.454565143,3.969284142,-15.371952302
laser 002,circular_cone,2111.059576,1672.000000,-0.056430043,3.960529379,15.470255651,712.450719692,3.967034424,-15.468858625
laser 002,circular_cone,2111.017125,1673.000000,-0.046948152,3.956358625,15.566987989,712.440249293,3.962434512,-15.565673419
laser 002,circular_cone,2110.983826,1674.000000,-0.040333906,3.953091572,15.663781628,712.432689515,3.958867733,-15.662525689
laser 002,circular_cone,2110.981710,1675.000000,-0.043492554,3.952903246,15.760792890,712.435048980,3.958820786,-15.759514390
laser 002,circular_cone,2110.994243,1676.000000,-0.051241711,3.954161237,15.857908682,712.442067685,3.960427352,-15.856569485
laser 002,circular_cone,2110.992288,1677.000000,-0.054448459,3.953988834,15.954923209,712.444475988,3.960398499,-15.953561051
laser 002,circular_cone,2110.970785,1678.000000,-0.051526618,3.951886446,16.051798295,712.440663980,3.958163047,-16.050464093
laser 002,circular_cone,2110.955377,1679.000000,-0.050514047,3.950385847,16.148716420,712.438789845,3.956615558,-16.147394310
laser 002,circular_cone,2110.956505,1680.000000,-0.054683477,3.950517852,16.245754159,712.442175281,3.956934567,-16.244401091
laser 002,circular_cone,2110.962137,1681.000000,-0.060263536,3.951094555,16.342825809,712.446992464,3.957761943,-16.341430063
laser 002,circular_cone,2110.973324,1682.000000,-0.067583742,3.952219736,16.439939676,712.453575836,3.959216339,-16.438486795
laser 002,circular_cone,2110.995413,1683.000000,-0.078320339,3.954421352,16.537135993,712.463626717,3.961901372,-16.535597595
laser 002,circular_cone,2111.012473,1684.000000,-0.087479523,3.956126498,16.634297777,712.472076577,3.964018737,-16.632686967
laser 002,circular_cone,2111.006191,1685.000000,-0.089320306,3.955526963,16.731287469,712.473098556,3.963501103,-16.729665045
laser 002,circular_cone,2110.983044,1686.000000,-0.085872989,3.953262259,16.828150732,712.468753349,3.961079620,-16.826560628
laser 002,circular_cone,2110.960126,1687.000000,-0.082496268,3.951020204,16.925014647,712.464479822,3.958683971,-16.923456275
laser 002,circular_cone,2110.946928,1688.000000,-0.082165334,3.949737865,17.021951427,712.463297660,3.957385513,-17.020399484
laser 002,circular_cone,2110.946084,1689.000000,-0.085705877,3.949675287,17.118982482,712.466044890,3.957481556,-17.117404804
laser 002,circular_cone,2110.953107,1690.000000,-0.091711400,3.950389461,17.216074905,712.471293970,3.958465610,-17.214451013
laser 002,circular_cone,2110.947193,1691.000000,-0.093660197,3.949826326,17.313068785,712.472425673,3.957989254,-17.311432383
laser 002,circular_cone,2110.932847,1692.000000,-0.092964458,3.948430678,17.409997485,712.470873315,3.956561022,-17.408370541
laser 002,circular_cone,2110.927179,1693.000000,-0.094987925,3.947891853,17.506993749,712.472080833,3.956112347,-17.505353673
laser 002,circular_cone,2110.922855,1694.000000,-0.097431503,3.947485736,17.604001017,712.473714758,3.955815342,-17.602344320
laser 002,circular_cone,2110.906920,1695.000000,-0.096233942,3.945933240,17.700917005,712.471653132,3.954207613,-17.699273935
laser 002,circular_cone,2110.874267,1696.000000,-0.089794330,3.942730180,17.797699591,712.464271128,3.950712719,-17.796113698
laser 002,circular_cone,2110.824855,1697.000000,-0.078100110,3.937872629,17.894346284,712.451556022,3.945326166,-17.892861221
laser 002,circular_cone,2110.766725,1698.000000,-0.063672325,3.932154602,17.990919555,712.436066550,3.938955755,-17.989558031
laser 002,circular_cone,2110.725869,1699.000000,-0.054658415,3.928142081,18.087628325,712.426071902,3.934535210,-18.086345364
laser 002,circular_cone,2110.769941,1700.000000,-0.072264520,3.932513703,18.185024498,712.443095042,3.939700313,-18.183598949
laser 002,circular_cone,2110.882658,1701.000000,-0.111389845,3.943662892,18.282986193,712.481958872,3.952614263,-18.281239280
laser 002,circular_cone,2110.943515,1702.000000,-0.134258707,3.949692591,18.380532752,712.504323314,3.959674979,-18.378599529
laser 002,circular_cone,2110.912935,1703.000000,-0.128459729,3.946694108,18.477330592,712.497591654,3.956413580,-18.475449222
laser 002,circular_cone,2110.815562,1704.000000,-0.101719971,3.937101100,18.573572385,712.469606469,3.945612486,-18.571916837
laser 002,circular_cone,2110.714445,1705.000000,-0.073807430,3.927139240,18.669775491,712.440431069,3.934389607,-18.668355509
laser 002,circular_cone,2110.660628,1706.000000,-0.060721992,3.921847373,18.766367404,712.426304284,3.928505948,-18.765059807
laser 002,circular_cone,2110.626563,1707.000000,-0.053827001,3.918505497,18.863122054,712.418460436,3.924851688,-18.861875415
laser 002,circular_cone,2110.577850,1708.000000,-0.042339659,3.913717794,18.959750603,712.405955702,3.919544325,-18.958603073
laser 002,circular_cone,2110.541914,1709.000000,-0.034856161,3.910191440,19.056484648,712.397514637,3.915679026,-19.055402964
laser 002,circular_cone,2110.436339,1710.000000,-0.005545743,3.899791721,19.152620633,712.366920833,3.903955196,-19.151786125
laser 002,circular_cone,2110.403919,1711.000000,0.000837491,3.896612754,19.249377544,712.359596557,3.900486946,-19.248599742
laser 002,circular_cone,2110.448789,1712.000000,-0.017001142,3.901062142,19.346800591,712.376855732,3.905740315,-19.345878267
laser 002,circular_cone,2110.489987,1713.000000,-0.033688527,3.905149320,19.444196574,712.392946451,3.910579512,-19.443139293
laser 002,circular_cone,2110.489032,1714.000000,-0.037163105,3.905075921,19.541229054,712.395627151,3.910661767,-19.540146582
laser 002,circular_cone,2110.485636,1715.000000,-0.039871393,3.904761594,19.638240959,712.397530136,3.910468508,-19.637139663
laser 002,circular_cone,2110.521143,1716.000000,-0.054772319,3.908287269,19.735596513,712.411807707,3.914665571,-19.734375100
laser 002,circular_cone,2110.492878,1717.000000,-0.049683179,3.905518212,19.832391010,712.405796932,3.911665643,-19.831215552
laser 002,circular_cone,2110.522367,1718.000000,-0.062695678,3.908449937,19.929698228,712.418157891,3.915183522,-19.928418341
laser 002,circular_cone,2110.507834,1719.000000,-0.061908291,3.907036338,20.026615043,712.416513083,3.913733213,-20.025345372
laser 002,circular_cone,2110.510675,1720.000000,-0.066565654,3.907337721,20.123687731,712.420394263,3.914243638,-20.122383043
laser 002,circular_cone,2110.456150,1721.000000,-0.053240260,3.901976656,20.220243340,712.406024469,3.908279957,-20.219053028
laser 002,circular_cone,2110.416931,1722.000000,-0.044711606,3.898126540,20.316934097,712.396523007,3.904043728,-20.315818312
laser 002,circular_cone,2110.413414,1723.000000,-0.047372204,3.897800349,20.413947997,712.398377705,3.903836456,-20.412813783
laser 002,circular_cone,2110.453605,1724.000000,-0.063731805,3.901788343,20.511363053,712.414135698,3.908561678,-20.510096604
laser 002,circular_cone,2110.525338,1725.000000,-0.089978514,3.908890096,20.609072974,712.439928205,3.916846919,-20.607592152
laser 002,circular_cone,2110.548537,1726.000000,-0.101010795,3.911201214,20.706341060,712.450279396,3.919654815,-20.704772261
laser 002,circular_cone,2110.474322,1727.000000,-0.081504472,3.903896299,20.802706641,712.429636690,3.911468308,-20.801303565
laser 002,circular_cone,2110.365865,1728.000000,-0.051264940,3.893212059,20.898747030,712.398100840,3.899418029,-20.897598844
laser 002,circular_cone,2110.299851,1729.000000,-0.034329378,3.886717605,20.995177128,712.380067360,3.892158017,-20.994173308
laser 002,circular_cone,2110.313173,1730.000000,-0.042259201,3.888053419,21.092350040,712.387269939,3.893850580,-21.091284015
laser 002,circular_cone,2110.377991,1731.000000,-0.066329338,3.894471966,21.190012550,712.410853382,3.901354376,-21.188750235
laser 002,circular_cone,2110.433199,1732.000000,-0.087387377,3.899942366,21.287590247,712.431379799,3.907774074,-21.286156664
laser 002,circular_cone,2110.471093,1733.000000,-0.103017653,3.903703986,21.385008253,712.446397541,3.912240007,-21.383448494
laser 002,circular_cone,2110.440305,1734.000000,-0.097116064,3.900685979,21.481771257,712.439562574,3.908954466,-21.480264198
laser 002,circular_cone,2110.433223,1735.000000,-0.098644741,3.900008029,21.578761077,712.440268606,3.908344348,-21.577244991
laser 002,circular_cone,2110.403958,1736.000000,-0.093218209,3.897140435,21.675536375,712.433915830,3.905230663,-21.674069042
laser 002,circular_cone,2110.297680,1737.000000,-0.063649747,3.886671555,21.771560934,712.403061527,3.893426037,-21.770342913
laser 002,circular_cone,2110.204213,1738.000000,-0.038097903,3.877467906,21.867702448,712.376283761,3.883067934,-21.866700370
laser 002,circular_cone,2110.140133,1739.000000,-0.021756931,3.871164993,21.964125205,712.358854133,3.876026304,-21.963262551
laser 002,circular_cone,2110.122370,1740.000000,-0.019931588,3.869433080,22.060999838,712.356156370,3.874210842,-22.060156020
laser 002,circular_cone,2110.130331,1741.000000,-0.026167331,3.870239758,22.158128500,712.361639759,3.875297810,-22.157236550
laser 002,circular_cone,2110.119592,1742.000000,-0.026540964,3.869201029,22.255072855,712.361173751,3.874274785,-22.254181471
laser 002,circular_cone,2110.075591,1743.000000,-0.016488564,3.864879904,22.351685062,712.350126494,3.869498780,-22.350880859
laser 002,circular_cone,2110.028749,1744.000000,-0.005544862,3.860278575,22.448265901,712.338174707,3.864402344,-22.447556283
laser 002,circular_cone,2110.016635,1745.000000,-0.005483877,3.859104236,22.545193387,712.337267692,3.863224093,-22.544487946
laser 002,circular_cone,2110.040512,1746.000000,-0.016701431,3.861481458,22.642484804,712.347807120,3.866106464,-22.641689844
laser 002,circular_cone,2110.060281,1747.000000,-0.026630584,3.863453377,22.739737492,712.357038961,3.868525380,-22.738863717
laser 002,circular_cone,2110.065282,1748.000000,-0.031930116,3.863967996,22.836842156,712.361572274,3.869278036,-22.835928025
laser 002,circular_cone,2110.075667,1749.000000,-0.038916001,3.865013953,22.934003344,712.367817041,3.870638145,-22.933034848
laser 002,circular_cone,2110.094938,1750.000000,-0.048685998,3.866936871,23.031257792,712.376887350,3.873000878,-23.030211803
laser 002,circular_cone,2110.093973,1751.000000,-0.052112179,3.866862797,23.128305745,712.379519446,3.873080288,-23.127234962
laser 002,circular_cone,2110.049182,1752.000000,-0.041800427,3.862463728,23.224899797,712.368209223,3.868214638,-23.223918348
laser 002,circular_cone,2109.971776,1753.000000,-0.021265628,3.854846391,23.321151097,712.346523907,3.859669300,-23.320343909
laser 002,circular_cone,2109.900163,1754.000000,-0.002546320,3.847801127,23.417457262,712.326681158,3.851777977,-23.416809251
laser 002,circular_cone,2109.869697,1755.000000,0.003278322,3.844816139,23.514190402,712.319924942,3.848528937,-23.513594448
laser 002,circular_cone,2109.872141,1756.000000,-0.001209601,3.845078407,23.611268957,712.323634705,3.848992614,-23.610639389
laser 002,circular_cone,2109.877261,1757.000000,-0.006535010,3.845604734,23.708376993,712.328194419,3.849758150,-23.707706853
laser 002,circular_cone,2109.891632,1758.000000,-0.014758591,3.847043900,23.805584782,712.335695408,3.851567336,-23.804849994
laser 002,circular_cone,2109.919759,1759.000000,-0.027292491,3.849840487,23.902941639,712.347570809,3.854928490,-23.902106396
laser 002,circular_cone,2109.938164,1760.000000,-0.036778459,3.851677833,24.000197632,712.356352947,3.857192835,-23.999287253
laser 002,circular_cone,2109.928349,1761.000000,-0.037418425,3.850730524,24.097152346,712.356157561,3.856273258,-24.096240319
laser 002,circular_cone,2109.899212,1762.000000,-0.032001168,3.847876604,24.193898290,712.349814922,3.853173675,-24.193034935
laser 002,circular_cone,2109.861216,1763.000000,-0.023806219,3.844148601,24.290546504,712.340653333,3.849074638,-24.289754894
laser 002,circular_cone,2109.832185,1764.000000,-0.018419951,3.841305279,24.387290029,712.334342209,3.845987054,-24.386546833
laser 002,circular_cone,2109.842236,1765.000000,-0.025281257,3.842318243,24.484459451,712.340460721,3.847308552,-24.483662923
laser 002,circular_cone,2109.868227,1766.000000,-0.037137452,3.844904099,24.581805723,712.351648356,3.850428391,-24.580914369
laser 002,circular_cone,2109.881320,1767.000000,-0.044950129,3.846217320,24.679012977,712.358732374,3.852093088,-24.678060388
laser 002,circular_cone,2109.879534,1768.000000,-0.048098103,3.846062363,24.776057601,712.361082377,3.852079065,-24.775082527
laser 002,circular_cone,2109.860991,1769.000000,-0.045992622,3.844253902,24.872916788,712.358100881,3.850174422,-24.871962873
laser 002,circular_cone,2109.837701,1770.000000,-0.042398070,3.841977061,24.969722341,712.353608215,3.847734191,-24.968801953
laser 002,circular_cone,2109.830746,1771.000000,-0.043922211,3.841312081,25.066709731,712.354310308,3.847136854,-25.065780349
laser 002,circular_cone,2109.832044,1772.000000,-0.048031909,3.841461468,25.163790224,712.357636380,3.847470585,-25.162830368
laser 002,circular_cone,2109.829458,1773.000000,-0.050923032,3.841227616,25.260827924,712.359725786,3.847366076,-25.259847717
laser 002,circular_cone,2109.806702,1774.000000,-0.047490908,3.839003525,25.357637824,712.355398045,3.844985927,-25.356689795
laser 002,circular_cone,2109.755652,1775.000000,-0.035189460,3.833987696,25.454124928,712.342069293,3.839413721,-25.453282757
laser 002,circular_cone,2109.706080,1776.000000,-0.023350450,3.829117889,25.550625422,712.329209894,3.834008409,-25.549885267
laser 002,circular_cone,2109.694660,1777.000000,-0.023467769,3.828012448,25.647559693,712.328484400,3.832907117,-25.646822229
laser 002,circular_cone,2109.701062,1778.000000,-0.029169565,3.828665424,25.744698873,712.333426312,3.833816299,-25.743917708
laser 002,circular_cone,2109.710749,1779.000000,-0.035899825,3.829642542,25.841877460,712.339411961,3.835096044,-25.841044051
laser 002,circular_cone,2109.715723,1780.000000,-0.041151792,3.830154670,25.939003200,712.343897374,3.835844074,-25.938129827
laser 002,circular_cone,2109.696279,1781.000000,-0.038749270,3.828257551,26.035846278,712.340614687,3.833837371,-26.034996528
laser 002,circular_cone,2109.644213,1782.000000,-0.026121149,3.823141848,26.132307751,712.326954657,3.828150550,-26.131566571
laser 002,circular_cone,2109.593446,1783.000000,-0.013899377,3.818154504,26.228780878,712.313707055,3.822610429,-26.228144892
laser 002,circular_cone,2109.580278,1784.000000,-0.013460295,3.816876723,26.325692726,712.312417041,3.821311685,-26.325064052
laser 002,circular_cone,2109.588110,1785.000000,-0.019601528,3.817670774,26.422852240,712.317805003,3.822381779,-26.422176215
laser 002,circular_cone,2109.573597,1786.000000,-0.018738455,3.816260315,26.519748631,712.316084738,3.820931222,-26.519083440
laser 002,circular_cone,2109.533136,1787.000000,-0.009741947,3.812289943,26.616336158,712.306110392,3.816553648,-26.615749366
laser 002,circular_cone,2109.497661,1788.000000,-0.002307028,3.808811571,26.712980613,712.297720840,3.812738556,-26.712459250
laser 002,circular_cone,2109.532843,1789.000000,-0.017014745,3.812303799,26.810469168,712.311802413,3.816893479,-26.809829288
laser 002,circular_cone,2109.492057,1790.000000,-0.007912760,3.808301473,26.907048544,712.301721115,3.812479191,-26.906487940
laser 002,circular_cone,2109.546771,1791.000000,-0.028739872,3.813720713,27.004777396,712.322012835,3.818837327,-27.004047440
laser 002,circular_cone,2109.565751,1792.000000,-0.038366849,3.815614701,27.102079292,712.330938292,3.821164690,-27.101273027
laser 002,circular_cone,2109.518161,1793.000000,-0.027128153,3.810940993,27.198574874,712.318688659,3.815982580,-27.197865634
laser 002,circular_cone,2109.480504,1794.000000,-0.019001669,3.807247374,27.295188393,712.309597431,3.811921031,-27.294550324
laser 002,circular_cone,2109.431164,1795.000000,-0.007212706,3.802401327,27.391656622,712.296789460,3.806541746,-27.391120150
laser 002,circular_cone,2109.410237,1796.000000,-0.004327307,3.800358322,27.488470419,712.293017095,3.804367368,-27.487961579
laser 002,circular_cone,2109.416677,1797.000000,-0.010017430,3.801015055,27.585620576,712.297947401,3.805279788,-27.585068130
laser 002,circular_cone,2109.295292,1798.000000,0.024352330,3.789062532,27.681191531,712.262224034,3.791774838,-27.680928263
laser 002,circular_cone,2109.087927,1799.000000,0.085659770,3.768631408,27.775686288,712.199163833,3.768575451,-27.775935974
laser 002,circular_cone,2107.018326,2006.000000,0.000977313,3.569196714,47.842480808,712.110752399,3.572735953,-47.842781985
laser 002,circular_cone,2107.021013,2007.000000,-0.003280979,3.569484464,47.939699256,712.114232291,3.573214846,-47.939968696
laser 002,circular_cone,2107.038299,2008.000000,-0.012113624,3.571210804,48.037232146,712.122353186,3.575338791,-48.037431853
laser 002,circular_cone,2107.061057,2009.000000,-0.022660342,3.573476421,48.134885133,712.132213121,3.578079379,-48.135000871
laser 002,circular_cone,2107.065329,2010.000000,-0.027412091,3.573920434,48.232142707,712.136193665,3.578736807,-48.232222608
laser 002,circular_cone,2107.049025,2011.000000,-0.025713563,3.572336841,48.328957322,712.133629989,3.577075498,-48.329054963
laser 002,circular_cone,2107.021521,2012.000000,-0.020503481,3.569649613,48.425529148,712.127503635,3.574152060,-48.425673696
laser 002,circular_cone,2107.003763,2013.000000,-0.018346846,3.567922796,48.522310774,712.124475227,3.572326850,-48.522476867
laser 002,circular_cone,2107.007314,2014.000000,-0.022867724,3.568295770,48.619554612,712.128221589,3.572902822,-48.619686785
laser 002,circular_cone,2107.024062,2015.000000,-0.031523805,3.569969212,48.717086897,712.136163371,3.574965903,-48.717150804
laser 002,circular_cone,2107.044742,2016.000000,-0.041411350,3.572030182,48.814707315,712.145354544,3.577472094,-48.814692726
laser 002,circular_cone,2107.062570,2017.000000,-0.050404014,3.573810167,48.912268139,712.153637800,3.579656911,-48.912182488
laser 002,circular_cone,2107.068483,2018.000000,-0.055660871,3.574416013,49.009570554,712.158130863,3.580498973,-49.009444871
laser 002,circular_cone,2107.048172,2019.000000,-0.052696527,3.572437582,49.106299079,712.154283064,3.578385696,-49.106201648
laser 002,circular_cone,2106.998275,2020.000000,-0.040457381,3.567543678,49.202376418,712.141025498,3.572938329,-49.202384276
laser 002,circular_cone,2106.946232,2021.000000,-0.027544817,3.562438495,49.298403120,712.127084760,3.567249291,-49.298521860
laser 002,circular_cone,2106.934488,2022.000000,-0.027262208,3.561304399,49.395315525,712.125957817,3.566101390,-49.395440242
laser 002,circular_cone,2106.966871,2023.000000,-0.040809401,3.564518535,49.493203509,712.138861929,3.569925927,-49.493219334
laser 002,circular_cone,2106.997266,2024.000000,-0.053732776,3.567536901,49.591051208,712.151133131,3.573526539,-49.590963322
laser 002,circular_cone,2106.986624,2025.000000,-0.053791958,3.566511392,49.687991510,712.150352973,3.572502653,-49.687906761
laser 002,circular_cone,2106.962687,2026.000000,-0.049682574,3.564175775,49.784636101,712.145343623,3.569980512,-49.784589115
laser 002,circular_cone,2106.973212,2027.000000,-0.056374223,3.565236140,49.882047527,712.151292446,3.571341856,-49.881948590
laser 002,circular_cone,2107.042317,2028.000000,-0.081427968,3.572069425,49.980768867,712.175870440,3.579304891,-49.980465464
laser 002,circular_cone,2107.119919,2029.000000,-0.109146163,3.579740644,50.079687363,712.203151590,3.588226120,-50.079157363
laser 002,circular_cone,2107.125387,2030.000000,-0.114249943,3.580302872,50.176996425,712.207489409,3.589017661,-50.176427663
laser 002,circular_cone,2107.047958,2031.000000,-0.093364162,3.572695187,50.272444859,712.185459751,3.580466253,-50.272053202
laser 002,circular_cone,2106.949670,2032.000000,-0.065939727,3.563032432,50.367418202,712.156796434,3.569564655,-50.367257961
laser 002,circular_cone,2106.877412,2033.000000,-0.046675195,3.555935350,50.462970933,712.136411740,3.561597026,-50.462974330
laser 002,circular_cone,2106.846716,2034.000000,-0.040437623,3.552933919,50.559457165,712.129243449,3.558313019,-50.559516000
laser 002,circular_cone,2106.843290,2035.000000,-0.042746530,3.552619584,50.656558804,712.130745903,3.558101851,-50.656602090
laser 002,circular_cone,2106.837669,2036.000000,-0.044366226,3.552088973,50.753611293,712.131549142,3.557643302,-50.753644754
laser 002,circular_cone,2106.807477,2037.000000,-0.038283032,3.549137285,50.850106015,712.124537549,3.554416006,-50.850193631
laser 002,circular_cone,2106.755637,2038.000000,-0.025413492,3.544052681,50.946106334,712.110641018,3.548749495,-50.946304471
laser 002,circular_cone,2106.712656,2039.000000,-0.015319803,3.539841115,51.042305119,712.099560723,3.544081309,-51.042590720
laser 002,circular_cone,2106.701373,2040.000000,-0.015159923,3.538752694,51.139225275,712.098558619,3.542984630,-51.139515832
laser 002,circular_cone,2106.729631,2041.000000,-0.027392110,3.541560125,51.237050446,712.110128648,3.546343117,-51.237243032
laser 002,circular_cone,2106.779083,2042.000000,-0.046266752,3.546455957,51.335365082,712.128437618,3.552089811,-51.335404524
laser 002,circular_cone,2106.799946,2043.000000,-0.056179597,3.548534998,51.433028051,712.137654578,3.554615225,-51.432988786
laser 002,circular_cone,2106.785166,2044.000000,-0.054918723,3.547101984,51.529873187,712.135535508,3.553124262,-51.529848021
laser 002,circular_cone,2106.760890,2045.000000,-0.050680056,3.544733316,51.626498934,712.130395415,3.550563241,-51.626512601
laser 002,circular_cone,2106.746993,2046.000000,-0.049693561,3.543387349,51.723363333,712.128554753,3.549171710,-51.723388821
laser 002,circular_cone,2106.748779,2047.000000,-0.053621799,3.543586678,51.820590528,712.131700213,3.549547300,-51.820587015
laser 002,circular_cone,2106.755488,2048.000000,-0.059092056,3.544271103,51.917932986,712.136410092,3.550477584,-51.917887665
laser 002,circular_cone,2106.747061,2049.000000,-0.059816566,3.543464136,52.014925204,712.136305321,3.549702279,-52.014877492
laser 002,circular_cone,2106.716848,2050.000000,-0.053710779,3.540510553,52.111410390,712.129271106,3.546472074,-52.111417017
laser 002,circular_cone,2106.669147,2051.000000,-0.042122241,3.535833968,52.207485984,712.116674576,3.541271405,-52.207592490
laser 002,circular_cone,2106.638567,2052.000000,-0.035899294,3.532844393,52.303958453,712.109521570,3.537999921,-52.304120272
laser 002,circular_cone,2106.663756,2053.000000,-0.047155830,3.535349564,52.401734777,712.120101786,3.541012116,-52.401806727
laser 002,circular_cone,2106.716272,2054.000000,-0.066977680,3.540547413,52.500155193,712.139371619,3.547103584,-52.500066132
laser 002,circular_cone,2106.765051,2055.000000,-0.085627960,3.545377329,52.598493337,712.157452848,3.552774241,-52.598252996
laser 002,circular_cone,2106.773085,2056.000000,-0.091504489,3.546192461,52.695877377,712.162574938,3.553853572,-52.695591851
laser 002,circular_cone,2106.715210,2057.000000,-0.076718065,3.540513110,52.791708432,712.146734263,3.547505803,-52.791549346
laser 002,circular_cone,2106.613837,2058.000000,-0.048296056,3.530548238,52.886507653,712.117060222,3.536257075,-52.886588260
laser 002,circular_cone,2106.545667,2059.000000,-0.030282109,3.523855319,52.982085079,712.097945322,3.528750065,-52.982318931
laser 002,circular_cone,2106.584230,2060.000000,-0.045722180,3.527678069,53.080188555,712.112769790,3.533268665,-53.080297790
laser 002,circular_cone,2106.670853,2061.000000,-0.076227355,3.536236373,53.179438203,712.142877862,3.543202779,-53.179297693
laser 002,circular_cone,2106.734962,2062.000000,-0.099675742,3.542576909,53.278160531,712.165826739,3.550600620,-53.277828889
laser 002,circular_cone,2106.731589,2063.000000,-0.101967926,3.542268079,53.375280084,712.167312554,3.550394214,-53.374933028
laser 002,circular_cone,2106.674090,2064.000000,-0.087290427,3.536625864,53.471107137,712.151582613,3.544088500,-53.470885613
laser 002,circular_cone,2106.601245,2065.000000,-0.067801693,3.529471872,53.566562899,712.130971727,3.536053856,-53.566506869
laser 002,circular_cone,2106.549127,2066.000000,-0.054809912,3.524360383,53.662510267,712.116952056,3.530354954,-53.662565768
laser 002,circular_cone,2106.545447,2067.000000,-0.057000720,3.524021317,53.759617442,712.118335136,3.530113737,-53.759658371
laser 002,circular_cone,2106.588336,2068.000000,-0.073788538,3.528270545,53.857845769,712.134526843,3.535119649,-53.857750886
laser 002,circular_cone,2106.647265,2069.000000,-0.095604496,3.534100466,53.956465470,712.155819550,3.541933197,-53.956193013
laser 002,circular_cone,2106.683155,2070.000000,-0.110197509,3.537660523,54.054534854,712.169784588,3.546150876,-54.054144815
laser 002,circular_cone,2106.683667,2071.000000,-0.113698149,3.537734591,54.151752306,712.172496472,3.546381915,-54.151336815
laser 002,circular_cone,2106.648138,2072.000000,-0.105898201,3.534257287,54.248097131,712.163744014,3.542551533,-54.247750048
laser 002,circular_cone,2106.598310,2073.000000,-0.093614447,3.529371157,54.344092610,712.150442811,3.537109949,-54.343851176
laser 002,circular_cone,2106.569528,2074.000000,-0.087927655,3.526558850,54.440596630,712.143834202,3.534039940,-54.440406052
laser 002,circular_cone,2106.570322,2075.000000,-0.091511652,3.526660695,54.537819753,712.146630730,3.534302520,-54.537603030
laser 002,circular_cone,2106.587916,2076.000000,-0.100361359,3.528417886,54.635453966,712.154769258,3.536458112,-54.635167363
laser 002,circular_cone,2106.618967,2077.000000,-0.113429091,3.531501117,54.733419730,712.167186908,3.540130125,-54.733028213
laser 002,circular_cone,2106.659426,2078.000000,-0.129445831,3.535511533,54.831619630,712.182596266,3.544862424,-54.831098705
laser 002,circular_cone,2106.689428,2079.000000,-0.142183369,3.538491676,54.929567347,712.194678907,3.548416447,-54.928944251
laser 002,circular_cone,2106.690697,2080.000000,-0.145910884,3.538640459,55.026812123,712.197621027,3.548732443,-55.026161690
laser 002,circular_cone,2106.673909,2081.000000,-0.143975479,3.537009862,55.123613160,712.194818232,3.547013466,-55.122982424
laser 002,circular_cone,2106.650805,2082.000000,-0.140058531,3.534756901,55.220257813,712.190005223,3.544582689,-55.219663232
laser 002,circular_cone,2106.610963,2083.000000,-0.130892419,3.530854642,55.316487667,712.179867076,3.540265693,-55.315972839
laser 002,circular_cone,2106.557886,2084.000000,-0.117575815,3.525648398,55.412387311,712.165518389,3.534457382,-55.411986708
laser 002,circular_cone,2106.528557,2085.000000,-0.111703860,3.522782263,55.508872298,712.158722168,3.531325194,-55.508524088
laser 002,circular_cone,2106.530019,2086.000000,-0.115484329,3.522950045,55.606120675,712.161718120,3.531662582,-55.605744687
laser 002,circular_cone,2106.542734,2087.000000,-0.122791768,3.524226635,55.703650174,712.168292097,3.533267967,-55.703217115
laser 002,circular_cone,2106.542025,2088.000000,-0.125889284,3.524180534,55.800846995,712.170595222,3.533360649,-55.800391830
laser 002,circular_cone,2106.502455,2089.000000,-0.116801544,3.520305366,55.897074070,712.160536766,3.529074285,-55.896698006
laser 002,circular_cone,2106.495222,2090.000000,-0.117851152,3.519616456,55.994107677,712.160762384,3.528431726,-55.993726517
laser 002,circular_cone,2106.469683,2091.000000,-0.113160187,3.517123868,56.090682778,712.155164385,3.525726390,-56.090344200
laser 002,circular_cone,2106.491550,2092.000000,-0.123331010,3.519302209,56.188446742,712.164643213,3.528362767,-56.188027309
laser 002,circular_cone,2106.506278,2093.000000,-0.131262582,3.520777194,56.286033988,712.171850390,3.530194720,-56.285552299
laser 002,circular_cone,2106.485490,2094.000000,-0.128057432,3.518752712,56.382728660,712.167759749,3.528024552,-56.382277212
laser 002,circular_cone,2106.435599,2095.000000,-0.115726468,3.513860764,56.478687999,712.154411323,3.522575029,-56.478342588
laser 002,circular_cone,2106.384892,2096.000000,-0.103138888,3.508888605,56.574623334,712.140802616,3.517033712,-56.574386091
laser 002,circular_cone,2106.366453,2097.000000,-0.100666795,3.507095724,56.671372275,712.137455728,3.515128234,-56.671159184
laser 002,circular_cone,2106.378863,2098.000000,-0.107865115,3.508342204,56.768903008,712.143919113,3.516698589,-56.768633750
laser 002,circular_cone,2106.401045,2099.000000,-0.118126174,3.510551522,56.866684036,712.153489522,3.519370018,-56.866333174
laser 002,circular_cone,2106.421507,2100.000000,-0.127847063,3.512591446,56.964424142,712.162511942,3.521847673,-56.963996162
laser 002,circular_cone,2106.426008,2101.000000,-0.132562564,3.513058791,57.061759995,712.166456605,3.522526832,-57.061296469
laser 002,circular_cone,2106.404424,2102.000000,-0.129098182,3.510956008,57.158430934,712.162103148,3.520266667,-57.157999802
laser 002,circular_cone,2106.357240,2103.000000,-0.117606202,3.506330994,57.254445996,712.149606084,3.515121948,-57.254113931
laser 002,circular_cone,2106.300739,2104.000000,-0.103192337,3.500788226,57.350219162,712.134144950,3.508927597,-57.350010431
laser 002,circular_cone,2106.267891,2105.000000,-0.096193212,3.497575917,57.446595499,712.126205764,3.505398368,-57.446448518
laser 002,circular_cone,2106.270728,2106.000000,-0.100380581,3.497879265,57.543887401,712.129614757,3.505889695,-57.543709261
laser 002,circular_cone,2106.290198,2107.000000,-0.109781588,3.499821313,57.641608847,712.138312729,3.508255039,-57.641356245
laser 002,circular_cone,2106.317223,2108.000000,-0.121550396,3.502507770,57.739527826,712.149412707,3.511471662,-57.739181096
laser 002,circular_cone,2106.346610,2109.000000,-0.134059010,3.505427048,57.837511132,712.161263166,3.514954497,-57.837064129
laser 002,circular_cone,2106.367182,2110.000000,-0.143802900,3.507477905,57.935269729,712.170308950,3.517444128,-57.934745417
laser 002,circular_cone,2106.391832,2111.000000,-0.154824587,3.509930643,58.033136792,712.180650981,3.520393312,-58.032524557
laser 002,circular_cone,2106.428019,2112.000000,-0.169463159,3.513520266,58.131306618,712.194662127,3.524642628,-58.130576421
laser 002,circular_cone,2106.457152,2113.000000,-0.181889103,3.516414960,58.229296991,712.206428672,3.528097149,-58.228467208
laser 002,circular_cone,2106.444560,2114.000000,-0.181229590,3.515198204,58.326203295,712.204920780,3.526849613,-58.325382608
laser 002,circular_cone,2106.355618,2115.000000,-0.156627250,3.506458414,58.421116195,712.179124348,3.516998391,-58.420503461
laser 002,circular_cone,2106.222931,2116.000000,-0.118309639,3.493409445,58.514878661,712.139414694,3.502218956,-58.514587791
laser 002,circular_cone,2106.137366,2117.000000,-0.094767941,3.485003902,58.609864867,712.114694387,3.492749853,-58.609773139
laser 002,circular_cone,2106.107905,2118.000000,-0.088815126,3.482125598,58.706316292,712.107816951,3.489601859,-58.706277623
laser 002,circular_cone,2106.111178,2119.000000,-0.093123516,3.482471958,58.803626124,712.111348873,3.490141665,-58.803555288
laser 002,circular_cone,2106.127011,2120.000000,-0.101368537,3.484055646,58.901267705,712.118874251,3.492096478,-58.901132007
laser 002,circular_cone,2106.141739,2121.000000,-0.109266119,3.485530524,58.998882453,712.126047173,3.493926801,-58.998684778
laser 002,circular_cone,2106.148552,2122.000000,-0.114681085,3.486225695,59.096290398,712.130701649,3.494865364,-59.096051366
laser 002,circular_cone,2106.151757,2123.000000,-0.118963707,3.486565442,59.193604419,712.134207445,3.495397396,-59.193333435
laser 002,circular_cone,2106.149394,2124.000000,-0.121499406,3.486356664,59.290772117,712.135941117,3.495302057,-59.290483689
laser 002,circular_cone,2106.111268,2125.000000,-0.112820970,3.482624699,59.386991512,712.126298871,3.491177385,-59.386778778
laser 002,circular_cone,2106.047576,2126.000000,-0.096126104,3.476374344,59.482529034,712.108524584,3.484172504,-59.482458575
laser 002,circular_cone,2105.997932,2127.000000,-0.083834891,3.471508081,59.578435968,712.095217530,3.478750473,-59.578471208
laser 002,circular_cone,2105.961432,2128.000000,-0.075663477,3.467936700,59.674689996,712.086089746,3.474809270,-59.674796719
laser 002,circular_cone,2105.941979,2129.000000,-0.072835157,3.466044540,59.771397036,712.082382154,3.472788447,-59.771530865
laser 002,circular_cone,2105.955184,2130.000000,-0.080243867,3.467369245,59.868976882,712.089059252,3.474446534,-59.869052794
laser 002,circular_cone,2105.997932,2131.000000,-0.096913675,3.471604125,59.967350371,712.105130995,3.479432795,-59.967291448
laser 002,circular_cone,2106.029719,2132.000000,-0.110146489,3.474759450,60.065434358,712.117716162,3.483184371,-60.065269146
laser 002,circular_cone,2106.015841,2133.000000,-0.109061032,3.473416403,60.162294456,712.115776601,3.481791327,-60.162141874
laser 002,circular_cone,2105.960652,2134.000000,-0.095022447,3.468003976,60.258041967,712.100697188,3.475744267,-60.258009596
laser 002,circular_cone,2105.894891,2135.000000,-0.077668846,3.461550438,60.353500559,712.082255021,3.468506476,-60.353615932
laser 002,circular_cone,2105.847202,2136.000000,-0.065980242,3.456877228,60.449442531,712.069559568,3.463304699,-60.449658596
laser 002,circular_cone,2105.828128,2137.000000,-0.063261187,3.455022563,60.546155388,712.065962988,3.461326306,-60.546397650
laser 002,circular_cone,2105.830213,2138.000000,-0.067174085,3.455251959,60.643440808,712.069093964,3.461731306,-60.643654187
laser 002,circular_cone,2105.857970,2139.000000,-0.079134016,3.458009978,60.741424044,712.080387945,3.465028129,-60.741541704
laser 002,circular_cone,2105.918285,2140.000000,-0.101300746,3.463975138,60.840295697,712.102035788,3.471992774,-60.840232869
laser 002,circular_cone,2105.994751,2141.000000,-0.128531808,3.471531725,60.939613401,712.128820895,3.480777423,-60.939328022
laser 002,circular_cone,2106.034883,2142.000000,-0.144370646,3.475509414,61.037947802,712.144049599,3.485468990,-61.037534489
laser 002,circular_cone,2106.022087,2143.000000,-0.143612388,3.474273012,61.134840718,712.142442087,3.484197362,-61.134437317
laser 002,circular_cone,2105.977832,2144.000000,-0.132988712,3.469937530,61.230872678,712.130827067,3.479381382,-61.230561124
laser 002,circular_cone,2105.930171,2145.000000,-0.121296209,3.465266675,61.326808400,712.118127867,3.474181789,-61.326597570
laser 002,circular_cone,2105.904359,2146.000000,-0.116453330,3.462748208,61.423340593,712.112376986,3.471443740,-61.423173598
