cv_scheme,heldout_group,model,condition_id,dataset,height_label_mm,true_height_mm,position_rank,point_count,q1_median,q2_median,raw_bias_mm,predicted_bias_mm,corrected_bias_mm,bbox_oob_point_count,hull_oob_point_count,support_state,b0_corrected_bias_mm,delta_corrected_bias_vs_b0_mm
LOHO_height,height_1mm,B0,obs_1mm/rank1,obs_1mm,1.0,1.001,1,315,-1.6744896776165374,1.45750707071854,0.009230615607567409,-0.07770370662619364,0.08693432223376103,315,315,BBOX_EXTRAPOLATION,0.08693432223376103,0.0
LOHO_height,height_1mm,B0,obs_1mm/rank2,obs_1mm,1.0,1.001,2,196,-0.4776087348957897,1.4353136911142417,-0.03935235047589003,-0.07770370662619362,0.0383513561503036,196,196,BBOX_EXTRAPOLATION,0.0383513561503036,0.0
LOHO_height,height_1mm,B0,obs_1mm/rank3,obs_1mm,1.0,1.001,3,271,0.1648873928472083,1.415999840097768,0.013061651144207894,-0.07770370662619364,0.09076535777040151,40,271,BBOX_EXTRAPOLATION,0.09076535777040151,0.0
LOHO_height,height_1mm,B0,obs_1mm/rank4,obs_1mm,1.0,1.001,4,236,1.0958960480261872,1.394438039298664,-0.05515646482318219,-0.07770370662619362,0.02254724180301143,0,236,HULL_EXTRAPOLATION,0.02254724180301143,0.0
LOHO_height,height_1mm,B0,obs_1mm/rank5,obs_1mm,1.0,1.001,5,196,2.0694150530249713,1.3715369291813282,-0.034866379324740085,-0.07770370662619362,0.04283732730145354,0,196,HULL_EXTRAPOLATION,0.04283732730145354,0.0
LOHO_height,height_1mm,B1,obs_1mm/rank1,obs_1mm,1.0,1.001,1,315,-1.6744896776165374,1.45750707071854,0.009230615607567409,-0.059827348690284846,0.06905796429785226,315,315,BBOX_EXTRAPOLATION,0.08693432223376103,-0.017876357935908777
LOHO_height,height_1mm,B1,obs_1mm/rank2,obs_1mm,1.0,1.001,2,196,-0.4776087348957897,1.4353136911142417,-0.03935235047589003,-0.07100075194533269,0.031648401469442665,196,196,BBOX_EXTRAPOLATION,0.0383513561503036,-0.006702954680860934
LOHO_height,height_1mm,B1,obs_1mm/rank3,obs_1mm,1.0,1.001,3,271,0.1648873928472083,1.415999840097768,0.013061651144207894,-0.07700804722363026,0.09006969836783815,40,271,BBOX_EXTRAPOLATION,0.09076535777040151,-0.0006956594025633589
LOHO_height,height_1mm,B1,obs_1mm/rank4,obs_1mm,1.0,1.001,4,236,1.0958960480261872,1.394438039298664,-0.05515646482318219,-0.08570028664910752,0.030543821825925306,0,236,HULL_EXTRAPOLATION,0.02254724180301143,0.007996580022913875
LOHO_height,height_1mm,B1,obs_1mm/rank5,obs_1mm,1.0,1.001,5,196,2.0694150530249713,1.3715369291813282,-0.034866379324740085,-0.09475845418896048,0.05989207486422039,0,196,HULL_EXTRAPOLATION,0.04283732730145354,0.017054747562766856
LOHO_height,height_1mm,B2,obs_1mm/rank1,obs_1mm,1.0,1.001,1,315,-1.6744896776165374,1.45750707071854,0.009230615607567409,-0.0248631169784289,0.03409373258599631,315,315,BBOX_EXTRAPOLATION,0.08693432223376103,-0.052840589647764724
LOHO_height,height_1mm,B2,obs_1mm/rank2,obs_1mm,1.0,1.001,2,196,-0.4776087348957897,1.4353136911142417,-0.03935235047589003,-0.026018982702968884,-0.013333367772921151,196,196,BBOX_EXTRAPOLATION,0.0383513561503036,-0.05168472392322475
LOHO_height,height_1mm,B2,obs_1mm/rank3,obs_1mm,1.0,1.001,3,271,0.1648873928472083,1.415999840097768,0.013061651144207894,-0.027021564712598242,0.04008321585680614,40,271,BBOX_EXTRAPOLATION,0.09076535777040151,-0.05068214191359537
LOHO_height,height_1mm,B2,obs_1mm/rank4,obs_1mm,1.0,1.001,4,236,1.0958960480261872,1.394438039298664,-0.05515646482318219,-0.02815248580626498,-0.02700397901691722,0,236,HULL_EXTRAPOLATION,0.02254724180301143,-0.049551220819928646
LOHO_height,height_1mm,B2,obs_1mm/rank5,obs_1mm,1.0,1.001,5,196,2.0694150530249713,1.3715369291813282,-0.034866379324740085,-0.02934515223691014,-0.005521227087829942,0,196,HULL_EXTRAPOLATION,0.04283732730145354,-0.04835855438928348
LOHO_height,height_1mm,S0,obs_1mm/rank1,obs_1mm,1.0,1.001,1,315,-1.6744896776165374,1.45750707071854,0.009230615607567409,-0.007376160414207336,0.016606776021774742,315,315,BBOX_EXTRAPOLATION,0.08693432223376103,-0.0703275462119863
LOHO_height,height_1mm,S0,obs_1mm/rank2,obs_1mm,1.0,1.001,2,196,-0.4776087348957897,1.4353136911142417,-0.03935235047589003,-0.019524848147389605,-0.019827502328500425,196,196,BBOX_EXTRAPOLATION,0.0383513561503036,-0.058178858478804024
LOHO_height,height_1mm,S0,obs_1mm/rank3,obs_1mm,1.0,1.001,3,271,0.1648873928472083,1.415999840097768,0.013061651144207894,-0.02643688618713876,0.03949853733134665,40,271,BBOX_EXTRAPOLATION,0.09076535777040151,-0.05126682043905486
LOHO_height,height_1mm,S0,obs_1mm/rank4,obs_1mm,1.0,1.001,4,236,1.0958960480261872,1.394438039298664,-0.05515646482318219,-0.03611910863211941,-0.019037356191062792,0,236,HULL_EXTRAPOLATION,0.02254724180301143,-0.04158459799407423
LOHO_height,height_1mm,S0,obs_1mm/rank5,obs_1mm,1.0,1.001,5,196,2.0694150530249713,1.3715369291813282,-0.034866379324740085,-0.046223043424434826,0.011356664099694741,0,196,HULL_EXTRAPOLATION,0.04283732730145354,-0.031480663201758796
LOHO_height,height_2mm,B0,obs_2mm/rank1,obs_2mm,2.0,2.0,1,234,-1.6559537808299885,1.4153710793713974,0.00500379681894667,-0.0757586544786857,0.08076245129763236,0,0,IN_DOMAIN,0.08076245129763236,0.0
LOHO_height,height_2mm,B0,obs_2mm/rank2,obs_2mm,2.0,2.0,2,211,-0.6632868333829153,1.397822848863765,-0.03294958189728135,-0.07575865447868568,0.04280907258140434,0,0,IN_DOMAIN,0.04280907258140434,0.0
LOHO_height,height_2mm,B0,obs_2mm/rank3,obs_2mm,2.0,2.0,3,186,0.51787867970166,1.3669034433023395,-0.05770591264596331,-0.0757586544786857,0.018052741832722374,0,0,IN_DOMAIN,0.018052741832722374,0.0
LOHO_height,height_2mm,B0,obs_2mm/rank4,obs_2mm,2.0,2.0,4,200,1.4482105594599637,1.340906824622041,-0.021529609421860732,-0.0757586544786857,0.05422904505682496,0,0,IN_DOMAIN,0.05422904505682496,0.0
LOHO_height,height_2mm,B1,obs_2mm/rank1,obs_2mm,2.0,2.0,1,234,-1.6559537808299885,1.4153710793713974,0.00500379681894667,-0.058925097598443416,0.06392889441739008,0,0,IN_DOMAIN,0.08076245129763236,-0.01683355688024228
LOHO_height,height_2mm,B1,obs_2mm/rank2,obs_2mm,2.0,2.0,2,211,-0.6632868333829153,1.397822848863765,-0.03294958189728135,-0.0676294878154372,0.03467990591815587,0,0,IN_DOMAIN,0.04280907258140434,-0.00812916666324847
LOHO_height,height_2mm,B1,obs_2mm/rank3,obs_2mm,2.0,2.0,3,186,0.51787867970166,1.3669034433023395,-0.05770591264596331,-0.07791090755496205,0.020204994908998734,0,0,IN_DOMAIN,0.018052741832722374,0.00215225307627636
LOHO_height,height_2mm,B1,obs_2mm/rank4,obs_2mm,2.0,2.0,4,200,1.4482105594599637,1.340906824622041,-0.021529609421860732,-0.0860268211651557,0.06449721174329498,0,0,IN_DOMAIN,0.05422904505682496,0.010268166686470022
LOHO_height,height_2mm,B2,obs_2mm/rank1,obs_2mm,2.0,2.0,1,234,-1.6559537808299885,1.4153710793713974,0.00500379681894667,-0.025450171693210667,0.030453968512157332,0,0,IN_DOMAIN,0.08076245129763236,-0.050308482785475034
LOHO_height,height_2mm,B2,obs_2mm/rank2,obs_2mm,2.0,2.0,2,211,-0.6632868333829153,1.397822848863765,-0.03294958189728135,-0.026375910787401508,-0.0065736711098798445,0,0,IN_DOMAIN,0.04280907258140434,-0.04938274369128418
LOHO_height,height_2mm,B2,obs_2mm/rank3,obs_2mm,2.0,2.0,3,186,0.51787867970166,1.3669034433023395,-0.05770591264596331,-0.028029355393083294,-0.029676557252880025,0,0,IN_DOMAIN,0.018052741832722374,-0.0477292990856024
LOHO_height,height_2mm,B2,obs_2mm/rank4,obs_2mm,2.0,2.0,4,200,1.4482105594599637,1.340906824622041,-0.021529609421860732,-0.029410613084933358,0.007881003663072624,0,0,IN_DOMAIN,0.05422904505682496,-0.046348041393752336
LOHO_height,height_2mm,S0,obs_2mm/rank1,obs_2mm,2.0,2.0,1,234,-1.6559537808299885,1.4153710793713974,0.00500379681894667,-0.006616054313899757,0.011619851132846425,0,0,IN_DOMAIN,0.08076245129763236,-0.06914260016478593
LOHO_height,height_2mm,S0,obs_2mm/rank2,obs_2mm,2.0,2.0,2,211,-0.6632868333829153,1.397822848863765,-0.03294958189728135,-0.01703628990974109,-0.015913291987540257,0,0,IN_DOMAIN,0.04280907258140434,-0.0587223645689446
LOHO_height,height_2mm,S0,obs_2mm/rank3,obs_2mm,2.0,2.0,3,186,0.51787867970166,1.3669034433023395,-0.05770591264596331,-0.029909863276295197,-0.027796049369668122,0,0,IN_DOMAIN,0.018052741832722374,-0.04584879120239049
LOHO_height,height_2mm,S0,obs_2mm/rank4,obs_2mm,2.0,2.0,4,200,1.4482105594599637,1.340906824622041,-0.021529609421860732,-0.040148770530342846,0.01861916110848211,0,0,IN_DOMAIN,0.05422904505682496,-0.035609883948342844
LOHO_height,height_6mm,B0,obs_6mm/rank1,obs_6mm,6.0,6.0,1,225,-1.5776010994328966,1.2462799939030207,-0.006078101142415694,-0.07762261180409458,0.07154451066167888,0,0,IN_DOMAIN,0.07154451066167888,0.0
LOHO_height,height_6mm,B0,obs_6mm/rank2,obs_6mm,6.0,6.0,2,222,-0.3881354690560166,1.2212772126024123,-0.0349248221842145,-0.0776226118040946,0.04269778961988008,0,0,IN_DOMAIN,0.04269778961988008,0.0
LOHO_height,height_6mm,B0,obs_6mm/rank3,obs_6mm,6.0,6.0,3,233,0.19215670571927734,1.2056349033648612,-0.009798453286474884,-0.07762261180409458,0.06782415851761969,0,0,IN_DOMAIN,0.06782415851761969,0.0
LOHO_height,height_6mm,B0,obs_6mm/rank4,obs_6mm,6.0,6.0,4,247,1.4264134328873357,1.173261322284672,0.004902534352473064,-0.07762261180409459,0.08252514615656764,0,0,IN_DOMAIN,0.08252514615656764,0.0
LOHO_height,height_6mm,B0,obs_6mm/rank5,obs_6mm,6.0,6.0,5,238,2.070159352160873,1.1623084097521956,-0.0643467836732709,-0.07762261180409459,0.01327582813082367,19,43,BBOX_EXTRAPOLATION,0.01327582813082367,0.0
LOHO_height,height_6mm,B1,obs_6mm/rank1,obs_6mm,6.0,6.0,1,225,-1.5776010994328966,1.2462799939030207,-0.006078101142415694,-0.05881990550508233,0.052741804362666636,0,0,IN_DOMAIN,0.07154451066167888,-0.018802706299012248
LOHO_height,height_6mm,B1,obs_6mm/rank2,obs_6mm,6.0,6.0,2,222,-0.3881354690560166,1.2212772126024123,-0.0349248221842145,-0.07118304342169057,0.03625822123747607,0,0,IN_DOMAIN,0.04269778961988008,-0.006439568382404011
LOHO_height,height_6mm,B1,obs_6mm/rank3,obs_6mm,6.0,6.0,3,233,0.19215670571927734,1.2056349033648612,-0.009798453286474884,-0.07728186102784854,0.06748340774137365,0,0,IN_DOMAIN,0.06782415851761969,-0.00034075077624604044
LOHO_height,height_6mm,B1,obs_6mm/rank4,obs_6mm,6.0,6.0,4,247,1.4264134328873357,1.173261322284672,0.004902534352473064,-0.09015947873649914,0.09506201308897222,0,0,IN_DOMAIN,0.08252514615656764,0.012536866932404578
LOHO_height,height_6mm,B1,obs_6mm/rank5,obs_6mm,6.0,6.0,5,238,2.070159352160873,1.1623084097521956,-0.0643467836732709,-0.09684624202434247,0.032499458351071576,19,43,BBOX_EXTRAPOLATION,0.01327582813082367,0.01922363022024791
LOHO_height,height_6mm,B2,obs_6mm/rank1,obs_6mm,6.0,6.0,1,225,-1.5776010994328966,1.2462799939030207,-0.006078101142415694,-0.03856302694907557,0.03248492580665988,0,0,IN_DOMAIN,0.07154451066167888,-0.039059584855019
LOHO_height,height_6mm,B2,obs_6mm/rank2,obs_6mm,6.0,6.0,2,222,-0.3881354690560166,1.2212772126024123,-0.0349248221842145,-0.039812830406283986,0.004888008222069486,0,0,IN_DOMAIN,0.04269778961988008,-0.03780978139781059
LOHO_height,height_6mm,B2,obs_6mm/rank3,obs_6mm,6.0,6.0,3,233,0.19215670571927734,1.2056349033648612,-0.009798453286474884,-0.04060057419458177,0.03080212090810688,0,0,IN_DOMAIN,0.06782415851761969,-0.03702203760951281
LOHO_height,height_6mm,B2,obs_6mm/rank4,obs_6mm,6.0,6.0,4,247,1.4264134328873357,1.173261322284672,0.004902534352473064,-0.04224255870425986,0.04714509305673292,0,0,IN_DOMAIN,0.08252514615656764,-0.03538005309983472
LOHO_height,height_6mm,B2,obs_6mm/rank5,obs_6mm,6.0,6.0,5,238,2.070159352160873,1.1623084097521956,-0.0643467836732709,-0.04276693717221741,-0.021579846501053494,19,43,BBOX_EXTRAPOLATION,0.01327582813082367,-0.034855674631877165
LOHO_height,height_6mm,S0,obs_6mm/rank1,obs_6mm,6.0,6.0,1,225,-1.5776010994328966,1.2462799939030207,-0.006078101142415694,-0.020855382260625138,0.014777281118209444,0,0,IN_DOMAIN,0.07154451066167888,-0.05676722954346944
LOHO_height,height_6mm,S0,obs_6mm/rank2,obs_6mm,6.0,6.0,2,222,-0.3881354690560166,1.2212772126024123,-0.0349248221842145,-0.033905811531438415,-0.0010190106527760824,0,0,IN_DOMAIN,0.04269778961988008,-0.04371680027265616
LOHO_height,height_6mm,S0,obs_6mm/rank3,obs_6mm,6.0,6.0,3,233,0.19215670571927734,1.2056349033648612,-0.009798453286474884,-0.04051377825198506,0.030715324965510164,0,0,IN_DOMAIN,0.06782415851761969,-0.03710883355210953
LOHO_height,height_6mm,S0,obs_6mm/rank4,obs_6mm,6.0,6.0,4,247,1.4264134328873357,1.173261322284672,0.004902534352473064,-0.05444526696769559,0.059347801320168654,0,0,IN_DOMAIN,0.08252514615656764,-0.023177344836398987
LOHO_height,height_6mm,S0,obs_6mm/rank5,obs_6mm,6.0,6.0,5,238,2.070159352160873,1.1623084097521956,-0.0643467836732709,-0.06135314405919739,-0.002993639614073519,19,43,BBOX_EXTRAPOLATION,0.01327582813082367,-0.01626946774489719
LOHO_height,height_10mm,B0,obs_10mm/rank1,obs_10mm,10.0,10.0,1,269,-1.571987899571618,1.0790797660422244,-0.03187672891982561,-0.07430666623906483,0.04242993731923922,0,0,IN_DOMAIN,0.04242993731923922,0.0
LOHO_height,height_10mm,B0,obs_10mm/rank2,obs_10mm,10.0,10.0,2,202,-0.3849316592526102,1.0529472305959424,-0.047125042464608045,-0.07430666623906482,0.02718162377445679,0,0,IN_DOMAIN,0.02718162377445679,0.0
LOHO_height,height_10mm,B0,obs_10mm/rank3,obs_10mm,10.0,10.0,3,166,0.8298514982140428,1.0227895548428414,-0.02868136671290481,-0.07430666623906482,0.04562529952616002,0,0,IN_DOMAIN,0.04562529952616002,0.0
LOHO_height,height_10mm,B0,obs_10mm/rank4,obs_10mm,10.0,10.0,4,226,1.4262522653288792,1.0059921718435458,-0.04794004197335275,-0.07430666623906483,0.026366624265712086,0,0,IN_DOMAIN,0.026366624265712086,0.0
LOHO_height,height_10mm,B0,obs_10mm/rank5,obs_10mm,10.0,10.0,5,180,2.03634882832631,0.9955375901065036,-0.0839443228993728,-0.07430666623906482,-0.009637656660307962,0,0,IN_DOMAIN,-0.009637656660307962,0.0
LOHO_height,height_10mm,B1,obs_10mm/rank1,obs_10mm,10.0,10.0,1,269,-1.571987899571618,1.0790797660422244,-0.03187672891982561,-0.05612526427145692,0.024248535351631312,0,0,IN_DOMAIN,0.04242993731923922,-0.018181401967607907
LOHO_height,height_10mm,B1,obs_10mm/rank2,obs_10mm,10.0,10.0,2,202,-0.3849316592526102,1.0529472305959424,-0.047125042464608045,-0.06824128817840748,0.021116245713799428,0,0,IN_DOMAIN,0.02718162377445679,-0.006065378060657361
LOHO_height,height_10mm,B1,obs_10mm/rank3,obs_10mm,10.0,10.0,3,166,0.8298514982140428,1.0227895548428414,-0.02868136671290481,-0.08065033656018546,0.05196896984728064,0,0,IN_DOMAIN,0.04562529952616002,0.006343670321120619
LOHO_height,height_10mm,B1,obs_10mm/rank4,obs_10mm,10.0,10.0,4,226,1.4262522653288792,1.0059921718435458,-0.04794004197335275,-0.08673337368462526,0.0387933317112725,0,0,IN_DOMAIN,0.026366624265712086,0.012426707445560414
LOHO_height,height_10mm,B1,obs_10mm/rank5,obs_10mm,10.0,10.0,5,180,2.03634882832631,0.9955375901065036,-0.0839443228993728,-0.09297331134239195,0.00902898844301919,0,0,IN_DOMAIN,-0.009637656660307962,0.018666645103327155
LOHO_height,height_10mm,B2,obs_10mm/rank1,obs_10mm,10.0,10.0,1,269,-1.571987899571618,1.0790797660422244,-0.03187672891982561,-0.04278502481642572,0.010908295896600102,0,0,IN_DOMAIN,0.04242993731923922,-0.03152164142263912
LOHO_height,height_10mm,B2,obs_10mm/rank2,obs_10mm,10.0,10.0,2,202,-0.3849316592526102,1.0529472305959424,-0.047125042464608045,-0.044187068350176634,-0.002937974114431408,0,0,IN_DOMAIN,0.02718162377445679,-0.030119597888888197
LOHO_height,height_10mm,B2,obs_10mm/rank3,obs_10mm,10.0,10.0,3,166,0.8298514982140428,1.0227895548428414,-0.02868136671290481,-0.045796819907974656,0.01711545319506984,0,0,IN_DOMAIN,0.04562529952616002,-0.028509846331090178
LOHO_height,height_10mm,B2,obs_10mm/rank4,obs_10mm,10.0,10.0,4,226,1.4262522653288792,1.0059921718435458,-0.04794004197335275,-0.046701869092812535,-0.0012381728805402196,0,0,IN_DOMAIN,0.026366624265712086,-0.027604797146252306
LOHO_height,height_10mm,B2,obs_10mm/rank5,obs_10mm,10.0,10.0,5,180,2.03634882832631,0.9955375901065036,-0.0839443228993728,-0.04726073921560678,-0.036683583683766015,0,0,IN_DOMAIN,-0.009637656660307962,-0.027045927023458052
LOHO_height,height_10mm,S0,obs_10mm/rank1,obs_10mm,10.0,10.0,1,269,-1.571987899571618,1.0790797660422244,-0.03187672891982561,-0.026095474495937732,-0.00578125442388788,0,0,IN_DOMAIN,0.04242993731923922,-0.0482111917431271
LOHO_height,height_10mm,S0,obs_10mm/rank2,obs_10mm,10.0,10.0,2,202,-0.3849316592526102,1.0529472305959424,-0.047125042464608045,-0.03876935188640001,-0.008355690578208036,0,0,IN_DOMAIN,0.02718162377445679,-0.03553731435266483
LOHO_height,height_10mm,S0,obs_10mm/rank3,obs_10mm,10.0,10.0,3,166,0.8298514982140428,1.0227895548428414,-0.02868136671290481,-0.051922215534191574,0.023240848821286773,0,0,IN_DOMAIN,0.04562529952616002,-0.022384450704873247
LOHO_height,height_10mm,S0,obs_10mm/rank4,obs_10mm,10.0,10.0,4,226,1.4262522653288792,1.0059921718435458,-0.04794004197335275,-0.05848492446764742,0.010544882494294673,0,0,IN_DOMAIN,0.026366624265712086,-0.015821741771417413
LOHO_height,height_10mm,S0,obs_10mm/rank5,obs_10mm,10.0,10.0,5,180,2.03634882832631,0.9955375901065036,-0.0839443228993728,-0.06485021000991463,-0.019094112889458163,0,0,IN_DOMAIN,-0.009637656660307962,-0.0094564562291502
LOHO_height,height_20mm,B0,obs_20mm/rank1,obs_20mm,20.0,20.0,1,250,-1.6095412502545599,0.659040941312294,-0.04917071492830772,-0.0691535012112292,0.019982786282921487,0,0,IN_DOMAIN,0.019982786282921487,0.0
LOHO_height,height_20mm,B0,obs_20mm/rank2,obs_20mm,20.0,20.0,2,269,-0.3980590258573929,0.6329683995394393,-0.08027046773112485,-0.0691535012112292,-0.01111696651989565,0,0,IN_DOMAIN,-0.01111696651989565,0.0
LOHO_height,height_20mm,B0,obs_20mm/rank3,obs_20mm,20.0,20.0,3,244,0.7709267420870041,0.6041157517011748,-0.07494821377394428,-0.0691535012112292,-0.005794712562715074,0,0,IN_DOMAIN,-0.005794712562715074,0.0
LOHO_height,height_20mm,B0,obs_20mm/rank4,obs_20mm,20.0,20.0,4,203,1.3643104313584755,0.5875563932589872,-0.1049702552805971,-0.0691535012112292,-0.0358167540693679,0,0,IN_DOMAIN,-0.0358167540693679,0.0
LOHO_height,height_20mm,B0,obs_20mm/rank5,obs_20mm,20.0,20.0,5,236,1.9570599929375223,0.5769821573439389,-0.13118128734168816,-0.06915350121122919,-0.06202778613045895,0,0,IN_DOMAIN,-0.06202778613045895,0.0
LOHO_height,height_20mm,B1,obs_20mm/rank1,obs_20mm,20.0,20.0,1,250,-1.6095412502545599,0.659040941312294,-0.04917071492830772,-0.05434612067035561,0.005175405742047898,0,0,IN_DOMAIN,0.019982786282921487,-0.01480738054087359
LOHO_height,height_20mm,B1,obs_20mm/rank2,obs_20mm,20.0,20.0,2,269,-0.3980590258573929,0.6329683995394393,-0.08027046773112485,-0.06416156879497298,-0.016108898936151885,0,0,IN_DOMAIN,-0.01111696651989565,-0.004991932416256235
LOHO_height,height_20mm,B1,obs_20mm/rank3,obs_20mm,20.0,20.0,3,244,0.7709267420870041,0.6041157517011748,-0.07494821377394428,-0.07363704944725383,-0.001311164326690444,0,0,IN_DOMAIN,-0.005794712562715074,0.00448354823602463
LOHO_height,height_20mm,B1,obs_20mm/rank4,obs_20mm,20.0,20.0,4,203,1.3643104313584755,0.5875563932589872,-0.1049702552805971,-0.07844717672846731,-0.026523078552129792,0,0,IN_DOMAIN,-0.0358167540693679,0.009293675517238108
LOHO_height,height_20mm,B1,obs_20mm/rank5,obs_20mm,20.0,20.0,5,236,1.9570599929375223,0.5769821573439389,-0.13118128734168816,-0.08326787708993295,-0.04791341025175522,0,0,IN_DOMAIN,-0.06202778613045895,0.014114375878703733
LOHO_height,height_20mm,B2,obs_20mm/rank1,obs_20mm,20.0,20.0,1,250,-1.6095412502545599,0.659040941312294,-0.04917071492830772,-0.06298615738654416,0.013815442458236444,0,0,IN_DOMAIN,0.019982786282921487,-0.006167343824685043
LOHO_height,height_20mm,B2,obs_20mm/rank2,obs_20mm,20.0,20.0,2,269,-0.3980590258573929,0.6329683995394393,-0.08027046773112485,-0.06439992446143643,-0.015870543269688432,0,0,IN_DOMAIN,-0.01111696651989565,-0.004753576749792782
LOHO_height,height_20mm,B2,obs_20mm/rank3,obs_20mm,20.0,20.0,3,244,0.7709267420870041,0.6041157517011748,-0.07494821377394428,-0.06591175677360468,-0.009036457000339606,0,0,IN_DOMAIN,-0.005794712562715074,-0.0032417444376245325
LOHO_height,height_20mm,B2,obs_20mm/rank4,obs_20mm,20.0,20.0,4,203,1.3643104313584755,0.5875563932589872,-0.1049702552805971,-0.066805432944995,-0.03816482233560211,0,0,IN_DOMAIN,-0.0358167540693679,-0.00234806826623421
LOHO_height,height_20mm,B2,obs_20mm/rank5,obs_20mm,20.0,20.0,5,236,1.9570599929375223,0.5769821573439389,-0.13118128734168816,-0.06737294302179662,-0.06380834431989153,0,0,IN_DOMAIN,-0.06202778613045895,-0.0017805581894325823
LOHO_height,height_20mm,S0,obs_20mm/rank1,obs_20mm,20.0,20.0,1,250,-1.6095412502545599,0.659040941312294,-0.04917071492830772,-0.04860166604206181,-0.0005690488862459057,0,0,IN_DOMAIN,0.019982786282921487,-0.020551835169167393
LOHO_height,height_20mm,S0,obs_20mm/rank2,obs_20mm,20.0,20.0,2,269,-0.3980590258573929,0.6329683995394393,-0.08027046773112485,-0.059555664759199635,-0.020714802971925232,0,0,IN_DOMAIN,-0.01111696651989565,-0.009597836452029582
LOHO_height,height_20mm,S0,obs_20mm/rank3,obs_20mm,20.0,20.0,3,244,0.7709267420870041,0.6041157517011748,-0.07494821377394428,-0.0702770128939388,-0.00467120088000548,0,0,IN_DOMAIN,-0.005794712562715074,0.0011235116827095935
LOHO_height,height_20mm,S0,obs_20mm/rank4,obs_20mm,20.0,20.0,4,203,1.3643104313584755,0.5875563932589872,-0.1049702552805971,-0.07584556114235855,-0.02912469413823856,0,0,IN_DOMAIN,-0.0358167540693679,0.0066920599311293405
LOHO_height,height_20mm,S0,obs_20mm/rank5,obs_20mm,20.0,20.0,5,236,1.9570599929375223,0.5769821573439389,-0.13118128734168816,-0.08109884558551442,-0.05008244175617374,0,0,IN_DOMAIN,-0.06202778613045895,0.01194534437428521
LOHO_height,height_30mm,B0,obs_30mm/rank1,obs_30mm,30.0,30.0,1,261,-1.57610949130332,0.244000803273368,-0.09685571900937462,-0.06611988608892443,-0.030735832920450196,0,0,IN_DOMAIN,-0.030735832920450196,0.0
LOHO_height,height_30mm,B0,obs_30mm/rank2,obs_30mm,30.0,30.0,2,264,-0.394777480026022,0.21944978066016751,-0.12331873611946821,-0.06611988608892441,-0.0571988500305438,0,0,IN_DOMAIN,-0.0571988500305438,0.0
LOHO_height,height_30mm,B0,obs_30mm/rank3,obs_30mm,30.0,30.0,3,248,0.8064213416025455,0.188383933974825,-0.08428851073073206,-0.06611988608892441,-0.01816862464180765,0,0,IN_DOMAIN,-0.01816862464180765,0.0
LOHO_height,height_30mm,B0,obs_30mm/rank4,obs_30mm,30.0,30.0,4,284,1.38424242649992,0.1727691509749035,-0.08511425436863532,-0.06611988608892443,-0.01899436827971089,0,0,IN_DOMAIN,-0.01899436827971089,0.0
LOHO_height,height_30mm,B0,obs_30mm/rank5,obs_30mm,30.0,30.0,5,290,2.01012552521233,0.163937156735764,-0.16927470859732058,-0.06611988608892441,-0.10315482250839615,0,290,HULL_EXTRAPOLATION,-0.10315482250839615,0.0
LOHO_height,height_30mm,B1,obs_30mm/rank1,obs_30mm,30.0,30.0,1,261,-1.57610949130332,0.244000803273368,-0.09685571900937462,-0.04993599640666968,-0.04691972260270494,0,0,IN_DOMAIN,-0.030735832920450196,-0.016183889682254742
LOHO_height,height_30mm,B1,obs_30mm/rank2,obs_30mm,30.0,30.0,2,264,-0.394777480026022,0.21944978066016751,-0.12331873611946821,-0.06062630214006485,-0.06269243397940338,0,0,IN_DOMAIN,-0.0571988500305438,-0.0054935839488595845
LOHO_height,height_30mm,B1,obs_30mm/rank3,obs_30mm,30.0,30.0,3,248,0.8064213416025455,0.188383933974825,-0.08428851073073206,-0.07145769091100482,-0.012830819819727265,0,0,IN_DOMAIN,-0.01816862464180765,0.0053378048220803845
LOHO_height,height_30mm,B1,obs_30mm/rank4,obs_30mm,30.0,30.0,4,284,1.38424242649992,0.1727691509749035,-0.08511425436863532,-0.07673799666164963,-0.008376257706985699,0,0,IN_DOMAIN,-0.01899436827971089,0.010618110572725192
LOHO_height,height_30mm,B1,obs_30mm/rank5,obs_30mm,30.0,30.0,5,290,2.01012552521233,0.163937156735764,-0.16927470859732058,-0.08236528017902145,-0.08690942841829913,0,290,HULL_EXTRAPOLATION,-0.10315482250839615,0.016245394090097023
LOHO_height,height_30mm,B2,obs_30mm/rank1,obs_30mm,30.0,30.0,1,261,-1.57610949130332,0.244000803273368,-0.09685571900937462,-0.08411454184174882,-0.012741177167625803,0,0,IN_DOMAIN,-0.030735832920450196,0.01799465575282439
LOHO_height,height_30mm,B2,obs_30mm/rank2,obs_30mm,30.0,30.0,2,264,-0.394777480026022,0.21944978066016751,-0.12331873611946821,-0.08536256067897206,-0.03795617544049616,0,0,IN_DOMAIN,-0.0571988500305438,0.019242674590047637
LOHO_height,height_30mm,B2,obs_30mm/rank3,obs_30mm,30.0,30.0,3,248,0.8064213416025455,0.188383933974825,-0.08428851073073206,-0.08694810741101096,0.002659596680278895,0,0,IN_DOMAIN,-0.01816862464180765,0.020828221322086546
LOHO_height,height_30mm,B2,obs_30mm/rank4,obs_30mm,30.0,30.0,4,284,1.38424242649992,0.1727691509749035,-0.08511425436863532,-0.08775355765225933,0.002639303283624003,0,0,IN_DOMAIN,-0.01899436827971089,0.021633671563334893
LOHO_height,height_30mm,B2,obs_30mm/rank5,obs_30mm,30.0,30.0,5,290,2.01012552521233,0.163937156735764,-0.16927470859732058,-0.08820104352870911,-0.0810736650686115,0,290,HULL_EXTRAPOLATION,-0.10315482250839615,0.022081157439784657
LOHO_height,height_30mm,S0,obs_30mm/rank1,obs_30mm,30.0,30.0,1,261,-1.57610949130332,0.244000803273368,-0.09685571900937462,-0.06765252090540703,-0.02920319810396759,0,0,IN_DOMAIN,-0.030735832920450196,0.0015326348164826052
LOHO_height,height_30mm,S0,obs_30mm/rank2,obs_30mm,30.0,30.0,2,264,-0.394777480026022,0.21944978066016751,-0.12331873611946821,-0.07980034019935324,-0.043518395920114986,0,0,IN_DOMAIN,-0.0571988500305438,0.013680454110428814
LOHO_height,height_30mm,S0,obs_30mm/rank3,obs_30mm,30.0,30.0,3,248,0.8064213416025455,0.188383933974825,-0.08428851073073206,-0.09243016521800178,0.0081416544872697,0,0,IN_DOMAIN,-0.01816862464180765,0.026310279129077352
LOHO_height,height_30mm,S0,obs_30mm/rank4,obs_30mm,30.0,30.0,4,284,1.38424242649992,0.1727691509749035,-0.08511425436863532,-0.09861976869018609,0.013505514321550765,0,0,IN_DOMAIN,-0.01899436827971089,0.03249988260126166
LOHO_height,height_30mm,S0,obs_30mm/rank5,obs_30mm,30.0,30.0,5,290,2.01012552521233,0.163937156735764,-0.16927470859732058,-0.10480440323905033,-0.06447030535827028,0,290,HULL_EXTRAPOLATION,-0.10315482250839615,0.03868451715012587
LOHO_height,height_36mm,B0,obs_36mm/rank1,obs_36mm,36.0,36.0,1,252,-1.4820346874685,-0.004467893668432315,-0.07394823639818404,-0.06714510979802228,-0.006803126600161757,0,0,IN_DOMAIN,-0.006803126600161757,0.0
LOHO_height,height_36mm,B0,obs_36mm/rank2,obs_36mm,36.0,36.0,2,285,-0.6865380508238,-0.0178604400173019,-0.12057595430857165,-0.06714510979802227,-0.0534308445105494,0,0,IN_DOMAIN,-0.0534308445105494,0.0
LOHO_height,height_36mm,B0,obs_36mm/rank3,obs_36mm,36.0,36.0,3,286,0.11127308164020999,-0.0455703978373282,-0.05989100022381755,-0.06714510979802228,0.007254109574204734,0,0,IN_DOMAIN,0.007254109574204734,0.0
LOHO_height,height_36mm,B0,obs_36mm/rank4,obs_36mm,36.0,36.0,4,321,1.00948931774781,-0.0651431808725149,-0.11896859712659688,-0.06714510979802228,-0.051823487328574606,0,0,IN_DOMAIN,-0.051823487328574606,0.0
LOHO_height,height_36mm,B0,obs_36mm/rank5,obs_36mm,36.0,36.0,5,317,1.83957005734543,-0.0830625130938711,-0.1454844161135448,-0.06714510979802227,-0.07833930631552252,0,0,IN_DOMAIN,-0.07833930631552252,0.0
LOHO_height,height_36mm,B1,obs_36mm/rank1,obs_36mm,36.0,36.0,1,252,-1.4820346874685,-0.004467893668432315,-0.07394823639818404,-0.05130257961475892,-0.02264565678342513,0,0,IN_DOMAIN,-0.006803126600161757,-0.015842530183263374
LOHO_height,height_36mm,B1,obs_36mm/rank2,obs_36mm,36.0,36.0,2,285,-0.6865380508238,-0.0178604400173019,-0.12057595430857165,-0.058580668126709215,-0.06199528618186247,0,0,IN_DOMAIN,-0.0534308445105494,-0.008564441671313074
LOHO_height,height_36mm,B1,obs_36mm/rank3,obs_36mm,36.0,36.0,3,286,0.11127308164020999,-0.0455703978373282,-0.05989100022381755,-0.06589587116914526,0.00600487094532772,0,0,IN_DOMAIN,0.007254109574204734,-0.0012492386288770144
LOHO_height,height_36mm,B1,obs_36mm/rank4,obs_36mm,36.0,36.0,4,321,1.00948931774781,-0.0651431808725149,-0.11896859712659688,-0.07409182304537563,-0.04487677408122124,0,0,IN_DOMAIN,-0.051823487328574606,0.006946713247353367
LOHO_height,height_36mm,B1,obs_36mm/rank5,obs_36mm,36.0,36.0,5,317,1.83957005734543,-0.0830625130938711,-0.1454844161135448,-0.0816563058264948,-0.06382811028705,0,0,IN_DOMAIN,-0.07833930631552252,0.01451119602847252
LOHO_height,height_36mm,B2,obs_36mm/rank1,obs_36mm,36.0,36.0,1,252,-1.4820346874685,-0.004467893668432315,-0.07394823639818404,-0.10065065906541466,0.026702422667230632,0,0,IN_DOMAIN,-0.006803126600161757,0.03350554926739239
LOHO_height,height_36mm,B2,obs_36mm/rank2,obs_36mm,36.0,36.0,2,285,-0.6865380508238,-0.0178604400173019,-0.12057595430857165,-0.10135168108927077,-0.019224273219300918,0,0,IN_DOMAIN,-0.0534308445105494,0.03420657129124848
LOHO_height,height_36mm,B2,obs_36mm/rank3,obs_36mm,36.0,36.0,3,286,0.11127308164020999,-0.0455703978373282,-0.05989100022381755,-0.1028315645547373,0.04294056433091975,0,0,IN_DOMAIN,0.007254109574204734,0.035686454756715016
LOHO_height,height_36mm,B2,obs_36mm/rank4,obs_36mm,36.0,36.0,4,321,1.00948931774781,-0.0651431808725149,-0.11896859712659688,-0.10387641091235313,-0.015092186214243757,0,0,IN_DOMAIN,-0.051823487328574606,0.03673130111433085
LOHO_height,height_36mm,B2,obs_36mm/rank5,obs_36mm,36.0,36.0,5,317,1.83957005734543,-0.0830625130938711,-0.1454844161135448,-0.10481875732524161,-0.04066565878830321,0,0,IN_DOMAIN,-0.07833930631552252,0.037673647527219314
LOHO_height,height_36mm,S0,obs_36mm/rank1,obs_36mm,36.0,36.0,1,252,-1.4820346874685,-0.004467893668432315,-0.07394823639818404,-0.08537514183930096,0.011426905441116929,0,0,IN_DOMAIN,-0.006803126600161757,0.018230032041278686
LOHO_height,height_36mm,S0,obs_36mm/rank2,obs_36mm,36.0,36.0,2,285,-0.6865380508238,-0.0178604400173019,-0.12057595430857165,-0.09302173456458211,-0.027554219743989555,0,0,IN_DOMAIN,-0.0534308445105494,0.025876624766559844
LOHO_height,height_36mm,S0,obs_36mm/rank3,obs_36mm,36.0,36.0,3,286,0.11127308164020999,-0.0455703978373282,-0.05989100022381755,-0.10147913758583567,0.04158813736201812,0,0,IN_DOMAIN,0.007254109574204734,0.03433402778781339
LOHO_height,height_36mm,S0,obs_36mm/rank4,obs_36mm,36.0,36.0,4,321,1.00948931774781,-0.0651431808725149,-0.11896859712659688,-0.11034433992452643,-0.008624257202070435,0,0,IN_DOMAIN,-0.051823487328574606,0.04319923012650417
LOHO_height,height_36mm,S0,obs_36mm/rank5,obs_36mm,36.0,36.0,5,317,1.83957005734543,-0.0830625130938711,-0.1454844161135448,-0.11850461001729648,-0.026979806096248317,0,0,IN_DOMAIN,-0.07833930631552252,0.051359500219274205
LOHO_height,height_40mm,B0,obs_40mm/rank1,obs_40mm,40.0,40.0,1,209,-1.47491847763995,-0.171322047261236,-0.08948260628230172,-0.06851498255438412,-0.020967623727917613,0,0,IN_DOMAIN,-0.020967623727917613,0.0
LOHO_height,height_40mm,B0,obs_40mm/rank2,obs_40mm,40.0,40.0,2,342,-1.006741367269935,-0.175694777328709,-0.09081367507939357,-0.06851498255438412,-0.022298692525009465,0,0,IN_DOMAIN,-0.022298692525009465,0.0
LOHO_height,height_40mm,B0,obs_40mm/rank3,obs_40mm,40.0,40.0,3,277,-0.179362120015705,-0.204747505308568,-0.07343035600605043,-0.06851498255438411,-0.004915373451666321,0,0,IN_DOMAIN,-0.004915373451666321,0.0
LOHO_height,height_40mm,B0,obs_40mm/rank4,obs_40mm,40.0,40.0,4,296,0.781877353357439,-0.227701770950149,-0.07426768246980651,-0.06851498255438411,-0.005752699915422407,0,0,IN_DOMAIN,-0.005752699915422407,0.0
LOHO_height,height_40mm,B0,obs_40mm/rank5,obs_40mm,40.0,40.0,5,314,1.77340084275212,-0.249805803628014,-0.13744884683507497,-0.06851498255438411,-0.06893386428069086,0,0,IN_DOMAIN,-0.06893386428069086,0.0
LOHO_height,height_40mm,B1,obs_40mm/rank1,obs_40mm,40.0,40.0,1,209,-1.47491847763995,-0.171322047261236,-0.08948260628230172,-0.05077599706049051,-0.03870660922181122,0,0,IN_DOMAIN,-0.020967623727917613,-0.017738985493893605
LOHO_height,height_40mm,B1,obs_40mm/rank2,obs_40mm,40.0,40.0,2,342,-1.006741367269935,-0.175694777328709,-0.09081367507939357,-0.055531160357215364,-0.03528251472217822,0,0,IN_DOMAIN,-0.022298692525009465,-0.012983822197168756
LOHO_height,height_40mm,B1,obs_40mm/rank3,obs_40mm,40.0,40.0,3,277,-0.179362120015705,-0.204747505308568,-0.07343035600605043,-0.06391559101848125,-0.009514764987569186,0,0,IN_DOMAIN,-0.004915373451666321,-0.004599391535902865
LOHO_height,height_40mm,B1,obs_40mm/rank4,obs_40mm,40.0,40.0,4,296,0.781877353357439,-0.227701770950149,-0.07426768246980651,-0.07369227580867227,-0.0005754066611342463,0,0,IN_DOMAIN,-0.005752699915422407,0.005177293254288161
LOHO_height,height_40mm,B1,obs_40mm/rank5,obs_40mm,40.0,40.0,5,314,1.77340084275212,-0.249805803628014,-0.13744884683507497,-0.08371106489385642,-0.05373778194121854,0,0,IN_DOMAIN,-0.06893386428069086,0.015196082339472318
LOHO_height,height_40mm,B2,obs_40mm/rank1,obs_40mm,40.0,40.0,1,209,-1.47491847763995,-0.171322047261236,-0.08948260628230172,-0.11596450331260197,0.026481897030300246,0,0,IN_DOMAIN,-0.020967623727917613,0.04744952075821786
LOHO_height,height_40mm,B2,obs_40mm/rank2,obs_40mm,40.0,40.0,2,342,-1.006741367269935,-0.175694777328709,-0.09081367507939357,-0.1162255878718698,0.02541191279247623,0,0,IN_DOMAIN,-0.022298692525009465,0.047710605317485694
LOHO_height,height_40mm,B2,obs_40mm/rank3,obs_40mm,40.0,40.0,3,277,-0.179362120015705,-0.204747505308568,-0.07343035600605043,-0.11790075940032886,0.04447040339427842,0,0,IN_DOMAIN,-0.004915373451666321,0.049385776845944744
LOHO_height,height_40mm,B2,obs_40mm/rank4,obs_40mm,40.0,40.0,4,296,0.781877353357439,-0.227701770950149,-0.07426768246980651,-0.11923344797379817,0.04496576550399165,0,0,IN_DOMAIN,-0.005752699915422407,0.050718465419414056
LOHO_height,height_40mm,B2,obs_40mm/rank5,obs_40mm,40.0,40.0,5,314,1.77340084275212,-0.249805803628014,-0.13744884683507497,-0.12050688546957546,-0.0169419613654995,0,0,IN_DOMAIN,-0.06893386428069086,0.05199190291519136
LOHO_height,height_40mm,S0,obs_40mm/rank1,obs_40mm,40.0,40.0,1,209,-1.47491847763995,-0.171322047261236,-0.08948260628230172,-0.0997701706185933,0.010287564336291579,0,0,IN_DOMAIN,-0.020967623727917613,0.03125518806420919
LOHO_height,height_40mm,S0,obs_40mm/rank2,obs_40mm,40.0,40.0,2,342,-1.006741367269935,-0.175694777328709,-0.09081367507939357,-0.10421479282024668,0.0134011177408531,0,0,IN_DOMAIN,-0.022298692525009465,0.03569981026586257
LOHO_height,height_40mm,S0,obs_40mm/rank3,obs_40mm,40.0,40.0,3,277,-0.179362120015705,-0.204747505308568,-0.07343035600605043,-0.11325174357562626,0.039821387569575824,0,0,IN_DOMAIN,-0.004915373451666321,0.04473676102124215
LOHO_height,height_40mm,S0,obs_40mm/rank4,obs_40mm,40.0,40.0,4,296,0.781877353357439,-0.227701770950149,-0.07426768246980651,-0.12317618548662052,0.04890850301681399,0,0,IN_DOMAIN,-0.005752699915422407,0.05466120293223639
LOHO_height,height_40mm,S0,obs_40mm/rank5,obs_40mm,40.0,40.0,5,314,1.77340084275212,-0.249805803628014,-0.13744884683507497,-0.13325525743662248,-0.0041935893984524865,0,0,IN_DOMAIN,-0.06893386428069086,0.06474027488223837
LOHO_height,height_46mm,B0,obs_46mm/rank1,obs_46mm,46.0,46.0,1,306,-1.5634484990189401,-0.421113483221246,-0.1289916855481588,-0.065327733401197,-0.06366395214696179,306,306,BBOX_EXTRAPOLATION,-0.06366395214696179,0.0
LOHO_height,height_46mm,B0,obs_46mm/rank2,obs_46mm,46.0,46.0,2,334,-0.911343594370997,-0.42684683215195995,-0.13567246909563102,-0.06532773340119699,-0.07034473569443403,334,334,BBOX_EXTRAPOLATION,-0.07034473569443403,0.0
LOHO_height,height_46mm,B0,obs_46mm/rank3,obs_46mm,46.0,46.0,3,305,0.250074412146889,-0.464867624746856,-0.10401412147723794,-0.06532773340119699,-0.038686388076040946,305,305,BBOX_EXTRAPOLATION,-0.038686388076040946,0.0
LOHO_height,height_46mm,B0,obs_46mm/rank4,obs_46mm,46.0,46.0,4,208,1.1279993678110252,-0.486190621440112,-0.10594850134081855,-0.065327733401197,-0.04062076793962155,208,208,BBOX_EXTRAPOLATION,-0.04062076793962155,0.0
LOHO_height,height_46mm,B0,obs_46mm/rank5,obs_46mm,46.0,46.0,5,306,1.75338276095219,-0.4999961045174715,-0.11511910618503841,-0.065327733401197,-0.0497913727838414,306,306,BBOX_EXTRAPOLATION,-0.0497913727838414,0.0
LOHO_height,height_46mm,B1,obs_46mm/rank1,obs_46mm,46.0,46.0,1,306,-1.5634484990189401,-0.421113483221246,-0.1289916855481588,-0.04313097013667342,-0.08586071541148536,306,306,BBOX_EXTRAPOLATION,-0.06366395214696179,-0.022196763264523578
LOHO_height,height_46mm,B1,obs_46mm/rank2,obs_46mm,46.0,46.0,2,334,-0.911343594370997,-0.42684683215195995,-0.13567246909563102,-0.051102904921800536,-0.08456956417383049,334,334,BBOX_EXTRAPOLATION,-0.07034473569443403,-0.014224828479396462
LOHO_height,height_46mm,B1,obs_46mm/rank3,obs_46mm,46.0,46.0,3,305,0.250074412146889,-0.464867624746856,-0.10401412147723794,-0.06528561054976206,-0.038728510927475895,305,305,BBOX_EXTRAPOLATION,-0.038686388076040946,-4.212285143494893e-05
LOHO_height,height_46mm,B1,obs_46mm/rank4,obs_46mm,46.0,46.0,4,208,1.1279993678110252,-0.486190621440112,-0.10594850134081855,-0.0759469766432389,-0.030001524697579662,208,208,BBOX_EXTRAPOLATION,-0.04062076793962155,0.010619243242041887
LOHO_height,height_46mm,B1,obs_46mm/rank5,obs_46mm,46.0,46.0,5,306,1.75338276095219,-0.4999961045174715,-0.11511910618503841,-0.08368146906198486,-0.03143763712305355,306,306,BBOX_EXTRAPOLATION,-0.0497913727838414,0.01835373566078785
LOHO_height,height_46mm,B2,obs_46mm/rank1,obs_46mm,46.0,46.0,1,306,-1.5634484990189401,-0.421113483221246,-0.1289916855481588,-0.12735384637842354,-0.0016378391697352357,306,306,BBOX_EXTRAPOLATION,-0.06366395214696179,0.06202611297722655
LOHO_height,height_46mm,B2,obs_46mm/rank2,obs_46mm,46.0,46.0,2,334,-0.911343594370997,-0.42684683215195995,-0.13567246909563102,-0.1276783045322303,-0.00799416456340075,334,334,BBOX_EXTRAPOLATION,-0.07034473569443403,0.06235057113103328
LOHO_height,height_46mm,B2,obs_46mm/rank3,obs_46mm,46.0,46.0,3,305,0.250074412146889,-0.464867624746856,-0.10401412147723794,-0.12981308962896682,0.025798968151728854,305,305,BBOX_EXTRAPOLATION,-0.038686388076040946,0.0644853562277698
LOHO_height,height_46mm,B2,obs_46mm/rank4,obs_46mm,46.0,46.0,4,208,1.1279993678110252,-0.486190621440112,-0.10594850134081855,-0.13100030833759385,0.025051806996775283,208,208,BBOX_EXTRAPOLATION,-0.04062076793962155,0.06567257493639683
LOHO_height,height_46mm,B2,obs_46mm/rank5,obs_46mm,46.0,46.0,5,306,1.75338276095219,-0.4999961045174715,-0.11511910618503841,-0.13178847969972493,0.01666937351468651,306,306,BBOX_EXTRAPOLATION,-0.0497913727838414,0.06646074629852791
LOHO_height,height_46mm,S0,obs_46mm/rank1,obs_46mm,46.0,46.0,1,306,-1.5634484990189401,-0.421113483221246,-0.1289916855481588,-0.10576304710394406,-0.02322863844421473,306,306,BBOX_EXTRAPOLATION,-0.06366395214696179,0.040435313702747055
LOHO_height,height_46mm,S0,obs_46mm/rank2,obs_46mm,46.0,46.0,2,334,-0.911343594370997,-0.42684683215195995,-0.13567246909563102,-0.11357886045326102,-0.02209360864237003,334,334,BBOX_EXTRAPOLATION,-0.07034473569443403,0.048251127052064
LOHO_height,height_46mm,S0,obs_46mm/rank3,obs_46mm,46.0,46.0,3,305,0.250074412146889,-0.464867624746856,-0.10401412147723794,-0.1290232408246682,0.02500911934743027,305,305,BBOX_EXTRAPOLATION,-0.038686388076040946,0.06369550742347121
LOHO_height,height_46mm,S0,obs_46mm/rank4,obs_46mm,46.0,46.0,4,208,1.1279993678110252,-0.486190621440112,-0.10594850134081855,-0.14022035237397454,0.034271851033155984,208,208,BBOX_EXTRAPOLATION,-0.04062076793962155,0.07489261897277753
LOHO_height,height_46mm,S0,obs_46mm/rank5,obs_46mm,46.0,46.0,5,306,1.75338276095219,-0.4999961045174715,-0.11511910618503841,-0.1482712430890194,0.03315213690398101,306,306,BBOX_EXTRAPOLATION,-0.0497913727838414,0.08294350968782241
LOPO_position_rank,rank_1,B0,obs_10mm/rank1,obs_10mm,10.0,10.0,1,269,-1.571987899571618,1.0790797660422244,-0.03187672891982561,-0.07643880304261627,0.04456207412279067,269,269,BBOX_EXTRAPOLATION,0.04456207412279067,0.0
LOPO_position_rank,rank_1,B0,obs_1mm/rank1,obs_1mm,1.0,1.001,1,315,-1.6744896776165374,1.45750707071854,0.009230615607567409,-0.07643880304261629,0.08566941865018368,315,315,BBOX_EXTRAPOLATION,0.08566941865018368,0.0
LOPO_position_rank,rank_1,B0,obs_20mm/rank1,obs_20mm,20.0,20.0,1,250,-1.6095412502545599,0.659040941312294,-0.04917071492830772,-0.07643880304261629,0.027268088114308562,250,250,BBOX_EXTRAPOLATION,0.027268088114308562,0.0
LOPO_position_rank,rank_1,B0,obs_2mm/rank1,obs_2mm,2.0,2.0,1,234,-1.6559537808299885,1.4153710793713974,0.00500379681894667,-0.07643880304261627,0.08144259986156295,234,234,BBOX_EXTRAPOLATION,0.08144259986156295,0.0
LOPO_position_rank,rank_1,B0,obs_30mm/rank1,obs_30mm,30.0,30.0,1,261,-1.57610949130332,0.244000803273368,-0.09685571900937462,-0.07643880304261627,-0.020416915966758358,261,261,BBOX_EXTRAPOLATION,-0.020416915966758358,0.0
LOPO_position_rank,rank_1,B0,obs_36mm/rank1,obs_36mm,36.0,36.0,1,252,-1.4820346874685,-0.004467893668432315,-0.07394823639818404,-0.07643880304261627,0.002490566644432233,252,252,BBOX_EXTRAPOLATION,0.002490566644432233,0.0
LOPO_position_rank,rank_1,B0,obs_40mm/rank1,obs_40mm,40.0,40.0,1,209,-1.47491847763995,-0.171322047261236,-0.08948260628230172,-0.0764388030426163,-0.013043803239685453,209,209,BBOX_EXTRAPOLATION,-0.013043803239685453,0.0
LOPO_position_rank,rank_1,B0,obs_46mm/rank1,obs_46mm,46.0,46.0,1,306,-1.5634484990189401,-0.421113483221246,-0.1289916855481588,-0.07643880304261629,-0.052552882505542534,306,306,BBOX_EXTRAPOLATION,-0.052552882505542534,0.0
LOPO_position_rank,rank_1,B0,obs_6mm/rank1,obs_6mm,6.0,6.0,1,225,-1.5776010994328966,1.2462799939030207,-0.006078101142415694,-0.07643880304261629,0.07036070190020059,225,225,BBOX_EXTRAPOLATION,0.07036070190020059,0.0
LOPO_position_rank,rank_1,B1,obs_10mm/rank1,obs_10mm,10.0,10.0,1,269,-1.571987899571618,1.0790797660422244,-0.03187672891982561,-0.05877325484731709,0.026896525927491484,269,269,BBOX_EXTRAPOLATION,0.04456207412279067,-0.017665548195299183
LOPO_position_rank,rank_1,B1,obs_1mm/rank1,obs_1mm,1.0,1.001,1,315,-1.6744896776165374,1.45750707071854,0.009230615607567409,-0.05797632608724004,0.06720694169480745,315,315,BBOX_EXTRAPOLATION,0.08566941865018368,-0.018462476955376228
LOPO_position_rank,rank_1,B1,obs_20mm/rank1,obs_20mm,20.0,20.0,1,250,-1.6095412502545599,0.659040941312294,-0.04917071492830772,-0.05847575605565025,0.009305041127342538,250,250,BBOX_EXTRAPOLATION,0.027268088114308562,-0.017963046986966026
LOPO_position_rank,rank_1,B1,obs_2mm/rank1,obs_2mm,2.0,2.0,1,234,-1.6559537808299885,1.4153710793713974,0.00500379681894667,-0.05808704606094393,0.0630908428798906,234,234,BBOX_EXTRAPOLATION,0.08144259986156295,-0.01835175698167235
LOPO_position_rank,rank_1,B1,obs_30mm/rank1,obs_30mm,30.0,30.0,1,261,-1.57610949130332,0.244000803273368,-0.09685571900937462,-0.05873057263752648,-0.038125146371848155,261,261,BBOX_EXTRAPOLATION,-0.020416915966758358,-0.017708230405089797
LOPO_position_rank,rank_1,B1,obs_36mm/rank1,obs_36mm,36.0,36.0,1,252,-1.4820346874685,-0.004467893668432315,-0.07394823639818404,-0.05944208637758115,-0.014506150020602888,252,252,BBOX_EXTRAPOLATION,0.002490566644432233,-0.01699671666503512
LOPO_position_rank,rank_1,B1,obs_40mm/rank1,obs_40mm,40.0,40.0,1,209,-1.47491847763995,-0.171322047261236,-0.08948260628230172,-0.05951399030332661,-0.029968615978975103,209,209,BBOX_EXTRAPOLATION,-0.013043803239685453,-0.016924812739289648
LOPO_position_rank,rank_1,B1,obs_46mm/rank1,obs_46mm,46.0,46.0,1,306,-1.5634484990189401,-0.421113483221246,-0.1289916855481588,-0.05883137886871902,-0.07016030667943976,306,306,BBOX_EXTRAPOLATION,-0.052552882505542534,-0.017607424173897226
LOPO_position_rank,rank_1,B1,obs_6mm/rank1,obs_6mm,6.0,6.0,1,225,-1.5776010994328966,1.2462799939030207,-0.006078101142415694,-0.05872227283659601,0.052644171694180314,225,225,BBOX_EXTRAPOLATION,0.07036070190020059,-0.01771653020602028
LOPO_position_rank,rank_1,B2,obs_10mm/rank1,obs_10mm,10.0,10.0,1,269,-1.571987899571618,1.0790797660422244,-0.03187672891982561,-0.04967473515865898,0.017798006238833364,269,269,BBOX_EXTRAPOLATION,0.04456207412279067,-0.026764067883957302
LOPO_position_rank,rank_1,B2,obs_1mm/rank1,obs_1mm,1.0,1.001,1,315,-1.6744896776165374,1.45750707071854,0.009230615607567409,-0.03102506121801697,0.04025567682558437,315,315,BBOX_EXTRAPOLATION,0.08566941865018368,-0.04541374182459931
LOPO_position_rank,rank_1,B2,obs_20mm/rank1,obs_20mm,20.0,20.0,1,250,-1.6095412502545599,0.659040941312294,-0.04917071492830772,-0.07037348679463344,0.021202771866325718,250,250,BBOX_EXTRAPOLATION,0.027268088114308562,-0.006065316247982844
LOPO_position_rank,rank_1,B2,obs_2mm/rank1,obs_2mm,2.0,2.0,1,234,-1.6559537808299885,1.4153710793713974,0.00500379681894667,-0.03310839519677709,0.038112192015723766,234,234,BBOX_EXTRAPOLATION,0.08144259986156295,-0.043330407845839185
LOPO_position_rank,rank_1,B2,obs_30mm/rank1,obs_30mm,30.0,30.0,1,261,-1.57610949130332,0.244000803273368,-0.09685571900937462,-0.09082963294885966,-0.006026086060514956,261,261,BBOX_EXTRAPOLATION,-0.020416915966758358,0.014390829906243402
LOPO_position_rank,rank_1,B2,obs_36mm/rank1,obs_36mm,36.0,36.0,1,252,-1.4820346874685,-0.004467893668432315,-0.07394823639818404,-0.1030710861578423,0.029122849759658263,252,252,BBOX_EXTRAPOLATION,0.002490566644432233,0.02663228311522603
LOPO_position_rank,rank_1,B2,obs_40mm/rank1,obs_40mm,40.0,40.0,1,209,-1.47491847763995,-0.171322047261236,-0.08948260628230172,-0.1112937504439561,0.02181114416165437,209,209,BBOX_EXTRAPOLATION,-0.013043803239685453,0.03485494740133983
LOPO_position_rank,rank_1,B2,obs_46mm/rank1,obs_46mm,46.0,46.0,1,306,-1.5634484990189401,-0.421113483221246,-0.1289916855481588,-0.12360700861098246,-0.005384676937176346,306,306,BBOX_EXTRAPOLATION,-0.052552882505542534,0.047168205568366185
LOPO_position_rank,rank_1,B2,obs_6mm/rank1,obs_6mm,6.0,6.0,1,225,-1.5776010994328966,1.2462799939030207,-0.006078101142415694,-0.041442616315696935,0.03536451517328124,225,225,BBOX_EXTRAPOLATION,0.07036070190020059,-0.03499618672691935
LOPO_position_rank,rank_1,S0,obs_10mm/rank1,obs_10mm,10.0,10.0,1,269,-1.571987899571618,1.0790797660422244,-0.03187672891982561,-0.027677881374852227,-0.0041988475449733845,269,269,BBOX_EXTRAPOLATION,0.04456207412279067,-0.04876092166776405
LOPO_position_rank,rank_1,S0,obs_1mm/rank1,obs_1mm,1.0,1.001,1,315,-1.6744896776165374,1.45750707071854,0.009230615607567409,-0.007795462034525477,0.017026077642092883,315,315,BBOX_EXTRAPOLATION,0.08566941865018368,-0.0686433410080908
LOPO_position_rank,rank_1,S0,obs_20mm/rank1,obs_20mm,20.0,20.0,1,250,-1.6095412502545599,0.659040941312294,-0.04917071492830772,-0.04829771439230928,-0.0008730005359984368,250,250,BBOX_EXTRAPOLATION,0.027268088114308562,-0.028141088650306997
LOPO_position_rank,rank_1,S0,obs_2mm/rank1,obs_2mm,2.0,2.0,1,234,-1.6559537808299885,1.4153710793713974,0.00500379681894667,-0.01004306698785351,0.015046863806800178,234,234,BBOX_EXTRAPOLATION,0.08144259986156295,-0.06639573605476277
LOPO_position_rank,rank_1,S0,obs_30mm/rank1,obs_30mm,30.0,30.0,1,261,-1.57610949130332,0.244000803273368,-0.09685571900937462,-0.06934779790986151,-0.027507921099513118,261,261,BBOX_EXTRAPOLATION,-0.020416915966758358,-0.0070910051327547595
LOPO_position_rank,rank_1,S0,obs_36mm/rank1,obs_36mm,36.0,36.0,1,252,-1.4820346874685,-0.004467893668432315,-0.07394823639818404,-0.082629092648487,0.008680856250302972,252,252,BBOX_EXTRAPOLATION,0.002490566644432233,0.006190289605870739
LOPO_position_rank,rank_1,S0,obs_40mm/rank1,obs_40mm,40.0,40.0,1,209,-1.47491847763995,-0.171322047261236,-0.08948260628230172,-0.09105312925516869,0.0015705229728669482,209,209,BBOX_EXTRAPOLATION,-0.013043803239685453,0.014614326212552401
LOPO_position_rank,rank_1,S0,obs_46mm/rank1,obs_46mm,46.0,46.0,1,306,-1.5634484990189401,-0.421113483221246,-0.1289916855481588,-0.10270039045106652,-0.026291295097092292,306,306,BBOX_EXTRAPOLATION,-0.052552882505542534,0.026261587408450242
LOPO_position_rank,rank_1,S0,obs_6mm/rank1,obs_6mm,6.0,6.0,1,225,-1.5776010994328966,1.2462799939030207,-0.006078101142415694,-0.019269874603333986,0.013191773460918295,225,225,BBOX_EXTRAPOLATION,0.07036070190020059,-0.0571689284392823
LOPO_position_rank,rank_2,B0,obs_10mm/rank2,obs_10mm,10.0,10.0,2,202,-0.3849316592526102,1.0529472305959424,-0.047125042464608045,-0.06950069676964099,0.022375654305032956,0,0,IN_DOMAIN,0.022375654305032956,0.0
LOPO_position_rank,rank_2,B0,obs_1mm/rank2,obs_1mm,1.0,1.001,2,196,-0.4776087348957897,1.4353136911142417,-0.03935235047589003,-0.06950069676964099,0.030148346293750964,0,196,HULL_EXTRAPOLATION,0.030148346293750964,0.0
LOPO_position_rank,rank_2,B0,obs_20mm/rank2,obs_20mm,20.0,20.0,2,269,-0.3980590258573929,0.6329683995394393,-0.08027046773112485,-0.06950069676964099,-0.010769770961483852,0,0,IN_DOMAIN,-0.010769770961483852,0.0
LOPO_position_rank,rank_2,B0,obs_2mm/rank2,obs_2mm,2.0,2.0,2,211,-0.6632868333829153,1.397822848863765,-0.03294958189728135,-0.06950069676964099,0.036551114872359645,0,0,IN_DOMAIN,0.036551114872359645,0.0
LOPO_position_rank,rank_2,B0,obs_30mm/rank2,obs_30mm,30.0,30.0,2,264,-0.394777480026022,0.21944978066016751,-0.12331873611946821,-0.069500696769641,-0.05381803934982722,0,0,IN_DOMAIN,-0.05381803934982722,0.0
LOPO_position_rank,rank_2,B0,obs_36mm/rank2,obs_36mm,36.0,36.0,2,285,-0.6865380508238,-0.0178604400173019,-0.12057595430857165,-0.069500696769641,-0.05107525753893068,0,0,IN_DOMAIN,-0.05107525753893068,0.0
LOPO_position_rank,rank_2,B0,obs_40mm/rank2,obs_40mm,40.0,40.0,2,342,-1.006741367269935,-0.175694777328709,-0.09081367507939357,-0.06950069676964099,-0.02131297830975257,0,0,IN_DOMAIN,-0.02131297830975257,0.0
LOPO_position_rank,rank_2,B0,obs_46mm/rank2,obs_46mm,46.0,46.0,2,334,-0.911343594370997,-0.42684683215195995,-0.13567246909563102,-0.069500696769641,-0.06617177232599003,0,0,IN_DOMAIN,-0.06617177232599003,0.0
LOPO_position_rank,rank_2,B0,obs_6mm/rank2,obs_6mm,6.0,6.0,2,222,-0.3881354690560166,1.2212772126024123,-0.0349248221842145,-0.06950069676964099,0.034575874585426505,0,0,IN_DOMAIN,0.034575874585426505,0.0
LOPO_position_rank,rank_2,B1,obs_10mm/rank2,obs_10mm,10.0,10.0,2,202,-0.3849316592526102,1.0529472305959424,-0.047125042464608045,-0.058945103116297796,0.011820060651689744,0,0,IN_DOMAIN,0.022375654305032956,-0.010555593653343211
LOPO_position_rank,rank_2,B1,obs_1mm/rank2,obs_1mm,1.0,1.001,2,196,-0.4776087348957897,1.4353136911142417,-0.03935235047589003,-0.057765934178326,0.018413583702435957,0,196,HULL_EXTRAPOLATION,0.030148346293750964,-0.011734762591315007
LOPO_position_rank,rank_2,B1,obs_20mm/rank2,obs_20mm,20.0,20.0,2,269,-0.3980590258573929,0.6329683995394393,-0.08027046773112485,-0.05875881456675344,-0.021511653164371404,0,0,IN_DOMAIN,-0.010769770961483852,-0.010741882202887552
LOPO_position_rank,rank_2,B1,obs_2mm/rank2,obs_2mm,2.0,2.0,2,211,-0.6632868333829153,1.397822848863765,-0.03294958189728135,-0.055456999779235495,0.022507417881954143,0,0,IN_DOMAIN,0.036551114872359645,-0.014043696990405502
LOPO_position_rank,rank_2,B1,obs_30mm/rank2,obs_30mm,30.0,30.0,2,264,-0.394777480026022,0.21944978066016751,-0.12331873611946821,-0.05881458750382445,-0.0645041486156438,0,0,IN_DOMAIN,-0.05381803934982722,-0.010686109265816576
LOPO_position_rank,rank_2,B1,obs_36mm/rank2,obs_36mm,36.0,36.0,2,285,-0.6865380508238,-0.0178604400173019,-0.12057595430857165,-0.05511380738042563,-0.06546214692814606,0,0,IN_DOMAIN,-0.05107525753893068,-0.014386889389215382
LOPO_position_rank,rank_2,B1,obs_40mm/rank2,obs_40mm,40.0,40.0,2,342,-1.006741367269935,-0.175694777328709,-0.09081367507939357,-0.051091060003257006,-0.03972261507613657,0,0,IN_DOMAIN,-0.02131297830975257,-0.018409636766384
LOPO_position_rank,rank_2,B1,obs_46mm/rank2,obs_46mm,46.0,46.0,2,334,-0.911343594370997,-0.42684683215195995,-0.13567246909563102,-0.05229981939891609,-0.08337264969671494,0,0,IN_DOMAIN,-0.06617177232599003,-0.017200877370724912
LOPO_position_rank,rank_2,B1,obs_6mm/rank2,obs_6mm,6.0,6.0,2,222,-0.3881354690560166,1.2212772126024123,-0.0349248221842145,-0.05884914584949901,0.02392432366528451,0,0,IN_DOMAIN,0.034575874585426505,-0.010651550920141997
LOPO_position_rank,rank_2,B2,obs_10mm/rank2,obs_10mm,10.0,10.0,2,202,-0.3849316592526102,1.0529472305959424,-0.047125042464608045,-0.04215449771330989,-0.004970544751298154,0,0,IN_DOMAIN,0.022375654305032956,-0.027346199056331108
LOPO_position_rank,rank_2,B2,obs_1mm/rank2,obs_1mm,1.0,1.001,2,196,-0.4776087348957897,1.4353136911142417,-0.03935235047589003,-0.021737063985420576,-0.017615286490469458,0,196,HULL_EXTRAPOLATION,0.030148346293750964,-0.047763632784220425
LOPO_position_rank,rank_2,B2,obs_20mm/rank2,obs_20mm,20.0,20.0,2,269,-0.3980590258573929,0.6329683995394393,-0.08027046773112485,-0.0645936411823528,-0.015676826548772036,0,0,IN_DOMAIN,-0.010769770961483852,-0.004907055587288184
LOPO_position_rank,rank_2,B2,obs_2mm/rank2,obs_2mm,2.0,2.0,2,211,-0.6632868333829153,1.397822848863765,-0.03294958189728135,-0.023736802207799917,-0.00921277968948143,0,0,IN_DOMAIN,0.036551114872359645,-0.04576389456184107
LOPO_position_rank,rank_2,B2,obs_30mm/rank2,obs_30mm,30.0,30.0,2,264,-0.394777480026022,0.21944978066016751,-0.12331873611946821,-0.0866508822043773,-0.03666785391509093,0,0,IN_DOMAIN,-0.05381803934982722,0.017150185434736294
LOPO_position_rank,rank_2,B2,obs_36mm/rank2,obs_36mm,36.0,36.0,2,285,-0.6865380508238,-0.0178604400173019,-0.12057595430857165,-0.09931336867966115,-0.021262585628910525,0,0,IN_DOMAIN,-0.05107525753893068,0.029812671910020152
LOPO_position_rank,rank_2,B2,obs_40mm/rank2,obs_40mm,40.0,40.0,2,342,-1.006741367269935,-0.175694777328709,-0.09081367507939357,-0.10775685380913733,0.016943178729743744,0,0,IN_DOMAIN,-0.02131297830975257,0.038256157039496315
LOPO_position_rank,rank_2,B2,obs_46mm/rank2,obs_46mm,46.0,46.0,2,334,-0.911343594370997,-0.42684683215195995,-0.13567246909563102,-0.12116455111244455,-0.014507917983186491,0,0,IN_DOMAIN,-0.06617177232599003,0.05166385434280354
LOPO_position_rank,rank_2,B2,obs_6mm/rank2,obs_6mm,6.0,6.0,2,222,-0.3881354690560166,1.2212772126024123,-0.0349248221842145,-0.03316557168880983,-0.0017592504954046621,0,0,IN_DOMAIN,0.034575874585426505,-0.03633512508083117
LOPO_position_rank,rank_2,S0,obs_10mm/rank2,obs_10mm,10.0,10.0,2,202,-0.3849316592526102,1.0529472305959424,-0.047125042464608045,-0.03258013252309083,-0.014544909941517211,0,0,IN_DOMAIN,0.022375654305032956,-0.036920564246550165
LOPO_position_rank,rank_2,S0,obs_1mm/rank2,obs_1mm,1.0,1.001,2,196,-0.4776087348957897,1.4353136911142417,-0.03935235047589003,-0.011309026252993565,-0.028043324222896467,0,196,HULL_EXTRAPOLATION,0.030148346293750964,-0.058191670516647434
LOPO_position_rank,rank_2,S0,obs_20mm/rank2,obs_20mm,20.0,20.0,2,269,-0.3980590258573929,0.6329683995394393,-0.08027046773112485,-0.05456529969124986,-0.025705168039874993,0,0,IN_DOMAIN,-0.010769770961483852,-0.01493539707839114
LOPO_position_rank,rank_2,S0,obs_2mm/rank2,obs_2mm,2.0,2.0,2,211,-0.6632868333829153,1.397822848863765,-0.03294958189728135,-0.011115224441212844,-0.021834357456068508,0,0,IN_DOMAIN,0.036551114872359645,-0.058385472328428153
LOPO_position_rank,rank_2,S0,obs_30mm/rank2,obs_30mm,30.0,30.0,2,264,-0.394777480026022,0.21944978066016751,-0.12331873611946821,-0.07640067011337048,-0.04691806600609774,0,0,IN_DOMAIN,-0.05381803934982722,0.006899973343729479
LOPO_position_rank,rank_2,S0,obs_36mm/rank2,obs_36mm,36.0,36.0,2,285,-0.6865380508238,-0.0178604400173019,-0.12057595430857165,-0.08542974142361917,-0.03514621288495251,0,0,IN_DOMAIN,-0.05107525753893068,0.015929044653978167
LOPO_position_rank,rank_2,S0,obs_40mm/rank2,obs_40mm,40.0,40.0,2,342,-1.006741367269935,-0.175694777328709,-0.09081367507939357,-0.08998986064732051,-0.000823814432073069,0,0,IN_DOMAIN,-0.02131297830975257,0.020489163877679503
LOPO_position_rank,rank_2,S0,obs_46mm/rank2,obs_46mm,46.0,46.0,2,334,-0.911343594370997,-0.42684683215195995,-0.13567246909563102,-0.10436618117852915,-0.031306287917101897,0,0,IN_DOMAIN,-0.06617177232599003,0.034865484408888134
LOPO_position_rank,rank_2,S0,obs_6mm/rank2,obs_6mm,6.0,6.0,2,222,-0.3881354690560166,1.2212772126024123,-0.0349248221842145,-0.023612844860739904,-0.011311977323474597,0,0,IN_DOMAIN,0.034575874585426505,-0.0458878519089011
LOPO_position_rank,rank_3,B0,obs_10mm/rank3,obs_10mm,10.0,10.0,3,166,0.8298514982140428,1.0227895548428414,-0.02868136671290481,-0.07593803435944887,0.047256667646544064,0,0,IN_DOMAIN,0.047256667646544064,0.0
LOPO_position_rank,rank_3,B0,obs_1mm/rank3,obs_1mm,1.0,1.001,3,271,0.1648873928472083,1.415999840097768,0.013061651144207894,-0.07593803435944889,0.08899968550365678,0,0,IN_DOMAIN,0.08899968550365678,0.0
LOPO_position_rank,rank_3,B0,obs_20mm/rank3,obs_20mm,20.0,20.0,3,244,0.7709267420870041,0.6041157517011748,-0.07494821377394428,-0.07593803435944889,0.0009898205855046085,0,0,IN_DOMAIN,0.0009898205855046085,0.0
LOPO_position_rank,rank_3,B0,obs_2mm/rank3,obs_2mm,2.0,2.0,3,186,0.51787867970166,1.3669034433023395,-0.05770591264596331,-0.07593803435944889,0.018232121713485573,0,0,IN_DOMAIN,0.018232121713485573,0.0
LOPO_position_rank,rank_3,B0,obs_30mm/rank3,obs_30mm,30.0,30.0,3,248,0.8064213416025455,0.188383933974825,-0.08428851073073206,-0.07593803435944889,-0.008350476371283184,0,0,IN_DOMAIN,-0.008350476371283184,0.0
LOPO_position_rank,rank_3,B0,obs_36mm/rank3,obs_36mm,36.0,36.0,3,286,0.11127308164020999,-0.0455703978373282,-0.05989100022381755,-0.07593803435944887,0.01604703413563134,0,0,IN_DOMAIN,0.01604703413563134,0.0
LOPO_position_rank,rank_3,B0,obs_40mm/rank3,obs_40mm,40.0,40.0,3,277,-0.179362120015705,-0.204747505308568,-0.07343035600605043,-0.07593803435944887,0.0025076783533984574,0,0,IN_DOMAIN,0.0025076783533984574,0.0
LOPO_position_rank,rank_3,B0,obs_46mm/rank3,obs_46mm,46.0,46.0,3,305,0.250074412146889,-0.464867624746856,-0.10401412147723794,-0.07593803435944889,-0.028076087117789066,0,12,HULL_EXTRAPOLATION,-0.028076087117789066,0.0
LOPO_position_rank,rank_3,B0,obs_6mm/rank3,obs_6mm,6.0,6.0,3,233,0.19215670571927734,1.2056349033648612,-0.009798453286474884,-0.07593803435944889,0.066139581072974,0,0,IN_DOMAIN,0.066139581072974,0.0
LOPO_position_rank,rank_3,B1,obs_10mm/rank3,obs_10mm,10.0,10.0,3,166,0.8298514982140428,1.0227895548428414,-0.02868136671290481,-0.08230458009267924,0.05362321337977443,0,0,IN_DOMAIN,0.047256667646544064,0.0063665457332303665
LOPO_position_rank,rank_3,B1,obs_1mm/rank3,obs_1mm,1.0,1.001,3,271,0.1648873928472083,1.415999840097768,0.013061651144207894,-0.07556887832487134,0.08863052946907923,0,0,IN_DOMAIN,0.08899968550365678,-0.00036915603457754465
LOPO_position_rank,rank_3,B1,obs_20mm/rank3,obs_20mm,20.0,20.0,3,244,0.7709267420870041,0.6041157517011748,-0.07494821377394428,-0.08167937659947248,0.006731162825528201,0,0,IN_DOMAIN,0.0009898205855046085,0.005741342240023593
LOPO_position_rank,rank_3,B1,obs_2mm/rank3,obs_2mm,2.0,2.0,3,186,0.51787867970166,1.3669034433023395,-0.05770591264596331,-0.0791451376237524,0.021439224977789082,0,0,IN_DOMAIN,0.018232121713485573,0.003207103264303509
LOPO_position_rank,rank_3,B1,obs_30mm/rank3,obs_30mm,30.0,30.0,3,248,0.8064213416025455,0.188383933974825,-0.08428851073073206,-0.0820183763858701,-0.0022701343448619645,0,0,IN_DOMAIN,-0.008350476371283184,0.006080342026421219
LOPO_position_rank,rank_3,B1,obs_36mm/rank3,obs_36mm,36.0,36.0,3,286,0.11127308164020999,-0.0455703978373282,-0.05989100022381755,-0.07503883880827249,0.015147838584454943,0,0,IN_DOMAIN,0.01604703413563134,-0.0008991955511763981
LOPO_position_rank,rank_3,B1,obs_40mm/rank3,obs_40mm,40.0,40.0,3,277,-0.179362120015705,-0.204747505308568,-0.07343035600605043,-0.07207033656249037,-0.0013600194435600497,0,0,IN_DOMAIN,0.0025076783533984574,-0.003867697796958507
LOPO_position_rank,rank_3,B1,obs_46mm/rank3,obs_46mm,46.0,46.0,3,305,0.250074412146889,-0.464867624746856,-0.10401412147723794,-0.07642263634146308,-0.02759148513577487,0,12,HULL_EXTRAPOLATION,-0.028076087117789066,0.0004846019820141968
LOPO_position_rank,rank_3,B1,obs_6mm/rank3,obs_6mm,6.0,6.0,3,233,0.19215670571927734,1.2056349033648612,-0.009798453286474884,-0.07584980887160891,0.06605135558513404,0,0,IN_DOMAIN,0.066139581072974,-8.82254878399602e-05
LOPO_position_rank,rank_3,B2,obs_10mm/rank3,obs_10mm,10.0,10.0,3,166,0.8298514982140428,1.0227895548428414,-0.02868136671290481,-0.04932412730425223,0.020642760591347422,0,0,IN_DOMAIN,0.047256667646544064,-0.02661390705519664
LOPO_position_rank,rank_3,B2,obs_1mm/rank3,obs_1mm,1.0,1.001,3,271,0.1648873928472083,1.415999840097768,0.013061651144207894,-0.027290476035522718,0.040352127179730614,0,0,IN_DOMAIN,0.08899968550365678,-0.048647558323926164
LOPO_position_rank,rank_3,B2,obs_20mm/rank3,obs_20mm,20.0,20.0,3,244,0.7709267420870041,0.6041157517011748,-0.07494821377394428,-0.0727739109387796,-0.002174302835164659,0,0,IN_DOMAIN,0.0009898205855046085,-0.0031641234206692677
LOPO_position_rank,rank_3,B2,obs_2mm/rank3,obs_2mm,2.0,2.0,3,186,0.51787867970166,1.3669034433023395,-0.05770591264596331,-0.03005170528799662,-0.027654207357966698,0,0,IN_DOMAIN,0.018232121713485573,-0.04588632907145227
LOPO_position_rank,rank_3,B2,obs_30mm/rank3,obs_30mm,30.0,30.0,3,248,0.8064213416025455,0.188383933974825,-0.08428851073073206,-0.09608068971609642,0.011792178985364346,0,0,IN_DOMAIN,-0.008350476371283184,0.02014265535664753
LOPO_position_rank,rank_3,B2,obs_36mm/rank3,obs_36mm,36.0,36.0,3,286,0.11127308164020999,-0.0455703978373282,-0.05989100022381755,-0.1091927707408106,0.049301770516993054,0,0,IN_DOMAIN,0.01604703413563134,0.03325473638136171
LOPO_position_rank,rank_3,B2,obs_40mm/rank3,obs_40mm,40.0,40.0,3,277,-0.179362120015705,-0.204747505308568,-0.07343035600605043,-0.11811184993213128,0.04468149392608084,0,0,IN_DOMAIN,0.0025076783533984574,0.042173815572682384
LOPO_position_rank,rank_3,B2,obs_46mm/rank3,obs_46mm,46.0,46.0,3,305,0.250074412146889,-0.464867624746856,-0.10401412147723794,-0.13268759322196486,0.028673471744726908,0,12,HULL_EXTRAPOLATION,-0.028076087117789066,0.056749558862515974
LOPO_position_rank,rank_3,B2,obs_6mm/rank3,obs_6mm,6.0,6.0,3,233,0.19215670571927734,1.2056349033648612,-0.009798453286474884,-0.039083293351146874,0.029284840064671986,0,0,IN_DOMAIN,0.066139581072974,-0.03685474100830202
LOPO_position_rank,rank_3,S0,obs_10mm/rank3,obs_10mm,10.0,10.0,3,166,0.8298514982140428,1.0227895548428414,-0.02868136671290481,-0.0554558619722409,0.02677449525933609,0,0,IN_DOMAIN,0.047256667646544064,-0.020482172387207974
LOPO_position_rank,rank_3,S0,obs_1mm/rank3,obs_1mm,1.0,1.001,3,271,0.1648873928472083,1.415999840097768,0.013061651144207894,-0.02746286708210579,0.040524518226313685,0,0,IN_DOMAIN,0.08899968550365678,-0.04847516727734309
LOPO_position_rank,rank_3,S0,obs_20mm/rank3,obs_20mm,20.0,20.0,3,244,0.7709267420870041,0.6041157517011748,-0.07494821377394428,-0.07808433439431912,0.003136120620374815,0,0,IN_DOMAIN,0.0009898205855046085,0.0021463000348702064
LOPO_position_rank,rank_3,S0,obs_2mm/rank3,obs_2mm,2.0,2.0,3,186,0.51787867970166,1.3669034433023395,-0.05770591264596331,-0.03348216286027907,-0.024223749785684246,0,0,IN_DOMAIN,0.018232121713485573,-0.04245587149916982
LOPO_position_rank,rank_3,S0,obs_30mm/rank3,obs_30mm,30.0,30.0,3,248,0.8064213416025455,0.188383933974825,-0.08428851073073206,-0.10145755139576086,0.01716904066502879,0,0,IN_DOMAIN,-0.008350476371283184,0.025519517036311973
LOPO_position_rank,rank_3,S0,obs_36mm/rank3,obs_36mm,36.0,36.0,3,286,0.11127308164020999,-0.0455703978373282,-0.05989100022381755,-0.1080164868330265,0.04812548660920895,0,0,IN_DOMAIN,0.01604703413563134,0.03207845247357761
LOPO_position_rank,rank_3,S0,obs_40mm/rank3,obs_40mm,40.0,40.0,3,277,-0.179362120015705,-0.204747505308568,-0.07343035600605043,-0.11411325852797242,0.04068290252192199,0,0,IN_DOMAIN,0.0025076783533984574,0.038175224168523536
LOPO_position_rank,rank_3,S0,obs_46mm/rank3,obs_46mm,46.0,46.0,3,305,0.250074412146889,-0.464867624746856,-0.10401412147723794,-0.1325360930564095,0.028521971579171558,0,12,HULL_EXTRAPOLATION,-0.028076087117789066,0.05659805869696062
LOPO_position_rank,rank_3,S0,obs_6mm/rank3,obs_6mm,6.0,6.0,3,233,0.19215670571927734,1.2056349033648612,-0.009798453286474884,-0.03938985816556221,0.029591404879087322,0,0,IN_DOMAIN,0.066139581072974,-0.036548176193886686
LOPO_position_rank,rank_4,B0,obs_10mm/rank4,obs_10mm,10.0,10.0,4,226,1.4262522653288792,1.0059921718435458,-0.04794004197335275,-0.07224384610974935,0.024303804136396618,0,0,IN_DOMAIN,0.024303804136396618,0.0
LOPO_position_rank,rank_4,B0,obs_1mm/rank4,obs_1mm,1.0,1.001,4,236,1.0958960480261872,1.394438039298664,-0.05515646482318219,-0.07224384610974935,0.017087381286567168,0,0,IN_DOMAIN,0.017087381286567168,0.0
LOPO_position_rank,rank_4,B0,obs_20mm/rank4,obs_20mm,20.0,20.0,4,203,1.3643104313584755,0.5875563932589872,-0.1049702552805971,-0.07224384610974936,-0.03272640917084774,0,0,IN_DOMAIN,-0.03272640917084774,0.0
LOPO_position_rank,rank_4,B0,obs_2mm/rank4,obs_2mm,2.0,2.0,4,200,1.4482105594599637,1.340906824622041,-0.021529609421860732,-0.07224384610974935,0.05071423668788863,0,0,IN_DOMAIN,0.05071423668788863,0.0
LOPO_position_rank,rank_4,B0,obs_30mm/rank4,obs_30mm,30.0,30.0,4,284,1.38424242649992,0.1727691509749035,-0.08511425436863532,-0.07224384610974936,-0.012870408258885956,0,0,IN_DOMAIN,-0.012870408258885956,0.0
LOPO_position_rank,rank_4,B0,obs_36mm/rank4,obs_36mm,36.0,36.0,4,321,1.00948931774781,-0.0651431808725149,-0.11896859712659688,-0.07224384610974935,-0.04672475101684752,0,0,IN_DOMAIN,-0.04672475101684752,0.0
LOPO_position_rank,rank_4,B0,obs_40mm/rank4,obs_40mm,40.0,40.0,4,296,0.781877353357439,-0.227701770950149,-0.07426768246980651,-0.07224384610974935,-0.002023836360057154,0,0,IN_DOMAIN,-0.002023836360057154,0.0
LOPO_position_rank,rank_4,B0,obs_46mm/rank4,obs_46mm,46.0,46.0,4,208,1.1279993678110252,-0.486190621440112,-0.10594850134081855,-0.07224384610974935,-0.0337046552310692,0,0,IN_DOMAIN,-0.0337046552310692,0.0
LOPO_position_rank,rank_4,B0,obs_6mm/rank4,obs_6mm,6.0,6.0,4,247,1.4264134328873357,1.173261322284672,0.004902534352473064,-0.07224384610974936,0.07714638046222241,0,0,IN_DOMAIN,0.07714638046222241,0.0
LOPO_position_rank,rank_4,B1,obs_10mm/rank4,obs_10mm,10.0,10.0,4,226,1.4262522653288792,1.0059921718435458,-0.04794004197335275,-0.09094189482427789,0.04300185285092515,0,0,IN_DOMAIN,0.024303804136396618,0.018698048714528532
LOPO_position_rank,rank_4,B1,obs_1mm/rank4,obs_1mm,1.0,1.001,4,236,1.0958960480261872,1.394438039298664,-0.05515646482318219,-0.08664710923319563,0.03149064441001343,0,0,IN_DOMAIN,0.017087381286567168,0.014403263123446263
LOPO_position_rank,rank_4,B1,obs_20mm/rank4,obs_20mm,20.0,20.0,4,203,1.3643104313584755,0.5875563932589872,-0.1049702552805971,-0.09010574802346628,-0.014864507257130828,0,0,IN_DOMAIN,-0.03272640917084774,0.017861901913716907
LOPO_position_rank,rank_4,B1,obs_2mm/rank4,obs_2mm,2.0,2.0,4,200,1.4482105594599637,1.340906824622041,-0.021529609421860732,-0.09123988117546666,0.06971027175360593,0,0,IN_DOMAIN,0.05071423668788863,0.0189960350657173
LOPO_position_rank,rank_4,B1,obs_30mm/rank4,obs_30mm,30.0,30.0,4,284,1.38424242649992,0.1727691509749035,-0.08511425436863532,-0.09041901120623386,0.005304756837598547,0,0,IN_DOMAIN,-0.012870408258885956,0.0181751650964845
LOPO_position_rank,rank_4,B1,obs_36mm/rank4,obs_36mm,36.0,36.0,4,321,1.00948931774781,-0.0651431808725149,-0.11896859712659688,-0.08553848891200694,-0.033430108214589936,0,0,IN_DOMAIN,-0.04672475101684752,0.013294642802257582
LOPO_position_rank,rank_4,B1,obs_40mm/rank4,obs_40mm,40.0,40.0,4,296,0.781877353357439,-0.227701770950149,-0.07426768246980651,-0.08259263183129681,0.008324949361490284,0,0,IN_DOMAIN,-0.002023836360057154,0.010348785721547437
LOPO_position_rank,rank_4,B1,obs_46mm/rank4,obs_46mm,46.0,46.0,4,208,1.1279993678110252,-0.486190621440112,-0.10594850134081855,-0.08699123608606005,-0.018957265254758517,0,0,IN_DOMAIN,-0.0337046552310692,0.014747389976310681
LOPO_position_rank,rank_4,B1,obs_6mm/rank4,obs_6mm,6.0,6.0,4,247,1.4264134328873357,1.173261322284672,0.004902534352473064,-0.09095606804853613,0.09585860240100921,0,0,IN_DOMAIN,0.07714638046222241,0.0187122219387868
LOPO_position_rank,rank_4,B2,obs_10mm/rank4,obs_10mm,10.0,10.0,4,226,1.4262522653288792,1.0059921718435458,-0.04794004197335275,-0.04706591995273046,-0.0008741220206222798,0,0,IN_DOMAIN,0.024303804136396618,-0.025177926157018898
LOPO_position_rank,rank_4,B2,obs_1mm/rank4,obs_1mm,1.0,1.001,4,236,1.0958960480261872,1.394438039298664,-0.05515646482318219,-0.025456518444143813,-0.02969994637903838,0,0,IN_DOMAIN,0.017087381286567168,-0.046787327665605546
LOPO_position_rank,rank_4,B2,obs_20mm/rank4,obs_20mm,20.0,20.0,4,203,1.3643104313584755,0.5875563932589872,-0.1049702552805971,-0.07034035527098369,-0.03462990000961341,0,0,IN_DOMAIN,-0.03272640917084774,-0.0019034908387656757
LOPO_position_rank,rank_4,B2,obs_2mm/rank4,obs_2mm,2.0,2.0,4,200,1.4482105594599637,1.340906824622041,-0.021529609421860732,-0.02843375199595328,0.006904142574092545,0,0,IN_DOMAIN,0.05071423668788863,-0.043810094113796084
LOPO_position_rank,rank_4,B2,obs_30mm/rank4,obs_30mm,30.0,30.0,4,284,1.38424242649992,0.1727691509749035,-0.08511425436863532,-0.0934319484687353,0.008317694100099976,0,0,IN_DOMAIN,-0.012870408258885956,0.02118810235898593
LOPO_position_rank,rank_4,B2,obs_36mm/rank4,obs_36mm,36.0,36.0,4,321,1.00948931774781,-0.0651431808725149,-0.11896859712659688,-0.10667010040066457,-0.012298496725932319,0,0,IN_DOMAIN,-0.04672475101684752,0.0344262542909152
LOPO_position_rank,rank_4,B2,obs_40mm/rank4,obs_40mm,40.0,40.0,4,296,0.781877353357439,-0.227701770950149,-0.07426768246980651,-0.11571099424073863,0.0414433117709321,0,0,IN_DOMAIN,-0.002023836360057154,0.04346714813098925
LOPO_position_rank,rank_4,B2,obs_46mm/rank4,obs_46mm,46.0,46.0,4,208,1.1279993678110252,-0.486190621440112,-0.10594850134081855,-0.13007715178054338,0.02412865043972482,0,0,IN_DOMAIN,-0.0337046552310692,0.05783330567079402
LOPO_position_rank,rank_4,B2,obs_6mm/rank4,obs_6mm,6.0,6.0,4,247,1.4264134328873357,1.173261322284672,0.004902534352473064,-0.037775652739123554,0.042678187091596625,0,0,IN_DOMAIN,0.07714638046222241,-0.03446819337062579
LOPO_position_rank,rank_4,S0,obs_10mm/rank4,obs_10mm,10.0,10.0,4,226,1.4262522653288792,1.0059921718435458,-0.04794004197335275,-0.06462709219443909,0.01668705022108633,0,0,IN_DOMAIN,0.024303804136396618,-0.007616753915310286
LOPO_position_rank,rank_4,S0,obs_1mm/rank4,obs_1mm,1.0,1.001,4,236,1.0958960480261872,1.394438039298664,-0.05515646482318219,-0.03939410087629361,-0.015762363946888597,0,0,IN_DOMAIN,0.017087381286567168,-0.03284974523345577
LOPO_position_rank,rank_4,S0,obs_20mm/rank4,obs_20mm,20.0,20.0,4,203,1.3643104313584755,0.5875563932589872,-0.1049702552805971,-0.08678465820358947,-0.018185597077007645,0,0,IN_DOMAIN,-0.03272640917084774,0.014540812093840092
LOPO_position_rank,rank_4,S0,obs_2mm/rank4,obs_2mm,2.0,2.0,4,200,1.4482105594599637,1.340906824622041,-0.021529609421860732,-0.04654770797895102,0.02501809855709028,0,0,IN_DOMAIN,0.05071423668788863,-0.02569613813079835
LOPO_position_rank,rank_4,S0,obs_30mm/rank4,obs_30mm,30.0,30.0,4,284,1.38424242649992,0.1727691509749035,-0.08511425436863532,-0.10981847332956887,0.02470421896093358,0,0,IN_DOMAIN,-0.012870408258885956,0.03757462721981954
LOPO_position_rank,rank_4,S0,obs_36mm/rank4,obs_36mm,36.0,36.0,4,321,1.00948931774781,-0.0651431808725149,-0.11896859712659688,-0.11837305433276014,-0.0005955427938367256,0,0,IN_DOMAIN,-0.04672475101684752,0.046129208223010795
LOPO_position_rank,rank_4,S0,obs_40mm/rank4,obs_40mm,40.0,40.0,4,296,0.781877353357439,-0.227701770950149,-0.07426768246980651,-0.12457124521966048,0.05030356274985398,0,0,IN_DOMAIN,-0.002023836360057154,0.05232739910991113
LOPO_position_rank,rank_4,S0,obs_46mm/rank4,obs_46mm,46.0,46.0,4,208,1.1279993678110252,-0.486190621440112,-0.10594850134081855,-0.14276483696991488,0.03681633562909632,0,0,IN_DOMAIN,-0.0337046552310692,0.07052099086016553
LOPO_position_rank,rank_4,S0,obs_6mm/rank4,obs_6mm,6.0,6.0,4,247,1.4264134328873357,1.173261322284672,0.004902534352473064,-0.05548892540691327,0.060391459759386326,0,0,IN_DOMAIN,0.07714638046222241,-0.016754920702836087
LOPO_position_rank,rank_5,B0,obs_10mm/rank5,obs_10mm,10.0,10.0,5,180,2.03634882832631,0.9955375901065036,-0.0839443228993728,-0.06266282320343257,-0.021281499695940218,180,180,BBOX_EXTRAPOLATION,-0.021281499695940218,0.0
LOPO_position_rank,rank_5,B0,obs_1mm/rank5,obs_1mm,1.0,1.001,5,196,2.0694150530249713,1.3715369291813282,-0.034866379324740085,-0.06266282320343257,0.02779644387869249,196,196,BBOX_EXTRAPOLATION,0.02779644387869249,0.0
LOPO_position_rank,rank_5,B0,obs_20mm/rank5,obs_20mm,20.0,20.0,5,236,1.9570599929375223,0.5769821573439389,-0.13118128734168816,-0.06266282320343255,-0.0685184641382556,236,236,BBOX_EXTRAPOLATION,-0.0685184641382556,0.0
LOPO_position_rank,rank_5,B0,obs_30mm/rank5,obs_30mm,30.0,30.0,5,290,2.01012552521233,0.163937156735764,-0.16927470859732058,-0.06266282320343257,-0.10661188539388802,290,290,BBOX_EXTRAPOLATION,-0.10661188539388802,0.0
LOPO_position_rank,rank_5,B0,obs_36mm/rank5,obs_36mm,36.0,36.0,5,317,1.83957005734543,-0.0830625130938711,-0.1454844161135448,-0.06266282320343258,-0.08282159291011224,317,317,BBOX_EXTRAPOLATION,-0.08282159291011224,0.0
LOPO_position_rank,rank_5,B0,obs_40mm/rank5,obs_40mm,40.0,40.0,5,314,1.77340084275212,-0.249805803628014,-0.13744884683507497,-0.06266282320343255,-0.0747860236316424,314,314,BBOX_EXTRAPOLATION,-0.0747860236316424,0.0
LOPO_position_rank,rank_5,B0,obs_46mm/rank5,obs_46mm,46.0,46.0,5,306,1.75338276095219,-0.4999961045174715,-0.11511910618503841,-0.06266282320343257,-0.05245628298160583,306,306,BBOX_EXTRAPOLATION,-0.05245628298160583,0.0
LOPO_position_rank,rank_5,B0,obs_6mm/rank5,obs_6mm,6.0,6.0,5,238,2.070159352160873,1.1623084097521956,-0.0643467836732709,-0.06266282320343255,-0.001683960469838338,238,238,BBOX_EXTRAPOLATION,-0.001683960469838338,0.0
LOPO_position_rank,rank_5,B1,obs_10mm/rank5,obs_10mm,10.0,10.0,5,180,2.03634882832631,0.9955375901065036,-0.0839443228993728,-0.06559130791777251,-0.018353014981600295,180,180,BBOX_EXTRAPOLATION,-0.021281499695940218,0.0029284847143399226
LOPO_position_rank,rank_5,B1,obs_1mm/rank5,obs_1mm,1.0,1.001,5,196,2.0694150530249713,1.3715369291813282,-0.034866379324740085,-0.06562772904051684,0.03076134971577673,196,196,BBOX_EXTRAPOLATION,0.02779644387869249,0.002964905837084239
LOPO_position_rank,rank_5,B1,obs_20mm/rank5,obs_20mm,20.0,20.0,5,236,1.9570599929375223,0.5769821573439389,-0.13118128734168816,-0.06548196588977732,-0.06569932145191083,236,236,BBOX_EXTRAPOLATION,-0.0685184641382556,0.0028191426863447694
LOPO_position_rank,rank_5,B1,obs_30mm/rank5,obs_30mm,30.0,30.0,5,290,2.01012552521233,0.163937156735764,-0.16927470859732058,-0.06555176639928603,-0.10372294219803456,290,290,BBOX_EXTRAPOLATION,-0.10661188539388802,0.0028889431958534634
LOPO_position_rank,rank_5,B1,obs_36mm/rank5,obs_36mm,36.0,36.0,5,317,1.83957005734543,-0.0830625130938711,-0.1454844161135448,-0.06532236503932955,-0.08016205107421527,317,317,BBOX_EXTRAPOLATION,-0.08282159291011224,0.002659541835896964
LOPO_position_rank,rank_5,B1,obs_40mm/rank5,obs_40mm,40.0,40.0,5,314,1.77340084275212,-0.249805803628014,-0.13744884683507497,-0.06523080428516101,-0.07221804254991396,314,314,BBOX_EXTRAPOLATION,-0.0747860236316424,0.0025679810817284404
LOPO_position_rank,rank_5,B1,obs_46mm/rank5,obs_46mm,46.0,46.0,5,306,1.75338276095219,-0.4999961045174715,-0.11511910618503841,-0.06521058981889083,-0.04990851636614757,306,306,BBOX_EXTRAPOLATION,-0.05245628298160583,0.0025477666154582607
LOPO_position_rank,rank_5,B1,obs_6mm/rank5,obs_6mm,6.0,6.0,5,238,2.070159352160873,1.1623084097521956,-0.0643467836732709,-0.06563329890736047,0.0012865152340895563,238,238,BBOX_EXTRAPOLATION,-0.001683960469838338,0.0029704757039278945
LOPO_position_rank,rank_5,B2,obs_10mm/rank5,obs_10mm,10.0,10.0,5,180,2.03634882832631,0.9955375901065036,-0.0839443228993728,-0.041183929617035264,-0.04276039328233752,180,180,BBOX_EXTRAPOLATION,-0.021281499695940218,-0.021478893586397305
LOPO_position_rank,rank_5,B2,obs_1mm/rank5,obs_1mm,1.0,1.001,5,196,2.0694150530249713,1.3715369291813282,-0.034866379324740085,-0.02182086702212596,-0.01304551230261412,196,196,BBOX_EXTRAPOLATION,0.02779644387869249,-0.04084195618130661
LOPO_position_rank,rank_5,B2,obs_20mm/rank5,obs_20mm,20.0,20.0,5,236,1.9570599929375223,0.5769821573439389,-0.13118128734168816,-0.06274169348944857,-0.06843959385223959,236,236,BBOX_EXTRAPOLATION,-0.0685184641382556,7.88702860160112e-05
LOPO_position_rank,rank_5,B2,obs_30mm/rank5,obs_30mm,30.0,30.0,5,290,2.01012552521233,0.163937156735764,-0.16927470859732058,-0.08402623697432633,-0.08524847162299425,290,290,BBOX_EXTRAPOLATION,-0.10661188539388802,0.021363413770893777
LOPO_position_rank,rank_5,B2,obs_36mm/rank5,obs_36mm,36.0,36.0,5,317,1.83957005734543,-0.0830625130938711,-0.1454844161135448,-0.09674678287226922,-0.048737633241275606,317,317,BBOX_EXTRAPOLATION,-0.08282159291011224,0.03408395966883663
LOPO_position_rank,rank_5,B2,obs_40mm/rank5,obs_40mm,40.0,40.0,5,314,1.77340084275212,-0.249805803628014,-0.13744884683507497,-0.10533498559954793,-0.03211386123552706,314,314,BBOX_EXTRAPOLATION,-0.0747860236316424,0.04267216239611534
LOPO_position_rank,rank_5,B2,obs_46mm/rank5,obs_46mm,46.0,46.0,5,306,1.75338276095219,-0.4999961045174715,-0.11511910618503841,-0.11822407395889507,0.003104967773856665,306,306,BBOX_EXTRAPOLATION,-0.05245628298160583,0.0555612507554625
LOPO_position_rank,rank_5,B2,obs_6mm/rank5,obs_6mm,6.0,6.0,5,238,2.070159352160873,1.1623084097521956,-0.0643467836732709,-0.032582445697194054,-0.031764337976076855,238,238,BBOX_EXTRAPOLATION,-0.001683960469838338,-0.03008037750623852
LOPO_position_rank,rank_5,S0,obs_10mm/rank5,obs_10mm,10.0,10.0,5,180,2.03634882832631,0.9955375901065036,-0.0839443228993728,-0.046841869842801455,-0.037102453056571345,180,180,BBOX_EXTRAPOLATION,-0.021281499695940218,-0.015820953360631128
LOPO_position_rank,rank_5,S0,obs_1mm/rank5,obs_1mm,1.0,1.001,5,196,2.0694150530249713,1.3715369291813282,-0.034866379324740085,-0.027488129193272655,-0.007378250131467432,196,196,BBOX_EXTRAPOLATION,0.02779644387869249,-0.03517469401015992
LOPO_position_rank,rank_5,S0,obs_20mm/rank5,obs_20mm,20.0,20.0,5,236,1.9570599929375223,0.5769821573439389,-0.13118128734168816,-0.06825473207756504,-0.06292655526412314,236,236,BBOX_EXTRAPOLATION,-0.0685184641382556,0.005591908874132467
LOPO_position_rank,rank_5,S0,obs_30mm/rank5,obs_30mm,30.0,30.0,5,290,2.01012552521233,0.163937156735764,-0.16927470859732058,-0.08974381074777363,-0.07953089784954695,290,290,BBOX_EXTRAPOLATION,-0.10661188539388802,0.027080987544341073
LOPO_position_rank,rank_5,S0,obs_36mm/rank5,obs_36mm,36.0,36.0,5,317,1.83957005734543,-0.0830625130938711,-0.1454844161135448,-0.10205643057485962,-0.04342798553868519,317,317,BBOX_EXTRAPOLATION,-0.08282159291011224,0.039393607371427046
LOPO_position_rank,rank_5,S0,obs_40mm/rank5,obs_40mm,40.0,40.0,5,314,1.77340084275212,-0.249805803628014,-0.13744884683507497,-0.11049304214925007,-0.02695580468582491,314,314,BBOX_EXTRAPOLATION,-0.0747860236316424,0.04783021894581749
LOPO_position_rank,rank_5,S0,obs_46mm/rank5,obs_46mm,46.0,46.0,5,306,1.75338276095219,-0.4999961045174715,-0.11511910618503841,-0.12338380470491538,0.008264698519876972,306,306,BBOX_EXTRAPOLATION,-0.05245628298160583,0.06072098150148281
LOPO_position_rank,rank_5,S0,obs_6mm/rank5,obs_6mm,6.0,6.0,5,238,2.070159352160873,1.1623084097521956,-0.0643467836732709,-0.038295001772041246,-0.02605178190122966,238,238,BBOX_EXTRAPOLATION,-0.001683960469838338,-0.024367821431391323
LOBO_height_band,low_1_2_6_10,B0,obs_10mm/rank1,obs_10mm,10.0,10.0,1,269,-1.571987899571618,1.0790797660422244,-0.03187672891982561,-0.1029380048948575,0.07106127597503188,269,269,BBOX_EXTRAPOLATION,0.07106127597503188,0.0
LOBO_height_band,low_1_2_6_10,B0,obs_10mm/rank2,obs_10mm,10.0,10.0,2,202,-0.3849316592526102,1.0529472305959424,-0.047125042464608045,-0.1029380048948575,0.055812962430249455,202,202,BBOX_EXTRAPOLATION,0.055812962430249455,0.0
LOBO_height_band,low_1_2_6_10,B0,obs_10mm/rank3,obs_10mm,10.0,10.0,3,166,0.8298514982140428,1.0227895548428414,-0.02868136671290481,-0.10293800489485751,0.07425663818195269,166,166,BBOX_EXTRAPOLATION,0.07425663818195269,0.0
LOBO_height_band,low_1_2_6_10,B0,obs_10mm/rank4,obs_10mm,10.0,10.0,4,226,1.4262522653288792,1.0059921718435458,-0.04794004197335275,-0.10293800489485748,0.054997962921504745,226,226,BBOX_EXTRAPOLATION,0.054997962921504745,0.0
LOBO_height_band,low_1_2_6_10,B0,obs_10mm/rank5,obs_10mm,10.0,10.0,5,180,2.03634882832631,0.9955375901065036,-0.0839443228993728,-0.10293800489485751,0.018993681995484697,180,180,BBOX_EXTRAPOLATION,0.018993681995484697,0.0
LOBO_height_band,low_1_2_6_10,B0,obs_1mm/rank1,obs_1mm,1.0,1.001,1,315,-1.6744896776165374,1.45750707071854,0.009230615607567409,-0.10293800489485751,0.11216862050242492,315,315,BBOX_EXTRAPOLATION,0.11216862050242492,0.0
LOBO_height_band,low_1_2_6_10,B0,obs_1mm/rank2,obs_1mm,1.0,1.001,2,196,-0.4776087348957897,1.4353136911142417,-0.03935235047589003,-0.1029380048948575,0.06358565441896746,196,196,BBOX_EXTRAPOLATION,0.06358565441896746,0.0
LOBO_height_band,low_1_2_6_10,B0,obs_1mm/rank3,obs_1mm,1.0,1.001,3,271,0.1648873928472083,1.415999840097768,0.013061651144207894,-0.10293800489485748,0.1159996560390654,271,271,BBOX_EXTRAPOLATION,0.1159996560390654,0.0
LOBO_height_band,low_1_2_6_10,B0,obs_1mm/rank4,obs_1mm,1.0,1.001,4,236,1.0958960480261872,1.394438039298664,-0.05515646482318219,-0.10293800489485748,0.047781540071675295,236,236,BBOX_EXTRAPOLATION,0.047781540071675295,0.0
LOBO_height_band,low_1_2_6_10,B0,obs_1mm/rank5,obs_1mm,1.0,1.001,5,196,2.0694150530249713,1.3715369291813282,-0.034866379324740085,-0.1029380048948575,0.0680716255701174,196,196,BBOX_EXTRAPOLATION,0.0680716255701174,0.0
LOBO_height_band,low_1_2_6_10,B0,obs_2mm/rank1,obs_2mm,2.0,2.0,1,234,-1.6559537808299885,1.4153710793713974,0.00500379681894667,-0.10293800489485748,0.10794180171380416,234,234,BBOX_EXTRAPOLATION,0.10794180171380416,0.0
LOBO_height_band,low_1_2_6_10,B0,obs_2mm/rank2,obs_2mm,2.0,2.0,2,211,-0.6632868333829153,1.397822848863765,-0.03294958189728135,-0.10293800489485748,0.06998842299757614,211,211,BBOX_EXTRAPOLATION,0.06998842299757614,0.0
LOBO_height_band,low_1_2_6_10,B0,obs_2mm/rank3,obs_2mm,2.0,2.0,3,186,0.51787867970166,1.3669034433023395,-0.05770591264596331,-0.10293800489485751,0.04523209224889417,186,186,BBOX_EXTRAPOLATION,0.04523209224889417,0.0
LOBO_height_band,low_1_2_6_10,B0,obs_2mm/rank4,obs_2mm,2.0,2.0,4,200,1.4482105594599637,1.340906824622041,-0.021529609421860732,-0.1029380048948575,0.08140839547299676,200,200,BBOX_EXTRAPOLATION,0.08140839547299676,0.0
LOBO_height_band,low_1_2_6_10,B0,obs_6mm/rank1,obs_6mm,6.0,6.0,1,225,-1.5776010994328966,1.2462799939030207,-0.006078101142415694,-0.1029380048948575,0.09685990375244179,225,225,BBOX_EXTRAPOLATION,0.09685990375244179,0.0
LOBO_height_band,low_1_2_6_10,B0,obs_6mm/rank2,obs_6mm,6.0,6.0,2,222,-0.3881354690560166,1.2212772126024123,-0.0349248221842145,-0.1029380048948575,0.068013182710643,222,222,BBOX_EXTRAPOLATION,0.068013182710643,0.0
LOBO_height_band,low_1_2_6_10,B0,obs_6mm/rank3,obs_6mm,6.0,6.0,3,233,0.19215670571927734,1.2056349033648612,-0.009798453286474884,-0.10293800489485747,0.09313955160838258,233,233,BBOX_EXTRAPOLATION,0.09313955160838258,0.0
LOBO_height_band,low_1_2_6_10,B0,obs_6mm/rank4,obs_6mm,6.0,6.0,4,247,1.4264134328873357,1.173261322284672,0.004902534352473064,-0.10293800489485748,0.10784053924733052,247,247,BBOX_EXTRAPOLATION,0.10784053924733052,0.0
LOBO_height_band,low_1_2_6_10,B0,obs_6mm/rank5,obs_6mm,6.0,6.0,5,238,2.070159352160873,1.1623084097521956,-0.0643467836732709,-0.10293800489485748,0.0385912212215866,238,238,BBOX_EXTRAPOLATION,0.0385912212215866,0.0
LOBO_height_band,low_1_2_6_10,B1,obs_10mm/rank1,obs_10mm,10.0,10.0,1,269,-1.571987899571618,1.0790797660422244,-0.03187672891982561,-0.08547157812688001,0.053594849207054394,269,269,BBOX_EXTRAPOLATION,0.07106127597503188,-0.017466426767977487
LOBO_height_band,low_1_2_6_10,B1,obs_10mm/rank2,obs_10mm,10.0,10.0,2,202,-0.3849316592526102,1.0529472305959424,-0.047125042464608045,-0.0970092473018247,0.049884204837216686,202,202,BBOX_EXTRAPOLATION,0.055812962430249455,-0.0059287575930327685
LOBO_height_band,low_1_2_6_10,B1,obs_10mm/rank3,obs_10mm,10.0,10.0,3,166,0.8298514982140428,1.0227895548428414,-0.02868136671290481,-0.10882595351702991,0.08014458680412513,166,166,BBOX_EXTRAPOLATION,0.07425663818195269,0.0058879486221724425
LOBO_height_band,low_1_2_6_10,B1,obs_10mm/rank4,obs_10mm,10.0,10.0,4,226,1.4262522653288792,1.0059921718435458,-0.04794004197335275,-0.1146186187065094,0.06667857673315665,226,226,BBOX_EXTRAPOLATION,0.054997962921504745,0.011680613811651905
LOBO_height_band,low_1_2_6_10,B1,obs_10mm/rank5,obs_10mm,10.0,10.0,5,180,2.03634882832631,0.9955375901065036,-0.0839443228993728,-0.12056069482987287,0.03661637193050008,180,180,BBOX_EXTRAPOLATION,0.018993681995484697,0.017622689935015385
LOBO_height_band,low_1_2_6_10,B1,obs_1mm/rank1,obs_1mm,1.0,1.001,1,315,-1.6744896776165374,1.45750707071854,0.009230615607567409,-0.08447284288389084,0.09370345849145824,315,315,BBOX_EXTRAPOLATION,0.11216862050242492,-0.01846516201096668
LOBO_height_band,low_1_2_6_10,B1,obs_1mm/rank2,obs_1mm,1.0,1.001,2,196,-0.4776087348957897,1.4353136911142417,-0.03935235047589003,-0.09610043214887873,0.05674808167298868,196,196,BBOX_EXTRAPOLATION,0.06358565441896746,-0.006837572745978786
LOBO_height_band,low_1_2_6_10,B1,obs_1mm/rank3,obs_1mm,1.0,1.001,3,271,0.1648873928472083,1.415999840097768,0.013061651144207894,-0.10235191708100884,0.11541356822521671,271,271,BBOX_EXTRAPOLATION,0.1159996560390654,-0.0005860878138486819
LOBO_height_band,low_1_2_6_10,B1,obs_1mm/rank4,obs_1mm,1.0,1.001,4,236,1.0958960480261872,1.394438039298664,-0.05515646482318219,-0.11139748605630942,0.05624102123312723,236,236,BBOX_EXTRAPOLATION,0.047781540071675295,0.008459481161451933
LOBO_height_band,low_1_2_6_10,B1,obs_1mm/rank5,obs_1mm,1.0,1.001,5,196,2.0694150530249713,1.3715369291813282,-0.034866379324740085,-0.12082385770357576,0.08595747837883565,196,196,BBOX_EXTRAPOLATION,0.0680716255701174,0.017885852808718253
LOBO_height_band,low_1_2_6_10,B1,obs_2mm/rank1,obs_2mm,2.0,2.0,1,234,-1.6559537808299885,1.4153710793713974,0.00500379681894667,-0.08461160050612825,0.08961539732507491,234,234,BBOX_EXTRAPOLATION,0.10794180171380416,-0.018326404388729248
LOBO_height_band,low_1_2_6_10,B1,obs_2mm/rank2,obs_2mm,2.0,2.0,2,211,-0.6632868333829153,1.397822848863765,-0.03294958189728135,-0.09432087834494197,0.061371296447660637,211,211,BBOX_EXTRAPOLATION,0.06998842299757614,-0.008617126549915505
LOBO_height_band,low_1_2_6_10,B1,obs_2mm/rank3,obs_2mm,2.0,2.0,3,186,0.51787867970166,1.3669034433023395,-0.05770591264596331,-0.10578924756322675,0.04808333491726342,186,186,BBOX_EXTRAPOLATION,0.04523209224889417,0.0028512426683692527
LOBO_height_band,low_1_2_6_10,B1,obs_2mm/rank4,obs_2mm,2.0,2.0,4,200,1.4482105594599637,1.340906824622041,-0.021529609421860732,-0.11484211148508283,0.0933125020632221,200,200,BBOX_EXTRAPOLATION,0.08140839547299676,0.011904106590225338
LOBO_height_band,low_1_2_6_10,B1,obs_6mm/rank1,obs_6mm,6.0,6.0,1,225,-1.5776010994328966,1.2462799939030207,-0.006078101142415694,-0.08540768592795789,0.07932958478554218,225,225,BBOX_EXTRAPOLATION,0.09685990375244179,-0.017530318966899605
LOBO_height_band,low_1_2_6_10,B1,obs_6mm/rank2,obs_6mm,6.0,6.0,2,222,-0.3881354690560166,1.2212772126024123,-0.0349248221842145,-0.09693529062327448,0.06201046843905999,222,222,BBOX_EXTRAPOLATION,0.068013182710643,-0.006002714271583005
LOBO_height_band,low_1_2_6_10,B1,obs_6mm/rank3,obs_6mm,6.0,6.0,3,233,0.19215670571927734,1.2056349033648612,-0.009798453286474884,-0.10262193417176882,0.09282348088529395,233,233,BBOX_EXTRAPOLATION,0.09313955160838258,-0.00031607072308863227
LOBO_height_band,low_1_2_6_10,B1,obs_6mm/rank4,obs_6mm,6.0,6.0,4,247,1.4264134328873357,1.173261322284672,0.004902534352473064,-0.11462924876811517,0.11953178312058824,247,247,BBOX_EXTRAPOLATION,0.10784053924733052,0.01169124387325772
LOBO_height_band,low_1_2_6_10,B1,obs_6mm/rank5,obs_6mm,6.0,6.0,5,238,2.070159352160873,1.1623084097521956,-0.0643467836732709,-0.120864103090161,0.05651731941689009,238,238,BBOX_EXTRAPOLATION,0.0385912212215866,0.01792609819530349
LOBO_height_band,low_1_2_6_10,B2,obs_10mm/rank1,obs_10mm,10.0,10.0,1,269,-1.571987899571618,1.0790797660422244,-0.03187672891982561,-0.08121177553926619,0.04933504661944058,269,269,BBOX_EXTRAPOLATION,0.07106127597503188,-0.0217262293555913
LOBO_height_band,low_1_2_6_10,B2,obs_10mm/rank2,obs_10mm,10.0,10.0,2,202,-0.3849316592526102,1.0529472305959424,-0.047125042464608045,-0.08174943256755066,0.034624390102942604,202,202,BBOX_EXTRAPOLATION,0.055812962430249455,-0.02118857232730685
LOBO_height_band,low_1_2_6_10,B2,obs_10mm/rank3,obs_10mm,10.0,10.0,3,166,0.8298514982140428,1.0227895548428414,-0.02868136671290481,-0.08236674167244445,0.05368537495953966,166,166,BBOX_EXTRAPOLATION,0.07425663818195269,-0.020571263222413032
LOBO_height_band,low_1_2_6_10,B2,obs_10mm/rank4,obs_10mm,10.0,10.0,4,226,1.4262522653288792,1.0059921718435458,-0.04794004197335275,-0.08271381082076783,0.03477376884741508,226,226,BBOX_EXTRAPOLATION,0.054997962921504745,-0.020224194074089666
LOBO_height_band,low_1_2_6_10,B2,obs_10mm/rank5,obs_10mm,10.0,10.0,5,180,2.03634882832631,0.9955375901065036,-0.0839443228993728,-0.08292812688313335,-0.001016196016239457,180,180,BBOX_EXTRAPOLATION,0.018993681995484697,-0.020009878011724155
LOBO_height_band,low_1_2_6_10,B2,obs_1mm/rank1,obs_1mm,1.0,1.001,1,315,-1.6744896776165374,1.45750707071854,0.009230615607567409,-0.0734470346090735,0.08267765021664092,315,315,BBOX_EXTRAPOLATION,0.11216862050242492,-0.029490970285784
LOBO_height_band,low_1_2_6_10,B2,obs_1mm/rank2,obs_1mm,1.0,1.001,2,196,-0.4776087348957897,1.4353136911142417,-0.03935235047589003,-0.07390337926208174,0.034551028786191706,196,196,BBOX_EXTRAPOLATION,0.06358565441896746,-0.029034625632775757
LOBO_height_band,low_1_2_6_10,B2,obs_1mm/rank3,obs_1mm,1.0,1.001,3,271,0.1648873928472083,1.415999840097768,0.013061651144207894,-0.07429920632882747,0.08736085747303536,271,271,BBOX_EXTRAPOLATION,0.1159996560390654,-0.028638798566030035
LOBO_height_band,low_1_2_6_10,B2,obs_1mm/rank4,obs_1mm,1.0,1.001,4,236,1.0958960480261872,1.394438039298664,-0.05515646482318219,-0.07474570265025307,0.019589237827070866,236,236,BBOX_EXTRAPOLATION,0.047781540071675295,-0.02819230224460443
LOBO_height_band,low_1_2_6_10,B2,obs_1mm/rank5,obs_1mm,1.0,1.001,5,196,2.0694150530249713,1.3715369291813282,-0.034866379324740085,-0.07521657650427614,0.040350197179536064,196,196,BBOX_EXTRAPOLATION,0.0680716255701174,-0.02772142839058133
LOBO_height_band,low_1_2_6_10,B2,obs_2mm/rank1,obs_2mm,2.0,2.0,1,234,-1.6559537808299885,1.4153710793713974,0.00500379681894667,-0.07431442503464483,0.07931822185359151,234,234,BBOX_EXTRAPOLATION,0.10794180171380416,-0.028623579860212647
LOBO_height_band,low_1_2_6_10,B2,obs_2mm/rank2,obs_2mm,2.0,2.0,2,211,-0.6632868333829153,1.397822848863765,-0.03294958189728135,-0.07467184276728416,0.04172226087000281,211,211,BBOX_EXTRAPOLATION,0.06998842299757614,-0.02826616212757333
LOBO_height_band,low_1_2_6_10,B2,obs_2mm/rank3,obs_2mm,2.0,2.0,3,186,0.51787867970166,1.3669034433023395,-0.05770591264596331,-0.07531021963363443,0.01760430698767111,186,186,BBOX_EXTRAPOLATION,0.04523209224889417,-0.02762778526122306
LOBO_height_band,low_1_2_6_10,B2,obs_2mm/rank4,obs_2mm,2.0,2.0,4,200,1.4482105594599637,1.340906824622041,-0.021529609421860732,-0.07584350811146758,0.05431389868960684,200,200,BBOX_EXTRAPOLATION,0.08140839547299676,-0.027094496783389918
LOBO_height_band,low_1_2_6_10,B2,obs_6mm/rank1,obs_6mm,6.0,6.0,1,225,-1.5776010994328966,1.2462799939030207,-0.006078101142415694,-0.07778435528915337,0.07170625414673767,225,225,BBOX_EXTRAPOLATION,0.09685990375244179,-0.025153649605704112
LOBO_height_band,low_1_2_6_10,B2,obs_6mm/rank2,obs_6mm,6.0,6.0,2,222,-0.3881354690560166,1.2212772126024123,-0.0349248221842145,-0.07829514964017145,0.04337032745595696,222,222,BBOX_EXTRAPOLATION,0.068013182710643,-0.024642855254686034
LOBO_height_band,low_1_2_6_10,B2,obs_6mm/rank3,obs_6mm,6.0,6.0,3,233,0.19215670571927734,1.2056349033648612,-0.009798453286474884,-0.07861710032352998,0.06881864703705509,233,233,BBOX_EXTRAPOLATION,0.09313955160838258,-0.02432090457132749
LOBO_height_band,low_1_2_6_10,B2,obs_6mm/rank4,obs_6mm,6.0,6.0,4,247,1.4264134328873357,1.173261322284672,0.004902534352473064,-0.07928817896966858,0.08419071332214165,247,247,BBOX_EXTRAPOLATION,0.10784053924733052,-0.02364982592518887
LOBO_height_band,low_1_2_6_10,B2,obs_6mm/rank5,obs_6mm,6.0,6.0,5,238,2.070159352160873,1.1623084097521956,-0.0643467836732709,-0.07950249231444562,0.015155708641174704,238,238,BBOX_EXTRAPOLATION,0.0385912212215866,-0.023435512580411894
LOBO_height_band,low_1_2_6_10,S0,obs_10mm/rank1,obs_10mm,10.0,10.0,1,269,-1.571987899571618,1.0790797660422244,-0.03187672891982561,-0.062236564113870775,0.030359835194045174,269,269,BBOX_EXTRAPOLATION,0.07106127597503188,-0.04070144078098671
LOBO_height_band,low_1_2_6_10,S0,obs_10mm/rank2,obs_10mm,10.0,10.0,2,202,-0.3849316592526102,1.0529472305959424,-0.047125042464608045,-0.07458176429263763,0.02745672182802959,202,202,BBOX_EXTRAPOLATION,0.055812962430249455,-0.028356240602219866
LOBO_height_band,low_1_2_6_10,S0,obs_10mm/rank3,obs_10mm,10.0,10.0,3,166,0.8298514982140428,1.0227895548428414,-0.02868136671290481,-0.087295686973738,0.0586143202608332,166,166,BBOX_EXTRAPOLATION,0.07425663818195269,-0.01564231792111949
LOBO_height_band,low_1_2_6_10,S0,obs_10mm/rank4,obs_10mm,10.0,10.0,4,226,1.4262522653288792,1.0059921718435458,-0.04794004197335275,-0.09357497366696232,0.04563493169360959,226,226,BBOX_EXTRAPOLATION,0.054997962921504745,-0.009363031227895155
LOBO_height_band,low_1_2_6_10,S0,obs_10mm/rank5,obs_10mm,10.0,10.0,5,180,2.03634882832631,0.9955375901065036,-0.0839443228993728,-0.09986706234192919,0.01592273944255639,180,180,BBOX_EXTRAPOLATION,0.018993681995484697,-0.0030709425529283074
LOBO_height_band,low_1_2_6_10,S0,obs_1mm/rank1,obs_1mm,1.0,1.001,1,315,-1.6744896776165374,1.45750707071854,0.009230615607567409,-0.053043658572663355,0.06227427418023077,315,315,BBOX_EXTRAPOLATION,0.11216862050242492,-0.049894346322194146
LOBO_height_band,low_1_2_6_10,S0,obs_1mm/rank2,obs_1mm,1.0,1.001,2,196,-0.4776087348957897,1.4353136911142417,-0.03935235047589003,-0.06539507131080013,0.0260427208349101,196,196,BBOX_EXTRAPOLATION,0.06358565441896746,-0.03754293358405736
LOBO_height_band,low_1_2_6_10,S0,obs_1mm/rank3,obs_1mm,1.0,1.001,3,271,0.1648873928472083,1.415999840097768,0.013061651144207894,-0.07219410811789578,0.08525575926210367,271,271,BBOX_EXTRAPOLATION,0.1159996560390654,-0.030743896776961724
LOBO_height_band,low_1_2_6_10,S0,obs_1mm/rank4,obs_1mm,1.0,1.001,4,236,1.0958960480261872,1.394438039298664,-0.05515646482318219,-0.0818990692576408,0.026742604434458604,236,236,BBOX_EXTRAPOLATION,0.047781540071675295,-0.02103893563721669
LOBO_height_band,low_1_2_6_10,S0,obs_1mm/rank5,obs_1mm,1.0,1.001,5,196,2.0694150530249713,1.3715369291813282,-0.034866379324740085,-0.09201846676221705,0.05715208743747695,196,196,BBOX_EXTRAPOLATION,0.0680716255701174,-0.010919538132640447
LOBO_height_band,low_1_2_6_10,S0,obs_2mm/rank1,obs_2mm,2.0,2.0,1,234,-1.6559537808299885,1.4153710793713974,0.00500379681894667,-0.05409834702071081,0.05910214383965748,234,234,BBOX_EXTRAPOLATION,0.10794180171380416,-0.04883965787414668
LOBO_height_band,low_1_2_6_10,S0,obs_2mm/rank2,obs_2mm,2.0,2.0,2,211,-0.6632868333829153,1.397822848863765,-0.03294958189728135,-0.06438714922988119,0.03143756733259984,211,211,BBOX_EXTRAPOLATION,0.06998842299757614,-0.0385508556649763
LOBO_height_band,low_1_2_6_10,S0,obs_2mm/rank3,obs_2mm,2.0,2.0,3,186,0.51787867970166,1.3669034433023395,-0.05770591264596331,-0.07676761727101962,0.019061704625056308,186,186,BBOX_EXTRAPOLATION,0.04523209224889417,-0.026170387623837863
LOBO_height_band,low_1_2_6_10,S0,obs_2mm/rank4,obs_2mm,2.0,2.0,4,200,1.4482105594599637,1.340906824622041,-0.021529609421860732,-0.08657138455268094,0.06504177513082021,200,200,BBOX_EXTRAPOLATION,0.08140839547299676,-0.01636662034217655
LOBO_height_band,low_1_2_6_10,S0,obs_6mm/rank1,obs_6mm,6.0,6.0,1,225,-1.5776010994328966,1.2462799939030207,-0.006078101142415694,-0.05856359112958878,0.052485489987173076,225,225,BBOX_EXTRAPOLATION,0.09685990375244179,-0.04437441376526871
LOBO_height_band,low_1_2_6_10,S0,obs_6mm/rank2,obs_6mm,6.0,6.0,2,222,-0.3881354690560166,1.2212772126024123,-0.0349248221842145,-0.07087024011823893,0.03594541793402443,222,222,BBOX_EXTRAPOLATION,0.068013182710643,-0.03206776477661857
LOBO_height_band,low_1_2_6_10,S0,obs_6mm/rank3,obs_6mm,6.0,6.0,3,233,0.19215670571927734,1.2056349033648612,-0.009798453286474884,-0.07701484519453558,0.0672163919080607,233,233,BBOX_EXTRAPOLATION,0.09313955160838258,-0.025923159700321885
LOBO_height_band,low_1_2_6_10,S0,obs_6mm/rank4,obs_6mm,6.0,6.0,4,247,1.4264134328873357,1.173261322284672,0.004902534352473064,-0.08997996585227473,0.0948825002047478,247,247,BBOX_EXTRAPOLATION,0.10784053924733052,-0.01295803904258272
LOBO_height_band,low_1_2_6_10,S0,obs_6mm/rank5,obs_6mm,6.0,6.0,5,238,2.070159352160873,1.1623084097521956,-0.0643467836732709,-0.09657096033853206,0.03222417666526115,238,238,BBOX_EXTRAPOLATION,0.0385912212215866,-0.006367044556325446
LOBO_height_band,mid_20_30,B0,obs_20mm/rank1,obs_20mm,20.0,20.0,1,250,-1.6095412502545599,0.659040941312294,-0.04917071492830772,-0.06288631230624783,0.013715597377940099,0,0,IN_DOMAIN,0.013715597377940099,0.0
LOBO_height_band,mid_20_30,B0,obs_20mm/rank2,obs_20mm,20.0,20.0,2,269,-0.3980590258573929,0.6329683995394393,-0.08027046773112485,-0.06288631230624783,-0.01738415542487704,0,0,IN_DOMAIN,-0.01738415542487704,0.0
LOBO_height_band,mid_20_30,B0,obs_20mm/rank3,obs_20mm,20.0,20.0,3,244,0.7709267420870041,0.6041157517011748,-0.07494821377394428,-0.06288631230624785,-0.01206190146769647,0,0,IN_DOMAIN,-0.01206190146769647,0.0
LOBO_height_band,mid_20_30,B0,obs_20mm/rank4,obs_20mm,20.0,20.0,4,203,1.3643104313584755,0.5875563932589872,-0.1049702552805971,-0.06288631230624783,-0.04208394297434928,0,0,IN_DOMAIN,-0.04208394297434928,0.0
LOBO_height_band,mid_20_30,B0,obs_20mm/rank5,obs_20mm,20.0,20.0,5,236,1.9570599929375223,0.5769821573439389,-0.13118128734168816,-0.06288631230624785,-0.06829497503544033,0,0,IN_DOMAIN,-0.06829497503544033,0.0
LOBO_height_band,mid_20_30,B0,obs_30mm/rank1,obs_30mm,30.0,30.0,1,261,-1.57610949130332,0.244000803273368,-0.09685571900937462,-0.06288631230624783,-0.033969406703126814,0,0,IN_DOMAIN,-0.033969406703126814,0.0
LOBO_height_band,mid_20_30,B0,obs_30mm/rank2,obs_30mm,30.0,30.0,2,264,-0.394777480026022,0.21944978066016751,-0.12331873611946821,-0.06288631230624783,-0.060432423813220414,0,0,IN_DOMAIN,-0.060432423813220414,0.0
LOBO_height_band,mid_20_30,B0,obs_30mm/rank3,obs_30mm,30.0,30.0,3,248,0.8064213416025455,0.188383933974825,-0.08428851073073206,-0.06288631230624783,-0.021402198424484254,0,0,IN_DOMAIN,-0.021402198424484254,0.0
LOBO_height_band,mid_20_30,B0,obs_30mm/rank4,obs_30mm,30.0,30.0,4,284,1.38424242649992,0.1727691509749035,-0.08511425436863532,-0.06288631230624783,-0.0222279420623875,0,0,IN_DOMAIN,-0.0222279420623875,0.0
LOBO_height_band,mid_20_30,B0,obs_30mm/rank5,obs_30mm,30.0,30.0,5,290,2.01012552521233,0.163937156735764,-0.16927470859732058,-0.06288631230624782,-0.10638839629107277,0,290,HULL_EXTRAPOLATION,-0.10638839629107277,0.0
LOBO_height_band,mid_20_30,B1,obs_20mm/rank1,obs_20mm,20.0,20.0,1,250,-1.6095412502545599,0.659040941312294,-0.04917071492830772,-0.05044007782834292,0.0012693629000352063,0,0,IN_DOMAIN,0.013715597377940099,-0.012446234477904893
LOBO_height_band,mid_20_30,B1,obs_20mm/rank2,obs_20mm,20.0,20.0,2,269,-0.3980590258573929,0.6329683995394393,-0.08027046773112485,-0.058845363345715496,-0.02142510438540936,0,0,IN_DOMAIN,-0.01738415542487704,-0.004040948960532319
LOBO_height_band,mid_20_30,B1,obs_20mm/rank3,obs_20mm,20.0,20.0,3,244,0.7709267420870041,0.6041157517011748,-0.07494821377394428,-0.06695952372694264,-0.00798869004700165,0,0,IN_DOMAIN,-0.01206190146769647,0.0040732114206948195
LOBO_height_band,mid_20_30,B1,obs_20mm/rank4,obs_20mm,20.0,20.0,4,203,1.3643104313584755,0.5875563932589872,-0.1049702552805971,-0.07107859120712234,-0.03389166407347476,0,0,IN_DOMAIN,-0.04208394297434928,0.008192278900874518
LOBO_height_band,mid_20_30,B1,obs_20mm/rank5,obs_20mm,20.0,20.0,5,236,1.9570599929375223,0.5769821573439389,-0.13118128734168816,-0.075206712757701,-0.05597457458398715,0,0,IN_DOMAIN,-0.06829497503544033,0.012320400451453176
LOBO_height_band,mid_20_30,B1,obs_30mm/rank1,obs_30mm,30.0,30.0,1,261,-1.57610949130332,0.244000803273368,-0.09685571900937462,-0.05066818975600945,-0.046187529253365174,0,0,IN_DOMAIN,-0.033969406703126814,-0.01221812255023836
LOBO_height_band,mid_20_30,B1,obs_30mm/rank2,obs_30mm,30.0,30.0,2,264,-0.394777480026022,0.21944978066016751,-0.12331873611946821,-0.05887606858445054,-0.06444266753501769,0,0,IN_DOMAIN,-0.060432423813220414,-0.004010243721797278
LOBO_height_band,mid_20_30,B1,obs_30mm/rank3,obs_30mm,30.0,30.0,3,248,0.8064213416025455,0.188383933974825,-0.08428851073073206,-0.0671922691490323,-0.01709624158169977,0,0,IN_DOMAIN,-0.021402198424484254,0.004305956842784484
LOBO_height_band,mid_20_30,B1,obs_30mm/rank4,obs_30mm,30.0,30.0,4,284,1.38424242649992,0.1727691509749035,-0.08511425436863532,-0.0712464197841282,-0.013867834584507126,0,0,IN_DOMAIN,-0.0222279420623875,0.008360107477880373
LOBO_height_band,mid_20_30,B1,obs_30mm/rank5,obs_30mm,30.0,30.0,5,290,2.01012552521233,0.163937156735764,-0.16927470859732058,-0.075566975472221,-0.09370773312509958,0,290,HULL_EXTRAPOLATION,-0.10638839629107277,0.012680663165973188
LOBO_height_band,mid_20_30,B2,obs_20mm/rank1,obs_20mm,20.0,20.0,1,250,-1.6095412502545599,0.659040941312294,-0.04917071492830772,-0.059601069735922545,0.010430354807614827,0,0,IN_DOMAIN,0.013715597377940099,-0.003285242570325272
LOBO_height_band,mid_20_30,B2,obs_20mm/rank2,obs_20mm,20.0,20.0,2,269,-0.3980590258573929,0.6329683995394393,-0.08027046773112485,-0.06094814455396007,-0.019322323177164778,0,0,IN_DOMAIN,-0.01738415542487704,-0.0019381677522877366
LOBO_height_band,mid_20_30,B2,obs_20mm/rank3,obs_20mm,20.0,20.0,3,244,0.7709267420870041,0.6041157517011748,-0.07494821377394428,-0.06238865853464711,-0.01255955523929718,0,0,IN_DOMAIN,-0.01206190146769647,-0.0004976537716007094
LOBO_height_band,mid_20_30,B2,obs_20mm/rank4,obs_20mm,20.0,20.0,4,203,1.3643104313584755,0.5875563932589872,-0.1049702552805971,-0.06324017692642449,-0.041730078354172605,0,0,IN_DOMAIN,-0.04208394297434928,0.00035386462017667625
LOBO_height_band,mid_20_30,B2,obs_20mm/rank5,obs_20mm,20.0,20.0,5,236,1.9570599929375223,0.5769821573439389,-0.13118128734168816,-0.06378091560043858,-0.06740037174124958,0,0,IN_DOMAIN,-0.06829497503544033,0.0008946032941907489
LOBO_height_band,mid_20_30,B2,obs_30mm/rank1,obs_30mm,30.0,30.0,1,261,-1.57610949130332,0.244000803273368,-0.09685571900937462,-0.08073950457658673,-0.016116214432787906,0,0,IN_DOMAIN,-0.033969406703126814,0.017853192270338908
LOBO_height_band,mid_20_30,B2,obs_30mm/rank2,obs_30mm,30.0,30.0,2,264,-0.394777480026022,0.21944978066016751,-0.12331873611946821,-0.08198566598161808,-0.04133307013785015,0,0,IN_DOMAIN,-0.060432423813220414,0.019099353675370266
LOBO_height_band,mid_20_30,B2,obs_30mm/rank3,obs_30mm,30.0,30.0,3,248,0.8064213416025455,0.188383933974825,-0.08428851073073206,-0.08356885293714242,-0.000719657793589652,0,0,IN_DOMAIN,-0.021402198424484254,0.020682540630894603
LOBO_height_band,mid_20_30,B2,obs_30mm/rank4,obs_30mm,30.0,30.0,4,284,1.38424242649992,0.1727691509749035,-0.08511425436863532,-0.08437310442308162,-0.0007411499455537018,0,0,IN_DOMAIN,-0.0222279420623875,0.021486792116833797
LOBO_height_band,mid_20_30,B2,obs_30mm/rank5,obs_30mm,30.0,30.0,5,290,2.01012552521233,0.163937156735764,-0.16927470859732058,-0.08481992430423745,-0.08445478429308312,0,290,HULL_EXTRAPOLATION,-0.10638839629107277,0.021933611997989655
LOBO_height_band,mid_20_30,S0,obs_20mm/rank1,obs_20mm,20.0,20.0,1,250,-1.6095412502545599,0.659040941312294,-0.04917071492830772,-0.04648266123061259,-0.0026880536976951253,0,0,IN_DOMAIN,0.013715597377940099,-0.016403651075635226
LOBO_height_band,mid_20_30,S0,obs_20mm/rank2,obs_20mm,20.0,20.0,2,269,-0.3980590258573929,0.6329683995394393,-0.08027046773112485,-0.05668647947307997,-0.02358398825804489,0,0,IN_DOMAIN,-0.01738415542487704,-0.0061998328331678496
LOBO_height_band,mid_20_30,S0,obs_20mm/rank3,obs_20mm,20.0,20.0,3,244,0.7709267420870041,0.6041157517011748,-0.07494821377394428,-0.06667737367449186,-0.008270840099452406,0,0,IN_DOMAIN,-0.01206190146769647,0.003791061368244064
LOBO_height_band,mid_20_30,S0,obs_20mm/rank4,obs_20mm,20.0,20.0,4,203,1.3643104313584755,0.5875563932589872,-0.1049702552805971,-0.07186974408424268,-0.03310051119635442,0,0,IN_DOMAIN,-0.04208394297434928,0.008983431777994863
LOBO_height_band,mid_20_30,S0,obs_20mm/rank5,obs_20mm,20.0,20.0,5,236,1.9570599929375223,0.5769821573439389,-0.13118128734168816,-0.07675998677391488,-0.05442130056777328,0,0,IN_DOMAIN,-0.06829497503544033,0.013873674467667046
LOBO_height_band,mid_20_30,S0,obs_30mm/rank1,obs_30mm,30.0,30.0,1,261,-1.57610949130332,0.244000803273368,-0.09685571900937462,-0.06792150048140048,-0.028934218527974134,0,0,IN_DOMAIN,-0.033969406703126814,0.00503518817515268
LOBO_height_band,mid_20_30,S0,obs_30mm/rank2,obs_30mm,30.0,30.0,2,264,-0.394777480026022,0.21944978066016751,-0.12331873611946821,-0.07781619856511157,-0.04550253755435666,0,0,IN_DOMAIN,-0.060432423813220414,0.014929886258863753
LOBO_height_band,mid_20_30,S0,obs_30mm/rank3,obs_30mm,30.0,30.0,3,248,0.8064213416025455,0.188383933974825,-0.08428851073073206,-0.08816297155598746,0.003874460825255382,0,0,IN_DOMAIN,-0.021402198424484254,0.025276659249739635
LOBO_height_band,mid_20_30,S0,obs_30mm/rank4,obs_30mm,30.0,30.0,4,284,1.38424242649992,0.1727691509749035,-0.08511425436863532,-0.09323956656887175,0.008125312200236436,0,0,IN_DOMAIN,-0.0222279420623875,0.030353254262623933
LOBO_height_band,mid_20_30,S0,obs_30mm/rank5,obs_30mm,30.0,30.0,5,290,2.01012552521233,0.163937156735764,-0.16927470859732058,-0.09823830549759152,-0.07103640309972907,0,290,HULL_EXTRAPOLATION,-0.10638839629107277,0.0353519931913437
LOBO_height_band,high_36_40_46,B0,obs_36mm/rank1,obs_36mm,36.0,36.0,1,252,-1.4820346874685,-0.004467893668432315,-0.07394823639818404,-0.053912766613909306,-0.020035469784274732,252,252,BBOX_EXTRAPOLATION,-0.020035469784274732,0.0
LOBO_height_band,high_36_40_46,B0,obs_36mm/rank2,obs_36mm,36.0,36.0,2,285,-0.6865380508238,-0.0178604400173019,-0.12057595430857165,-0.053912766613909306,-0.06666318769466237,285,285,BBOX_EXTRAPOLATION,-0.06666318769466237,0.0
LOBO_height_band,high_36_40_46,B0,obs_36mm/rank3,obs_36mm,36.0,36.0,3,286,0.11127308164020999,-0.0455703978373282,-0.05989100022381755,-0.05391276661390931,-0.0059782336099082406,286,286,BBOX_EXTRAPOLATION,-0.0059782336099082406,0.0
LOBO_height_band,high_36_40_46,B0,obs_36mm/rank4,obs_36mm,36.0,36.0,4,321,1.00948931774781,-0.0651431808725149,-0.11896859712659688,-0.0539127666139093,-0.06505583051268757,321,321,BBOX_EXTRAPOLATION,-0.06505583051268757,0.0
LOBO_height_band,high_36_40_46,B0,obs_36mm/rank5,obs_36mm,36.0,36.0,5,317,1.83957005734543,-0.0830625130938711,-0.1454844161135448,-0.053912766613909306,-0.0915716494996355,317,317,BBOX_EXTRAPOLATION,-0.0915716494996355,0.0
LOBO_height_band,high_36_40_46,B0,obs_40mm/rank1,obs_40mm,40.0,40.0,1,209,-1.47491847763995,-0.171322047261236,-0.08948260628230172,-0.0539127666139093,-0.03556983966839242,209,209,BBOX_EXTRAPOLATION,-0.03556983966839242,0.0
LOBO_height_band,high_36_40_46,B0,obs_40mm/rank2,obs_40mm,40.0,40.0,2,342,-1.006741367269935,-0.175694777328709,-0.09081367507939357,-0.053912766613909306,-0.036900908465484265,342,342,BBOX_EXTRAPOLATION,-0.036900908465484265,0.0
LOBO_height_band,high_36_40_46,B0,obs_40mm/rank3,obs_40mm,40.0,40.0,3,277,-0.179362120015705,-0.204747505308568,-0.07343035600605043,-0.053912766613909306,-0.019517589392141127,277,277,BBOX_EXTRAPOLATION,-0.019517589392141127,0.0
LOBO_height_band,high_36_40_46,B0,obs_40mm/rank4,obs_40mm,40.0,40.0,4,296,0.781877353357439,-0.227701770950149,-0.07426768246980651,-0.05391276661390931,-0.020354915855897212,296,296,BBOX_EXTRAPOLATION,-0.020354915855897212,0.0
LOBO_height_band,high_36_40_46,B0,obs_40mm/rank5,obs_40mm,40.0,40.0,5,314,1.77340084275212,-0.249805803628014,-0.13744884683507497,-0.0539127666139093,-0.08353608022116565,314,314,BBOX_EXTRAPOLATION,-0.08353608022116565,0.0
LOBO_height_band,high_36_40_46,B0,obs_46mm/rank1,obs_46mm,46.0,46.0,1,306,-1.5634484990189401,-0.421113483221246,-0.1289916855481588,-0.05391276661390931,-0.07507891893424948,306,306,BBOX_EXTRAPOLATION,-0.07507891893424948,0.0
LOBO_height_band,high_36_40_46,B0,obs_46mm/rank2,obs_46mm,46.0,46.0,2,334,-0.911343594370997,-0.42684683215195995,-0.13567246909563102,-0.05391276661390931,-0.08175970248172174,334,334,BBOX_EXTRAPOLATION,-0.08175970248172174,0.0
LOBO_height_band,high_36_40_46,B0,obs_46mm/rank3,obs_46mm,46.0,46.0,3,305,0.250074412146889,-0.464867624746856,-0.10401412147723794,-0.053912766613909306,-0.05010135486332864,305,305,BBOX_EXTRAPOLATION,-0.05010135486332864,0.0
LOBO_height_band,high_36_40_46,B0,obs_46mm/rank4,obs_46mm,46.0,46.0,4,208,1.1279993678110252,-0.486190621440112,-0.10594850134081855,-0.053912766613909306,-0.05203573472690925,208,208,BBOX_EXTRAPOLATION,-0.05203573472690925,0.0
LOBO_height_band,high_36_40_46,B0,obs_46mm/rank5,obs_46mm,46.0,46.0,5,306,1.75338276095219,-0.4999961045174715,-0.11511910618503841,-0.05391276661390931,-0.061206339571129094,306,306,BBOX_EXTRAPOLATION,-0.061206339571129094,0.0
LOBO_height_band,high_36_40_46,B1,obs_36mm/rank1,obs_36mm,36.0,36.0,1,252,-1.4820346874685,-0.004467893668432315,-0.07394823639818404,-0.0295996443893932,-0.044348592008790835,252,252,BBOX_EXTRAPOLATION,-0.020035469784274732,-0.024313122224516103
LOBO_height_band,high_36_40_46,B1,obs_36mm/rank2,obs_36mm,36.0,36.0,2,285,-0.6865380508238,-0.0178604400173019,-0.12057595430857165,-0.04035152005388551,-0.08022443425468616,285,285,BBOX_EXTRAPOLATION,-0.06666318769466237,-0.01356124656002379
LOBO_height_band,high_36_40_46,B1,obs_36mm/rank3,obs_36mm,36.0,36.0,3,286,0.11127308164020999,-0.0455703978373282,-0.05989100022381755,-0.05115822478736672,-0.008732775436450825,286,286,BBOX_EXTRAPOLATION,-0.0059782336099082406,-0.0027545418265425845
LOBO_height_band,high_36_40_46,B1,obs_36mm/rank4,obs_36mm,36.0,36.0,4,321,1.00948931774781,-0.0651431808725149,-0.11896859712659688,-0.06326605438860053,-0.05570254273799635,321,321,BBOX_EXTRAPOLATION,-0.06505583051268757,0.009353287774691216
LOBO_height_band,high_36_40_46,B1,obs_36mm/rank5,obs_36mm,36.0,36.0,5,317,1.83957005734543,-0.0830625130938711,-0.1454844161135448,-0.0744410185560797,-0.07104339755746511,317,317,BBOX_EXTRAPOLATION,-0.0915716494996355,0.020528251942170395
LOBO_height_band,high_36_40_46,B1,obs_40mm/rank1,obs_40mm,40.0,40.0,1,209,-1.47491847763995,-0.171322047261236,-0.08948260628230172,-0.029724715485418083,-0.059757890796883636,209,209,BBOX_EXTRAPOLATION,-0.03556983966839242,-0.02418805112849122
LOBO_height_band,high_36_40_46,B1,obs_40mm/rank2,obs_40mm,40.0,40.0,2,342,-1.006741367269935,-0.175694777328709,-0.09081367507939357,-0.03604827807589847,-0.0547653970034951,342,342,BBOX_EXTRAPOLATION,-0.036900908465484265,-0.017864488538010835
LOBO_height_band,high_36_40_46,B1,obs_40mm/rank3,obs_40mm,40.0,40.0,3,277,-0.179362120015705,-0.204747505308568,-0.07343035600605043,-0.04719815217350836,-0.02623220383254207,277,277,BBOX_EXTRAPOLATION,-0.019517589392141127,-0.006714614440400942
LOBO_height_band,high_36_40_46,B1,obs_40mm/rank4,obs_40mm,40.0,40.0,4,296,0.781877353357439,-0.227701770950149,-0.07426768246980651,-0.06019948868717802,-0.014068193782628507,296,296,BBOX_EXTRAPOLATION,-0.020354915855897212,0.006286722073268705
LOBO_height_band,high_36_40_46,B1,obs_40mm/rank5,obs_40mm,40.0,40.0,5,314,1.77340084275212,-0.249805803628014,-0.13744884683507497,-0.07352278294809635,-0.06392606388697862,314,314,BBOX_EXTRAPOLATION,-0.08353608022116565,0.019610016334187033
LOBO_height_band,high_36_40_46,B1,obs_46mm/rank1,obs_46mm,46.0,46.0,1,306,-1.5634484990189401,-0.421113483221246,-0.1289916855481588,-0.028537367793336516,-0.10045431775482228,306,306,BBOX_EXTRAPOLATION,-0.07507891893424948,-0.025375398820572798
LOBO_height_band,high_36_40_46,B1,obs_46mm/rank2,obs_46mm,46.0,46.0,2,334,-0.911343594370997,-0.42684683215195995,-0.13567246909563102,-0.03734132078651172,-0.0983311483091193,334,334,BBOX_EXTRAPOLATION,-0.08175970248172174,-0.01657144582739757
LOBO_height_band,high_36_40_46,B1,obs_46mm/rank3,obs_46mm,46.0,46.0,3,305,0.250074412146889,-0.464867624746856,-0.10401412147723794,-0.053004252939138935,-0.05100986853809902,305,305,BBOX_EXTRAPOLATION,-0.05010135486332864,-0.0009085136747703781
LOBO_height_band,high_36_40_46,B1,obs_46mm/rank4,obs_46mm,46.0,46.0,4,208,1.1279993678110252,-0.486190621440112,-0.10594850134081855,-0.06477832892695518,-0.04117017241386337,208,208,BBOX_EXTRAPOLATION,-0.05203573472690925,0.010865562313045876
LOBO_height_band,high_36_40_46,B1,obs_46mm/rank5,obs_46mm,46.0,46.0,5,306,1.75338276095219,-0.4999961045174715,-0.11511910618503841,-0.07332005807001711,-0.04179904811502128,306,306,BBOX_EXTRAPOLATION,-0.061206339571129094,0.01940729145610781
LOBO_height_band,high_36_40_46,B2,obs_36mm/rank1,obs_36mm,36.0,36.0,1,252,-1.4820346874685,-0.004467893668432315,-0.07394823639818404,-0.1316883902875058,0.0577401538893218,252,252,BBOX_EXTRAPOLATION,-0.020035469784274732,0.07777562367359653
LOBO_height_band,high_36_40_46,B2,obs_36mm/rank2,obs_36mm,36.0,36.0,2,285,-0.6865380508238,-0.0178604400173019,-0.12057595430857165,-0.1327561746406323,0.01218022033206065,285,285,BBOX_EXTRAPOLATION,-0.06666318769466237,0.07884340802672302
LOBO_height_band,high_36_40_46,B2,obs_36mm/rank3,obs_36mm,36.0,36.0,3,286,0.11127308164020999,-0.0455703978373282,-0.05989100022381755,-0.13501030697185876,0.0751193067480412,286,286,BBOX_EXTRAPOLATION,-0.0059782336099082406,0.08109754035794943
LOBO_height_band,high_36_40_46,B2,obs_36mm/rank4,obs_36mm,36.0,36.0,4,321,1.00948931774781,-0.0651431808725149,-0.11896859712659688,-0.13660179847157863,0.017633201344981735,321,321,BBOX_EXTRAPOLATION,-0.06505583051268757,0.0826890318576693
LOBO_height_band,high_36_40_46,B2,obs_36mm/rank5,obs_36mm,36.0,36.0,5,317,1.83957005734543,-0.0830625130938711,-0.1454844161135448,-0.1380371638676218,-0.007447252245923011,317,317,BBOX_EXTRAPOLATION,-0.0915716494996355,0.0841243972537125
LOBO_height_band,high_36_40_46,B2,obs_40mm/rank1,obs_40mm,40.0,40.0,1,209,-1.47491847763995,-0.171322047261236,-0.08948260628230172,-0.14515958485785807,0.05567697857555637,209,209,BBOX_EXTRAPOLATION,-0.03556983966839242,0.09124681824394879
LOBO_height_band,high_36_40_46,B2,obs_40mm/rank2,obs_40mm,40.0,40.0,2,342,-1.006741367269935,-0.175694777328709,-0.09081367507939357,-0.14552378631992968,0.054710111240536125,342,342,BBOX_EXTRAPOLATION,-0.036900908465484265,0.0916110197060204
LOBO_height_band,high_36_40_46,B2,obs_40mm/rank3,obs_40mm,40.0,40.0,3,277,-0.179362120015705,-0.204747505308568,-0.07343035600605043,-0.14786057682794146,0.074430220821891,277,277,BBOX_EXTRAPOLATION,-0.019517589392141127,0.09394781021403213
LOBO_height_band,high_36_40_46,B2,obs_40mm/rank4,obs_40mm,40.0,40.0,4,296,0.781877353357439,-0.227701770950149,-0.07426768246980651,-0.14971961869661715,0.07545193622681061,296,296,BBOX_EXTRAPOLATION,-0.020354915855897212,0.09580685208270782
LOBO_height_band,high_36_40_46,B2,obs_40mm/rank5,obs_40mm,40.0,40.0,5,314,1.77340084275212,-0.249805803628014,-0.13744884683507497,-0.15149600792131698,0.014047161086242025,314,314,BBOX_EXTRAPOLATION,-0.08353608022116565,0.09758324130740768
LOBO_height_band,high_36_40_46,B2,obs_46mm/rank1,obs_46mm,46.0,46.0,1,306,-1.5634484990189401,-0.421113483221246,-0.1289916855481588,-0.1653324012092583,0.036340715661099504,306,306,BBOX_EXTRAPOLATION,-0.07507891893424948,0.11141963459534898
LOBO_height_band,high_36_40_46,B2,obs_46mm/rank2,obs_46mm,46.0,46.0,2,334,-0.911343594370997,-0.42684683215195995,-0.13567246909563102,-0.16579791128813576,0.030125442192504685,334,334,BBOX_EXTRAPOLATION,-0.08175970248172174,0.11188514467422642
LOBO_height_band,high_36_40_46,B2,obs_46mm/rank3,obs_46mm,46.0,46.0,3,305,0.250074412146889,-0.464867624746856,-0.10401412147723794,-0.1688607530355499,0.06484663155831197,305,305,BBOX_EXTRAPOLATION,-0.05010135486332864,0.11494798642164061
LOBO_height_band,high_36_40_46,B2,obs_46mm/rank4,obs_46mm,46.0,46.0,4,208,1.1279993678110252,-0.486190621440112,-0.10594850134081855,-0.170564092181796,0.06461559084097744,208,208,BBOX_EXTRAPOLATION,-0.05203573472690925,0.11665132556788668
LOBO_height_band,high_36_40_46,B2,obs_46mm/rank5,obs_46mm,46.0,46.0,5,306,1.75338276095219,-0.4999961045174715,-0.11511910618503841,-0.17169490584343425,0.05657579965839582,306,306,BBOX_EXTRAPOLATION,-0.061206339571129094,0.11778213922952491
LOBO_height_band,high_36_40_46,S0,obs_36mm/rank1,obs_36mm,36.0,36.0,1,252,-1.4820346874685,-0.004467893668432315,-0.07394823639818404,-0.11056315575536965,0.03661491935718562,252,252,BBOX_EXTRAPOLATION,-0.020035469784274732,0.05665038914146035
LOBO_height_band,high_36_40_46,S0,obs_36mm/rank2,obs_36mm,36.0,36.0,2,285,-0.6865380508238,-0.0178604400173019,-0.12057595430857165,-0.11908396606151261,-0.0014919882470590476,285,285,BBOX_EXTRAPOLATION,-0.06666318769466237,0.06517119944760331
LOBO_height_band,high_36_40_46,S0,obs_36mm/rank3,obs_36mm,36.0,36.0,3,286,0.11127308164020999,-0.0455703978373282,-0.05989100022381755,-0.1287662236770074,0.06887522345318987,286,286,BBOX_EXTRAPOLATION,-0.0059782336099082406,0.07485345706309811
LOBO_height_band,high_36_40_46,S0,obs_36mm/rank4,obs_36mm,36.0,36.0,4,321,1.00948931774781,-0.0651431808725149,-0.11896859712659688,-0.1387299417774594,0.01976134465086252,321,321,BBOX_EXTRAPOLATION,-0.06505583051268757,0.08481717516355008
LOBO_height_band,high_36_40_46,S0,obs_36mm/rank5,obs_36mm,36.0,36.0,5,317,1.83957005734543,-0.0830625130938711,-0.1454844161135448,-0.14789426828683272,0.0024098521732879062,317,317,BBOX_EXTRAPOLATION,-0.0915716494996355,0.0939815016729234
LOBO_height_band,high_36_40_46,S0,obs_40mm/rank1,obs_40mm,40.0,40.0,1,209,-1.47491847763995,-0.171322047261236,-0.08948260628230172,-0.1234040919062101,0.03392148562390837,209,209,BBOX_EXTRAPOLATION,-0.03556983966839242,0.06949132529230079
LOBO_height_band,high_36_40_46,S0,obs_40mm/rank2,obs_40mm,40.0,40.0,2,342,-1.006741367269935,-0.175694777328709,-0.09081367507939357,-0.12816573726572625,0.037352062186332656,342,342,BBOX_EXTRAPOLATION,-0.036900908465484265,0.07425297065181692
LOBO_height_band,high_36_40_46,S0,obs_40mm/rank3,obs_40mm,40.0,40.0,3,277,-0.179362120015705,-0.204747505308568,-0.07343035600605043,-0.13816594474982077,0.06473558874377035,277,277,BBOX_EXTRAPOLATION,-0.019517589392141127,0.08425317813591147
LOBO_height_band,high_36_40_46,S0,obs_40mm/rank4,obs_40mm,40.0,40.0,4,296,0.781877353357439,-0.227701770950149,-0.07426768246980651,-0.14900705216938642,0.0747393696995799,296,296,BBOX_EXTRAPOLATION,-0.020354915855897212,0.09509428555547711
LOBO_height_band,high_36_40_46,S0,obs_40mm/rank5,obs_40mm,40.0,40.0,5,314,1.77340084275212,-0.249805803628014,-0.13744884683507497,-0.15999478906146364,0.02254594222638868,314,314,BBOX_EXTRAPOLATION,-0.08353608022116565,0.10608202244755434
LOBO_height_band,high_36_40_46,S0,obs_46mm/rank1,obs_46mm,46.0,46.0,1,306,-1.5634484990189401,-0.421113483221246,-0.1289916855481588,-0.14167296044024774,0.012681274892088942,306,306,BBOX_EXTRAPOLATION,-0.07507891893424948,0.08776019382633841
LOBO_height_band,high_36_40_46,S0,obs_46mm/rank2,obs_46mm,46.0,46.0,2,334,-0.911343594370997,-0.42684683215195995,-0.13567246909563102,-0.14826300626809175,0.012590537172460737,334,334,BBOX_EXTRAPOLATION,-0.08175970248172174,0.09435023965418247
LOBO_height_band,high_36_40_46,S0,obs_46mm/rank3,obs_46mm,46.0,46.0,3,305,0.250074412146889,-0.464867624746856,-0.10401412147723794,-0.16210284232663572,0.058088720849397764,305,305,BBOX_EXTRAPOLATION,-0.05010135486332864,0.1081900757127264
LOBO_height_band,high_36_40_46,S0,obs_46mm/rank4,obs_46mm,46.0,46.0,4,208,1.1279993678110252,-0.486190621440112,-0.10594850134081855,-0.1719393316168129,0.06599083027599438,208,208,BBOX_EXTRAPOLATION,-0.05203573472690925,0.11802656500290362
LOBO_height_band,high_36_40_46,S0,obs_46mm/rank5,obs_46mm,46.0,46.0,5,306,1.75338276095219,-0.4999961045174715,-0.11511910618503841,-0.17897608338456655,0.06385697719952817,306,306,BBOX_EXTRAPOLATION,-0.061206339571129094,0.12506331677065727
strict_50mm_validation,height_50mm_strict_heldout,B0,obs_50mm/rank1,obs_50mm,50.0,50.0,1,234,-1.532740451607585,-0.5866137833624895,-0.08862172955099155,-0.07130744287030863,-0.01731428668068294,234,234,BBOX_EXTRAPOLATION,-0.01731428668068294,0.0
strict_50mm_validation,height_50mm_strict_heldout,B0,obs_50mm/rank2,obs_50mm,50.0,50.0,2,237,-0.864362356734008,-0.593645300453705,-0.13318927912833858,-0.07130744287030863,-0.061881836258029975,237,237,BBOX_EXTRAPOLATION,-0.061881836258029975,0.0
strict_50mm_validation,height_50mm_strict_heldout,B0,obs_50mm/rank3,obs_50mm,50.0,50.0,3,190,0.0188809272514493,-0.6232948338251765,-0.062331704914058074,-0.07130744287030862,0.00897573795625054,190,190,BBOX_EXTRAPOLATION,0.00897573795625054,0.0
strict_50mm_validation,height_50mm_strict_heldout,B0,obs_50mm/rank4,obs_50mm,50.0,50.0,4,218,1.197577665810235,-0.6504776679992585,-0.11225258916285263,-0.07130744287030863,-0.040945146292544005,218,218,BBOX_EXTRAPOLATION,-0.040945146292544005,0.0
strict_50mm_validation,height_50mm_strict_heldout,B0,obs_50mm/rank5,obs_50mm,50.0,50.0,5,221,1.78701008684216,-0.663254951066795,-0.12473249514279297,-0.07130744287030863,-0.053425052272484355,221,221,BBOX_EXTRAPOLATION,-0.053425052272484355,0.0
strict_50mm_validation,height_50mm_strict_heldout,B1,obs_50mm/rank1,obs_50mm,50.0,50.0,1,234,-1.532740451607585,-0.5866137833624895,-0.08862172955099155,-0.05413943206994985,-0.034482297481041695,234,234,BBOX_EXTRAPOLATION,-0.01731428668068294,-0.017168010800358756
strict_50mm_validation,height_50mm_strict_heldout,B1,obs_50mm/rank2,obs_50mm,50.0,50.0,2,237,-0.864362356734008,-0.593645300453705,-0.13318927912833858,-0.06061218605236727,-0.07257709307597132,237,237,BBOX_EXTRAPOLATION,-0.061881836258029975,-0.010695256817941347
strict_50mm_validation,height_50mm_strict_heldout,B1,obs_50mm/rank3,obs_50mm,50.0,50.0,3,190,0.0188809272514493,-0.6232948338251765,-0.062331704914058074,-0.06916928721477965,0.006837582300721568,190,190,BBOX_EXTRAPOLATION,0.00897573795625054,-0.0021381556555289715
strict_50mm_validation,height_50mm_strict_heldout,B1,obs_50mm/rank4,obs_50mm,50.0,50.0,4,218,1.197577665810235,-0.6504776679992585,-0.11225258916285263,-0.08057906292268166,-0.031673526240170974,218,218,BBOX_EXTRAPOLATION,-0.040945146292544005,0.00927162005237303
strict_50mm_validation,height_50mm_strict_heldout,B1,obs_50mm/rank5,obs_50mm,50.0,50.0,5,221,1.78701008684216,-0.663254951066795,-0.12473249514279297,-0.08631404182492149,-0.03841845331787149,221,221,BBOX_EXTRAPOLATION,-0.053425052272484355,0.015006598954612864
strict_50mm_validation,height_50mm_strict_heldout,B2,obs_50mm/rank1,obs_50mm,50.0,50.0,1,234,-1.532740451607585,-0.5866137833624895,-0.08862172955099155,-0.13194262437020168,0.043320894819210136,234,234,BBOX_EXTRAPOLATION,-0.01731428668068294,0.060635181499893075
strict_50mm_validation,height_50mm_strict_heldout,B2,obs_50mm/rank2,obs_50mm,50.0,50.0,2,237,-0.864362356734008,-0.593645300453705,-0.13318927912833858,-0.13230867442212518,-0.0008806047062133902,237,237,BBOX_EXTRAPOLATION,-0.061881836258029975,0.06100123155181658
strict_50mm_validation,height_50mm_strict_heldout,B2,obs_50mm/rank3,obs_50mm,50.0,50.0,3,190,0.0188809272514493,-0.6232948338251765,-0.062331704914058074,-0.13388875385733887,0.07155704894328078,190,190,BBOX_EXTRAPOLATION,0.00897573795625054,0.06258131098703025
strict_50mm_validation,height_50mm_strict_heldout,B2,obs_50mm/rank4,obs_50mm,50.0,50.0,4,218,1.197577665810235,-0.6504776679992585,-0.11225258916285263,-0.13533813379826254,0.02308554463540992,218,218,BBOX_EXTRAPOLATION,-0.040945146292544005,0.06403069092795392
strict_50mm_validation,height_50mm_strict_heldout,B2,obs_50mm/rank5,obs_50mm,50.0,50.0,5,221,1.78701008684216,-0.663254951066795,-0.12473249514279297,-0.13602222377082818,0.011289728628035234,221,221,BBOX_EXTRAPOLATION,-0.053425052272484355,0.06471478090051959
strict_50mm_validation,height_50mm_strict_heldout,S0,obs_50mm/rank1,obs_50mm,50.0,50.0,1,234,-1.532740451607585,-0.5866137833624895,-0.08862172955099155,-0.11509246879363064,0.026470739242639083,234,234,BBOX_EXTRAPOLATION,-0.01731428668068294,0.04378502592332202
strict_50mm_validation,height_50mm_strict_heldout,S0,obs_50mm/rank2,obs_50mm,50.0,50.0,2,237,-0.864362356734008,-0.593645300453705,-0.13318927912833858,-0.12173175787576583,-0.011457521252572754,237,237,BBOX_EXTRAPOLATION,-0.061881836258029975,0.05042431500545722
strict_50mm_validation,height_50mm_strict_heldout,S0,obs_50mm/rank3,obs_50mm,50.0,50.0,3,190,0.0188809272514493,-0.6232948338251765,-0.062331704914058074,-0.13160141583908136,0.06926971092502329,190,190,BBOX_EXTRAPOLATION,0.00897573795625054,0.06029397296877275
strict_50mm_validation,height_50mm_strict_heldout,S0,obs_50mm/rank4,obs_50mm,50.0,50.0,4,218,1.197577665810235,-0.6504776679992585,-0.11225258916285263,-0.14410612028836706,0.03185353112551443,218,218,BBOX_EXTRAPOLATION,-0.040945146292544005,0.07279867741805843
strict_50mm_validation,height_50mm_strict_heldout,S0,obs_50mm/rank5,obs_50mm,50.0,50.0,5,221,1.78701008684216,-0.663254951066795,-0.12473249514279297,-0.15034718115086118,0.025614686008068207,221,221,BBOX_EXTRAPOLATION,-0.053425052272484355,0.07903973828055257
