u,v,xn,yn,s_raw,s_used,c1_clamped,lambda_c0,delta_lambda,lambda_final,c0_valid,c1_valid,status,c0_filter_reason,c1_filter_reason,c0_stable
2166.98822643515,0,0.013210039119868,-0.206089931608192,-0.192586479653451,-0.192365407198467,True,,0.231422113684382,,False,False,invalid_both,no_valid_intersection,no_valid_intersection,False
2166.96190908179,1,0.01320640477943,-0.205953364695169,-0.192449891774763,-0.192365407198467,True,,0.231422113684382,,False,False,invalid_both,no_valid_intersection,no_valid_intersection,False
2166.93559668958,2,0.0132027711400313,-0.205816798117064,-0.192313304235601,-0.192313304235601,False,,0.231098651007913,,False,False,invalid_both,no_valid_intersection,no_valid_intersection,False
2166.92794717103,4,0.0132016340721363,-0.205543668090851,-0.19204017264229,-0.19204017264229,False,,0.229406495778629,,False,False,invalid_both,no_valid_intersection,no_valid_intersection,False
2166.9454184249,5,0.0132039682072022,-0.20540710458662,-0.191903627462703,-0.191903627462703,False,,0.228562739051186,,False,False,invalid_both,no_valid_intersection,no_valid_intersection,False
2166.96244231984,6,0.0132062413740475,-0.205270541397548,-0.191767082196915,-0.191767082196915,False,,0.227720442660692,,False,False,invalid_both,no_valid_intersection,no_valid_intersection,False
2166.95354163647,7,0.0132049810395172,-0.205133977322461,-0.191630512784147,-0.191630512784147,False,,0.226879457757243,,False,False,invalid_both,no_valid_intersection,no_valid_intersection,False
2166.90878656507,8,0.0131988337934934,-0.204997411895113,-0.191493909848682,-0.191493909848682,False,,0.226039726713582,,False,False,invalid_both,no_valid_intersection,no_valid_intersection,False
2166.6761212945,11,0.0131669804545338,-0.204587713027413,-0.191084010168328,-0.191084010168328,False,,0.223528732994961,,False,False,invalid_both,no_valid_intersection,no_valid_intersection,False
2166.77384075522,14,0.0131801583349895,-0.204178032788104,-0.190674425555788,-0.190674425555788,False,,0.22103277482412,,False,False,invalid_both,no_valid_intersection,no_valid_intersection,False
2166.77251131833,15,0.0131799301128193,-0.204041471797838,-0.190537866022153,-0.190537866022153,False,,0.220203506081937,,False,False,invalid_both,no_valid_intersection,no_valid_intersection,False
2166.68798899651,16,0.0131683629112402,-0.203904907241449,-0.190401228278145,-0.190401228278145,False,,0.219375216654515,,False,False,invalid_both,no_valid_intersection,no_valid_intersection,False
2166.61542382836,17,0.0131584254893096,-0.203768343594934,-0.190264602172806,-0.190264602172806,False,,0.218548451445928,,False,False,invalid_both,no_valid_intersection,no_valid_intersection,False
2166.61754593253,18,0.0131586677796593,-0.203631783802452,-0.190128046934305,-0.190128046934305,False,,0.217723566729582,,False,False,invalid_both,no_valid_intersection,no_valid_intersection,False
2166.65222761035,19,0.0131633478560685,-0.203495225883949,-0.189991522783621,-0.189991522783621,False,,0.216900319771528,,False,False,invalid_both,no_valid_intersection,no_valid_intersection,False
2166.69267559052,20,0.0131688138611657,-0.20335866858185,-0.189855004423085,-0.189855004423085,False,,0.216078556621896,,False,False,invalid_both,no_valid_intersection,no_valid_intersection,False
2166.72811064124,21,0.0131735966187915,-0.203222111390899,-0.189718481675886,-0.189718481675886,False,,0.215258215183479,,False,False,invalid_both,no_valid_intersection,no_valid_intersection,False
2166.72966822982,22,0.0131737620004108,-0.203085552957725,-0.189581927290374,-0.189581927290374,False,,0.214439131462483,,False,False,invalid_both,no_valid_intersection,no_valid_intersection,False
2166.6794872582,23,0.0131668756279202,-0.202948992446985,-0.189445324405754,-0.189445324405754,False,,0.213621204781481,,False,False,invalid_both,no_valid_intersection,no_valid_intersection,False
2166.43709337711,26,0.0131336978498745,-0.202539308726379,-0.189035431153404,-0.189035431153404,False,,0.21117560238696,,False,False,invalid_both,no_valid_intersection,no_valid_intersection,False
2166.4885725975,28,0.0131406206750037,-0.202266197981465,-0.188762371899126,-0.188762371899126,False,,0.20955363297111,,False,False,invalid_both,no_valid_intersection,no_valid_intersection,False
2166.48937129974,29,0.013140682775095,-0.202129641970468,-0.18862581925584,-0.18862581925584,False,,0.208744675070183,,False,False,invalid_both,no_valid_intersection,no_valid_intersection,False
2166.53161469102,30,0.0131463935809357,-0.201993088250209,-0.188489306088584,-0.188489306088584,False,,0.207937391827731,,False,False,invalid_both,no_valid_intersection,no_valid_intersection,False
2166.53448623419,31,0.0131467382182373,-0.201856533042749,-0.188352756108755,-0.188352756108755,False,,0.207131331245299,,False,False,invalid_both,no_valid_intersection,no_valid_intersection,False
2166.46152251959,33,0.0131367002642726,-0.201583420016559,-0.188079582920703,-0.188079582920703,False,,0.205523098119114,,False,False,invalid_both,no_valid_intersection,no_valid_intersection,False
2166.5025357008,34,0.0131422434301851,-0.201446867656464,-0.187943070010012,-0.187943070010012,False,,0.204721572507296,,False,False,invalid_both,no_valid_intersection,no_valid_intersection,False
2166.50053578615,35,0.0131419241823969,-0.2013103136445,-0.187806516855307,-0.187806516855307,False,,0.203921247742264,,False,False,invalid_both,no_valid_intersection,no_valid_intersection,False
2166.45806109905,36,0.0131360885048279,-0.201173758101726,-0.187669925855253,-0.187669925855253,False,,0.203122138298154,,False,False,invalid_both,no_valid_intersection,no_valid_intersection,False
2166.41457608342,37,0.0131301151594478,-0.201037202871472,-0.187533334261448,-0.187533334261448,False,,0.202324461900273,,False,False,invalid_both,no_valid_intersection,no_valid_intersection,False
2166.4011913538,40,0.0131281511407152,-0.200627544796276,-0.18712367213365,-0.18712367213365,False,,0.199940697410818,,False,False,invalid_both,no_valid_intersection,no_valid_intersection,False
2166.32407975197,41,0.0131175948577022,-0.200490989443252,-0.186987050247669,-0.186987050247669,False,,0.199148582277333,,False,False,invalid_both,no_valid_intersection,no_valid_intersection,False
2166.19722698629,44,0.013100166335543,-0.200081330429827,-0.186577285379074,-0.186577285379074,False,,0.196781412699238,,False,False,invalid_both,no_valid_intersection,no_valid_intersection,False
2166.21937096119,45,0.0131031379159954,-0.199944781146961,-0.186440758616837,-0.186440758616837,False,,0.195995570918351,,False,False,invalid_both,no_valid_intersection,no_valid_intersection,False
2166.21279765666,46,0.013102195587016,-0.199808230893533,-0.186304205118854,-0.186304205118854,False,,0.195211003477288,,False,False,invalid_both,no_valid_intersection,no_valid_intersection,False
2166.14566960931,47,0.0130930002040764,-0.199671678193885,-0.186167594844975,-0.186167594844975,False,,0.194427538273548,,False,False,invalid_both,no_valid_intersection,no_valid_intersection,False
2165.93857803568,49,0.0130646827756122,-0.199398570523946,-0.185894306679558,-0.185894306679558,False,,0.192864504791095,,False,False,invalid_both,no_valid_intersection,no_valid_intersection,False
2165.8948244676,50,0.0130586732590894,-0.199262020015146,-0.185757719568991,-0.185757719568991,False,,0.192085453601595,,False,False,invalid_both,no_valid_intersection,no_valid_intersection,False
2165.93772299588,52,0.0130644273187166,-0.19898892613912,-0.185484669489269,-0.185484669489269,False,,0.190532330189046,,False,False,invalid_both,no_valid_intersection,no_valid_intersection,False
2165.94088124111,53,0.0130648114791088,-0.198852378905798,-0.185348127743585,-0.185348127743585,False,,0.189757807301701,,False,False,invalid_both,no_valid_intersection,no_valid_intersection,False
2165.9473358281,54,0.0130656449110384,-0.198715832193709,-0.185211589476671,-0.185211589476671,False,,0.188984725682101,,False,False,invalid_both,no_valid_intersection,no_valid_intersection,False
2166.07586390525,56,0.0130830694206885,-0.198442745224627,-0.184938623130138,-0.184938623130138,False,,0.187443444743888,,False,False,invalid_both,no_valid_intersection,no_valid_intersection,False
2166.07490765303,58,0.0130828466260613,-0.198169653746576,-0.184665536102801,-0.184665536102801,False,,0.185907157843363,,False,False,invalid_both,no_valid_intersection,no_valid_intersection,False
2165.92828343064,62,0.013062678770996,-0.197623468580998,-0.184119230007326,-0.184119230007326,False,,0.182850852066235,,False,False,invalid_both,no_valid_intersection,no_valid_intersection,False
2165.66071301699,72,0.0130257523024343,-0.196258036603233,-0.182753584529472,-0.182753584529472,False,,0.175309675558672,,False,False,invalid_both,no_valid_intersection,no_valid_intersection,False
2165.84200333059,73,0.0130504136629694,-0.196121505044635,-0.182617218274609,-0.182617218274609,False,,0.174564390082179,,False,False,invalid_both,no_valid_intersection,no_valid_intersection,False
2166.08027046174,74,0.0130828400755092,-0.195984976486532,-0.182480906137393,-0.182480906137393,False,,0.173820801188551,,False,False,invalid_both,no_valid_intersection,no_valid_intersection,False
2132.85780623555,75,0.00855511615650593,-0.195847027256644,-0.182313153959594,-0.182313153959594,False,712.949246860458,0.172907626577799,713.122154487036,True,True,common,valid,valid,True
2132.78467898071,76,0.00854511131233922,-0.195710486225751,-0.182176550025548,-0.182176550025548,False,712.931051619728,0.172165575271072,713.103217194999,True,True,common,valid,valid,True
2132.86382679641,77,0.00855585882509492,-0.195573951503362,-0.182040089012315,-0.182040089012315,False,712.96129816776,0.17142570202668,713.132723869787,True,True,common,valid,valid,True
2132.95866745338,78,0.00856874496627998,-0.195437417774287,-0.181903643070933,-0.181903643070933,False,712.996538997234,0.170687310415712,713.167226307649,True,True,common,valid,valid,True
2132.93301539868,79,0.00856521018021534,-0.195300879742159,-0.18176708472788,-0.18176708472788,False,712.993442399135,0.169949711283861,713.163392110418,True,True,common,valid,valid,True
2132.92974753678,80,0.00856472596454026,-0.195164342966287,-0.181630547722913,-0.181630547722913,False,712.997466552266,0.169213627590921,713.166680179857,True,True,common,valid,valid,True
2132.97439466417,81,0.00857077166465361,-0.195027808438,-0.181494055951817,-0.181494055951817,False,713.016735371229,0.168479186321323,713.18521455755,True,True,common,valid,valid,True
2133.04331281781,82,0.00858012503524513,-0.194891275238042,-0.181357587283367,-0.181357587283367,False,713.043727307339,0.167746266524603,713.211473573864,True,True,common,valid,valid,True
2133.07464820892,83,0.00858435659755003,-0.194754740963811,-0.18122108382388,-0.18122108382388,False,713.058759744796,0.167014556640246,713.225774301436,True,True,common,valid,valid,True
2132.99483590759,84,0.00857344092750559,-0.194618202761539,-0.181084476722441,-0.181084476722441,False,713.038421025853,0.166283688909854,713.204704714763,True,True,common,valid,valid,True
2132.88253111392,85,0.00855809723105104,-0.194481663691804,-0.180947839603926,-0.180947839603926,False,713.007743225866,0.165554058470995,713.173297284337,True,True,common,valid,valid,True
2132.76482395828,86,0.00854201736762764,-0.194345124808173,-0.180811197825337,-0.180811197825337,False,712.975347810816,0.164825800441743,713.140173611258,True,True,common,valid,valid,True
2132.65983510017,87,0.0085276708169263,-0.194208586812877,-0.180674568345434,-0.180674568345434,False,712.947000002179,0.164099004271588,713.111099006451,True,True,common,valid,valid,True
2132.62620291114,88,0.00852304877118265,-0.19407205197164,-0.180538006035789,-0.180538006035789,False,712.941353016288,0.16337395981264,713.104726976101,True,True,common,valid,valid,True
2132.65717381239,89,0.00852723081238916,-0.193935520018748,-0.180401504571594,-0.180401504571594,False,712.95625724118,0.162650630708183,713.118907871888,True,True,common,valid,valid,True
2132.70056518912,90,0.00853310550743276,-0.193798988935915,-0.180265015120155,-0.180265015120155,False,712.975112448211,0.161928756260478,713.137041204472,True,True,common,valid,valid,True
2132.71840414405,91,0.008535497949545,-0.193662457256394,-0.180128502148423,-0.180128502148423,False,712.985837229873,0.161208147899972,713.147045377773,True,True,common,valid,valid,True
2132.70494312048,92,0.00853362488624822,-0.193525924759877,-0.179991960279955,-0.179991960279955,False,712.986602135867,0.160488777230718,713.147090913098,True,True,common,valid,valid,True
2132.68396750093,93,0.00853072776958601,-0.19338939236655,-0.179855411773348,-0.179855411773348,False,712.984974785938,0.159770761248224,713.144745547187,True,True,common,valid,valid,True
2132.65086817741,94,0.00852617848387683,-0.193252859899718,-0.179718852317035,-0.179718852317035,False,712.979488745695,0.159054076732554,713.138542822427,True,True,common,valid,valid,True
2132.56480187178,95,0.00851441100111295,-0.193116325787115,-0.179582243697705,-0.179582243697705,False,712.957149828324,0.158338523234383,713.115488351559,True,True,common,valid,valid,True
2132.49046379328,96,0.00850424186844666,-0.192979792524824,-0.179445646450584,-0.179445646450584,False,712.938541991467,0.157624417594962,713.096166409062,True,True,common,valid,valid,True
2132.39923006296,97,0.00849177028889525,-0.19284325901138,-0.179309033795342,-0.179309033795342,False,712.914559041182,0.156911619055325,713.071470660237,True,True,common,valid,valid,True
2132.4060100019,98,0.00849265579830557,-0.192706729664881,-0.179172513236466,-0.179172513236466,False,712.921754646035,0.156200686552412,713.077955332587,True,True,common,valid,valid,True
2132.45997491479,99,0.00849997155064645,-0.192570202527314,-0.179036037216665,-0.179036037216665,False,712.943959971408,0.155491369535573,713.099451340944,True,True,common,valid,valid,True
2132.50669813156,100,0.00850630042262985,-0.192433675506636,-0.178899554817132,-0.178899554817132,False,712.963861382,0.154783401964861,713.118644783965,True,True,common,valid,valid,True
2132.64687991142,101,0.00852536550991518,-0.192297152473171,-0.178763160247036,-0.178763160247036,False,713.013499581183,0.154077270474293,713.167576851657,True,True,common,valid,valid,True
2132.60946652293,102,0.00852022852367389,-0.19216062301126,-0.178626599926755,-0.178626599926755,False,713.006629722592,0.153371662618327,713.16000138521,True,True,common,valid,valid,True
2132.48041349649,103,0.00850260327019955,-0.19202409043217,-0.17848995427929,-0.17848995427929,False,712.970601431501,0.152666996937708,713.123268428439,True,True,common,valid,valid,True
2132.29403725266,104,0.00847716631387309,-0.191887556063359,-0.178353255417824,-0.178353255417824,False,712.916339625567,0.151963440321352,713.068303065888,True,True,common,valid,valid,True
2132.18506650627,105,0.00846227794833702,-0.19175102506923,-0.178216629372178,-0.178216629372178,False,712.886705334738,0.15126164029881,713.037966975036,True,True,common,valid,valid,True
2132.18660528958,106,0.00846244939171075,-0.191614498707002,-0.178080107096822,-0.178080107096822,False,712.892222570562,0.150561752377143,713.042784322939,True,True,common,valid,valid,True
2132.2074958384,107,0.0084652580201934,-0.191477973484814,-0.177943603322032,-0.177943603322032,False,712.903894357623,0.149863336748463,713.053757694371,True,True,common,valid,valid,True
2132.1959015429,108,0.00846363978205658,-0.191341447421036,-0.177807069563674,-0.177807069563674,False,712.905231503597,0.149166144703344,713.0543976483,True,True,common,valid,valid,True
2132.15743932128,109,0.0084583601429746,-0.191204920732681,-0.177670511077807,-0.177670511077807,False,712.898020593806,0.148470203092258,713.046490796898,True,True,common,valid,valid,True
2132.0979385078,110,0.0084502135109275,-0.191068393644818,-0.177533933319071,-0.177533933319071,False,712.884116340409,0.147775539561993,713.031891879971,True,True,common,valid,valid,True
2132.05279327929,111,0.00844402322180828,-0.190931867509483,-0.177397369391417,-0.177397369391417,False,712.874777430075,0.147082321751491,713.021859751827,True,True,common,valid,valid,True
2132.07843798399,112,0.00844747981454513,-0.190795344477042,-0.177260872071863,-0.177260872071863,False,712.887954269418,0.146390815533099,713.034345084951,True,True,common,valid,valid,True
2132.18352019787,113,0.00846176168476666,-0.190658824875044,-0.177124449445315,-0.177124449445315,False,712.926400352172,0.145701058918296,713.07210141109,True,True,common,valid,valid,True
2132.33209243417,114,0.00848197008181784,-0.190522307333871,-0.176988067893783,-0.176988067893783,False,712.978686178759,0.145012879374363,713.123699058133,True,True,common,valid,valid,True
2132.41155138612,115,0.00849276011671593,-0.190385787559943,-0.176851622108609,-0.176851622108609,False,713.0089860072,0.144325745049499,713.153311752249,True,True,common,valid,valid,True
2132.39627975225,116,0.00849064087455035,-0.190249264577468,-0.176715088133387,-0.176715088133387,False,713.009142845023,0.143639536779898,713.152782381803,True,True,common,valid,valid,True
2132.34587424994,117,0.00848373385178318,-0.190112740662556,-0.17657852170786,-0.17657852170786,False,712.998119018121,0.142954535708545,713.14107355383,True,True,common,valid,valid,True
2132.33133941889,118,0.00848171507245629,-0.189976218521153,-0.176441989235037,-0.176441989235037,False,712.998507617227,0.142271074065867,713.140778691292,True,True,common,valid,valid,True
2132.3648070097,119,0.00848623774112893,-0.189839698613165,-0.176305502057831,-0.176305502057831,False,713.014169034916,0.141589206624976,713.155758241541,True,True,common,valid,valid,True
2132.35018259287,120,0.00848420679196796,-0.189703177281565,-0.176168970314679,-0.176168970314679,False,713.014526491078,0.140908483625151,713.155434974703,True,True,common,valid,valid,True
2132.28076925874,121,0.0084747096520766,-0.189566654275407,-0.176032387747187,-0.176032387747187,False,712.997449021103,0.140228874479224,713.137677895583,True,True,common,valid,valid,True
2132.21388474107,122,0.00846555716735792,-0.189430131776593,-0.175895807955886,-0.175895807955886,False,712.981175595489,0.139550645797668,713.120726241287,True,True,common,valid,valid,True
2132.16929066181,123,0.00845944229041394,-0.189293610535137,-0.175759249418442,-0.175759249418442,False,712.971993534318,0.138873888159261,713.110867422477,True,True,common,valid,valid,True
2132.10958957672,124,0.00845126879321436,-0.189157089131746,-0.175622677167201,-0.175622677167201,False,712.958003967869,0.138198427340901,713.09620239521,True,True,common,valid,valid,True
2132.01573067531,125,0.00843844060331742,-0.189020566846752,-0.175486073392606,-0.175486073392606,False,712.93314670352,0.137524175120537,713.070670878641,True,True,common,valid,valid,True
2131.90325456113,126,0.00842307548097952,-0.188884044272451,-0.175349452628122,-0.175349452628122,False,712.902367471456,0.136851203141909,713.039218674598,True,True,common,valid,valid,True
2131.84234595299,127,0.00841473758363056,-0.188747524064166,-0.175212880489717,-0.175212880489717,False,712.88799239247,0.136179833327528,713.024172225798,True,True,common,valid,valid,True
2131.85683010519,128,0.00841667356506647,-0.188611007117745,-0.175076379245892,-0.175076379245892,False,712.897598349001,0.135510172541465,713.033108521543,True,True,common,valid,valid,True
2131.87981694937,129,0.00841976822583028,-0.188474490903211,-0.174939886361506,-0.174939886361506,False,712.909908051916,0.13484191199219,713.044749963908,True,True,common,valid,valid,True
2131.90894519538,130,0.00842369978658997,-0.188337975331541,-0.17480339962927,-0.17480339962927,False,712.924170593547,0.134175039840513,713.058345633387,True,True,common,valid,valid,True
2131.96862952784,131,0.00843179523773577,-0.188201461324673,-0.17466694187263,-0.17466694187263,False,712.948153592679,0.133509666261816,713.08166325894,True,True,common,valid,valid,True
2132.04105242714,132,0.00844162656680855,-0.188064948209902,-0.174530496435323,-0.174530496435323,False,712.97618991412,0.13284570860853,713.109035622729,True,True,common,valid,valid,True
2132.08239423484,133,0.00844722246988272,-0.187928434333572,-0.174394022354731,-0.174394022354731,False,712.99433733575,0.132182966980415,713.126520302731,True,True,common,valid,valid,True
2132.07081922889,134,0.00844560742160693,-0.18779191887335,-0.174257499220699,-0.174257499220699,False,712.995646384769,0.13152134260404,713.127167727373,True,True,common,valid,valid,True
2132.00801829156,135,0.00843701187124693,-0.187655401896746,-0.174120928617779,-0.174120928617779,False,712.980654838962,0.130860843779573,713.111515682742,True,True,common,valid,valid,True
2131.90494942665,136,0.0084229290900287,-0.187518883821647,-0.173984320794032,-0.173984320794032,False,712.952850979553,0.130201520513592,713.083052500067,True,True,common,valid,valid,True
2131.80297467113,137,0.0084089954649365,-0.187382366208771,-0.17384771441439,-0.17384771441439,False,712.925395939444,0.12954355913316,713.054939498577,True,True,common,valid,valid,True
2131.73028931022,138,0.0083990531303508,-0.187245850117796,-0.173711135831221,-0.173711135831221,False,712.90725882482,0.128887085311376,713.036145910131,True,True,common,valid,valid,True
2131.63463687897,139,0.00838598115750048,-0.187109333584445,-0.173574536203325,-0.173574536203325,False,712.881815557711,0.12823186337192,713.010047421083,True,True,common,valid,valid,True
2131.53267797828,140,0.00837204987278447,-0.186972817236529,-0.173437931104021,-0.173437931104021,False,712.854366812751,0.127577967591033,712.981944780342,True,True,common,valid,valid,True
2131.58568197489,141,0.00837923514323934,-0.186836307118219,-0.173301471244149,-0.173301471244149,False,712.876207080584,0.12692611649429,713.003133197078,True,True,common,valid,valid,True
2131.60757407546,142,0.00838218085876777,-0.186699796249885,-0.173164982725343,-0.173164982725343,False,712.888150610654,0.126275476846847,713.014426087501,True,True,common,valid,valid,True
2131.74249613285,143,0.00840052890979847,-0.186563290034135,-0.173028600252358,-0.173028600252358,False,712.936050757663,0.125626688824256,713.061677446487,True,True,common,valid,valid,True
2131.85176771879,144,0.00841538159949682,-0.186426783273803,-0.172892194224894,-0.172892194224894,False,712.975794536528,0.124979133866687,713.100773670395,True,True,common,valid,valid,True
2131.92708431929,145,0.0084256073102442,-0.186290275657676,-0.172755756882321,-0.172755756882321,False,713.004736742286,0.124332775129656,713.129069517415,True,True,common,valid,valid,True
2131.94429815188,146,0.00842791551629681,-0.186153766281569,-0.172619265658995,-0.172619265658995,False,713.015190628254,0.123687506155232,713.138878134409,True,True,common,valid,valid,True
2131.87496578693,147,0.00841843035873482,-0.186017254083604,-0.172482693978341,-0.172482693978341,False,712.998103886823,0.123043202471105,713.121147089294,True,True,common,valid,valid,True
2131.77330012619,148,0.00840453930146996,-0.185880741100015,-0.172346092508109,-0.172346092508109,False,712.970728918998,0.122400103924711,713.093129022923,True,True,common,valid,valid,True
2131.71571114659,149,0.00839665447645655,-0.185744230189721,-0.172209532650062,-0.172209532650062,False,712.957377798469,0.121758545672634,713.079136344141,True,True,common,valid,valid,True
2131.68371447921,150,0.00839225706101576,-0.18560772065882,-0.172072997128942,-0.172072997128942,False,712.95216806001,0.121118444765205,713.073286504775,True,True,common,valid,valid,True
2131.61290666461,151,0.00838257104020593,-0.185471210102639,-0.171936425767756,-0.171936425767756,False,712.934609454009,0.120479518435614,713.055088972445,True,True,common,valid,valid,True
2131.55693393946,152,0.00837490658284758,-0.185334700525005,-0.171799868693017,-0.171799868693017,False,712.921769785208,0.119842000693322,713.041611785901,True,True,common,valid,valid,True
2131.54268670082,153,0.00837292791314562,-0.18519819292672,-0.171663351027037,-0.171663351027037,False,712.922203104755,0.119206007214277,713.04140911197,True,True,common,valid,valid,True
2131.44436219335,154,0.00835949245402783,-0.185061682622037,-0.171526755234849,-0.171526755234849,False,712.895888526883,0.118570990192654,713.014459517075,True,True,common,valid,valid,True
2131.37264955044,155,0.00834968332397958,-0.184925173735657,-0.171390184733002,-0.171390184733002,False,712.878039400982,0.117937430359874,712.995976831342,True,True,common,valid,valid,True
2131.29717212915,156,0.00833936123657411,-0.184788665136823,-0.171253611141904,-0.171253611141904,False,712.858992308969,0.117305194917235,712.976297503886,True,True,common,valid,valid,True
2131.28092414141,157,0.0083371100782236,-0.184652159164548,-0.171117093308111,-0.171117093308111,False,712.858783792937,0.116674554690228,712.975458347627,True,True,common,valid,valid,True
2131.31135180593,158,0.00834121917713233,-0.18451565534939,-0.170980619500863,-0.170980619500863,False,712.873420627454,0.116045453207438,712.989466080661,True,True,common,valid,valid,True
2131.34958139062,159,0.00834639140480165,-0.184379152247627,-0.170844153405555,-0.170844153405555,False,712.890538552609,0.115417721495203,713.005956274104,True,True,common,valid,valid,True
2131.41020444036,160,0.0083546150589875,-0.184242650400675,-0.170707708652525,-0.170707708652525,False,712.914779831739,0.114791421010761,713.029571252749,True,True,common,valid,valid,True
2131.47518503666,161,0.00836343248272093,-0.18410614913957,-0.170571268394105,-0.170571268394105,False,712.940407773282,0.114166473227483,713.05457424651,True,True,common,valid,valid,True
2131.45331633091,162,0.00836041549903522,-0.183969645083129,-0.170434747434687,-0.170434747434687,False,712.938404396383,0.113542488217941,713.051946884601,True,True,common,valid,valid,True
2131.52414450049,163,0.00837002973458248,-0.183833144888818,-0.170298313488438,-0.170298313488438,False,712.9658919164,0.112920231631833,713.078812148031,True,True,common,valid,valid,True
2131.55816701055,164,0.00837462870296822,-0.1836966437561,-0.170161845588376,-0.170161845588376,False,712.98166904084,0.11229915016381,713.093968191004,True,True,common,valid,valid,True
2131.57053154707,165,0.00837627649607513,-0.183560142247647,-0.170025357885044,-0.170025357885044,False,712.990554068652,0.11167930818516,713.102233376837,True,True,common,valid,valid,True
2131.4167470932,166,0.00835528438264265,-0.183423635019186,-0.169888715423672,-0.169888715423672,False,712.946573127053,0.111060094550039,713.057633221603,True,True,common,valid,valid,True
2131.3043513,167,0.00833993207907184,-0.183287129758544,-0.169752112056859,-0.169752112056859,False,712.915762750155,0.110442388600152,713.026205138755,True,True,common,valid,valid,True
2131.3015473783,168,0.0083395130856469,-0.183150628978342,-0.169615611476138,-0.169615611476138,False,712.919816549641,0.109826475452947,713.029643025093,True,True,common,valid,valid,True
2131.37729424238,169,0.00834979760867532,-0.18301413152649,-0.169479184684781,-0.169479184684781,False,712.948859693799,0.109212220879067,713.058071914678,True,True,common,valid,valid,True
2131.49381816387,170,0.0083656384792103,-0.182877636007839,-0.169342796403933,-0.169342796403933,False,712.99087865491,0.108599463586551,713.099478118497,True,True,common,valid,valid,True
2131.72019609809,171,0.00839644821744115,-0.182741144975372,-0.169206511148998,-0.169206511148998,False,713.067861845729,0.107988490553451,713.175850336282,True,True,common,valid,valid,True
2131.93243806809,172,0.00842533169540169,-0.182604653852651,-0.169070213123269,-0.169070213123269,False,713.140360260827,0.107378780532974,713.24773904136,True,True,common,valid,valid,True
2132.10418318212,173,0.00844869695102359,-0.182468161663735,-0.168933877704995,-0.168933877704995,False,713.199978380094,0.106770223299507,713.306748603393,True,True,common,valid,valid,True
2132.31451120973,174,0.00847731950756989,-0.182331671333673,-0.168797578754266,-0.168797578754266,False,713.271891208301,0.106163147741622,713.378054356042,True,True,common,valid,valid,True
2132.54582169652,175,0.00850880108807053,-0.182195182213676,-0.168661299834487,-0.168661299834487,False,713.350500099459,0.105557479018626,713.456057578478,True,True,common,valid,valid,True
2132.75239530206,176,0.00853691192855288,-0.182058692610852,-0.168524998242361,-0.168524998242361,False,713.421244196553,0.104953026569035,713.526197223122,True,True,common,valid,valid,True
2132.83953051269,177,0.00854874796252558,-0.181922199012126,-0.168388585517619,-0.168388585517619,False,713.453945613512,0.104349399227312,713.558295012739,True,True,common,valid,valid,True
2132.82132875919,178,0.00854623072876049,-0.18178570194063,-0.168252074832841,-0.168252074832841,False,713.453086702055,0.103746657498429,713.556833359553,True,True,common,valid,valid,True
2132.77409240603,179,0.00853975726390141,-0.18164920422809,-0.168115537463225,-0.168115537463225,False,713.442976146289,0.103145117077792,713.546121263367,True,True,common,valid,valid,True
2132.75743615627,180,0.00853745068070703,-0.181512708082577,-0.16797902909112,-0.16797902909112,False,713.442606969228,0.102545022434533,713.545151991663,True,True,common,valid,valid,True
2132.76029644907,181,0.00853780344220215,-0.18137621309327,-0.16784253938162,-0.16784253938162,False,713.448454323608,0.101946326630069,713.550400650238,True,True,common,valid,valid,True
2132.71804115176,182,0.00853200879474166,-0.18123971687095,-0.167706007970836,-0.167706007970836,False,713.43992678291,0.101348764402669,713.541275547313,True,True,common,valid,valid,True
2132.65159612894,183,0.00852291811039749,-0.181103220192281,-0.167569454405952,-0.167569454405952,False,713.423691747352,0.100752421412348,713.524444168764,True,True,common,valid,valid,True
2132.61360543966,184,0.0085177046345014,-0.180966725001703,-0.16743292785273,-0.16743292785273,False,713.416520665285,0.100157511484174,713.516678176769,True,True,common,valid,valid,True
2132.61927247047,185,0.00851843994463237,-0.180830231857767,-0.167296442506874,-0.167296442506874,False,713.423256423144,0.0995640946739712,713.522820517818,True,True,common,valid,valid,True
2132.64531812072,186,0.00852195203473156,-0.180693739900444,-0.167159976627105,-0.167159976627105,False,713.436483306209,0.0989720747628126,713.535455380972,True,True,common,valid,valid,True
2132.65557309985,187,0.00852331252144932,-0.180557247796718,-0.167023496436964,-0.167023496436964,False,713.444678486145,0.0983813043309629,713.543059790476,True,True,common,valid,valid,True
2132.6343228519,188,0.00852038017745496,-0.180420754969253,-0.16688698726346,-0.16688698726346,False,713.442835015466,0.0977917196730114,713.540626735139,True,True,common,valid,valid,True
2132.59407430887,189,0.00851485919238825,-0.18028426188076,-0.16675046078795,-0.16675046078795,False,713.434937553464,0.0972033710916592,713.532140924556,True,True,common,valid,valid,True
2132.56187960505,190,0.00851043564231742,-0.18014776952756,-0.166613942272114,-0.166613942272114,False,713.429604724511,0.0966163667681885,713.52622109128,True,True,common,valid,valid,True
2132.54432654381,191,0.00850800716018107,-0.180011278151394,-0.166477437866794,-0.166477437866794,False,713.42893517333,0.096030732016388,713.524965905346,True,True,common,valid,valid,True
2132.5215626955,192,0.00850486869703284,-0.179874787022757,-0.166340929035202,-0.166340929035202,False,713.426604229938,0.0954463863539591,713.522050616292,True,True,common,valid,valid,True
2132.49240463972,193,0.00850085900673198,-0.179738296098988,-0.1662044146732,-0.1662044146732,False,713.422234912271,0.0948633243815247,713.517098236653,True,True,common,valid,valid,True
2132.48177617788,194,0.00849937413410831,-0.179601806294688,-0.166067918051478,-0.166067918051478,False,713.42376739118,0.0942816444984751,713.518049035678,True,True,common,valid,valid,True
2132.47600722313,195,0.00849855142617904,-0.179465317108075,-0.16593142640645,-0.16593142640645,False,713.426846691121,0.0937012911709533,713.520547982292,True,True,common,valid,valid,True
2132.52165877819,196,0.00850473511975567,-0.179328830244639,-0.165794983207582,-0.165794983207582,False,713.446306827457,0.0931224476467603,713.539429275104,True,True,common,valid,valid,True
2132.49253088236,197,0.00850072964234712,-0.179192341081719,-0.165658470634123,-0.165658470634123,False,713.441941551108,0.0925446135701468,713.534486164678,True,True,common,valid,valid,True
2132.48356404901,198,0.00849947126458104,-0.179055853097954,-0.165521977323909,-0.165521977323909,False,713.443998187997,0.091968164031895,713.535966352029,True,True,common,valid,valid,True
2132.51122915745,199,0.00850320422785819,-0.178919366894726,-0.165385518652115,-0.165385518652115,False,713.457724598356,0.0913931623785392,713.549117760734,True,True,common,valid,valid,True
2132.55521208048,200,0.00850916059417619,-0.178782881728115,-0.165249075653543,-0.165249075653543,False,713.476649457446,0.0908195271608409,713.567468984607,True,True,common,valid,valid,True
2132.49989408255,201,0.00850158666891589,-0.178646393373094,-0.165112540396928,-0.165112540396928,False,713.463933832281,0.0902468048921449,713.554180637174,True,True,common,valid,valid,True
2132.52373346686,202,0.00850479839578098,-0.178509908352334,-0.164976079476286,-0.164976079476286,False,713.47643805807,0.0896756938223411,713.566113751893,True,True,common,valid,valid,True
2132.52396425605,203,0.00850479334241441,-0.178373422911159,-0.164839596959222,-0.164839596959222,False,713.481418890202,0.0891057908900259,713.570524681092,True,True,common,valid,valid,True
2132.50747489929,204,0.00850251010821184,-0.178236937302549,-0.164703099277497,-0.164703099277497,False,713.481070870542,0.0885371226609684,713.569607993203,True,True,common,valid,valid,True
2132.49684637785,205,0.00850102546675414,-0.178100452351028,-0.16456660750997,-0.16456660750997,False,713.482588965112,0.0879697762688473,713.570558741381,True,True,common,valid,valid,True
2132.49345821142,206,0.00850052737998065,-0.177963968106807,-0.164430122944203,-0.164430122944203,False,713.486412765312,0.0874037560629785,713.573816521375,True,True,common,valid,valid,True
2132.50760561228,207,0.00850241860920728,-0.177827484944637,-0.164293655189294,-0.164293655189294,False,713.495822845559,0.0868391007361314,713.582661946296,True,True,common,valid,valid,True
2132.47727176547,208,0.00849824910518507,-0.177691000607083,-0.164157146361312,-0.164157146361312,False,713.491058047661,0.0862755703147332,713.577333617976,True,True,common,valid,valid,True
2132.41855445504,209,0.00849021228009008,-0.177554515683179,-0.164020611488478,-0.164020611488478,False,713.477248078769,0.0857132269765544,713.562961305745,True,True,common,valid,valid,True
2132.34380123019,210,0.00847999054970998,-0.177418030624432,-0.163884062097605,-0.163884062097605,False,713.458328010318,0.0851521179572216,713.543480128275,True,True,common,valid,valid,True
2132.28691160679,211,0.00847220284657145,-0.177281546662824,-0.163747529827012,-0.163747529827012,False,713.445098882514,0.0845923724114546,713.529691254925,True,True,common,valid,valid,True
2132.27802723646,212,0.008470956053343,-0.177145064889909,-0.163611042803775,-0.163611042803775,False,713.44716317329,0.0840341039507982,713.531197277241,True,True,common,valid,valid,True
2132.27642723918,213,0.00847070180098176,-0.177008583826866,-0.163474563024275,-0.163474563024275,False,713.45154698978,0.0834771555696166,713.53502414535,True,True,common,valid,valid,True
2132.26163455844,214,0.0084686500305915,-0.176872102731875,-0.163338071379794,-0.163338071379794,False,713.451726223924,0.0829214485387235,713.534647672463,True,True,common,valid,valid,True
2132.24575105309,215,0.00846644965897783,-0.176735622044209,-0.16320157916439,-0.16320157916439,False,713.451556581213,0.082367028200917,713.533923609414,True,True,common,valid,valid,True
2132.23879559338,216,0.00846546578076738,-0.176599142126693,-0.163065095727275,-0.163065095727275,False,713.454230157876,0.0818139316000666,713.536044089476,True,True,common,valid,valid,True
2132.19909718633,217,0.00846002063132788,-0.176462661472665,-0.162928582185186,-0.162928582185186,False,713.446470267314,0.0812620006484918,713.527732267962,True,True,common,valid,valid,True
2132.11798521131,218,0.00844893284355305,-0.176326179772166,-0.162792030451247,-0.162792030451247,False,713.425515217159,0.0807112028005335,713.50622641996,True,True,common,valid,valid,True
2132.02052141353,219,0.0084356171480753,-0.176189697934008,-0.162655463913369,-0.162655463913369,False,713.399350904269,0.0801616323268717,713.479512536596,True,True,common,valid,valid,True
2131.96463758498,220,0.00842796684420336,-0.176053218047786,-0.162518936622571,-0.162518936622571,False,713.386432217671,0.0796135055772701,713.466045723248,True,True,common,valid,valid,True
2132.00949525461,221,0.00843404273492645,-0.175916742240769,-0.162382503770217,-0.162382503770217,False,713.40560426416,0.0790670414294135,713.48467130559,True,True,common,valid,valid,True
2132.07649112493,222,0.00844313497932637,-0.175780267678156,-0.162246092018852,-0.162246092018852,False,713.431828985579,0.0785219436949102,713.510350929274,True,True,common,valid,valid,True
2132.10462318361,223,0.00844693199080234,-0.175643792163115,-0.162109644456641,-0.162109644456641,False,713.44567193386,0.0779779843482446,713.523649918208,True,True,common,valid,valid,True
2132.08432926238,224,0.00844413094252733,-0.175507315353581,-0.161973152165039,-0.161973152165039,False,713.444085127588,0.0774351281543741,713.521520255742,True,True,common,valid,valid,True
2132.06536952406,225,0.00844151170603653,-0.175370839042337,-0.161836661568581,-0.161836661568581,False,713.442922067048,0.07689355954311,713.519815626591,True,True,common,valid,valid,True
2132.06159964949,226,0.00844096211929731,-0.175234363727479,-0.161700185592959,-0.161700185592959,False,713.446597213094,0.0763533287559494,713.52295054185,True,True,common,valid,valid,True
2132.05403321609,227,0.00843989527351724,-0.175097888726468,-0.16156370652607,-0.16156370652607,False,713.449061454913,0.0758143647030793,713.524875819616,True,True,common,valid,valid,True
2132.02178787813,228,0.00843546595686644,-0.174961413290448,-0.161427204889088,-0.161427204889088,False,713.443661527975,0.0752765900064648,713.518938117981,True,True,common,valid,valid,True
2131.9648325704,229,0.00842766995247982,-0.174824937420627,-0.161290680655459,-0.161290680655459,False,713.430387871113,0.0747400043800193,713.505127875493,True,True,common,valid,valid,True
2131.92151318491,230,0.00842173187770923,-0.174688462493245,-0.161154169594971,-0.161154169594971,False,713.421457509967,0.0742047477271325,713.495662257694,True,True,common,valid,valid,True
2131.90455120802,231,0.00841938501494382,-0.174551988962811,-0.161017683572295,-0.161017683572295,False,713.420922966915,0.0736708652168842,713.494593832132,True,True,common,valid,valid,True
2131.89912728965,232,0.00841861022745187,-0.174415516297505,-0.160881208763675,-0.160881208763675,False,713.424062944113,0.0731383014520263,713.497201245565,True,True,common,valid,valid,True
2131.87114371359,233,0.00841476173906709,-0.17427904327771,-0.160744713366448,-0.160744713366448,False,713.42001442189,0.0726069316451812,713.492621353535,True,True,common,valid,valid,True
2131.81044715643,234,0.00840645618940575,-0.174142569542839,-0.160608187913395,-0.160608187913395,False,713.405543061565,0.0720767188341616,713.477619780399,True,True,common,valid,valid,True
2131.74360188842,235,0.0083973129348927,-0.174006096044298,-0.160471657182068,-0.160471657182068,False,713.389112211412,0.0715477589238415,713.460659970336,True,True,common,valid,valid,True
2131.69391131401,236,0.00839050702260696,-0.173869623613804,-0.160335142905454,-0.160335142905454,False,713.378145289395,0.0710201351415841,713.449165424537,True,True,common,valid,valid,True
2131.68883314729,237,0.00838977949542063,-0.173733153228343,-0.160198670687744,-0.160198670687744,False,713.381388363724,0.0704939448132168,713.451882308537,True,True,common,valid,valid,True
2131.7001324892,238,0.00839128338746301,-0.173596683879698,-0.160062214196225,-0.160062214196225,False,713.389847284105,0.0699690847864073,713.459816368891,True,True,common,valid,valid,True
2131.69596618414,239,0.00839068014101193,-0.173460214433808,-0.159925743736203,-0.159925743736203,False,713.393378294933,0.0694454400050438,713.462823734938,True,True,common,valid,valid,True
2131.69392725825,240,0.00839036676635532,-0.173323745517723,-0.159789275714197,-0.159789275714197,False,713.397585720842,0.068923072767417,713.46650879361,True,True,common,valid,valid,True
2131.71613660455,241,0.00839335716730073,-0.17318727791805,-0.159652830757278,-0.159652830757278,False,713.409516693328,0.0684020608585612,713.477918754187,True,True,common,valid,valid,True
2131.7612619698,242,0.00839946981356895,-0.17305081158656,-0.159516407622208,-0.159516407622208,False,713.428747540426,0.0678823980913396,713.496629938517,True,True,common,valid,valid,True
2131.80115510523,243,0.00840486958836107,-0.172914345522542,-0.159379980061782,-0.159379980061782,False,713.446311061568,0.0673639834282626,713.513675044997,True,True,common,valid,valid,True
2131.80775393546,244,0.00840573313890446,-0.172777878729852,-0.159243521910805,-0.159243521910805,False,713.453265919901,0.0668467171156818,713.520112637017,True,True,common,valid,valid,True
2131.77511781454,245,0.00840125109584404,-0.172641410999897,-0.159107027632622,-0.159107027632622,False,713.447718735099,0.0663305782781462,713.514049313377,True,True,common,valid,valid,True
2131.71115410328,246,0.00839250082999081,-0.172504942616512,-0.158970504603379,-0.158970504603379,False,713.432189304863,0.0658155948933898,713.498004899757,True,True,common,valid,valid,True
2131.62793752551,247,0.00838112749108565,-0.172368474010761,-0.158833964084125,-0.158833964084125,False,713.41052560634,0.0653018092655447,713.475827415606,True,True,common,valid,valid,True
2131.53880369663,248,0.00836894800938835,-0.172232005656827,-0.158697418509858,-0.158697418509858,False,713.386976855529,0.0647892676824219,713.451766123211,True,True,common,valid,valid,True
2131.5424349308,249,0.00836940739034144,-0.172095541043362,-0.158560959877416,-0.158560959877416,False,713.392978543971,0.064278313514461,713.457256857485,True,True,common,valid,valid,True
2131.48922273517,250,0.00836212215211446,-0.171959074878437,-0.15842444871084,-0.15842444871084,False,713.380870962666,0.0637684232166135,713.444639385883,True,True,common,valid,valid,True
2131.44788306952,251,0.00835645452856796,-0.171822609592357,-0.158287949071821,-0.158287949071821,False,713.372544355322,0.0632598358213981,713.435804191144,True,True,common,valid,valid,True
2131.42572909594,252,0.0083534008914946,-0.171686145442246,-0.15815146777658,-0.15815146777658,False,713.370328019584,0.0627525754963388,713.433080595081,True,True,common,valid,valid,True
2131.44440168142,253,0.00835590967703649,-0.171549683189679,-0.158015024996184,-0.158015024996184,False,713.381115549187,0.062246715609666,713.443362264797,True,True,common,valid,valid,True
2131.48335209489,254,0.00836118121324808,-0.171413222108742,-0.157878601574539,-0.157878601574539,False,713.398361893859,0.0617421835258465,713.460104077385,True,True,common,valid,valid,True
2131.49109750986,255,0.00836220125885223,-0.171276760385582,-0.157742149523186,-0.157742149523186,False,713.40566648549,0.0612388010833093,713.466905286574,True,True,common,valid,valid,True
2131.45932757854,256,0.00835783759966272,-0.171140297729822,-0.157605661098409,-0.157605661098409,False,713.400381268058,0.0607365397968067,713.461117807855,True,True,common,valid,valid,True
2131.41438245773,257,0.00835167893915077,-0.171003835071018,-0.157469160854121,-0.157469160854121,False,713.390897649833,0.0602354898710616,713.451133139704,True,True,common,valid,valid,True
2131.40096062422,258,0.00834981515876059,-0.170867373980917,-0.157332690451632,-0.157332690451632,False,713.39145494705,0.0597358031677763,713.451190750217,True,True,common,valid,valid,True
2131.45034202933,259,0.00835650791964561,-0.170730915556132,-0.15719627904198,-0.15719627904198,False,713.412018285836,0.0592375843849122,713.471255870221,True,True,common,valid,valid,True
2131.52953666449,260,0.00836726252527579,-0.170594458636176,-0.157059895876188,-0.157059895876188,False,713.442080077229,0.0587407192023859,713.500820796431,True,True,common,valid,valid,True
2131.46004742384,261,0.00835776001168513,-0.170457996955066,-0.156923374597039,-0.156923374597039,False,713.424770392733,0.058244602251025,713.483014994984,True,True,common,valid,valid,True
2131.43733555079,262,0.00835463061785099,-0.170321537377571,-0.156786897375609,-0.156786897375609,False,713.422362708788,0.0577498960165065,713.480112604805,True,True,common,valid,valid,True
2131.34589871764,263,0.00834213800301116,-0.170185075854184,-0.15665035657039,-0.15665035657039,False,713.398059370731,0.0572562097692363,713.4553155805,True,True,common,valid,valid,True
2131.32014423609,264,0.00833859415316487,-0.170048617094783,-0.156513877438679,-0.156513877438679,False,713.39467991047,0.0567639956085038,713.451443906079,True,True,common,valid,valid,True
2131.33742496371,265,0.00834091353596534,-0.169912160302277,-0.15637743887139,-0.15637743887139,False,713.4050088726,0.0562731751855781,713.461282047786,True,True,common,valid,valid,True
2131.35801151395,266,0.00834368332372792,-0.169775704085626,-0.156241003844954,-0.156241003844954,False,713.416389997198,0.0557836138932348,713.472173611092,True,True,common,valid,valid,True
2131.36028233171,267,0.00834395776050367,-0.169639247689459,-0.156104552212147,-0.156104552212147,False,713.421934883351,0.0552952388026235,713.477230122154,True,True,common,valid,valid,True
2131.35610795021,268,0.00834335411494899,-0.169502791529605,-0.155968095035247,-0.155968095035247,False,713.425425119916,0.0548080889951666,713.480233208911,True,True,common,valid,valid,True
2131.35277947783,269,0.00834286573988476,-0.169366335861142,-0.15583163910855,-0.15583163910855,False,713.429183568422,0.0543221879701045,713.483505756392,True,True,common,valid,valid,True
2131.34251961112,270,0.00834143304788273,-0.169229880413053,-0.155695177185799,-0.155695177185799,False,713.430732385062,0.0538375091742815,713.484569894236,True,True,common,valid,valid,True
2131.32605013251,271,0.00833915437944947,-0.169093425211215,-0.155558709940244,-0.155558709940244,False,713.430301497216,0.0533540543384263,713.483655551554,True,True,common,valid,valid,True
2131.31433621049,272,0.00833752363846426,-0.168956970638144,-0.155422247588738,-0.155422247588738,False,713.431384398009,0.0528718588478687,713.484256256856,True,True,common,valid,valid,True
2131.30532965064,273,0.0083362617753747,-0.168820516622464,-0.155285788222929,-0.155285788222929,False,713.433328543676,0.0523909150366373,713.485719458713,True,True,common,valid,valid,True
2131.28191769123,274,0.00833303734453714,-0.168684062569134,-0.155149315899918,-0.155149315899918,False,713.430681781995,0.051911166035601,713.482592948031,True,True,common,valid,valid,True
2131.24251577258,275,0.00832763447483342,-0.168547608424466,-0.155012829144941,-0.155012829144941,False,713.422939375174,0.0514326062184021,713.474371981393,True,True,common,valid,valid,True
2131.19639801979,276,0.00832131667998314,-0.168411154512026,-0.154876336599248,-0.154876336599248,False,713.413056225169,0.0509552653435549,713.464011490512,True,True,common,valid,valid,True
2131.14625811577,277,0.00831445095011494,-0.168274700926086,-0.154739840773,-0.154739840773,False,713.401890643104,0.0504791514973805,713.452369794602,True,True,common,valid,valid,True
2131.09592588246,278,0.00830755905978631,-0.168138247799959,-0.154603345234343,-0.154603345234343,False,713.390662792875,0.0500042763509605,713.440667069226,True,True,common,valid,valid,True
2131.05987659097,279,0.00830261310585469,-0.168001795635009,-0.15446686346691,-0.15446686346691,False,713.38398389294,0.0495306858077379,713.433514578747,True,True,common,valid,valid,True
2131.05025440454,280,0.00830126758566361,-0.167865344850365,-0.154330406781353,-0.154330406781353,False,713.385722344174,0.0490584177722471,713.434780761947,True,True,common,valid,valid,True
2131.0644531548,281,0.00830316742198026,-0.167728895354281,-0.154193972748461,-0.154193972748461,False,713.395048032819,0.0485874623740424,713.443635495193,True,True,common,valid,valid,True
2131.08157203346,282,0.00830546510742687,-0.167592446423273,-0.154057541899667,-0.154057541899667,False,713.405302931985,0.0481177512444941,713.453420683229,True,True,common,valid,valid,True
2131.08874931186,283,0.00830640838155167,-0.167455997613134,-0.153921102255671,-0.153921102255671,False,713.412389537884,0.0476492424020229,713.460038780286,True,True,common,valid,valid,True
2131.09782818705,284,0.00830761074384282,-0.167319549333505,-0.153784664847747,-0.153784664847747,False,713.420080793776,0.0471819730001607,713.467262766776,True,True,common,valid,valid,True
2131.12925411761,285,0.00831185763704929,-0.167183102289943,-0.153648248717962,-0.153648248717962,False,713.434890718216,0.0467160071210705,713.481606725338,True,True,common,valid,valid,True
2131.16865113378,286,0.00831719050018417,-0.167046655985769,-0.153511840476474,-0.153511840476474,False,713.452239678199,0.0462512978191862,713.498490976018,True,True,common,valid,valid,True
2131.14716012776,287,0.00831422814450212,-0.166910208047027,-0.153375375993154,-0.153375375993154,False,713.450187535581,0.0457876264580055,713.495975162039,True,True,common,valid,valid,True
2131.06832703203,288,0.00830345369591662,-0.16677375860075,-0.153238858575445,-0.153238858575445,False,713.429864326893,0.045325004935494,713.475189331829,True,True,common,valid,valid,True
2130.98404806294,289,0.00829193737287091,-0.166637309438099,-0.153102336557608,-0.153102336557608,False,713.407805939709,0.0448635970050385,713.452669536714,True,True,common,valid,valid,True
2130.92855113745,290,0.00828434227828985,-0.166500861735777,-0.152965841813454,-0.152965841813454,False,713.394916559094,0.0444035092694702,713.439320068363,True,True,common,valid,valid,True
2130.90166015178,291,0.00828064440214294,-0.166364415485097,-0.15282937417624,-0.15282937417624,False,713.391139122965,0.0439447396174227,713.435083862583,True,True,common,valid,valid,True
2130.89009681344,292,0.00827903474088343,-0.166227970228397,-0.152692921279672,-0.152692921279672,False,713.392243279411,0.0434872450971627,713.435730524508,True,True,common,valid,valid,True
2130.87767476588,293,0.00827730811879321,-0.166091525409856,-0.1525564680513,-0.1525564680513,False,713.393072551959,0.0430309741651514,713.436103526124,True,True,common,valid,valid,True
2130.85677687824,294,0.00827442680976483,-0.165955080768801,-0.152420007399125,-0.152420007399125,False,713.391200350066,0.0425759023965487,713.433776252463,True,True,common,valid,valid,True
2130.8351046294,295,0.00827144003538936,-0.165818636569709,-0.152283546494627,-0.152283546494627,False,713.389080140857,0.0421220529950986,713.431202193852,True,True,common,valid,valid,True
2130.81423377991,296,0.00826856247066002,-0.16568219286674,-0.152147086805167,-0.152147086805167,False,713.38721391113,0.0416694300129503,713.428883341143,True,True,common,valid,valid,True
2130.79309388995,297,0.00826564828343156,-0.165545749623446,-0.152010627334286,-0.152010627334286,False,713.385260653583,0.0412180293105618,713.426478682894,True,True,common,valid,valid,True
2130.78458605707,298,0.00826445505574092,-0.165409307280659,-0.151874180092942,-0.151874180092942,False,713.387330197934,0.0407678896374125,713.428098087572,True,True,common,valid,valid,True
2130.81914715469,299,0.00826912934296324,-0.165272866876704,-0.151737773416149,-0.151737773416149,False,713.403119070223,0.0403191029479527,713.443438173171,True,True,common,valid,valid,True
2130.90562333912,300,0.00828087627198462,-0.165136428711854,-0.151601415537506,-0.151601415537506,False,713.435447529162,0.0398716943196822,713.475319223482,True,True,common,valid,valid,True
2130.96089188382,301,0.00828837163168763,-0.16499998994836,-0.151465029072216,-0.151465029072216,False,713.457833793049,0.039425408758214,713.497259201807,True,True,common,valid,valid,True
2130.93015277386,302,0.00828414980171135,-0.164863548718523,-0.151328563006556,-0.151328563006556,False,713.452814985752,0.0389800799693749,713.491795065722,True,True,common,valid,valid,True
2130.85134683549,303,0.00827337966791822,-0.164727106321882,-0.151192052666734,-0.151192052666734,False,713.432480191086,0.0385358240751023,713.471016015161,True,True,common,valid,valid,True
2130.78193470836,304,0.00826388934377282,-0.164590664718778,-0.151055551545399,-0.151055551545399,False,713.41513795986,0.0380928148136609,713.453230774673,True,True,common,valid,valid,True
2130.7632188648,305,0.0082613056085834,-0.164454225312403,-0.150919098086715,-0.150919098086715,False,713.413946205133,0.0376511753783906,713.451597380511,True,True,common,valid,valid,True
2130.75565715134,306,0.00826024146816314,-0.164317786755455,-0.150782655480908,-0.150782655480908,False,713.416306731698,0.0372107850357987,713.453517516734,True,True,common,valid,valid,True
2130.73964643478,307,0.00825802631789881,-0.164181348381785,-0.150646205481296,-0.150646205481296,False,713.415974147587,0.0367715840306996,713.452745731618,True,True,common,valid,valid,True
2130.72757390141,308,0.00825634770660335,-0.164044910612432,-0.150509759618014,-0.150509759618014,False,713.416894912423,0.036333608704488,713.453228521127,True,True,common,valid,valid,True
2130.70983025432,309,0.00825389653048709,-0.163908473121528,-0.150373308947394,-0.150373308947394,False,713.41600757072,0.0358968295430304,713.451904400263,True,True,common,valid,valid,True
2130.66250061989,310,0.00824741480805156,-0.163772035099686,-0.150236831212822,-0.150236831212822,False,713.405693156244,0.0354611749120866,713.441154331156,True,True,common,valid,valid,True
2130.56628760695,311,0.00823427362857618,-0.163635595897097,-0.150100308458426,-0.150100308458426,False,713.379804999874,0.0350265876379817,713.414831587512,True,True,common,valid,valid,True
2130.51707923412,312,0.00822753605490262,-0.163499158759555,-0.149963829923871,-0.149963829923871,False,713.36889045195,0.0345933509886352,713.403483802938,True,True,common,valid,valid,True
2130.55925965309,313,0.008233248597274,-0.16336272518185,-0.149827436907997,-0.149827436907997,False,713.387087289464,0.0341615935235082,713.421248882987,True,True,common,valid,valid,True
2130.56986996531,314,0.00823466029337406,-0.16322629100774,-0.149691014983328,-0.149691014983328,False,713.395226126231,0.0337309514516228,713.428957077683,True,True,common,valid,valid,True
2130.53756341338,315,0.00823022537627316,-0.163089855856503,-0.149554553593387,-0.149554553593387,False,713.389691508625,0.03330139154207,713.422992900167,True,True,common,valid,valid,True
2130.54952436686,316,0.00823182111606821,-0.162953422670448,-0.149418133868307,-0.149418133868307,False,713.398258041267,0.0328731683364919,713.431131209603,True,True,common,valid,valid,True
2130.48476397991,317,0.00822296503775061,-0.162816987371034,-0.149281643225757,-0.149281643225757,False,713.382381924623,0.0324459280100915,713.414827852633,True,True,common,valid,valid,True
2130.44390296936,318,0.00821736484243648,-0.162680553351119,-0.149145175296105,-0.149145175296105,False,713.374118406305,0.032019963466152,713.406138369772,True,True,common,valid,valid,True
2130.42372372746,319,0.00821458217817445,-0.162544120500508,-0.149008727083495,-0.149008727083495,False,713.37244198747,0.0315952639766555,713.404037251447,True,True,common,valid,valid,True
2130.41991811991,320,0.00821403013281473,-0.162407688672994,-0.148872294578091,-0.148872294578091,False,713.375980186588,0.0311718157774126,713.407152002365,True,True,common,valid,valid,True
2130.42690744996,321,0.00821494870872969,-0.162271257680295,-0.14873587258856,-0.14873587258856,False,713.382955977117,0.0307496015947854,713.413705578712,True,True,common,valid,valid,True
2130.44389942288,322,0.00821722996493118,-0.162134827495312,-0.148599460377232,-0.148599460377232,False,713.393117156611,0.0303286180633144,713.423445774674,True,True,common,valid,valid,True
2130.47916933894,323,0.00822200123867435,-0.161998398395226,-0.148463065642524,-0.148463065642524,False,713.409100406846,0.0299088877673451,713.439009294613,True,True,common,valid,valid,True
2130.51088225842,324,0.00822628795163776,-0.161861969647234,-0.148326668070047,-0.148326668070047,False,713.42394977833,0.0294903471858935,713.453440125516,True,True,common,valid,valid,True
2130.50572156906,325,0.0082255514007161,-0.161725540135267,-0.148190236665541,-0.148190236665541,False,713.427050134961,0.0290729008809778,713.456123035842,True,True,common,valid,valid,True
2130.48168465495,326,0.00822224337940225,-0.16158911046453,-0.148053788174319,-0.148053788174319,False,713.424135128324,0.0286565999451426,713.452791728269,True,True,common,valid,valid,True
2130.45584255457,327,0.00821868947127948,-0.161452681207716,-0.147917338478343,-0.147917338478343,False,713.420643682139,0.0282414922597814,713.448885174398,True,True,common,valid,valid,True
2130.42963856459,328,0.00821508629616045,-0.161316252413366,-0.147780888920497,-0.147780888920497,False,713.417035641536,0.0278275811093086,713.444863222646,True,True,common,valid,valid,True
2130.40414300561,329,0.00821157966263231,-0.161179824117404,-0.147644440496559,-0.147644440496559,False,713.413652007319,0.027414868682697,713.441066876002,True,True,common,valid,valid,True
2130.37467965484,330,0.00820753253563242,-0.161043396163885,-0.147507988856996,-0.147507988856996,False,713.409002972923,0.0270033410364015,713.43600631396,True,True,common,valid,valid,True
2130.32258349657,331,0.00820040221515163,-0.16090696793107,-0.147371516641528,-0.147371516641528,False,713.397142241419,0.026592945310373,713.423735186729,True,True,common,valid,valid,True
2130.25028425455,332,0.0081905197118748,-0.160770539502241,-0.147235026112474,-0.147235026112474,False,713.378844530226,0.0261836880026797,713.405028218228,True,True,common,valid,valid,True
2130.17905880511,333,0.0081807835412636,-0.160634111587423,-0.147098537060725,-0.147098537060725,False,713.360888450657,0.0257756278601328,713.386664078517,True,True,common,valid,valid,True
2130.11483958364,334,0.00817200186420869,-0.160497684383746,-0.146962055003518,-0.146962055003518,False,713.345163633621,0.0253687804509337,713.370532414072,True,True,common,valid,valid,True
2130.07244828343,335,0.00816619379725708,-0.16036125838258,-0.146825593724026,-0.146825593724026,False,713.33639087201,0.0249631856830843,713.361354057693,True,True,common,valid,valid,True
2130.08254029602,336,0.00816753542529032,-0.160224834598906,-0.14668918172831,-0.14668918172831,False,713.344334329427,0.0245589265517324,713.368893255979,True,True,common,valid,valid,True
2130.13269901276,337,0.00817433523887757,-0.160088412617894,-0.146552807466369,-0.146552807466369,False,713.365039762282,0.0241559668766356,713.389195729158,True,True,common,valid,valid,True
2129.92429510504,349,0.00814554923207795,-0.158451359088714,-0.144915599911151,-0.144915599911151,False,713.355282968146,0.0194107378438785,713.37469370599,True,True,common,valid,valid,True
2130.09112944454,354,0.00816811205157046,-0.157769282020788,-0.144233686153219,-0.144233686153219,False,713.43197476579,0.0174844191470794,713.449459184937,True,True,common,valid,valid,True
2129.52975738049,397,0.00809025701530341,-0.151903847514823,-0.13836786622144,-0.13836786622144,False,713.454227937946,0.00211461885328291,713.4563425568,True,True,common,valid,valid,True
2129.13955435157,408,0.00803675951306054,-0.150403522373088,-0.136867221415631,-0.136867221415631,False,713.380959163804,-0.00147668072755512,713.379482483077,True,True,common,valid,valid,True
2129.06927230954,430,0.00802650295736312,-0.147403069065394,-0.133866765603245,-0.133866765603245,False,713.460192290636,-0.00824848891404269,713.451943801722,True,True,common,valid,valid,True
2127.94562765211,473,0.00787216060270781,-0.141539189429177,-0.128001996992681,-0.128001996992681,False,713.298984429969,-0.0199398864183051,713.279044543551,True,True,common,valid,valid,True
2127.82148009539,496,0.00785457926547611,-0.138403074686202,-0.124865834465612,-0.124865834465612,False,713.363665979542,-0.025371124030432,713.338294855512,True,True,common,valid,valid,True
2127.51722720265,526,0.00781228563996288,-0.134312866096897,-0.12077543608498,-0.12077543608498,False,713.401653810968,-0.0316162132650914,713.370037597703,True,True,common,valid,valid,True
2127.11648987979,542,0.00775726325972014,-0.132131589937253,-0.118593844977914,-0.118593844977914,False,713.345455970088,-0.0345656484553694,713.310890321633,True,True,common,valid,valid,True
2127.19474694133,543,0.0077678931733509,-0.13199526706714,-0.118457595038214,-0.118457595038214,False,713.374841690438,-0.0347411601979487,713.34010053024,True,True,common,valid,valid,True
2127.23798166215,544,0.00777375351149329,-0.131858943697934,-0.118321313201389,-0.118321313201389,False,713.393070259498,-0.034915695489401,713.358154564008,True,True,common,valid,valid,True
2127.23033359647,545,0.00777268431604902,-0.131722619393181,-0.118184984812024,-0.118184984812024,False,713.395086819733,-0.0350892730324723,713.359997546701,True,True,common,valid,valid,True
2127.227590397,546,0.00777228312386137,-0.13158629569608,-0.118048661427754,-0.118048661427754,False,713.398664773997,-0.0352618275299097,713.363402946468,True,True,common,valid,valid,True
2127.21301427484,547,0.00777027047927431,-0.131449972144633,-0.117912327580968,-0.117912327580968,False,713.398471421084,-0.0354333793119615,713.363038041772,True,True,common,valid,valid,True
2127.15520638227,548,0.0077623703103356,-0.131313647875091,-0.11777595425862,-0.11777595425862,False,713.3845032437,-0.0356039651413809,713.348899278558,True,True,common,valid,valid,True
2127.07079353184,549,0.00775084697458176,-0.131177323349033,-0.117639556828511,-0.117639556828511,False,713.362058606751,-0.0357735658983822,713.326285040853,True,True,common,valid,valid,True
2126.98472002987,550,0.00773909753893685,-0.131040999254248,-0.117503158341252,-0.117503158341252,False,713.339085025082,-0.035942153454135,713.303142871628,True,True,common,valid,valid,True
2126.92951028049,551,0.007731551349157,-0.130904676482366,-0.117366788846771,-0.117366788846771,False,713.325942762432,-0.0361096917925081,713.289833070639,True,True,common,valid,valid,True
2126.91256415099,552,0.00772921613954743,-0.130768355232609,-0.117230455178185,-0.117230455178185,False,713.324987895243,-0.0362761740542026,713.288711721189,True,True,common,valid,valid,True
2126.90838278085,553,0.00772861932907189,-0.130632034803815,-0.117094133774398,-0.117094133774398,False,713.328097795202,-0.0364416303588398,713.291656164843,True,True,common,valid,valid,True
2126.91321126372,554,0.00772924954987747,-0.130495715092173,-0.116957821165277,-0.116957821165277,False,713.334076453226,-0.0366060659650421,713.297470387261,True,True,common,valid,valid,True
2126.94005292654,555,0.0077328776492998,-0.130359396452043,-0.116821529362632,-0.116821529362632,False,713.347066307891,-0.0367694675240757,713.310296840367,True,True,common,valid,valid,True
2126.9915370727,556,0.00773986168558373,-0.13022307895368,-0.116685260793811,-0.116685260793811,False,713.367905749281,-0.0369318334266773,713.330973915854,True,True,common,valid,valid,True
2127.03087068349,557,0.0077451910180174,-0.13008676159183,-0.11654898146861,-0.11654898146861,False,713.384873994625,-0.0370932051229413,713.347780789502,True,True,common,valid,valid,True
2127.05234201252,558,0.00774808780453166,-0.129950444211287,-0.116412686111303,-0.116412686111303,False,713.396150722974,-0.0372535893750958,713.358897133599,True,True,common,valid,valid,True
2127.05400178954,559,0.00774828659563465,-0.12981412675995,-0.116276372922342,-0.116276372922342,False,713.401114351261,-0.0374129887379863,713.363701362523,True,True,common,valid,valid,True
2127.02478620224,560,0.00774428069169418,-0.129677808938155,-0.116140031683488,-0.116140031683488,False,713.396239649394,-0.0375714154653076,713.358668233929,True,True,common,valid,valid,True
2126.96752139926,561,0.00773645498439677,-0.129541490825363,-0.116003665007937,-0.116003665007937,False,713.382427388775,-0.0377288667420855,713.344698522033,True,True,common,valid,valid,True
2126.89991261065,562,0.00772722064564341,-0.129405172904744,-0.115867289251555,-0.115867289251555,False,713.36531898043,-0.0378853241154646,713.327433656315,True,True,common,valid,valid,True
2126.83615936339,563,0.00771851141672357,-0.129268855561994,-0.11573091752982,-0.11573091752982,False,713.349438274928,-0.0380407732965031,713.311397501632,True,True,common,valid,valid,True
2126.79249994457,564,0.00771253867267029,-0.1291325392359,-0.115594564838956,-0.115594564838956,False,713.339957825349,-0.0381951982590576,713.301762627089,True,True,common,valid,valid,True
2126.78666472435,565,0.00771171697260384,-0.128996224403563,-0.115458247551061,-0.115458247551061,False,713.342525188453,-0.0383485818741934,713.304176606578,True,True,common,valid,valid,True
2126.81154495478,566,0.00771507820861612,-0.128859910869762,-0.115321959097877,-0.115321959097877,False,713.354876014653,-0.0385009330524786,713.3163750816,True,True,common,valid,valid,True
2126.83695344627,567,0.00771851140113664,-0.128723597817495,-0.115185671599906,-0.115185671599906,False,713.36739423781,-0.0386522840992082,713.328741953711,True,True,common,valid,valid,True
2126.83759790659,568,0.00771857218997173,-0.128587284564458,-0.115049361700686,-0.115049361700686,False,713.372022141061,-0.038802661528843,713.333219479532,True,True,common,valid,valid,True
2126.82718202472,569,0.00771712678444874,-0.128450971481503,-0.114913042056292,-0.114913042056292,False,713.373125141945,-0.0389520518384451,713.334173090106,True,True,common,valid,valid,True
2126.81814305484,570,0.00771586891866267,-0.128314658904051,-0.114776724151961,-0.114776724151961,False,713.374665488553,-0.0391004431662278,713.335565045387,True,True,common,valid,valid,True
2126.80224569142,571,0.00771367709433264,-0.128178346610414,-0.114640400383203,-0.114640400383203,False,713.374019549162,-0.0392478445576047,713.334771704605,True,True,common,valid,valid,True
2126.76833054423,572,0.00770903161296941,-0.128042034301337,-0.114504060446619,-0.114504060446619,False,713.367632187139,-0.0393942677245397,713.328237919414,True,True,common,valid,valid,True
2126.7143972218,573,0.00770166006851456,-0.127905721924708,-0.114367702496854,-0.114367702496854,False,713.354866444484,-0.0395397150875505,713.315326729396,True,True,common,valid,valid,True
2126.6577205658,574,0.00769391497902178,-0.127769409945058,-0.114231342485017,-0.114231342485017,False,713.341225925058,-0.0396841702257707,713.301541754832,True,True,common,valid,valid,True
2126.63138088584,575,0.00769030125312411,-0.127633099247292,-0.11409501095174,-0.11409501095174,False,713.337248338082,-0.039827601887477,713.297420736194,True,True,common,valid,valid,True
2126.63504520059,576,0.00769077352871389,-0.127496789819562,-0.113958707586556,-0.113958707586556,False,713.34282729805,-0.0399700118309118,713.30285728622,True,True,common,valid,valid,True
2126.63627737761,577,0.00769091461875216,-0.127360480793308,-0.11382240244265,-0.11382240244265,False,713.347630243805,-0.0401114324450597,713.30751881136,True,True,common,valid,valid,True
2126.60830670595,578,0.00768707887869914,-0.127224171454518,-0.113686070806804,-0.113686070806804,False,713.343129066346,-0.0402518898748732,713.302877176471,True,True,common,valid,valid,True
2126.53867793083,579,0.00767757016522728,-0.12708786147398,-0.113549701184126,-0.113549701184126,False,713.325356579098,-0.0403913960734076,713.284965183024,True,True,common,valid,valid,True
2126.5247092247,580,0.00767564129211329,-0.12695155344433,-0.113413383410268,-0.113413383410268,False,713.325313204272,-0.0405298601026121,713.28478334417,True,True,common,valid,valid,True
2126.46193897724,581,0.00766706666337573,-0.126815244584605,-0.113277021057444,-0.113277021057444,False,713.309723563108,-0.0406673808007854,713.269056182307,True,True,common,valid,valid,True
2126.4490570128,582,0.00766528585246257,-0.126678937518141,-0.113140705221442,-0.113140705221442,False,713.310023707372,-0.0408038671321788,713.26921984024,True,True,common,valid,valid,True
2126.47127854824,583,0.00766828544842975,-0.126542631848502,-0.113004422251579,-0.113004422251579,False,713.321504145037,-0.0409393344392769,713.280564810597,True,True,common,valid,valid,True
2126.52161258459,584,0.00767511340336741,-0.126406327387935,-0.11286816569279,-0.11286816569279,False,713.3419389135,-0.0410737905935634,713.300865122906,True,True,common,valid,valid,True
2126.53280588984,585,0.00767661121530478,-0.126270022353867,-0.112731873472262,-0.112731873472262,False,713.349904533353,-0.0412072975592922,713.308697235794,True,True,common,valid,valid,True
2126.6033859551,586,0.00768619627659647,-0.12613371935527,-0.112595636525401,-0.112595636525401,False,713.376788322124,-0.0413397672833162,713.33544855484,True,True,common,valid,valid,True
2126.61217191815,587,0.00768736629276351,-0.125997415184515,-0.112459343010294,-0.112459343010294,False,713.383985115048,-0.0414713093127534,713.342513805735,True,True,common,valid,valid,True
2126.57174307108,588,0.00768183432698887,-0.125861110178032,-0.112323004540433,-0.112323004540433,False,713.375501286412,-0.0416019121533236,713.333899374259,True,True,common,valid,valid,True
2126.50950276852,589,0.00767333215166529,-0.125724805062989,-0.11218664640917,-0.11218664640917,False,713.360067755649,-0.0417315516902303,713.318336203958,True,True,common,valid,valid,True
2126.51140367985,590,0.00767356466276621,-0.125588502105157,-0.112050347935378,-0.112050347935378,False,713.365066842713,-0.0418601537574581,713.323206688955,True,True,common,valid,valid,True
2126.47615709901,591,0.00766873852501544,-0.125452198633558,-0.111914015646823,-0.111914015646823,False,713.358230405168,-0.0419878076407818,713.316242597527,True,True,common,valid,valid,True
2126.46356159449,592,0.00766699700153443,-0.125315896222897,-0.111777704725151,-0.111777704725151,False,713.358608670497,-0.0421144623495288,713.316494208148,True,True,common,valid,valid,True
2126.46286636591,593,0.00766687606078845,-0.125179594588772,-0.111641405248269,-0.111641405248269,False,713.362776720058,-0.0422401282688263,713.320536591789,True,True,common,valid,valid,True
2126.47120001912,594,0.00766798467709469,-0.125043293654722,-0.111505114565603,-0.111505114565603,False,713.369819914758,-0.0423648088725096,713.327455105886,True,True,common,valid,valid,True
2126.48915061355,595,0.00767040292611228,-0.124906993435288,-0.111368833218828,-0.111368833218828,False,713.379925772668,-0.0424885046720474,713.337437267996,True,True,common,valid,valid,True
2126.47519797087,596,0.00766847670136068,-0.124770692842406,-0.111232522899011,-0.111232522899011,False,713.379866420527,-0.0426112510398059,713.337255169487,True,True,common,valid,valid,True
2126.42455029488,597,0.00766155348726943,-0.124634391753288,-0.111096179187863,-0.111096179187863,False,713.368115288985,-0.042733052097482,713.325382236888,True,True,common,valid,valid,True
2126.39047175646,598,0.00765688664978997,-0.124498091562262,-0.11095985122848,-0.11095985122848,False,713.361641666103,-0.0428538645671934,713.318787801535,True,True,common,valid,valid,True
2126.39081272483,599,0.00765690698371907,-0.124361792733192,-0.110823555486602,-0.110823555486602,False,713.366131954063,-0.0429736751839169,713.323158278879,True,True,common,valid,valid,True
2126.40337514877,600,0.00765859161832663,-0.12422549468456,-0.110687271481211,-0.110687271481211,False,713.374514531289,-0.0430925032343856,713.331422028055,True,True,common,valid,valid,True
2126.41547137499,601,0.00766021278939546,-0.124089197084865,-0.110550987506967,-0.110550987506967,False,713.382747459299,-0.0432103598630079,713.339537099436,True,True,common,valid,valid,True
2126.42210295796,602,0.00766108982817375,-0.123952899803876,-0.110414698952812,-0.110414698952812,False,713.389238229978,-0.0433272501185271,713.34591097986,True,True,common,valid,valid,True
2126.37711802125,603,0.00765493796132913,-0.123816601642459,-0.110278363247068,-0.110278363247068,False,713.379282960106,-0.043443211891275,713.335839748214,True,True,common,valid,valid,True
2126.31296923757,604,0.00764617648449997,-0.123680303447529,-0.110142010328791,-0.110142010328791,False,713.363221464214,-0.0435582211017164,713.319663243113,True,True,common,valid,valid,True
2126.29720771313,605,0.00764400422056152,-0.123544006971294,-0.110005702505858,-0.110005702505858,False,713.362573984603,-0.0436722275627051,713.31890175704,True,True,common,valid,valid,True
2126.29408463836,606,0.00764355303443064,-0.123407711283712,-0.10986940680139,-0.10986940680139,False,713.365951493833,-0.0437852615331383,713.3221662323,True,True,common,valid,valid,True
2126.28249356151,607,0.00764194874303181,-0.123271415837659,-0.109733103747573,-0.109733103747573,False,713.366629985468,-0.0438973412786059,713.322732644189,True,True,common,valid,valid,True
2126.27442824841,608,0.00764082460284161,-0.123135120943464,-0.109596804406428,-0.109596804406428,False,713.368430396585,-0.0440084597343414,713.324421936851,True,True,common,valid,valid,True
2126.27649357915,609,0.00764108003095294,-0.12299882677107,-0.109460514868746,-0.109460514868746,False,713.373456950148,-0.0441186141468443,713.329338336001,True,True,common,valid,valid,True
2126.24579404294,610,0.00763687373739331,-0.122862532213569,-0.109324195574521,-0.109324195574521,False,713.368043884912,-0.0442278383502466,713.323816046562,True,True,common,valid,valid,True
2126.15565645695,611,0.00762457353081368,-0.122726236587297,-0.109187821929442,-0.109187821929442,False,713.343694597191,-0.0443361532391739,713.299358443951,True,True,common,valid,valid,True
2126.10322260112,612,0.00761740766393149,-0.12258994239525,-0.109051483517836,-0.109051483517836,False,713.331355852334,-0.0444434895327218,713.286912362801,True,True,common,valid,valid,True
2126.10501202941,613,0.00761762565360737,-0.122453650057338,-0.10891519556814,-0.10891519556814,False,713.336288730437,-0.0445498382082897,713.291738892229,True,True,common,valid,valid,True
2126.12942406535,614,0.00762092428028505,-0.122317358758399,-0.108778928937181,-0.108778928937181,False,713.348427006522,-0.0446552248246501,713.303771781697,True,True,common,valid,valid,True
2126.14136727154,615,0.00762252499601068,-0.122181067597246,-0.108642651266682,-0.108642651266682,False,713.356592158467,-0.0447596765828774,713.311832481884,True,True,common,valid,valid,True
2126.11891356111,616,0.00761944177890313,-0.122044776013158,-0.108506342339,-0.108506342339,False,713.353798273982,-0.0448632106093815,713.308935063372,True,True,common,valid,valid,True
2126.0759395659,617,0.00761356427657575,-0.121908484363742,-0.108370014951255,-0.108370014951255,False,713.344466105322,-0.044965818739356,713.299500286582,True,True,common,valid,valid,True
2126.02055303194,618,0.00760599655862941,-0.121772192857809,-0.108233676580325,-0.108233676580325,False,713.331178848742,-0.0450674971119889,713.28611135163,True,True,common,valid,valid,True
2125.9576333575,619,0.00759740307468445,-0.121635901620837,-0.10809733172575,-0.10809733172575,False,713.315491187767,-0.0451682442630113,713.270322943504,True,True,common,valid,valid,True
2125.90086941421,620,0.00758964788307101,-0.121499611001886,-0.107960993007647,-0.107960993007647,False,713.301763613504,-0.0452680529352893,713.256495560569,True,True,common,valid,valid,True
2125.86609432101,621,0.00758488702058083,-0.12136332140259,-0.1078246750208,-0.1078246750208,False,713.295038974033,-0.0453669147915694,713.249672059242,True,True,common,valid,valid,True
2125.86315371096,622,0.00758446118135279,-0.121227033070645,-0.107688386838669,-0.107688386838669,False,713.298452892958,-0.0454648258394063,713.252988067119,True,True,common,valid,valid,True
2125.887923114,623,0.00758780870974646,-0.1210907458986,-0.107552124656433,-0.107552124656433,False,713.310691890468,-0.0455617914515488,713.265130099016,True,True,common,valid,valid,True
2125.91239961237,624,0.00759111637033594,-0.12095445917432,-0.107415862659503,-0.107415862659503,False,713.322836684329,-0.0456578323332536,713.277178851996,True,True,common,valid,valid,True
2125.9104925096,625,0.00759083133796138,-0.12081817223669,-0.107279576798585,-0.107279576798585,False,713.326576135244,-0.0457529672627681,713.280823167982,True,True,common,valid,valid,True
2125.88314394653,626,0.0075870819193572,-0.120681885111394,-0.107143267944005,-0.107143267944005,False,713.322210089958,-0.0458471972262801,713.276362892731,True,True,common,valid,valid,True
2125.85442742705,627,0.00758314625932003,-0.120545598408738,-0.107006958286029,-0.107006958286029,False,713.317407035243,-0.0459405087126138,713.27146652653,True,True,common,valid,valid,True
2125.85372769833,628,0.00758302572644062,-0.120409312870191,-0.106870674907062,-0.106870674907062,False,713.321527075979,-0.0460328855094874,713.275494190469,True,True,common,valid,valid,True
2125.88161446899,629,0.00758679788439676,-0.120273028507661,-0.10673441832961,-0.10673441832961,False,713.334752000653,-0.0461243298666591,713.288627670786,True,True,common,valid,valid,True
2125.90237013251,630,0.00758959900727397,-0.120136744419015,-0.106598155633728,-0.106598155633728,False,713.345704393509,-0.0462148661536086,713.299489527355,True,True,common,valid,valid,True
2125.88518984616,631,0.00758723436975008,-0.120000459829155,-0.10646185843052,-0.10646185843052,False,713.344570724217,-0.0463045148936576,713.298266209324,True,True,common,valid,valid,True
2125.85227686167,632,0.00758272742845726,-0.119864175299175,-0.106325547184439,-0.106325547184439,False,713.338423982084,-0.0463932642097847,713.292030717874,True,True,common,valid,valid,True
2125.83366172016,633,0.00758016747258987,-0.119727891584175,-0.106189249570295,-0.106189249570295,False,713.336830622119,-0.0464810981492571,713.29034952397,True,True,common,valid,valid,True
2125.82813642919,634,0.00757939000175994,-0.119591608652343,-0.106052964473373,-0.106052964473373,False,713.339405773151,-0.0465680197606866,713.29283775339,True,True,common,valid,valid,True
2125.81956547499,635,0.00757819782989422,-0.119455326098131,-0.105916677024093,-0.105916677024093,False,713.341009407298,-0.0466540406981823,713.294355366599,True,True,common,valid,valid,True
2125.80072420835,636,0.00757560717642269,-0.119319043740765,-0.105780380565472,-0.105780380565472,False,713.33934005141,-0.0467391671200872,713.29260088429,True,True,common,valid,valid,True
2125.7813642472,637,0.00757294592500018,-0.119182761824593,-0.10564408408329,-0.10564408408329,False,713.33750415362,-0.0468233953942592,713.290680758226,True,True,common,valid,valid,True
2125.76322776079,638,0.0075704513068872,-0.119046480392887,-0.105507789182508,-0.105507789182508,False,713.336056688945,-0.0469067266138468,713.289149962331,True,True,common,valid,valid,True
2125.73652029037,639,0.00756678961279932,-0.118910199201087,-0.105371486838783,-0.105371486838783,False,713.331877622538,-0.0469891683083322,713.284888454229,True,True,common,valid,valid,True
2125.70712196827,640,0.00756276154208098,-0.118773918396133,-0.105235182470045,-0.105235182470045,False,713.326840128599,-0.0470707191774641,713.279769409421,True,True,common,valid,valid,True
2125.69654783607,641,0.00756129678582597,-0.118637638513092,-0.105098895897459,-0.105098895897459,False,713.327797701785,-0.0471513695865404,713.280646332198,True,True,common,valid,valid,True
2125.71041432023,642,0.00756316011877397,-0.118501359689663,-0.104962632293223,-0.104962632293223,False,713.336539518968,-0.0472311189426266,713.289308400025,True,True,common,valid,valid,True
2125.7147090137,643,0.0075637200918741,-0.118365081079468,-0.104826360322217,-0.104826360322217,False,713.342231044461,-0.0473099877959734,713.294921056665,True,True,common,valid,valid,True
2125.68265345693,644,0.00755933031747206,-0.118228802019069,-0.104690055316907,-0.104690055316907,False,713.336341667071,-0.0473879920890373,713.288953674982,True,True,common,valid,valid,True
2125.62563750148,645,0.0075515417554465,-0.118092522793601,-0.104553727772363,-0.104553727772363,False,713.322500064982,-0.0474651273457141,713.275034937637,True,True,common,valid,valid,True
2125.578209728,646,0.00754505884781542,-0.117956244259427,-0.104417409514202,-0.104417409514202,False,713.311711798454,-0.0475413775008718,713.264170420953,True,True,common,valid,valid,True
2125.56254667044,647,0.00754290133163309,-0.117819966962807,-0.104281120967553,-0.104281120967553,False,713.311040446148,-0.0476167335769991,713.263423712571,True,True,common,valid,valid,True
2125.57147961855,648,0.00754409304050188,-0.117683690723877,-0.104144855526468,-0.104144855526468,False,713.318202444949,-0.0476912018054273,713.270511243144,True,True,common,valid,valid,True
2125.56963044405,649,0.00754381659252907,-0.117547414668731,-0.104008580604309,-0.104008580604309,False,713.321928707518,-0.047764802194389,713.274163905324,True,True,common,valid,valid,True
2125.53255805373,650,0.00753874390215071,-0.117411138196495,-0.10387227369148,-0.10387227369148,False,713.314433717112,-0.047837548571966,713.26659616854,True,True,common,valid,valid,True
2125.48471671343,651,0.00753220486786555,-0.117274861911189,-0.103735957312657,-0.103735957312657,False,713.303507370108,-0.0479094305895257,713.255597939519,True,True,common,valid,valid,True
2125.52861231565,652,0.00753815746682734,-0.117138588329618,-0.10359972586974,-0.10359972586974,False,713.321800819249,-0.0479804012572793,713.273820417992,True,True,common,valid,valid,True
2125.48732408881,653,0.00753251082209553,-0.117002313105565,-0.103463416426734,-0.103463416426734,False,713.312958994046,-0.0480505475932548,713.264908446453,True,True,common,valid,valid,True
2125.45308342576,654,0.00752782386455657,-0.116866038505095,-0.103327113924903,-0.103327113924903,False,713.306360900874,-0.0481198272789528,713.258241073595,True,True,common,valid,valid,True
2125.45882999897,655,0.00752858188701558,-0.116729765332934,-0.10319084869557,-0.10319084869557,False,713.312498631796,-0.048188227386405,713.264310404409,True,True,common,valid,valid,True
2125.47666993737,656,0.00753098664930086,-0.11659349290399,-0.103054595049901,-0.103054595049901,False,713.322487370541,-0.0482557633413453,713.2742316072,True,True,common,valid,valid,True
2125.4653416276,657,0.00752941968889423,-0.116457220209779,-0.102918314993181,-0.102918314993181,False,713.323183632816,-0.0483224559047193,713.274861176911,True,True,common,valid,valid,True
2125.44601279497,658,0.00752676335554405,-0.116320947768545,-0.102782028018107,-0.102782028018107,False,713.321330079968,-0.0483882972919374,713.272941782676,True,True,common,valid,valid,True
2125.45404988527,659,0.00752783337256841,-0.11618467644198,-0.102645766688185,-0.102645766688185,False,713.328192438959,-0.0484532740158647,713.279739164944,True,True,common,valid,valid,True
2125.45976361632,660,0.00752858705050031,-0.116048405505323,-0.102509503665709,-0.102509503665709,False,713.334313501188,-0.0485174014055096,713.285796099782,True,True,common,valid,valid,True
2125.42518159747,661,0.00752385384184624,-0.115912134035711,-0.102373203990197,-0.102373203990197,False,713.327597066471,-0.0485806976240154,713.279016368847,True,True,common,valid,valid,True
2125.34607949853,662,0.00751305855761104,-0.115775861934282,-0.102236863776332,-0.102236863776332,False,713.306698273555,-0.0486431658255607,713.25805510773,True,True,common,valid,valid,True
2125.25916570425,663,0.00750119964205133,-0.115639590094899,-0.102100516822639,-0.102100516822639,False,713.283311271513,-0.048704792155464,713.234606479357,True,True,common,valid,valid,True
2125.22451514006,664,0.00749645723049463,-0.115503319970833,-0.101964218432062,-0.101964218432062,False,713.276569993435,-0.0487655540770789,713.227804439358,True,True,common,valid,valid,True
2125.26130050421,665,0.00750144195317744,-0.115367052020001,-0.101827986248248,-0.101827986248248,False,713.292580269987,-0.0488254468568228,713.24375482313,True,True,common,valid,valid,True
2125.33504119515,666,0.00751145871851998,-0.115230785404922,-0.101691788526018,-0.101691788526018,False,713.320361499339,-0.0488844874476479,713.271477011892,True,True,common,valid,valid,True
2125.40098339319,667,0.00752041360472836,-0.115094519043441,-0.101555584067045,-0.101555584067045,False,713.345659229347,-0.0489426960297605,713.296716533317,True,True,common,valid,valid,True
2125.42178529501,668,0.00752322197467987,-0.114958252035162,-0.101419338498866,-0.101419338498866,False,713.356576698173,-0.0490000889191956,713.307576609254,True,True,common,valid,valid,True
2125.38442289829,669,0.0075181104413995,-0.114821984069317,-0.101283039836541,-0.101283039836541,False,713.348963587381,-0.0490566723687775,713.299906915012,True,True,common,valid,valid,True
2125.29668569565,670,0.00750613968658741,-0.11468571533856,-0.101146695255171,-0.101146695255171,False,713.325302348273,-0.0491124445639982,713.276189903709,True,True,common,valid,valid,True
2125.19979147613,671,0.00749292212884263,-0.114549446837669,-0.101010342695976,-0.101010342695976,False,713.298724614699,-0.0491673915643135,713.249557223135,True,True,common,valid,valid,True
2125.13767254353,672,0.0074844397780824,-0.114413179619881,-0.100874022591653,-0.100874022591653,False,713.283223530706,-0.049221499370561,713.234002031335,True,True,common,valid,valid,True
2125.12791034579,673,0.00748308657677895,-0.114276914101753,-0.100737751118033,-0.100737751118033,False,713.284397481997,-0.0492747643687508,713.235122717628,True,True,common,valid,valid,True
2125.15099675953,674,0.00748620619813985,-0.114140649812145,-0.100601510317429,-0.100601510317429,False,713.296032875315,-0.0493271963647263,713.24670567895,True,True,common,valid,valid,True
2125.16098117828,675,0.0074875418228646,-0.114004385650943,-0.100465257901208,-0.100465257901208,False,713.303493984515,-0.0493788138730152,713.254115170642,True,True,common,valid,valid,True
2125.13626621664,676,0.00748415268163632,-0.113868121103669,-0.10032897399586,-0.10032897399586,False,713.299901235666,-0.0494296261022192,713.250471609564,True,True,common,valid,valid,True
2125.09587837011,677,0.00747862950284702,-0.113731856626357,-0.100192676112136,-0.100192676112136,False,713.291315125038,-0.0494796281839063,713.241835496854,True,True,common,valid,valid,True
2125.07683376223,678,0.00747601252714187,-0.113595593100702,-0.100056398311538,-0.100056398311538,False,713.28952594279,-0.0495288097461523,713.239997133044,True,True,common,valid,valid,True
2125.09270926565,679,0.00747815041182982,-0.113459330847119,-0.0999201530841586,-0.0999201530841586,False,713.298858090915,-0.0495771688205951,713.249280922094,True,True,common,valid,valid,True
2125.13649490476,680,0.00748408864171313,-0.113323069696327,-0.0997839339771599,-0.0997839339771599,False,713.317079482355,-0.049624710288178,713.267454772066,True,True,common,valid,valid,True
2125.18880589306,681,0.00749118771872282,-0.113186809186419,-0.0996477231528702,-0.0996477231528702,False,713.338016266046,-0.049671442746595,713.2883448233,True,True,common,valid,valid,True
2125.20195040107,682,0.00749295379840954,-0.113050548186055,-0.0995114767310953,-0.0995114767310953,False,713.346475723831,-0.0497173830749253,713.296758340756,True,True,common,valid,valid,True
2125.14736501873,683,0.00748549763821626,-0.112914286021761,-0.0993751684355528,-0.0993751684355528,False,713.333357938005,-0.0497625413387267,713.283595396666,True,True,common,valid,valid,True
2125.07621627301,684,0.0074757862187698,-0.112778023909204,-0.0992388453454093,-0.0992388453454093,False,713.314963245824,-0.0498069033336662,713.26515634249,True,True,common,valid,valid,True
2125.03470840678,685,0.00747011081192235,-0.112641762939964,-0.0991025499675665,-0.0991025499675665,False,713.306009493431,-0.0498504574110932,713.25615903602,True,True,common,valid,valid,True
2125.01849134825,686,0.00746787908901871,-0.112505503008243,-0.098966278296938,-0.098966278296938,False,713.305110366125,-0.0498932073719694,713.255217158753,True,True,common,valid,valid,True
2125.00163693959,687,0.00746556061544811,-0.11236924350121,-0.0988300064799114,-0.0988300064799114,False,713.304006912834,-0.0499351629746349,713.254071749859,True,True,common,valid,valid,True
2124.95777311921,688,0.0074595645309842,-0.112232983798765,-0.0986937102578203,-0.0986937102578203,False,713.294299067772,-0.0499763335423723,713.24432273423,True,True,common,valid,valid,True
2124.90579165518,689,0.00745246317810407,-0.112096724346631,-0.0985574070100698,-0.0985574070100698,False,713.282004629831,-0.0500167156209637,713.23198791421,True,True,common,valid,valid,True
2124.87773318589,690,0.00744861925287901,-0.111960465896147,-0.0984211262075436,-0.0984211262075436,False,713.277328755494,-0.0500563026826025,713.227272452811,True,True,common,valid,valid,True
2124.8702442199,691,0.00744757612864304,-0.111824208366253,-0.0982848647632177,-0.0982848647632177,False,713.279203048266,-0.0500950980552134,713.229107950211,True,True,common,valid,valid,True
2124.86722066998,692,0.00744714104860861,-0.11168795137837,-0.0981486078636366,-0.0981486078636366,False,713.282498301859,-0.0501331082312085,713.232365193628,True,True,common,valid,valid,True
2124.86504757404,693,0.00744682179476125,-0.111551694847393,-0.0980123521834334,-0.0980123521834334,False,713.286063149443,-0.050170336255786,713.235892813187,True,True,common,valid,valid,True
2124.87899254262,694,0.00744869721318983,-0.111415439129081,-0.0978761117633716,-0.0978761117633716,False,713.294760580329,-0.0502067805018823,713.244553799828,True,True,common,valid,valid,True
2124.90208400041,695,0.00745181804366262,-0.111279184059446,-0.0977398801905017,-0.0977398801905017,False,713.30637031197,-0.0502424449587788,713.256127867011,True,True,common,valid,valid,True
2124.9106470421,696,0.00745296070084261,-0.111142929086341,-0.0976036356918746,-0.0976036356918746,False,713.313351267521,-0.0502773373586411,713.263073930162,True,True,common,valid,valid,True
2124.90400283039,697,0.00745203276115275,-0.111006674194767,-0.0974673776440693,-0.0974673776440693,False,713.315486944457,-0.050311459702663,713.265175484754,True,True,common,valid,valid,True
2124.90060278028,698,0.00745154657524618,-0.110870419814169,-0.0973311230152878,-0.0973311230152878,False,713.318654711048,-0.0503448097230421,713.268309901325,True,True,common,valid,valid,True
2124.90003635734,699,0.00745144624329798,-0.110734165934432,-0.0971948714274271,-0.0971948714274271,False,713.322723821662,-0.0503773896348399,713.272346432027,True,True,common,valid,valid,True
2124.89113010466,700,0.007450210390452,-0.110597912296111,-0.0970586126058601,-0.0970586126058601,False,713.324135049081,-0.050409203927168,713.273725845154,True,True,common,valid,valid,True
2124.8777276203,701,0.00744836236291357,-0.110461658988527,-0.0969223500850858,-0.0969223500850858,False,713.324112715735,-0.0504402537503984,713.273672461984,True,True,common,valid,valid,True
2124.86103613675,702,0.00744606653876576,-0.110325406039641,-0.096786084975165,-0.096786084975165,False,713.323041377249,-0.0504705408667377,713.272570836382,True,True,common,valid,valid,True
2124.83126416802,703,0.00744198971944465,-0.110189153223433,-0.0966498082736543,-0.0966498082736543,False,713.317802061647,-0.0505000692264763,713.26730199242,True,True,common,valid,valid,True
2124.79214544594,704,0.00743664029234028,-0.110052900626858,-0.0965135234142153,-0.0965135234142153,False,713.309584257958,-0.0505288399889973,713.259055417969,True,True,common,valid,valid,True
2124.76043128967,705,0.00743229910149733,-0.109916648636007,-0.0963772457976899,-0.0963772457976899,False,713.303723866731,-0.0505568519642734,713.253167014767,True,True,common,valid,valid,True
2124.74484732747,706,0.00743015421298846,-0.109780397450385,-0.0962409834446012,-0.0962409834446012,False,713.303000101722,-0.0505841057596427,713.252415995962,True,True,common,valid,valid,True
2124.74169063568,707,0.00742970143461144,-0.109644146983228,-0.0961047329490966,-0.0961047329490966,False,713.306233443958,-0.0506106043495374,713.255622839609,True,True,common,valid,valid,True
2124.72666332126,708,0.00742763240010715,-0.109507896676034,-0.0959684719737629,-0.0959684719737629,False,713.305684352687,-0.0506363541575379,713.255047998529,True,True,common,valid,valid,True
2124.69874152541,709,0.00742380770843659,-0.10937164650607,-0.0958321995781915,-0.0958321995781915,False,713.30102672044,-0.0506613572486146,713.250365363191,True,True,common,valid,valid,True
2124.68882644176,710,0.00742243481053555,-0.109235397180782,-0.0956959441673994,-0.0956959441673994,False,713.302103377774,-0.050685610524917,713.251417767249,True,True,common,valid,valid,True
2124.69972646236,711,0.00742389608243421,-0.109099148762445,-0.0955597083208333,-0.0955597083208333,False,713.309808938193,-0.0507091158950245,713.259099822298,True,True,common,valid,valid,True
2124.69535836577,712,0.00742327850634098,-0.108962900425799,-0.0954234588709329,-0.0954234588709329,False,713.312649895122,-0.050731881197683,713.261918013925,True,True,common,valid,valid,True
2124.63509213924,713,0.00741505000750787,-0.108826651246149,-0.0952871584754596,-0.0952871584754596,False,713.297684377967,-0.0507539142134125,713.246930463754,True,True,common,valid,valid,True
2124.53167757392,714,0.00740094659108972,-0.108690401519127,-0.095150818858134,-0.095150818858134,False,713.268975321359,-0.0507752143824947,713.218200106976,True,True,common,valid,valid,True
2124.54878050089,715,0.00740325255894416,-0.108554154964901,-0.0950145904362598,-0.0950145904362598,False,713.27865057045,-0.0507957608589119,713.227854809591,True,True,common,valid,valid,True
2124.55096966028,716,0.0074035279339028,-0.108417908500729,-0.094878348737076,-0.094878348737076,False,713.283574563969,-0.0508155752773631,713.232758988692,True,True,common,valid,valid,True
2124.47862839699,717,0.00739365550499863,-0.1082816607771,-0.0947420389756253,-0.0947420389756253,False,713.264759153201,-0.050834667017002,713.213924486184,True,True,common,valid,valid,True
2124.47423827648,718,0.00739303513103612,-0.108145415023348,-0.0946057920901447,-0.0946057920901447,False,713.267584855831,-0.0508530197647628,713.216731836066,True,True,common,valid,valid,True
2124.53795802593,719,0.00740168839175396,-0.10800917123707,-0.0944696082202904,-0.0944696082202904,False,713.292102738098,-0.0508706365795654,713.241232101518,True,True,common,valid,valid,True
2124.50806844234,720,0.00739759614838151,-0.107872925762449,-0.0943333387586719,-0.0943333387586719,False,713.286804053597,-0.0508875385716225,713.235916515026,True,True,common,valid,valid,True
2124.45677345991,721,0.00739058946251719,-0.107736680234716,-0.0941970500582118,-0.0941970500582118,False,713.274686420457,-0.0509037187416786,713.223782701716,True,True,common,valid,valid,True
2124.41583546996,722,0.00738499298756474,-0.107600435370383,-0.0940607713045346,-0.0940607713045346,False,713.265866496779,-0.0509191756196555,713.214947321159,True,True,common,valid,valid,True
2124.40856686234,723,0.00738398083882693,-0.107464191691919,-0.0939245239152502,-0.0939245239152502,False,713.267768852656,-0.050933909172661,713.216834943483,True,True,common,valid,valid,True
2124.39566040039,724,0.00738220109293661,-0.1073279483138,-0.0937882717732229,-0.0937882717732229,False,713.267874269732,-0.0509479255848908,713.216926344147,True,True,common,valid,valid,True
2124.34832304716,725,0.00737573341868586,-0.107191704590862,-0.0936519884258241,-0.0936519884258241,False,713.257012455249,-0.0509612293618919,713.206051225887,True,True,common,valid,valid,True
2124.29291018844,726,0.00736816626222315,-0.107055461115924,-0.0935156980885463,-0.0935156980885463,False,713.243577802186,-0.0509738199078944,713.192603982278,True,True,common,valid,valid,True
2124.27772662044,727,0.0073660765815379,-0.106919218968661,-0.0933794451370522,-0.0933794451370522,False,713.242954070531,-0.0509856954305395,713.1919683751,True,True,common,valid,valid,True
2124.32247549295,728,0.00737214704310889,-0.106782978584995,-0.0932432476672088,-0.0932432476672088,False,713.261416393792,-0.0509968571462759,713.210419536646,True,True,common,valid,valid,True
2124.39638200402,729,0.00738218747646156,-0.106646739274329,-0.0931070774046057,-0.0931070774046057,False,713.289165344727,-0.0510073100824685,713.238158034645,True,True,common,valid,valid,True
2124.45872950554,730,0.00739065409924498,-0.106510500127183,-0.0929708969451475,-0.0929708969451475,False,713.313233134219,-0.0510170593070897,713.262216074912,True,True,common,valid,valid,True
2124.45608830452,731,0.00739027221265062,-0.106374259954039,-0.0928346572101132,-0.0928346572101132,False,713.316599231453,-0.0510261098604694,713.265573121593,True,True,common,valid,valid,True
2124.39437958598,732,0.00738184804307864,-0.106238018891515,-0.0926983636434925,-0.0926983636434925,False,713.301149096416,-0.0510344625736715,713.250114633842,True,True,common,valid,valid,True
2124.35652497411,733,0.00737667176118432,-0.10610177878558,-0.0925620924142343,-0.0925620924142343,False,713.293296181675,-0.0510421146041791,713.242254067071,True,True,common,valid,valid,True
2124.35062775016,734,0.00737584665170089,-0.105965539813125,-0.0924258509621333,-0.0924258509621333,False,713.295621042449,-0.0510490680031066,713.244571974446,True,True,common,valid,valid,True
2124.37180882692,735,0.0073787083922054,-0.105829301863065,-0.0922896348028813,-0.0922896348028813,False,713.306569739231,-0.051055325488423,713.255514413742,True,True,common,valid,valid,True
2124.3794952631,736,0.00737973280510941,-0.105693064035653,-0.0921534066711757,-0.0921534066711757,False,713.313218907976,-0.0510608909403378,713.262158017036,True,True,common,valid,valid,True
2124.3367639184,737,0.0073738926718988,-0.105556825516123,-0.0920171326581656,-0.0920171326581656,False,713.303807101014,-0.0510657673706419,713.252741333643,True,True,common,valid,valid,True
2124.28660950065,738,0.00736704190093538,-0.105420587256996,-0.0918808522525397,-0.0918808522525397,False,713.292029842359,-0.0510699550372563,713.240959887322,True,True,common,valid,valid,True
2124.25134772062,739,0.00736221885678478,-0.105284349749923,-0.0917445859474458,-0.0917445859474458,False,713.284995083204,-0.0510734554373825,713.233921627767,True,True,common,valid,valid,True
2124.21994930506,740,0.00735792186052479,-0.105148112750617,-0.0916083236130729,-0.0916083236130729,False,713.279189646975,-0.0510762710360723,713.228113375939,True,True,common,valid,valid,True
2124.16702966392,741,0.00735069471866779,-0.105011875701158,-0.0914720419394452,-0.0914720419394452,False,713.266528533853,-0.0510784042677691,713.215450129585,True,True,common,valid,valid,True
2124.10464681685,742,0.00734217917668997,-0.104875638867647,-0.0913357520002425,-0.0913357520002425,False,713.25085268649,-0.0510798568207614,713.199772829669,True,True,common,valid,valid,True
2124.06491222978,743,0.00733674730585279,-0.104739402953202,-0.0911994832798459,-0.0911994832798459,False,713.242388995722,-0.0510806305465599,713.191308365176,True,True,common,valid,valid,True
2124.04646371678,744,0.00733421363029553,-0.104603167925433,-0.0910632345248815,-0.0910632345248815,False,713.240703140103,-0.0510807278278103,713.189622412276,True,True,common,valid,valid,True
2124.04062075913,745,0.00733339626569304,-0.104466933592643,-0.0909269977633286,-0.0909269977633286,False,713.243030496968,-0.0510801509753753,713.191950345993,True,True,common,valid,valid,True
2124.06403800845,746,0.00733656277655763,-0.104330700316379,-0.0907907882840698,-0.0907907882840698,False,713.254675347321,-0.0510789024116913,713.20359644491,True,True,common,valid,valid,True
2124.12412953377,747,0.00734472259174442,-0.104194468255647,-0.0906546128911633,-0.0906546128911633,False,713.277999996035,-0.0510769847179641,713.226923011317,True,True,common,valid,valid,True
2124.13442823291,748,0.0073461030196536,-0.104058235526666,-0.0905183922014189,-0.0905183922014189,False,713.28546491467,-0.0510743987591519,713.234390515911,True,True,common,valid,valid,True
2123.34936383367,775,0.00723864079660553,-0.100380085857374,-0.0868396148083984,-0.0868396148083984,False,713.147930828891,-0.0507596014871311,713.097171227404,True,True,common,valid,valid,True
2120.88285108656,953,0.00689961015083599,-0.0761386348540592,-0.0625964572372046,-0.0625964572372046,False,713.080037356764,-0.0394575930270056,713.040579763737,True,True,common,valid,valid,True
2120.85570453107,954,0.00689589924567067,-0.076002478312524,-0.0624602792170884,-0.0624602792170884,False,713.075308331276,-0.0393615418679309,713.035946789408,True,True,common,valid,valid,True
2120.67801725864,955,0.00687169610775122,-0.0758663197548645,-0.062323964280838,-0.062323964280838,False,713.022660894963,-0.0392651538353095,712.983395741127,True,True,common,valid,valid,True
2120.52978786826,956,0.00685150297373015,-0.0757301619876843,-0.0621876765328439,-0.0621876765328439,False,712.979394390984,-0.0391685467458828,712.940225844238,True,True,common,valid,valid,True
2120.50875464082,957,0.00684862437461587,-0.0755940065163755,-0.0620515050619887,-0.0620515050619887,False,712.976608256695,-0.0390717861922485,712.937536470503,True,True,common,valid,valid,True
2120.49423950911,958,0.00684663307816647,-0.0754578514665347,-0.0619153398536922,-0.0619153398536922,False,712.975895138685,-0.0389747963830931,712.936920342302,True,True,common,valid,valid,True
2120.47963052988,959,0.00684462903836627,-0.0753216967352394,-0.061779174880045,-0.061779174880045,False,712.975150849237,-0.0388775751051705,712.936273274132,True,True,common,valid,valid,True
2120.47971826792,960,0.00684462560365491,-0.0751855425492049,-0.0616430236215994,-0.0616430236215994,False,712.979082322612,-0.0387801340824005,712.94030218853,True,True,common,valid,valid,True
2120.48463743925,961,0.00684527986993825,-0.0750493887553119,-0.0615068770849224,-0.0615068770849224,False,712.984550111009,-0.0386824689879231,712.945867642021,True,True,common,valid,valid,True
2120.47734838724,962,0.00684427233595086,-0.0749132350917305,-0.0613707197389485,-0.0613707197389485,False,712.986131420607,-0.0385845707283574,712.947546849878,True,True,common,valid,valid,True
2120.4474272728,963,0.00684018407626549,-0.0747770813997206,-0.0612345420841767,-0.0612345420841767,False,712.980508880677,-0.0384864344600083,712.942022446217,True,True,common,valid,valid,True
2120.47532790899,964,0.00684396674443318,-0.0746409289076057,-0.0610984174434711,-0.0610984174434711,False,712.993286623526,-0.0383881151660284,712.95489850836,True,True,common,valid,valid,True
2120.43316650391,965,0.00683821235967365,-0.074504775663276,-0.060962229268294,-0.060962229268294,False,712.983765926426,-0.0382895307046266,712.945476395721,True,True,common,valid,valid,True
2120.41281348467,966,0.00683542663925103,-0.0743686230680173,-0.0608260612848456,-0.0608260612848456,False,712.981184467491,-0.0381907436430035,712.942993723848,True,True,common,valid,valid,True
2120.39550989866,967,0.00683305604983557,-0.0742324708349013,-0.0606898963963332,-0.0606898963963332,False,712.979572174607,-0.038091743697302,712.94148043091,True,True,common,valid,valid,True
2120.35607856512,968,0.00682767339833324,-0.0740963185822399,-0.0605537116599173,-0.0605537116599173,False,712.970916719209,-0.0379925162112185,712.932924202998,True,True,common,valid,valid,True
2120.30913203955,969,0.00682126779465735,-0.0739601665321666,-0.0604175203920065,-0.0604175203920065,False,712.959868642496,-0.0378930728901085,712.921975569606,True,True,common,valid,valid,True
2120.28214493394,970,0.00681757916030225,-0.0738240150986292,-0.0602813476263858,-0.0602813476263858,False,712.955171024603,-0.0377934341051087,712.917377590498,True,True,common,valid,valid,True
2120.28193172812,971,0.00681753509341991,-0.0736878643816336,-0.0601451995694229,-0.0601451995694229,False,712.958992136329,-0.0376936065603351,712.921298529769,True,True,common,valid,valid,True
2120.31153121591,972,0.00682154923354354,-0.0735517144239459,-0.0600090789868659,-0.0600090789868659,False,712.972299293529,-0.0375935944648502,712.934705699064,True,True,common,valid,valid,True
2120.35549661517,973,0.00682751891811311,-0.0734155649912916,-0.05987297180265,-0.05987297180265,False,712.990177558887,-0.0374933896301041,712.952684169257,True,True,common,valid,valid,True
2120.32265144587,974,0.00682303299065212,-0.0732794147183838,-0.0597367949490654,-0.0597367949490654,False,712.983610017846,-0.0373929328373518,712.946217085009,True,True,common,valid,valid,True
2120.26025751233,975,0.00681452485645213,-0.073143264316888,-0.0596005914887703,-0.0596005914887703,False,712.967637845803,-0.0372922577053733,712.930345588097,True,True,common,valid,valid,True
2120.20260119438,976,0.00680666165840531,-0.0730071142995457,-0.0594643926582254,-0.0594643926582254,False,712.953172663554,-0.0371913893397105,712.915981274214,True,True,common,valid,valid,True
2120.16475304961,977,0.00680149482868486,-0.0728709648890853,-0.0593282121847003,-0.0593282121847003,False,712.945009872383,-0.0370903400212076,712.907919532361,True,True,common,valid,valid,True
2120.14701160789,978,0.00679906499714371,-0.0727348160874411,-0.0591920503375953,-0.0591920503375953,False,712.943244040513,-0.0369891120929341,712.90625492842,True,True,common,valid,valid,True
2120.15001469851,979,0.00679945897966827,-0.0725986679016586,-0.0590559076954633,-0.0590559076954633,False,712.948078038862,-0.0368877081282608,712.911190330734,True,True,common,valid,valid,True
2120.17639796436,980,0.00680303553767069,-0.0724625203683452,-0.0589197866566316,-0.0589197866566316,False,712.960350853847,-0.0367861320612343,712.923564721786,True,True,common,valid,valid,True
2120.20868656039,981,0.00680741596110933,-0.0723263732275288,-0.0587836713021223,-0.0587836713021223,False,712.974502062116,-0.0366843741309982,712.937817687985,True,True,common,valid,valid,True
2120.2373149395,982,0.0068112981722031,-0.0721902263374325,-0.0586475529186034,-0.0586475529186034,False,712.987487655145,-0.0365824298905325,712.950905225255,True,True,common,valid,valid,True
2120.26743534207,983,0.00681538350192206,-0.0720540797734543,-0.0585114361983224,-0.0585114361983224,False,713.000947254597,-0.0364803049127326,712.964466949685,True,True,common,valid,valid,True
2120.28285345435,984,0.00681746755999704,-0.0719179332974322,-0.0583753063916551,-0.0583753063916551,False,713.009726755524,-0.0363779901702345,712.973348765354,True,True,common,valid,valid,True
2120.23955920339,985,0.00681155965074476,-0.0717817862659838,-0.0582391234185754,-0.0582391234185754,False,712.999818964313,-0.036275457471082,712.963543506842,True,True,common,valid,valid,True
2120.17636582255,986,0.00680294308964126,-0.0716456392507715,-0.0581029226307179,-0.0581029226307179,False,712.983577297722,-0.0361727353571687,712.947404562365,True,True,common,valid,valid,True
2120.12623789907,987,0.00679610505233552,-0.071509492733287,-0.0579667340485721,-0.0579667340485721,False,712.971492899345,-0.0360698485238019,712.935423050821,True,True,common,valid,valid,True
2120.09473788738,988,0.00679180270019063,-0.0713733467924611,-0.057830562735449,-0.057830562735449,False,712.965335479036,-0.035966802916934,712.929368676119,True,True,common,valid,valid,True
2120.06622963399,989,0.00678790762331488,-0.0712372011992336,-0.0576943944510037,-0.0576943944510037,False,712.960128904881,-0.0358635898627456,712.924265315018,True,True,common,valid,valid,True
2120.0314235799,990,0.00678315532064224,-0.0711010558183581,-0.0575582207358014,-0.0575582207358014,False,712.952917024828,-0.0357602050086076,712.917156819819,True,True,common,valid,valid,True
2119.98748204671,991,0.00677715952808203,-0.0709649106089097,-0.0574220390061478,-0.0574220390061478,False,712.942796984568,-0.0356566484323446,712.907140336136,True,True,common,valid,valid,True
2119.94181298837,992,0.00677092862190749,-0.0708287656778955,-0.0572858560071729,-0.0572858560071729,False,712.932126224566,-0.0355529273106113,712.896573297255,True,True,common,valid,valid,True
2119.91345835477,993,0.00676705459762612,-0.0706926212985123,-0.0571496890751344,-0.0571496890751344,False,712.926963787053,-0.035449056937899,712.891514730115,True,True,common,valid,valid,True
2119.92082735151,994,0.00676804331347391,-0.0705564777325567,-0.0570135549678495,-0.0570135549678495,False,712.933167196259,-0.0353450522472119,712.897822144012,True,True,common,valid,valid,True
2119.96636253223,995,0.00677422723895422,-0.0704203350114625,-0.0568774559053929,-0.0568774559053929,False,712.951514291071,-0.0352409171152455,712.916273373956,True,True,common,valid,valid,True
2120.02189003304,996,0.00678177133775301,-0.0702841927291472,-0.0567413662357056,-0.0567413662357056,False,712.973040894559,-0.0351366340520832,712.937904260507,True,True,common,valid,valid,True
2120.04580523074,997,0.00678501239185312,-0.0701480502906013,-0.0566052480829142,-0.0566052480829142,False,712.984506872211,-0.0350321760625414,712.949474696149,True,True,common,valid,valid,True
2120.01511883736,998,0.00678082111481967,-0.0700119073703758,-0.0564690805215317,-0.0564690805215317,False,712.978595095993,-0.0349275290195674,712.943667566973,True,True,common,valid,valid,True
2119.94834403321,999,0.00677171753124537,-0.0698757642359812,-0.0563328804083464,-0.0563328804083464,False,712.961197717018,-0.034822707805823,712.926375009212,True,True,common,valid,valid,True
2119.86670908332,1000,0.00676059123417945,-0.0697396211913437,-0.0561966670694243,-0.0561966670694243,False,712.939071266116,-0.0347177292851168,712.904353536831,True,True,common,valid,valid,True
2119.77552615106,1001,0.00674816531703148,-0.0696034783125694,-0.0560604453409829,-0.0560604453409829,False,712.913906844999,-0.0346125992156678,712.879294245783,True,True,common,valid,valid,True
2119.68532434106,1002,0.00673587299731224,-0.0694673357485071,-0.0559242248067164,-0.0559242248067164,False,712.889055021995,-0.0345073270484112,712.854547694946,True,True,common,valid,valid,True
2119.62841013074,1003,0.0067281118064451,-0.0693311939525052,-0.0557880348688454,-0.0557880348688454,False,712.874793844856,-0.0344019376209715,712.840391907235,True,True,common,valid,valid,True
2119.63985648751,1004,0.00672965583442156,-0.0691950534125301,-0.0556519074430866,-0.0556519074430866,False,712.882280531955,-0.0342964578387202,712.847984074117,True,True,common,valid,valid,True
2119.70056831837,1005,0.00673790585562364,-0.06905891385494,-0.0555158251451418,-0.0555158251451418,False,712.9054407857,-0.0341908764567616,712.871249909243,True,True,common,valid,valid,True
2119.77396389842,1006,0.00674788239140382,-0.0689227747641823,-0.0553797546796384,-0.0553797546796384,False,712.932637143338,-0.0340851697879302,712.89855197355,True,True,common,valid,valid,True
2119.80983555317,1007,0.00675275122914245,-0.0687866354378217,-0.0552436503546394,-0.0552436503546394,False,712.947893450392,-0.033979304364028,712.913914146028,True,True,common,valid,valid,True
2119.78900705278,1008,0.00674990213619174,-0.0686504956109302,-0.0551074947221011,-0.0551074947221011,False,712.945106084196,-0.0338732685513169,712.911232815645,True,True,common,valid,valid,True
2119.72684720159,1009,0.00674142711012443,-0.068514355501663,-0.0549713017717621,-0.0549713017717621,False,712.929165724602,-0.0337670751813577,712.895398649421,True,True,common,valid,valid,True
2119.64060947299,1010,0.00672967468085151,-0.0683782153528229,-0.054835087206756,-0.054835087206756,False,712.905563695719,-0.0336607384802289,712.871902957239,True,True,common,valid,valid,True
2119.56350755692,1011,0.00671916585000693,-0.0682420756255232,-0.0546988812498706,-0.0546988812498706,False,712.88486851244,-0.0335542840889607,712.851314228351,True,True,common,valid,valid,True
2119.5330915153,1012,0.00671501186463887,-0.0681059368359477,-0.0545627180645391,-0.0545627180645391,False,712.879026105947,-0.0334477408433898,712.845578365104,True,True,common,valid,valid,True
2119.54892167449,1013,0.00671715286281497,-0.0679697989730501,-0.0544265972456455,-0.0544265972456455,False,712.887895868354,-0.0333411106037965,712.85455475775,True,True,common,valid,valid,True
2119.5734564662,1014,0.00672047874427383,-0.0678336615167155,-0.0542904846333744,-0.0542904846333744,False,712.899534081586,-0.0332343687396622,712.866299712846,True,True,common,valid,valid,True
2119.5749014318,1015,0.00672066170858636,-0.0676975240297486,-0.0541543513006965,-0.0541543513006965,False,712.903824712315,-0.0331274946115077,712.870697217704,True,True,common,valid,valid,True
2119.56699585915,1016,0.00671957192551122,-0.0675613867014674,-0.0540182097482243,-0.0540182097482243,False,712.905138969938,-0.0330205000585132,712.872118469879,True,True,common,valid,valid,True
2119.56626784801,1017,0.00671945916630937,-0.0674252497577232,-0.053882075012014,-0.053882075012014,False,712.908735660362,-0.0329133989581987,712.875822261404,True,True,common,valid,valid,True
2119.57938250899,1018,0.00672123066836222,-0.0672891132881173,-0.0537459531539945,-0.0537459531539945,False,712.916735581882,-0.0328061981658841,712.883929383716,True,True,common,valid,valid,True
2119.59904384613,1019,0.00672389331418332,-0.0671529771917192,-0.0536098375355606,-0.0536098375355606,False,712.926817477425,-0.0326988945381413,712.894118582886,True,True,common,valid,valid,True
2119.59895995259,1020,0.00672386831317429,-0.0670168411106233,-0.0534737042396906,-0.0534737042396906,False,712.930615418559,-0.0325914712688734,712.89802394729,True,True,common,valid,valid,True
2119.57972738147,1021,0.00672123687239993,-0.0668807050540039,-0.0533375538101437,-0.0533375538101437,False,712.928319029837,-0.0324839308092027,712.895835099027,True,True,common,valid,valid,True
2119.53791829944,1022,0.00671553241014207,-0.0667445689767174,-0.0532013831302769,-0.0532013831302769,False,712.918837736476,-0.0323762727181568,712.886461463758,True,True,common,valid,valid,True
2119.48940426111,1023,0.00670891532479997,-0.066608433094203,-0.0530652066373943,-0.0530652066373943,False,712.907222022077,-0.0322685104448116,712.874953511632,True,True,common,valid,valid,True
2119.36473238468,1024,0.00669193189386309,-0.0664722964733827,-0.052928961164728,-0.052928961164728,False,712.871375339188,-0.032160595986601,712.839214743201,True,True,common,valid,valid,True
2119.2948012054,1025,0.00668239965569344,-0.0663361608757664,-0.052792765766331,-0.052792765766331,False,712.852945068363,-0.0320526256866127,712.820892442676,True,True,common,valid,valid,True
2119.27268671989,1026,0.00667937611952161,-0.0662000262024171,-0.0526566141388663,-0.0526566141388663,False,712.84972583975,-0.0319445967105663,712.81778124304,True,True,common,valid,valid,True
2119.28808572888,1027,0.00668145883272079,-0.0660638923109043,-0.0525204969075823,-0.0525204969075823,False,712.858439436847,-0.0318365037628044,712.826602933084,True,True,common,valid,valid,True
2119.33210888505,1028,0.0066874377959552,-0.0659277590792266,-0.0523844059850733,-0.0523844059850733,False,712.876258567491,-0.0317283425429441,712.844530224948,True,True,common,valid,valid,True
2119.39237302542,1029,0.00669562744712885,-0.0657916263400922,-0.0522483301080215,-0.0522483301080215,False,712.899244608375,-0.0316201061998494,712.867624502176,True,True,common,valid,valid,True
2119.44716230035,1030,0.00670307189593297,-0.065655493803617,-0.0521122495279689,-0.0521122495279689,False,712.920488756034,-0.0315117810950933,712.888976974939,True,True,common,valid,valid,True
2119.46685469151,1031,0.00670573910054436,-0.0655193610772667,-0.0519761373095201,-0.0519761373095201,False,712.930564957203,-0.0314033478137187,712.89916160939,True,True,common,valid,valid,True
2119.44665718079,1032,0.00670297666282067,-0.0653832280999212,-0.0518399890968295,-0.0518399890968295,False,712.927947170628,-0.0312948048858775,712.896652365742,True,True,common,valid,valid,True
2119.41291931272,1033,0.00669837119507591,-0.0652470952218941,-0.0517038288508169,-0.0517038288508169,False,712.921019690937,-0.031186173434379,712.889833517503,True,True,common,valid,valid,True
2119.38493388891,1034,0.00669454876285537,-0.0651109626975451,-0.0515676741131854,-0.0515676741131854,False,712.915921368505,-0.0310774695118947,712.884843898994,True,True,common,valid,valid,True
2119.35355094075,1035,0.00669026390698762,-0.0649748304057054,-0.0514315165639304,-0.0514315165639304,False,712.909740793426,-0.0309686885414221,712.878772104885,True,True,common,valid,valid,True
2119.30578333139,1036,0.00668374887211625,-0.0648386981761549,-0.0512953443957293,-0.0512953443957293,False,712.898345904054,-0.0308598231390142,712.867486080915,True,True,common,valid,valid,True
2119.24559439719,1037,0.00667554313591932,-0.0647025660616397,-0.0511591612127,-0.0511591612127,False,712.88299814506,-0.030750878229708,712.85224726683,True,True,common,valid,valid,True
2119.18285429478,1038,0.00666699018574372,-0.0645664341912981,-0.0510229759881349,-0.0510229759881349,False,712.866838102182,-0.0306418630463322,712.836196239136,True,True,common,valid,valid,True
2119.12890340388,1039,0.00665963362536895,-0.0644303027120114,-0.0508867990304317,-0.0508867990304317,False,712.853473567108,-0.0305327879097058,712.822940779199,True,True,common,valid,valid,True
2119.10423498601,1040,0.00665626290362197,-0.0642941718876943,-0.0507506489663985,-0.0507506489663985,False,712.849423593779,-0.0304236698288068,712.81899992395,True,True,common,valid,valid,True
2119.12162455916,1041,0.0066586169575041,-0.0641580418801503,-0.0506145374052307,-0.0506145374052307,False,712.858752162627,-0.0303145202163626,712.82843764241,True,True,common,valid,valid,True
2119.14975212514,1042,0.00666243264247204,-0.0640219122813423,-0.0504784358746849,-0.0504784358746849,False,712.871495881102,-0.0302053183346117,712.841290562768,True,True,common,valid,valid,True
2119.14763568342,1043,0.00666213167948416,-0.0638857825623061,-0.0503423071240835,-0.0503423071240835,False,712.874616566756,-0.0300960363453867,712.84452053041,True,True,common,valid,valid,True
2119.11133934557,1044,0.00665717834285507,-0.0637496526745129,-0.0502061475782243,-0.0502061475782243,False,712.866861807188,-0.0299866734040327,712.836875133784,True,True,common,valid,valid,True
2119.0708534345,1045,0.00665165477750376,-0.0636135230046427,-0.0500699844964767,-0.0500699844964767,False,712.857773068714,-0.0298772534472633,712.827895815267,True,True,common,valid,valid,True
2119.04154255614,1046,0.00664765233768586,-0.0634773937487641,-0.0499338318422575,-0.0499338318422575,False,712.852238321858,-0.02976778976337,712.822470532095,True,True,common,valid,valid,True
2119.02142623998,1047,0.00664490144868531,-0.0633412648799831,-0.0497976878140675,-0.0497976878140675,False,712.849627364971,-0.0296582829778194,712.819969081993,True,True,common,valid,valid,True
2119.00182046124,1048,0.00664222008364007,-0.0632051362864422,-0.0496615445187866,-0.0496615445187866,False,712.847177536054,-0.029548728809691,712.817628807245,True,True,common,valid,valid,True
2118.9706536606,1049,0.00663796512569798,-0.0630690078143806,-0.0495253909860447,-0.0495253909860447,False,712.841048636816,-0.0294391204890758,712.811609516327,True,True,common,valid,valid,True
2118.92179590464,1050,0.00663130220464472,-0.0629328793867353,-0.0493892216461338,-0.0493892216461338,False,712.829290873699,-0.0293294555824992,712.799961418116,True,True,common,valid,valid,True
2118.8709204793,1051,0.00662436468715972,-0.0627967512023789,-0.0492530507418426,-0.0492530507418426,False,712.81689037549,-0.0292197476158984,712.787670627874,True,True,common,valid,valid,True
2118.83578024805,1052,0.00661956899442708,-0.0626606234843048,-0.0491168944034229,-0.0491168944034229,False,712.809494168641,-0.0291100116543181,712.780384156987,True,True,common,valid,valid,True
2118.81960090995,1053,0.00661735418583791,-0.0625244962709034,-0.0489807555595857,-0.0489807555595857,False,712.808128002047,-0.0290002521350377,712.779127749912,True,True,common,valid,valid,True
2118.82991062105,1054,0.00661874494534008,-0.0623883696541634,-0.0488446410477962,-0.0488446410477962,False,712.815186464345,-0.0288904766498612,712.786295987695,True,True,common,valid,valid,True
2118.86416947842,1055,0.00662339554910537,-0.0622522435995272,-0.0487085485576032,-0.0487085485576032,False,712.829862081527,-0.0287806854144589,712.801081396113,True,True,common,valid,valid,True
2118.91091439873,1056,0.00662974570406004,-0.0621161179615179,-0.0485724676721474,-0.0485724676721474,False,712.848509077126,-0.0286708720976913,712.819838205028,True,True,common,valid,valid,True
2118.95643502846,1057,0.00663592923628968,-0.0619799925678656,-0.0484363859341685,-0.0484363859341685,False,712.866766226575,-0.0285610287105411,712.838205197864,True,True,common,valid,valid,True
2118.98529639654,1058,0.00663984523220316,-0.061843867226224,-0.0483002893210423,-0.0483002893210423,False,712.879722784056,-0.0284511459893047,712.851271638067,True,True,common,valid,valid,True
2118.99591910839,1059,0.00664127871878043,-0.0617077419176937,-0.0481641763987059,-0.0481641763987059,False,712.886875686934,-0.0283412248276569,712.858534462107,True,True,common,valid,valid,True
2119.00173813826,1060,0.00664205838507162,-0.0615716168093731,-0.048028059372486,-0.048028059372486,False,712.892499070722,-0.0282312771379156,712.864267793584,True,True,common,valid,valid,True
2119.00316448347,1061,0.006642240174696,-0.061435491906125,-0.0478919386155213,-0.0478919386155213,False,712.896723630123,-0.0281213052810223,712.868602324842,True,True,common,valid,valid,True
2118.9841053877,1062,0.0066396336469178,-0.0612993670095551,-0.0477557995097839,-0.0477557995097839,False,712.894429146316,-0.0280112995040587,712.866417846812,True,True,common,valid,valid,True
2118.92643545568,1063,0.00663177169739337,-0.0611632418983355,-0.0476196255930409,-0.0476196255930409,False,712.879849084902,-0.0279012485570435,712.851947836345,True,True,common,valid,valid,True
2118.84506486356,1064,0.00662068381084328,-0.061027116758289,-0.0474834304111778,-0.0474834304111778,False,712.857728298893,-0.0277911654412184,712.829937133452,True,True,common,valid,valid,True
2118.76244884729,1065,0.00660942644907572,-0.0608909918654334,-0.0473472343608474,-0.0473472343608474,False,712.835211377071,-0.0276810687039607,712.807530308368,True,True,common,valid,valid,True
2118.68481126428,1066,0.00659884676125036,-0.0607548672950364,-0.0472110430940858,-0.0472110430940858,False,712.814278156653,-0.0275709649796786,712.786707191674,True,True,common,valid,valid,True
2118.62332066894,1067,0.00659046493202008,-0.0606187431815064,-0.0470748667526507,-0.0470748667526507,False,712.798480835253,-0.0274608645342707,712.771019970718,True,True,common,valid,valid,True
2118.60075742006,1068,0.00658738165912806,-0.0604826197983679,-0.0469387260219062,-0.0469387260219062,False,712.795064566796,-0.0273507861602739,712.767713780636,True,True,common,valid,valid,True
2118.61696124077,1069,0.00658957511637711,-0.0603464971395013,-0.0468026207520513,-0.0468026207520513,False,712.803978015988,-0.0272407318035607,712.776737284184,True,True,common,valid,valid,True
2118.65567728877,1070,0.00659483280168056,-0.060210375005165,-0.0466665361784817,-0.0466665361784817,False,712.820051411133,-0.027130691588925,712.792920719544,True,True,common,valid,valid,True
2118.69331735373,1071,0.00659994405398079,-0.0600742531092513,-0.0465304508793632,-0.0465304508793632,False,712.835781926932,-0.0270206502550044,712.808761276677,True,True,common,valid,valid,True
2118.70896673203,1072,0.00660206211818453,-0.0599381312001716,-0.0463943458629678,-0.0463943458629678,False,712.844516076402,-0.0269105945051468,712.817605481897,True,True,common,valid,valid,True
2118.69022676349,1073,0.00659949938672489,-0.0598020091306536,-0.0462582098725316,-0.0462582098725316,False,712.842309100132,-0.0268005172995617,712.815508582833,True,True,common,valid,valid,True
2118.65526473522,1074,0.00659472866271505,-0.0596658871201081,-0.0461220594058856,-0.0461220594058856,False,712.834940375385,-0.0266904340424773,712.808249941343,True,True,common,valid,valid,True
2118.61956459284,1075,0.00658985750694845,-0.0595297653538394,-0.0459859085223704,-0.0459859085223704,False,712.827335699846,-0.0265803581652973,712.800755341681,True,True,common,valid,valid,True
2118.58849427104,1076,0.00658561656142533,-0.0593936438950527,-0.0458497620949949,-0.0458497620949949,False,712.82120262031,-0.0264702956703055,712.79473232464,True,True,common,valid,valid,True
2118.56526136398,1077,0.00658244241757118,-0.0592575227806912,-0.0457136230347761,-0.0457136230347761,False,712.817561383121,-0.0263602509721471,712.791201132149,True,True,common,valid,valid,True
2118.54771569371,1078,0.00658004240807333,-0.059121401984003,-0.0455774893883383,-0.0455774893883383,False,712.815727952334,-0.0262502245525414,712.789477727782,True,True,common,valid,valid,True
2118.5236993134,1079,0.0065767616887704,-0.0589852813605443,-0.0454413501174271,-0.0454413501174271,False,712.811834947014,-0.0261402095525443,712.785694737462,True,True,common,valid,valid,True
2118.56693297625,1080,0.00658263453557318,-0.0588491617771294,-0.0453052721443222,-0.0453052721443222,False,712.829332705973,-0.026030262103421,712.80330244387,True,True,common,valid,valid,True
2118.51121622324,1081,0.00657503907952575,-0.0587130412776845,-0.0451691045935765,-0.0451691045935765,False,712.815353109302,-0.0259202623698512,712.789432846932,True,True,common,valid,valid,True
2118.45098099113,1082,0.00656682864360912,-0.0585769209754379,-0.0450329331916217,-0.0450329331916217,False,712.79993550779,-0.0258102816879983,712.774125226102,True,True,common,valid,valid,True
2118.41154685616,1083,0.00656144951878152,-0.0584408011654866,-0.044896780920429,-0.044896780920429,False,712.791133459781,-0.0257003406792161,712.765433119102,True,True,common,valid,valid,True
2118.40555214882,1084,0.00656062192275216,-0.058304681992236,-0.0447606592485673,-0.0447606592485673,False,712.792966386009,-0.0255904506532507,712.767375935356,True,True,common,valid,valid,True
2118.4422378242,1085,0.00656560364736787,-0.0581685635594068,-0.0446245765597796,-0.0446245765597796,False,712.808373866016,-0.0254806204188384,712.782893245597,True,True,common,valid,valid,True
2118.4920707345,1086,0.00657237488345898,-0.058032445520962,-0.0444885060456942,-0.0444885060456942,False,712.827962867118,-0.0253708303831492,712.802592036735,True,True,common,valid,valid,True
2118.53454083204,1087,0.00657814397771711,-0.0578963276382211,-0.0443524290902251,-0.0443524290902251,False,712.845209352506,-0.0252610675832536,712.819948284922,True,True,common,valid,valid,True
2118.49198269844,1088,0.00657233979369305,-0.0577602090156517,-0.0442162752082304,-0.0442162752082304,False,712.835405903857,-0.0251512772557721,712.810254626601,True,True,common,valid,valid,True
2118.51433646679,1089,0.00657537088084755,-0.0576240913841554,-0.0440801804797418,-0.0440801804797418,False,712.846250651954,-0.0250415711993471,712.821209080754,True,True,common,valid,valid,True
2118.52757328749,1090,0.00657716107522297,-0.0574879738883918,-0.0439440777182048,-0.0439440777182048,False,712.854194052653,-0.0249318972952159,712.829262155357,True,True,common,valid,valid,True
2118.53954365849,1091,0.00657877891831551,-0.0573518566183253,-0.0438079740477741,-0.0438079740477741,False,712.861733419911,-0.0248222633487485,712.836911156562,True,True,common,valid,valid,True
2118.53294274211,1092,0.00657786903280387,-0.0572157393758778,-0.0436718537649633,-0.0436718537649633,False,712.863363401561,-0.0247126587796746,712.838650742781,True,True,common,valid,valid,True
2118.50489726663,1093,0.00657404033983556,-0.0570796221293331,-0.0435357142635908,-0.0435357142635908,False,712.858169841933,-0.0246030835684313,712.833566758364,True,True,common,valid,valid,True
2118.46131587029,1094,0.00656809707408487,-0.0569435049471236,-0.0433995609063519,-0.0433995609063519,False,712.848032699991,-0.0244935441104254,712.823539155881,True,True,common,valid,valid,True
2118.45930752158,1095,0.00656781238008451,-0.0568073884766463,-0.0432634455111207,-0.0432634455111207,False,712.851119715011,-0.024384084144223,712.826735630867,True,True,common,valid,valid,True
2118.37346404791,1096,0.00655611686604278,-0.0566712712974674,-0.0431272542899502,-0.0431272542899502,False,712.827536177107,-0.0242746142490438,712.803261562858,True,True,common,valid,valid,True
2118.29368421435,1097,0.00654524672031442,-0.0565351544291717,-0.042991068813043,-0.042991068813043,False,712.805881621617,-0.0241652020943502,712.781716419522,True,True,common,valid,valid,True
2118.25622653961,1098,0.00654013710349967,-0.0563990382772863,-0.042854921974004,-0.042854921974004,False,712.797688549992,-0.0240558761446066,712.773632673847,True,True,common,valid,valid,True
2118.27296897769,1099,0.00654240471731504,-0.0562629229701102,-0.042718824543852,-0.042718824543852,False,712.806734233435,-0.0239466470570816,712.782787586378,True,True,common,valid,valid,True
2118.32638141513,1100,0.00654966352047841,-0.0561268083067593,-0.042582760614434,-0.042582760614434,False,712.827443516303,-0.0238375040718507,712.803606012231,True,True,common,valid,valid,True
2118.38653877378,1101,0.00655784039650509,-0.0559906939503496,-0.0424467030356101,-0.0424467030356101,False,712.850298386327,-0.0237284274435979,712.826569958883,True,True,common,valid,valid,True
2118.38315972686,1102,0.00655736934435002,-0.0558545791182748,-0.0423105880519529,-0.0423105880519529,False,712.852940233458,-0.0236193681548149,712.829320865303,True,True,common,valid,valid,True
2118.33092191815,1103,0.00655024815379062,-0.0557184639780862,-0.0421744289824298,-0.0421744289824298,False,712.840037768426,-0.0235103390102273,712.816527429416,True,True,common,valid,valid,True
2118.2714073658,1104,0.00654213656324471,-0.0555823489933834,-0.0420382635486012,-0.0420382635486012,False,712.824819711587,-0.0234013723150261,712.801418339272,True,True,common,valid,valid,True
2118.22634698451,1105,0.00653599236629887,-0.0554462344036714,-0.0419021114610767,-0.0419021114610767,False,712.814198720308,-0.0232924859007355,712.790906234407,True,True,common,valid,valid,True
2118.18403205276,1106,0.00653022188781965,-0.0553101200782746,-0.0417659620980445,-0.0417659620980445,False,712.804450019583,-0.0231836733233812,712.781266346259,True,True,common,valid,valid,True
2118.14926823974,1107,0.00652547922528148,-0.0551740060689339,-0.0416298198171582,-0.0416298198171582,False,712.797102108316,-0.0230749401206709,712.774027168195,True,True,common,valid,valid,True
2118.13120144606,1108,0.00652300922184505,-0.0550378924742125,-0.041493692911762,-0.041493692911762,False,712.795063911854,-0.022966294960257,712.772097616894,True,True,common,valid,valid,True
2118.12838801742,1109,0.00652261537837477,-0.0549017792762345,-0.04135758007043,-0.04135758007043,False,712.79787614449,-0.0228577388324908,712.775018405658,True,True,common,valid,valid,True
2118.1357678771,1110,0.00652360896696549,-0.0547656664180458,-0.0412214767023238,-0.0412214767023238,False,712.803929390137,-0.0227492701168703,712.781180120021,True,True,common,valid,valid,True
2118.13825652003,1111,0.00652393684255371,-0.0546295537346313,-0.0410853691266094,-0.0410853691266094,False,712.808425596933,-0.0226408799667127,712.785784716967,True,True,common,valid,valid,True
2118.12698216736,1112,0.00652239147461922,-0.054493441129861,-0.0409492492980044,-0.0409492492980044,False,712.808542700681,-0.022532564051318,712.78601013663,True,True,common,valid,valid,True
2118.10378107429,1113,0.00651922279767319,-0.0543573286241058,-0.0408131188821939,-0.0408131188821939,False,712.804864780823,-0.0224243257791005,712.782440455044,True,True,common,valid,valid,True
2118.06931617856,1114,0.00651452104643451,-0.0542212162249376,-0.0406769784807636,-0.0406769784807636,False,712.797602819444,-0.0223161677101908,712.775286651734,True,True,common,valid,valid,True
2118.0295112785,1115,0.00650909250624396,-0.0540851039962512,-0.0405408334653709,-0.0405408334653709,False,712.788641206288,-0.0222080961889357,712.766433110099,True,True,common,valid,valid,True
2117.99716667645,1116,0.00650467941454206,-0.0539489920746788,-0.0404046954417674,-0.0404046954417674,False,712.78205135328,-0.0221001224881007,712.759951230791,True,True,common,valid,valid,True
2117.96893271618,1117,0.00650082585148062,-0.0538128804231901,-0.0402685613716102,-0.0402685613716102,False,712.776767741242,-0.0219922462491318,712.754775494992,True,True,common,valid,valid,True
2117.92379102856,1118,0.00649467103046893,-0.0536767688174785,-0.0401324121980833,-0.0401324121980833,False,712.766105371766,-0.0218844544451689,712.744220917321,True,True,common,valid,valid,True
2117.87075655162,1119,0.00648744196746092,-0.0535406573539876,-0.0399962560950555,-0.0399962560950555,False,712.752931800746,-0.0217767556340557,712.731155045112,True,True,common,valid,valid,True
2117.86232191324,1120,0.00648628336602209,-0.0534045465870866,-0.0398601406503577,-0.0398601406503577,False,712.753941602533,-0.0216691894830175,712.732272413051,True,True,common,valid,valid,True
2117.90749826282,1121,0.00649242171084862,-0.0532684366071441,-0.0397240740282867,-0.0397240740282867,False,712.772000915152,-0.0215617644051011,712.750439150747,True,True,common,valid,valid,True
2117.97303809412,1122,0.0065013317212321,-0.05313232705993,-0.0395880260847663,-0.0395880260847663,False,712.796536893989,-0.0214544585840942,712.775082435405,True,True,common,valid,valid,True
2118.02483434789,1123,0.00650837113363641,-0.0529962175856288,-0.0394519659000395,-0.0394519659000395,False,712.816701453028,-0.0213472496838331,712.795354203344,True,True,common,valid,valid,True
2118.03042509407,1124,0.00650912161007684,-0.0528601078450713,-0.0393158640490935,-0.0393158640490935,False,712.822167632951,-0.0212401166421397,712.800927516309,True,True,common,valid,valid,True
2117.98933403287,1125,0.00650351833249873,-0.0527239978365607,-0.0391797201035349,-0.0391797201035349,False,712.812783268501,-0.0211330612838852,712.791650207217,True,True,common,valid,valid,True
2117.93241075426,1126,0.00649576019479763,-0.0525878878845023,-0.0390435620290162,-0.0390435620290162,False,712.798361940729,-0.0210261077310845,712.777335832998,True,True,common,valid,valid,True
2117.88198232651,1127,0.00648888609662368,-0.0524517782211297,-0.0389074100627958,-0.0389074100627958,False,712.786005674706,-0.0209192739533741,712.765086400753,True,True,common,valid,valid,True
2117.8542971909,1128,0.00648510758044089,-0.052315669013009,-0.0387712789299861,-0.0387712789299861,False,712.780882232825,-0.0208125735334214,712.760069659292,True,True,common,valid,valid,True
2117.84213595092,1129,0.00648344202341717,-0.0521795601830246,-0.0386351620848821,-0.0386351620848821,False,712.780695084864,-0.0207060033571947,712.759989081507,True,True,common,valid,valid,True
2117.81672117114,1130,0.00647997258507723,-0.0520434514335575,-0.0384990334453708,-0.0384990334453708,False,712.776291216783,-0.0205995450627669,712.75569167172,True,True,common,valid,valid,True
2117.77170962095,1131,0.00647383590496057,-0.0519073427002231,-0.0383628872635801,-0.0383628872635801,False,712.765653323263,-0.0204931962566333,712.745160127006,True,True,common,valid,valid,True
2117.71820697188,1132,0.00646654355573162,-0.0517712340975885,-0.0382267336047344,-0.0382267336047344,False,712.752313949482,-0.020386966897982,712.731926982584,True,True,common,valid,valid,True
2117.66932275891,1133,0.00645987984786404,-0.0516351257591986,-0.038090584348464,-0.038090584348464,False,712.740442547419,-0.0202808683227096,712.720161679096,True,True,common,valid,valid,True
2117.63344484568,1134,0.00645498643237684,-0.0514990177690263,-0.0379544470942114,-0.0379544470942114,False,712.732706466648,-0.0201749084925201,712.712531558155,True,True,common,valid,valid,True
2117.60868793726,1135,0.00645160670344434,-0.0513629101061348,-0.0378183201318077,-0.0378183201318077,False,712.728505887106,-0.0200690881067099,712.708436798999,True,True,common,valid,valid,True
2117.59184080362,1136,0.0064493035861825,-0.0512268027364783,-0.0376822005499508,-0.0376822005499508,False,712.726819466363,-0.0199634069383002,712.706856059425,True,True,common,valid,valid,True
2117.581189394,1137,0.00644784378385524,-0.0510906956414632,-0.0375460867942585,-0.0375460867942585,False,712.727102075116,-0.0198578658225209,712.707244209293,True,True,common,valid,valid,True
2117.56439635158,1138,0.00644554809050829,-0.0509545886962247,-0.0374099676856819,-0.0374099676856819,False,712.72543025693,-0.0197524581520446,712.705677798778,True,True,common,valid,valid,True
2117.52695858479,1139,0.00644044253160034,-0.0508184817557382,-0.0372738300845553,-0.0372738300845553,False,712.717191944813,-0.0196471758500021,712.697544768963,True,True,common,valid,valid,True
2117.47970885038,1140,0.00643400152761185,-0.0506823749291751,-0.0371376838061352,-0.0371376838061352,False,712.705832342115,-0.0195420286114071,712.686290313503,True,True,common,valid,valid,True
2117.51635849476,1141,0.00643897986034447,-0.0505462691474175,-0.0370016137458163,-0.0370016137458163,False,712.721151577062,-0.0194370839570391,712.701714493104,True,True,common,valid,valid,True
2117.49002718925,1142,0.00643538606635153,-0.0504101629478944,-0.0368654868375623,-0.0368654868375623,False,712.716441348534,-0.0193322412897123,712.697109107245,True,True,common,valid,valid,True
2117.4855466783,1143,0.00643476634998222,-0.0502740571731135,-0.0367293799323486,-0.0367293799323486,False,712.718678514468,-0.0192275619190395,712.699450952549,True,True,common,valid,valid,True
2117.52434957027,1144,0.00644003783232833,-0.05013795203158,-0.0365933124420393,-0.0365933124420393,False,712.734679152154,-0.0191230627377991,712.715556089416,True,True,common,valid,valid,True
2117.5097771883,1145,0.00643804459895527,-0.0500018465698775,-0.0364571968080559,-0.0364571968080559,False,712.733704391399,-0.019018678576592,712.714685712823,True,True,common,valid,valid,True
2117.53845116496,1146,0.00644193751776501,-0.0498657417378979,-0.0363211205522312,-0.0363211205522312,False,712.746481755593,-0.0189144786287798,712.727567276964,True,True,common,valid,valid,True
2117.50404468179,1147,0.00643724478900065,-0.0497296364932747,-0.0361849873645856,-0.0361849873645856,False,712.739196567835,-0.0188103912365041,712.720386176599,True,True,common,valid,valid,True
2117.48212721944,1148,0.0064342519320756,-0.0495935315763791,-0.0360488656948909,-0.0360488656948909,False,712.735881983103,-0.0187064708761692,712.717175512227,True,True,common,valid,valid,True
2117.40270808339,1149,0.00642343275312859,-0.0494574263065756,-0.0359126921517382,-0.0359126921517382,False,712.714279976913,-0.0186026712859515,712.695677305627,True,True,common,valid,valid,True
2117.3909111321,1150,0.00642181743071184,-0.0493213218981498,-0.0357765800587907,-0.0357765800587907,False,712.714181352518,-0.0184990808930466,712.695682271625,True,True,common,valid,valid,True
2117.41492798924,1151,0.00642507662703865,-0.0491852180377894,-0.0356405006027787,-0.0356405006027787,False,712.725470483423,-0.0183956796609577,712.707074803762,True,True,common,valid,valid,True
2117.4202503562,1152,0.00642579141028715,-0.0490491141979009,-0.035504404417406,-0.035504404417406,False,712.730813443651,-0.0182924321098195,712.712521011541,True,True,common,valid,valid,True
2117.39072909951,1153,0.00642176378608815,-0.0489130102246727,-0.0353682768795011,-0.0353682768795011,False,712.72507431783,-0.0181893292954467,712.706884988535,True,True,common,valid,valid,True
2117.33157768846,1154,0.00641370334723969,-0.0487769061704293,-0.0352321227126259,-0.0352321227126259,False,712.709911508837,-0.0180863769656601,712.691825131871,True,True,common,valid,valid,True
2117.26034292579,1155,0.00640399832732168,-0.0486408022043599,-0.0350959578076708,-0.0350959578076708,False,712.690905726303,-0.0179835892698524,712.672922137033,True,True,common,valid,valid,True
2117.20568498969,1156,0.00639654955234351,-0.0485046985987626,-0.0349598081160058,-0.0349598081160058,False,712.677170535415,-0.0178809878527496,712.659289547563,True,True,common,valid,valid,True
2117.1994407773,1157,0.00639569021053806,-0.0483685956523085,-0.0348237024616071,-0.0348237024616071,False,712.678828414213,-0.0177785963836029,712.66104981783,True,True,common,valid,valid,True
2117.21925452352,1158,0.00639837754031728,-0.0482324931493628,-0.0346876205983917,-0.0346876205983917,False,712.688770812208,-0.0176764015597932,712.671094410648,True,True,common,valid,valid,True
2117.1691775322,1159,0.00639155235851375,-0.0480963901854366,-0.0345514756534882,-0.0345514756534882,False,712.676488396087,-0.0175743402806491,712.658914055806,True,True,common,valid,valid,True
2117.10932656378,1160,0.00638339691758377,-0.0479602873292502,-0.0344153220592467,-0.0344153220592467,False,712.661097391932,-0.0174724555571178,712.643624936375,True,True,common,valid,valid,True
2114.09304970503,1365,0.00597157800934098,-0.0200624524722152,-0.00651538069713024,-0.00651538069713024,False,712.420705265112,-0.00159448778822592,712.419110777324,True,True,common,valid,valid,True
2114.75151214004,1366,0.00606118934109347,-0.0199263781717016,-0.00637989925510554,-0.00637989925510554,False,712.633353170051,-0.00154009251744733,712.631813077534,True,True,common,valid,valid,True
2114.63198712468,1367,0.00604491901500172,-0.0197903012990478,-0.00624371822366941,-0.00624371822366941,False,712.598724743459,-0.00148560471000972,712.597239138749,True,True,common,valid,valid,True
2114.53424239159,1368,0.00603161295095026,-0.0196542245555975,-0.00610755683512531,-0.00610755683512531,False,712.571021497729,-0.00143131305466453,712.569590184675,True,True,common,valid,valid,True
2114.49795293808,1369,0.00602667078927114,-0.0195181480682413,-0.00597145076211067,-0.00597145076211067,False,712.562852704158,-0.0013772311220612,712.561475473036,True,True,common,valid,valid,True
2114.47282934189,1370,0.00602324829524234,-0.0193820716680152,-0.00583535478017303,-0.00583535478017303,False,712.558231909181,-0.00132334030955154,712.556908568872,True,True,common,valid,valid,True
2114.38198179007,1371,0.00601088100997397,-0.0192459951065148,-0.00569919975354125,-0.00569919975354125,False,712.53272002202,-0.00126961284427835,712.531450409175,True,True,common,valid,valid,True
2114.32042726874,1372,0.00600250044409231,-0.0191099186908529,-0.00556307111725727,-0.00556307111725727,False,712.516518396333,-0.00121608200884382,712.515302314325,True,True,common,valid,valid,True
2114.32205086946,1373,0.00600271824717354,-0.0189738425244297,-0.0054269993331375,-0.0054269993331375,False,712.520395054974,-0.00116275911390296,712.51923229586,True,True,common,valid,valid,True
2114.38161486387,1374,0.00601082157844785,-0.0188377665847569,-0.00529097968607407,-0.00529097968607407,False,712.542685859675,-0.00110964159207337,712.541576218083,True,True,common,valid,valid,True
2114.44941335917,1375,0.00602004562558145,-0.0187016907124517,-0.00515496748403201,-0.00515496748403201,False,712.567594164695,-0.00105671137254607,712.566537453323,True,True,common,valid,valid,True
2114.46607038379,1376,0.00602230951222989,-0.018565614724002,-0.00501890934721856,-0.00501890934721856,False,712.576246116204,-0.00100394726375976,712.57524216894,True,True,common,valid,valid,True
2114.40728887916,1377,0.00601430649049806,-0.0184295385492272,-0.0048827834371838,-0.0048827834371838,False,712.560917473372,-0.000951340530077937,712.559966132842,True,True,common,valid,valid,True
2114.32742276788,1378,0.00600343395397338,-0.018293462357488,-0.00474663862021327,-0.00474663862021327,False,712.538886628506,-0.000898909733985552,712.537987718772,True,True,common,valid,valid,True
2114.28794065118,1379,0.00599805757628869,-0.0181573863329675,-0.00461053015158692,-0.00461053015158692,False,712.529690849226,-0.000846675622114478,712.528844173604,True,True,common,valid,valid,True
2114.30099219084,1380,0.00599983088376986,-0.018021310507247,-0.00447446894802396,-0.00447446894802396,False,712.537190739151,-0.000794641718501367,712.536396097432,True,True,common,valid,valid,True
2114.31953454018,1381,0.00600235150027104,-0.0178852347376713,-0.00433841272012838,-0.00433841272012838,False,712.546434701603,-0.000742791248636719,712.545691910354,True,True,common,valid,valid,True
2114.29434457421,1382,0.00599892032361833,-0.017749158880639,-0.00420231722421523,-0.00420231722421523,False,712.541777429278,-0.000691106922961542,712.541086322355,True,True,common,valid,valid,True
2114.21940813959,1383,0.00598871884987716,-0.017613082921986,-0.00406617705792176,-0.00406617705792176,False,712.521308026363,-0.000639586359902383,712.520668440003,True,True,common,valid,valid,True
2114.11903385818,1384,0.00597505540262662,-0.0174770069342514,-0.00393001407242895,-0.00393001407242895,False,712.492754313288,-0.000588237465313462,712.492166075822,True,True,common,valid,valid,True
2114.01805015095,1385,0.005961309046511,-0.0173409309885757,-0.0037938505832064,-0.0037938505832064,False,712.464007899385,-0.000537068202999095,712.463470831182,True,True,common,valid,valid,True
2113.95997436717,1386,0.0059534023429512,-0.0172048552049993,-0.00365772569842262,-0.00365772569842262,False,712.448896591333,-0.000486092696302711,712.448410498636,True,True,common,valid,valid,True
2113.98165709339,1387,0.00595635052730584,-0.0170687796802228,-0.00352167252999353,-0.00352167252999353,False,712.459128418208,-0.000435322629827619,712.458693095578,True,True,common,valid,valid,True
2114.05538303033,1388,0.00596638164066118,-0.01693270433141,-0.00338566616433709,-0.00338566616433709,False,712.48589772776,-0.000384747976849089,712.485512979783,True,True,common,valid,valid,True
2114.1321041137,1389,0.00597682041030561,-0.0167966290215089,-0.0032496625211867,-0.0032496625211867,False,712.513619607259,-0.000334351752373644,712.513285255507,True,True,common,valid,valid,True
2114.15589016676,1390,0.0059800549331438,-0.0166605536005863,-0.00311361134157112,-0.00311361134157112,False,712.524517833469,-0.00028411492402522,712.524233718545,True,True,common,valid,valid,True
2114.14424611628,1391,0.00597846757023632,-0.0165244781185015,-0.00297752835839486,-0.00297752835839486,False,712.524154351046,-0.000234042959090765,712.523920308087,True,True,common,valid,valid,True
2114.13377051055,1392,0.00597703925735454,-0.0163884026729163,-0.00284144645874126,-0.00284144645874126,False,712.524160929168,-0.000184147521145076,712.523976781646,True,True,common,valid,valid,True
2114.1186676994,1393,0.00597498122677766,-0.0162523272480623,-0.0027053604343965,-0.0027053604343965,False,712.522695570975,-0.000134426209311382,712.522561144766,True,True,common,valid,valid,True
2114.08399716765,1394,0.00597026012711514,-0.0161162518055346,-0.00256925686143558,-0.00256925686143558,False,712.51500992323,-8.48736636146991e-05,712.514925049567,True,True,common,valid,valid,True
2114.03774304688,1395,0.00596396257121999,-0.0159801763664051,-0.00243314291408556,-0.00243314291408556,False,712.503641783649,-3.54920525495532e-05,712.503606291596,True,True,common,valid,valid,True
2114.00925683323,1396,0.00596008319407087,-0.0158441010040331,-0.00229704496232503,-0.00229704496232503,False,712.497919324501,1.37095651341701e-05,712.497933034066,True,True,common,valid,valid,True
2114.01014186069,1397,0.00596020116749246,-0.0157080257447147,-0.00216097342811315,-0.00216097342811315,False,712.501529847832,6.2728000288737e-05,712.501592575832,True,True,common,valid,valid,True
2114.01727823541,1398,0.00596116995546324,-0.0155719505289448,-0.00202490753834804,-0.00202490753834804,False,712.507125836561,0.000111571294588447,712.507237407855,True,True,common,valid,valid,True
2114.01306612045,1399,0.00596059428289552,-0.0154358753131306,-0.00188883148137856,-0.00188883148137856,False,712.509113917291,0.000160245612299595,712.509274162903,True,True,common,valid,valid,True
2114.00406212546,1400,0.00595936648118953,-0.0152998001130888,-0.00175275114722503,-0.00175275114722503,False,712.509577791269,0.000208749316152892,712.509786540585,True,True,common,valid,valid,True
2114.00551943807,1401,0.00595956245452379,-0.0151637249643053,-0.00161668023701799,-0.00161668023701799,False,712.513365106524,0.000257078029397236,712.513622184554,True,True,common,valid,valid,True
2114.00450786483,1402,0.00595942244984488,-0.0150276498351627,-0.0014806071347132,-0.0014806071347132,False,712.516366504833,0.000305236388448109,712.516671741221,True,True,common,valid,valid,True
2113.97977786697,1403,0.00595605448168587,-0.0148915746764618,-0.00134451275321687,-0.00134451275321687,False,712.511828521702,0.000353231601405635,712.512181753304,True,True,common,valid,valid,True
2113.94078827649,1404,0.00595074586353389,-0.0147554995109023,-0.0012084055895929,-0.0012084055895929,False,712.502757496839,0.000401061104924537,712.503158557944,True,True,common,valid,valid,True
2113.91342776269,1405,0.00594701994969474,-0.0146194243967887,-0.00107230889633194,-0.00107230889633194,False,712.497381107908,0.000448717220808937,712.497829825129,True,True,common,valid,valid,True
2113.91585324705,1406,0.00594734783073709,-0.0144833493724126,-0.00093623897887597,-0.00093623897887597,False,712.501469483161,0.000496194806264743,712.501965677968,True,True,common,valid,valid,True
2113.9451255016,1407,0.00595132948780233,-0.0143472744280985,-0.000800193194231756,-0.000800193194231756,False,712.514088806332,0.000543495375269447,712.514632301708,True,True,common,valid,valid,True
2113.98560431506,1408,0.00595683634480558,-0.0142111995272348,-0.000664157493404694,-0.000664157493404694,False,712.53026901657,0.000590624372684599,712.530859640943,True,True,common,valid,valid,True
2114.01587305404,1409,0.00596095367602387,-0.0140751246227345,-0.000528112641714193,-0.000528112641714193,False,712.543203455403,0.000637588960702697,712.543841044364,True,True,common,valid,valid,True
2114.01642128825,1410,0.00596102618337855,-0.0139390496739235,-0.00039204111870062,-0.00039204111870062,False,712.546690464265,0.000684395618321542,712.547374859883,True,True,common,valid,valid,True
2113.98190901987,1411,0.00595632711331196,-0.0138029746715923,-0.000255938130947156,-0.000255938130947156,False,712.539032524942,0.000731046384469094,712.539763571326,True,True,common,valid,valid,True
2113.94902873039,1412,0.00595185017858984,-0.0136668996926505,-0.000119836628896103,-0.000119836628896103,False,712.531892141676,0.000777530407246101,712.532669672084,True,True,common,valid,valid,True
2113.95148434117,1413,0.00595218235875088,-0.0135308248038096,1.62331247265804e-05,1.62331247265804e-05,False,712.535981369724,0.000823837908749027,712.536805207632,True,True,common,valid,valid,True
2113.95372144878,1414,0.00595248482989712,-0.0133947499310202,0.00015230305787211,0.00015230305787211,False,712.539999893919,0.000869980309438856,712.540869874229,True,True,common,valid,valid,True
2113.93520303816,1415,0.00594996258009956,-0.0132586750335493,0.000288391610793187,0.000288391610793187,False,712.537420272643,0.000915964325438187,712.538336236968,True,True,common,valid,valid,True
2113.91581285745,1416,0.00594732171432228,-0.0131226001506122,0.000424480930027948,0.000424480930027948,False,712.534562293629,0.000961784386086233,712.535524078015,True,True,common,valid,valid,True
2113.91513050348,1417,0.00594722694316139,-0.0129865253185771,0.000560553437459977,0.000560553437459977,False,712.53764899164,0.00100743509911866,712.53865642674,True,True,common,valid,valid,True
2113.92914993316,1418,0.00594913305873778,-0.0128504505276455,0.000696612731982897,0.000696612731982897,False,712.545407225448,0.00105291822304658,712.546460143671,True,True,common,valid,valid,True
2113.92851019651,1419,0.00594904414455519,-0.0127143757219648,0.000832685174504719,0.000832685174504719,False,712.54850495827,0.00109824306712631,712.549603201337,True,True,common,valid,valid,True
2113.88325431943,1420,0.00594288316800243,-0.0125783008479555,0.00096879765764707,0.00096879765764707,False,712.537420583591,0.00114341899099359,712.538564002582,True,True,common,valid,valid,True
2113.80085882545,1421,0.00593166765705668,-0.0124422259220006,0.00110494346665613,0.00110494346665613,False,712.514531549129,0.00118844413243819,712.515719993261,True,True,common,valid,valid,True
2113.70803543925,1422,0.00591903297862158,-0.0123061509932596,0.0012410986208089,0.0012410986208089,False,712.488328756345,0.00123331098248365,712.489562067327,True,True,common,valid,valid,True
2113.63840660453,1423,0.00590955502142335,-0.012170076119702,0.00137723293913218,0.00137723293913218,False,712.469497138741,0.00127801011387594,712.470775148855,True,True,common,valid,valid,True
2113.6166241169,1424,0.00590658880155894,-0.0120340013402785,0.00151332429665658,0.00151332429665658,False,712.465869103331,0.00132253487246414,712.467191638203,True,True,common,valid,valid,True
2113.62914589047,1425,0.00590829129129928,-0.0118979266276453,0.00164938485334844,0.00164938485334844,False,712.473140782876,0.00136688986395399,712.47450767274,True,True,common,valid,valid,True
2113.65006163716,1426,0.00591113619760609,-0.0117618519357976,0.00178543786874458,0.00178543786874458,False,712.483078789122,0.0014110832351989,712.484489872357,True,True,common,valid,valid,True
2113.66578033566,1427,0.00591327383355318,-0.0116257772414571,0.00192149554258337,0.00192149554258337,False,712.491364170426,0.00145511945087895,712.492819289877,True,True,common,valid,valid,True
2113.684581846,1428,0.00591583105698992,-0.0114897025573895,0.00205755044401149,0.00205755044401149,False,712.500628160648,0.00149899659946863,712.502127157248,True,True,common,valid,valid,True
2113.70488524437,1429,0.00591859271014141,-0.0113536278801448,0.00219360399285912,0.00219360399285912,False,712.510368399825,0.00154271564287089,712.511911115468,True,True,common,valid,valid,True
2113.71704658866,1430,0.00592024628875191,-0.0112175531941918,0.0023296648448526,0.0023296648448526,False,712.517519907557,0.00158627984900874,712.519106187406,True,True,common,valid,valid,True
2113.7204246819,1431,0.00592070452834631,-0.0110814784985298,0.00246573357545331,0.00246573357545331,False,712.52187874644,0.00162968987276074,712.523508436312,True,True,common,valid,valid,True
2113.71538931131,1432,0.00592001775560225,-0.0109454037937112,0.00260180985280902,0.00260180985280902,False,712.523562343635,0.00167294607862657,712.525235289713,True,True,common,valid,valid,True
2113.69971513748,1433,0.00591788311023432,-0.0108093290765219,0.00273789567385835,0.00273789567385835,False,712.521863404491,0.00171604956907955,712.52357945406,True,True,common,valid,valid,True
2113.6746519208,1434,0.00591447067998028,-0.0106732543488898,0.00287398991698852,0.00287398991698852,False,712.517179172109,0.00175900045522884,712.518938172564,True,True,common,valid,valid,True
2113.65300801396,1435,0.00591152363342492,-0.0105371796285318,0.00301008108923106,0.00301008108923106,False,712.51358040117,0.00180179559800058,712.515382196768,True,True,common,valid,valid,True
2113.63569629192,1436,0.00590916620936881,-0.0104011049156493,0.00314616837252243,0.00314616837252243,False,712.511357180335,0.001844435249221,712.513201615584,True,True,common,valid,valid,True
2113.60139608383,1437,0.00590449674489621,-0.0102650301809589,0.00328227089774772,0.00328227089774772,False,712.503733621396,0.00188692588107161,712.505620547277,True,True,common,valid,valid,True
2113.55289033055,1438,0.00589789398786164,-0.0101289554287681,0.0034183861673083,0.0034183861673083,False,712.491594467209,0.00192926716378857,712.493523734373,True,True,common,valid,valid,True
2113.50381311774,1439,0.00589121348590107,-0.00999288067678954,0.00355450194845028,0.00355450194845028,False,712.479272823731,0.00197145576721444,712.481244279498,True,True,common,valid,valid,True
2113.53293138742,1440,0.00589517512207695,-0.009856806021711,0.00369054757566248,0.00369054757566248,False,712.491799474573,0.00201347040312487,712.493812944976,True,True,common,valid,valid,True
2113.50777095556,1441,0.00589174966042074,-0.0097207312961178,0.00382664190253936,0.00382664190253936,False,712.487075648208,0.00205534830992799,712.489130996518,True,True,common,valid,valid,True
2113.50946974754,1442,0.00589197966607886,-0.00958465659959536,0.00396271213646092,0.00396271213646092,False,712.490886149285,0.00209706754431096,712.492983216829,True,True,common,valid,valid,True
2113.51110881567,1443,0.00589220157195823,-0.00944858189813014,0.00409878242864589,0.00409878242864589,False,712.494676409203,0.0021386360481541,712.496815045251,True,True,common,valid,valid,True
2113.49114143848,1444,0.00588948295055799,-0.00931250716679806,0.00423487210814297,0.00423487210814297,False,712.49159896133,0.00218006019115201,712.493779021521,True,True,common,valid,valid,True
2113.45216426253,1445,0.00588417719564054,-0.00917643240953976,0.00437097884462592,0.00437097884462592,False,712.482479158821,0.00222133970090577,712.484700498522,True,True,common,valid,valid,True
2113.40658757091,1446,0.00587797329990054,-0.00904035764045988,0.00450709150537742,0.00450709150537742,False,712.471261120149,0.00226247166046357,712.47352359181,True,True,common,valid,valid,True
2113.36297091842,1447,0.00587203618641002,-0.00890428286826053,0.00464320241302488,0.00464320241302488,False,712.46066496573,0.00230345424037092,712.46296841997,True,True,common,valid,valid,True
2113.32616195083,1448,0.00586702560140727,-0.00876820809692833,0.0047793072204824,0.0047793072204824,False,712.452231017971,0.00234428664201682,712.454575304613,True,True,common,valid,valid,True
2113.29388344288,1449,0.00586263162310509,-0.00863213332291054,0.00491540797151303,0.00491540797151303,False,712.445235530639,0.00238496999250213,712.447620500632,True,True,common,valid,valid,True
2113.26466965675,1450,0.00585865477010348,-0.0084960585436854,0.00505150598182143,0.00505150598182143,False,712.439212685722,0.00242550519350803,712.441638190916,True,True,common,valid,valid,True
2113.25079727173,1451,0.00585676585210895,-0.00835998376960534,0.0051875902421408,0.0051875902421408,False,712.43806327765,0.00246588949003932,712.44052916714,True,True,common,valid,valid,True
2113.2554423511,1452,0.00585739711947132,-0.00822390900147424,0.00532365790616985,0.00532365790616985,False,712.442796450208,0.00250612258358641,712.445302572792,True,True,common,valid,valid,True
2113.26810023189,1453,0.005859118927335,-0.00808783422785828,0.00545971839667227,0.00545971839667227,False,712.450074492455,0.00254620779558081,712.45262070025,True,True,common,valid,valid,True
2113.28128764033,1454,0.00586091283040135,-0.00795175944105175,0.00559577842576335,0.00559577842576335,False,712.457519642681,0.0025861476126617,712.460105790294,True,True,common,valid,valid,True
2113.28926113248,1455,0.00586199716751885,-0.00781568463561036,0.00573184314455064,0.00573184314455064,False,712.463306824985,0.00262594403705665,712.465932769022,True,True,common,valid,valid,True
2113.29458996654,1456,0.00586272160502448,-0.00767960981324886,0.00586791024947129,0.00586791024947129,False,712.468252398423,0.00266559688066693,712.470917995303,True,True,common,valid,valid,True
2113.30775004625,1457,0.00586451187418337,-0.00754353498135416,0.00600397034757153,0.00600397034757153,False,712.475685331011,0.00270510391044546,712.478390434921,True,True,common,valid,valid,True
2113.30554199219,1458,0.00586421062626049,-0.00740746012167753,0.00614004424187792,0.00614004424187792,False,712.478233384234,0.00274447165307605,712.480977855887,True,True,common,valid,valid,True
2113.28597387671,1459,0.0058615467670976,-0.00727138523339594,0.00627613371782214,0.00627613371782214,False,712.475263466223,0.00278370107581907,712.478047167299,True,True,common,valid,valid,True
2113.2647960484,1460,0.00585866386018701,-0.00713531032778464,0.00641222465308366,0.00641222465308366,False,712.471780747017,0.00282278857811433,712.474603535595,True,True,common,valid,valid,True
2113.2422631979,1461,0.00585559656794246,-0.00699923540440217,0.00654831681992179,0.00654831681992179,False,712.467866175068,0.00286173458755665,712.470727909656,True,True,common,valid,valid,True
2113.22463490069,1462,0.00585319679527511,-0.00686316046645911,0.00668440460704907,0.00668440460704907,False,712.465508860286,0.00290053800046806,712.468409398287,True,True,common,valid,valid,True
2113.21578846872,1463,0.0058519922300041,-0.00672708551506577,0.00682048453959441,0.00682048453959441,False,712.465940861494,0.00293919834223938,712.468880059836,True,True,common,valid,valid,True
2113.21246646345,1464,0.00585153954696576,-0.00659101054692338,0.00695655953925924,0.00695655953925924,False,712.46812706453,0.00297771695985404,712.47110478149,True,True,common,valid,valid,True
2113.21654656529,1465,0.00585209429162812,-0.0064549355618127,0.00709262792401093,0.00709262792401093,False,712.472664180444,0.00301609389205064,712.475680274336,True,True,common,valid,valid,True
2113.22905531526,1466,0.0058537961726024,-0.00631886055887506,0.00722868877500846,0.00722868877500846,False,712.479878512062,0.00305432939841568,712.482932841461,True,True,common,valid,valid,True
2113.23677517474,1467,0.00585484633176792,-0.00618278553042352,0.007364753941794,0.007364753941794,False,712.485569836261,0.00309242731075135,712.488662263572,True,True,common,valid,valid,True
2113.21989859641,1468,0.00585254903460495,-0.00604671046735408,0.00750084117945028,0.00750084117945028,False,712.48344349156,0.00313039305713826,712.486573884618,True,True,common,valid,valid,True
2113.17774318159,1469,0.00584681140867019,-0.00591063537072451,0.00763695109829741,0.00763695109829741,False,712.473282769754,0.00316822723690173,712.476450996991,True,True,common,valid,valid,True
2113.13139742613,1470,0.00584050352053384,-0.00577456025007749,0.00777306479518878,0.00777306479518878,False,712.461789487769,0.00320592505279097,712.464995412822,True,True,common,valid,valid,True
2113.08564373106,1471,0.00583427623737285,-0.00563848510673835,0.00790917798415047,0.00790917798415047,False,712.450483404895,0.00324348581028036,712.453726890705,True,True,common,valid,valid,True
2113.03392216563,1472,0.0058272367765775,-0.00550240993774243,0.00804529654532128,0.00804529654532128,False,712.437280118626,0.00328091162216994,712.440561030249,True,True,common,valid,valid,True
2112.99396189582,1473,0.00582179801276587,-0.0053663347482218,0.00818140458965269,0.00818140458965269,False,712.427812982299,0.00331819862494533,712.431131180924,True,True,common,valid,valid,True
2112.98091489822,1474,0.00582002207491549,-0.00523025954061587,0.00831748853974198,0.00831748853974198,False,712.426895980122,0.00335534364815672,712.43025132377,True,True,common,valid,valid,True
2112.99209592212,1475,0.00582154351081667,-0.00509418431124529,0.0084535508050347,0.0084535508050347,False,712.433675828239,0.00339234791481394,712.437068176154,True,True,common,valid,valid,True
2113.01362073328,1476,0.00582447272723222,-0.00495810905427616,0.00858960383052786,0.00858960383052786,False,712.443741219279,0.0034292153523674,712.447170434632,True,True,common,valid,valid,True
2113.03306832537,1477,0.00582711927040231,-0.00482203376572735,0.00872565874843366,0.00872565874843366,False,712.453145533621,0.00346594948511637,712.456611483106,True,True,common,valid,valid,True
2113.04534643888,1478,0.0058287901020707,-0.00468595844421395,0.00886172012239715,0.00886172012239715,False,712.460270580525,0.00350255202977182,712.463773132554,True,True,common,valid,valid,True
2113.05228777602,1479,0.0058297346461973,-0.004549883089849,0.00899778631035121,0.00899778631035121,False,712.465698601485,0.00353902302494823,712.46923762451,True,True,common,valid,valid,True
2113.04706643894,1480,0.00582902392232049,-0.00441380770163214,0.0091338634287603,0.0091338634287603,False,712.467260450003,0.00357536458405314,712.470835814588,True,True,common,valid,valid,True
2113.02182306349,1481,0.00582558829862897,-0.00427773227925204,0.00926995851930549,0.00926995851930549,False,712.462458633925,0.0036115790426821,712.466070212967,True,True,common,valid,valid,True
2112.99068482313,1482,0.00582135043259419,-0.0041416568243363,0.00940605892353466,0.00940605892353466,False,712.455782428055,0.00364766349588919,712.459430091551,True,True,common,valid,valid,True
2112.9749850072,1483,0.00581921370900293,-0.00400558133707385,0.00954214552832139,0.00954214552832139,False,712.454010698898,0.00368361338570598,712.457694312283,True,True,common,valid,valid,True
2112.97725923359,1484,0.00581952321695035,-0.0038695058153998,0.00967821606401435,0.00967821606401435,False,712.4579490928,0.00371942865273747,712.461668521452,True,True,common,valid,valid,True
2112.98349271715,1485,0.00582037159419862,-0.00373343025755474,0.00981428308850919,0.00981428308850919,False,712.463144343438,0.00375511312749466,712.466899456565,True,True,common,valid,valid,True
2112.97968186811,1486,0.00581985300150362,-0.0035973546633651,0.00995035914808996,0.00995035914808996,False,712.465146588576,0.00379067058943843,712.468937259166,True,True,common,valid,valid,True
2112.97011397406,1487,0.00581855092333678,-0.00346127903254248,0.0100864404019758,0.0100864404019758,False,712.465318136303,0.0038261005117375,712.469144236815,True,True,common,valid,valid,True
2112.96622164547,1488,0.00581802129789648,-0.00332520336344854,0.0102225166090876,0.0102225166090876,False,712.467291901153,0.00386140072490409,712.471153301877,True,True,common,valid,valid,True
2112.96988224238,1489,0.0058185196275735,-0.00318912765457955,0.0103585860889609,0.0103585860889609,False,712.471664485873,0.00389657130668471,712.47556105718,True,True,common,valid,valid,True
2112.96682102233,1490,0.00581810316961954,-0.00305305190708786,0.010494661629489,0.010494661629489,False,712.473899789445,0.00393161606040652,712.477831405506,True,True,common,valid,valid,True
2112.9270445779,1491,0.00581268992447454,-0.00291697612696748,0.0106307700964184,0.0106307700964184,False,712.46446673886,0.0039665423475567,712.468433281208,True,True,common,valid,valid,True
2112.8544575274,1492,0.00580281129609518,-0.00278090031562327,0.0107669079901201,0.0107669079901201,False,712.444606938725,0.00400134968043497,712.448608288406,True,True,common,valid,valid,True
2112.78604921699,1493,0.00579350140658015,-0.00264482446538728,0.0109030421787136,0.0109030421787136,False,712.426074655132,0.00403603004980185,712.430110685182,True,True,common,valid,valid,True
2112.74454620481,1494,0.00578785326271252,-0.00250874856863828,0.0110391523086038,0.0110391523086038,False,712.416090390574,0.00407057880663777,712.420160969381,True,True,common,valid,valid,True
2112.74350821972,1495,0.00578771229819393,-0.00237267261811821,0.0111752262385868,0.0111752262385868,False,712.41896169679,0.00410499344968713,712.423066690239,True,True,common,valid,valid,True
2112.76751592755,1496,0.00579097999570094,-0.00223659661496996,0.0113112777820271,0.0113112777820271,False,712.429789559575,0.00413927805010698,712.433928837625,True,True,common,valid,valid,True
2112.78220754862,1497,0.00579297983426404,-0.00210052056912495,0.0114473377144591,0.0114473377144591,False,712.437656309024,0.00417344087931186,712.441829749903,True,True,common,valid,valid,True
2112.77792708576,1498,0.00579239766467766,-0.00196444448451044,0.0115834146829799,0.0115834146829799,False,712.439493600704,0.00420748457073027,712.443701085275,True,True,common,valid,valid,True
2112.75552032888,1499,0.00578934859526328,-0.00182836836162539,0.011719507929334,0.011719507929334,False,712.435570088226,0.00424140938649426,712.439811497613,True,True,common,valid,valid,True
2112.70892131329,1500,0.00578300706769896,-0.00169229220401393,0.0118556228846152,0.0118556228846152,False,712.423958612704,0.00427521712633817,712.428233829831,True,True,common,valid,valid,True
2112.64481386542,1501,0.00577428272764266,-0.0015562160096952,0.0119917535626208,0.0119917535626208,False,712.406783467174,0.00430890675046435,712.411092373925,True,True,common,valid,valid,True
2112.59767323732,1502,0.00576786754203064,-0.00142013976173821,0.0121278690931354,0.0121278690931354,False,712.394998250548,0.00434247111587351,712.399340721664,True,True,common,valid,valid,True
2112.59318292141,1503,0.00576725695007649,-0.00128406344415471,0.0122639464817241,0.0122639464817241,False,712.396762162828,0.00437590512103175,712.401138067949,True,True,common,valid,valid,True
2112.63696137071,1504,0.00577321560689463,-0.00114798704940843,0.0123999807022101,0.0123999807022101,False,712.413860494756,0.00440920813623934,712.418269702893,True,True,common,valid,valid,True
2112.6911444366,1505,0.00578059032802775,-0.001011910595196,0.0125360056602314,0.0125360056602314,False,712.434264270493,0.00444238902823705,712.438706659521,True,True,common,valid,valid,True
2112.69622057676,1506,0.00578128178575673,-0.00087583411713399,0.012672074637922,0.012672074637922,False,712.439064135415,0.00447546124512387,712.44353959666,True,True,common,valid,valid,True
2112.63426712155,1507,0.00577285075991307,-0.000739757630356457,0.0128082036774972,0.0128082036774972,False,712.422564878197,0.00450842904632682,712.427073307243,True,True,common,valid,valid,True
2112.55580130219,1508,0.00576217248071204,-0.000603681105259098,0.0129443475490257,0.0129443475490257,False,712.400818895708,0.00454128187747527,712.405360177585,True,True,common,valid,valid,True
2112.52289822698,1509,0.00575769517109715,-0.000467604498549919,0.0130804506812768,0.0130804506812768,False,712.393548086722,0.00457400686004435,712.398122093582,True,True,common,valid,valid,True
2112.54422590137,1510,0.00576059852112244,-0.000331527799332954,0.0132165053192646,0.0132165053192646,False,712.403505494301,0.0046066027425297,712.408112097044,True,True,common,valid,valid,True
2112.59522664547,1511,0.00576754031129606,-0.000195451021007191,0.01335253345137,0.01335253345137,False,712.422889751692,0.00463907538669432,712.427528827079,True,True,common,valid,valid,True
2112.6321297586,1512,0.00577256348838878,-5.93741950040715e-05,0.0134885742613522,0.0134885742613522,False,712.437794298237,0.00467143466096099,712.442465732898,True,True,common,valid,valid,True
2112.60887852311,1513,0.00576939987566369,7.67026403293904e-05,0.0136246689741761,0.0136246689741761,False,712.433584296014,0.00470369078283877,712.438287986796,True,True,common,valid,valid,True
2112.52045333385,1514,0.0057573663173452,0.000212779476466722,0.0137608220785195,0.0137608220785195,False,712.408665605628,0.00473584517021883,712.413401450799,True,True,common,valid,valid,True
2112.4912635088,1515,0.00575339453448768,0.00034885641779303,0.0138969222175055,0.0138969222175055,False,712.402566587897,0.00476787201524435,712.407334459912,True,True,common,valid,valid,True
2112.43461591005,1516,0.00574568586006958,0.000484933391607259,0.0140330469888785,0.0140330469888785,False,712.38774298627,0.0047997901115522,712.392542776381,True,True,common,valid,valid,True
2112.42705753446,1517,0.00574465810513803,0.000621010467629696,0.0141691278820672,0.0141691278820672,False,712.388513947513,0.00483158391656326,712.393345531429,True,True,common,valid,valid,True
2112.4451212585,1518,0.00574711746814183,0.000757087628208108,0.0143051859041662,0.0143051859041662,False,712.397423827664,0.00486325891923579,712.402287086583,True,True,common,valid,valid,True
2112.47532710433,1519,0.00575122936632647,0.000893164862955219,0.0144412331218186,0.0144412331218186,False,712.410190370062,0.00489481846768239,712.415085188529,True,True,common,valid,valid,True
2112.51528680325,1520,0.00575666876430955,0.00102924217123385,0.0145772716740901,0.0145772716740901,False,712.426055151006,0.0049262635790531,712.430981414586,True,True,common,valid,valid,True
2112.47825855017,1521,0.00575163036012665,0.001165319463935,0.0147133791859951,0.0147133791859951,False,712.417457582107,0.00495761261861934,712.422415194726,True,True,common,valid,valid,True
2112.51159006357,1522,0.00575616773968111,0.0013013968934394,0.0148494237974633,0.0148494237974633,False,712.431214056078,0.00498883570505397,712.436202891783,True,True,common,valid,valid,True
2112.50480484962,1523,0.00575524537946964,0.00143747434475003,0.0149855043721202,0.0149855043721202,False,712.432222965144,0.00501995605831221,712.437242921202,True,True,common,valid,valid,True
2112.54037815332,1524,0.00576008791864465,0.00157355190841125,0.0151215471088811,0.0151215471088811,False,712.446689719098,0.00505095729988055,712.451740676398,True,True,common,valid,valid,True
2112.4979378283,1525,0.00575431305707476,0.00170962944930799,0.0152576597170641,0.0152576597170641,False,712.436366827553,0.0050818644326059,712.441448691985,True,True,common,valid,valid,True
2112.47461134195,1526,0.00575113956077107,0.0018457070768532,0.015393755287146,0.015393755287146,False,712.432116046848,0.00511265815510761,712.437228705003,True,True,common,valid,valid,True
2112.45902502537,1527,0.00574901950679642,0.00198178477957419,0.0155298439976075,0.0155298439976075,False,712.430323331196,0.00514334129652172,712.435466672493,True,True,common,valid,valid,True
2112.43638420105,1528,0.00574593938167209,0.00211786254049633,0.0156659390864024,0.0156659390864024,False,712.426287880917,0.00517391733935981,712.431461798257,True,True,common,valid,valid,True
2112.39634236693,1529,0.00574049105493503,0.00225394034665333,0.0158020498102661,0.0158020498102661,False,712.416722437456,0.005204388834331,712.42192682629,True,True,common,valid,valid,True
2112.34287562966,1530,0.00573321566260242,0.00239001820251652,0.0159381726113796,0.0159381726113796,False,712.402890690631,0.00523475544943243,712.408125446081,True,True,common,valid,valid,True
2112.30122995377,1531,0.00572754911001128,0.0025260961411245,0.0160742849042689,0.0160742849042689,False,712.392813729374,0.00526501264186503,712.398078742016,True,True,common,valid,valid,True
2112.30914711952,1532,0.00572862795092398,0.00266217421514665,0.0162103529277475,0.0162103529277475,False,712.398481855205,0.00529515346846163,712.403777008673,True,True,common,valid,valid,True
2112.37531596422,1533,0.00573763471623514,0.00279825244153236,0.0163463689141819,0.0163463689141819,False,712.42265647256,0.00532517681834026,712.427981649378,True,True,common,valid,valid,True
2112.41385483742,1534,0.00574288114804369,0.00293433070507989,0.016482409691995,0.016482409691995,False,712.438052106306,0.00535510017860792,712.443407206484,True,True,common,valid,valid,True
2112.36649537086,1535,0.00573643707377397,0.0030704089203733,0.0166185273799769,0.0166185273799769,False,712.426153518758,0.005384935392117,712.43153845415,True,True,common,valid,valid,True
2112.27856233716,1536,0.00572447107000099,0.00320648714746474,0.0167546814305337,0.0167546814305337,False,712.401363211689,0.00541467393786025,712.406777885627,True,True,common,valid,valid,True
2112.20519189537,1537,0.00571448702124548,0.00334256546599204,0.016890822525345,0.016890822525345,False,712.3811996872,0.00544430551460884,712.386643992714,True,True,common,valid,valid,True
2112.18468675017,1538,0.00571169782688503,0.00347864393591498,0.0170269164079326,0.0170269164079326,False,712.377830284777,0.00547382323282082,712.38330410801,True,True,common,valid,valid,True
2112.21143811941,1539,0.0057153401497782,0.00361472255368671,0.0171629680997866,0.0171629680997866,False,712.389472621795,0.00550322878069888,712.394975850575,True,True,common,valid,valid,True
2112.23961824179,1540,0.00571917695188558,0.00375080125197023,0.0172990185918969,0.0172990185918969,False,712.40156795621,0.00553253156395024,712.407100487774,True,True,common,valid,valid,True
2112.24785861373,1541,0.00572030003370421,0.00388687999738527,0.0174350869955167,0.0174350869955167,False,712.407327199113,0.00556173617680009,712.41288893529,True,True,common,valid,valid,True
2112.25169315934,1542,0.00572082352207258,0.00402295881430607,0.0175711594177552,0.0175711594177552,False,712.411685420315,0.00559084010970406,712.417276260425,True,True,common,valid,valid,True
2112.27000418305,1543,0.00572331725182811,0.00415903773442738,0.0177072189731232,0.0177072189731232,False,712.420641908958,0.00561984025793004,712.426261749216,True,True,common,valid,valid,True
2112.30553719401,1544,0.00572815488132472,0.0042951167643696,0.0178432632084537,0.0178432632084537,False,712.435069354906,0.00564873662678675,712.440718091533,True,True,common,valid,valid,True
2112.33219647408,1545,0.00573178484748837,0.00443119586155829,0.0179793154610583,0.0179793154610583,False,712.446676447501,0.00567753467809233,712.452353982179,True,True,common,valid,valid,True
2112.31995120645,1546,0.00573012002665114,0.0045672749735521,0.0181154025839693,0.0181154025839693,False,712.445920577249,0.00570624054552482,712.451626817795,True,True,common,valid,valid,True
2112.26856669784,1547,0.00572312847454606,0.00470335409743225,0.0182515247845565,0.0182515247845565,False,712.432727257745,0.0057348546934244,712.438462112439,True,True,common,valid,valid,True
2112.21012912691,1548,0.005715177042593,0.00483943328848911,0.0183876533711932,0.0183876533711932,False,712.417292201923,0.005763371542818,712.423055573466,True,True,common,valid,valid,True
2112.17899012566,1549,0.00571094090822541,0.00497551260959754,0.0185237576301317,0.0185237576301317,False,712.410529604234,0.00579178517660995,712.416321389411,True,True,common,valid,valid,True
2112.17497348785,1550,0.00571039609222504,0.00511159206340484,0.0186598377218742,0.0186598377218742,False,712.412382990834,0.00582009617797817,712.418203087012,True,True,common,valid,valid,True
2112.16994304955,1551,0.00570971332812905,0.00524767159998393,0.0187959188044968,0.0187959188044968,False,712.413912982706,0.00584831030304314,712.419761293009,True,True,common,valid,valid,True
2112.15398447216,1552,0.0057075432963688,0.00538375120106334,0.0189320097422785,0.0189320097422785,False,712.411969605137,0.00587642987523487,712.417846035012,True,True,common,valid,valid,True
2112.13781286776,1553,0.00570534429929799,0.00551983088722908,0.0190681009558229,0.0190681009558229,False,712.409957257101,0.00590445340165026,712.415861710502,True,True,common,valid,valid,True
2112.12211336941,1554,0.00570320958201057,0.00565591066055141,0.0192041918333692,0.0192041918333692,False,712.408093615947,0.00593238125360234,712.4140259972,True,True,common,valid,valid,True
2112.09800108522,1555,0.00569992992973353,0.00579199050411432,0.019340290318244,0.019340290318244,False,712.403555851306,0.00596021555078789,712.409516066857,True,True,common,valid,valid,True
2112.06540630758,1556,0.00569549585469584,0.00592807041782841,0.0194763964728157,0.0194763964728157,False,712.396321918695,0.00598795678729242,712.402309875482,True,True,common,valid,valid,True
2112.03755235672,1557,0.00569170702252968,0.00606415042879919,0.0196124984770181,0.0196124984770181,False,712.390592983005,0.00601560304762337,712.396608586053,True,True,common,valid,valid,True
2112.02968898043,1558,0.00569063889296304,0.00620023056977893,0.0197485827008833,0.0197485827008833,False,712.39121376607,0.00604315208311779,712.397256918153,True,True,common,valid,valid,True
2112.04823165759,1559,0.00569316460146775,0.00633631085666641,0.0198846434124722,0.0198846434124722,False,712.400222531411,0.00607060327301212,712.406293134684,True,True,common,valid,valid,True
2112.08509206772,1560,0.00569818334624063,0.00647239127522888,0.0200206878441138,0.0200206878441138,False,712.415050072963,0.00609795861412093,712.421148031577,True,True,common,valid,valid,True
2112.12187725306,1561,0.00570319188352511,0.00660847178806267,0.0201567324372204,0.0201567324372204,False,712.429853014405,0.00612522192560856,712.435978236331,True,True,common,valid,valid,True
2112.13604591787,1562,0.00570512238626768,0.00674455234654235,0.020292797338626,0.020292797338626,False,712.437469031264,0.00615239772096669,712.443621428985,True,True,common,valid,valid,True
2112.12253788114,1563,0.00570328617121277,0.00688063293825445,0.0204288870695087,0.0204288870695087,False,712.436289859276,0.00617948735469486,712.44246934663,True,True,common,valid,valid,True
2112.09319131076,1564,0.00569929438844799,0.00701671358820971,0.0205649910487024,0.0205649910487024,False,712.43007694016,0.00620648917855905,712.436283429339,True,True,common,valid,valid,True
2112.05496797338,1565,0.00569409452024228,0.00715279431167029,0.0207011030542078,0.0207011030542078,False,712.421042452626,0.00623340243331658,712.42727585506,True,True,common,valid,valid,True
2112.00990515389,1566,0.00568796383660141,0.00728887511334453,0.0208372212654688,0.0208372212654688,False,712.409833883793,0.00626022724233342,712.416094111035,True,True,common,valid,valid,True
2111.96897491626,1567,0.00568239561533295,0.00742495601893145,0.0209733358779591,0.0209733358779591,False,712.399937309254,0.00628696216834408,712.406224271422,True,True,common,valid,valid,True
2111.95209760219,1568,0.00568010098050288,0.00756103707635036,0.0211094290923089,0.0211094290923089,False,712.39768133528,0.00631360423719339,712.403994939517,True,True,common,valid,valid,True
2111.9492215924,1569,0.00567971192616924,0.00769711826440298,0.0212455098928824,0.0212455098928824,False,712.399872343912,0.00634015573791661,712.40621249965,True,True,common,valid,valid,True
2111.95789308101,1570,0.00568089449483679,0.00783319957909479,0.0213815804741222,0.0213815804741222,False,712.405730811825,0.00636661761772835,712.412097429442,True,True,common,valid,valid,True
2112.00505276909,1571,0.0056873152728737,0.00796928108781391,0.0215176167663334,0.0215176167663334,False,712.423816590958,0.00639298573552401,712.430209576693,True,True,common,valid,valid,True
2112.0587262623,1572,0.00569462260074619,0.0081053627158021,0.0216536473416671,0.0216536473416671,False,712.443971683679,0.006419266164529,712.450390949843,True,True,common,valid,valid,True
2045.89265920222,1600,-0.00331031341214956,0.0119155621941146,0.0255230436157209,0.0255230436157209,False,692.094243279409,0.00713266684659924,692.101375946256,True,True,common,valid,valid,True
2046.08178387582,1601,-0.00328457382027315,0.0120516457205154,0.0256589547501153,0.0256589547501153,False,692.153911563969,0.00715659952798197,692.161068163497,True,True,common,valid,valid,True
2046.17042990029,1602,-0.0032725089003983,0.0121877293152813,0.025794955973029,0.025794955973029,False,692.183421040643,0.0071804766662062,692.190601517309,True,True,common,valid,valid,True
2046.18903966248,1603,-0.00326997559012288,0.0123238129930583,0.0259310200253916,0.0259310200253916,False,692.191903859763,0.00720429385160009,692.199108153615,True,True,common,valid,valid,True
2046.19597668946,1604,-0.00326903087518315,0.0124598967881726,0.0260670946527878,0.0260670946527878,False,692.19688103498,0.00722804237681874,692.204109077357,True,True,common,valid,valid,True
2046.17721602321,1605,-0.00327158349362605,0.0125959806920587,0.0262031924118452,0.0262031924118452,False,692.194141599562,0.0072517249043,692.201393324467,True,True,common,valid,valid,True
2046.15650652349,1606,-0.00327440132978675,0.0127320647198843,0.0263392920407635,0.0263392920407635,False,692.190815854613,0.00727533821223459,692.198091192825,True,True,common,valid,valid,True
2046.16348294914,1607,-0.00327345121797787,0.0128681488917429,0.0264753670093682,0.0264753670093682,False,692.195801159352,0.00729887821224892,692.203100037565,True,True,common,valid,valid,True
2046.19172978401,1608,-0.00326960627968938,0.013004233205084,0.0266114230628542,0.0266114230628542,False,692.207171619596,0.0073223464283255,692.214493966024,True,True,common,valid,valid,True
2046.22055724263,1609,-0.00326568230666787,0.0131403176473569,0.0267474787249845,0.0267474787249845,False,692.218715552134,0.00734574656705715,692.226061298701,True,True,common,valid,valid,True
2046.22051420808,1610,-0.00326568747573532,0.0132764021988717,0.0268835603618366,0.0268835603618366,False,692.221589900776,0.00736908364095611,692.228958984417,True,True,common,valid,valid,True
2046.17490963638,1611,-0.00327189337433056,0.0134124868475942,0.0270196829152014,0.0270196829152014,False,692.210782940555,0.00739236065999919,692.218175301215,True,True,common,valid,valid,True
2046.11463261396,1612,-0.00328009612694069,0.0135485716149156,0.0271558187324218,0.0271558187324218,False,692.195569852581,0.00741557335312809,692.202985425935,True,True,common,valid,valid,True
2046.08583009243,1613,-0.00328401531774816,0.0136846565345021,0.0272919265032826,0.0272919265032826,False,692.189805716412,0.00743871518483999,692.197244431596,True,True,common,valid,valid,True
2046.10618047416,1614,-0.00328124498126619,0.0138207416210883,0.027427990404084,0.027427990404084,False,692.198797775429,0.00746178401420833,692.206259559444,True,True,common,valid,valid,True
2046.1440115124,1615,-0.00327609558136293,0.0139568268535237,0.0275640387893935,0.0275640387893935,False,692.21303738711,0.00748478518836234,692.220522172299,True,True,common,valid,valid,True
2046.15452738106,1616,-0.00327466365658316,0.014092912199088,0.0277001117599111,0.0277001117599111,False,692.219074688909,0.00750772597740773,692.226582414886,True,True,common,valid,valid,True
2046.13950243592,1617,-0.00327670772746872,0.0142289976588846,0.0278362077270845,0.0278362077270845,False,692.217442021752,0.00753060657681945,692.224972628329,True,True,common,valid,valid,True
2046.11889062822,1618,-0.00327951213906624,0.0143650832484261,0.0279723088293113,0.0279723088293113,False,692.214130663379,0.00755342446110307,692.22168408784,True,True,common,valid,valid,True
2046.09645164013,1619,-0.00328256521324008,0.0145011689712536,0.0281084117017631,0.0281084117017631,False,692.210269500542,0.00757617955863114,692.217845680101,True,True,common,valid,valid,True
2046.06036189571,1620,-0.00328747609589691,0.0146372548185286,0.0282445269285844,0.0282445269285844,False,692.202308598968,0.00759887412658325,692.209907473094,True,True,common,valid,valid,True
2046.02146168984,1621,-0.00329276946372214,0.0147733407994003,0.0283806448068935,0.0283806448068935,False,692.193502854134,0.00762150703433108,692.201124361169,True,True,common,valid,valid,True
2046.0121331038,1622,-0.00329403823084268,0.0149094269412413,0.0285167363522838,0.0285167363522838,False,692.193574413934,0.00764407397605426,692.20121848791,True,True,common,valid,valid,True
2046.0204018876,1623,-0.00329291204668402,0.0150455132357552,0.0286528122844163,0.0286528122844163,False,692.198928124022,0.00766657725493288,692.206594701277,True,True,common,valid,valid,True
2046.0146640772,1624,-0.00329369209903618,0.0151815996574475,0.02878890089245,0.02878890089245,False,692.200075322111,0.00768902204836663,692.20776434416,True,True,common,valid,valid,True
2045.99878072529,1625,-0.00329585291374789,0.0153176862098929,0.0289249987207714,0.0289249987207714,False,692.198175203033,0.00771140826904883,692.205886611302,True,True,common,valid,valid,True
2045.98577667493,1626,-0.00329762185492406,0.0154537729048414,0.0290610941118953,0.0290610941118953,False,692.197138340345,0.00773373449225982,692.204872074837,True,True,common,valid,valid,True
2045.96782276779,1627,-0.00330006444464221,0.015589859736213,0.0291971940740575,0.0291971940740575,False,692.194614129563,0.00775600236359071,692.202370131926,True,True,common,valid,valid,True
2045.93117123842,1628,-0.00330505170950135,0.0157259466923051,0.0293333109124947,0.0293333109124947,False,692.186475112707,0.00777821437980794,692.194253327087,True,True,common,valid,valid,True
2045.89368429035,1629,-0.00331015266384247,0.0158620337894065,0.0294694286403543,0.0294694286403543,False,692.178084249037,0.0078003684181359,692.185884617455,True,True,common,valid,valid,True
2045.87386697531,1630,-0.00331284882909483,0.0159981210451221,0.029605530696135,0.029605530696135,False,692.174997067812,0.00782246228995996,692.182819530102,True,True,common,valid,valid,True
2045.87765359879,1631,-0.00331233256236847,0.0161342084662489,0.0297416117699331,0.0297416117699331,False,692.178995029473,0.00784449565380155,692.186839525126,True,True,common,valid,valid,True
2045.91103365272,1632,-0.00330778870883884,0.0162702960599872,0.0298776665027967,0.0298776665027967,False,692.191876608082,0.00786646816871948,692.199743076251,True,True,common,valid,valid,True
2045.96782878414,1633,-0.00330005811919822,0.0164063838223686,0.030013700426065,0.030013700426065,False,692.211787722129,0.00788838125414053,692.219676103383,True,True,common,valid,valid,True
2046.01304970216,1634,-0.00329390272810088,0.0165424717212799,0.0301497448553681,0.0301497448553681,False,692.228223397657,0.00791024045761908,692.236133638115,True,True,common,valid,valid,True
2045.99260076182,1635,-0.00329668479603652,0.0166785597039982,0.0302858482036318,0.0302858482036318,False,692.22493998197,0.00793205401254222,692.232872035983,True,True,common,valid,valid,True
2045.91579842567,1636,-0.00330713638888222,0.0168146477783212,0.0304220021318629,0.0304220021318629,False,692.204735231013,0.007953821013501,692.212689052026,True,True,common,valid,valid,True
2045.84418560565,1637,-0.00331688169895939,0.0169507360047253,0.0305581515627232,0.0305581515627232,False,692.186088450131,0.00797553312531993,692.194063983256,True,True,common,valid,valid,True
2045.81197537482,1638,-0.00332126442176435,0.0170868244184028,0.0306942658790232,0.0306942658790232,False,692.179270743216,0.00799718598666537,692.187267929203,True,True,common,valid,valid,True
2045.82352848351,1639,-0.00331969106537758,0.0172229130257175,0.0308303411801785,0.0308303411801785,False,692.185590629567,0.00801877951811902,692.193609409085,True,True,common,valid,valid,True
2045.85471515357,1640,-0.00331544562114466,0.017359001804156,0.0309663990621405,0.0309663990621405,False,692.197804077395,0.00804031767672655,692.205844395072,True,True,common,valid,valid,True
2045.86368273199,1641,-0.00331422412181189,0.0174950907115807,0.0311024769796688,0.0311024769796688,False,692.203345551325,0.00806180688712684,692.211407358212,True,True,common,valid,valid,True
2045.83678071201,1642,-0.00331788436944247,0.017631179733542,0.0312385871481964,0.0312385871481964,False,692.198116322563,0.00808324954558873,692.206199572109,True,True,common,valid,valid,True
2045.79956206679,1643,-0.00332294867459175,0.0177672688967836,0.0313747067008904,0.0313747067008904,False,692.189788568888,0.0081046425234515,692.197893211412,True,True,common,valid,valid,True
2045.7764788419,1644,-0.00332608917620746,0.0179033582279507,0.0315108137571372,0.0315108137571372,False,692.18570359331,0.00812598288108293,692.193829576191,True,True,common,valid,valid,True
2045.77087236941,1645,-0.00332685112499835,0.0180394477318456,0.0316469053281313,0.0316469053281313,False,692.186864405128,0.00814727066279491,692.195011675791,True,True,common,valid,valid,True
2045.77377048135,1646,-0.00332645560896321,0.0181755373999645,0.0317829894437726,0.0317829894437726,False,692.19057732215,0.00816850763452054,692.198745829784,True,True,common,valid,valid,True
2045.78081136942,1647,-0.00332549625872232,0.0183116272285084,0.0319190700081236,0.0319190700081236,False,692.195532853991,0.008189694908673,692.2037225489,True,True,common,valid,valid,True
2045.78518106043,1648,-0.00332490043985516,0.0184477172107265,0.0320551531192669,0.0320551531192669,False,692.199685229609,0.00821083393237538,692.207896063541,True,True,common,valid,valid,True
2045.76849587262,1649,-0.00332717013096989,0.0185838073264548,0.0321912552275256,0.0321912552275256,False,692.197514923865,0.00823192774671199,692.205746851612,True,True,common,valid,valid,True
2045.71860718727,1650,-0.00333395873596043,0.0187198975618861,0.0323273872034254,0.0323273872034254,False,692.18537470435,0.00825297850803486,692.193627682858,True,True,common,valid,valid,True
2045.65200051665,1651,-0.00334302261674016,0.018855987935771,0.0324635342958815,0.0324635342958815,False,692.168214712743,0.00827398440941025,692.176488697152,True,True,common,valid,valid,True
2045.60307848454,1652,-0.00334967965009456,0.0189920784882172,0.0325996657226552,0.0325996657226552,False,692.156363248109,0.00829494119949812,692.164658189308,True,True,common,valid,valid,True
2045.58293753862,1653,-0.00335241962918942,0.019128169233396,0.0327357715562494,0.0327357715562494,False,692.1531508938,0.00831584786874606,692.161466741669,True,True,common,valid,valid,True
2045.56667992473,1654,-0.00335463108489545,0.0192642601435908,0.0328718740755947,0.0328718740755947,False,692.151103104463,0.00833670835143599,692.159439812814,True,True,common,valid,valid,True
2045.53524550796,1655,-0.00335890806451642,0.0194003511969923,0.0330079903354557,0.0330079903354557,False,692.144498130019,0.00835752575375293,692.152855655772,True,True,common,valid,valid,True
2045.56271141768,1656,-0.00335516881084938,0.0195364424827591,0.0331440540569365,0.0331440540569365,False,692.155573517218,0.00837829045555608,692.163951807673,True,True,common,valid,valid,True
2045.5470290184,1657,-0.00335730194956767,0.0196725338799127,0.0332801565476705,0.0332801565476705,False,692.153694711573,0.00839901689534139,692.162093728469,True,True,common,valid,valid,True
2045.54452031851,1658,-0.00335764216086513,0.0198086254566474,0.033416247415168,0.033416247415168,False,692.155769419097,0.0084196978830668,692.16418911698,True,True,common,valid,valid,True
2045.54404813051,1659,-0.00335770519493866,0.019944717200382,0.0335523366250084,0.0335523366250084,False,692.158454277041,0.00844033543676445,692.166894612478,True,True,common,valid,valid,True
2045.54094469547,1660,-0.00335812632579691,0.0200808091060947,0.033688428354169,0.033688428354169,False,692.160348014659,0.0084609306866722,692.168808945345,True,True,common,valid,valid,True
2045.53346866369,1661,-0.00335914254881412,0.0202169011722327,0.033824524161234,0.033824524161234,False,692.160927857606,0.00848148436280606,692.169409341969,True,True,common,valid,valid,True
2045.53850471973,1662,-0.00335845588493868,0.0203529934208242,0.0339606089406703,0.0339606089406703,False,692.165262688744,0.00850199468430144,692.173764683428,True,True,common,valid,valid,True
2045.55363112688,1663,-0.00335639592687173,0.0204890858499403,0.0340966848602527,0.0340966848602527,False,692.17262560328,0.00852246248412524,692.181148065765,True,True,common,valid,valid,True
2045.55475395918,1664,-0.00335624182214962,0.0206251784294743,0.034232773476453,0.034232773476453,False,692.175783301103,0.00854289150009487,692.184326192603,True,True,common,valid,valid,True
2045.52208954096,1665,-0.00336068610452077,0.0207612711338378,0.0343688924885918,0.0343688924885918,False,692.168796337308,0.00856328486720676,692.177359622176,True,True,common,valid,valid,True
2045.46661657095,1666,-0.00336823459304159,0.0208973639771784,0.034505032074646,0.034505032074646,False,692.154961104993,0.00858364158896577,692.163544746582,True,True,common,valid,valid,True
2045.4354044795,1667,-0.00337248120081401,0.0210334570218611,0.0346411501258077,0.0346411501258077,False,692.148408084899,0.00860395586691871,692.157012040766,True,True,common,valid,valid,True
2045.45676484704,1668,-0.00336957275139974,0.0211695503071379,0.0347772213159267,0.0347772213159267,False,692.157635948209,0.00862422444817683,692.166260172657,True,True,common,valid,valid,True
2045.47454473376,1669,-0.00336715158723742,0.0213056437599443,0.0349132958813631,0.0349132958813631,False,692.165787930529,0.00864445533136943,692.17443238586,True,True,common,valid,valid,True
2045.4304035902,1670,-0.00337315779502312,0.0214417373015555,0.0350494260128624,0.0350494260128624,False,692.15534971065,0.00866465674854025,692.164014367398,True,True,common,valid,valid,True
2045.3730122447,1671,-0.00338096733516216,0.0215778309974331,0.035185568169934,0.035185568169934,False,692.140933011715,0.0086848227079367,692.149617834423,True,True,common,valid,valid,True
2045.36208957434,1672,-0.00338245252825355,0.0217139249301179,0.035321668930728,0.035321668930728,False,692.140464689124,0.00870494580602673,692.14916963493,True,True,common,valid,valid,True
2045.38860711455,1673,-0.00337884213211927,0.0218500190893181,0.0354577363738471,0.0354577363738471,False,692.151234361386,0.00872502776466373,692.159959389151,True,True,common,valid,valid,True
2045.42241969705,1674,-0.00337423887209033,0.0219861134348931,0.0355937974673291,0.0355937974673291,False,692.16419314825,0.00874507307681009,692.172938221326,True,True,common,valid,valid,True
2045.46154102683,1675,-0.00336891308002373,0.022122207965053,0.0357298539889748,0.0357298539889748,False,692.178744965704,0.00876508250555219,692.18751004821,True,True,common,valid,valid,True
2045.51084423065,1676,-0.00336220152589421,0.0222583026877299,0.0358659015806828,0.0358659015806828,False,692.196353087276,0.00878505591198753,692.205138143188,True,True,common,valid,valid,True
2045.54498642683,1677,-0.00335755335726826,0.0223943975674241,0.0360019629126399,0.0360019629126399,False,692.20940880436,0.00880499711937741,692.218213801479,True,True,common,valid,valid,True
2045.5295612216,1678,-0.00335965126639494,0.0225304925540686,0.0361380687608711,0.0361380687608711,False,692.207581155221,0.00882491111346912,692.216406066334,True,True,common,valid,valid,True
2045.46228566766,1679,-0.00336880596996766,0.0226665876434439,0.0362742211666004,0.0362742211666004,False,692.190184971291,0.00884479865669295,692.199029769948,True,True,common,valid,valid,True
2045.37942111492,1680,-0.00338008232493797,0.0228026828884082,0.0364103876947138,0.0364103876947138,False,692.168108420177,0.00886465548700284,692.176973075664,True,True,common,valid,valid,True
2045.31597408652,1681,-0.00338871596126466,0.0229387783411283,0.0365465370336023,0.0365465370336023,False,692.151861050507,0.00888447753732844,692.160745528044,True,True,common,valid,valid,True
2045.28619521856,1682,-0.00339276736928663,0.0230748740240039,0.0366826564379029,0.0366826564379029,False,692.145719937122,0.00890426346650156,692.154624200588,True,True,common,valid,valid,True
2045.29355996847,1683,-0.00339176353431373,0.0232109699439727,0.0368187428007044,0.0368187428007044,False,692.150727860003,0.00892401334229877,692.159651873345,True,True,common,valid,valid,True
2045.32687938213,1684,-0.00338722726343591,0.0233470660861538,0.0369548061317422,0.0369548061317422,False,692.16352628316,0.00894372913377776,692.172470012294,True,True,common,valid,valid,True
2045.36395850778,1685,-0.00338217928066817,0.0234831624183912,0.0370908662842406,0.0370908662842406,False,692.177452670716,0.00896341422350971,692.186416084939,True,True,common,valid,valid,True
2045.37784013152,1686,-0.00338028845885042,0.0236192588999943,0.0372269473696435,0.0372269473696435,False,692.184413869841,0.00898307259102989,692.193396942432,True,True,common,valid,valid,True
2045.35829877853,1687,-0.0033829464888167,0.023755355514945,0.0373630585334126,0.0373630585334126,False,692.181339555269,0.0090027060380567,692.190342261307,True,True,common,valid,valid,True
2045.31954300404,1688,-0.00338821959233336,0.0238914522850949,0.0374991870673665,0.0374991870673665,False,692.172495567357,0.00902231321370801,692.181517880571,True,True,common,valid,valid,True
2045.27822846174,1689,-0.00339384093742443,0.0240275492367799,0.0376353180753205,0.0376353180753205,False,692.162882421074,0.00904189246375842,692.171924313537,True,True,common,valid,valid,True
2045.23923006654,1690,-0.0033991470480679,0.0241636463783543,0.0377714471979762,0.0377714471979762,False,692.15396361398,0.00906144365868631,692.163025057639,True,True,common,valid,valid,True
2045.20534536242,1691,-0.00340375717760786,0.0242997437150519,0.037907571934118,0.037907571934118,False,692.146578889934,0.00908096693879356,692.155659856873,True,True,common,valid,valid,True
2045.19879055023,1692,-0.00340464769467909,0.0244358412832758,0.0380436724156294,0.0380436724156294,False,692.147397209798,0.00910045996060036,692.156497669759,True,True,common,valid,valid,True
2045.15009255707,1693,-0.00341127390097298,0.0245719389727586,0.038179810776351,0.038179810776351,False,692.135563466771,0.00911993211682728,692.144683398888,True,True,common,valid,valid,True
2109.08855197579,1778,0.0052914531315981,0.0361413552014759,0.0496916863996874,0.0496916863996874,False,712.111510356378,0.0107233323000388,712.122233688678,True,True,common,valid,valid,True
2109.19377219677,1779,0.00530578268444051,0.0362774740078583,0.0498277079254106,0.0498277079254106,False,712.147742663447,0.01074238148057,712.158485044928,True,True,common,valid,valid,True
2109.37975251675,1780,0.00533110458002882,0.0364135937221999,0.0499636579966499,0.0499636579966499,False,712.209619793951,0.0107614374016749,712.220381231353,True,True,common,valid,valid,True
2109.51764285564,1781,0.00534988098097535,0.0365497133122231,0.0500996510324643,0.0500996510324643,False,712.256234063975,0.0107805165920924,712.267014580567,True,True,common,valid,valid,True
2109.51786631346,1782,0.00534991950052376,0.03668583204541,0.0502357665626462,0.0502357665626462,False,712.259131618069,0.0107996307378857,712.269931248807,True,True,common,valid,valid,True
2109.49806961417,1783,0.00534723308837559,0.0368219508688547,0.0503719001212675,0.0503719001212675,False,712.25567011565,0.0108187656943181,712.266488881344,True,True,common,valid,valid,True
2109.50070565939,1784,0.00534760003986832,0.0369580701285767,0.0505080140159107,0.0505080140159107,False,712.25933122556,0.010837916660542,712.27016914222,True,True,common,valid,valid,True
2109.51021564007,1785,0.00534890263671024,0.0370941896995233,0.0506441220624328,0.0506441220624328,False,712.265174048498,0.0108570860726017,712.276031134571,True,True,common,valid,valid,True
2109.47911927104,1786,0.00534467829066301,0.0372303091923745,0.0507802664146414,0.0507802664146414,False,712.258120156287,0.0108762803715524,712.268996436658,True,True,common,valid,valid,True
2109.42421355844,1787,0.00533721325051774,0.0373664287433599,0.0509164321584223,0.0509164321584223,False,712.243504245883,0.0108954979652061,712.254399743849,True,True,common,valid,valid,True
2109.39049038291,1788,0.00533263140841112,0.0375025487236199,0.0510525793514201,0.0510525793514201,False,712.235614043237,0.0109147337148704,712.246528776952,True,True,common,valid,valid,True
2109.38257959485,1789,0.00533156294443042,0.0376386691738042,0.0511887038858178,0.0511887038858178,False,712.235919303308,0.0109339875284437,712.246853290836,True,True,common,valid,valid,True
2109.38096556067,1790,0.00533135156586777,0.0377747899341833,0.0513248230882235,0.0513248230882235,False,712.238222793453,0.0109532623476697,712.2491760558,True,True,common,valid,valid,True
2109.35635375977,1791,0.00532800995493457,0.0379109107613376,0.0514609629636745,0.0514609629636745,False,712.233222077816,0.0109725623562811,712.244194640172,True,True,common,valid,valid,True
2109.31224238873,1792,0.00532201425061826,0.0380470316835312,0.0515971204060188,0.0515971204060188,False,712.222028264837,0.0109918876211615,712.233020152458,True,True,common,valid,valid,True
2109.28266945481,1793,0.00531799741587003,0.0381831529858679,0.0517332652016299,0.0517332652016299,False,712.215449864354,0.0110112343530715,712.226461098707,True,True,common,valid,valid,True
2109.29859384894,1794,0.00532017332153467,0.0383192749309098,0.0518693698732173,0.0518693698732173,False,712.223317081248,0.0110305991314104,712.234347680379,True,True,common,valid,valid,True
2109.34615471959,1795,0.00532665535445498,0.038455397406011,0.052005446727683,0.052005446727683,False,712.241229270742,0.0110499841866407,712.252279254929,True,True,common,valid,valid,True
2109.37739038467,1796,0.00533091536855854,0.0385915200077064,0.0521415383362557,0.0521415383362557,False,712.253956707648,0.0110693960770273,712.265026103725,True,True,common,valid,valid,True
2109.35052284598,1797,0.00532726687386361,0.0387276423795745,0.0522776817765982,0.0522776817765982,False,712.248231644355,0.0110888406069811,712.259320484961,True,True,common,valid,valid,True
2109.27934333682,1798,0.00531758700834061,0.0388637646356648,0.0524138648055869,0.0524138648055869,False,712.228434224792,0.0111083165513245,712.239542541343,True,True,common,valid,valid,True
2109.23160432279,1799,0.00531109769342681,0.0389998873533142,0.052550027292779,0.052550027292779,False,712.216079584932,0.0111278158140712,712.227207400746,True,True,common,valid,valid,True
2109.1995279789,1800,0.00530674027802601,0.0391360104680931,0.0526861761428302,0.0526861761428302,False,712.208697306534,0.011147339872062,712.219844646406,True,True,common,valid,valid,True
2109.16574572027,1801,0.00530215068800436,0.0392721338323983,0.0528223267708043,0.0528223267708043,False,712.200772224132,0.0111668914302422,712.211939115562,True,True,common,valid,valid,True
2109.15452043712,1802,0.00530063140298705,0.039408257656134,0.0529584576464283,0.0529584576464283,False,712.200008147933,0.0111864678891583,712.211194615822,True,True,common,valid,valid,True
2109.19109003246,1803,0.00530561762272469,0.0395443821602605,0.0530945463767905,0.0530945463767905,False,712.214418694593,0.0112060664869119,712.22562476108,True,True,common,valid,valid,True
2109.26221206784,1804,0.00531530689802009,0.0396805072346954,0.0532306047173063,0.0532306047173063,False,712.239800493635,0.0112256889093517,712.251026182544,True,True,common,valid,valid,True
2109.3155079484,1805,0.00532256984786435,0.0398166324265045,0.0533666791476568,0.0533666791476568,False,712.259521698671,0.01124534141016,712.270767040081,True,True,common,valid,valid,True
2109.30458074808,1806,0.00532109125307087,0.0399527573285891,0.0535028108337432,0.0535028108337432,False,712.258846944752,0.0112650294916246,712.270111974243,True,True,common,valid,valid,True
2109.23654912412,1807,0.00531184003710903,0.0400888819990623,0.0536389934552689,0.0536389934552689,False,712.240036886622,0.0112847518062057,712.251321638429,True,True,common,valid,valid,True
2109.15769432485,1808,0.00530111566195755,0.0402250068418121,0.0537751859468519,0.0537751859468519,False,712.217789799817,0.0113045019584024,712.229094301775,True,True,common,valid,valid,True
2109.09116094559,1809,0.00529206840565943,0.0403611320608145,0.0539113677742316,0.0539113677742316,False,712.199455002191,0.0113242765038558,712.210779278695,True,True,common,valid,valid,True
2109.02651749365,1810,0.00528327840841153,0.0404972575653891,0.054047548193645,0.054047548193645,False,712.181719889445,0.0113440763168922,712.193063965762,True,True,common,valid,valid,True
2108.96684054658,1811,0.00527516443346245,0.0406333833835889,0.0541837244764324,0.0541837244764324,False,712.165561139864,0.0113639005329732,712.176925040397,True,True,common,valid,valid,True
2108.92577842623,1812,0.00526958419999093,0.0407695096375812,0.0543198845154217,0.0543198845154217,False,712.155311532942,0.0113837469178158,712.16669527986,True,True,common,valid,valid,True
2108.90433807671,1813,0.00526667477147557,0.040905636338313,0.0544560274192727,0.0544560274192727,False,712.151290240681,0.0114036148665012,712.162693855547,True,True,common,valid,valid,True
2108.90271858126,1814,0.00526646325113286,0.0410417634897186,0.0545921530134997,0.0545921530134997,False,712.153560255625,0.0114235038786328,712.164983759503,True,True,common,valid,valid,True
2108.92294821143,1815,0.00526922571971577,0.0411778911122463,0.0547282595011151,0.0547282595011151,False,712.16276563204,0.011443413216578,712.174209045257,True,True,common,valid,valid,True
2108.95775685459,1816,0.00527397262178458,0.0413140191431223,0.054864353333575,0.054864353333575,False,712.176598665252,0.011463343350489,712.188062008603,True,True,common,valid,valid,True
2108.99556871736,1817,0.00527912833683713,0.0414501474799485,0.0550004447807688,0.0550004447807688,False,712.191384462907,0.0114832953151889,712.202867758222,True,True,common,valid,valid,True
2109.01315922197,1818,0.00528153167904775,0.0415862759135433,0.0551365544435572,0.0551365544435572,False,712.199748921296,0.0115032716692991,712.211252192965,True,True,common,valid,valid,True
2108.99279511627,1819,0.00527876889980961,0.0417224042819654,0.0552726980496724,0.0552726980496724,False,712.196061046807,0.011523274267869,712.207584321075,True,True,common,valid,valid,True
2108.96257852018,1820,0.00527466508149011,0.0418585328386419,0.0554088506720777,0.0554088506720777,False,712.189243678741,0.0115432989926972,712.200786977733,True,True,common,valid,valid,True
2108.96105974168,1821,0.00527446746282935,0.0419946619351749,0.0555449781198754,0.0555449781198754,False,712.191536792909,0.0115633403456123,712.203100133255,True,True,common,valid,valid,True
2108.99605846079,1822,0.00527924042159331,0.0421307916461263,0.0556810734608434,0.0556810734608434,False,712.20542344773,0.0115833968276273,712.217006844557,True,True,common,valid,valid,True
2109.02957138605,1823,0.00528381117614889,0.0422669216264251,0.0558171704022601,0.0558171704022601,False,712.218837541526,0.0116034729340858,712.23044101446,True,True,common,valid,valid,True
2109.02188751101,1824,0.00528277448557114,0.0424030515108273,0.0559533041615074,0.0559533041615074,False,712.219169315913,0.0116235734025812,712.230792889316,True,True,common,valid,valid,True
2108.96754608303,1825,0.00527538705056201,0.0425391812463706,0.0560894795787522,0.0560894795787522,False,712.204684849214,0.0116436984981305,712.216328547712,True,True,common,valid,valid,True
2108.91394416243,1826,0.00526810029009048,0.0426753112691596,0.0562256546204974,0.0562256546204974,False,712.1904344646,0.0116638415509133,712.202098306151,True,True,common,valid,valid,True
2108.91365389526,1827,0.00526807004571886,0.0428114420676601,0.0563617826684034,0.0563617826684034,False,712.19310984038,0.0116839951898065,712.20479383557,True,True,common,valid,valid,True
2108.95121755078,1828,0.00527319230690501,0.0429475735029213,0.0564978774341913,0.0564978774341913,False,712.207803152013,0.0117041609637239,712.219507312977,True,True,common,valid,valid,True
2108.98731609248,1829,0.00527811517847455,0.0430837052117449,0.0566339737861146,0.0566339737861146,False,712.222030528808,0.0117243435678461,712.233754872375,True,True,common,valid,valid,True
2109.00686789723,1830,0.00528078582505276,0.0432198370533624,0.0567700850971912,0.0567700850971912,False,712.231002847334,0.0117445445228648,712.242747391857,True,True,common,valid,valid,True
2109.0063162297,1831,0.00528072011646194,0.0433559689936066,0.0569062145202765,0.0569062145202765,False,712.233590301157,0.0117647638369274,712.245355064994,True,True,common,valid,valid,True
2108.9753859099,1832,0.00527651943891863,0.0434921009347411,0.0570423711646893,0.0570423711646893,False,712.226529991442,0.0117850024049674,712.238314993847,True,True,common,valid,valid,True
2108.91017432511,1833,0.00526765257863062,0.0436282328384267,0.0571785584890632,0.0571785584890632,False,712.208583323014,0.0118052602845923,712.220388583299,True,True,common,valid,valid,True
2108.83771462739,1834,0.00525779915337101,0.0437643649589479,0.0573147525248102,0.0573147525248102,False,712.188334940724,0.0118255334501929,712.200160474174,True,True,common,valid,valid,True
2108.78804059327,1835,0.0052510472222266,0.0439004975813113,0.0574509266453002,0.0574509266453002,False,712.175320593723,0.0118458174699002,712.187166411193,True,True,common,valid,valid,True
2108.76638488472,1836,0.00524810903820463,0.044036630757449,0.0575870762137138,0.0575870762137138,False,712.171200804111,0.0118661111801815,712.183066915291,True,True,common,valid,valid,True
2108.74961835146,1837,0.00524583637005814,0.0441727642696144,0.0577232217370672,0.0577232217370672,False,712.168632004214,0.0118864171675329,712.180518421381,True,True,common,valid,valid,True
2108.72914797068,1838,0.00524305957349101,0.044308898036727,0.0578593708340318,0.0578593708340318,False,712.164886013074,0.0119067361022606,712.176792749176,True,True,common,valid,valid,True
2108.72676947713,1839,0.00524274539218444,0.0444450322680523,0.0579955041838407,0.0579955041838407,False,712.166882608741,0.0119270646334102,712.178809673374,True,True,common,valid,valid,True
2108.74247288704,1840,0.00524489247250845,0.0445811669656143,0.0581316217974287,0.0581316217974287,False,712.174618712521,0.0119474022927581,712.186566114814,True,True,common,valid,valid,True
2108.75553825498,1841,0.00524668050291336,0.0447173019318626,0.0582677420433171,0.0582677420433171,False,712.181516105268,0.0119677513574656,712.193483856625,True,True,common,valid,valid,True
2108.74489039183,1842,0.00524524080920868,0.0448534369635181,0.0584038836026698,0.0584038836026698,False,712.180883379124,0.0119881141573581,712.192871493282,True,True,common,valid,valid,True
2108.6978507638,1843,0.00523884763010597,0.0449895719365887,0.0585400577121569,0.0585400577121569,False,712.168695302274,0.0120084919133169,712.180703794187,True,True,common,valid,valid,True
2108.60903957486,1844,0.00522676867707059,0.0451257067971209,0.0586762691384706,0.0586762691384706,False,712.14324515543,0.0120288848800088,712.15527404031,True,True,common,valid,valid,True
2108.52299416065,1845,0.00521506620108813,0.04526184197654,0.0588124784053216,0.0588124784053216,False,712.118673477096,0.012049286684408,712.13072276378,True,True,common,valid,valid,True
2108.4385522604,1846,0.00520358199998037,0.0453979774643551,0.0589486865436618,0.0589486865436618,False,712.094611162464,0.0120696970140335,712.106680859478,True,True,common,valid,valid,True
2108.4536960721,1847,0.00520565307884821,0.0455341142182042,0.0590848067138087,0.0590848067138087,False,712.10215899119,0.0120901023817129,712.114249093572,True,True,common,valid,valid,True
2108.52333307266,1848,0.0052151416215366,0.0456702518049923,0.0592208788878262,0.0592208788878262,False,712.127004062674,0.0121105083017689,712.139114570976,True,True,common,valid,valid,True
2108.54605656862,1849,0.00521824448803004,0.0458063892332196,0.0593569929400946,0.0593569929400946,False,712.136956173447,0.0121309277861127,712.149087101233,True,True,common,valid,valid,True
2108.55543756485,1850,0.00521953124582297,0.0459425268304665,0.0594931191167946,0.0594931191167946,False,712.142671484338,0.0121513559098639,712.154822840248,True,True,common,valid,valid,True
2108.55705365539,1851,0.00521976109636366,0.0460786646514483,0.0596292524748289,0.0596292524748289,False,712.14592048571,0.012171791466924,712.158092277177,True,True,common,valid,valid,True
2108.57132336497,1852,0.00522171334823776,0.046214802898663,0.0597653749205453,0.0597653749205453,False,712.153185355374,0.0121922312752003,712.16537758665,True,True,common,valid,valid,True
2108.57094374299,1853,0.00522167160329317,0.0463509413023473,0.0599015106491784,0.0599015106491784,False,712.15579825818,0.0122126785021657,712.168010936682,True,True,common,valid,valid,True
2108.54520246387,1854,0.00521817772390157,0.0464870797552267,0.0600376691523535,0.0600376691523535,False,712.150358250256,0.0122331341096472,712.162591384365,True,True,common,valid,valid,True
2108.54447898269,1855,0.00521808922441069,0.0466232187594791,0.0601738057893261,0.0601738057893261,False,712.152859364665,0.0122535909252581,712.165112955591,True,True,common,valid,valid,True
2108.51992285252,1856,0.00521475671007867,0.0467593578282836,0.0603099638461493,0.0603099638461493,False,712.147793046747,0.0122740549874463,712.160067101735,True,True,common,valid,valid,True
2108.52625876665,1857,0.00521562916944819,0.0468954975101412,0.060446094834735,0.060446094834735,False,712.152532684365,0.0122945185425249,712.164827202908,True,True,common,valid,valid,True
2108.51350593567,1858,0.00521390334000724,0.0470316373048005,0.0605822430406153,0.0605822430406153,False,712.151210937922,0.0123149877813128,712.163525925703,True,True,common,valid,valid,True
2108.53489047289,1859,0.005216824239485,0.0471677777488804,0.060718361306557,0.060718361306557,False,712.160725584983,0.012335455147771,712.173061040131,True,True,common,valid,valid,True
2108.56389629841,1860,0.00522078256421702,0.0473039185773921,0.0608544731275677,0.0608544731275677,False,712.172658835958,0.0123559237080303,712.185014759666,True,True,common,valid,valid,True
2108.49468761683,1861,0.0052113721545763,0.0474400587170251,0.0609906722658876,0.0609906722658876,False,712.153409565181,0.0123764070979017,712.165785972279,True,True,common,valid,valid,True
2108.51746302843,1862,0.00521448246199822,0.0475762000965864,0.0611267902204209,0.0611267902204209,False,712.16336193363,0.0123968795102638,712.17575881314,True,True,common,valid,valid,True
2108.42862352729,1863,0.00520239997402379,0.0477123406469099,0.061263007359673,0.061263007359673,False,712.137878563413,0.0124173676067946,712.15029593102,True,True,common,valid,valid,True
2108.35933935642,1864,0.00519297933405542,0.0478484817017706,0.0613992074805469,0.0613992074805469,False,712.118603293565,0.0124378534439221,712.131041147009,True,True,common,valid,valid,True
2108.33652803302,1865,0.00518988451847741,0.0479846235385421,0.0615353667405099,0.0615353667405099,False,712.114079627935,0.0124583329690618,712.126537960904,True,True,common,valid,valid,True
2108.34577533603,1866,0.00519115349863096,0.0481207660132827,0.0616714979116279,0.0616714979116279,False,712.119731307149,0.0124788076374389,712.132210114786,True,True,common,valid,valid,True
2108.34629014134,1867,0.00519123385147252,0.0482569087093643,0.0618076371287974,0.0618076371287974,False,712.122609683875,0.0124992824181716,712.135108966293,True,True,common,valid,valid,True
2108.31264486909,1868,0.00518666440354629,0.0483930513644084,0.0619438069144972,0.0619438069144972,False,712.114642958409,0.0125197602320453,712.127162718641,True,True,common,valid,valid,True
2108.25289055705,1869,0.00517854104243328,0.0485291940599318,0.0620800001360315,0.0620800001360315,False,712.098387423325,0.0125402395392035,712.110927662864,True,True,common,valid,valid,True
2108.20078746974,1870,0.00517145917237605,0.0486653371446223,0.0622161868906048,0.0622161868906048,False,712.08455989182,0.0125607153764574,712.097120607196,True,True,common,valid,valid,True
2108.19325558841,1871,0.00517044430905857,0.0488014810029076,0.062352334479744,0.062352334479744,False,712.084878679785,0.0125811823627056,712.097459862148,True,True,common,valid,valid,True
2108.20863598585,1872,0.00517254827120038,0.048937625413375,0.0624884620898732,0.0624884620898732,False,712.092468839304,0.0126016429183032,712.105070482223,True,True,common,valid,valid,True
2108.20580466092,1873,0.00517217329661712,0.0490737699492976,0.0626246061442574,0.0626246061442574,False,712.094277070376,0.0126221020520943,712.106899172428,True,True,common,valid,valid,True
2108.1798440218,1874,0.00516864999993203,0.0492099145584572,0.0627607709972328,0.0627607709972328,False,712.08874237685,0.012642559950817,712.101384936801,True,True,common,valid,valid,True
2108.15627771616,1875,0.00516545263978054,0.0493460595074608,0.0628969340444098,0.0628969340444098,False,712.083966452127,0.0126630127513125,712.096629464879,True,True,common,valid,valid,True
2108.1772492826,1876,0.00516831777842037,0.0494822052401614,0.0630330579659304,0.0630330579659304,False,712.093326111405,0.012683454384155,712.10600956579,True,True,common,valid,valid,True
2108.24672234058,1877,0.0051777849571201,0.0496183518028788,0.0631691392563215,0.0631691392563215,False,712.118080645209,0.0127038838622224,712.130784529071,True,True,common,valid,valid,True
2108.31303659081,1878,0.00518682220132384,0.0497544986544112,0.0633052236657735,0.0633052236657735,False,712.14183276119,0.0127243075910324,712.154557068781,True,True,common,valid,valid,True
2108.33103910089,1879,0.00518928329573616,0.0498906453158947,0.0634413511758738,0.0634413511758738,False,712.150247412141,0.0127447311023493,712.162992143244,True,True,common,valid,valid,True
2108.29340386391,1880,0.00518417100820895,0.0500267917059567,0.0635775282700154,0.0635775282700154,False,712.140997827325,0.0127651548960658,712.153762982221,True,True,common,valid,valid,True
2108.22362776101,1881,0.00517468371997686,0.0501629380717633,0.0637137341404646,0.0637137341404646,False,712.121544185136,0.0127855753789008,712.134329760515,True,True,common,valid,valid,True
2108.15444771945,1882,0.00516527757960013,0.0502990847614281,0.0638499398005699,0.0638499398005699,False,712.102279499079,0.0128059877361661,712.115085486816,True,True,common,valid,valid,True
2108.12071239948,1883,0.00516069619899143,0.050435232148255,0.0639861143965028,0.0639861143965028,False,712.09426515235,0.0128263868804228,712.107091539231,True,True,common,valid,valid,True
2108.13050834835,1884,0.005162040333905,0.0505713803220331,0.0641222507717921,0.0641222507717921,False,712.100067235817,0.0128467712801394,712.112914007097,True,True,common,valid,valid,True
2108.17051611841,1885,0.00516749694781876,0.0507075291437974,0.0642583607226675,0.0642583607226675,False,712.115458304837,0.0128671422423475,712.128325447079,True,True,common,valid,valid,True
2108.22962480783,1886,0.00517555362734786,0.0508436784971633,0.064394454088941,0.064394454088941,False,712.136912347422,0.0128875007787416,712.149799848201,True,True,common,valid,valid,True
2108.27569586039,1887,0.00518183565306403,0.0509798280369796,0.0645305593241798,0.0645305593241798,False,712.154227266989,0.0129078506808002,712.167135117669,True,True,common,valid,valid,True
2108.27503573895,1888,0.00518175662562943,0.0511159773972502,0.0646667062545917,0.0646667062545917,False,712.15670555989,0.0129281959361185,712.169633755826,True,True,common,valid,valid,True
2108.24393385649,1889,0.00517753386110358,0.0512521267519184,0.0648028804575591,0.0648028804575591,False,712.149518224465,0.0129485339151128,712.16246675838,True,True,common,valid,valid,True
2108.2151286602,1890,0.00517362374383889,0.0513882764559936,0.0649390529517737,0.0649390529517737,False,712.143058838414,0.0129688598199803,712.156027698234,True,True,common,valid,valid,True
2108.20480000973,1891,0.00517222869699882,0.0515244266868882,0.0650752094161264,0.0650752094161264,False,712.142463773415,0.0129891710492811,712.155452944464,True,True,common,valid,valid,True
2108.19089306891,1892,0.0051703465927064,0.0516605772053501,0.0652113693743318,0.0652113693743318,False,712.140731450348,0.0130094700511037,712.153740920399,True,True,common,valid,valid,True
2108.1494358182,1893,0.0051647143236727,0.0517967277489474,0.0653475540449491,0.0653475540449491,False,712.130251924902,0.0130297595185747,712.143281684421,True,True,common,valid,valid,True
2108.07631489635,1894,0.00515477196384669,0.051932878271358,0.0654837670676415,0.0654837670676415,False,712.109720253247,0.0130500395197524,712.122770292767,True,True,common,valid,valid,True
2107.99277166137,1895,0.00514341091208696,0.0520690290050791,0.0656199896408671,0.0656199896408671,False,712.085880296249,0.013070306783026,712.098950603032,True,True,common,valid,valid,True
2107.93447313458,1896,0.00513548622298418,0.0522051803431313,0.0657561901968881,0.0657561901968881,False,712.070053086522,0.0130905561471147,712.083143642669,True,True,common,valid,valid,True
2107.92883578688,1897,0.00513472988608569,0.0523413325904131,0.0658923444729665,0.0658923444729665,False,712.070939350079,0.013110783549581,712.084050133628,True,True,common,valid,valid,True
2107.95981392637,1898,0.00513895774739785,0.0524774855739595,0.0660284666743934,0.0660284666743934,False,712.083446144845,0.0131309906479535,712.096577135493,True,True,common,valid,valid,True
2107.99158075731,1899,0.0051432930005085,0.0526136388998362,0.0661645885111845,0.0661645885111845,False,712.096202408775,0.0131511816893692,712.109353590464,True,True,common,valid,valid,True
2108.01671055704,1900,0.00514672483983281,0.0527497924860949,0.0663007165555112,0.0663007165555112,False,712.106851031832,0.0131713571819377,712.120022389014,True,True,common,valid,valid,True
2108.03778289258,1901,0.00514960439979587,0.052885946361596,0.0664368485247204,0.0664368485247204,False,712.116210675218,0.0131915163197526,712.129402191538,True,True,common,valid,valid,True
2108.04625374451,1902,0.00515076864615241,0.0530221004310371,0.0665729919797486,0.0665729919797486,False,712.121569014362,0.0132116597537546,712.134780674116,True,True,common,valid,valid,True
2108.03470101207,1903,0.00514920725923231,0.053158254610798,0.0667091534878962,0.0667091534878962,False,712.120569800671,0.0132317879839627,712.133801588655,True,True,common,valid,valid,True
2108.01633640006,1904,0.00514671864486792,0.0532944090484875,0.0668453213578909,0.0668453213578909,False,712.117406943346,0.0132518988111916,712.130658842157,True,True,common,valid,valid,True
2108.00344715826,1905,0.0051449753754385,0.0534305638826446,0.0669814847177503,0.0669814847177503,False,712.115980884029,0.0132719901632567,712.129252874192,True,True,common,valid,valid,True
2108.00278929225,1906,0.00514489709985735,0.0535667191905989,0.0671176375907677,0.0671176375907677,False,712.118436202034,0.0132920606953418,712.13172826273,True,True,common,valid,valid,True
2108.01295806468,1907,0.0051462926052108,0.0537028749580677,0.0672537812214124,0.0672537812214124,False,712.124327050188,0.0133121101291376,712.137639160317,True,True,common,valid,valid,True
2108.01995795593,1908,0.00514725678128081,0.0538390310278114,0.0673899279937595,0.0673899279937595,False,712.129210738001,0.0133321398238046,712.142542877825,True,True,common,valid,valid,True
2108.01712093316,1909,0.00514688195270578,0.053975187324397,0.0675260838075905,0.0675260838075905,False,712.130970466016,0.0133521501786133,712.144322616195,True,True,common,valid,valid,True
2108.00969848689,1910,0.00514588296663534,0.0541113439075464,0.0676622440167985,0.0676622440167985,False,712.131273262923,0.0133721400416402,712.144645402964,True,True,common,valid,valid,True
2107.99939047085,1911,0.00514449121148663,0.0542475007969692,0.0677984071178659,0.0677984071178659,False,712.13065874003,0.013392108724373,712.144050848754,True,True,common,valid,valid,True
2107.98024105094,1912,0.00514189595675555,0.0543836579249234,0.0679345783800788,0.0679345783800788,False,712.12723625127,0.0134120565307892,712.140648307801,True,True,common,valid,valid,True
2107.95138388872,1913,0.00513797927021682,0.0545198152814776,0.0680707585698521,0.0680707585698521,False,712.120730868719,0.013431983102777,712.134162851822,True,True,common,valid,valid,True
2107.92313637584,1914,0.00513414559124718,0.0546559729851643,0.0682069385603128,0.0682069385603128,False,712.114417827,0.0134518866364164,712.127869713637,True,True,common,valid,valid,True
2107.89777929336,1915,0.00513070538890456,0.0547921310629342,0.068343116334598,0.068343116334598,False,712.109021099572,0.0134717663712844,712.122492865943,True,True,common,valid,valid,True
2107.86347572505,1916,0.00512604737528471,0.0549282893790586,0.0684793023640655,0.0684793023640655,False,712.100783339854,0.0134916233681632,712.114274963222,True,True,common,valid,valid,True
2107.81368930638,1917,0.00511928179022623,0.0550644478580318,0.0686155024304886,0.0686155024304886,False,712.087630034126,0.0135114579977891,712.101141492124,True,True,common,valid,valid,True
2107.75631074607,1918,0.00511148274539968,0.0552006065908968,0.0687517095540479,0.0687517095540479,False,712.072066189179,0.0135312687715219,712.08559745795,True,True,common,valid,valid,True
2107.69349497557,1919,0.00510294357690933,0.0553367656028414,0.0688879218289034,0.0688879218289034,False,712.054776049726,0.0135510549422442,712.068327104668,True,True,common,valid,valid,True
2107.62267848849,1920,0.00509331532689317,0.0554729248644269,0.0690241415228013,0.0690241415228013,False,712.034946300979,0.0135708163692144,712.048517117349,True,True,common,valid,valid,True
2107.57193431258,1921,0.00508641942230635,0.0556090847024492,0.0691603438061355,0.0691603438061355,False,712.0214862604,0.0135905489866735,712.035076809386,True,True,common,valid,valid,True
2107.58490398526,1922,0.00508819656191331,0.055745245627644,0.069296490082102,0.069296490082102,False,712.028244897398,0.0136102467579005,712.041855144156,True,True,common,valid,valid,True
2107.65997558832,1923,0.00509842734626174,0.055881407627109,0.0694325817821019,0.0694325817821019,False,712.054711737333,0.0136299094569068,712.06834164679,True,True,common,valid,valid,True
2107.743463099,1924,0.00510980379018719,0.0560175700779077,0.0695686663915664,0.0695686663915664,False,712.083850441257,0.0136495434975333,712.097499984755,True,True,common,valid,valid,True
2107.78736706078,1925,0.00511579196645365,0.0561537324167223,0.0697047863599325,0.0697047863599325,False,712.1004253444,0.0136691545301736,712.11409449893,True,True,common,valid,valid,True
2107.78092339635,1926,0.00511492659836862,0.0562898945135275,0.0698409512030716,0.0698409512030716,False,712.101017978196,0.0136887434350417,712.114706721631,True,True,common,valid,valid,True
2107.73904976249,1927,0.00510923833896082,0.056426056541305,0.0699771477262039,0.0699771477262039,False,712.090363273497,0.0137083078235335,712.104071581321,True,True,common,valid,valid,True
2107.67380622029,1928,0.00510036885702623,0.0565622186411008,0.070113365263292,0.070113365263292,False,712.072290014388,0.0137278456800794,712.086017860068,True,True,common,valid,valid,True
2107.6267028749,1929,0.00509396873046374,0.0566983813041126,0.0702495671078554,0.0702495671078554,False,712.05997373042,0.0137473512715548,712.073721081691,True,True,common,valid,valid,True
2107.62028101087,1930,0.00509310641297729,0.0568345447997956,0.0703857333297599,0.0703857333297599,False,712.060568019082,0.0137668212944165,712.074334840376,True,True,common,valid,valid,True
2107.63047298789,1931,0.0050945056924522,0.0569707088453497,0.0705218852134656,0.0705218852134656,False,712.066434031343,0.0137862583427545,712.080220289686,True,True,common,valid,valid,True
2107.63738387823,1932,0.00509545835969902,0.0571068732053789,0.070658040351681,0.070658040351681,False,712.071257435355,0.0138056644658605,712.08506309982,True,True,common,valid,valid,True
2107.6383035779,1933,0.00509559549783278,0.0572430378478445,0.0707942011409422,0.0707942011409422,False,712.074178011981,0.0138250395361831,712.088003051517,True,True,common,valid,valid,True
2107.64378616214,1934,0.00509635379034221,0.0573792028993892,0.0709303582502239,0.0709303582502239,False,712.078545566069,0.0138443817592223,712.092389947829,True,True,common,valid,valid,True
2107.66713824868,1935,0.0050995446191726,0.0575153685208681,0.0710664999160783,0.0710664999160783,False,712.0885837625,0.0138636890047497,712.102447451505,True,True,common,valid,valid,True
2107.70830467343,1936,0.00510516048160298,0.0576515347138082,0.0712026261894226,0.0712026261894226,False,712.104275557872,0.0138829608253244,712.118158518697,True,True,common,valid,valid,True
2107.73698800802,1937,0.00510907710070214,0.0577877011146218,0.0713387638567286,0.0713387638567286,False,712.116004159942,0.0139022005488457,712.129906360491,True,True,common,valid,valid,True
2107.71596500278,1938,0.00510622739586265,0.0579238672724015,0.0714749458236126,0.0714749458236126,False,712.111953252358,0.0139214123389251,712.125874664697,True,True,common,valid,valid,True
2107.65755155683,1939,0.00509828787267119,0.0580600333334772,0.0716111611999907,0.0716111611999907,False,712.096032606384,0.0139405941635268,712.109973200548,True,True,common,valid,valid,True
2107.61841157079,1940,0.00509297199766111,0.0581961999839872,0.0717473598943546,0.0717473598943546,False,712.086228833202,0.0139597384958931,712.100188571698,True,True,common,valid,valid,True
2107.62771645188,1941,0.00509425079373324,0.0583323675806638,0.0718835161222461,0.0718835161222461,False,712.091800645408,0.0139788412683877,712.105779486676,True,True,common,valid,valid,True
2107.62882715464,1942,0.00509441416837559,0.0584685354373313,0.0720196799529251,0.0720196799529251,False,712.094770284333,0.0139979090532927,712.108768193386,True,True,common,valid,valid,True
2107.57641887665,1943,0.00508729217829239,0.0586047030003167,0.0721558914493724,0.0721558914493724,False,712.080751247785,0.0140169469725011,712.094768194758,True,True,common,valid,valid,True
2107.56430137157,1944,0.00508565487829377,0.0587408714145066,0.0722920676913753,0.0722920676913753,False,712.079519532755,0.0140359429651608,712.09355547572,True,True,common,valid,valid,True
2107.53319984674,1945,0.00508143335471733,0.0588770399566168,0.0724282610731997,0.0724282610731997,False,712.072261060342,0.0140549038810449,712.086315964223,True,True,common,valid,valid,True
2107.5541575551,1946,0.00508429854838606,0.0590132094986957,0.0725644088032204,0.0725644088032204,False,712.081524753543,0.0140738205239307,712.095598574067,True,True,common,valid,valid,True
2107.51937311888,1947,0.00507957572192616,0.059149378718088,0.0727006061623814,0.0727006061623814,False,712.073094702524,0.0140927056643805,712.087187408188,True,True,common,valid,valid,True
2107.54117575288,1948,0.00508255598926808,0.059285548997022,0.0728367538717131,0.0728367538717131,False,712.082623989389,0.0141115450702883,712.096735534459,True,True,common,valid,valid,True
2107.51572835445,1949,0.00507910423699581,0.0594217190567146,0.0729729437036944,0.0729729437036944,False,712.07715485507,0.0141303509776088,712.091285206048,True,True,common,valid,valid,True
2107.51611375809,1950,0.00507916907476407,0.0595578897995709,0.0731091110691663,0.0731091110691663,False,712.079883744262,0.014149113992786,712.094032858254,True,True,common,valid,valid,True
2107.43545520306,1951,0.00506820156918357,0.0596940599017954,0.0732453504197672,0.0732453504197672,False,712.056888717403,0.0141678466423395,712.071056564045,True,True,common,valid,valid,True
2107.35787582397,1952,0.00505765323330435,0.0598302304045418,0.0733815874114935,0.0733815874114935,False,712.034871065814,0.014186538206442,712.049057604021,True,True,common,valid,valid,True
2107.30455428362,1953,0.00505040708672225,0.0599664015720336,0.0735178033296895,0.0735178033296895,False,712.020551552537,0.0142051856612508,712.034756738199,True,True,common,valid,valid,True
2107.30686807632,1954,0.00505073451175805,0.0601025737974267,0.0736539704490582,0.0736539704490582,False,712.023886793811,0.0142237847766264,712.038110578587,True,True,common,valid,valid,True
2107.36014223099,1955,0.0050579991314869,0.0602387470273121,0.0737900929054513,0.0737900929054513,False,712.043393575836,0.0142423356944543,712.057635911531,True,True,common,valid,valid,True
2107.42207959294,1956,0.00506644310318084,0.0603749207370857,0.0739262080780664,0.0739262080780664,False,712.065649675824,0.0142608430672218,712.079910518891,True,True,common,valid,valid,True
2107.4556902349,1957,0.00507103102971364,0.0605110944634381,0.074062348651546,0.074062348651546,False,712.078914853941,0.0142793108647395,712.093194164805,True,True,common,valid,valid,True
2107.45044773817,1958,0.00507032994842536,0.0606472680718901,0.0741985239245849,0.0741985239245849,False,712.079847035302,0.0142977398538452,712.094144775156,True,True,common,valid,valid,True
2107.42174205184,1959,0.00506643486636452,0.060783441754174,0.0743347202975122,0.0743347202975122,False,712.073330772816,0.014316127700991,712.087646900517,True,True,common,valid,valid,True
2107.39244934916,1960,0.00506245989308358,0.0609196157983128,0.0744709175582092,0.0744709175582092,False,712.066627016526,0.0143344712002659,712.080961487726,True,True,common,valid,valid,True
2107.356623739,1961,0.0050575956173888,0.0610557901296375,0.0746071209603501,0.0746071209603501,False,712.057848665618,0.0143527705893225,712.072201436207,True,True,common,valid,valid,True
2107.30352786183,1962,0.00505038036456144,0.061191964612245,0.0747433399902167,0.0747433399902167,False,712.043588168953,0.0143710266652973,712.057959195618,True,True,common,valid,valid,True
2107.24773077667,1963,0.00504279740991972,0.0613281394306784,0.0748795617764775,0.0748795617764775,False,712.0284696978,0.0143892372273081,712.042858935027,True,True,common,valid,valid,True
2107.21676239371,1964,0.00503859439437273,0.061464314935426,0.0750157619989505,0.0750157619989505,False,712.021229806405,0.0144073985670943,712.035637204973,True,True,common,valid,valid,True
2107.22038309276,1965,0.00503910000724019,0.0616004912531182,0.0751519320375218,0.0751519320375218,False,712.024965468042,0.014425509095316,712.039390977138,True,True,common,valid,valid,True
2107.23878526688,1966,0.00504161785050673,0.0617366681341374,0.0752880893929261,0.0752880893929261,False,712.033390854608,0.0144435706955267,712.047834425304,True,True,common,valid,valid,True
2107.24870204926,1967,0.00504298060632076,0.0618728452825526,0.0754242546196436,0.0754242546196436,False,712.039122170624,0.0144615856307283,712.053583756255,True,True,common,valid,valid,True
2107.2400264591,1968,0.00504181240467006,0.0620090225686771,0.0755604366453216,0.0755604366453216,False,712.03895169621,0.0144795546028831,712.053431250813,True,True,common,valid,valid,True
2107.22096541524,1969,0.00503923045014845,0.062145200097164,0.0756966282200701,0.0756966282200701,False,712.035483980078,0.0144974761750628,712.049981456253,True,True,common,valid,valid,True
2107.21624679863,1970,0.00503860095992929,0.062281378186152,0.0758328075022651,0.0758328075022651,False,712.036566688774,0.0145153470082756,712.051082035782,True,True,common,valid,valid,True
2107.22786326706,1971,0.00504019520145647,0.0624175568630528,0.0759689727335682,0.0759689727335682,False,712.042832260849,0.0145331664198366,712.057365427269,True,True,common,valid,valid,True
2107.22423660755,1972,0.00503971441196064,0.0625537357216152,0.0761051518064263,0.0761051518064263,False,712.044258935294,0.0145509375938123,712.058809872888,True,True,common,valid,valid,True
2107.20060381293,1973,0.00503651019272722,0.0626899146996127,0.076241348927013,0.076241348927013,False,712.039335054397,0.0145686605951608,712.053903714992,True,True,common,valid,valid,True
2107.18701379001,1974,0.00503467312706298,0.0628260941860232,0.0763775375560508,0.0763775375560508,False,712.037597111968,0.0145863314986983,712.052183443467,True,True,common,valid,valid,True
2107.18414890766,1975,0.00503429611053305,0.0629622741910588,0.0765137170922215,0.0765137170922215,False,712.039261618005,0.0146039497699643,712.053865567775,True,True,common,valid,valid,True
2107.16613280773,1976,0.00503185656328642,0.0630984543791647,0.0766499103890665,0.0766499103890665,False,712.036116410617,0.0146215178966332,712.050737928514,True,True,common,valid,valid,True
2107.12534706295,1977,0.00502631737160527,0.0632346346505142,0.0767861241740649,0.0767861241740649,False,712.025743898595,0.0146390362604005,712.040382934856,True,True,common,valid,valid,True
2107.09441881627,1978,0.00502212011259263,0.0633708154304804,0.0769223296337471,0.0769223296337471,False,712.018498591614,0.0146565006820221,712.033155092296,True,True,common,valid,valid,True
2107.09550245106,1979,0.00502228070495897,0.0635069970102946,0.077058507205591,0.077058507205591,False,712.021410849406,0.0146739082078848,712.036084757614,True,True,common,valid,valid,True
2107.10334757715,1980,0.00502336177807635,0.0636431790618187,0.077194679189624,0.077194679189624,False,712.026467585745,0.0146912612420081,712.041158846987,True,True,common,valid,valid,True
2107.08944100887,1981,0.00502148177726895,0.0637793612114578,0.0773308707644741,0.0773308707644741,False,712.02462013831,0.0147085625184079,712.039328700829,True,True,common,valid,valid,True
2107.05473576114,1982,0.00501677043002866,0.0639155434707911,0.0774670810877261,0.0774670810877261,False,712.016171049214,0.0147258114406694,712.030896860655,True,True,common,valid,valid,True
2107.02217389457,1983,0.0050123508830449,0.0640517261415321,0.0776032899014603,0.0776032899014603,False,712.00840102775,0.0147430049664972,712.023144032717,True,True,common,valid,valid,True
2107.01856235415,1984,0.00501187243081302,0.0641879095784919,0.0777394735372304,0.0777394735372304,False,712.009816739315,0.0147601396580548,712.024576878973,True,True,common,valid,valid,True
2107.01533526368,1985,0.0050114463396803,0.0643240934063592,0.0778756572192073,0.0778756572192073,False,712.011353153387,0.0147772182381269,712.026130371626,True,True,common,valid,valid,True
2105.01065677032,2191,0.00474175020336684,0.0923870114990696,0.105939742647938,0.105939742647938,False,711.874887254543,0.0164092639777838,711.891296518521,True,True,common,valid,valid,True
2104.95433694124,2192,0.00473409959403608,0.0925232862831564,0.106076064843056,0.106076064843056,False,711.8593124773,0.0164046713042247,711.875717148605,True,True,common,valid,valid,True
2104.91432850808,2193,0.00472867002003874,0.0926595618586886,0.106212373208561,0.106212373208561,False,711.848910615371,0.0163999256629073,711.865310541034,True,True,common,valid,valid,True
2104.95865538716,2194,0.00473472393253552,0.0927958394637515,0.106348608007937,0.106348608007937,False,711.865257077264,0.0163950288139767,711.881652106078,True,True,common,valid,valid,True
2104.99244930502,2195,0.00473934366780968,0.0929321173778798,0.106484852557538,0.106484852557538,False,711.878261875242,0.0163899774037504,711.894651852646,True,True,common,valid,valid,True
2105.00673894724,2196,0.00474130764249341,0.0930683954368818,0.106621114734842,0.106621114734842,False,711.885078877653,0.0163847706266428,711.901463648279,True,True,common,valid,valid,True
2105.01840392873,2197,0.00474291425964239,0.0932046739480193,0.10675737971675,0.10675737971675,False,711.891062121633,0.0163794085471521,711.90744153018,True,True,common,valid,valid,True
2105.02776367031,2198,0.00474420701187508,0.0933409529173808,0.10689364722304,0.10689364722304,False,711.896312892316,0.016373890700043,711.912686783016,True,True,common,valid,valid,True
2105.00263415696,2199,0.00474080354910558,0.0934772317556196,0.107029945513321,0.107029945513321,False,711.890621872698,0.0163682154165633,711.906990088114,True,True,common,valid,valid,True
2104.92276738584,2200,0.00472994677276905,0.0936135100899772,0.107166292364781,0.107166292364781,False,711.867567042074,0.0163623813523269,711.883929423427,True,True,common,valid,valid,True
2104.82032328844,2201,0.00471601573525869,0.0937497885087366,0.107302659538455,0.107302659538455,False,711.837351583855,0.0163563891287671,711.853707972984,True,True,common,valid,valid,True
2104.73790946603,2202,0.00470481212715304,0.0938860677933579,0.107439009623346,0.107439009623346,False,711.813489779321,0.0163502399161308,711.829840019237,True,True,common,valid,valid,True
2104.73077374697,2203,0.00470385883812355,0.0940223489593644,0.107575294111889,0.107575294111889,False,711.813501443236,0.0163439355778768,711.829845378814,True,True,common,valid,valid,True
2104.77834616601,2204,0.00471035497283355,0.0941586316339039,0.107711531069489,0.107711531069489,False,711.83086255006,0.0163374750079963,711.847200025068,True,True,common,valid,valid,True
2104.81642028689,2205,0.0047155577995561,0.0942949146390479,0.107847776871514,0.107847776871514,False,711.845210570599,0.0163308551335943,711.861541425732,True,True,common,valid,valid,True
2104.80608204007,2206,0.00471416851637053,0.0944311972561168,0.107984065681231,0.107984065681231,False,711.844202556828,0.0163240737368338,711.860526630565,True,True,common,valid,valid,True
2104.76121839881,2207,0.00470807804209466,0.0945674797387573,0.10812038530439,0.10812038530439,False,711.832243013267,0.0163171308273832,711.848560144095,True,True,common,valid,valid,True
2104.71037486196,2208,0.0047011733122665,0.0947037626133164,0.108256710679692,0.108256710679692,False,711.818386052622,0.0163100271495622,711.834696079772,True,True,common,valid,valid,True
2104.66073203087,2209,0.0046944320855913,0.0948400460128075,0.108393035503575,0.108393035503575,False,711.804909110864,0.0163027625548982,711.821211873419,True,True,common,valid,valid,True
2104.61597242951,2210,0.00468835580200874,0.0949763300059203,0.108529356543757,0.108529356543757,False,711.792979963582,0.0162953367555747,711.809275300337,True,True,common,valid,valid,True
2104.61555817723,2211,0.00468831792127094,0.0951126153248859,0.10866563915905,0.10866563915905,False,711.795112732196,0.0162877512460679,711.811400483442,True,True,common,valid,valid,True
2104.64522588253,2212,0.00469237625439923,0.0952489017084657,0.108801895873621,0.108801895873621,False,711.806784175558,0.0162800049766173,711.823064180535,True,True,common,valid,valid,True
2104.68211108446,2213,0.00469741741340129,0.0953851887343996,0.108938146760605,0.108938146760605,False,711.820743693708,0.0162720963956523,711.837015790103,True,True,common,valid,valid,True
2104.72180241346,2214,0.00470284071474725,0.095521476321595,0.109074395693201,0.109074395693201,False,711.835592427956,0.0162640248252949,711.851856452781,True,True,common,valid,valid,True
2104.75707034767,2215,0.00470766172897854,0.095657764335818,0.109210649017662,0.109210649017662,False,711.849037467021,0.0162557894181971,711.865293256439,True,True,common,valid,valid,True
2104.77527067065,2216,0.00471015871119021,0.0957940525407451,0.10934691783189,0.10934691783189,False,711.857068136993,0.0162473890006584,711.873315525994,True,True,common,valid,valid,True
2104.75266201794,2217,0.00470709882471203,0.0959303404911059,0.109483222972339,0.109483222972339,False,711.852153816033,0.0162388217272071,711.86839263776,True,True,common,valid,valid,True
2104.69520390034,2218,0.0046992935468684,0.0960666282964503,0.109619559206612,0.109619559206612,False,711.836185168762,0.0162300873368553,711.852415256099,True,True,common,valid,valid,True
2104.63399383426,2219,0.00469097737422219,0.0962029165384057,0.1097558992407,0.1097558992407,False,711.819026009032,0.0162211870469183,711.835247196079,True,True,common,valid,valid,True
2104.60653585196,2220,0.00468725719455972,0.0963392059206502,0.109892210159701,0.109892210159701,False,711.812570377314,0.0162121225844885,711.828782499899,True,True,common,valid,valid,True
2104.63006070256,2221,0.00469047932433232,0.0964754967692613,0.110028476843921,0.110028476843921,False,711.822282370247,0.0162028946216567,711.838485264868,True,True,common,valid,valid,True
2104.66448757052,2222,0.00469518600858384,0.0966117883346678,0.110164734472121,0.110164734472121,False,711.835450985095,0.0161935004065949,711.851644485502,True,True,common,valid,valid,True
2104.65797871351,2223,0.00469431852693965,0.096748079641407,0.110301028536308,0.110301028536308,False,711.835635321591,0.0161839362852702,711.851819257877,True,True,common,valid,valid,True
2104.60966831446,2224,0.00468775895918523,0.0968843706707489,0.110437359794019,0.110437359794019,False,711.822560780409,0.0161742016012228,711.83873498201,True,True,common,valid,valid,True
2104.54091182351,2225,0.00467841525440791,0.097020661824067,0.110573709503635,0.110573709503635,False,711.803001244268,0.0161642971219525,711.819165541389,True,True,common,valid,valid,True
2104.54922503233,2226,0.0046795661428334,0.0971569549426271,0.110709992092704,0.110709992092704,False,711.807882237717,0.0161542286860826,711.824036466403,True,True,common,valid,valid,True
2104.53902328014,2227,0.00467819586984853,0.0972932482239078,0.110846291441257,0.110846291441257,False,711.806890192682,0.0161439897227026,711.823034182405,True,True,common,valid,valid,True
2104.51529622078,2228,0.00467498386921228,0.0974295417615742,0.110982603170255,0.110982603170255,False,711.801607531501,0.0161335800389208,711.81774111154,True,True,common,valid,valid,True
2104.55505177379,2229,0.00468041635633653,0.0975658370153324,0.111118859708778,0.111118859708778,False,711.816456173546,0.0161230044076204,711.832579177954,True,True,common,valid,valid,True
2104.55702865124,2230,0.00468070452627985,0.0977021320675282,0.111255149910704,0.111255149910704,False,711.819322561648,0.0161122555053481,711.835434817153,True,True,common,valid,valid,True
2104.50553312898,2231,0.00467371132727977,0.0978384266174962,0.111391487543552,0.111391487543552,False,711.805229387735,0.0161013316262862,711.821330719361,True,True,common,valid,valid,True
2104.47674542665,2232,0.00466981028607764,0.0979747221121243,0.111527805765413,0.111527805765413,False,711.798336659616,0.0160902376055519,711.814426897221,True,True,common,valid,valid,True
2104.42817997932,2233,0.00466321609488924,0.0981110177439999,0.111664141853484,0.111664141853484,False,711.785170876055,0.0160789699444961,711.801249845999,True,True,common,valid,valid,True
2104.40288239717,2234,0.00465979033287891,0.0982473143329344,0.111800458040872,0.111800458040872,False,711.779382678846,0.0160675313005316,711.795450210146,True,True,common,valid,valid,True
2104.38789168,2235,0.00465776809004725,0.098383611633378,0.111936765700408,0.111936765700408,False,711.776861646046,0.0160559203056926,711.792917566352,True,True,common,valid,valid,True
2104.41998127103,2236,0.00466215688419721,0.0985199103490943,0.112073032571429,0.112073032571429,False,711.789269067416,0.0160441393345907,711.805313206751,True,True,common,valid,valid,True
2104.44998222589,2237,0.00466626130018472,0.0986562095433552,0.112209301793041,0.112209301793041,False,711.801013229599,0.0160321842637888,711.817045413863,True,True,common,valid,valid,True
2104.51007318497,2238,0.00467446317771017,0.0987925098333716,0.112345545136858,0.112345545136858,False,711.822299298297,0.0160200571478076,711.838319355444,True,True,common,valid,valid,True
2104.48690855503,2239,0.00467132797756201,0.0989288090457278,0.112481862034847,0.112481862034847,False,711.817180418508,0.0160077485772105,711.833188167085,True,True,common,valid,valid,True
2104.46844935417,2240,0.00466883354410721,0.0990651088655236,0.112618175322105,0.112618175322105,False,711.813552581903,0.0159952649173096,711.829547846821,True,True,common,valid,valid,True
2104.39277431369,2241,0.00465854788195332,0.0992014081025324,0.112754539316127,0.112754539316127,False,711.791778713616,0.015982600634788,711.80776131425,True,True,common,valid,valid,True
2104.35692563653,2242,0.00465368549448652,0.0993377086221178,0.112890868891364,0.112890868891364,False,711.782634070169,0.0159697631359353,711.798603833305,True,True,common,valid,valid,True
2104.34548550844,2243,0.00465214690942878,0.0994740101297117,0.113027177574048,0.113027177574048,False,711.781228491712,0.015956750786684,711.797185242499,True,True,common,valid,valid,True
2104.3297110498,2244,0.00465001812358091,0.0996103120728663,0.113163490577566,0.113163490577566,False,711.778447157234,0.0159435607447026,711.794390717979,True,True,common,valid,valid,True
2104.30078920722,2245,0.00464609902922553,0.099746614281559,0.11329981563219,0.11329981563219,False,711.7714954507,0.0159301917623374,711.787425642462,True,True,common,valid,valid,True
2104.27498683333,2246,0.00464260473822162,0.0998829170698116,0.113436138469887,0.113436138469887,False,711.765531747551,0.0159166447518383,711.781448392303,True,True,common,valid,valid,True
2104.26946744323,2247,0.00464187247640525,0.100019220770285,0.113572444037389,0.113572444037389,False,711.765998458556,0.015902920779699,711.781901379336,True,True,common,valid,valid,True
2104.27150693536,2248,0.00464216956106324,0.100155525138264,0.113708743496211,0.113708743496211,False,711.768860772421,0.0158890183005425,711.784749790722,True,True,common,valid,valid,True
2104.27084171772,2249,0.00464209835841217,0.100291829975612,0.113845045848821,0.113845045848821,False,711.770864131686,0.015874935934933,711.786739067621,True,True,common,valid,valid,True
2104.27381366491,2250,0.00464252246876901,0.10042813540571,0.113981345533531,0.113981345533531,False,711.774019549992,0.0158606737895318,711.789880223781,True,True,common,valid,valid,True
2104.28493195772,2251,0.00464405593058631,0.100564441516924,0.114117638596497,0.114117638596497,False,711.779756953744,0.0158462318290049,711.795603185573,True,True,common,valid,valid,True
2104.29914814234,2252,0.00464601127568045,0.100700748211976,0.114253929466039,0.114253929466039,False,711.786475521381,0.0158316091342004,711.802307130515,True,True,common,valid,valid,True
2104.30695042014,2253,0.00464709323571343,0.100837055306028,0.114390226484051,0.114390226484051,False,711.791158927049,0.0158168043347827,711.806975731383,True,True,common,valid,valid,True
2104.29991179705,2254,0.00464615425882615,0.100973362634465,0.114526537040241,0.114526537040241,False,711.791134730245,0.0158018161212036,711.806936546366,True,True,common,valid,valid,True
2104.28763130307,2255,0.00464450148912509,0.10110967038428,0.114662852716686,0.114662852716686,False,711.789446937132,0.0157866449140777,711.805233582046,True,True,common,valid,valid,True
2104.28097859025,2256,0.00464361510561188,0.10124597876821,0.114799163982125,0.114799163982125,False,711.789542504233,0.0157712913051261,711.805313795538,True,True,common,valid,valid,True
2104.24891136587,2257,0.00463926790128492,0.101382287178978,0.114935498056931,0.114935498056931,False,711.781577488824,0.0157557517235437,711.797333240548,True,True,common,valid,valid,True
2104.21971926093,2258,0.0046353122313707,0.10151859617012,0.115071830134634,0.115071830134634,False,711.774523055364,0.0157400284869971,711.790263083851,True,True,common,valid,valid,True
2104.2085429132,2259,0.00463380989200104,0.101654906039322,0.115208146940139,0.115208146940139,False,711.773180244359,0.0157241226937038,711.788904367052,True,True,common,valid,valid,True
2104.21814440191,2260,0.00463513702319135,0.101791216842439,0.115344446053179,0.115344446053179,False,711.778424857995,0.0157080342253364,711.79413289222,True,True,common,valid,valid,True
2104.22691512108,2261,0.00463635105057476,0.101927528156236,0.115480746421448,0.115480746421448,False,711.783404789706,0.0156917604112408,711.799096550117,True,True,common,valid,valid,True
2104.20795536041,2262,0.00463378885812917,0.102063839451119,0.115617071629601,0.115617071629601,False,711.779589835463,0.0156752979146344,711.795265133378,True,True,common,valid,valid,True
2104.1738601476,2263,0.00462916558282864,0.102200150974083,0.115753410633906,0.115753410633906,False,711.770974138968,0.0156586475223671,711.78663278649,True,True,common,valid,valid,True
2104.14097607136,2264,0.00462470724786432,0.102336463047264,0.115889749102618,0.115889749102618,False,711.762741387765,0.0156418104896446,711.778383198255,True,True,common,valid,valid,True
2104.12025118619,2265,0.00462190473061121,0.102472775887364,0.116026077438008,0.116026077438008,False,711.75836303889,0.0156247875558082,711.773987826446,True,True,common,valid,valid,True
2104.13764664531,2266,0.00462429336302504,0.102609090008951,0.116162372881599,0.116162372881599,False,711.766071005117,0.015607581183632,711.781678586301,True,True,common,valid,valid,True
2104.1939625442,2267,0.00463198212192034,0.102745405431377,0.116298634735351,0.116298634735351,False,711.786119763608,0.015590191131157,711.801709954739,True,True,common,valid,valid,True
2104.23610036075,2268,0.00463774018475347,0.102881721104986,0.116434909550022,0.116434909550022,False,711.801672043332,0.0155726110329085,711.817244654365,True,True,common,valid,valid,True
2104.21443408728,2269,0.00463480956880991,0.103018036042703,0.116571240826256,0.116571240826256,False,711.796989449199,0.0155548346655291,711.812544283865,True,True,common,valid,valid,True
2104.13722230494,2270,0.00462431487755352,0.103154350405261,0.116707621321535,0.116707621321535,False,711.774691591522,0.0155368622855184,711.790228453807,True,True,common,valid,valid,True
2104.06552495807,2271,0.00461457112873861,0.10329066540537,0.116843997510909,0.116843997510909,False,711.754142348763,0.0155187003845437,711.769661049147,True,True,common,valid,valid,True
2104.03825997561,2272,0.00461087811569811,0.103426981818088,0.11698033528096,0.11698033528096,False,711.747681235678,0.0155003531269265,711.763181588805,True,True,common,valid,valid,True
2104.05158664286,2273,0.00461271283931648,0.103563299569744,0.117116638000915,0.117116638000915,False,711.754089653061,0.0154818197454874,711.769571472806,True,True,common,valid,valid,True
2104.07985841483,2274,0.00461658280147627,0.103699618151964,0.117252928153472,0.117252928153472,False,711.765235831349,0.0154630968157075,711.780698928165,True,True,common,valid,valid,True
2104.08050626516,2275,0.0046166909945247,0.103835936715568,0.117389243051082,0.117389243051082,False,711.767621516788,0.0154441787185602,711.783065695507,True,True,common,valid,valid,True
2104.04657853022,2276,0.00461209072941238,0.103972255119905,0.117525588785136,0.117525588785136,False,711.759042253702,0.0154250640235429,711.774467317725,True,True,common,valid,valid,True
2104.02120331861,2277,0.00460865515436693,0.104108574226819,0.117661927554614,0.117661927554614,False,711.753173735931,0.0154057575116815,711.768579493442,True,True,common,valid,valid,True
2104.01250862796,2278,0.00460749114303447,0.104244894200076,0.117798252236747,0.117798252236747,False,711.752593058712,0.0153862597684364,711.76797931848,True,True,common,valid,valid,True
2104.00735268462,2279,0.00460680905867174,0.104381214777453,0.117934574350471,0.117934574350471,False,711.753133146164,0.0153665687139712,711.768499714878,True,True,common,valid,valid,True
2104.00313376146,2280,0.00460625459969301,0.104517535907306,0.118070896176501,0.118070896176501,False,711.7539690385,0.0153466835571995,711.769315722057,True,True,common,valid,valid,True
2104.0017518563,2281,0.00460608650897355,0.104653857628288,0.118207216050192,0.118207216050192,False,711.755703195869,0.0153266040780087,711.771029799947,True,True,common,valid,valid,True
2104.00470827194,2282,0.00460650923634254,0.104790179971205,0.118343532656459,0.118343532656459,False,711.758811672819,0.0153063300135917,711.774118002833,True,True,common,valid,valid,True
2104.01229094248,2283,0.00460756199535337,0.104926502942556,0.118479845743656,0.118479845743656,False,711.763385804212,0.0152858609482836,711.778671665161,True,True,common,valid,valid,True
2104.01355946623,2284,0.0046077549147561,0.105062826322214,0.118616164899463,0.118616164899463,False,711.7659565064,0.0152651949692096,711.781221701369,True,True,common,valid,valid,True
2103.99299314711,2285,0.00460497436539674,0.105199149796473,0.118752503724169,0.118752503724169,False,711.761602268365,0.0152443294912345,711.776846597857,True,True,common,valid,valid,True
2103.94749028981,2286,0.00459879794195511,0.105335473301691,0.118888864934818,0.118888864934818,False,711.749339867531,0.0152232635395811,711.764563131071,True,True,common,valid,valid,True
2103.88636864722,2287,0.00459049453570137,0.105471797025625,0.119025240366075,0.119025240366075,False,711.732124415192,0.0152019978281309,711.74732641302,True,True,common,valid,valid,True
2103.83548623323,2288,0.00458358552523352,0.105608121491552,0.119161607360023,0.119161607360023,False,711.718154821842,0.0151805354092672,711.733335357252,True,True,common,valid,valid,True
2103.82020173967,2289,0.0045815243100162,0.105744447214159,0.119297943697661,0.119297943697661,False,711.715470538115,0.0151588793971105,711.730629417512,True,True,common,valid,valid,True
2103.82807029784,2290,0.00458261614267729,0.105880773943482,0.119434260285528,0.119434260285528,False,711.720125610458,0.0151370277014766,711.735262638159,True,True,common,valid,valid,True
2103.83133964241,2291,0.00458308167084332,0.106017101117731,0.119570581441266,0.119570581441266,False,711.72332122635,0.0151149759897075,711.73843620234,True,True,common,valid,valid,True
2103.83004426956,2292,0.0045829255896278,0.106153428737641,0.119706907134698,0.119706907134698,False,711.725068286119,0.0150927237789707,711.740161009898,True,True,common,valid,valid,True
2103.84613233805,2293,0.00458513685432645,0.106289757250222,0.119843218136581,0.119843218136581,False,711.732325632824,0.0150702737626677,711.747395906587,True,True,common,valid,valid,True
2103.88273200393,2294,0.00459014147618016,0.106426086721044,0.119979511708056,0.119979511708056,False,711.746085446363,0.0150476259951177,711.761133072358,True,True,common,valid,valid,True
2103.91692948341,2295,0.00459481899894141,0.106562416684228,0.120115807925172,0.120115807925172,False,711.759082763891,0.015024776705471,711.774107540596,True,True,common,valid,valid,True
2103.93730927259,2296,0.00459761482118526,0.106698746906396,0.120252116788471,0.120252116788471,False,711.767697713812,0.0150017237158077,711.782699437528,True,True,common,valid,valid,True
2103.96615354344,2297,0.00460156339699628,0.106835077843162,0.120388418777793,0.120388418777793,False,711.778995650303,0.014978469847096,711.79397412015,True,True,common,valid,valid,True
2103.99997101814,2298,0.00460618927654082,0.106971409424004,0.120524716952498,0.120524716952498,False,711.791869687758,0.0149550141336473,711.806824701892,True,True,common,valid,valid,True
2104.0065478906,2299,0.00460710546417406,0.10710774098796,0.120661039531161,0.120661039531161,False,711.796104299134,0.0149313512057623,711.81103565034,True,True,common,valid,valid,True
2103.9530309923,2300,0.00459983786839604,0.107244071858004,0.120797415289649,0.120797415289649,False,711.781281170729,0.0149074754271329,711.796188646156,True,True,common,valid,valid,True
2103.86764785647,2301,0.00458823059833509,0.107380402612391,0.120933819500491,0.120933819500491,False,711.75635299752,0.0148833904756293,711.771236387995,True,True,common,valid,valid,True
2103.78196877241,2302,0.00457658301579144,0.107516733900027,0.121070224509947,0.121070224509947,False,711.731331416171,0.0148591006998498,711.74619051687,True,True,common,valid,valid,True
2103.71306651831,2303,0.00456722016923415,0.107653066072554,0.121206615363893,0.121206615363893,False,711.711629205924,0.0148346083242559,711.726463814248,True,True,common,valid,valid,True
2103.67663541436,2304,0.00456227939515171,0.107789399454029,0.121342978316325,0.121342978316325,False,711.7022210979,0.0148099154438702,711.717031013344,True,True,common,valid,valid,True
2103.67275899649,2305,0.00456177208853459,0.107925734048137,0.121479313295917,0.121479313295917,False,711.703132761999,0.0147850217299001,711.717917783729,True,True,common,valid,valid,True
2103.69479286671,2306,0.00456479340010859,0.108062069720285,0.121615626124685,0.121615626124685,False,711.712257698284,0.0147599257650699,711.727017624049,True,True,common,valid,valid,True
2103.73183849454,2307,0.00456985912512284,0.108198406247644,0.121751926350304,0.121751926350304,False,711.726141067993,0.0147346254029049,711.740875693396,True,True,common,valid,valid,True
2103.74923324585,2308,0.00457224872318733,0.108334742914231,0.121888244332049,0.121888244332049,False,711.733793060085,0.0147091145286889,711.748502174613,True,True,common,valid,valid,True
2103.73559200764,2309,0.0045704116928306,0.108471079482852,0.122024590039662,0.122024590039662,False,711.731603512358,0.0146833907051011,711.746286903063,True,True,common,valid,valid,True
2103.69796875119,2310,0.00456530866750407,0.108607416098202,0.122160957293997,0.122160957293997,False,711.721809074913,0.0146574545172263,711.73646652943,True,True,common,valid,valid,True
2103.64580687881,2311,0.0045582256935444,0.108743752955434,0.12229733782418,0.12229733782418,False,711.707404278325,0.014631306990084,711.722035585315,True,True,common,valid,valid,True
2103.6519741416,2312,0.00455908635228791,0.108880091567821,0.122433667816668,0.122433667816668,False,711.711491038051,0.014604959975879,711.726095998026,True,True,common,valid,valid,True
2103.70529845357,2313,0.0045663691907165,0.109016431707517,0.122569957059321,0.122569957059321,False,711.730527740632,0.0145784113254672,711.745106151958,True,True,common,valid,valid,True
2103.74722212553,2314,0.00457209945818995,0.109152772158791,0.122706256834098,0.122706256834098,False,711.745949284204,0.0145516506514778,711.760500934855,True,True,common,valid,valid,True
2103.76034751534,2315,0.00457390781687195,0.10928911255779,0.122842582374465,0.122842582374465,False,711.752238783274,0.0145246744114836,711.766763457686,True,True,common,valid,valid,True
2103.73809224367,2316,0.00457089781456116,0.109425452765097,0.12297893944234,0.12297893944234,False,711.747308678123,0.0144974808646541,711.761806158987,True,True,common,valid,valid,True
2103.68686267734,2317,0.004563941896301,0.109561792912924,0.123115322426642,0.123115322426642,False,711.733190635735,0.0144700705283911,711.747660706263,True,True,common,valid,valid,True
2103.64031249285,2318,0.00455762325482229,0.109698133704253,0.123251701859247,0.123251701859247,False,711.720555433984,0.0144424488048522,711.734997882789,True,True,common,valid,valid,True
2103.64675194025,2319,0.00455852115372638,0.109834476151074,0.123388035440934,0.123388035440934,False,711.724719457958,0.0144146239083422,711.739134081866,True,True,common,valid,valid,True
2103.70686462522,2320,0.00456672872322532,0.109970820272,0.123524322577242,0.123524322577242,False,711.745900016636,0.0143865957082876,711.760286612344,True,True,common,valid,valid,True
2103.76074312627,2321,0.0045740873186326,0.110107164814008,0.123660615723405,0.123660615723405,False,711.76510370078,0.0143583530442091,711.779462053824,True,True,common,valid,valid,True
2103.74080643058,2322,0.00457139319399165,0.110243508355094,0.12379697404557,0.12379697404557,False,711.760900752785,0.0143298830207789,711.775230635806,True,True,common,valid,valid,True
2103.67025777698,2323,0.00456180631954862,0.110379851379406,0.123933377225837,0.123933377225837,False,711.740648887467,0.0143011891529205,711.75495007662,True,True,common,valid,valid,True
2103.61769604683,2324,0.00455466905617354,0.110516195329573,0.124069765206188,0.124069765206188,False,711.726099617493,0.0142722835361069,711.740371901029,True,True,common,valid,valid,True
2103.6049258709,2325,0.004552950962205,0.110652540666095,0.124206118898555,0.124206118898555,False,711.724165359073,0.0142431698645633,711.738408528938,True,True,common,valid,valid,True
2103.5983146131,2326,0.00455207166391744,0.110788886682177,0.124342467748688,0.124342467748688,False,711.724182487225,0.0142138414757718,711.738396328701,True,True,common,valid,valid,True
2103.56750828028,2327,0.00454789727707311,0.110925232737597,0.124478838329675,0.124478838329675,False,711.716527324882,0.0141842921456713,711.730711617028,True,True,common,valid,valid,True
2103.52717733383,2328,0.0045424257495518,0.111061579141374,0.124615217798069,0.124615217798069,False,711.705851378639,0.0141545241161296,711.720005902755,True,True,common,valid,valid,True
2103.51119926572,2329,0.00454027083954714,0.111197926609755,0.124751576497802,0.124751576497802,False,711.702894997947,0.0141245434204251,711.717019541367,True,True,common,valid,valid,True
2103.52763453126,2330,0.00454253031369419,0.111334275315224,0.124887907374773,0.124887907374773,False,711.710213445267,0.0140943512576462,711.724307796525,True,True,common,valid,valid,True
2103.54890459776,2331,0.00454544826959421,0.111470624675873,0.125024234572135,0.125024234572135,False,711.71906357351,0.0140639418885737,711.733127515398,True,True,common,valid,valid,True
2103.54626357555,2332,0.00454510980016936,0.111606974082184,0.125160583252156,0.125160583252156,False,711.720331594159,0.0140333091898361,711.734364903349,True,True,common,valid,valid,True
2103.51804026961,2333,0.00454128729033292,0.111743323497339,0.125296954876405,0.125296954876405,False,711.71348760057,0.0140024522581251,711.727490052828,True,True,common,valid,valid,True
2103.49245709181,2334,0.00453782435342852,0.111879673520288,0.125433324741371,0.125433324741371,False,711.707479444571,0.0139713761638695,711.721450820735,True,True,common,valid,valid,True
2103.47915011644,2335,0.0045360333361079,0.11201602435657,0.125569684413432,0.125569684413432,False,711.705362024389,0.0139400823896327,711.719302106779,True,True,common,valid,valid,True
2103.44890731573,2336,0.0045319358291018,0.112152375384968,0.12570605946119,0.12570605946119,False,711.697874166424,0.013908564586793,711.711782731011,True,True,common,valid,valid,True
2103.4341134727,2337,0.00452994234614094,0.112288727295275,0.125842421540081,0.125842421540081,False,711.695282816263,0.0138768288320807,711.709159645095,True,True,common,valid,valid,True
2103.32461753488,2338,0.00451505126615622,0.112425077738918,0.125978867057023,0.125978867057023,False,711.662668817182,0.0138448520485761,711.676513669231,True,True,common,valid,valid,True
2103.24610708654,2339,0.00450438013076336,0.112561429395086,0.126115286006633,0.126115286006633,False,711.639877969687,0.0138126594093684,711.653690629096,True,True,common,valid,valid,True
2103.22406466305,2340,0.00450139947103205,0.112697782808749,0.126251656087417,0.126251656087417,False,711.634985538528,0.0137802558929722,711.648765794421,True,True,common,valid,valid,True
2103.2462579757,2341,0.00450444338039845,0.112834137721927,0.126387988008037,0.126387988008037,False,711.644113380892,0.0137476386996842,711.657861019592,True,True,common,valid,valid,True
2103.29475036263,2342,0.00451106905165534,0.112970493754577,0.126524297469422,0.126524297469422,False,711.661576682855,0.0137148037538942,711.675291486609,True,True,common,valid,valid,True
2103.36471498013,2343,0.00452061912132372,0.113106850806098,0.126660588698386,0.126660588698386,False,711.685846453704,0.0136817496698157,711.699528203374,True,True,common,valid,valid,True
2103.43739178777,2344,0.00453053862313861,0.113243208476129,0.126796878113881,0.126796878113881,False,711.710976381332,0.0136484720473255,711.724624853379,True,True,common,valid,valid,True
2103.41788607836,2345,0.00452790357810992,0.113379564723802,0.126933248753436,0.126933248753436,False,711.706880643005,0.0136149499475461,711.720495592952,True,True,common,valid,valid,True
2103.45250928402,2346,0.00453264053052911,0.113515922692575,0.127069572584309,0.127069572584309,False,711.719944500772,0.0135812142901044,711.733525715062,True,True,common,valid,valid,True
2103.46186059713,2347,0.00453393565897659,0.113652280675228,0.127205919086536,0.127205919086536,False,711.724995002611,0.0135472474728069,711.738542250084,True,True,common,valid,valid,True
2103.43449962139,2348,0.00453023084102023,0.113788638423303,0.12734229826876,0.12734229826876,False,711.718404712435,0.0135130463967624,711.731917758832,True,True,common,valid,valid,True
2103.42509654164,2349,0.00452897178680713,0.113924997115628,0.127478662294789,0.127478662294789,False,711.717506595395,0.0134786225465273,711.730985217942,True,True,common,valid,valid,True
2103.34522199631,2350,0.00451811497158926,0.114061354842328,0.127615088537128,0.127615088537128,False,711.69426553024,0.0134439558042422,711.707709486044,True,True,common,valid,valid,True
2103.28694054484,2351,0.00451019899864173,0.114197713591491,0.127751496442387,0.127751496442387,False,711.677869757953,0.0134090660607871,711.691278824014,True,True,common,valid,valid,True
2103.24827346206,2352,0.00450495438976064,0.114334073321361,0.127887887742783,0.127887887742783,False,711.667691088994,0.013373952492041,711.681065041486,True,True,common,valid,valid,True
2103.23161031306,2353,0.00450270660216901,0.114470434084885,0.128024260348782,0.128024260348782,False,711.66448647049,0.0133386152561359,711.677825085746,True,True,common,valid,valid,True
2103.23224121332,2354,0.00450281418805807,0.114606795781585,0.12816061838255,0.12816061838255,False,711.666762687577,0.0133030529003403,711.680065740477,True,True,common,valid,valid,True
2103.23777848482,2355,0.00450359001991449,0.114743158144149,0.128296972683115,0.128296972683115,False,711.670592922696,0.0132672621758156,711.683860184872,True,True,common,valid,valid,True
2103.24252226949,2356,0.00450425780821779,0.114879521049412,0.128433328237615,0.128433328237615,False,711.674170347243,0.0132312413116996,711.687401588554,True,True,common,valid,valid,True
2103.24081066251,2357,0.00450404642786551,0.115015884374483,0.128569689999469,0.128569689999469,False,711.675700102839,0.013194988512476,711.688895091351,True,True,common,valid,valid,True
2103.22756744921,2358,0.00450226451749754,0.115152248008722,0.128706062409259,0.128706062409259,False,711.673572992233,0.0131585020866802,711.686731494319,True,True,common,valid,valid,True
2103.20233042538,2359,0.00449884911988615,0.11528861194165,0.128842445870952,0.128842445870952,False,711.667642567378,0.0131217814028328,711.680764348781,True,True,common,valid,valid,True
2103.16698665917,2360,0.00449405723863996,0.115424976214053,0.128978838733485,0.128978838733485,False,711.658507198547,0.0130848263850318,711.671592024932,True,True,common,valid,valid,True
2103.13622106612,2361,0.00448988889540648,0.115561341146117,0.129115228150922,0.129115228150922,False,711.650821952372,0.0130476400302113,711.663869592402,True,True,common,valid,valid,True
2103.11924327165,2362,0.0044875984095809,0.115697706939474,0.129251606067727,0.129251606067727,False,711.647505977959,0.01301022410452,711.660516202064,True,True,common,valid,valid,True
2103.11963710189,2363,0.00448767389402635,0.115834073673574,0.129387969350109,0.129387969350109,False,711.649695150637,0.0129725790663885,711.662667729703,True,True,common,valid,valid,True
2103.14142198861,2364,0.00449066279265241,0.115970441437894,0.129524314483727,0.129524314483727,False,711.658663672768,0.0129347055020048,711.67159837827,True,True,common,valid,valid,True
2103.1634875834,2365,0.00449368995489576,0.116106809771796,0.129660659935027,0.129660659935027,False,711.667720081822,0.012896597859631,711.680616679682,True,True,common,valid,valid,True
2103.15610697865,2366,0.00449270666250715,0.116243178023369,0.129797031704761,0.129797031704761,False,711.667440964221,0.0128582483355193,711.680299212556,True,True,common,valid,valid,True
2103.13566832244,2367,0.00448994491888796,0.116379546550791,0.129933415457855,0.129933415457855,False,711.663021221264,0.0128196603937793,711.675840881658,True,True,common,valid,valid,True
2103.12865507603,2368,0.00448901169726071,0.116515915935591,0.130069788031177,0.130069788031177,False,711.66285593848,0.0127808401177449,711.675636778598,True,True,common,valid,valid,True
2103.1256159991,2369,0.00448861976860458,0.116652285970988,0.130206157691757,0.130206157691757,False,711.663949123646,0.012741784722351,711.676690908368,True,True,common,valid,valid,True
2103.11704810709,2370,0.00448747484871074,0.116788656448251,0.130342532751124,0.130342532751124,False,711.663288409979,0.0127024913525166,711.675990901332,True,True,common,valid,valid,True
2103.11137938499,2371,0.00448672480984471,0.116925027553089,0.130478905838557,0.130478905838557,False,711.663545398609,0.012662961654776,711.676208360264,True,True,common,valid,valid,True
2103.12186466157,2372,0.00448817493920336,0.117061399578475,0.130615265362844,0.130615265362844,False,711.668921793392,0.0126231985613103,711.681544991953,True,True,common,valid,valid,True
2103.1412255615,2373,0.00449083394277392,0.117197772365087,0.130751617690339,0.130751617690339,False,711.677110540879,0.0125831998017674,711.689693740681,True,True,common,valid,valid,True
2103.15867893398,2374,0.0044932331745631,0.11733414567536,0.130887972251559,0.130887972251559,False,711.684693450508,0.0125429621546334,711.697236412663,True,True,common,valid,valid,True
2103.17630504072,2375,0.00449565596283288,0.117470519555498,0.131024327227559,0.131024327227559,False,711.69232996073,0.0125024856816621,711.704832446411,True,True,common,valid,valid,True
2103.19383020699,2376,0.00449806503342675,0.117606893999723,0.131160682857938,0.131160682857938,False,711.69993331374,0.0124617698408468,711.712395083581,True,True,common,valid,valid,True
2103.20448158681,2377,0.00449953792900468,0.117743268857936,0.131297045065121,0.131297045065121,False,711.705356325235,0.0124208123766038,711.717777137612,True,True,common,valid,valid,True
2103.19557841122,2378,0.0044983475300792,0.117879643848079,0.131433424936658,0.131433424936658,False,711.704578740858,0.0123796094265402,711.716958350284,True,True,common,valid,valid,True
2103.15515339375,2379,0.00449286388291651,0.118016018703054,0.131569832935416,0.131569832935416,False,711.693806759145,0.0123381572401628,711.706144916385,True,True,common,valid,valid,True
2103.07672183961,2380,0.00448220375300025,0.1181523932775,0.13170627473036,0.13170627473036,False,711.670985652393,0.0122964534620199,711.683282105855,True,True,common,valid,valid,True
2102.98560810089,2381,0.0044698162983807,0.118288768134272,0.131842728178574,0.131842728178574,False,711.644144759792,0.012254504270561,711.656399264062,True,True,common,valid,valid,True
2102.9193463251,2382,0.00446081367616535,0.118425144108746,0.131979160462166,0.131979160462166,False,711.625181468874,0.0122123193111706,711.637393788185,True,True,common,valid,valid,True
2102.88300480694,2383,0.00445588620605083,0.118561521314765,0.132115567150613,0.132115567150613,False,711.615700914381,0.0121698996095801,711.627870813991,True,True,common,valid,valid,True
2102.8527226299,2384,0.00445178403089293,0.118697899222086,0.132251969107443,0.132251969107443,False,711.60813975524,0.0121272382899734,711.62026699353,True,True,common,valid,valid,True
2102.82061938941,2385,0.00444743383552041,0.118834277655497,0.132388373223065,0.132388373223065,False,711.600000293212,0.0120843327355961,711.612084625948,True,True,common,valid,valid,True
2102.82354409993,2386,0.00444785449852297,0.118970657437838,0.1325247472811,0.1325247472811,False,711.60296116947,0.0120411926863567,711.615002362157,True,True,common,valid,valid,True
2102.86598235369,2387,0.00445365698572139,0.119107038672147,0.132661087362605,0.132661087362605,False,711.618444344649,0.0119978190856682,711.630442163735,True,True,common,valid,valid,True
2102.90669899434,2388,0.00445922502713027,0.119243420438932,0.132797429519929,0.132797429519929,False,711.633381168588,0.011954200082036,711.64533536867,True,True,common,valid,valid,True
2102.9136326164,2389,0.00446019179968014,0.119379802019487,0.132933801781108,0.132933801781108,False,711.637609052516,0.011910326153864,711.64951937867,True,True,common,valid,valid,True
2102.88958595693,2390,0.00445693902069133,0.119516183474482,0.133070201693973,0.133070201693973,False,711.632015994268,0.0118661974658345,711.643882191734,True,True,common,valid,valid,True
2102.8494489342,2391,0.00445149471112125,0.119652565136757,0.133206616240926,0.133206616240926,False,711.621321814673,0.0118218176465228,711.63314363232,True,True,common,valid,valid,True
2102.79631653428,2392,0.00444428040568496,0.119788947075387,0.133343042716084,0.133343042716084,False,711.606507891183,0.011777187035521,711.618285078218,True,True,common,valid,valid,True
2102.7378230691,2393,0.00443633590985652,0.119925329461722,0.133479474445768,0.133479474445768,False,711.589994222485,0.0117323073005822,711.601726529786,True,True,common,valid,valid,True
2102.70487010479,2394,0.00443187010176182,0.120061712990643,0.133615884417866,0.133615884417866,False,711.581574123952,0.0116871869036121,711.593261310856,True,True,common,valid,valid,True
2102.74488154054,2395,0.00443734227756923,0.120198098731308,0.133752231180065,0.133752231180065,False,711.596276722247,0.01164183931905,711.607918561566,True,True,common,valid,valid,True
2102.87852660567,2396,0.00445556770063823,0.12033448715725,0.133888496673052,0.133888496673052,False,711.640656217713,0.0115962704799271,711.652252488193,True,True,common,valid,valid,True
2102.97701213881,2397,0.00446900435243652,0.120470875368903,0.134024793476162,0.134024793476162,False,711.673894167562,0.0115504424074429,711.685444609969,True,True,common,valid,valid,True
2101.04505364224,2603,0.00421090789585964,0.148578797858719,0.162133805966326,0.162133805966326,False,711.449657285526,-0.00656493794138641,711.443092347585,True,True,common,valid,valid,True
2101.08095537126,2604,0.00421582620601294,0.148715306668259,0.162270279440822,0.162270279440822,False,711.462776508132,-0.00671253950289423,711.456063968629,True,True,common,valid,valid,True
2101.06713035703,2605,0.00421396929333273,0.148851814746502,0.162406796785226,0.162406796785226,False,711.460142481948,-0.00686093557102505,711.453281546377,True,True,common,valid,valid,True
2101.0359274447,2606,0.00420974465529327,0.148988322956572,0.162543329848152,0.162543329848152,False,711.452002413386,-0.00701009849322544,711.444992314892,True,True,common,valid,valid,True
2101.06023191288,2607,0.00421308292134779,0.149124833250044,0.162679815207955,0.162679815207955,False,711.461444026058,-0.00715996117576299,711.454284064883,True,True,common,valid,valid,True
2101.06761027873,2608,0.0042141150292134,0.149261343688272,0.162816315893914,0.162816315893914,False,711.46552272897,-0.00731059501605926,711.458212133954,True,True,common,valid,valid,True
2101.02549369447,2609,0.00420840343595036,0.149397853396192,0.162952860243261,0.162952860243261,False,711.453921507283,-0.00746203423377941,711.44645947305,True,True,common,valid,valid,True
2100.96797058359,2610,0.00420059268909278,0.149534363286798,0.163089418593987,0.163089418593987,False,711.437439286927,-0.00761424887154179,711.429825038055,True,True,common,valid,valid,True
2100.95622972026,2611,0.00419901982452639,0.149670875002454,0.163225937705839,0.163225937705839,False,711.435457724991,-0.0077671818342773,711.427690543157,True,True,common,valid,valid,True
2100.98810949456,2612,0.00420339035198541,0.149807388487531,0.163362419461816,0.163362419461816,False,711.447291842854,-0.00792083704815793,711.439371005806,True,True,common,valid,valid,True
2101.02876072936,2613,0.00420895604216212,0.149943902807698,0.163498894185127,0.163498894185127,False,711.46190355533,-0.00807525073620922,711.453828304594,True,True,common,valid,valid,True
2101.05210169032,2614,0.0042121632138449,0.150080417261026,0.163635384567688,0.163635384567688,False,711.47103093468,-0.00823045110294776,711.462800483577,True,True,common,valid,valid,True
2101.04268335178,2615,0.00421090689095466,0.150216931429611,0.163771904048627,0.163771904048627,False,711.469779627972,-0.0083864562663344,711.461393171706,True,True,common,valid,valid,True
2101.01572150923,2616,0.00420726023945018,0.150353445721972,0.163908439388837,0.163908439388837,False,711.462969673211,-0.00854325393824288,711.454426419273,True,True,common,valid,valid,True
2100.99955890057,2617,0.00420508502060364,0.150489960902193,0.164044965930469,0.164044965930469,False,711.459579385222,-0.00870081832109653,711.450878566901,True,True,common,valid,valid,True
2101.00512813218,2618,0.00420587084141143,0.1506264772661,0.164181474163282,0.164181474163282,False,711.463071786298,-0.00885914066672324,711.454212645631,True,True,common,valid,valid,True
2101.02714077942,2619,0.00420889715284408,0.150762994672122,0.164317968689072,0.164317968689072,False,711.471771793888,-0.00901822849631169,711.462753565392,True,True,common,valid,valid,True
2101.05314099044,2620,0.00421246681470573,0.150899512784375,0.164454460344212,0.164454460344212,False,711.48173388961,-0.00917809675526536,711.472555792854,True,True,common,valid,valid,True
2101.06278145313,2621,0.00421380743489875,0.151036031051924,0.164590966828389,0.164590966828389,False,711.486512258781,-0.00933876873571271,711.477173490046,True,True,common,valid,valid,True
2101.03036580421,2622,0.00420941777316096,0.151172548777099,0.164727510492564,0.164727510492564,False,711.477966420113,-0.00950027365429425,711.468466146458,True,True,common,valid,valid,True
2100.97126326896,2623,0.00420139191961979,0.151309066374814,0.164864077966275,0.164864077966275,False,711.460965803408,-0.00966259868604279,711.451303204722,True,True,common,valid,valid,True
2100.92769920081,2624,0.0041954832424522,0.15144558498939,0.165000632519487,0.165000632519487,False,711.448886592468,-0.00982570272917373,711.439060889739,True,True,common,valid,valid,True
2100.92114317417,2625,0.00419461707994115,0.151582105203881,0.165137155477781,0.165137155477781,False,711.44852887193,-0.00998956555009042,711.43853930638,True,True,common,valid,valid,True
2100.93951771781,2626,0.00419714784497102,0.151718626692303,0.165273657348058,0.165273657348058,False,711.45606685461,-0.0101542017575039,711.445912652853,True,True,common,valid,valid,True
2100.96166230366,2627,0.00420019232684206,0.1518551488811,0.165410156536904,0.165410156536904,False,711.464797905139,-0.0103196358012922,711.454478269338,True,True,common,valid,valid,True
2100.97828624211,2628,0.00420248462277563,0.151991671517671,0.165546661125143,0.165546661125143,False,711.471779016332,-0.0104858799573085,711.461293136374,True,True,common,valid,valid,True
2100.99196553696,2629,0.00420437572353338,0.152128194671728,0.165683168871918,0.165683168871918,False,711.477826122214,-0.010652934030374,711.467173188184,True,True,common,valid,valid,True
2100.99401605595,2630,0.00420468236401979,0.152264718106276,0.165819687329656,0.165819687329656,False,711.480188172459,-0.0108208098445168,711.469367362614,True,True,common,valid,valid,True
2100.96133595705,2631,0.00420025677157855,0.152401241190404,0.165956236589199,0.165956236589199,False,711.471546912195,-0.0109895349341199,711.460557377261,True,True,common,valid,valid,True
2100.90305412561,2632,0.00419234278907212,0.152537764171734,0.166092808709963,0.166092808709963,False,711.454794819175,-0.0111591024271011,711.443635716748,True,True,common,valid,valid,True
2100.86890526116,2633,0.00418771707243517,0.152674288406781,0.166229360437814,0.166229360437814,False,711.445686322556,-0.0113294611024211,711.434356861453,True,True,common,valid,valid,True
2100.88994187117,2634,0.00419061075081061,0.152810814744604,0.166365864768333,0.166365864768333,False,711.454056900636,-0.0115005791214208,711.442556321515,True,True,common,valid,valid,True
2100.93922568485,2635,0.00419735333751946,0.152947342452548,0.166502345131639,0.166502345131639,False,711.471374247452,-0.0116724876713882,711.459701759781,True,True,common,valid,valid,True
2100.95105506107,2636,0.00419899253262315,0.153083869734249,0.16663885866426,0.16663885866426,False,711.476826074668,-0.0118452612617746,711.464980813406,True,True,common,valid,valid,True
2100.92437939346,2637,0.00419538515632353,0.153220396558226,0.166775406277266,0.166775406277266,False,711.470079068195,-0.0120189041137061,711.458060164082,True,True,common,valid,valid,True
2100.89773590863,2638,0.00419178217324928,0.153356923978632,0.166911954457768,0.166911954457768,False,711.46334107355,-0.0121933763848343,711.451147697165,True,True,common,valid,valid,True
2100.87327612936,2639,0.00418847674536097,0.153493452054402,0.167048501334818,0.167048501334818,False,711.457293610357,-0.0123686781384365,711.444924932219,True,True,common,valid,valid,True
2100.85247761011,2640,0.00418567020299566,0.15362998082611,0.167185045623634,0.167185045623634,False,711.452404668801,-0.01254481015,711.439859858651,True,True,common,valid,valid,True
2100.8460137099,2641,0.00418481688319265,0.153766510586872,0.16732157804345,0.16732157804345,False,711.452055045198,-0.0127217627756472,711.439333282423,True,True,common,valid,valid,True
2100.85971774161,2642,0.00418671163526588,0.153903041497729,0.167458093522821,0.167458093522821,False,711.45809248402,-0.0128995316372332,711.445192952383,True,True,common,valid,valid,True
2100.8826656267,2643,0.00418986597139375,0.154039573259607,0.167594601561372,0.167594601561372,False,711.46705685701,-0.0130781313392034,711.45397872567,True,True,common,valid,valid,True
2100.89788328111,2644,0.00419196702505904,0.154176105405876,0.167731116918048,0.167731116918048,False,711.473571367269,-0.0132575836489395,711.46031378362,True,True,common,valid,valid,True
2100.90551323444,2645,0.00419303421167472,0.15431263793983,0.167867639468331,0.167867639468331,False,711.477681038406,-0.0134378909962055,711.464243147409,True,True,common,valid,valid,True
2100.910037525,2646,0.00419367824636835,0.154449170984466,0.168004165314888,0.168004165314888,False,711.480805615607,-0.0136190507904685,711.467186564816,True,True,common,valid,valid,True
2100.89374601841,2647,0.00419148594745983,0.154585704050874,0.168140709854757,0.168140709854757,False,711.477334856267,-0.0138010861273665,711.463533770139,True,True,common,valid,valid,True
2100.84046848118,2648,0.00418425394340514,0.154722236691663,0.168277287145317,0.168277287145317,False,711.462146776759,-0.0139840186897952,711.448162758069,True,True,common,valid,valid,True
2100.78435470164,2649,0.00417663546752443,0.154858769848409,0.168413867495962,0.168413867495962,False,711.446059656758,-0.0141678115077513,711.431891845251,True,True,common,valid,valid,True
2100.75806808472,2650,0.00417308125004402,0.154995304422953,0.168550422509423,0.168550422509423,False,711.439419404593,-0.0143524286197566,711.425066975973,True,True,common,valid,valid,True
2100.75408385694,2651,0.00417256598093075,0.155131840208528,0.168686958728539,0.168686958728539,False,711.439842045511,-0.0145378809158864,711.425304164595,True,True,common,valid,valid,True
2100.7262506187,2652,0.00416880104073717,0.155268375929954,0.168823516276042,0.168823516276042,False,711.432709411781,-0.0147242253781477,711.417985186403,True,True,common,valid,valid,True
2100.65995854139,2653,0.00415979565928711,0.155404911182074,0.168960107851993,0.168960107851993,False,711.413394704718,-0.014911482323895,711.398483222394,True,True,common,valid,valid,True
2100.60377705097,2654,0.00415216795026356,0.155541447307588,0.169096691232123,0.169096691232123,False,711.397281807838,-0.0150995965749359,711.382182211264,True,True,common,valid,valid,True
2100.59473273158,2655,0.00415096322605918,0.155677985331436,0.169233234228135,0.169233234228135,False,711.396096597914,-0.0152885257966902,711.380808072117,True,True,common,valid,valid,True
2100.62879610062,2656,0.00415563245539106,0.155814525144475,0.169369740345153,0.169369740345153,False,711.40856269319,-0.0154782765595689,711.39308441663,True,True,common,valid,valid,True
2100.65747913718,2657,0.00415956858587205,0.15595106540509,0.169506251735717,0.169506251735717,False,711.419323791853,-0.0156689096135289,711.40365488224,True,True,common,valid,valid,True
2100.64062204957,2658,0.00415729934296364,0.156087604997937,0.169642803308405,0.169642803308405,False,711.415660062923,-0.0158604766040639,711.399799586319,True,True,common,valid,valid,True
2100.58278074861,2659,0.00414944549451449,0.156224144047151,0.169779391100844,0.169779391100844,False,711.399014859594,-0.0160529751709576,711.382961884423,True,True,common,valid,valid,True
2100.59156405926,2660,0.00415067010175292,0.156360685540231,0.169915921573762,0.169915921573762,False,711.403469203147,-0.0162462757421808,711.387222927405,True,True,common,valid,valid,True
2100.57542401552,2661,0.00414849859917505,0.156497226935522,0.17005247430543,0.17005247430543,False,711.400028792191,-0.0164404931057522,711.383588299086,True,True,common,valid,valid,True
2100.57933044434,2662,0.004149058709493,0.156633769482594,0.170189010206691,0.170189010206691,False,711.402935947311,-0.0166355741785552,711.386300373133,True,True,common,valid,valid,True
2100.64654120803,2663,0.00415824492035133,0.156770314387528,0.170325491680275,0.170325491680275,False,711.425891567588,-0.0168314670054535,711.409060100583,True,True,common,valid,valid,True
2100.67284777761,2664,0.00416185742055044,0.156906858749979,0.170462009303038,0.170462009303038,False,711.435891164046,-0.0170283038718639,711.418862860174,True,True,common,valid,valid,True
2100.6681702435,2665,0.00416124793260532,0.157043402843363,0.170598554450024,0.170598554450024,False,711.436075744581,-0.0172260754258328,711.418849669155,True,True,common,valid,valid,True
2100.65234273672,2666,0.00415911911910846,0.157179947219536,0.170735109881489,0.170735109881489,False,711.432727410762,-0.0174247595297328,711.415302651233,True,True,common,valid,valid,True
2100.65565657616,2667,0.00415959860619132,0.157316492724157,0.170871649270975,0.170871649270975,False,711.435440504278,-0.0176243202829744,711.417816183995,True,True,common,valid,valid,True
2100.66872006655,2668,0.00416140664990528,0.157453039095683,0.171008180781479,0.171008180781479,False,711.441240398201,-0.0178247718397407,711.423415626361,True,True,common,valid,valid,True
2100.66948607564,2669,0.00416153900317837,0.157589585717609,0.171144723573423,0.171144723573423,False,711.443143899739,-0.0180261448246434,711.425117754914,True,True,common,valid,valid,True
2100.64924621582,2670,0.00415880900591936,0.157726132345201,0.171281285213843,0.171281285213843,False,711.438392666643,-0.0182284531579151,711.420164213485,True,True,common,valid,valid,True
2100.63511434197,2671,0.00415691132746228,0.15786267973701,0.171417842139319,0.171417842139319,False,711.435574795197,-0.0184316645336327,711.417143130663,True,True,common,valid,valid,True
2100.64957356453,2672,0.00415890965115672,0.157999228523686,0.171554374812312,0.171554374812312,False,711.441811482812,-0.0186357520485894,711.423175730764,True,True,common,valid,valid,True
2100.68084907532,2673,0.00416319949129289,0.15813577837662,0.171690893466521,0.171690893466521,False,711.453373479105,-0.0188407330759137,711.434532746029,True,True,common,valid,valid,True
2100.6974593699,2674,0.00416549099250158,0.158272328412487,0.171827425458694,0.171827425458694,False,711.460289176491,-0.0190466511440989,711.441242525347,True,True,common,valid,valid,True
2100.67516976595,2675,0.00416248176815021,0.158408877948767,0.171963991845886,0.171963991845886,False,711.454881868752,-0.0192535409531969,711.435628327799,True,True,common,valid,valid,True
2100.63551932573,2676,0.0041571068484856,0.158545427589257,0.172100573910622,0.172100573910622,False,711.443974389362,-0.0194613771152094,711.424513012247,True,True,common,valid,valid,True
2100.62035545707,2677,0.00415506864186816,0.158681978510599,0.17223713529065,0.17223713529065,False,711.440821696343,-0.019670106708819,711.421151589634,True,True,common,valid,valid,True
2100.63527491689,2678,0.00415712982062928,0.15881853087152,0.172373671124036,0.172373671124036,False,711.447196304082,-0.019879724293673,711.427316579788,True,True,common,valid,valid,True
2100.6626868844,2679,0.00416089334967003,0.158955084178152,0.172510196696566,0.172510196696566,False,711.457526709177,-0.0200902554324636,711.437436453745,True,True,common,valid,valid,True
2100.68429389596,2680,0.00416386588420012,0.159091637915081,0.172646727906489,0.172646727906489,False,711.466017291098,-0.0203017270537179,711.445715564044,True,True,common,valid,valid,True
2100.67772346735,2681,0.0041629987668129,0.159228191450017,0.172783284190793,0.172783284190793,False,711.465581163635,-0.0205141720380573,711.445066991597,True,True,common,valid,valid,True
2100.63579019904,2682,0.00415731283549657,0.159364744578299,0.17291987179063,0.17291987179063,False,711.453942405543,-0.0207276031358834,711.433214802407,True,True,common,valid,valid,True
2100.60868826509,2683,0.0041536479473454,0.159501298716804,0.173056447096171,0.173056447096171,False,711.447000404141,-0.0209419548606427,711.42605844928,True,True,common,valid,valid,True
2100.61683812737,2684,0.00415478678279208,0.159637854443463,0.173192992366993,0.173192992366993,False,711.451222920621,-0.0211572013934157,711.430065719228,True,True,common,valid,valid,True
2100.63672530651,2685,0.00415752507426187,0.159774411094856,0.173329528033336,0.173329528033336,False,711.459161967698,-0.0213733769900715,711.437788590708,True,True,common,valid,valid,True
2100.63413789868,2686,0.00415720080205222,0.159910967702545,0.173466083816784,0.173466083816784,False,711.459980890502,-0.0215905312782054,711.438390359224,True,True,common,valid,valid,True
2100.60537922382,2687,0.00415331020534564,0.160047524160314,0.173602662927376,0.173602662927376,False,711.452508745697,-0.0218086722760347,711.430700073421,True,True,common,valid,valid,True
2100.56333822012,2688,0.00414760963652416,0.160184080832349,0.173739254167247,0.173739254167247,False,711.440828432021,-0.0220277849309271,711.41880064709,True,True,common,valid,valid,True
2100.51262259483,2689,0.00414072697784523,0.160320637848772,0.173875853533178,0.173875853533178,False,711.426399730255,-0.0222478654960754,711.404151864759,True,True,common,valid,valid,True
2100.54292291403,2690,0.00414488436959474,0.160457197754046,0.174012383111416,0.174012383111416,False,711.43762979115,-0.0224687902561529,711.415161000894,True,True,common,valid,valid,True
2100.52518290281,2691,0.00414249532170573,0.160593756887533,0.174148955012994,0.174148955012994,False,711.433642782436,-0.0226907427959032,711.41095203964,True,True,common,valid,valid,True
2100.52514356375,2692,0.00414251836726951,0.160730317114644,0.174285512129399,0.174285512129399,False,711.435260795841,-0.0229136330555793,711.412347162785,True,True,common,valid,valid,True
2100.52079564333,2693,0.00414195429889668,0.160866877810328,0.174422073579329,0.174422073579329,False,711.435512834609,-0.0231374945918601,711.412375340018,True,True,common,valid,valid,True
2100.50781589746,2694,0.00414021398013048,0.161003438851171,0.174558643117648,0.174558643117648,False,711.433029605806,-0.0233623361531122,711.409667269653,True,True,common,valid,valid,True
2100.50169253349,2695,0.00413940800377877,0.161140000677589,0.174695207290764,0.174695207290764,False,711.432716673567,-0.0235881380804253,711.409128535487,True,True,common,valid,valid,True
2100.51716631651,2696,0.00414154512254552,0.161276563709898,0.174831753295394,0.174831753295394,False,711.439242876655,-0.0238148814146001,711.41542799524,True,True,common,valid,valid,True
2100.48113834858,2697,0.00413666403027,0.161413125864763,0.174968344623375,0.174968344623375,False,711.429455673985,-0.0240426743397694,711.405412999645,True,True,common,valid,valid,True
2100.50151824951,2698,0.00413946975888776,0.161549690218136,0.175104887547593,0.175104887547593,False,711.437533084896,-0.0242713629756253,711.413261721921,True,True,common,valid,valid,True
2100.52744072676,2699,0.0041430308174659,0.161686255320985,0.175241426248945,0.175241426248945,False,711.44736488779,-0.0245010232144452,711.422863864576,True,True,common,valid,valid,True
2100.53607115149,2700,0.00414423547626149,0.16182282052082,0.175377980559423,0.175377980559423,False,711.451718453897,-0.0247316909970029,711.4269867629,True,True,common,valid,valid,True
2100.51630398631,2701,0.0041415703396642,0.161959385498701,0.175514560122757,0.175514560122757,False,711.447076035468,-0.024963385515661,711.422112649953,True,True,common,valid,valid,True
2100.50608819723,2702,0.00414020680892407,0.162095951338999,0.175651131980038,0.175651131980038,False,711.445457619981,-0.0251960535102314,711.420261566471,True,True,common,valid,valid,True
2100.51749742031,2703,0.00414179020534051,0.162232518387845,0.175787685646265,0.175787685646265,False,711.450687351651,-0.0254296792988721,711.425257672352,True,True,common,valid,valid,True
2100.54015281796,2704,0.00414490618366468,0.162369086349037,0.175924230135853,0.175924230135853,False,711.459478017536,-0.0256642804675512,711.433813737069,True,True,common,valid,valid,True
2100.54848664999,2705,0.00414607053902618,0.162505654489706,0.17606078765242,0.17606078765242,False,711.463731154779,-0.0258998976677694,711.437831257111,True,True,common,valid,valid,True
2100.54326346517,2706,0.0041453874490681,0.16264222283069,0.176197357531001,0.176197357531001,False,711.463688786538,-0.02613653249075,711.437552254047,True,True,common,valid,valid,True
2100.53758224845,2707,0.0041446419587098,0.162778791747321,0.176333928395998,0.176333928395998,False,711.463500016073,-0.0263741678337749,711.437125848239,True,True,common,valid,valid,True
2100.52259886265,2708,0.00414262883695989,0.162915360985202,0.176470507927036,0.176470507927036,False,711.460363471398,-0.0266128196275011,711.43375065177,True,True,common,valid,valid,True
2100.47870957851,2709,0.00413667658328551,0.163051929980023,0.176607113146263,0.176607113146263,False,711.44806995886,-0.0268525204564592,711.421217438404,True,True,common,valid,valid,True
2100.43972313404,2710,0.00413139246293589,0.163188499703084,0.176743714695404,0.176743714695404,False,711.437328422463,-0.0270932215119401,711.410235200951,True,True,common,valid,valid,True
2100.42448681593,2711,0.00412934489825797,0.163325070696731,0.176880296208906,0.176880296208906,False,711.434108062769,-0.0273348961575621,711.406773166611,True,True,common,valid,valid,True
2100.50216162205,2712,0.0041399588563852,0.163461644954434,0.177016797635785,0.177016797635785,False,711.460314524026,-0.0275774394866435,711.432737084539,True,True,common,valid,valid,True
2100.52213639021,2713,0.00414270975678755,0.163598218140118,0.177153349753055,0.177153349753055,False,711.468244367777,-0.0278210860048869,711.440423281772,True,True,common,valid,valid,True
2100.48082959652,2714,0.00413710948117969,0.163734790145954,0.177289955666167,0.177289955666167,False,711.456762015576,-0.0280658448785984,711.428696170698,True,True,common,valid,valid,True
2100.46754926443,2715,0.00413532854623011,0.163871363547233,0.17742653783203,0.17742653783203,False,711.454155735967,-0.0283115799706149,711.425844155996,True,True,common,valid,valid,True
2100.44500097632,2716,0.00413228462039963,0.164007937267816,0.17756312863144,0.17756312863144,False,711.448612656034,-0.0285583518333872,711.420054304201,True,True,common,valid,valid,True
2100.32644450665,2717,0.004116157023531,0.164144508801591,0.177699803373695,0.177699803373695,False,711.412660911678,-0.0288063000286,711.383854611649,True,True,common,valid,valid,True
2100.21972008049,2718,0.00410164182447346,0.164281081262767,0.17783646842894,0.17783646842894,False,711.380458368774,-0.0290552579996004,711.351403110774,True,True,common,valid,valid,True
2100.16796812415,2719,0.00409461808782889,0.164417655896449,0.177973086340463,0.177973086340463,False,711.365664710126,-0.0293051593374794,711.336359550788,True,True,common,valid,valid,True
2100.19232819974,2720,0.0040979666987754,0.164554233314586,0.178109638755375,0.178109638755375,False,711.374971969378,-0.0295559716610081,711.345415997717,True,True,common,valid,valid,True
2100.2716460824,2721,0.00410880486465784,0.16469081291063,0.178246144044523,0.178246144044523,False,711.401682479705,-0.0298077298974784,711.371874749807,True,True,common,valid,valid,True
2100.3534963131,2722,0.00411998819298803,0.164827393171195,0.178382647725977,0.178382647725977,False,711.429195628543,-0.0300605199020201,711.399135108641,True,True,common,valid,valid,True
2100.37050756812,2723,0.00412233544353381,0.164963972141699,0.178519208285163,0.178519208285163,False,711.436172933082,-0.0303144530719036,711.40585848001,True,True,common,valid,valid,True
2100.34930032492,2724,0.0041194743653026,0.16510055058971,0.178655802608216,0.178655802608216,False,711.431044348293,-0.0305694899225817,711.40047485837,True,True,common,valid,valid,True
2100.32887041569,2725,0.00411671923069056,0.165237129645415,0.178792396841524,0.178792396841524,False,711.426160716057,-0.0308255700933976,711.395335145964,True,True,common,valid,valid,True
2100.3186121881,2726,0.00411535029181284,0.165373709581579,0.178928982829967,0.178928982829967,False,711.424497314615,-0.0310826806628411,711.393414633952,True,True,common,valid,valid,True
2100.32990705967,2727,0.00411691860621395,0.165510290729444,0.179065550694191,0.179065550694191,False,711.429658751292,-0.0313408051931799,711.398317946099,True,True,common,valid,valid,True
2100.36635935307,2728,0.0041219153847849,0.165646873195184,0.179202097306735,0.179202097306735,False,711.442786885476,-0.0315999397810714,711.411186945695,True,True,common,valid,valid,True
2100.40251618624,2729,0.00412687193602634,0.165783456239183,0.179338644762341,0.179338644762341,False,711.455820567946,-0.0318601285825622,711.423960439364,True,True,common,valid,valid,True
2100.41859573126,2730,0.00412909239398097,0.165920039284396,0.179475210230822,0.179475210230822,False,711.46249396074,-0.0321214069936211,711.430372553747,True,True,common,valid,valid,True
2100.42035931349,2731,0.00412936189810074,0.166056622497285,0.179611788710073,0.179611788710073,False,711.464631598403,-0.0323837682656395,711.432247830137,True,True,common,valid,valid,True
2100.40857729316,2732,0.00412778542282562,0.166193205899265,0.179748379530466,0.179748379530466,False,711.46247741871,-0.0326472138694424,711.429830204841,True,True,common,valid,valid,True
2100.37154078484,2733,0.00412276726375486,0.166329789147474,0.179884992853643,0.179884992853643,False,711.452322885291,-0.0329117662734456,711.419411119017,True,True,common,valid,valid,True
2100.32668408751,2734,0.00411668336415414,0.166466372750177,0.180021613547059,0.180021613547059,False,711.439690490735,-0.033177398986443,711.406513091749,True,True,common,valid,valid,True
2100.28909894824,2735,0.00411159043863113,0.166602957147982,0.180158228511993,0.180158228511993,False,711.429360230951,-0.0334440890239837,711.395916141927,True,True,common,valid,valid,True
2100.26436859369,2736,0.0041082493822711,0.166739542504155,0.180294832902746,0.180294832902746,False,711.423100151075,-0.0337118291992846,711.389388321875,True,True,common,valid,valid,True
2100.25090709329,2737,0.00410644407128862,0.166876128772623,0.180431428095987,0.180431428095987,False,711.42040775696,-0.033980624441503,711.386427132518,True,True,common,valid,valid,True
2100.25425034761,2738,0.00410692895680566,0.167012716115796,0.180568009287581,0.180568009287581,False,711.423036215835,-0.0342504674863168,711.388785748348,True,True,common,valid,valid,True
2100.2724121213,2739,0.00410943336287464,0.167149304476308,0.180704578202019,0.180704578202019,False,711.430356561611,-0.0345213638925164,711.395835197718,True,True,common,valid,valid,True
2100.27591493726,2740,0.00410994004037417,0.167285892990636,0.180841160421286,0.180841160421286,False,711.43303297262,-0.0347933668786028,711.398239605741,True,True,common,valid,valid,True
2100.25432452559,2741,0.00410702696900061,0.167422481351558,0.180977764999305,0.180977764999305,False,711.427760699098,-0.0350664973616369,711.392694201736,True,True,common,valid,valid,True
2100.23624798656,2742,0.00410459278737484,0.167559070397285,0.18111436710959,0.18111436710959,False,711.42360005535,-0.0353407084029193,711.388259346947,True,True,common,valid,valid,True
2100.24684722722,2743,0.00410606664060314,0.167695660866748,0.181250944917047,0.181250944917047,False,711.428519958315,-0.0356159583149762,711.392904,True,True,common,valid,valid,True
2100.28204745054,2744,0.00411089322296449,0.167832252641849,0.181387501959149,0.181387501959149,False,711.441230175434,-0.0358922561503408,711.405337919283,True,True,common,valid,valid,True
2100.30664440989,2745,0.00411427479161082,0.167968844688373,0.181524068785171,0.181524068785171,False,711.450581112952,-0.0361696660498726,711.414411446903,True,True,common,valid,valid,True
2100.29168173671,2746,0.00411226505360897,0.168105436152622,0.18166067051982,0.18166067051982,False,711.447401158308,-0.0364482420486327,711.410952916259,True,True,common,valid,valid,True
2100.23557245731,2747,0.0041046477005796,0.168242026985733,0.181797308538189,0.181797308538189,False,711.431188060001,-0.0367279902716497,711.394460069729,True,True,common,valid,valid,True
2100.16326364875,2748,0.00409482259799015,0.168378617921381,0.181933961192673,0.181933961192673,False,711.409844078995,-0.0370088694779989,711.372835209517,True,True,common,valid,valid,True
2100.11614925414,2749,0.00408843108951881,0.16851521017844,0.182070592565243,0.182070592565243,False,711.39647857637,-0.0372908082260252,711.359187768144,True,True,common,valid,valid,True
2100.11225514114,2750,0.00408792984548176,0.168651804288608,0.182207187015361,0.182207187015361,False,711.396799055676,-0.0375737760005834,711.359225279675,True,True,common,valid,valid,True
2100.12603957951,2751,0.004089837941604,0.168788399500515,0.182343766706544,0.182343766706544,False,711.402716719228,-0.0378578205510424,711.364858898677,True,True,common,valid,valid,True
2100.13369524479,2752,0.00409091080250712,0.168924995112246,0.182480352295884,0.182480352295884,False,711.406692226132,-0.0381429871927423,711.368549238939,True,True,common,valid,valid,True
2100.145633623,2753,0.00409256735876459,0.169061591430761,0.182616934749535,0.182616934749535,False,711.412022752944,-0.0384292595607542,711.373593493384,True,True,common,valid,valid,True
2100.18093378842,2754,0.00409740782048464,0.169198189020293,0.182753497514574,0.182753497514574,False,711.424750731518,-0.0387166051437181,711.386034126374,True,True,common,valid,valid,True
2100.22347737849,2755,0.00410323549712806,0.169334787405408,0.182890054576359,0.182890054576359,False,711.439771922206,-0.0390050555191153,711.400766866687,True,True,common,valid,valid,True
2100.24884067476,2756,0.00410672177585404,0.169471385862801,0.183026627123807,0.183026627123807,False,711.449350912126,-0.0392946580260639,711.4100562541,True,True,common,valid,valid,True
2100.27123484015,2757,0.00410980343419175,0.169607984812291,0.183163202826951,0.183163202826951,False,711.457988394371,-0.0395853892099536,711.418403005161,True,True,common,valid,valid,True
2100.32730594277,2758,0.00411747484525516,0.16974458534118,0.183299749895187,0.183299749895187,False,711.477291727784,-0.0398771835447169,711.43741454424,True,True,common,valid,valid,True
2100.39543259144,2759,0.00412678931870944,0.169881186809872,0.183436287086953,0.183436287086953,False,711.500413534874,-0.0401700831010567,711.460243451773,True,True,common,valid,valid,True
2100.39163145423,2760,0.00412630100190087,0.170017786720676,0.183572887252481,0.183572887252481,False,711.500750242036,-0.0404642472765326,711.460285994759,True,True,common,valid,valid,True
2100.31353962421,2761,0.00411568780676098,0.170154384999034,0.183709552437518,0.183709552437518,False,711.477553399087,-0.0407596845296854,711.436793714557,True,True,common,valid,valid,True
2100.22425054014,2762,0.00410354854409584,0.170290983520578,0.183846227911814,0.183846227911814,False,711.450810292716,-0.0410562799504079,711.409754012765,True,True,common,valid,valid,True
2100.15998189151,2763,0.00409481924312204,0.17042758336225,0.183982882258483,0.183982882258483,False,711.431991972591,-0.0413539676934533,711.390638004898,True,True,common,valid,valid,True
2100.13274544477,2764,0.00409113698491925,0.170564184881493,0.184119505058084,0.184119505058084,False,711.42490131077,-0.041652726868527,711.383248583902,True,True,common,valid,valid,True
2100.12365429103,2765,0.0040899277279209,0.170700787517093,0.184256112694287,0.184256112694287,False,711.423556050711,-0.0419525951821839,711.381603455529,True,True,common,valid,valid,True
2100.11422461271,2766,0.00408867234888083,0.170837390719032,0.184392721200438,0.184392721200438,False,711.422102265666,-0.0422536101139802,711.379848655552,True,True,common,valid,valid,True
2100.10940026492,2767,0.00408804464066266,0.170973994634411,0.184529326288067,0.184529326288067,False,711.42210566464,-0.0425557646460361,711.379549899994,True,True,common,valid,valid,True
2100.11403544992,2768,0.00408870618230383,0.171110599408026,0.1846659237468,0.1846659237468,False,711.425103569635,-0.0428590517897922,711.382244517845,True,True,common,valid,valid,True
2100.11811232567,2769,0.00408929165406848,0.171247204741148,0.184802522265796,0.184802522265796,False,711.427923353524,-0.0431634932181997,711.384759860306,True,True,common,valid,valid,True
2100.11913754046,2770,0.00408946123723975,0.171383810559003,0.184939124007302,0.184939124007302,False,711.429775356793,-0.0434690962679236,711.386306260526,True,True,common,valid,valid,True
2100.12286219001,2771,0.00408999874639197,0.171520417033051,0.185075723982935,0.185075723982935,False,711.432480970699,-0.0437758522609209,711.388705118438,True,True,common,valid,valid,True
2100.11251321435,2772,0.00408861817897455,0.171657023661505,0.18521233673964,0.18521233673964,False,711.430728070393,-0.0440837964683345,711.386644273924,True,True,common,valid,valid,True
2100.0726993084,2773,0.00408322183594292,0.171793629982881,0.185348975625063,0.185348975625063,False,711.419642358616,-0.044392961937913,711.375249396678,True,True,common,valid,valid,True
2100.01244211104,2774,0.00407503926144915,0.171930236266003,0.185485632813952,0.185485632813952,False,711.402081667597,-0.0447033339968373,711.3573783336,True,True,common,valid,valid,True
2099.95053542405,2775,0.00406663186622922,0.172066843072715,0.18562229200641,0.18562229200641,False,711.38399820421,-0.0450148783514024,711.338983325859,True,True,common,valid,valid,True
2099.91926456243,2776,0.00406239985426145,0.172203451369159,0.185758925202085,0.185758925202085,False,711.375615216157,-0.0453275333269347,711.33028768283,True,True,common,valid,valid,True
2099.94811271131,2777,0.0040663615549851,0.172340062039489,0.185895506832509,0.185895506832509,False,711.386268152733,-0.0456412418832703,711.34062691085,True,True,common,valid,valid,True
2100.01780343615,2778,0.00407588979483704,0.172476674509857,0.186032053618491,0.186032053618491,False,711.409854039314,-0.0459560437756418,711.363897995538,True,True,common,valid,valid,True
2100.09497284144,2779,0.00408643737323032,0.172613287782096,0.186168594496036,0.186168594496036,False,711.43580863469,-0.0462720076498543,711.38953662704,True,True,common,valid,valid,True
2100.14697103202,2780,0.00409355436857654,0.172749900874799,0.186305157777525,0.186305157777525,False,711.453791344894,-0.0465892016965018,711.407202143197,True,True,common,valid,valid,True
2100.14789184928,2781,0.00409370994710492,0.172886513005596,0.186441765924029,0.186441765924029,False,711.455595823778,-0.0469076814191861,711.408688142359,True,True,common,valid,valid,True
2100.11358347535,2782,0.00408906406277664,0.173023124648242,0.186578405190348,0.186578405190348,False,711.446241198298,-0.0472274182236779,711.399013780075,True,True,common,valid,valid,True
2100.09075000882,2783,0.00408598213017326,0.173159737207602,0.186715035077892,0.186715035077892,False,711.440519705763,-0.0475483200907431,711.392971385672,True,True,common,valid,valid,True
2100.08112865686,2784,0.0040847009273431,0.173296350736214,0.186851654080489,0.186851654080489,False,711.438981351356,-0.0478703856834993,711.391110965673,True,True,common,valid,valid,True
2100.06715797633,2785,0.00408282695401155,0.173432964704958,0.186988277425409,0.186988277425409,False,711.436064225483,-0.0481936532779094,711.387870572205,True,True,common,valid,valid,True
2100.06068054959,2786,0.0040819742765464,0.173569579470581,0.187124894844015,0.187124894844015,False,711.435518945237,-0.0485181010208352,711.387000844216,True,True,common,valid,valid,True
2100.08157389611,2787,0.00408485208654688,0.17370619563328,0.187261489101925,0.187261489101925,False,711.443640873901,-0.0488436900652311,711.394797183836,True,True,common,valid,valid,True
2100.11553817987,2788,0.00408951141950697,0.173842812762619,0.187398072598717,0.187398072598717,False,711.455901472181,-0.049170451984259,711.406731020197,True,True,common,valid,valid,True
2100.12668079138,2789,0.00409106032100209,0.173979429773785,0.187534676453259,0.187534676453259,False,711.460932853885,-0.0494984638161676,711.411434390069,True,True,common,valid,valid,True
2100.09304944426,2790,0.00408650679328281,0.174116046000796,0.187671319695862,0.187671319695862,False,711.451781998199,-0.049827774509283,711.401954223689,True,True,common,valid,valid,True
2100.04723901302,2791,0.00408029332041342,0.174252662428091,0.187807974066139,0.187807974066139,False,711.438772859529,-0.0501583190897119,711.388614540439,True,True,common,valid,valid,True
2100.02771495469,2792,0.00407766255088935,0.17438928021944,0.187944606215558,0.187944606215558,False,711.434087726545,-0.0504900192113783,711.383597707333,True,True,common,valid,valid,True
2100.02591644228,2793,0.00407744770236011,0.174525899116334,0.188081223566528,0.188081223566528,False,711.435015012056,-0.0508228948669097,711.384192117189,True,True,common,valid,valid,True
2100.02844023891,2794,0.00407782198438212,0.174662518713151,0.188217837739168,0.188217837739168,False,711.437309863656,-0.0511569765945771,711.386152887061,True,True,common,valid,valid,True
2100.03927569091,2795,0.00407932913194742,0.174799139130863,0.188354445275049,0.188354445275049,False,711.442235757811,-0.051492258270159,711.390743499541,True,True,common,valid,valid,True
2100.07377042621,2796,0.00408406097474863,0.174935760835693,0.1884910328699,0.1884910328699,False,711.454653635075,-0.0518287093487024,711.402824925726,True,True,common,valid,valid,True
2100.13238529861,2797,0.00409208034335443,0.175072383843317,0.188627600125787,0.188627600125787,False,711.474710211887,-0.0521663307732656,711.422543881114,True,True,common,valid,valid,True
2100.16729333997,2798,0.0040968685974738,0.175209006700445,0.188764188501556,0.188764188501556,False,711.487257411895,-0.0525052275112864,711.434752184384,True,True,common,valid,valid,True
2100.10111051053,2799,0.00408787850991002,0.175345627049393,0.188900865071812,0.188900865071812,False,711.467783897062,-0.0528455699193755,711.414938327143,True,True,common,valid,valid,True
2099.98067606799,2800,0.00407149406600881,0.175482246313464,0.189037589234149,0.189037589234149,False,711.431128439421,-0.053187261189557,711.377941178231,True,True,common,valid,valid,True
2099.88443838805,2801,0.00405840753911193,0.175618866879147,0.189174292987932,0.189174292987932,False,711.402137760781,-0.0535301342155873,711.348607626566,True,True,common,valid,valid,True
2099.84438590705,2802,0.00405297889660258,0.1757554897188,0.189310948603901,0.189310948603901,False,711.390939344487,-0.0538741209888971,711.337065223498,True,True,common,valid,valid,True
2099.83255884051,2803,0.00405139731908795,0.175892113982527,0.189447580318743,0.189447580318743,False,711.388677679887,-0.0542192840074634,711.33445839588,True,True,common,valid,valid,True
2099.8237528652,2804,0.0040502275241077,0.176028738903711,0.18958420998027,0.18958420998027,False,711.387371359109,-0.054565680576767,711.332805678532,True,True,common,valid,valid,True
2099.8309482336,2805,0.0040512387019654,0.17616536487775,0.189720826337319,0.189720826337319,False,711.391130673053,-0.0549132844275089,711.336217388626,True,True,common,valid,valid,True
2099.85576125979,2806,0.00405465116611507,0.176301991954629,0.189857427989553,0.189857427989553,False,711.400467598822,-0.0552620940789458,711.345205504743,True,True,common,valid,valid,True
2099.88538935781,2807,0.00405871995098093,0.17643861974451,0.189994026034223,0.189994026034223,False,711.411328242851,-0.0556121400811657,711.35571610277,True,True,common,valid,valid,True
2099.91084503382,2808,0.00406222007209633,0.176575247972842,0.190130628260841,0.190130628260841,False,711.42086652113,-0.0559634448668711,711.364903076263,True,True,common,valid,valid,True
2099.93042551726,2809,0.00406491943963994,0.176711876586916,0.19026723614454,0.19026723614454,False,711.428543079812,-0.0563160148282387,711.372227064984,True,True,common,valid,valid,True
2099.95193984732,2810,0.00406788241878434,0.17684850582494,0.190403842916825,0.190403842916825,False,711.436830907804,-0.0566698350227057,711.380161072782,True,True,common,valid,valid,True
2099.97795521654,2811,0.00407145891916212,0.176985135765353,0.190540446352683,0.190540446352683,False,711.44654309092,-0.0570249020898064,711.38951818883,True,True,common,valid,valid,True
2099.99871843925,2812,0.00407431958310186,0.177121766109206,0.190677054904312,0.190677054904312,False,711.454590762771,-0.0573812404872605,711.397209522284,True,True,common,valid,valid,True
2100.00396835804,2813,0.00407506580637893,0.17725839654104,0.190813677463251,0.190813677463251,False,711.457723933248,-0.0577388761367816,711.399985057111,True,True,common,valid,valid,True
2099.99631028506,2814,0.0040740526831961,0.177395027139525,0.190950311770588,0.190950311770588,False,711.456767628784,-0.0580978059466765,711.398669822838,True,True,common,valid,valid,True
2099.97371782176,2815,0.00407100400388266,0.177531657841444,0.191086959581391,0.191086959581391,False,711.451080113962,-0.0584580373432904,711.392622076619,True,True,common,valid,valid,True
2099.94287947938,2816,0.00406683140931173,0.177668288851282,0.191223615098823,0.191223615098823,False,711.442779882029,-0.0588195578059394,711.383960324223,True,True,common,valid,valid,True
2099.92189826816,2817,0.00406400235955168,0.177804920724643,0.191360262635226,0.191360262635226,False,711.437600241636,-0.0591823282953874,711.378417913341,True,True,common,valid,valid,True
2099.92197500914,2818,0.00406404355266112,0.177941553805969,0.191496892484802,0.191496892484802,False,711.439088308685,-0.0595463251520837,711.379541983532,True,True,common,valid,valid,True
2099.93717715889,2819,0.0040661463872692,0.178078187913575,0.191633509788881,0.191633509788881,False,711.445365286009,-0.0599115641151925,711.385453721894,True,True,common,valid,valid,True
2099.94436269999,2820,0.00406715656725212,0.178214822335531,0.191770134600232,0.191770134600232,False,711.449102118514,-0.060278101188805,711.388824017326,True,True,common,valid,valid,True
2099.92543533444,2821,0.00406460751717415,0.178351456513497,0.191906782597956,0.191906782597956,False,711.444567561519,-0.0606459813329873,711.383921580186,True,True,common,valid,valid,True
2099.88547695428,2822,0.00405919189305062,0.178488090602595,0.192043449377426,0.192043449377426,False,711.433371338828,-0.0610151957463265,711.372356143081,True,True,common,valid,valid,True
2099.87220202386,2823,0.00405741330032995,0.178624726072633,0.192180093595285,0.192180093595285,False,711.430624413876,-0.0613856351498819,711.369238778726,True,True,common,valid,valid,True
2099.90002109855,2824,0.00406123596341051,0.17876136336913,0.192316702766582,0.192316702766582,False,711.440890328301,-0.0617572673488833,711.379133060952,True,True,common,valid,valid,True
2099.93146498501,2825,0.00406555273369462,0.178898001337625,0.192453309357162,0.192453309357162,False,711.452303190434,-0.0621301825955357,711.390173007839,True,True,common,valid,valid,True
2099.93058178574,2826,0.00406546323793944,0.179034638866943,0.192589944514957,0.192589944514957,False,711.453476676374,-0.0625044687518199,711.390972207622,True,True,common,valid,valid,True
2099.90046545118,2827,0.0040613891695059,0.179171276050552,0.192726605557431,0.192726605557431,False,711.445390571962,-0.0628801217083805,711.382510450253,True,True,common,valid,valid,True
2099.87250161171,2828,0.00405760849909291,0.179307913857547,0.192863265291842,0.192863265291842,False,711.437985020686,-0.0632570695340815,711.374727951152,True,True,common,valid,valid,True
2099.86810861528,2829,0.0040570406438861,0.179444552950318,0.192999905162088,0.192999905162088,False,711.438042966408,-0.0636352632099691,711.374407703198,True,True,common,valid,valid,True
2099.89099289477,2830,0.00406019082566557,0.179581193444537,0.193136521957973,0.193136521957973,False,711.446738218227,-0.0640146957026989,711.382723522525,True,True,common,valid,valid,True
2099.92186867446,2831,0.00406443031870332,0.17971783474408,0.193273132388243,0.193273132388243,False,711.457963317193,-0.0643954154614677,711.393567901732,True,True,common,valid,valid,True
2099.93855916709,2832,0.00406673631803246,0.17985447616131,0.193409755664359,0.193409755664359,False,711.464694684035,-0.064777478583991,711.399917205451,True,True,common,valid,valid,True
2099.93988205865,2833,0.00406694765713412,0.179991117658185,0.193546392809233,0.193546392809233,False,711.466557623029,-0.0651608907793882,711.40139673225,True,True,common,valid,valid,True
2099.9245088771,2834,0.00406488324617954,0.180127759192198,0.193683044972472,0.193683044972472,False,711.463131328356,-0.0655456581548937,711.397585670201,True,True,common,valid,valid,True
2099.8966473937,2835,0.00406111661685012,0.180264400892929,0.193819708508103,0.193819708508103,False,711.455748594116,-0.0659317732915413,711.389816820824,True,True,common,valid,valid,True
2099.86371412873,2836,0.00405665867734752,0.180401042990008,0.193956376990958,0.193956376990958,False,711.446758469554,-0.0663192207389408,711.380439248815,True,True,common,valid,valid,True
2099.83014956117,2837,0.00405211468969565,0.180537685620926,0.194093046574093,0.194093046574093,False,711.43756733378,-0.0667079921458383,711.370859341634,True,True,common,valid,valid,True
2099.798912853,2838,0.00404788800693476,0.1806743288773,0.194229714693859,0.194229714693859,False,711.429112317134,-0.0670980826815003,711.362014234453,True,True,common,valid,valid,True
2099.7845800668,2839,0.00404596544898341,0.180810973212266,0.194366368724174,0.194366368724174,False,711.426009280343,-0.0674894585481756,711.358519821795,True,True,common,valid,valid,True
2099.79147991538,2840,0.004046937063071,0.18094761876097,0.19450300491591,0.19450300491591,False,711.429628894967,-0.0678821110096888,711.361746783957,True,True,common,valid,valid,True
2099.81192080677,2841,0.00404975444407389,0.181084265284704,0.194639629932001,0.194639629932001,False,711.437535489477,-0.0682760612555821,711.369259428222,True,True,common,valid,valid,True
2099.828441903,2842,0.00405203755597616,0.181220912239636,0.194776258896366,0.194776258896366,False,711.444199534808,-0.0686713552542184,711.375528179554,True,True,common,valid,valid,True
2099.82118071616,2843,0.00405107898129397,0.181357559005465,0.194912909011605,0.194912909011605,False,711.443330589785,-0.0690680456088457,711.374262544176,True,True,common,valid,valid,True
2099.81049330533,2844,0.0040496533994243,0.181494206215864,0.195049562645704,0.195049562645704,False,711.44137526593,-0.06946608396204,711.371909181968,True,True,common,valid,valid,True
2099.81649588048,2845,0.00405050281667666,0.181630854498471,0.195186202375705,0.195186202375705,False,711.444704213261,-0.0698654218783396,711.374838791383,True,True,common,valid,valid,True
2099.82201677561,2846,0.00405128659853147,0.181767503317247,0.195322843073939,0.195322843073939,False,711.447879312709,-0.0702661050984063,711.377613207611,True,True,common,valid,valid,True
2099.78892074525,2847,0.00404680657029621,0.181904151479429,0.195459517767175,0.195459517767175,False,711.438823373245,-0.0706682334514888,711.368155139794,True,True,common,valid,valid,True
2099.72684088349,2848,0.00403837578226625,0.182040799284576,0.195596218111175,0.195596218111175,False,711.420587867687,-0.0710717857358429,711.349516081951,True,True,common,valid,valid,True
2099.67170825601,2849,0.00403089195558484,0.1821774478554,0.195732912987004,0.195732912987004,False,711.404551880365,-0.0714766728525753,711.333075207512,True,True,common,valid,valid,True
2099.62826472521,2850,0.00402500145705253,0.182314097339918,0.195869598287651,0.195869598287651,False,711.392216604623,-0.071882884882064,711.320333719741,True,True,common,valid,valid,True
2099.5974277854,2851,0.00402082935890312,0.182450747766714,0.196006273218353,0.196006273218353,False,711.383872165907,-0.0722904216339016,711.311581744273,True,True,common,valid,valid,True
2099.61895897985,2852,0.00402379557297644,0.182587400380633,0.196142903344731,0.196142903344731,False,711.392108387157,-0.0726991820771041,711.319409205079,True,True,common,valid,valid,True
2099.68435907364,2853,0.00403274160457593,0.182724054918618,0.196279496030086,0.196279496030086,False,711.414234926188,-0.0731091894793814,711.341125736709,True,True,common,valid,valid,True
2099.73141971231,2854,0.00403918782443004,0.182860709432429,0.19641610514749,0.19641610514749,False,711.43055368009,-0.0735206077006459,711.357033072389,True,True,common,valid,valid,True
2099.71520739794,2855,0.00403700929192187,0.182997362509156,0.196552769604453,0.196552769604453,False,711.426834280317,-0.0739335574552653,711.352900722861,True,True,common,valid,valid,True
2099.64401805401,2856,0.00402733678670633,0.183134014406047,0.196689482214314,0.196689482214314,False,711.405704354252,-0.0743480210465959,711.331356333205,True,True,common,valid,valid,True
2099.56600439548,2857,0.00401673403282982,0.183270666633901,0.196826201278943,0.196826201278943,False,711.382413549506,-0.0747638753501856,711.307649674156,True,True,common,valid,valid,True
2099.55156219006,2858,0.00401479678929673,0.183407321402653,0.196962865839493,0.196962865839493,False,711.379251204203,-0.0751809366946005,711.304070267509,True,True,common,valid,valid,True
2099.50699609518,2859,0.00400875331218606,0.183543975770229,0.197099557030149,0.197099557030149,False,711.366549579217,-0.0755994547263836,711.290950124491,True,True,common,valid,valid,True
2099.4827477932,2860,0.0040054793937114,0.183680631320474,0.197236231171486,0.197236231171486,False,711.360279970598,-0.0760192983210657,711.284260672277,True,True,common,valid,valid,True
2099.48864227533,2861,0.00400631431728363,0.183817288362696,0.197372879756323,0.197372879756323,False,711.363552779768,-0.0764404431682718,711.287112336599,True,True,common,valid,valid,True
2099.47467911243,2862,0.004004442413955,0.183953945324837,0.197509546080081,0.197509546080081,False,711.360537003737,-0.0768630250509259,711.283673978686,True,True,common,valid,valid,True
2099.52265182137,2863,0.00401101318134022,0.184090604780677,0.197646159319512,0.197646159319512,False,711.377130105292,-0.0772868269074756,711.299843278384,True,True,common,valid,valid,True
2099.53637975454,2864,0.00401291597763967,0.18422726370317,0.197782802754791,0.197782802754791,False,711.38287938902,-0.0777121092074241,711.305167279813,True,True,common,valid,valid,True
2099.51101431251,2865,0.00400948984783279,0.184363921936766,0.197919480581425,0.197919480581425,False,711.376249170155,-0.0781388884587145,711.298110281696,True,True,common,valid,valid,True
2099.53990125656,2866,0.00401345906558993,0.184500582423871,0.19805611197806,0.19805611197806,False,711.386795642812,-0.0785669145772925,711.308228728234,True,True,common,valid,valid,True
2099.51036924124,2867,0.00400946499910949,0.18463724161027,0.198192794496196,0.198192794496196,False,711.378843450072,-0.0789964957021771,711.29984695437,True,True,common,valid,valid,True
2099.51871699095,2868,0.00401063448505125,0.184773902534011,0.19832944476005,0.19832944476005,False,711.382883887885,-0.0794273725459173,711.303456515339,True,True,common,valid,valid,True
2099.50373598933,2869,0.00400862394851413,0.184910563262366,0.19846611576256,0.19846611576256,False,711.37953639762,-0.0798597144928483,711.299676683128,True,True,common,valid,valid,True
2099.5408205092,2870,0.00401371071738992,0.18504722617769,0.19860274223054,0.19860274223054,False,711.392673288254,-0.080293317159366,711.312379971095,True,True,common,valid,valid,True
2099.54229685664,2871,0.00401394359814149,0.185183888508374,0.198739400066963,0.198739400066963,False,711.394534096828,-0.080728423697407,711.313805673131,True,True,common,valid,valid,True
2099.52396175265,2872,0.0040114758966902,0.185320550752062,0.198876075594284,0.198876075594284,False,711.390120484569,-0.0811649937820708,711.308955490787,True,True,common,valid,valid,True
2099.51857420802,2873,0.00401077315657486,0.185457213945078,0.199012740452199,0.199012740452199,False,711.389805260154,-0.0816029394001111,711.308202320754,True,True,common,valid,valid,True
2099.53065547347,2874,0.00401245170486007,0.185593878230964,0.199149390726975,0.199149390726975,False,711.395020009961,-0.0820422500856983,711.312977759875,True,True,common,valid,valid,True
2099.55187249184,2875,0.00401537562631084,0.18573054334605,0.19928603363266,0.19928603363266,False,711.403126301211,-0.0824829511567204,711.320643350054,True,True,common,valid,valid,True
2099.56930580735,2876,0.00401778379697717,0.185867208880388,0.199422680352768,0.199422680352768,False,711.410033305594,-0.0829250810929872,711.327108224501,True,True,common,valid,valid,True
2099.56746724248,2877,0.00401756492090455,0.186003874341285,0.199559344293245,0.199559344293245,False,711.410836535894,-0.0833686860639459,711.32746784983,True,True,common,valid,valid,True
2099.55296370387,2878,0.00401561961516196,0.186140539937206,0.199696019733803,0.199696019733803,False,711.407628046491,-0.083813750416371,711.323814296074,True,True,common,valid,valid,True
2099.55123046041,2879,0.00401541512801639,0.186277206475806,0.199832684657238,0.199832684657238,False,711.408461970398,-0.0842602049367407,711.324201765462,True,True,common,valid,valid,True
2099.57979774475,2880,0.00401934114101156,0.186413874515131,0.199969323890346,0.199969323890346,False,711.418889398435,-0.0847080019576057,711.334181396477,True,True,common,valid,valid,True
2099.61626440287,2881,0.00402434400919519,0.186550543343526,0.200105956823586,0.200105956823586,False,711.431817268235,-0.0851572069903503,711.346660061245,True,True,common,valid,valid,True
2099.628215909,2882,0.00402600506527559,0.186687211927981,0.200242611511989,0.200242611511989,False,711.436980829395,-0.0856079149792234,711.351372914415,True,True,common,valid,valid,True
2099.6078440845,2883,0.00402325989589742,0.186823880017502,0.200379294711583,0.200379294711583,False,711.431907151434,-0.0860601514636815,711.345846999971,True,True,common,valid,valid,True
2099.55838254094,2884,0.00401654927691176,0.186960547713466,0.200516003622121,0.200516003622121,False,711.417620642657,-0.0865139105009347,711.331106732156,True,True,common,valid,valid,True
2099.50309687853,2885,0.00400904471686169,0.187097215756871,0.200652718106596,0.200652718106596,False,711.401489231674,-0.0869691282157731,711.314520103458,True,True,common,valid,valid,True
2099.51600509882,2886,0.00401083624792895,0.187233886508858,0.200789374103569,0.200789374103569,False,711.406950007742,-0.0874255929347039,711.319524414808,True,True,common,valid,valid,True
2099.50993925333,2887,0.00401004127935,0.187370557188901,0.200926047055487,0.200926047055487,False,711.406401408497,-0.0878835584641916,711.318517850032,True,True,common,valid,valid,True
2099.53897404671,2888,0.004014031216659,0.187507229523359,0.201062690162822,0.201062690162822,False,711.416966116192,-0.0883428702497313,711.328623245942,True,True,common,valid,valid,True
2099.52905255556,2889,0.00401271068798676,0.187643901145851,0.201199367516923,0.201199367516923,False,711.415193933861,-0.0888037462647535,711.326390187596,True,True,common,valid,valid,True
2099.53390330076,2890,0.00401340391934154,0.187780573772682,0.201336032618789,0.201336032618789,False,711.418098117805,-0.0892660325314087,711.328832085273,True,True,common,valid,valid,True
2099.55961489677,2891,0.00401694092143698,0.187917247599191,0.201472680199809,0.201472680199809,False,711.42760680121,-0.089729713220077,711.33787708799,True,True,common,valid,valid,True
2099.54839664698,2892,0.00401544367097019,0.188053920774762,0.201609360270311,0.201609360270311,False,711.425419947869,-0.090194960734809,711.335224987134,True,True,common,valid,valid,True
2099.46910706162,2893,0.0040046669185761,0.188190592299546,0.201746099776882,0.201746099776882,False,711.401677029093,-0.0906618707387572,711.311015158354,True,True,common,valid,valid,True
2099.43581068516,2894,0.00400015997091311,0.188327265826672,0.201882800011722,0.201882800011722,False,711.39249700934,-0.0911301089770629,711.301366900363,True,True,common,valid,valid,True
2099.47591546178,2895,0.00400565913907139,0.188463942235926,0.202019437258522,0.202019437258522,False,711.406557182862,-0.0915995950408818,711.314957587821,True,True,common,valid,valid,True
2099.48423194885,2896,0.00400682492809299,0.188600618156038,0.202156102542759,0.202156102542759,False,711.410550742786,-0.0920706435992465,711.318480099187,True,True,common,valid,valid,True
2099.54175573587,2897,0.0040146987499085,0.188737296185645,0.202292725777567,0.202292725777567,False,711.430124833504,-0.0925430153214464,711.337581818183,True,True,common,valid,valid,True
2099.57027468085,2898,0.00401861862958889,0.188873973813867,0.20242937463974,0.20242937463974,False,711.440513464461,-0.0930169463995065,711.347496518061,True,True,common,valid,valid,True
2099.57128331065,2899,0.00401878828192537,0.189010651086085,0.202566047833605,0.202566047833605,False,711.442189154457,-0.0934924356130564,711.348696718844,True,True,common,valid,valid,True
2099.54301577806,2900,0.00401496696199495,0.189147327943464,0.20270274688515,0.20270274688515,False,711.434592627619,-0.0939694915509765,711.340623136068,True,True,common,valid,valid,True
2099.47824573517,2901,0.00400616953444727,0.189284004151988,0.202839478045494,0.202839478045494,False,711.415436272766,-0.0944481394376776,711.320988133328,True,True,common,valid,valid,True
2099.44919934869,2902,0.00400224203805283,0.189420682035372,0.202976178821979,0.202976178821979,False,711.407591081875,-0.0949281630055664,711.312662918869,True,True,common,valid,valid,True
2099.35799533129,2903,0.00398984103394589,0.189557358442605,0.203112933903316,0.203112933903316,False,711.380064012632,-0.0954098624981894,711.284654150133,True,True,common,valid,valid,True
2099.31156298518,2904,0.00398354341982422,0.189694036815048,0.203249650771298,0.203249650771298,False,711.366712455881,-0.0958929147662203,711.270819541115,True,True,common,valid,valid,True
2099.33329686522,2905,0.00398653845526229,0.18983071790671,0.203386309185072,0.203386309185072,False,711.374941731273,-0.0963772491848649,711.278564482089,True,True,common,valid,valid,True
2099.42106422782,2906,0.00399853544840995,0.189967401653125,0.203522910993791,0.203522910993791,False,711.404077925357,-0.0968628728931018,711.307215052464,True,True,common,valid,valid,True
2099.51311123371,2907,0.00401111592221878,0.190104086066729,0.20365950962864,0.20365950962864,False,711.434570270166,-0.0973499773262626,711.337220292839,True,True,common,valid,valid,True
2099.47238057852,2908,0.00400559565096809,0.190240766717386,0.203796223657551,0.203796223657551,False,711.423016853554,-0.0978389895983957,711.325177863956,True,True,common,valid,valid,True
2099.46371418238,2909,0.00400444652018217,0.190377448926082,0.203932910469317,0.203932910469317,False,711.421615566111,-0.0983294035193661,711.323286162592,True,True,common,valid,valid,True
2099.39024204016,2910,0.00399446277885677,0.190514129561657,0.204069653866101,0.204069653866101,False,711.399692789929,-0.0988215227133634,711.300871267216,True,True,common,valid,valid,True
2099.33082211018,2911,0.00398639468622652,0.190650811171973,0.204206385626919,0.204206385626919,False,711.382219198698,-0.0993151048743722,711.282904093823,True,True,common,valid,valid,True
2099.26385131478,2912,0.00397729720885059,0.190787493058253,0.20434312444012,0.20434312444012,False,711.362354558225,-0.0998102198598319,711.262544338365,True,True,common,valid,valid,True
2099.20250746608,2913,0.00396896681222071,0.190924175645963,0.204479858905053,0.204479858905053,False,711.344271114419,-0.100306828904793,711.243964285514,True,True,common,valid,valid,True
2099.19058489799,2914,0.00396737379344086,0.191060860350877,0.20461655113509,0.20461655113509,False,711.341832754223,-0.100804796105779,711.241027958117,True,True,common,valid,valid,True
2099.22059944272,2915,0.00397149790334104,0.191197546932449,0.204753207605975,0.204753207605975,False,711.352669691717,-0.101304146227748,711.251365545489,True,True,common,valid,valid,True
2099.27855953574,2916,0.00397943175689025,0.191334234940001,0.204889840423325,0.204889840423325,False,711.372353226555,-0.10180492498446,711.27054830157,True,True,common,valid,valid,True
2099.34816473722,2917,0.00398895319420912,0.191470923846966,0.205026463689027,0.205026463689027,False,711.395723583716,-0.102307185974075,711.293416397742,True,True,common,valid,valid,True
2099.35159114003,2918,0.00398945274675961,0.191607611127408,0.205163144719173,0.205163144719173,False,711.398139400875,-0.102811179937081,711.295328220938,True,True,common,valid,valid,True
2099.30747911334,2919,0.003983471549451,0.191744297382147,0.205299867386313,0.205299867386313,False,711.385502134782,-0.103316851533466,711.282185283248,True,True,common,valid,valid,True
2099.29667297006,2920,0.00398203084620971,0.191880985234571,0.205436561761101,0.205436561761101,False,711.383408978937,-0.103823944820088,711.279585034117,True,True,common,valid,valid,True
2099.30887883902,2921,0.00398372732472102,0.19201767435112,0.205573236747967,0.205573236747967,False,711.388600468817,-0.1043324944991,711.284267974318,True,True,common,valid,valid,True
2099.29354387522,2922,0.00398166924863312,0.192154363088729,0.205709936072078,0.205709936072078,False,711.385070745844,-0.104842665817501,711.280228080026,True,True,common,valid,valid,True
2099.25503820181,2923,0.00397645236724457,0.192291051587828,0.20584665595205,0.20584665595205,False,711.374203696434,-0.105354447886509,711.268849248547,True,True,common,valid,valid,True
2099.23464040458,2924,0.00397370409889818,0.192427741190096,0.205983360684325,0.205983360684325,False,711.369068585492,-0.105867709617661,711.263200875874,True,True,common,valid,valid,True
2099.24296618998,2925,0.00397487168006816,0.192564432241279,0.206120041087507,0.206120041087507,False,711.373026102956,-0.106382418342058,711.266643684614,True,True,common,valid,valid,True
2099.26601457596,2926,0.00397804639655177,0.192701124286409,0.206256709271673,0.206256709271673,False,711.3816436278,-0.106898621514135,711.274745006286,True,True,common,valid,valid,True
2099.28166374564,2927,0.00398021241506444,0.19283781660475,0.206393384369287,0.206393384369287,False,711.387917293716,-0.107416393775939,711.28050089994,True,True,common,valid,valid,True
2099.27536952496,2928,0.00397938693413429,0.192974508720866,0.206530078957676,0.206530078957676,False,711.387242058778,-0.107935785689926,711.279306273088,True,True,common,valid,valid,True
2099.2407823801,2929,0.00397470430870111,0.193111200425976,0.206666798526591,0.206666798526591,False,711.377607680959,-0.108456821338896,711.26915085962,True,True,common,valid,valid,True
2099.1835886687,2930,0.00396693973714016,0.193247891904297,0.206803538157126,0.206803538157126,False,711.360815150397,-0.108979485212826,711.251835665184,True,True,common,valid,valid,True
2099.11987370253,2931,0.00395828611256559,0.193384583679905,0.206940283937563,0.206940283937563,False,711.3419576433,-0.109503727053801,711.232453916246,True,True,common,valid,valid,True
2099.06553467363,2932,0.00395091069760981,0.193521276271005,0.207077022119041,0.207077022119041,False,711.326067866645,-0.11002949659915,711.216038370046,True,True,common,valid,valid,True
2099.03723011911,2933,0.00394708456516542,0.193657970220979,0.207213738294491,0.207213738294491,False,711.318418687987,-0.110556740417145,711.20786194757,True,True,common,valid,valid,True
2099.05085782707,2934,0.00394897509137614,0.193794666049434,0.207350418715705,0.207350418715705,False,711.324042082671,-0.111085406968873,711.212956675702,True,True,common,valid,valid,True
2099.09421229362,2935,0.00395491831984175,0.193931363359397,0.207487073939518,0.207487073939518,False,711.339074702387,-0.111615538510471,711.227459163877,True,True,common,valid,valid,True
2099.11873671412,2936,0.00395829446497589,0.194068060563774,0.207623745956818,0.207623745956818,False,711.348145361696,-0.112147300261668,711.235998061434,True,True,common,valid,valid,True
2099.11505922675,2937,0.00395782583283725,0.194204757353834,0.207760442869919,0.207760442869919,False,711.348286704134,-0.112680726931013,711.235605977203,True,True,common,valid,valid,True
2099.09558162093,2938,0.00395520315941287,0.194341454133733,0.207897153952881,0.207897153952881,False,711.343424798113,-0.11321577980431,711.230209018308,True,True,common,valid,valid,True
2099.07410079986,2939,0.00395230739176543,0.194478151354303,0.208033867274279,0.208033867274279,False,711.337927487783,-0.11375241493718,711.224175072845,True,True,common,valid,valid,True
2099.05539284274,2940,0.00394978966183769,0.194614849171446,0.20817057870362,0.20817057870362,False,711.333306731563,-0.114290618591812,711.219016112971,True,True,common,valid,valid,True
2099.01637334935,2941,0.00394450281855271,0.194751546827847,0.208307308201254,0.208307308201254,False,711.322254981582,-0.114830472097592,711.207424509484,True,True,common,valid,valid,True
2098.95453896001,2942,0.0039361055569597,0.194888244240381,0.208444057930862,0.208444057930862,False,711.303980442647,-0.115371987131813,711.188608455516,True,True,common,valid,valid,True
2098.91801942885,2943,0.00393115953181682,0.195024942986438,0.208580786274527,0.208580786274527,False,711.293718298592,-0.115915001342415,711.17780329725,True,True,common,valid,valid,True
2098.94408116117,2944,0.00393474541061476,0.195161644288974,0.208717461009223,0.208717461009223,False,711.303263783039,-0.116459387922008,711.186804395117,True,True,common,valid,valid,True
2099.02403786965,2945,0.003945679009119,0.195298347866565,0.208854089649,0.208854089649,False,711.329868660773,-0.117005177531526,711.212863483241,True,True,common,valid,valid,True
2099.08464438468,2946,0.00395397458200703,0.195435051315064,0.208990735525769,0.208990735525769,False,711.350348244198,-0.117552625125711,711.232795619073,True,True,common,valid,valid,True
2099.06172946095,2947,0.0039508833936146,0.195571752520128,0.209127454118026,0.209127454118026,False,711.344386256076,-0.118101957007015,711.226284299069,True,True,common,valid,valid,True
2099.02135219425,2948,0.00394541149655647,0.19570845365159,0.209264188308851,0.209264188308851,False,711.332895137454,-0.118652947694655,711.21424218976,True,True,common,valid,valid,True
2099.00739468029,2949,0.00394354151998734,0.195845156152983,0.209400900158191,0.209400900158191,False,711.3297663313,-0.119205446655333,711.210560884645,True,True,common,valid,valid,True
2099.0152878901,2950,0.00394465056641793,0.195981859874334,0.209537593616599,0.209537593616599,False,711.333553218343,-0.119759471609301,711.213793746733,True,True,common,valid,valid,True
2099.020077819,2951,0.00394533654877135,0.196118563993738,0.209674290258077,0.209674290258077,False,711.336356426806,-0.120315112198604,711.216041314608,True,True,common,valid,valid,True
2099.00163299718,2952,0.00394285483628949,0.196255267846551,0.209811007485856,0.209811007485856,False,711.331803121536,-0.120872442050753,711.210930679486,True,True,common,valid,valid,True
2098.97420918383,2953,0.00393914897719291,0.196391971901492,0.209947732974296,0.209947732974296,False,711.324406243103,-0.121431413898168,711.202974829205,True,True,common,valid,valid,True
2098.97754546441,2954,0.00393963682159878,0.196528677469044,0.210084432368229,0.210084432368229,False,711.32674524166,-0.121991889441984,711.204753352218,True,True,common,valid,valid,True
2099.0031677247,2955,0.0039431630660416,0.196665384270429,0.210221112994227,0.210221112994227,False,711.336137695991,-0.122553900397206,711.213583795594,True,True,common,valid,valid,True
2098.99408505112,2956,0.00394195780131842,0.19680209042307,0.210357824118947,0.210357824118947,False,711.334542753272,-0.123117652017671,711.211425101255,True,True,common,valid,valid,True
2098.93720813096,2957,0.00393423645066615,0.196938795492193,0.210494577055467,0.210494577055467,False,711.317817246153,-0.123683194707114,711.194134051446,True,True,common,valid,valid,True
2098.87161549926,2958,0.00392532681780703,0.197075500768008,0.210631338021117,0.210631338021117,False,711.298332467342,-0.124250392113735,711.174082075229,True,True,common,valid,valid,True
2098.84545174241,2959,0.00392179278306438,0.197212207841216,0.210768065396643,0.210768065396643,False,711.291327230605,-0.124819073643758,711.166508156962,True,True,common,valid,valid,True
2098.86200150847,2960,0.00392408219565556,0.197348916821183,0.210904756343221,0.210904756343221,False,711.297840435981,-0.125389228712243,711.172451207269,True,True,common,valid,valid,True
2098.89084417373,2961,0.00392804761691066,0.197485626702882,0.211041437158372,0.211041437158372,False,711.308243501031,-0.1259609686474,711.182282532384,True,True,common,valid,valid,True
2098.8933994621,2962,0.00392842910914787,0.197622336208508,0.211178141190408,0.211178141190408,False,711.310324554489,-0.126534435648502,711.183790118841,True,True,common,valid,valid,True
2098.86472152174,2963,0.00392455234517,0.197759045172143,0.211314872712501,0.211314872712501,False,711.302517984471,-0.127109651018068,711.175408333453,True,True,common,valid,valid,True
2098.8541161716,2964,0.00392313956918433,0.19789575522635,0.211451589104746,0.211451589104746,False,711.300430655122,-0.127686438149865,711.172744216972,True,True,common,valid,valid,True
2098.87785802782,2965,0.00392640965102179,0.198032466911166,0.211588276300384,0.211588276300384,False,711.309213850499,-0.128264739371758,711.180949111127,True,True,common,valid,valid,True
2098.91328859329,2966,0.00393127338602851,0.198169179476095,0.211724953885121,0.211724953885121,False,711.321695864797,-0.128844639318436,711.192851225479,True,True,common,valid,valid,True
2098.93565084785,2967,0.00393435543622735,0.198305892098894,0.211861643256531,0.211861643256531,False,711.330040155556,-0.129426231283383,711.200613924273,True,True,common,valid,valid,True
2098.93372303993,2968,0.00393412582677566,0.198442604405026,0.211998354111887,0.211998354111887,False,711.330694192604,-0.130009559595406,711.200684633008,True,True,common,valid,valid,True
2098.91982003301,2969,0.00393226354146434,0.198579316802125,0.212135075806086,0.212135075806086,False,711.327556171468,-0.130594581886212,711.196961589582,True,True,common,valid,valid,True
2098.87704624981,2970,0.00392646503294282,0.198716028727091,0.21227182294026,0.21227182294026,False,711.315278114976,-0.131181363759632,711.184096751216,True,True,common,valid,valid,True
2098.73008295894,2971,0.00390646132632131,0.198852737674382,0.212408660609424,0.212408660609424,False,711.270022150969,-0.131770189113049,711.138251961856,True,True,common,valid,valid,True
2098.25686001778,2972,0.00384197526056739,0.198989436283985,0.212545780767811,0.212545780767811,False,711.121538543918,-0.132361893201456,710.989176650716,True,True,common,valid,valid,True
2098.10729764402,2973,0.0038216170059605,0.199126146126264,0.212682621665928,0.212682621665928,False,711.075482284673,-0.132954054489775,710.942528230183,True,True,common,valid,valid,True
2097.95437537506,2974,0.0038008006050432,0.199262856343881,0.212819465955345,0.212819465955345,False,711.02836797973,-0.133547893569383,710.89482008616,True,True,common,valid,valid,True
2097.81894180179,2975,0.00378236857115292,0.199399567626083,0.212956295613072,0.212956295613072,False,710.986789293035,-0.134143334500304,710.852645958535,True,True,common,valid,valid,True
2097.66999045014,2976,0.00376209345869098,0.199536278946118,0.213093137441589,0.213093137441589,False,710.940939713442,-0.134740496350162,710.806199217092,True,True,common,valid,valid,True
2097.52165111899,2977,0.00374190173427542,0.19967299077102,0.213229979226021,0.213229979226021,False,710.895288219624,-0.135339328512814,710.759948891111,True,True,common,valid,valid,True
2097.52360022068,2978,0.00374220052477143,0.199809708045677,0.213366691571344,0.213366691571344,False,710.897154503733,-0.135939264845753,710.761215238887,True,True,common,valid,valid,True
2097.58098083735,2979,0.00375005697116439,0.199946427637382,0.213503356481732,0.213503356481732,False,710.916545613634,-0.136540664436327,710.780004949198,True,True,common,valid,valid,True
2097.60814473033,2980,0.00375379365098141,0.200083146713505,0.213640047996909,0.213640047996909,False,710.926381959002,-0.137143855185354,710.789238103816,True,True,common,valid,valid,True
2097.4138456583,2981,0.00372733557221797,0.200219858939238,0.213776931433477,0.213776931433477,False,710.866197262992,-0.137749573091082,710.728447689901,True,True,common,valid,valid,True
2097.26461234689,2982,0.00370702179997758,0.200356573138615,0.213913776395772,0.213913776395772,False,710.820266347162,-0.138356803940132,710.681909543222,True,True,common,valid,valid,True
2097.26103651524,2983,0.00370656733023797,0.200493292634767,0.214050495921242,0.214050495921242,False,710.820379269472,-0.138965161297705,710.681414108174,True,True,common,valid,valid,True
2097.3363430202,2984,0.00371686794027238,0.200630015222245,0.214187147737446,0.214187147737446,False,710.845426307803,-0.13957490093549,710.705851406867,True,True,common,valid,valid,True
2097.40540677309,2985,0.00372631744778474,0.200766738085956,0.214323805432673,0.214323805432673,False,710.868500095585,-0.140186352528272,710.728313743056,True,True,common,valid,valid,True
2097.46300971508,2986,0.00373420439887853,0.200903461051441,0.214460473515956,0.214460473515956,False,710.887950536972,-0.140799539018785,710.747150997953,True,True,common,valid,valid,True
2097.50768703222,2987,0.00374032906637817,0.201040184068304,0.214597153251702,0.214597153251702,False,710.903313933335,-0.141414468955887,710.761899464379,True,True,common,valid,valid,True
2097.58733350039,2988,0.00375122161258006,0.201176908726998,0.214733803242371,0.214733803242371,False,710.929733411253,-0.14203095822056,710.787702453033,True,True,common,valid,valid,True
2097.59720078111,2989,0.00375260021512878,0.201313631544455,0.214870514021987,0.214870514021987,False,710.934088887316,-0.142649418297645,710.791439469019,True,True,common,valid,valid,True
2097.56135162711,2990,0.00374774564892075,0.201450353316568,0.215007264789138,0.215007264789138,False,710.923987883829,-0.14326975943112,710.780718124398,True,True,common,valid,valid,True
2097.53167918324,2991,0.00374373324502019,0.201587075768614,0.215144010692264,0.215144010692264,False,710.91583879968,-0.143891781287516,710.771947018392,True,True,common,valid,valid,True
2097.54484188557,2992,0.00374556120759248,0.201723800120982,0.215280720048629,0.215280720048629,False,710.921232082965,-0.144515341446938,710.776716741518,True,True,common,valid,valid,True
2097.55761003494,2993,0.00374733539854297,0.201860524934623,0.215417430220234,0.215417430220234,False,710.926499352302,-0.145140612126661,710.781358740176,True,True,common,valid,valid,True
2097.48146167397,2994,0.00373698623469812,0.201997247257687,0.215554217709174,0.215554217709174,False,710.903651819599,-0.145767947159378,710.757883872439,True,True,common,valid,valid,True
2097.40126040578,2995,0.00372608445322432,0.202133969917105,0.215691009172335,0.215691009172335,False,710.879523149093,-0.14639701417714,710.733126134916,True,True,common,valid,valid,True
2097.37952286005,2996,0.00372315395148208,0.202270694995818,0.215827750579927,0.215827750579927,False,710.873877070962,-0.147027566317738,710.726849504645,True,True,common,valid,valid,True
2097.33637866378,2997,0.00371730473689786,0.202407419831349,0.215964510958182,0.215964510958182,False,710.86146244745,-0.147659923767163,710.713802523683,True,True,common,valid,valid,True
2097.34398719668,2998,0.00371837548141747,0.202544146829318,0.216101227944846,0.216101227944846,False,710.865091136668,-0.148293800183068,710.716797336485,True,True,common,valid,valid,True
2097.43393799663,2999,0.00373067335808944,0.202680877046971,0.216237874243084,0.216237874243084,False,710.894750669902,-0.148929069321885,710.74582160058,True,True,common,valid,valid,True
