u,v,Xc_mm,Yc_mm,Zc_mm,Xg_mm,Yg_mm,Zg_mm
2132.857806,75.000000,6.100843,-139.662854,713.122154,6.078414,139.664550,0.637081
2132.784679,76.000000,6.093546,-139.561777,713.103217,6.070314,139.563322,0.654846
2132.863827,77.000000,6.101463,-139.470185,713.132724,6.079577,139.471974,0.624975
2132.958667,78.000000,6.110948,-139.379561,713.167226,6.090631,139.381636,0.590192
2132.933015,79.000000,6.108394,-139.281438,713.163392,6.087944,139.283485,0.593106
2132.929748,80.000000,6.108077,-139.184707,713.166680,6.087810,139.186783,0.589016
2132.974395,81.000000,6.112548,-139.090949,713.185215,6.093140,139.093181,0.569935
2133.043313,82.000000,6.119444,-138.998694,713.211474,6.101238,139.001143,0.543257
2133.074648,83.000000,6.122584,-138.904101,713.225774,6.105051,138.906671,0.528339
2132.994836,84.000000,6.114618,-138.802618,713.204705,6.096187,138.805019,0.548200
2132.882531,85.000000,6.103406,-138.699129,713.173297,6.083618,138.701277,0.578227
2132.764824,86.000000,6.091656,-138.595316,713.140174,6.070434,138.597196,0.609941
2132.659835,87.000000,6.081177,-138.492299,713.111099,6.058701,138.493944,0.637674
2132.626203,88.000000,6.077826,-138.393698,713.104727,6.055105,138.395294,0.643083
2132.657174,89.000000,6.080930,-138.299086,713.118908,6.058875,138.300802,0.628282
2132.700565,90.000000,6.085274,-138.205238,713.137041,6.064061,138.207105,0.609595
2132.718404,91.000000,6.087065,-138.109809,713.147045,6.066334,138.111761,0.598901
2132.704943,92.000000,6.085730,-138.012450,713.147091,6.065037,138.014406,0.598000
2132.683968,93.000000,6.083644,-137.914629,713.144746,6.062884,137.916569,0.599450
2132.650868,94.000000,6.080346,-137.816063,713.138543,6.059349,137.817955,0.604692
2132.564802,95.000000,6.071758,-137.714243,713.115488,6.049774,137.715950,0.626506
2132.490464,96.000000,6.064342,-137.613150,713.096166,6.041537,137.614703,0.644649
2132.399230,97.000000,6.055239,-137.511026,713.071471,6.031375,137.512380,0.668077
2132.406010,98.000000,6.055926,-137.414921,713.077955,6.032387,137.416331,0.660844
2132.459975,99.000000,6.061325,-137.321706,713.099451,6.038777,137.323295,0.638850
2132.506698,100.000000,6.066001,-137.228042,713.118645,6.044342,137.229791,0.619120
2132.646880,101.000000,6.080014,-137.140094,713.167577,6.060564,137.142247,0.570147
2132.609467,102.000000,6.076286,-137.041270,713.160001,6.056537,137.043364,0.576739
2132.480413,103.000000,6.063404,-136.936847,713.123268,6.042062,136.938644,0.612004
2132.294037,104.000000,6.044799,-136.828934,713.068303,6.021053,136.830285,0.665197
2132.185067,105.000000,6.033925,-136.725761,713.037967,6.008871,136.726867,0.694171
2132.186605,106.000000,6.034088,-136.629336,713.042784,6.009284,136.630484,0.688577
2132.207496,107.000000,6.036184,-136.534089,713.053758,6.011904,136.535330,0.676930
2132.195902,108.000000,6.035036,-136.436861,713.054398,6.010821,136.438110,0.675445
2132.157439,109.000000,6.031204,-136.337998,713.046491,6.006676,136.339186,0.682364
2132.097939,110.000000,6.025272,-136.237858,713.031892,6.000132,136.238931,0.695863
2132.052793,111.000000,6.020773,-136.138595,713.021860,5.995225,136.139589,0.704872
2132.078438,112.000000,6.023343,-136.043633,713.034345,5.998387,136.044732,0.691738
2132.183520,113.000000,6.033846,-135.953489,713.072101,6.010603,135.954900,0.653754
2132.332092,114.000000,6.048694,-135.865973,713.123699,6.027778,135.867809,0.602159
2132.411551,115.000000,6.056640,-135.774255,713.153312,6.037075,135.776337,0.572183
2132.396280,116.000000,6.055124,-135.676792,713.152782,6.035573,135.678873,0.571847
2132.345874,117.000000,6.050099,-135.577204,713.141074,6.030065,135.579192,0.582504
2132.331339,118.000000,6.048657,-135.479788,713.140779,6.028647,135.481777,0.581938
2132.364807,119.000000,6.052009,-135.385274,713.155758,6.032701,135.387389,0.566351
2132.350183,120.000000,6.050558,-135.287852,713.155435,6.031273,135.289967,0.565813
2132.280769,121.000000,6.043635,-135.187124,713.137678,6.023598,135.189097,0.582418
2132.213885,122.000000,6.036964,-135.086553,713.120726,6.016212,135.088391,0.598231
2132.169291,123.000000,6.032520,-134.987331,713.110867,6.011368,134.989091,0.607069
2132.109590,124.000000,6.026568,-134.887202,713.096202,6.004801,134.888846,0.620634
2132.015731,125.000000,6.017205,-134.785022,713.070671,5.994342,134.786461,0.644884
2131.903255,126.000000,6.005983,-134.681731,713.039219,5.981761,134.682916,0.674957
2131.842346,127.000000,5.999911,-134.581547,713.024172,5.975059,134.582612,0.688897
2131.856830,128.000000,6.001367,-134.485893,713.033109,5.976948,134.487034,0.679253
2131.879817,129.000000,6.003672,-134.390746,713.044750,5.979806,134.391986,0.666948
2131.908945,130.000000,6.006589,-134.295965,713.058346,5.983365,134.297319,0.652723
2131.968630,131.000000,6.012559,-134.203011,713.081663,5.990406,134.204559,0.628936
2132.041052,132.000000,6.019800,-134.110814,713.109036,5.998900,134.112589,0.601163
2132.082394,133.000000,6.023938,-134.016750,713.126520,6.003851,134.018672,0.583112
2132.070819,134.000000,6.022792,-133.919519,713.127168,6.002771,133.921449,0.581619
2132.008018,135.000000,6.016530,-133.819228,713.111516,5.995851,133.821033,0.596155
2131.904949,136.000000,6.006248,-133.716538,713.083053,5.984342,133.718114,0.623288
2131.802975,137.000000,5.996076,-133.613922,713.054939,5.972959,133.615271,0.650078
2131.730289,138.000000,5.988828,-133.513059,713.036146,5.964915,133.514258,0.667703
2131.634637,139.000000,5.979289,-133.410835,713.010047,5.954253,133.411823,0.692511
2131.532678,140.000000,5.969120,-133.308243,712.981945,5.942875,133.309005,0.719291
2131.585682,141.000000,5.974421,-133.214872,713.003133,5.949153,133.215811,0.697598
2131.607574,142.000000,5.976616,-133.119648,713.014426,5.951886,133.120682,0.685637
2131.742496,143.000000,5.990095,-133.031133,713.061677,5.967500,133.032556,0.638314
2131.851768,144.000000,6.001015,-132.941083,713.100774,5.980192,132.942830,0.599011
2131.927084,145.000000,6.008546,-132.849011,713.129070,5.989016,132.850992,0.570329
2131.944298,146.000000,6.010274,-132.753488,713.138878,5.991217,132.755553,0.559827
2131.874966,147.000000,6.003361,-132.652838,713.121147,5.983553,132.654761,0.576407
2131.773300,148.000000,5.993219,-132.550279,713.093129,5.972205,132.551976,0.603103
2131.715711,149.000000,5.987479,-132.450335,713.079136,5.965881,132.451921,0.616007
2131.683714,150.000000,5.984294,-132.351907,713.073287,5.962473,132.353449,0.620904
2131.612907,151.000000,5.977235,-132.251190,713.055089,5.954643,132.252586,0.637943
2131.556934,152.000000,5.971657,-132.151354,713.041612,5.948504,132.152642,0.650340
2131.542687,153.000000,5.970244,-132.053980,713.041409,5.947119,132.055271,0.649683
2131.444362,154.000000,5.960439,-131.951656,713.014460,5.936155,131.952729,0.675329
2131.372650,155.000000,5.953291,-131.850905,712.995977,5.928223,131.851830,0.692649
2131.297172,156.000000,5.945767,-131.749938,712.976298,5.919863,131.750706,0.711145
2131.280924,157.000000,5.944155,-131.652458,712.975458,5.918250,131.653222,0.711114
2131.311352,158.000000,5.947201,-131.557719,712.989466,5.921956,131.558600,0.696483
2131.349581,159.000000,5.951027,-131.463434,713.005956,5.926550,131.464454,0.679410
2131.410204,160.000000,5.957088,-131.370458,713.029571,5.933696,131.371674,0.655331
2131.475185,161.000000,5.963584,-131.277732,713.054574,5.941339,131.279156,0.629886
2131.453316,162.000000,5.961411,-131.179914,713.051947,5.939087,131.181320,0.631614
2131.524145,163.000000,5.968491,-131.087521,713.078812,5.947397,131.089149,0.604338
2131.558167,164.000000,5.971897,-130.992969,713.093968,5.951513,130.994725,0.588577
2131.570532,165.000000,5.973141,-130.897147,713.102233,5.953161,130.898974,0.579593
2131.416747,166.000000,5.957799,-130.791623,713.057633,5.935876,130.793089,0.622597
2131.304351,167.000000,5.946590,-130.688527,713.026205,5.923309,130.689738,0.652648
2131.301547,168.000000,5.946320,-130.591828,713.029643,5.923228,130.593071,0.648411
2131.377294,169.000000,5.953891,-130.499704,713.058072,5.932098,130.501183,0.619597
2131.493818,170.000000,5.965532,-130.409947,713.099478,5.945615,130.411768,0.578021
2131.720196,171.000000,5.988144,-130.326571,713.175850,5.971654,130.329020,0.502059
2131.932438,172.000000,6.009349,-130.242356,713.247739,5.996087,130.245396,0.430505
2132.104183,173.000000,6.026513,-130.155771,713.306749,6.015907,130.159297,0.371617
2132.314511,174.000000,6.047534,-130.071413,713.378054,6.040130,130.075525,0.300637
2132.545822,175.000000,6.070656,-129.988256,713.456058,6.066752,129.993010,0.223070
2132.752395,176.000000,6.091310,-129.903647,713.526197,6.090557,129.908977,0.153236
2132.839531,177.000000,6.100030,-129.812094,713.558295,6.100739,129.817690,0.120813
2132.821329,178.000000,6.098221,-129.714430,713.556833,6.098902,129.720017,0.121394
2132.774092,179.000000,6.093511,-129.615085,713.546121,6.093753,129.620588,0.131072
2132.757436,180.000000,6.091857,-129.517513,713.545152,6.092093,129.523011,0.131168
2132.760296,181.000000,6.092153,-129.421070,713.550401,6.092660,129.426614,0.125150
2132.718041,182.000000,6.087940,-129.322019,713.541276,6.088079,129.327492,0.133267
2132.651596,183.000000,6.081310,-129.221575,713.524444,6.080739,129.226913,0.148963
2132.613605,184.000000,6.077524,-129.122776,713.516678,6.076645,129.128055,0.155743
2132.619272,185.000000,6.078101,-129.026497,713.522821,6.077532,129.031829,0.148846
2132.645318,186.000000,6.080715,-128.931390,713.535455,6.080743,128.936828,0.135564
2132.655573,187.000000,6.081750,-128.835371,713.543060,6.082154,128.840875,0.127228
2132.634323,188.000000,6.079637,-128.737539,713.540627,6.079970,128.743026,0.128764
2132.594074,189.000000,6.075626,-128.638615,713.532141,6.075618,128.644037,0.136253
2132.561880,190.000000,6.072419,-128.540157,713.526221,6.072186,128.545533,0.141218
2132.544327,191.000000,6.070676,-128.442541,713.524966,6.070424,128.447910,0.141596
2132.521563,192.000000,6.068411,-128.344627,713.522051,6.068067,128.349975,0.143606
2132.492405,193.000000,6.065508,-128.246347,713.517098,6.064981,128.251659,0.147620
2132.481776,194.000000,6.064457,-128.149130,713.518049,6.064009,128.154453,0.145828
2132.476007,195.000000,6.063891,-128.052191,713.520548,6.063591,128.057537,0.142514
2132.521659,196.000000,6.068464,-127.958191,713.539429,6.069039,127.963695,0.123088
2132.492531,197.000000,6.065564,-127.859915,713.534486,6.065957,127.865381,0.127093
2132.483564,198.000000,6.064678,-127.762791,713.535966,6.065174,127.768273,0.124780
2132.511229,199.000000,6.067454,-127.667756,713.549118,6.068570,127.673349,0.110990
2132.555212,200.000000,6.071860,-127.573648,713.567469,6.073828,127.579394,0.092085
2132.499894,201.000000,6.066343,-127.473881,713.554181,6.067758,127.479521,0.104297
2132.523733,202.000000,6.068736,-127.378622,713.566114,6.070718,127.384363,0.091705
2132.523964,203.000000,6.068770,-127.282017,713.570525,6.070985,127.287798,0.086510
2132.507475,204.000000,6.067133,-127.184461,713.569608,6.069344,127.190238,0.086555
2132.496846,205.000000,6.066081,-127.087239,713.570559,6.068372,127.093027,0.084763
2132.493458,206.000000,6.065754,-126.990428,713.573817,6.068226,126.996245,0.080702
2132.507606,207.000000,6.067179,-126.894610,713.582662,6.070080,126.900503,0.071147
2132.477272,208.000000,6.064158,-126.796270,713.577334,6.066860,126.802123,0.075530
2132.418554,209.000000,6.058301,-126.696326,713.562961,6.060403,126.702065,0.088808
2132.343801,210.000000,6.050842,-126.595479,713.543480,6.052116,126.601061,0.107110
2132.286912,211.000000,6.045168,-126.495647,713.529691,6.045867,126.501120,0.119815
2132.278027,212.000000,6.044291,-126.398530,713.531197,6.045094,126.404019,0.117477
2132.276427,213.000000,6.044142,-126.301824,713.535024,6.045152,126.307347,0.112857
2132.261635,214.000000,6.042675,-126.204374,713.534648,6.043705,126.209897,0.112370
2132.245751,215.000000,6.041099,-126.106862,713.533924,6.042134,126.112382,0.112226
2132.238796,216.000000,6.040415,-126.009853,713.536044,6.041581,126.015394,0.109284
2132.199097,217.000000,6.036459,-125.911003,713.527732,6.037293,125.916479,0.116602
2132.117985,218.000000,6.028366,-125.809827,713.506226,6.028282,125.815131,0.136896
2132.020521,219.000000,6.018640,-125.707740,713.479513,6.017407,125.712828,0.162312
2131.964638,220.000000,6.013068,-125.607993,713.466046,6.011275,125.612975,0.174699
2132.009495,221.000000,6.017560,-125.513899,713.484671,6.016631,125.519036,0.155525
2132.076491,222.000000,6.024264,-125.421040,713.510351,6.024512,125.426391,0.129413
2132.104623,223.000000,6.027086,-125.326000,713.523650,6.027961,125.331462,0.115477
2132.084329,224.000000,6.025069,-125.228246,713.521520,6.025887,125.233695,0.116715
2132.065370,225.000000,6.023186,-125.130569,713.519816,6.023965,125.136007,0.117535
2132.061600,226.000000,6.022820,-125.033740,713.522951,6.023775,125.039207,0.113595
2132.054033,227.000000,6.022075,-124.936699,713.524876,6.023153,124.942185,0.110845
2132.021788,228.000000,6.018865,-124.838282,713.518938,6.019716,124.843722,0.115828
2131.964833,229.000000,6.013186,-124.738489,713.505128,6.013461,124.743820,0.128554
2131.921513,230.000000,6.008869,-124.639460,713.495662,6.008761,124.644717,0.137006
2131.904551,231.000000,6.007186,-124.541900,713.494594,6.007067,124.547152,0.137201
2131.899127,232.000000,6.006655,-124.444983,713.497201,6.006689,124.450258,0.133780
2131.871144,233.000000,6.003870,-124.346811,713.492621,6.003738,124.352053,0.137428
2131.810447,234.000000,5.997818,-124.246826,713.477620,5.997057,124.251948,0.151325
2131.743602,235.000000,5.991152,-124.146504,713.460660,5.989675,124.151491,0.167149
2131.693911,236.000000,5.986200,-124.047138,713.449165,5.984250,124.052034,0.177597
2131.688833,237.000000,5.985704,-123.950245,713.451882,5.983911,123.955167,0.174069
2131.700132,238.000000,5.986844,-123.854258,713.459816,5.985440,123.859248,0.165409
2131.695966,239.000000,5.986438,-123.757414,713.462824,5.985205,123.762432,0.161595
2131.693927,240.000000,5.986246,-123.660688,713.466509,5.985213,123.665738,0.157114
2131.716137,241.000000,5.988475,-123.565299,713.477919,5.987986,123.570446,0.145036
2131.761262,242.000000,5.992993,-123.471171,713.496630,5.993372,123.476475,0.125777
2131.801155,243.000000,5.996989,-123.376750,713.513675,5.998162,123.382196,0.108156
2131.807754,244.000000,5.997660,-123.280491,713.520113,5.999155,123.285994,0.100968
2131.775118,245.000000,5.994411,-123.182072,713.514049,5.995674,123.187528,0.106075
2131.711154,246.000000,5.988033,-123.081932,713.498005,5.988621,123.087260,0.120998
2131.627938,247.000000,5.979732,-122.980740,713.475827,5.979373,122.985889,0.141954
2131.538804,248.000000,5.970841,-122.879229,713.451766,5.969450,122.884185,0.164762
2131.542435,249.000000,5.971214,-122.782813,713.457257,5.970105,122.787817,0.158506
2131.489223,250.000000,5.965911,-122.683280,713.444639,5.964278,122.688185,0.170059
2131.447883,251.000000,5.961794,-122.584402,713.435804,5.959806,122.589237,0.177892
2131.425729,252.000000,5.959593,-122.486576,713.433081,5.957521,122.491392,0.179714
2131.444402,253.000000,5.961468,-122.390983,713.443362,5.959890,122.395887,0.168746
2131.483352,254.000000,5.965369,-122.296495,713.460104,5.964571,122.301539,0.151423
2131.491098,255.000000,5.966154,-122.200300,713.466905,5.965695,122.205403,0.143878
2131.459328,256.000000,5.962992,-122.101948,713.461118,5.962313,122.107007,0.148713
2131.414382,257.000000,5.958515,-122.002880,713.451133,5.957429,122.007860,0.157677
2131.400961,258.000000,5.957186,-121.905531,713.451191,5.956140,121.910516,0.156764
2131.450342,259.000000,5.962128,-121.811601,713.471256,5.962010,121.816752,0.136173
2131.529537,260.000000,5.970049,-121.719286,713.500821,5.971280,121.724683,0.106239
2131.460047,261.000000,5.963120,-121.618886,713.483015,5.963598,121.624140,0.122895
2131.437336,262.000000,5.960863,-121.521030,713.480113,5.961249,121.526263,0.124893
2131.345899,263.000000,5.951743,-121.419447,713.455316,5.951065,121.424481,0.148426
2131.320144,264.000000,5.949182,-121.321431,713.451444,5.948370,121.326437,0.151377
2131.337425,265.000000,5.950919,-121.225748,713.461282,5.950580,121.230837,0.140845
2131.358012,266.000000,5.952986,-121.130241,713.472174,5.953168,121.135422,0.129276
2131.360282,267.000000,5.953224,-121.033741,713.477230,5.953667,121.038967,0.123446
2131.356108,268.000000,5.952818,-120.936891,713.480233,5.953432,120.942146,0.119636
2131.352779,269.000000,5.952497,-120.840087,713.483506,5.953293,120.845371,0.115561
2131.342520,270.000000,5.951484,-120.742908,713.484570,5.952364,120.748205,0.113658
2131.326050,271.000000,5.949850,-120.645395,713.483656,5.950727,120.650687,0.113701
2131.314336,272.000000,5.948692,-120.548139,713.484256,5.949632,120.553439,0.112254
2131.305330,273.000000,5.947804,-120.451028,713.485719,5.948846,120.456343,0.109959
2131.281918,274.000000,5.945477,-120.353142,713.482593,5.946418,120.358436,0.112178
2131.242516,275.000000,5.941554,-120.254399,713.474372,5.942167,120.259628,0.119407
2131.196398,276.000000,5.936960,-120.155298,713.464011,5.937150,120.160446,0.128741
2131.146258,277.000000,5.931965,-120.055984,713.452370,5.931675,120.061040,0.139335
2131.095926,278.000000,5.926950,-119.956664,713.440667,5.926178,119.961627,0.149989
2131.059877,279.000000,5.923362,-119.858112,713.433515,5.922309,119.863020,0.156167
2131.050254,280.000000,5.922413,-119.760976,713.434781,5.921453,119.765897,0.154066
2131.064453,281.000000,5.923842,-119.665113,713.443635,5.923312,119.670110,0.144500
2131.081572,282.000000,5.925562,-119.569404,713.453421,5.925504,119.574485,0.134020
2131.088749,283.000000,5.926290,-119.473163,713.460039,5.926563,119.478301,0.126654
2131.097828,284.000000,5.927208,-119.377021,713.467263,5.927839,119.382221,0.118693
2131.129254,285.000000,5.930358,-119.282068,713.481607,5.931662,119.287389,0.103728
2131.168651,286.000000,5.934303,-119.187537,713.498491,5.936394,119.192999,0.086265
2131.147160,287.000000,5.932168,-119.089762,713.495975,5.934185,119.095207,0.087883
2131.068327,288.000000,5.924308,-118.988939,713.475189,5.925439,118.994217,0.107471
2130.984048,289.000000,5.915905,-118.887833,713.452670,5.916073,118.892931,0.128765
2130.928551,290.000000,5.910376,-118.788262,713.439320,5.909988,118.793253,0.141039
2130.901660,291.000000,5.907702,-118.690211,713.435084,5.907163,118.695171,0.144349
2130.890097,292.000000,5.906559,-118.592973,713.435731,5.906086,118.597942,0.142857
2130.877675,293.000000,5.905330,-118.495691,713.436104,5.904911,118.500666,0.141634
2130.856777,294.000000,5.903256,-118.397960,713.433776,5.902770,118.402919,0.143067
2130.835105,295.000000,5.901103,-118.300189,713.431202,5.900540,118.305131,0.144743
2130.814234,296.000000,5.899031,-118.202462,713.428883,5.898402,118.207387,0.146167
2130.793094,297.000000,5.896932,-118.104721,713.426479,5.896233,118.109630,0.147676
2130.784586,298.000000,5.896094,-118.007647,713.428098,5.895504,118.012573,0.145227
2130.819147,299.000000,5.899556,-117.912842,713.443438,5.899684,117.917897,0.129283
2130.905623,300.000000,5.908201,-117.820766,713.475319,5.909781,117.826085,0.097069
2130.960892,301.000000,5.913730,-117.727041,713.497259,5.916322,117.732542,0.074633
2130.930153,302.000000,5.910673,-117.628789,713.491795,5.913059,117.634249,0.079151
2130.851347,303.000000,5.902817,-117.528016,713.471016,5.904317,117.533309,0.098733
2130.781935,304.000000,5.895899,-117.427741,713.453231,5.896647,117.432892,0.115370
2130.763219,305.000000,5.894042,-117.330130,713.451597,5.894754,117.335270,0.116121
2130.755657,306.000000,5.893298,-117.233103,713.453518,5.894133,117.238263,0.113376
2130.739646,307.000000,5.891712,-117.135634,713.452746,5.892549,117.140790,0.113279
2130.727574,308.000000,5.890518,-117.038371,713.453229,5.891414,117.043535,0.111948
2130.709830,309.000000,5.888758,-116.940812,713.451904,5.889632,116.945969,0.112394
2130.662501,310.000000,5.884045,-116.841710,713.441154,5.884479,116.846781,0.122112
2130.566288,311.000000,5.874453,-116.740061,713.414832,5.873755,116.744921,0.147147
2130.517079,312.000000,5.869553,-116.640869,713.403484,5.868388,116.645640,0.157452
2130.559260,313.000000,5.873774,-116.546439,713.421249,5.873436,116.551358,0.139123
2130.569870,314.000000,5.874845,-116.450363,713.428957,5.874886,116.455347,0.130685
2130.537563,315.000000,5.871632,-116.352053,713.422993,5.871445,116.356992,0.135695
2130.549524,316.000000,5.872837,-116.256045,713.431131,5.873048,116.261054,0.126834
2130.484764,317.000000,5.866385,-116.156053,713.414828,5.865909,116.160932,0.142014
2130.443903,318.000000,5.862319,-116.057305,713.406138,5.861494,116.062117,0.149705
2130.423724,319.000000,5.860316,-115.959632,713.404037,5.859435,115.964429,0.150916
2130.419918,320.000000,5.859948,-115.862807,713.407152,5.859242,115.867633,0.146996
2130.426907,321.000000,5.860657,-115.766539,713.413706,5.860279,115.771422,0.139694
2130.443899,322.000000,5.862365,-115.670787,713.423446,5.862456,115.675753,0.129258
2130.479169,323.000000,5.865896,-115.575977,713.439009,5.866716,115.581073,0.113093
2130.510882,324.000000,5.869073,-115.480979,713.453440,5.870571,115.486197,0.098043
2130.505722,325.000000,5.868570,-115.384077,713.456123,5.870224,115.389320,0.094548
2130.481685,326.000000,5.866182,-115.286202,713.452792,5.867725,115.291421,0.096969
2130.455843,327.000000,5.863615,-115.188235,713.448885,5.865021,115.193426,0.099955
2130.429639,328.000000,5.861011,-115.090252,713.444863,5.862276,115.095412,0.103055
2130.404143,329.000000,5.858478,-114.992306,713.441067,5.859612,114.997439,0.105933
2130.374680,330.000000,5.855549,-114.894157,713.436006,5.856495,114.899252,0.110055
2130.322583,331.000000,5.850362,-114.794850,713.423735,5.850799,114.799848,0.121269
2130.250284,332.000000,5.843158,-114.694511,713.405028,5.842802,114.699359,0.138814
2130.179059,333.000000,5.836062,-114.594233,713.386664,5.834928,114.598934,0.156021
2130.114840,334.000000,5.829665,-114.494319,713.370532,5.827852,114.498891,0.171033
2130.072448,335.000000,5.825447,-114.395524,713.361354,5.823263,114.400025,0.179205
2130.082540,336.000000,5.826466,-114.299413,713.368893,5.824654,114.303978,0.170933
2130.132699,337.000000,5.831482,-114.205344,713.389196,5.830609,114.210079,0.150108
2129.924295,349.000000,5.810829,-113.035190,713.374694,5.809755,113.039845,0.154102
2130.091129,354.000000,5.827535,-112.560409,713.449459,5.829966,112.565692,0.076280
2129.529757,397.000000,5.772045,-108.376763,713.456343,5.776373,108.382243,0.032713
2129.139554,408.000000,5.733259,-107.294787,713.379482,5.734582,107.299674,0.098910
2129.069272,430.000000,5.726524,-105.165006,713.451944,5.731878,105.170557,0.008808
2127.945628,473.000000,5.615047,-100.956938,713.279045,5.614314,100.961215,0.142130
2127.821480,496.000000,5.602972,-98.728213,713.338295,5.605720,98.733050,0.064178
2127.517227,526.000000,5.573051,-95.814774,713.370038,5.578318,95.819968,0.007307
2127.116490,542.000000,5.533340,-94.250902,713.310890,5.536572,94.255664,0.051829
2127.194747,543.000000,5.541150,-94.157517,713.340101,5.545716,94.162521,0.022235
2127.237982,544.000000,5.545470,-94.062653,713.358155,5.550875,94.067808,0.003617
2127.230334,545.000000,5.544722,-93.965647,713.359998,5.550246,93.970821,0.000950
2127.227590,546.000000,5.544462,-93.868848,713.363403,5.550174,93.874052,-0.003255
2127.213014,547.000000,5.543024,-93.771551,713.363038,5.548756,93.776756,-0.003751
2127.155206,548.000000,5.537278,-93.672446,713.348899,5.542420,93.677539,0.009306
2127.070794,549.000000,5.528883,-93.572233,713.326285,5.533057,93.577144,0.030701
2126.984720,550.000000,5.520323,-93.471957,713.303143,5.523506,93.476681,0.052616
2126.929510,551.000000,5.514837,-93.372975,713.289833,5.517466,93.377594,0.064857
2126.912564,552.000000,5.513163,-93.275592,713.288712,5.515779,93.280205,0.065106
2126.908383,553.000000,5.512760,-93.178740,713.291656,5.515544,93.183381,0.061355
2126.913211,554.000000,5.513254,-93.082263,713.297470,5.516334,93.086955,0.054780
2126.940053,555.000000,5.515941,-92.986700,713.310297,5.519627,92.991499,0.041306
2126.991537,556.000000,5.521083,-92.892156,713.330974,5.525724,92.897128,0.020107
2127.030871,557.000000,5.525015,-92.797103,713.347781,5.530440,92.802215,0.002717
2127.052342,558.000000,5.527167,-92.701306,713.358897,5.533123,92.706513,-0.009075
2127.054002,559.000000,5.527346,-92.604686,713.363701,5.533552,92.609935,-0.014656
2127.024786,560.000000,5.524450,-92.506789,713.358668,5.530469,92.512001,-0.010558
2126.967521,561.000000,5.518759,-92.407736,713.344699,5.524195,92.412836,0.002332
2126.899913,562.000000,5.512038,-92.308260,713.327434,5.516744,92.313222,0.018465
2126.836159,563.000000,5.505702,-92.208948,713.311398,5.509733,92.213783,0.033389
2126.792500,564.000000,5.501367,-92.110468,713.301763,5.505007,92.115227,0.042014
2126.786665,565.000000,5.500800,-92.013546,713.304177,5.504584,92.018328,0.038785
2126.811545,566.000000,5.503292,-91.917885,713.316375,5.507654,91.922770,0.025929
2126.836953,567.000000,5.505836,-91.822242,713.328742,5.510785,91.827232,0.012906
2126.837598,568.000000,5.505914,-91.725582,713.333219,5.511099,91.730611,0.007647
2126.827182,569.000000,5.504890,-91.628468,713.334173,5.510154,91.633508,0.005854
2126.818143,570.000000,5.504004,-91.531410,713.335565,5.509366,91.536465,0.003630
2126.802246,571.000000,5.502434,-91.434072,713.334772,5.507798,91.439124,0.003557
2126.768331,572.000000,5.499070,-91.335999,713.328238,5.504181,91.341000,0.009131
2126.714397,573.000000,5.493712,-91.237112,713.315327,5.498287,91.242011,0.020981
2126.657721,574.000000,5.488081,-91.138117,713.301542,5.492081,91.142907,0.033690
2126.631381,575.000000,5.485472,-91.040360,713.297421,5.489325,91.045120,0.036890
2126.635045,576.000000,5.485851,-90.943824,713.302857,5.489982,90.948632,0.030687
2126.636277,577.000000,5.485987,-90.847189,713.307519,5.490363,90.852037,0.025247
2126.608307,578.000000,5.483215,-90.749368,713.302877,5.487422,90.754181,0.028959
2126.538678,579.000000,5.476295,-90.649861,713.284965,5.479743,90.654531,0.045729
2126.524709,580.000000,5.474918,-90.552611,713.284783,5.478395,90.557284,0.045054
2126.461939,581.000000,5.468681,-90.453390,713.269056,5.471497,90.457937,0.059675
2126.449057,582.000000,5.467412,-90.356187,713.269220,5.470272,90.360738,0.058660
2126.471279,583.000000,5.469639,-90.260400,713.280565,5.473039,90.265048,0.046643
2126.521613,584.000000,5.474665,-90.165743,713.300865,5.479004,90.170560,0.025815
2126.532806,585.000000,5.475794,-90.069505,713.308697,5.480517,90.074389,0.017254
2126.603386,586.000000,5.482836,-89.975653,713.335449,5.488785,89.980760,-0.009921
2126.612172,587.000000,5.483725,-89.879313,713.342514,5.490025,89.884480,-0.017727
2126.571743,588.000000,5.479713,-89.780997,713.333899,5.485667,89.786097,-0.010105
2126.509503,589.000000,5.473529,-89.681809,713.318336,5.478828,89.686785,0.004354
2126.511404,590.000000,5.473732,-89.585193,713.323207,5.479285,89.590212,-0.001292
2126.476157,591.000000,5.470236,-89.487091,713.316243,5.475516,89.492056,0.004706
2126.463562,592.000000,5.468995,-89.389896,713.316494,5.474324,89.394867,0.003604
2126.462866,593.000000,5.468940,-89.293176,713.320537,5.474485,89.298183,-0.001227
2126.471200,594.000000,5.469784,-89.196814,713.327455,5.475673,89.201881,-0.008889
2126.489151,595.000000,5.471586,-89.100835,713.337437,5.477955,89.105987,-0.019565
2126.475198,596.000000,5.470210,-89.003584,713.337255,5.476609,89.008737,-0.020239
2126.424550,597.000000,5.465181,-88.904875,713.325382,5.471089,88.909935,-0.009411
2126.390472,598.000000,5.461801,-88.806828,713.318788,5.467453,88.811837,-0.003776
2126.390813,599.000000,5.461849,-88.710147,713.323158,5.467732,88.715195,-0.008931
2126.403375,600.000000,5.463114,-88.613949,713.331422,5.469401,88.619068,-0.017916
2126.415471,601.000000,5.464333,-88.517730,713.339537,5.471017,88.522919,-0.026755
2126.422103,602.000000,5.465007,-88.421294,713.345911,5.472012,88.426538,-0.033880
2126.377118,603.000000,5.460542,-88.322820,713.335840,5.467136,88.327984,-0.024824
2126.312969,604.000000,5.454168,-88.223592,713.319663,5.460081,88.228628,-0.009761
2126.297208,605.000000,5.452613,-88.126275,713.318902,5.458529,88.131308,-0.009866
2126.294085,606.000000,5.452316,-88.029456,713.322166,5.458414,88.034519,-0.013932
2126.282494,607.000000,5.451176,-87.932303,713.322733,5.457336,87.937374,-0.015343
2126.274428,608.000000,5.450387,-87.835289,713.324422,5.456659,87.840377,-0.017859
2126.276494,609.000000,5.450607,-87.738672,713.329338,5.457134,87.743803,-0.023551
2126.245794,610.000000,5.447564,-87.640770,713.323816,5.453883,87.645860,-0.018971
2126.155656,611.000000,5.438603,-87.540546,713.299358,5.443873,87.545438,0.004241
2126.103223,612.000000,5.433397,-87.441801,713.286912,5.438151,87.446595,0.015633
2126.105012,613.000000,5.433589,-87.345177,713.291739,5.438595,87.350014,0.010030
2126.129424,614.000000,5.436034,-87.249433,713.303772,5.441611,87.254372,-0.002663
2126.141367,615.000000,5.437237,-87.153201,713.311832,5.443209,87.158209,-0.011449
2126.118914,616.000000,5.435016,-87.055629,713.308935,5.440896,87.060616,-0.009452
2126.075940,617.000000,5.430752,-86.957261,713.299500,5.436249,86.962174,-0.001022
2126.020553,618.000000,5.425252,-86.858414,713.286111,5.430192,86.863221,0.011299
2125.957633,619.000000,5.419002,-86.759279,713.270323,5.423278,86.763960,0.025981
2125.900869,620.000000,5.413366,-86.660387,713.256496,5.417064,86.664958,0.038733
2125.866094,621.000000,5.409918,-86.562349,713.249672,5.413350,86.566868,0.044593
2125.863154,622.000000,5.409640,-86.465544,713.252988,5.413256,86.470093,0.040477
2125.887923,623.000000,5.412119,-86.369807,713.265130,5.416312,86.374458,0.027675
2125.912400,624.000000,5.414570,-86.274055,713.277179,5.419335,86.278809,0.014966
2125.910493,625.000000,5.414394,-86.177285,713.280823,5.419358,86.182072,0.010526
2125.883144,626.000000,5.411686,-86.079536,713.276363,5.416489,86.084289,0.014061
2125.854427,627.000000,5.408842,-85.981736,713.271467,5.413464,85.986452,0.018026
2125.853728,628.000000,5.408786,-85.885012,713.275494,5.413624,85.889765,0.013209
2125.881614,629.000000,5.411577,-85.789383,713.288628,5.417035,85.794247,-0.000568
2125.902370,630.000000,5.413657,-85.693478,713.299490,5.419634,85.698434,-0.012109
2125.885190,631.000000,5.411961,-85.596120,713.298266,5.417921,85.601069,-0.011759
2125.852277,632.000000,5.408699,-85.498161,713.292031,5.414419,85.503062,-0.006477
2125.833662,633.000000,5.406860,-85.400750,713.290350,5.412543,85.405640,-0.005677
2125.828136,634.000000,5.406325,-85.303838,713.292838,5.412154,85.308752,-0.008979
2125.819565,635.000000,5.405486,-85.206810,713.294355,5.411420,85.211740,-0.011326
2125.800724,636.000000,5.403625,-85.109391,713.292601,5.409518,85.114310,-0.010453
2125.781364,637.000000,5.401712,-85.011953,713.290681,5.407556,85.016859,-0.009417
2125.763228,638.000000,5.399921,-84.914563,713.289150,5.405734,84.919460,-0.008764
2125.736520,639.000000,5.397277,-84.816848,713.284888,5.402938,84.821713,-0.005425
2125.707122,640.000000,5.394365,-84.719033,713.279769,5.399836,84.723860,-0.001241
2125.696548,641.000000,5.393327,-84.621931,713.280646,5.398873,84.626769,-0.002957
2125.710414,642.000000,5.394721,-84.525753,713.289308,5.400690,84.530664,-0.012334
2125.714709,643.000000,5.395163,-84.429211,713.294921,5.401418,84.434172,-0.018711
2125.682653,644.000000,5.391987,-84.331298,713.288954,5.398013,84.336213,-0.013692
2125.625638,645.000000,5.386326,-84.232448,713.275035,5.391772,84.237253,-0.000850
2125.578210,646.000000,5.381620,-84.133963,713.264170,5.386620,84.138681,0.008987
2125.562547,647.000000,5.380076,-84.036673,713.263424,5.385079,84.041389,0.008869
2125.571480,648.000000,5.380979,-83.940306,713.270511,5.386334,83.945083,0.001041
2125.569630,649.000000,5.380809,-83.843534,713.274164,5.386364,83.848344,-0.003407
2125.532558,650.000000,5.377134,-83.745443,713.266596,5.382389,83.750194,0.003187
2125.484717,651.000000,5.372387,-83.646952,713.255598,5.377191,83.651617,0.013156
2125.528612,652.000000,5.376770,-83.551888,713.273820,5.382420,83.556706,-0.005629
2125.487324,653.000000,5.372676,-83.453644,713.264908,5.377967,83.458392,0.002287
2125.453083,654.000000,5.369282,-83.355665,713.258241,5.374314,83.360361,0.007995
2125.458830,655.000000,5.369869,-83.259176,713.264310,5.375207,83.263925,0.001169
2125.476670,656.000000,5.371659,-83.163134,713.274232,5.377475,83.167968,-0.009447
2125.465342,657.000000,5.370546,-83.066008,713.274861,5.376427,83.070849,-0.010920
2125.446013,658.000000,5.368637,-82.968585,713.272942,5.374469,82.973414,-0.009885
2125.454050,659.000000,5.369451,-82.872176,713.279739,5.375622,82.877064,-0.017427
2125.459764,660.000000,5.370034,-82.775679,713.285796,5.376512,82.780620,-0.024240
2125.425182,661.000000,5.366607,-82.677693,713.279016,5.372820,82.682582,-0.018422
2125.346079,662.000000,5.358750,-82.578066,713.258055,5.364069,82.582787,0.001351
2125.259166,663.000000,5.350115,-82.478158,713.234606,5.354430,82.482690,0.023572
2125.224515,664.000000,5.346682,-82.380179,713.227804,5.350731,82.384659,0.029412
2125.261301,665.000000,5.350357,-82.284829,713.243755,5.355151,82.289443,0.012863
2125.335041,666.000000,5.357709,-82.190833,713.271477,5.363772,82.195676,-0.015270
2125.400983,667.000000,5.364286,-82.096543,713.296717,5.371507,82.101596,-0.040960
2125.421785,668.000000,5.366371,-82.000592,713.307577,5.374111,82.005737,-0.052500
2125.384423,669.000000,5.362667,-81.902511,713.299907,5.370104,81.907596,-0.045806
2125.296686,670.000000,5.353951,-81.802590,713.276190,5.360371,81.807485,-0.023321
2125.199791,671.000000,5.344323,-81.702342,713.249557,5.349597,81.707023,0.002034
2125.137673,672.000000,5.338157,-81.603370,713.234002,5.342777,81.607926,0.016488
2125.127910,673.000000,5.337200,-81.506309,713.235123,5.341907,81.510878,0.014532
2125.150997,674.000000,5.339512,-81.410442,713.246706,5.344770,81.415109,0.002280
2125.160981,675.000000,5.340520,-81.314097,713.254115,5.346144,81.318828,-0.005864
2125.136266,676.000000,5.338075,-81.216491,713.250472,5.343575,81.221195,-0.003132
2125.095878,677.000000,5.334071,-81.118318,713.241835,5.339224,81.122955,0.004513
2125.076834,678.000000,5.332191,-81.020920,713.239997,5.337299,81.025546,0.005469
2125.092709,679.000000,5.333785,-80.924786,713.249281,5.339342,80.929490,-0.004520
2125.136495,680.000000,5.338157,-80.829657,713.267455,5.344558,80.834514,-0.023257
2125.188806,681.000000,5.343377,-80.734832,713.288345,5.350743,80.739862,-0.044667
2125.201950,682.000000,5.344700,-80.638590,713.296758,5.352476,80.643692,-0.053799
2125.147365,683.000000,5.339283,-80.539908,713.283595,5.346512,80.544906,-0.041699
2125.076216,684.000000,5.332218,-80.440635,713.265156,5.338665,80.445485,-0.024407
2125.034708,685.000000,5.328103,-80.342431,713.256159,5.334187,80.347211,-0.016406
2125.018491,686.000000,5.326504,-80.245137,713.255217,5.332583,80.249913,-0.016333
2125.001637,687.000000,5.324842,-80.147820,713.254072,5.330907,80.152590,-0.016059
2124.957773,688.000000,5.320492,-80.049539,713.244323,5.326161,80.054231,-0.007318
2124.905792,689.000000,5.315335,-79.950970,713.231988,5.320493,79.955565,0.003967
2124.877733,690.000000,5.312558,-79.853258,713.227272,5.317544,79.857818,0.007755
2124.870244,691.000000,5.311828,-79.756280,713.229108,5.316932,79.760859,0.005095
2124.867221,692.000000,5.311542,-79.659462,713.232365,5.316828,79.664070,0.001037
2124.865048,693.000000,5.311341,-79.562673,713.235893,5.316820,79.567313,-0.003287
2124.878993,694.000000,5.312743,-79.466455,713.244554,5.318644,79.471170,-0.012663
2124.902084,695.000000,5.315055,-79.370560,713.256128,5.321507,79.375372,-0.024906
2124.910647,696.000000,5.315922,-79.274147,713.263074,5.322719,79.279020,-0.032594
2124.904003,697.000000,5.315275,-79.177195,713.265175,5.322203,79.182088,-0.035515
2124.900603,698.000000,5.314952,-79.080357,713.268310,5.322056,79.085279,-0.039453
2124.900036,699.000000,5.314911,-78.983618,713.272346,5.322231,78.988576,-0.044278
2124.891130,700.000000,5.314039,-78.886585,713.273726,5.321458,78.891558,-0.046488
2124.877728,701.000000,5.312721,-78.789393,713.273672,5.320174,78.794369,-0.047289
2124.861036,702.000000,5.311075,-78.692086,713.272571,5.318516,78.697056,-0.047057
2124.831264,703.000000,5.308128,-78.594320,713.267302,5.315372,78.599250,-0.042725
2124.792145,704.000000,5.304251,-78.496228,713.259055,5.311165,78.501094,-0.035463
2124.760431,705.000000,5.301111,-78.398398,713.253167,5.307800,78.403218,-0.030521
2124.744847,706.000000,5.299575,-78.301134,713.252416,5.306269,78.305951,-0.030635
2124.741691,707.000000,5.299276,-78.204304,713.255623,5.306149,78.209152,-0.034644
2124.726663,708.000000,5.297796,-78.107060,713.255048,5.304680,78.111906,-0.034931
2124.698742,709.000000,5.295034,-78.009367,713.250365,5.301746,78.014178,-0.031175
2124.688826,710.000000,5.294062,-77.912302,713.251418,5.300859,77.917125,-0.033064
2124.699726,711.000000,5.295161,-77.815961,713.259100,5.302336,77.820849,-0.041476
2124.695358,712.000000,5.294742,-77.719087,713.261918,5.302079,77.724002,-0.045103
2124.635092,713.000000,5.288762,-77.620275,713.246930,5.295470,77.625071,-0.031206
2124.531678,714.000000,5.278490,-77.519973,713.218200,5.283958,77.524536,-0.003786
2124.548781,715.000000,5.280206,-77.423847,713.227855,5.286140,77.428493,-0.014139
2124.550970,716.000000,5.280439,-77.327204,713.232759,5.286628,77.331894,-0.019818
2124.478628,717.000000,5.273258,-77.227988,713.213924,5.278648,77.232527,-0.002136
2124.474238,718.000000,5.272836,-77.131119,713.216732,5.278387,77.135684,-0.005751
2124.537958,719.000000,5.279189,-77.036594,713.241232,5.285866,77.041363,-0.030715
2124.508068,720.000000,5.276231,-76.938845,713.235917,5.282708,76.943573,-0.026336
2124.456773,721.000000,5.271144,-76.840363,713.223783,5.277119,76.844995,-0.015248
2124.415835,722.000000,5.267087,-76.742239,713.214947,5.272707,76.746802,-0.007406
2124.408567,723.000000,5.266379,-76.645271,713.216835,5.272120,76.649853,-0.010116
2124.395660,724.000000,5.265111,-76.548109,713.216926,5.270892,76.552695,-0.011058
2124.348323,725.000000,5.260418,-76.449772,713.206051,5.265753,76.454273,-0.001209
2124.292910,726.000000,5.254922,-76.351163,713.192604,5.259696,76.355557,0.011172
2124.277727,727.000000,5.253427,-76.253928,713.191968,5.258210,76.258320,0.010945
2124.322475,728.000000,5.257892,-76.158733,713.210420,5.263532,76.163279,-0.008065
2124.396382,729.000000,5.265258,-76.064524,713.238158,5.272167,76.069300,-0.036216
2124.458730,730.000000,5.271474,-75.969915,713.262216,5.279489,75.974891,-0.060744
2124.456088,731.000000,5.271227,-75.873097,713.265573,5.279427,75.878104,-0.064900
2124.394380,732.000000,5.265104,-75.774279,713.250115,5.272655,75.779163,-0.050540
2124.356525,733.000000,5.261354,-75.676272,713.242254,5.268592,75.681094,-0.043657
2124.350628,734.000000,5.260783,-75.579346,713.244572,5.268161,75.584191,-0.046790
2124.371809,735.000000,5.262904,-75.483333,713.255514,5.270806,75.488271,-0.058411
2124.379495,736.000000,5.263684,-75.386863,713.262158,5.271917,75.391858,-0.065802
2124.336764,737.000000,5.259449,-75.288695,713.252741,5.267301,75.293616,-0.057387
2124.286610,738.000000,5.254476,-75.190281,713.240960,5.261842,75.195109,-0.046645
2124.251348,739.000000,5.250984,-75.092370,713.233922,5.258074,75.097144,-0.040571
2124.219949,740.000000,5.247877,-74.994590,713.228113,5.254745,74.999320,-0.035708
2124.167030,741.000000,5.242629,-74.896092,713.215450,5.248972,74.900721,-0.024098
2124.104647,742.000000,5.236441,-74.797282,713.199773,5.242124,74.801786,-0.009522
2124.064912,743.000000,5.232504,-74.699232,713.191308,5.237849,74.703670,-0.002044
2124.046464,744.000000,5.230685,-74.601894,713.189622,5.235991,74.606322,-0.001237
2124.040621,745.000000,5.230119,-74.504976,713.191950,5.235566,74.509426,-0.004380
2124.064038,746.000000,5.232463,-74.409031,713.203596,5.238464,74.413579,-0.016694
2124.124130,747.000000,5.238454,-74.314300,713.226923,5.245528,74.319043,-0.040503
2124.134428,748.000000,5.239493,-74.217912,713.234391,5.246936,74.222719,-0.048704
2123.349364,775.000000,5.161854,-71.580755,713.097171,5.164198,71.584528,0.063335
2120.882851,953.000000,4.919702,-54.289936,713.040580,4.926091,54.293825,-0.032350
2120.855705,954.000000,4.917024,-54.192499,713.035947,4.923244,54.196353,-0.028639
2120.678017,955.000000,4.899405,-54.091426,712.983396,4.903327,54.094853,0.022243
2120.529788,956.000000,4.884712,-53.991079,712.940226,4.886752,53.994156,0.063889
2120.508755,957.000000,4.882641,-53.893805,712.937536,4.884599,53.896863,0.065688
2120.494240,958.000000,4.881218,-53.796688,712.936920,4.883184,53.799745,0.065446
2120.479631,959.000000,4.879784,-53.699570,712.936273,4.881759,53.702624,0.065234
2120.479718,960.000000,4.879809,-53.602803,712.940302,4.882000,53.605894,0.060419
2120.484637,961.000000,4.880314,-53.506152,712.945868,4.882789,53.509291,0.054092
2120.477348,962.000000,4.879607,-53.409207,712.947547,4.882193,53.412363,0.051590
2120.447427,963.000000,4.876655,-53.311724,712.942022,4.879032,53.314838,0.056179
2120.475328,964.000000,4.879440,-53.215616,712.954899,4.882426,53.218839,0.042656
2120.433167,965.000000,4.875273,-53.117843,712.945476,4.877877,53.120992,0.051082
2120.412813,966.000000,4.873270,-53.020589,712.942994,4.875801,53.023721,0.052677
2120.395510,967.000000,4.871569,-52.923408,712.941480,4.874070,52.926531,0.053318
2120.356079,968.000000,4.867673,-52.825705,712.932924,4.869831,52.828761,0.060892
2120.309132,969.000000,4.863032,-52.727828,712.921976,4.864739,52.730798,0.070821
2120.282145,970.000000,4.860371,-52.630423,712.917378,4.861911,52.633359,0.074499
2120.281932,971.000000,4.860366,-52.533648,712.921299,4.862117,52.536619,0.069791
2120.311531,972.000000,4.863319,-52.437570,712.934706,4.865703,52.440654,0.055744
2120.355497,973.000000,4.867698,-52.341824,712.952684,4.870917,52.345058,0.037197
2120.322651,974.000000,4.864456,-52.244282,712.946217,4.867424,52.247466,0.042715
2120.260258,975.000000,4.858282,-52.146053,712.930346,4.860582,52.149111,0.057491
2120.202601,976.000000,4.852578,-52.047939,712.915981,4.854277,52.050882,0.070782
2120.164753,977.000000,4.848840,-51.950288,712.907920,4.850217,51.953169,0.077870
2120.147012,978.000000,4.847096,-51.853105,712.906255,4.848436,51.855976,0.078660
2120.150015,979.000000,4.847410,-51.756403,712.911190,4.849007,51.759317,0.072953
2120.176398,980.000000,4.850044,-51.660238,712.923565,4.852227,51.663257,0.059923
2120.208687,981.000000,4.853264,-51.564207,712.937818,4.856118,51.567345,0.045044
2120.237315,982.000000,4.856121,-51.468087,712.950905,4.859593,51.471336,0.031312
2120.267435,983.000000,4.859126,-51.371999,712.964467,4.863237,51.375362,0.017113
2120.282853,984.000000,4.860673,-51.275570,712.973349,4.865215,51.279009,0.007522
2120.239559,985.000000,4.856394,-51.177797,712.963544,4.860537,51.181159,0.016326
2120.176366,986.000000,4.850141,-51.079573,712.947405,4.853604,51.082806,0.031365
2120.126238,987.000000,4.845184,-50.981650,712.935423,4.848152,50.984789,0.042311
2120.094738,988.000000,4.842076,-50.884155,712.929369,4.844811,50.887247,0.047423
2120.066230,989.000000,4.839264,-50.786729,712.924265,4.841809,50.789783,0.051599
2120.031424,990.000000,4.835828,-50.689163,712.917157,4.838094,50.692161,0.057748
2119.987482,991.000000,4.831485,-50.591391,712.907140,4.833343,50.594311,0.066761
2119.941813,992.000000,4.826972,-50.493584,712.896573,4.828397,50.496421,0.076315
2119.913458,993.000000,4.824176,-50.396170,712.891515,4.825413,50.398968,0.080446
2119.920827,994.000000,4.824923,-50.299559,712.897822,4.826478,50.302413,0.073389
2119.966363,995.000000,4.829457,-50.203803,712.916273,4.831868,50.206810,0.054377
2120.021890,996.000000,4.834982,-50.108265,712.937904,4.838391,50.111453,0.032235
2120.045805,997.000000,4.837371,-50.012016,712.949475,4.841331,50.015301,0.019996
2120.015119,998.000000,4.834343,-49.914546,712.943668,4.838082,49.917788,0.024865
2119.948344,999.000000,4.827736,-49.816275,712.926375,4.830743,49.819379,0.041040
2119.866709,1000.000000,4.819655,-49.717680,712.904354,4.821720,49.720606,0.061871
2119.775526,1001.000000,4.810627,-49.618878,712.879294,4.811616,49.621603,0.085692
2119.685324,1002.000000,4.801698,-49.520106,712.854548,4.801624,49.522632,0.109206
2119.628410,1003.000000,4.796070,-49.422075,712.840392,4.795403,49.424488,0.122293
2119.639856,1004.000000,4.797222,-49.325554,712.847984,4.796929,49.328033,0.113971
2119.700568,1005.000000,4.803259,-49.230114,712.871250,4.804038,49.232786,0.090220
2119.773964,1006.000000,4.810556,-49.134946,712.898552,4.812584,49.137845,0.062495
2119.809836,1007.000000,4.814130,-49.038950,712.913914,4.816878,49.041977,0.046523
2119.789007,1008.000000,4.812081,-48.941709,712.911233,4.814746,48.944718,0.048315
2119.726847,1009.000000,4.805932,-48.843569,712.895399,4.807931,48.846451,0.063055
2119.640609,1010.000000,4.797396,-48.744908,712.871903,4.798387,48.747602,0.085338
2119.563508,1011.000000,4.789766,-48.646453,712.851314,4.789879,48.648981,0.104758
2119.533092,1012.000000,4.786767,-48.549016,712.845578,4.786662,48.551500,0.109557
2119.548922,1013.000000,4.788353,-48.452581,712.854555,4.788684,48.455142,0.099873
2119.573456,1014.000000,4.790803,-48.356331,712.866300,4.791692,48.358992,0.087463
2119.574901,1015.000000,4.790963,-48.259581,712.870697,4.792084,48.262281,0.082286
2119.566996,1016.000000,4.790195,-48.162629,712.872118,4.791417,48.165344,0.080039
2119.566268,1017.000000,4.790140,-48.065830,712.875822,4.791563,48.068579,0.075545
2119.579383,1018.000000,4.791457,-47.969327,712.883929,4.793277,47.972145,0.066716
2119.599044,1019.000000,4.793424,-47.872962,712.894119,4.795733,47.875867,0.055838
2119.598960,1020.000000,4.793432,-47.776174,712.898024,4.795952,47.779113,0.051146
2119.579727,1021.000000,4.791542,-47.678976,712.895835,4.794001,47.681901,0.052453
2119.537918,1022.000000,4.787412,-47.581300,712.886461,4.789492,47.584151,0.060833
2119.489404,1023.000000,4.782618,-47.483484,712.874954,4.784223,47.486244,0.071315
2119.364732,1024.000000,4.770271,-47.384060,712.839215,4.770325,47.386531,0.105651
2119.294801,1025.000000,4.763354,-47.285801,712.820892,4.762630,47.288126,0.122841
2119.272687,1026.000000,4.761178,-47.188556,712.817781,4.760353,47.190858,0.125056
2119.288086,1027.000000,4.762722,-47.092100,712.826603,4.762325,47.094478,0.115524
2119.332109,1028.000000,4.767103,-46.996242,712.844530,4.767540,46.998770,0.097028
2119.392373,1029.000000,4.773096,-46.900720,712.867625,4.774596,46.903441,0.073445
2119.447162,1030.000000,4.778546,-46.805078,712.888977,4.781032,46.807976,0.051577
2119.466855,1031.000000,4.780516,-46.708698,712.899162,4.783491,46.711682,0.040703
2119.446657,1032.000000,4.778530,-46.611484,712.896652,4.781430,46.614452,0.042326
2119.412919,1033.000000,4.775201,-46.513991,712.889834,4.777835,46.516906,0.048191
2119.384934,1034.000000,4.772442,-46.416618,712.884844,4.774891,46.419496,0.052256
2119.353551,1035.000000,4.769347,-46.319177,712.878772,4.771563,46.322008,0.057386
2119.305783,1036.000000,4.764627,-46.221400,712.867486,4.766378,46.224142,0.067650
2119.245594,1037.000000,4.758676,-46.123370,712.852247,4.759787,46.125990,0.081805
2119.182854,1038.000000,4.752472,-46.025291,712.836196,4.752906,46.027784,0.096759
2119.128903,1039.000000,4.747140,-45.927398,712.822941,4.747022,45.929785,0.108962
2119.104235,1040.000000,4.744711,-45.830107,712.819000,4.744454,45.832465,0.111995
2119.121625,1041.000000,4.746452,-45.733677,712.828438,4.746651,45.736115,0.101856
2119.149752,1042.000000,4.749257,-45.637463,712.841291,4.750065,45.640010,0.088355
2119.147636,1043.000000,4.749064,-45.540630,712.844521,4.750052,45.543207,0.084328
2119.111339,1044.000000,4.745482,-45.443103,712.836875,4.746167,45.445621,0.091008
2119.070853,1045.000000,4.741485,-45.345494,712.827896,4.741808,45.347941,0.099001
2119.041543,1046.000000,4.738596,-45.248113,712.822471,4.738714,45.250519,0.103495
2119.021426,1047.000000,4.736618,-45.150918,712.819969,4.736662,45.153307,0.105111
2119.001820,1048.000000,4.734692,-45.053735,712.817629,4.734668,45.056108,0.106568
2118.970654,1049.000000,4.731619,-44.956321,712.811610,4.731365,44.958648,0.111647
2118.921796,1050.000000,4.726792,-44.858554,712.799961,4.726057,44.860789,0.122267
2118.870920,1051.000000,4.721765,-44.760750,712.787671,4.720521,44.762887,0.133521
2118.835780,1052.000000,4.718299,-44.663263,712.780384,4.716768,44.665344,0.139847
2118.819601,1053.000000,4.716712,-44.566156,712.779128,4.715162,44.568230,0.140237
2118.829911,1054.000000,4.717751,-44.469575,712.786296,4.716556,44.471711,0.132333
2118.864169,1055.000000,4.721164,-44.373467,712.801081,4.720662,44.375727,0.116930
2118.910914,1056.000000,4.725814,-44.277601,712.819838,4.726183,44.280018,0.097617
2118.956435,1057.000000,4.730344,-44.181707,712.838205,4.731566,44.184277,0.078688
2118.985296,1058.000000,4.733222,-44.085479,712.851272,4.735061,44.088160,0.064977
2118.995919,1059.000000,4.734292,-43.988890,712.858534,4.736491,43.991634,0.056980
2119.001738,1060.000000,4.734886,-43.892206,712.864268,4.737376,43.894999,0.050489
2119.003164,1061.000000,4.735044,-43.795433,712.868602,4.737764,43.798265,0.045375
2118.984105,1062.000000,4.733172,-43.698260,712.866418,4.735831,43.701078,0.046678
2118.926435,1063.000000,4.727471,-43.600336,712.851948,4.729525,43.603039,0.060078
2118.845065,1064.000000,4.719422,-43.501956,712.829937,4.720533,43.504481,0.080901
2118.762449,1065.000000,4.711249,-43.403558,712.807530,4.711402,43.405903,0.102114
2118.684811,1066.000000,4.703570,-43.305262,712.786707,4.702835,43.307440,0.121768
2118.623321,1067.000000,4.697492,-43.207283,712.771020,4.696096,43.209337,0.136366
2118.600757,1068.000000,4.695273,-43.110059,712.767714,4.693767,43.112088,0.138774
2118.616961,1069.000000,4.696896,-43.013579,712.776737,4.695827,43.015686,0.129044
2118.655677,1070.000000,4.700750,-42.917529,712.792921,4.700438,42.919771,0.112264
2118.693317,1071.000000,4.704498,-42.821454,712.808761,4.704926,42.823829,0.095822
2118.708967,1072.000000,4.706066,-42.724955,712.817605,4.706924,42.727406,0.086268
2118.690227,1073.000000,4.704226,-42.627800,712.815509,4.705027,42.630236,0.087486
2118.655265,1074.000000,4.700777,-42.530337,712.808250,4.701293,42.532717,0.093786
2118.619565,1075.000000,4.697255,-42.432862,712.800755,4.697475,42.435184,0.100318
2118.588494,1076.000000,4.694193,-42.335477,712.794732,4.694181,42.337753,0.105402
2118.565261,1077.000000,4.691907,-42.238241,712.791201,4.691775,42.240492,0.108032
2118.547716,1078.000000,4.690185,-42.141113,712.789478,4.690013,42.143353,0.108882
2118.523699,1079.000000,4.687822,-42.043865,712.785695,4.687519,42.046077,0.111760
2118.566933,1080.000000,4.692124,-41.947877,712.803302,4.692640,41.950236,0.093579
2118.511216,1081.000000,4.686618,-41.850035,712.789433,4.686555,41.852285,0.106388
2118.450981,1082.000000,4.680666,-41.752114,712.774125,4.679959,41.754241,0.120612
2118.411547,1083.000000,4.676774,-41.654583,712.765433,4.675718,41.656642,0.128324
2118.405552,1084.000000,4.676197,-41.557675,712.767376,4.675264,41.559754,0.125565
2118.442238,1085.000000,4.679850,-41.461557,712.782893,4.679643,41.463766,0.109441
2118.492071,1086.000000,4.684806,-41.365678,712.802592,4.685511,41.368051,0.089201
2118.534541,1087.000000,4.689032,-41.269657,712.819948,4.690545,41.272176,0.071266
2118.491983,1088.000000,4.684831,-41.172069,712.810255,4.685950,41.174512,0.079964
2118.514336,1089.000000,4.687064,-41.075674,712.821209,4.688706,41.078210,0.068333
2118.527573,1090.000000,4.688393,-40.979110,712.829262,4.690430,40.981715,0.059558
2118.539544,1091.000000,4.689596,-40.882520,712.836911,4.692010,40.885191,0.051181
2118.532943,1092.000000,4.688959,-40.785590,712.838651,4.691487,40.788278,0.048622
2118.504897,1093.000000,4.686197,-40.688271,712.833567,4.688535,40.690920,0.052781
2118.461316,1094.000000,4.681894,-40.590671,712.823539,4.683824,40.593241,0.061808
2118.459308,1095.000000,4.681712,-40.493825,712.826736,4.683821,40.496425,0.057815
2118.373464,1096.000000,4.673221,-40.395467,712.803262,4.674324,40.397878,0.080080
2118.293684,1097.000000,4.665332,-40.297224,712.781716,4.665514,40.299463,0.100447
2118.256227,1098.000000,4.661637,-40.199747,712.773633,4.661496,40.201923,0.107560
2118.272969,1099.000000,4.663313,-40.103243,712.782788,4.663616,40.105497,0.097700
2118.326381,1100.000000,4.668624,-40.007391,712.803606,4.669888,40.009818,0.076357
2118.386539,1101.000000,4.674603,-39.911654,712.826570,4.676925,39.914273,0.052902
2118.383160,1102.000000,4.674285,-39.814782,712.829321,4.676766,39.817426,0.049348
2118.330922,1103.000000,4.669125,-39.717042,712.816527,4.671074,39.719585,0.061098
2118.271407,1104.000000,4.663244,-39.619177,712.801418,4.664558,39.621599,0.075128
2118.226347,1105.000000,4.658796,-39.521572,712.790906,4.659680,39.523911,0.084632
2118.184032,1106.000000,4.654620,-39.424017,712.781266,4.655112,39.426281,0.093277
2118.149268,1107.000000,4.651192,-39.326599,712.774027,4.651399,39.328806,0.099559
2118.131201,1108.000000,4.649419,-39.229474,712.772098,4.649577,39.231669,0.100613
2118.128388,1109.000000,4.649157,-39.132617,712.775018,4.649482,39.134839,0.096891
2118.135768,1110.000000,4.649906,-39.035936,712.781180,4.650541,39.038212,0.089979
2118.138257,1111.000000,4.650169,-38.939169,712.785785,4.651046,38.941486,0.084600
2118.126982,1112.000000,4.649069,-38.842162,712.786010,4.649993,38.844485,0.083532
2118.103781,1113.000000,4.646788,-38.744949,712.782440,4.647589,38.747245,0.086201
2118.069316,1114.000000,4.643390,-38.647543,712.775287,4.643910,38.649784,0.092399
2118.029511,1115.000000,4.639463,-38.550047,712.766433,4.639626,38.552218,0.100270
2117.997167,1116.000000,4.636275,-38.452681,712.759951,4.636187,38.454803,0.105807
2117.968933,1117.000000,4.633495,-38.355388,712.754775,4.633213,38.357470,0.110057
2117.923791,1118.000000,4.629039,-38.257807,712.744221,4.628326,38.259806,0.119603
2117.870757,1119.000000,4.623802,-38.160095,712.731155,4.622545,38.161991,0.131622
2117.862322,1120.000000,4.622983,-38.063144,712.732272,4.621812,38.065052,0.129677
2117.907498,1121.000000,4.627476,-37.967102,712.750439,4.627149,37.969162,0.110945
2117.973038,1122.000000,4.633987,-37.871399,712.775082,4.634792,37.873664,0.085836
2118.024834,1123.000000,4.639137,-37.775458,712.795354,4.640879,37.777892,0.065031
2118.030425,1124.000000,4.639708,-37.678734,712.800928,4.641735,37.681217,0.058698
2117.989334,1125.000000,4.635654,-37.581225,712.791650,4.637305,37.583636,0.066987
2117.932411,1126.000000,4.630031,-37.483455,712.777336,4.631083,37.485751,0.080236
2117.881982,1127.000000,4.625051,-37.385796,712.765086,4.625596,37.387996,0.091451
2117.854297,1128.000000,4.622326,-37.288520,712.760070,4.622684,37.290682,0.095545
2117.842136,1129.000000,4.621138,-37.191503,712.759989,4.621529,37.193667,0.094779
2117.816721,1130.000000,4.618637,-37.094266,712.755692,4.618874,37.096399,0.098165
2117.771710,1131.000000,4.614195,-36.996707,712.745160,4.614001,36.998757,0.107689
2117.718207,1132.000000,4.608912,-36.899011,712.731927,4.608166,36.900956,0.119873
2117.669323,1133.000000,4.604087,-36.801395,712.720162,4.602855,36.803247,0.130612
2117.633445,1134.000000,4.600550,-36.703995,712.712532,4.599015,36.705788,0.137280
2117.608688,1135.000000,4.598115,-36.606779,712.708437,4.596435,36.608541,0.140466
2117.591841,1136.000000,4.596463,-36.509694,712.706856,4.594750,36.511446,0.141178
2117.581189,1137.000000,4.595425,-36.412709,712.707244,4.593766,36.414468,0.139950
2117.564396,1138.000000,4.593779,-36.315625,712.705678,4.592087,36.317374,0.140648
2117.526959,1139.000000,4.590088,-36.218207,712.697545,4.588071,36.219893,0.147811
2117.479709,1140.000000,4.585425,-36.120634,712.686290,4.582944,36.122231,0.158047
2117.516358,1141.000000,4.589072,-36.024413,712.701714,4.587314,36.026139,0.142015
2117.490027,1142.000000,4.586481,-35.927177,712.697109,4.584555,35.928870,0.145705
2117.485547,1143.000000,4.586054,-35.830293,712.699451,4.584269,35.832007,0.142554
2117.524350,1144.000000,4.589915,-35.734098,712.715556,4.588882,35.735948,0.125852
2117.509777,1145.000000,4.588489,-35.637050,712.714686,4.587454,35.638896,0.125864
2117.538451,1146.000000,4.591346,-35.540689,712.727567,4.590921,35.542643,0.112336
2117.504045,1147.000000,4.587956,-35.443326,712.720386,4.587247,35.445225,0.118562
2117.482127,1148.000000,4.585802,-35.346162,712.717176,4.584988,35.348038,0.120878
2117.402708,1149.000000,4.577953,-35.248094,712.695677,4.576220,35.249797,0.141201
2117.390911,1150.000000,4.576802,-35.151093,712.695682,4.575106,35.152800,0.140351
2117.414928,1151.000000,4.579198,-35.054653,712.707075,4.578045,35.056456,0.128289
2117.420250,1152.000000,4.579742,-34.957918,712.712521,4.578868,34.959769,0.122082
2117.390729,1153.000000,4.576835,-34.860639,712.706885,4.575747,34.862447,0.126787
2117.331578,1154.000000,4.570994,-34.762902,712.691825,4.569273,34.764590,0.140770
2117.260343,1155.000000,4.563956,-34.664983,712.672922,4.561432,34.666519,0.158538
2117.205685,1156.000000,4.558560,-34.567324,712.659290,4.555467,34.568752,0.171116
2117.199441,1157.000000,4.557959,-34.470414,712.661050,4.554981,34.471860,0.168539
2117.219255,1158.000000,4.559939,-34.373904,712.671094,4.557444,34.375435,0.157804
2117.169178,1159.000000,4.554997,-34.276321,712.658914,4.551997,34.277756,0.168953
2117.109327,1160.000000,4.549087,-34.178593,712.643625,4.545445,34.179906,0.183162
2114.093050,1365.000000,4.254266,-14.292875,712.419111,4.248155,14.293016,0.231651
2114.751512,1366.000000,4.319396,-14.200171,712.631813,4.322777,14.202056,0.021327
2114.631987,1367.000000,4.307593,-14.102514,712.597239,4.309473,14.104120,0.054539
2114.534242,1368.000000,4.297944,-14.005003,712.569590,4.298631,14.006385,0.080930
2114.497953,1369.000000,4.294373,-13.907880,712.561475,4.294737,13.909200,0.088082
2114.472829,1370.000000,4.291907,-13.810829,712.556909,4.292104,13.812114,0.091740
2114.381982,1371.000000,4.282942,-13.713377,712.531450,4.282043,13.714457,0.115974
2114.320427,1372.000000,4.276873,-13.616109,712.515302,4.275294,13.617061,0.131038
2114.322051,1373.000000,4.277052,-13.519228,712.519232,4.275684,13.520215,0.126328
2114.381615,1374.000000,4.282960,-13.422692,712.541576,4.282622,13.423865,0.103482
2114.449413,1375.000000,4.289683,-13.326199,712.566537,4.290491,13.327579,0.078059
2114.466070,1376.000000,4.291349,-13.229397,712.575242,4.292580,13.230852,0.068647
2114.407289,1377.000000,4.285554,-13.132151,712.559966,4.286143,13.133485,0.082852
2114.327423,1378.000000,4.277675,-13.034787,712.537988,4.277323,13.035943,0.103659
2114.287941,1379.000000,4.273789,-12.937661,712.528844,4.273067,12.938746,0.111825
2114.300992,1380.000000,4.275098,-12.840840,712.536396,4.274749,12.841990,0.103548
2114.319535,1381.000000,4.276950,-12.744047,712.545692,4.277050,12.745276,0.093553
2114.294345,1382.000000,4.274477,-12.647005,712.541086,4.274410,12.648200,0.097250
2114.219408,1383.000000,4.267086,-12.549686,712.520668,4.266147,12.550717,0.116520
2114.119034,1384.000000,4.257180,-12.452231,712.492166,4.255011,12.453032,0.143752
2114.018050,1385.000000,4.247215,-12.354780,712.463471,4.243807,12.355349,0.171175
2113.959974,1386.000000,4.241492,-12.257572,712.448410,4.237451,12.258021,0.185169
2113.981657,1387.000000,4.243654,-12.160800,712.458693,4.240106,12.161337,0.174202
2114.055383,1388.000000,4.250960,-12.064307,712.485513,4.248642,12.065066,0.146948
2114.132104,1389.000000,4.258564,-11.967821,712.513285,4.257516,11.968811,0.118756
2114.155890,1390.000000,4.260934,-11.871048,712.524234,4.260410,11.872131,0.107134
2114.144246,1391.000000,4.259801,-11.774086,712.523920,4.259300,11.775170,0.106604
2114.133771,1392.000000,4.258784,-11.677130,712.523977,4.258321,11.678217,0.105709
2114.118668,1393.000000,4.257309,-11.580150,712.522561,4.256820,11.581229,0.106264
2114.083997,1394.000000,4.253899,-11.483070,712.514925,4.253108,11.484090,0.112946
2114.037743,1395.000000,4.249345,-11.385933,712.503606,4.248086,11.386864,0.123255
2114.009257,1396.000000,4.246547,-11.288889,712.497933,4.245073,11.289776,0.128003
2114.010142,1397.000000,4.246653,-11.191993,712.501593,4.245378,11.192914,0.123560
2114.017278,1398.000000,4.247377,-11.095127,712.507237,4.246389,11.096097,0.117162
2114.013066,1399.000000,4.246979,-10.998204,712.509274,4.246119,10.999194,0.114317
2114.004062,1400.000000,4.246107,-10.901257,712.509787,4.245306,10.902254,0.112973
2114.005519,1401.000000,4.246269,-10.804361,712.513622,4.245676,10.805392,0.108356
2114.004508,1402.000000,4.246188,-10.707451,712.516672,4.245766,10.708511,0.104514
2113.979778,1403.000000,4.243761,-10.610428,712.512182,4.243177,10.611455,0.108097
2113.940788,1404.000000,4.239925,-10.513340,712.503159,4.238976,10.514296,0.116146
2113.913428,1405.000000,4.237239,-10.416308,712.497830,4.236089,10.417224,0.120555
2113.915853,1406.000000,4.237497,-10.319415,712.501966,4.236568,10.320368,0.115643
2113.945126,1407.000000,4.240409,-10.222643,712.514632,4.240080,10.223703,0.102329
2113.985604,1408.000000,4.244430,-10.125918,712.530860,4.244858,10.127114,0.085507
2114.015873,1409.000000,4.247441,-10.029143,712.543841,4.248483,10.030448,0.071883
2114.016421,1410.000000,4.247514,-9.932233,712.547375,4.248749,9.933571,0.067564
2113.981909,1411.000000,4.244120,-9.835168,712.539764,4.245054,9.836447,0.074221
2113.949029,1412.000000,4.240888,-9.738113,712.532670,4.241543,9.739336,0.080370
2113.951484,1413.000000,4.241149,-9.641211,712.536805,4.242025,9.642471,0.075458
2113.953721,1414.000000,4.241389,-9.544307,712.540870,4.242482,9.545604,0.070616
2113.935203,1415.000000,4.239576,-9.447314,712.538336,4.240593,9.448594,0.072273
2113.915813,1416.000000,4.237678,-9.350319,712.535524,4.238606,9.351579,0.074204
2113.915131,1417.000000,4.237629,-9.253401,712.538656,4.238733,9.254690,0.070280
2113.929150,1418.000000,4.239034,-9.156543,712.546460,4.240521,9.157899,0.061755
2113.928510,1419.000000,4.238989,-9.059623,712.549603,4.240653,9.061008,0.057821
2113.883254,1420.000000,4.234533,-8.962524,712.538564,4.235743,8.963822,0.067855
2113.800859,1421.000000,4.226406,-8.865282,712.515720,4.226637,8.866395,0.089517
2113.708035,1422.000000,4.217249,-8.768004,712.489562,4.216354,8.768907,0.114442
2113.638407,1423.000000,4.210385,-8.670824,712.470775,4.208691,8.671576,0.132108
2113.616624,1424.000000,4.208251,-8.573831,712.467192,4.206434,8.574558,0.134799
2113.629146,1425.000000,4.209507,-8.476969,712.474508,4.208052,8.477759,0.126755
2113.650062,1426.000000,4.211593,-8.380137,712.484490,4.210618,8.381012,0.116085
2113.665780,1427.000000,4.213165,-8.283283,712.492819,4.212597,8.284229,0.107042
2113.684582,1428.000000,4.215042,-8.186438,712.502127,4.214925,8.187463,0.097036
2113.704885,1429.000000,4.217068,-8.089595,712.511911,4.217422,8.090704,0.086561
2113.717047,1430.000000,4.218289,-7.992721,712.519106,4.218999,7.993892,0.078636
2113.720425,1431.000000,4.218641,-7.895814,712.523508,4.219584,7.897024,0.073462
2113.715389,1432.000000,4.218162,-7.798876,712.525235,4.219218,7.800104,0.070923
2113.699715,1433.000000,4.216631,-7.701902,712.523579,4.217650,7.703119,0.071716
2113.674652,1434.000000,4.214172,-7.604896,712.518938,4.215021,7.606078,0.075449
2113.653008,1435.000000,4.212052,-7.507903,712.515382,4.212779,7.509059,0.078113
2113.635696,1436.000000,4.210359,-7.410925,712.513202,4.211026,7.412067,0.079423
2113.601396,1437.000000,4.206987,-7.313892,712.505621,4.207354,7.314975,0.086052
2113.552890,1438.000000,4.202211,-7.216815,712.493524,4.202077,7.217803,0.097128
2113.503813,1439.000000,4.197379,-7.119740,712.481244,4.196735,7.120630,0.108385
2113.532931,1440.000000,4.200276,-7.022913,712.493813,4.200227,7.023910,0.095167
2113.507771,1441.000000,4.197808,-6.925915,712.489131,4.197587,6.926877,0.098941
2113.509470,1442.000000,4.197994,-6.829001,712.492983,4.197982,6.829997,0.094309
2113.511109,1443.000000,4.198175,-6.732085,712.496815,4.198369,6.733115,0.089696
2113.491141,1444.000000,4.196220,-6.635103,712.493779,4.196316,6.636112,0.091849
2113.452164,1445.000000,4.192386,-6.538068,712.484700,4.192115,6.539006,0.099953
2113.406588,1446.000000,4.187900,-6.441015,712.473524,4.187169,6.441865,0.110124
2113.362971,1447.000000,4.183608,-6.343972,712.462968,4.182444,6.344738,0.119682
2113.326162,1448.000000,4.179989,-6.246950,712.454575,4.178488,6.247651,0.127112
2113.293883,1449.000000,4.176818,-6.149943,712.447621,4.175044,6.150590,0.133124
2113.264670,1450.000000,4.173950,-6.052946,712.441638,4.171947,6.053548,0.138179
2113.250797,1451.000000,4.172597,-5.955991,712.440529,4.170582,5.956587,0.138433
2113.255442,1452.000000,4.173075,-5.859085,712.445303,4.171308,5.859724,0.132894
2113.268100,1453.000000,4.174345,-5.762199,712.452621,4.172940,5.762900,0.124848
2113.281288,1454.000000,4.175667,-5.665311,712.460106,4.174631,5.666077,0.116638
2113.289261,1455.000000,4.176473,-5.568409,712.465933,4.175733,5.569226,0.110060
2113.294590,1456.000000,4.177019,-5.471499,712.470918,4.176537,5.472360,0.104312
2113.307750,1457.000000,4.178338,-5.374606,712.478390,4.178225,5.375531,0.096115
2113.305542,1458.000000,4.178139,-5.277674,712.480978,4.178177,5.278624,0.092728
2113.285974,1459.000000,4.176223,-5.180702,712.478047,4.176168,5.181631,0.094777
2113.264796,1460.000000,4.174149,-5.083727,712.474604,4.173977,5.084631,0.097332
2113.242263,1461.000000,4.171941,-4.986750,712.470728,4.171633,4.987626,0.100312
2113.224635,1462.000000,4.170218,-4.889785,712.468409,4.169844,4.890645,0.101758
2113.215788,1463.000000,4.169362,-4.792839,712.468880,4.169046,4.793706,0.100456
2113.212466,1464.000000,4.169053,-4.695905,712.471105,4.168871,4.696793,0.097428
2113.216547,1465.000000,4.169475,-4.598985,712.475680,4.169533,4.599914,0.092083
2113.229055,1466.000000,4.170730,-4.502080,712.482933,4.171147,4.503072,0.084102
2113.236775,1467.000000,4.171512,-4.405165,712.488662,4.172220,4.406206,0.077621
2113.219899,1468.000000,4.169863,-4.308200,712.486574,4.170515,4.309228,0.078841
2113.177743,1469.000000,4.165715,-4.211189,712.476451,4.165954,4.212137,0.087974
2113.131397,1470.000000,4.161154,-4.114172,712.464995,4.160920,4.115030,0.098421
2113.085644,1471.000000,4.156652,-4.017160,712.453727,4.155954,4.017929,0.108683
2113.033922,1472.000000,4.151560,-3.920140,712.440561,4.150313,3.920804,0.120814
2112.993962,1473.000000,4.147630,-3.823144,712.431131,4.146000,3.823734,0.129265
2112.980915,1474.000000,4.146360,-3.726195,712.430251,4.144727,3.726782,0.129294
2112.992096,1475.000000,4.147483,-3.629286,712.437068,4.146191,3.629931,0.121742
2113.013621,1476.000000,4.149629,-3.532391,712.447170,4.148822,3.533122,0.110954
2113.033068,1477.000000,4.151570,-3.435490,712.456611,4.151219,3.436302,0.100818
2113.045346,1478.000000,4.152802,-3.338576,712.463773,4.152806,3.339450,0.092926
2113.052288,1479.000000,4.153507,-3.241652,712.469238,4.153790,3.242574,0.086706
2113.047066,1480.000000,4.153010,-3.144709,712.470836,4.153401,3.145647,0.084295
2113.021823,1481.000000,4.150534,-3.047739,712.466070,4.150750,3.048642,0.088152
2112.990685,1482.000000,4.147476,-2.950762,712.459430,4.147433,2.951614,0.093855
2112.974985,1483.000000,4.145944,-2.853807,712.457694,4.145860,2.854648,0.094728
2112.977259,1484.000000,4.146187,-2.756875,712.461669,4.146317,2.757751,0.089976
2112.983493,1485.000000,4.146822,-2.659945,712.466899,4.147221,2.660868,0.083987
2112.979682,1486.000000,4.146464,-2.563003,712.468937,4.146990,2.563946,0.081142
2112.970114,1487.000000,4.145538,-2.466055,712.469144,4.146110,2.467002,0.080101
2112.966222,1488.000000,4.145172,-2.369111,712.471153,4.145870,2.370078,0.077285
2112.969882,1489.000000,4.145553,-2.272176,712.475561,4.146483,2.273182,0.072107
2112.966821,1490.000000,4.145270,-2.175232,712.477831,4.146337,2.176260,0.069033
2112.927045,1491.000000,4.141358,-2.078253,712.468433,4.142044,2.079208,0.077454
2112.854458,1492.000000,4.134205,-1.981249,712.448608,4.134046,1.982044,0.096145
2112.786049,1493.000000,4.127465,-1.884253,712.430111,4.126520,1.884900,0.113528
2112.744546,1494.000000,4.123383,-1.787283,712.420161,4.122033,1.787852,0.122492
2112.743508,1495.000000,4.123300,-1.690347,712.423067,4.122115,1.690943,0.118793
2112.767516,1496.000000,4.125691,-1.593427,712.433929,4.125025,1.594115,0.107257
2112.782208,1497.000000,4.127161,-1.496499,712.441830,4.126883,1.497255,0.098637
2112.777927,1498.000000,4.126757,-1.399556,712.443701,4.126599,1.400331,0.095957
2112.755520,1499.000000,4.124562,-1.302602,712.439811,4.124268,1.303348,0.098952
2112.708921,1500.000000,4.119978,-1.205637,712.428234,4.119205,1.206291,0.109519
2112.644814,1501.000000,4.113663,-1.108666,712.411092,4.112165,1.109183,0.125567
2112.597673,1502.000000,4.109025,-1.011707,712.399341,4.107041,1.012131,0.136306
2112.593183,1503.000000,4.108600,-0.914768,712.401138,4.106733,0.915211,0.133699
2112.636961,1504.000000,4.112944,-0.817847,712.418270,4.111875,0.818433,0.115987
2112.691144,1505.000000,4.118316,-0.720924,712.438707,4.118192,0.721681,0.095020
2112.696221,1506.000000,4.118837,-0.623982,712.443540,4.118964,0.624782,0.089423
2112.634267,1507.000000,4.112735,-0.527023,712.427073,4.112167,0.527691,0.104806
2112.555801,1508.000000,4.105003,-0.430066,712.405360,4.103505,0.430559,0.125357
2112.522898,1509.000000,4.101771,-0.333121,712.398122,4.099988,0.333558,0.131651
2112.544226,1510.000000,4.103897,-0.236183,712.408112,4.102595,0.236705,0.120974
2112.595227,1511.000000,4.108954,-0.139245,712.427529,4.108552,0.139929,0.101011
2112.632130,1512.000000,4.112619,-0.042301,712.442466,4.112918,0.043111,0.085461
2112.608879,1513.000000,4.110341,0.054646,712.438288,4.110490,-0.053867,0.088740
2112.520453,1514.000000,4.101625,0.151587,712.413401,4.100704,-0.151008,0.112417
2112.491264,1515.000000,4.098760,0.248528,712.407334,4.097606,-0.247996,0.117557
2112.434616,1516.000000,4.093184,0.345463,712.392543,4.091408,-0.345049,0.131291
2112.427058,1517.000000,4.092456,0.442404,712.393346,4.090753,-0.441980,0.129664
2112.445121,1518.000000,4.094260,0.539351,712.402287,4.092991,-0.538850,0.120020
2112.475327,1519.000000,4.097263,0.636304,712.415085,4.096599,-0.635696,0.106577
2112.515287,1520.000000,4.101229,0.733264,712.430981,4.101309,-0.732522,0.090082
2112.478259,1521.000000,4.097590,0.830200,712.422415,4.097326,-0.829525,0.097684
2112.511590,1522.000000,4.100902,0.927162,712.436203,4.101287,-0.926371,0.083266
2112.504805,1523.000000,4.100251,1.024110,712.437243,4.100719,-1.023307,0.081405
2112.540378,1524.000000,4.103785,1.121080,712.451741,4.104933,-1.120155,0.066288
2112.497938,1525.000000,4.099611,1.218011,712.441449,4.100339,-1.217167,0.075590
2112.474611,1526.000000,4.097326,1.314950,712.437229,4.097902,-1.314138,0.078910
2112.459025,1527.000000,4.095805,1.411894,712.435467,4.096340,-1.411092,0.079810
2112.436384,1528.000000,4.093588,1.508832,712.431462,4.093981,-1.508060,0.082919
2112.396342,1529.000000,4.089652,1.605757,712.421927,4.089657,-1.605060,0.091475
2112.342876,1530.000000,4.084389,1.702668,712.408125,4.083818,-1.702081,0.104234
2112.301230,1531.000000,4.080295,1.799586,712.398079,4.079313,-1.799078,0.113295
2112.309147,1532.000000,4.081096,1.896543,712.403777,4.080404,-1.895985,0.106845
2112.375316,1533.000000,4.087652,1.993553,712.427982,4.088072,-1.992794,0.082166
2112.413855,1534.000000,4.091478,2.090545,712.443407,4.092621,-2.089656,0.066135
2112.366495,1535.000000,4.086819,2.187456,712.431538,4.087471,-2.186661,0.076990
2112.278562,1536.000000,4.078152,2.284323,712.406778,4.077740,-2.283727,0.100545
2112.205192,1537.000000,4.070924,2.381199,712.386644,4.069653,-2.380765,0.119543
2112.184687,1538.000000,4.068918,2.478128,712.383304,4.067535,-2.477718,0.121997
2112.211438,1539.000000,4.071580,2.575110,712.394976,4.070752,-2.574601,0.109663
2112.239618,1540.000000,4.074382,2.672097,712.407100,4.074130,-2.671486,0.096884
2112.247859,1541.000000,4.075215,2.769063,712.412889,4.075257,-2.768401,0.090346
2112.251693,1542.000000,4.075614,2.866025,712.417276,4.075887,-2.865324,0.085188
2112.270004,1543.000000,4.077442,2.963008,712.426262,4.078151,-2.962230,0.075501
2112.305537,1544.000000,4.080971,3.060016,712.440718,4.082359,-3.059117,0.060424
2112.332196,1545.000000,4.083624,3.157016,712.452354,4.085566,-3.156018,0.048126
2112.319951,1546.000000,4.082433,3.253962,712.451627,4.084380,-3.252967,0.048006
2112.268567,1547.000000,4.077377,3.350850,712.438462,4.078775,-3.349960,0.060139
2112.210129,1548.000000,4.071624,3.447724,712.423056,4.072373,-3.446956,0.074480
2112.178990,1549.000000,4.068568,3.544636,712.416321,4.069054,-3.543920,0.080278
2112.174973,1550.000000,4.068190,3.641591,712.418203,4.068797,-3.640857,0.077588
2112.169943,1551.000000,4.067713,3.738545,712.419761,4.068425,-3.737794,0.075218
2112.153984,1552.000000,4.066156,3.835480,712.417846,4.066819,-3.834742,0.076269
2112.137813,1553.000000,4.064578,3.932415,712.415862,4.065190,-3.931690,0.077388
2112.122113,1554.000000,4.063046,4.029350,712.414026,4.063613,-4.028637,0.078360
2112.098001,1555.000000,4.060684,4.126269,712.409516,4.061087,-4.125589,0.081967
2112.065406,1556.000000,4.057484,4.223171,712.402310,4.057603,-4.222547,0.088231
2112.037552,1557.000000,4.054753,4.320080,712.396609,4.054655,-4.319500,0.093011
2112.029689,1558.000000,4.053996,4.417027,712.397257,4.053963,-4.416438,0.091537
2112.048232,1559.000000,4.055846,4.514028,712.406293,4.056252,-4.513361,0.081800
2112.085092,1560.000000,4.059506,4.611068,712.421148,4.060609,-4.610277,0.066331
2112.121877,1561.000000,4.063159,4.708113,712.435978,4.064957,-4.707197,0.050886
2112.136046,1562.000000,4.064578,4.805113,712.443621,4.066753,-4.804132,0.042521
2112.122538,1563.000000,4.063263,4.902055,712.442469,4.065423,-4.901080,0.042821
2112.093191,1564.000000,4.060384,4.998961,712.436283,4.062305,-4.998033,0.048079
2112.054968,1565.000000,4.056628,5.095846,712.427276,4.058185,-5.094988,0.056117
2112.009905,1566.000000,4.052197,5.192712,712.416094,4.053294,-5.191943,0.066297
2111.968975,1567.000000,4.048174,5.289585,712.406224,4.048868,-5.288893,0.075184
2111.952098,1568.000000,4.046527,5.386513,712.403995,4.047158,-5.385836,0.076545
2111.949222,1569.000000,4.046262,5.483475,712.406212,4.047029,-5.482777,0.073525
2111.957893,1570.000000,4.047138,5.580466,712.412097,4.048203,-5.579716,0.066892
2112.005053,1571.000000,4.051815,5.677557,712.430210,4.053722,-5.676655,0.048214
2112.058726,1572.000000,4.057136,5.774669,712.450391,4.059977,-5.773599,0.027498
2045.892659,1600.000000,-2.291072,8.246777,692.101376,-3.192042,-8.412172,20.050975
2046.081784,1601.000000,-2.273454,8.341680,692.161068,-3.171734,-8.506583,19.991358
2046.170430,1602.000000,-2.265200,8.436232,692.190602,-3.162131,-8.600890,19.961452
2046.189040,1603.000000,-2.263474,8.530532,692.199108,-3.159992,-8.695118,19.952260
2046.195977,1604.000000,-2.262837,8.624792,692.204109,-3.159097,-8.789333,19.946522
2046.177216,1605.000000,-2.264595,8.718955,692.201393,-3.160940,-8.883516,19.948387
2046.156507,1606.000000,-2.266534,8.813111,692.198091,-3.162991,-8.977695,19.950829
2046.163483,1607.000000,-2.265893,8.907373,692.203100,-3.162092,-9.071913,19.945083
2046.191730,1608.000000,-2.263269,9.001719,692.214494,-3.158925,-9.166162,19.933047
2046.220557,1609.000000,-2.260590,9.096070,692.226061,-3.155697,-9.260416,19.920840
2046.220514,1610.000000,-2.260603,9.190310,692.228959,-3.155546,-9.354629,19.917174
2046.174910,1611.000000,-2.264864,9.284367,692.218175,-3.160250,-9.448771,19.926987
2046.114633,1612.000000,-2.270492,9.378362,692.202985,-3.166519,-9.542887,19.941140
2046.085830,1613.000000,-2.273186,9.472482,692.197244,-3.169433,-9.637051,19.945985
2046.106180,1614.000000,-2.271298,9.566804,692.206260,-3.167108,-9.731296,19.936293
2046.144012,1615.000000,-2.267781,9.661202,692.220522,-3.162921,-9.825574,19.921431
2046.154527,1616.000000,-2.266809,9.755488,692.226582,-3.161645,-9.919808,19.914649
2046.139502,1617.000000,-2.268219,9.849668,692.224973,-3.163090,-10.013997,19.915424
2046.118891,1618.000000,-2.270149,9.943822,692.221684,-3.165132,-10.108175,19.917853
2046.096452,1619.000000,-2.272250,10.037968,692.217846,-3.167368,-10.202350,19.920824
2046.060362,1620.000000,-2.275624,10.132053,692.209907,-3.171059,-10.296496,19.927833
2046.021462,1621.000000,-2.279259,10.226123,692.201124,-3.175049,-10.390635,19.935676
2046.012133,1622.000000,-2.280137,10.320323,692.201218,-3.175888,-10.484832,19.934772
2046.020402,1623.000000,-2.279375,10.414603,692.206595,-3.174852,-10.579065,19.928665
2046.014664,1624.000000,-2.279919,10.508821,692.207764,-3.175308,-10.673270,19.926701
2045.998781,1625.000000,-2.281409,10.602993,692.205887,-3.176846,-10.767453,19.927741
2045.985777,1626.000000,-2.282630,10.697177,692.204872,-3.178076,-10.861643,19.927929
2045.967823,1627.000000,-2.284312,10.791338,692.202370,-3.179835,-10.955821,19.929583
2045.931171,1628.000000,-2.287738,10.885410,692.194253,-3.183586,-11.049956,19.936769
2045.893684,1629.000000,-2.291241,10.979476,692.185885,-3.187425,-11.144088,19.944203
2045.873867,1630.000000,-2.293097,11.073625,692.182820,-3.189382,-11.238258,19.946412
2045.877654,1631.000000,-2.292753,11.167887,692.186840,-3.188824,-11.332484,19.941641
2045.911034,1632.000000,-2.289650,11.262295,692.199743,-3.185112,-11.426784,19.928118
2045.967829,1633.000000,-2.284365,11.356822,692.219676,-3.178905,-11.521144,19.907669
2046.013050,1634.000000,-2.280158,11.451297,692.236134,-3.173931,-11.615481,19.890645
2045.992601,1635.000000,-2.282074,11.545447,692.232872,-3.175956,-11.709655,19.893047
2045.915798,1636.000000,-2.289242,11.639313,692.212689,-3.183986,-11.803683,19.912121
2045.844186,1637.000000,-2.295926,11.733199,692.194064,-3.191463,-11.897718,19.929660
2045.811975,1638.000000,-2.298937,11.827282,692.187268,-3.194741,-11.991854,19.935545
2045.823528,1639.000000,-2.297869,11.921590,692.193609,-3.193356,-12.086107,19.928487
2045.854715,1640.000000,-2.294971,12.016003,692.205844,-3.189878,-12.180416,19.915622
2045.863683,1641.000000,-2.294144,12.110301,692.211407,-3.188768,-12.274666,19.909331
2045.836781,1642.000000,-2.296660,12.204412,692.206200,-3.191481,-12.368816,19.913651
2045.799562,1643.000000,-2.300138,12.298466,692.197893,-3.195293,-12.462935,19.921024
2045.776479,1644.000000,-2.302298,12.392594,692.193830,-3.197598,-12.557093,19.924217
2045.770872,1645.000000,-2.302830,12.486816,692.195012,-3.198042,-12.651302,19.922242
2045.773770,1646.000000,-2.302568,12.581084,692.198746,-3.197579,-12.745537,19.917753
2045.780811,1647.000000,-2.301921,12.675377,692.203723,-3.196675,-12.839785,19.912039
2045.785181,1648.000000,-2.301522,12.769656,692.207896,-3.196055,-12.934027,19.907117
2045.768496,1649.000000,-2.303086,12.863818,692.205747,-3.197679,-13.028204,19.908424
2045.718607,1650.000000,-2.307745,12.957794,692.193628,-3.202841,-13.122276,19.919554
2045.652001,1651.000000,-2.313962,13.051672,692.176489,-3.209785,-13.216291,19.935629
2045.603078,1652.000000,-2.318530,13.145646,692.164658,-3.214844,-13.310358,19.946475
2045.582938,1653.000000,-2.320416,13.239782,692.161467,-3.216836,-13.404517,19.948809
2045.566680,1654.000000,-2.321940,13.333940,692.159440,-3.218414,-13.498689,19.949995
2045.535246,1655.000000,-2.324878,13.428008,692.152856,-3.221610,-13.592808,19.955672
2045.562711,1656.000000,-2.322327,13.522421,692.163952,-3.218530,-13.687127,19.943930
2045.547029,1657.000000,-2.323797,13.616582,692.162094,-3.220048,-13.781300,19.944950
2045.544520,1658.000000,-2.324040,13.710821,692.164189,-3.220162,-13.875519,19.942075
2045.544048,1659.000000,-2.324092,13.805073,692.166895,-3.220059,-13.969745,19.938600
2045.540945,1660.000000,-2.324390,13.899310,692.168809,-3.220236,-14.063963,19.935904
2045.533469,1661.000000,-2.325096,13.993521,692.169409,-3.220879,-14.158166,19.934502
2045.538505,1662.000000,-2.324635,14.087808,692.173765,-3.220190,-14.252415,19.929401
2045.553631,1663.000000,-2.323234,14.182159,692.181148,-3.218425,-14.346702,19.921316
2045.554754,1664.000000,-2.323138,14.276425,692.184326,-3.218152,-14.440939,19.917375
2045.522090,1665.000000,-2.326191,14.370482,692.177360,-3.221479,-14.535050,19.923429
2045.466617,1666.000000,-2.331369,14.464394,692.163545,-3.227237,-14.629071,19.936229
2045.435404,1667.000000,-2.334287,14.558455,692.157012,-3.230409,-14.723183,19.941856
2045.456765,1668.000000,-2.332305,14.652848,692.166260,-3.227980,-14.817498,19.931934
2045.474545,1669.000000,-2.330656,14.747222,692.174432,-3.225933,-14.911801,19.923073
2045.430404,1670.000000,-2.334778,14.841199,692.164014,-3.230483,-15.005860,19.932527
2045.373012,1671.000000,-2.340135,14.935087,692.149618,-3.236445,-15.099864,19.945901
2045.362090,1672.000000,-2.341162,15.029275,692.149170,-3.237456,-15.194052,19.945533
2045.388607,1673.000000,-2.338699,15.123708,692.159959,-3.234478,-15.288393,19.934092
2045.422420,1674.000000,-2.335557,15.218193,692.172938,-3.230723,-15.382768,19.920495
2045.461541,1675.000000,-2.331920,15.312716,692.187510,-3.226403,-15.477169,19.905328
2045.510844,1676.000000,-2.327333,15.407311,692.205138,-3.220997,-15.571617,19.887150
2045.544986,1677.000000,-2.324160,15.501810,692.218214,-3.217206,-15.666005,19.873458
2045.529561,1678.000000,-2.325606,15.595977,692.216406,-3.218697,-15.760184,19.874429
2045.462286,1679.000000,-2.331884,15.689790,692.199030,-3.225713,-15.854136,19.890739
2045.379421,1680.000000,-2.339615,15.783492,692.176973,-3.234390,-15.948016,19.911660
2045.315974,1681.000000,-2.345536,15.877322,692.160746,-3.240997,-16.041975,19.926839
2045.286195,1682.000000,-2.348320,15.971381,692.154624,-3.244017,-16.136081,19.932060
2045.293560,1683.000000,-2.347642,16.065697,692.159652,-3.243080,-16.230353,19.926297
2045.326879,1684.000000,-2.344545,16.160196,692.172470,-3.239379,-16.324744,19.912858
2045.363959,1685.000000,-2.341099,16.254726,692.186416,-3.235276,-16.419157,19.898308
2045.377840,1686.000000,-2.339813,16.349095,692.193397,-3.233645,-16.513465,19.890620
2045.358299,1687.000000,-2.341643,16.443228,692.190342,-3.235575,-16.607620,19.892820
2045.319543,1688.000000,-2.345263,16.537222,692.181518,-3.239552,-16.701683,19.900705
2045.278228,1689.000000,-2.349121,16.631195,692.171924,-3.243802,-16.795732,19.909347
2045.239230,1690.000000,-2.352764,16.725183,692.163025,-3.247805,-16.889789,19.917306
2045.205345,1691.000000,-2.355930,16.819205,692.155660,-3.251263,-16.983869,19.923753
2045.198791,1692.000000,-2.356549,16.913426,692.156498,-3.251809,-17.078080,19.922118
2045.150093,1693.000000,-2.361095,17.007337,692.144683,-3.256845,-17.172084,19.932948
2109.088552,1778.000000,3.768161,25.737063,712.122234,3.763914,-25.738010,0.179158
2109.193772,1779.000000,3.778558,25.835311,712.158485,3.775960,-25.835959,0.142606
2109.379753,1780.000000,3.796921,25.934504,712.220381,3.797112,-25.934641,0.080785
2109.517643,1781.000000,3.810544,26.033155,712.267015,3.812845,-26.032908,0.034003
2109.517866,1782.000000,3.810587,26.130215,712.269931,3.813054,-26.129941,0.030298
2109.498070,1783.000000,3.808655,26.227042,712.266489,3.811006,-26.226792,0.032859
2109.500706,1784.000000,3.808936,26.324131,712.270169,3.811487,-26.323848,0.028401
2109.510216,1785.000000,3.809895,26.421302,712.276031,3.812743,-26.420968,0.021794
2109.479119,1786.000000,3.806849,26.517995,712.268996,3.809420,-26.517715,0.027894
2109.424214,1787.000000,3.801454,26.614403,712.254400,3.803412,-26.614240,0.041446
2109.390490,1788.000000,3.798148,26.711060,712.246529,3.799793,-26.710958,0.048370
2109.382580,1789.000000,3.797389,26.808024,712.246853,3.799085,-26.807915,0.047219
2109.380966,1790.000000,3.797251,26.905063,712.249176,3.799086,-26.904933,0.044099
2109.356354,1791.000000,3.794844,27.001826,712.244195,3.796494,-27.001733,0.048177
2109.312242,1792.000000,3.790514,27.098352,712.233020,3.791704,-27.098348,0.058356
2109.282669,1793.000000,3.787618,27.195052,712.226461,3.788553,-27.195098,0.063988
2109.298594,1794.000000,3.789210,27.292304,712.234348,3.790532,-27.292282,0.055386
2109.346155,1795.000000,3.793922,27.389944,712.252279,3.796078,-27.389772,0.036886
2109.377390,1796.000000,3.797025,27.487390,712.265026,3.799783,-27.487110,0.023494
2109.350523,1797.000000,3.794395,27.584124,712.259320,3.796937,-27.583888,0.028285
2109.279343,1798.000000,3.787396,27.680310,712.239543,3.789094,-27.680232,0.046943
2109.231604,1799.000000,3.782708,27.776781,712.227207,3.783894,-27.776801,0.058267
2109.199528,1800.000000,3.779566,27.873443,712.219845,3.780461,-27.873520,0.064691
2109.165746,1801.000000,3.776255,27.970083,712.211939,3.776835,-27.970221,0.071650
2109.154520,1802.000000,3.775169,28.067002,712.211195,3.775752,-28.067144,0.071552
2109.191090,1803.000000,3.778797,28.164522,712.225625,3.780058,-28.164542,0.056502
2109.262212,1804.000000,3.785833,28.262482,712.251026,3.788260,-28.262291,0.030641
2109.315508,1805.000000,3.791111,28.360223,712.270767,3.794452,-28.359867,0.010358
2109.304581,1806.000000,3.790054,28.457155,712.270112,3.793403,-28.456801,0.010172
2109.236549,1807.000000,3.783365,28.553359,712.251322,3.785915,-28.553156,0.027857
2109.157694,1808.000000,3.775609,28.649420,712.229094,3.777206,-28.649396,0.048929
2109.091161,1809.000000,3.769068,28.745633,712.210779,3.769887,-28.745755,0.066145
2109.026517,1810.000000,3.762714,28.841866,712.193064,3.762782,-28.842130,0.082771
2108.966841,1811.000000,3.756850,28.938158,712.176925,3.756237,-28.938551,0.097843
2108.925778,1812.000000,3.752822,29.034687,712.166695,3.751790,-29.035160,0.107093
2108.904338,1813.000000,3.750729,29.131468,712.162694,3.749555,-29.131971,0.110205
2108.902719,1814.000000,3.750591,29.228507,712.164984,3.749555,-29.228988,0.107118
2108.922948,1815.000000,3.752607,29.325832,712.174209,3.752018,-29.326234,0.097197
2108.957757,1816.000000,3.756060,29.423351,712.188062,3.756124,-29.423637,0.082715
2108.995569,1817.000000,3.759810,29.520914,712.202868,3.760569,-29.521075,0.067295
2109.013159,1818.000000,3.761566,29.618214,712.211252,3.762734,-29.618303,0.058202
2108.992795,1819.000000,3.759579,29.715013,712.207584,3.760620,-29.715129,0.060986
2108.962579,1820.000000,3.756621,29.811680,712.200787,3.757395,-29.811848,0.066854
2108.961060,1821.000000,3.756492,29.908728,712.203100,3.757406,-29.908874,0.063744
2108.996058,1822.000000,3.759965,30.006266,712.217007,3.761534,-30.006295,0.049209
2109.029571,1823.000000,3.763291,30.103788,712.230441,3.765494,-30.103704,0.035141
2109.021888,1824.000000,3.762555,30.200759,712.230793,3.764810,-30.200669,0.033963
2108.967546,1825.000000,3.757217,30.297099,712.216329,3.758865,-30.297124,0.047386
2108.913944,1826.000000,3.751952,30.393446,712.202098,3.753004,-30.393584,0.060578
2108.913654,1827.000000,3.751945,30.490514,712.204794,3.753152,-30.490627,0.057091
2108.951218,1828.000000,3.755670,30.588100,712.219507,3.757569,-30.588089,0.041762
2108.987316,1829.000000,3.759252,30.685669,712.233755,3.761820,-30.685538,0.026892
2109.006868,1830.000000,3.761201,30.783015,712.242747,3.764206,-30.782808,0.017200
2109.006316,1831.000000,3.761168,30.880088,712.245355,3.764326,-30.879855,0.013800
2108.975386,1832.000000,3.758139,30.976741,712.238315,3.761020,-30.976563,0.019907
2108.910174,1833.000000,3.751730,31.072917,712.220389,3.753849,-31.072882,0.036741
2108.837715,1834.000000,3.744605,31.168988,712.200160,3.745862,-31.169116,0.055844
2108.788041,1835.000000,3.739728,31.265371,712.187166,3.740443,-31.265602,0.067818
2108.766385,1836.000000,3.737614,31.362143,712.183067,3.738183,-31.362404,0.071027
2108.749618,1837.000000,3.735982,31.458982,712.180518,3.736474,-31.459261,0.072708
2108.729148,1838.000000,3.733985,31.555769,712.176793,3.734348,-31.556075,0.075549
2108.726769,1839.000000,3.733772,31.652810,712.178810,3.734261,-31.653097,0.072731
2108.742473,1840.000000,3.735342,31.750108,712.186566,3.736212,-31.750328,0.064258
2108.755538,1841.000000,3.736652,31.847371,712.193484,3.737866,-31.847531,0.056611
2108.744890,1842.000000,3.735623,31.944298,712.192871,3.736846,-31.944460,0.056384
2108.697851,1843.000000,3.731006,32.040705,712.180704,3.731724,-32.040963,0.067544
2108.609040,1844.000000,3.722271,32.136510,712.155274,3.721894,-32.136973,0.091773
2108.522994,1845.000000,3.713809,32.232348,712.130723,3.712377,-32.233009,0.115136
2108.438552,1846.000000,3.705506,32.328203,712.106681,3.703040,-32.329057,0.137998
2108.453696,1847.000000,3.707020,32.425492,712.114249,3.704928,-32.426280,0.129710
2108.523333,1848.000000,3.713906,32.523573,712.139115,3.712957,-32.524155,0.104376
2108.546057,1849.000000,3.716168,32.620978,712.149087,3.715698,-32.621476,0.093719
2108.555438,1850.000000,3.717114,32.718192,712.154823,3.716936,-32.718639,0.087237
2108.557054,1851.000000,3.717295,32.815294,712.158092,3.717299,-32.815711,0.083185
2108.571323,1852.000000,3.718723,32.912583,712.165378,3.719087,-32.912937,0.075175
2108.570944,1853.000000,3.718707,33.009658,712.168011,3.719225,-33.009987,0.071750
2108.545202,1854.000000,3.716191,33.106359,712.162591,3.716504,-33.106730,0.076261
2108.544479,1855.000000,3.716141,33.203430,712.165113,3.716602,-33.203776,0.072946
2108.519923,1856.000000,3.713741,33.300147,712.160067,3.714015,-33.300532,0.077089
2108.526259,1857.000000,3.714388,33.397324,712.164827,3.714909,-33.397666,0.071568
2108.513506,1858.000000,3.713152,33.494217,712.163526,3.713651,-33.494566,0.072020
2108.534890,1859.000000,3.715282,33.591621,712.173061,3.716242,-33.591889,0.061794
2108.563896,1860.000000,3.718163,33.689142,712.185015,3.719691,-33.689309,0.049184
2108.494688,1861.000000,3.711361,33.785187,712.165786,3.712070,-33.785508,0.067303
2108.517463,1862.000000,3.713628,33.882616,712.175759,3.714817,-33.882853,0.056646
2108.428624,1863.000000,3.704891,33.978358,712.150296,3.704984,-33.978799,0.080908
2108.359339,1864.000000,3.698082,34.074389,712.131041,3.697355,-34.074985,0.099053
2108.336528,1865.000000,3.695854,34.171124,712.126538,3.694964,-34.171754,0.102661
2108.345775,1866.000000,3.696788,34.268347,712.132210,3.696185,-34.268928,0.096241
2108.346290,1867.000000,3.696860,34.365439,712.135109,3.696423,-34.365992,0.092555
2108.312645,1868.000000,3.693565,34.462006,712.127163,3.692810,-34.462621,0.099556
2108.252891,1869.000000,3.687696,34.558169,712.110928,3.686256,-34.558914,0.114725
2108.200787,1870.000000,3.682581,34.654446,712.097121,3.680564,-34.655301,0.127501
2108.193256,1871.000000,3.681860,34.751411,712.097460,3.679894,-34.752259,0.126337
2108.208636,1872.000000,3.683398,34.848731,712.105070,3.681807,-34.849514,0.118008
2108.205805,1873.000000,3.683140,34.945770,712.106899,3.681667,-34.946535,0.115376
2108.179844,1874.000000,3.680603,35.042448,712.101385,3.678920,-35.043255,0.119980
2108.156278,1875.000000,3.678301,35.139163,712.096629,3.676444,-35.140005,0.123837
2108.177249,1876.000000,3.680390,35.236576,712.106010,3.678986,-35.237338,0.113764
2108.246722,1877.000000,3.687260,35.334756,712.130785,3.686994,-35.335312,0.088519
2108.313037,1878.000000,3.693819,35.432893,712.154557,3.694647,-35.433251,0.064263
2108.331039,1879.000000,3.695616,35.530271,712.162992,3.696855,-35.530557,0.055121
2108.293404,1880.000000,3.691927,35.626768,712.153763,3.692792,-35.627126,0.063386
2108.223628,1881.000000,3.685070,35.722750,712.134330,3.685107,-35.723264,0.081707
2108.154448,1882.000000,3.678272,35.818737,712.115085,3.677490,-35.819405,0.099843
2108.120712,1883.000000,3.674968,35.915286,712.107092,3.673867,-35.916017,0.106891
2108.130508,1884.000000,3.675956,36.012533,712.112914,3.675149,-36.013213,0.100324
2108.170516,1885.000000,3.679921,36.110268,712.128325,3.679837,-36.110818,0.084307
2108.229625,1886.000000,3.685769,36.208315,712.149800,3.686677,-36.208687,0.062315
2108.275696,1887.000000,3.690333,36.306158,712.167135,3.692048,-36.306384,0.044402
2108.275036,1888.000000,3.690290,36.403247,712.169634,3.692152,-36.403449,0.041110
2108.243934,1889.000000,3.687245,36.499841,712.162467,3.688825,-36.500099,0.047343
2108.215129,1890.000000,3.684427,36.596471,712.156028,3.685757,-36.596778,0.052859
2108.204800,1891.000000,3.683431,36.693401,712.155453,3.684771,-36.693710,0.052596
2108.190893,1892.000000,3.682082,36.790273,712.153741,3.683382,-36.790593,0.053454
2108.149436,1893.000000,3.678017,36.886692,712.143282,3.678888,-36.887094,0.062932
2108.076315,1894.000000,3.670830,36.982585,712.122770,3.670826,-36.983152,0.082317
2107.992772,1895.000000,3.662618,37.078301,712.098951,3.661590,-37.079059,0.104961
2107.934473,1896.000000,3.656893,37.174429,712.083144,3.655199,-37.175313,0.119710
2107.928836,1897.000000,3.656359,37.271428,712.084050,3.654742,-37.272302,0.117987
2107.959814,1898.000000,3.659434,37.369038,712.096577,3.658410,-37.369806,0.104813
2107.991581,1899.000000,3.662587,37.466664,712.109354,3.662168,-37.467325,0.091392
2108.016711,1900.000000,3.665086,37.564183,712.120022,3.665177,-37.564753,0.080049
2108.037783,1901.000000,3.667185,37.661637,712.129402,3.667730,-37.662127,0.069976
2108.046254,1902.000000,3.668042,37.758882,712.134781,3.668862,-37.759324,0.063846
2108.034701,1903.000000,3.666925,37.855790,712.133802,3.667738,-37.856237,0.063982
2108.016336,1904.000000,3.665136,37.952583,712.130659,3.665846,-37.953052,0.066250
2108.003447,1905.000000,3.663887,38.049468,712.129253,3.664571,-38.049945,0.066807
2108.002789,1906.000000,3.663844,38.146560,712.131728,3.664675,-38.147015,0.063538
2108.012958,1907.000000,3.664869,38.243839,712.137639,3.665998,-38.244241,0.056884
2108.019958,1908.000000,3.665581,38.341064,712.142543,3.666965,-38.341424,0.051222
2108.017121,1909.000000,3.665323,38.438123,712.144323,3.666822,-38.438465,0.048639
2108.009698,1910.000000,3.664613,38.535104,712.144645,3.666163,-38.535439,0.047492
2107.999390,1911.000000,3.663619,38.632035,712.144051,3.665179,-38.632372,0.047249
2107.980241,1912.000000,3.661753,38.728813,712.140648,3.663198,-38.729175,0.049773
2107.951384,1913.000000,3.658931,38.825423,712.134163,3.660124,-38.825835,0.055335
2107.923136,1914.000000,3.656168,38.922042,712.127870,3.657118,-38.922501,0.060708
2107.897779,1915.000000,3.653691,39.018709,712.122493,3.654437,-39.019210,0.065178
2107.863476,1916.000000,3.650332,39.115219,712.114275,3.650749,-39.115784,0.072448
2107.813689,1917.000000,3.645446,39.211456,712.101141,3.645316,-39.212125,0.084562
2107.756311,1918.000000,3.639813,39.307557,712.085597,3.639028,-39.308350,0.099052
2107.693495,1919.000000,3.633644,39.403558,712.068327,3.632127,-39.404489,0.115244
2107.622678,1920.000000,3.626688,39.499414,712.048517,3.624325,-39.500504,0.133938
2107.571934,1921.000000,3.621709,39.595619,712.035077,3.618785,-39.596816,0.146355
2107.584904,1922.000000,3.623009,39.692948,712.041855,3.620423,-39.694086,0.138846
2107.659976,1923.000000,3.630429,39.791381,712.068342,3.629057,-39.792299,0.111914
2107.743463,1924.000000,3.638679,39.889972,712.097500,3.638640,-39.890648,0.082349
2107.787367,1925.000000,3.643028,39.987864,712.114094,3.643764,-39.988401,0.065166
2107.780923,1926.000000,3.642414,40.084862,712.114707,3.643214,-40.085390,0.063734
2107.739050,1927.000000,3.638309,40.181225,712.104072,3.638673,-40.181837,0.073387
2107.673806,1928.000000,3.631901,40.277165,712.086018,3.631498,-40.277922,0.090350
2107.626703,1929.000000,3.627281,40.373427,712.073721,3.626367,-40.374282,0.101640
2107.620281,1930.000000,3.626670,40.470421,712.074335,3.625820,-40.471267,0.100207
2107.630473,1931.000000,3.627697,40.567715,712.080220,3.627144,-40.568510,0.093578
2107.637384,1932.000000,3.628400,40.664951,712.085063,3.628099,-40.665703,0.087977
2107.638304,1933.000000,3.628512,40.762081,712.088003,3.628379,-40.762805,0.084251
2107.643786,1934.000000,3.629075,40.859294,712.092390,3.629173,-40.859979,0.079099
2107.667138,1935.000000,3.631398,40.956835,712.102447,3.631980,-40.957434,0.068358
2107.708305,1936.000000,3.635477,41.054705,712.118159,3.636794,-41.055173,0.052046
2107.736988,1937.000000,3.638327,41.152350,712.129906,3.640202,-41.152719,0.039639
2107.715965,1938.000000,3.636277,41.249085,712.125875,3.638009,-41.249483,0.042784
2107.657552,1939.000000,3.630542,41.345129,712.109973,3.631603,-41.345654,0.057627
2107.618412,1940.000000,3.626706,41.441525,712.100189,3.627369,-41.442127,0.066441
2107.627716,1941.000000,3.627645,41.538816,712.105779,3.628593,-41.539369,0.060103
2107.628827,1942.000000,3.627777,41.635957,712.108768,3.628894,-41.636482,0.056329
2107.576419,1943.000000,3.622634,41.732102,712.094768,3.623165,-41.732739,0.069298
2107.564301,1944.000000,3.621462,41.828996,712.093555,3.621975,-41.829639,0.069665
2107.533200,1945.000000,3.618419,41.925534,712.086316,3.618647,-41.926234,0.075971
2107.554158,1946.000000,3.620507,42.023047,712.095599,3.621183,-42.023667,0.065994
2107.519373,1947.000000,3.617101,42.119515,712.087187,3.617440,-42.120200,0.073456
2107.541176,1948.000000,3.619272,42.217046,712.096736,3.620071,-42.217650,0.063217
2107.515728,1949.000000,3.616786,42.313688,712.091285,3.617380,-42.314334,0.067760
2107.516114,1950.000000,3.616846,42.410818,712.094033,3.617598,-42.411438,0.064224
2107.435455,1951.000000,3.608920,42.506412,712.071057,3.608686,-42.507217,0.086040
2107.357876,1952.000000,3.601297,42.602059,712.049058,3.600122,-42.603041,0.106893
2107.304554,1953.000000,3.596065,42.698162,712.034757,3.594290,-42.699258,0.120159
2107.306868,1954.000000,3.596315,42.795323,712.038111,3.594726,-42.796388,0.116025
2107.360142,1955.000000,3.601587,42.893460,712.057636,3.600902,-42.894361,0.095954
2107.422080,1956.000000,3.607712,42.991768,712.079911,3.608055,-42.992484,0.073173
2107.455690,1957.000000,3.611047,43.089539,712.093194,3.612016,-43.090143,0.059253
2107.450448,1958.000000,3.610552,43.186564,712.094145,3.611600,-43.187158,0.057488
2107.421742,1959.000000,3.607746,43.283138,712.087647,3.608541,-43.283781,0.063064
2107.392449,1960.000000,3.604881,43.379699,712.080961,3.605416,-43.380393,0.068824
2107.356624,1961.000000,3.601373,43.476131,712.072201,3.601554,-43.476894,0.076630
2107.303528,1962.000000,3.596164,43.572225,712.057959,3.595747,-43.573102,0.089838
2107.247731,1963.000000,3.590688,43.668264,712.042859,3.589636,-43.669260,0.103892
2107.216762,1964.000000,3.587659,43.764783,712.035637,3.586322,-43.765835,0.110182
2107.220383,1965.000000,3.588038,43.861976,712.039391,3.586904,-43.862995,0.105654
2107.238785,1966.000000,3.589873,43.959461,712.047834,3.589152,-43.960407,0.096505
2107.248702,1967.000000,3.590872,44.056781,712.053584,3.590443,-44.057677,0.090010
2107.240026,1968.000000,3.590040,44.153737,712.053431,3.589640,-44.154631,0.089333
2107.220965,1969.000000,3.588184,44.250489,712.049981,3.587667,-44.251407,0.091905
2107.216247,1970.000000,3.587741,44.347523,712.051082,3.587310,-44.348429,0.089992
2107.227863,1971.000000,3.588908,44.444881,712.057365,3.588792,-44.445733,0.082971
2107.224237,1972.000000,3.588573,44.541939,712.058810,3.588558,-44.542775,0.080720
2107.200604,1973.000000,3.586267,44.638598,712.053904,3.586070,-44.639472,0.084727
2107.187014,1974.000000,3.584950,44.735458,712.052183,3.584713,-44.736342,0.085595
2107.184149,1975.000000,3.584690,44.832531,712.053866,3.584564,-44.833398,0.083109
2107.166133,1976.000000,3.582937,44.929301,712.050738,3.582708,-44.930191,0.085364
2107.125347,1977.000000,3.578941,45.025613,712.040383,3.578288,-45.026585,0.094742
2107.094419,1978.000000,3.575916,45.122122,712.033155,3.574977,-45.123149,0.101038
2107.095502,1979.000000,3.576045,45.219274,712.036085,3.575273,-45.220274,0.097322
2107.103348,1980.000000,3.576840,45.316563,712.041159,3.576330,-45.317518,0.091494
2107.089441,1981.000000,3.575493,45.413414,712.039329,3.574937,-45.414381,0.092470
2107.054736,1982.000000,3.572096,45.509842,712.030897,3.571202,-45.510875,0.099952
2107.022174,1983.000000,3.568910,45.606311,712.023144,3.567707,-45.607405,0.106766
2107.018562,1984.000000,3.568576,45.703369,712.024577,3.567474,-45.704447,0.104526
2107.015335,1985.000000,3.568281,45.800435,712.026130,3.567284,-45.801497,0.102167
2105.010657,2191.000000,3.375611,65.769509,711.891297,3.376088,-65.771006,0.064961
2104.954337,2192.000000,3.370091,65.865081,711.875717,3.369911,-65.866702,0.079495
2104.914329,2193.000000,3.366176,65.961128,711.865311,3.365570,-65.962831,0.088931
2104.958655,2194.000000,3.370563,66.059656,711.881652,3.370720,-66.061222,0.071997
2104.992449,2195.000000,3.373913,66.157877,711.894652,3.374685,-66.159334,0.058358
2105.006739,2196.000000,3.375344,66.255527,711.901464,3.376455,-66.256924,0.050818
2105.018404,2197.000000,3.376516,66.353101,711.907442,3.377929,-66.354446,0.044101
2105.027764,2198.000000,3.377461,66.450609,711.912687,3.379144,-66.451908,0.038107
2105.002634,2199.000000,3.375011,66.547095,711.906990,3.376477,-66.548437,0.042899
2104.922767,2200.000000,3.367173,66.641953,711.883929,3.367649,-66.643481,0.064809
2104.820323,2201.000000,3.357113,66.736135,711.853708,3.356280,-66.737907,0.093779
2104.737909,2202.000000,3.349026,66.830905,711.829840,3.347167,-66.832869,0.116485
2104.730774,2203.000000,3.348347,66.927914,711.829845,3.346525,-66.929875,0.115656
2104.778346,2204.000000,3.353053,67.026558,711.847200,3.352039,-67.028374,0.097724
2104.816420,2205.000000,3.356824,67.124923,711.861541,3.356485,-67.126618,0.082762
2104.806082,2206.000000,3.355830,67.221842,711.860527,3.355482,-67.223542,0.082938
2104.761218,2207.000000,3.351439,67.317724,711.848560,3.350594,-67.319519,0.093912
2104.710375,2208.000000,3.346458,67.413424,711.834696,3.345033,-67.415329,0.106756
2104.660732,2209.000000,3.341596,67.509156,711.821212,3.339607,-67.511169,0.119226
2104.615972,2210.000000,3.337215,67.605033,711.809275,3.334731,-67.607139,0.130170
2104.615558,2211.000000,3.337198,67.702244,711.811400,3.334845,-67.704330,0.127251
2104.645226,2212.000000,3.340142,67.800365,711.823064,3.338344,-67.802352,0.114929
2104.682111,2213.000000,3.343796,67.898708,711.837016,3.342655,-67.900578,0.100352
2104.721802,2214.000000,3.347726,67.997140,711.851856,3.347282,-67.998885,0.084898
2104.757070,2215.000000,3.351221,68.095442,711.865293,3.351411,-68.097074,0.070827
2104.775271,2216.000000,3.353036,68.193230,711.873316,3.353619,-68.194793,0.062095
2104.752662,2217.000000,3.350835,68.289777,711.868393,3.351235,-68.291377,0.066125
2104.695204,2218.000000,3.345203,68.385261,711.852415,3.344929,-68.386989,0.081053
2104.633994,2219.000000,3.339203,68.480627,711.835247,3.338201,-68.482492,0.097155
2104.606536,2220.000000,3.336525,68.577020,711.828782,3.335271,-68.578934,0.102705
2104.630061,2221.000000,3.338864,68.674971,711.838485,3.338078,-68.676803,0.092316
2104.664488,2222.000000,3.342276,68.773260,711.851644,3.342112,-68.774981,0.078520
2104.657979,2223.000000,3.341659,68.870297,711.851819,3.341539,-68.872013,0.077524
2104.609668,2224.000000,3.336928,68.966048,711.838735,3.336262,-68.967868,0.089600
2104.540912,2225.000000,3.330186,69.061167,711.819166,3.328685,-69.063144,0.108069
2104.549225,2226.000000,3.331028,69.158656,711.824036,3.329780,-69.160590,0.102444
2104.539023,2227.000000,3.330048,69.255575,711.823034,3.328792,-69.257514,0.102609
2104.515296,2228.000000,3.327736,69.352076,711.817741,3.326281,-69.354055,0.107004
2104.555052,2229.000000,3.331673,69.450541,711.832579,3.330914,-69.452396,0.091553
2104.557029,2230.000000,3.331891,69.547840,711.835435,3.331296,-69.549667,0.087914
2104.505533,2231.000000,3.326847,69.643479,711.821331,3.325661,-69.645419,0.100996
2104.476745,2232.000000,3.324038,69.739821,711.814427,3.322581,-69.741814,0.106979
2104.428180,2233.000000,3.319283,69.835545,711.801250,3.317275,-69.837643,0.119147
2104.402882,2234.000000,3.316818,69.931991,711.795450,3.314588,-69.934133,0.124042
2104.387892,2235.000000,3.315366,70.028758,711.792918,3.313060,-70.030917,0.125715
2104.419981,2236.000000,3.318548,70.126996,711.805313,3.316830,-70.129050,0.112672
2104.449982,2237.000000,3.321524,70.225172,711.817045,3.320364,-70.227127,0.100282
2104.510073,2238.000000,3.327462,70.324294,711.838319,3.327285,-70.326072,0.078486
2104.486909,2239.000000,3.325206,70.420810,711.833188,3.324837,-70.422626,0.082722
2104.468449,2240.000000,3.323414,70.517472,711.829548,3.322918,-70.519315,0.085487
2104.392774,2241.000000,3.315991,70.612332,711.807761,3.314562,-70.614351,0.106143
2104.356926,2242.000000,3.312487,70.708442,711.798604,3.310687,-70.710532,0.114349
2104.345486,2243.000000,3.311385,70.805320,711.797185,3.309558,-70.807419,0.114924
2104.329711,2244.000000,3.309857,70.902061,711.794391,3.307942,-70.904179,0.116857
2104.300789,2245.000000,3.307035,70.998386,711.787426,3.304846,-71.000558,0.122901
2104.274987,2246.000000,3.304520,71.094807,711.781448,3.302102,-71.097025,0.127971
2104.269467,2247.000000,3.304001,71.191871,711.781901,3.301639,-71.194082,0.126701
2104.271507,2248.000000,3.304225,71.289175,711.784750,3.302027,-71.291359,0.123070
2104.270842,2249.000000,3.304184,71.386395,711.786739,3.302110,-71.388559,0.120286
2104.273814,2250.000000,3.304501,71.483730,711.789880,3.302602,-71.485866,0.116367
2104.284932,2251.000000,3.305619,71.581327,711.795603,3.304011,-71.583413,0.109902
2104.299148,2252.000000,3.307042,71.679025,711.802307,3.305769,-71.681052,0.102470
2104.306950,2253.000000,3.307833,71.776519,711.806976,3.306805,-71.778505,0.097044
2104.299912,2254.000000,3.307165,71.873540,711.806937,3.306171,-71.875523,0.096260
2104.287631,2255.000000,3.305980,71.970393,711.805234,3.304947,-71.972386,0.097116
2104.280979,2256.000000,3.305350,72.067426,711.805314,3.304356,-72.069415,0.096215
2104.248911,2257.000000,3.302219,72.163642,711.797333,3.300906,-72.165693,0.103260
2104.219719,2258.000000,3.299370,72.259948,711.790263,3.297779,-72.262055,0.109408
2104.208543,2259.000000,3.298294,72.356834,711.788904,3.296679,-72.358948,0.109925
2104.218144,2260.000000,3.299263,72.454391,711.794133,3.297917,-72.456459,0.103948
2104.226915,2261.000000,3.300150,72.551922,711.799097,3.299061,-72.553947,0.098231
2104.207955,2262.000000,3.298309,72.648558,711.795265,3.297085,-72.650610,0.101186
2104.173860,2263.000000,3.294978,72.744701,711.786633,3.293406,-72.746821,0.108874
2104.140976,2264.000000,3.291767,72.840882,711.778383,3.289864,-72.843066,0.116185
2104.120251,2265.000000,3.289752,72.937456,711.773988,3.287689,-72.939673,0.119696
2104.137647,2266.000000,3.291487,73.035270,711.781679,3.289804,-73.037421,0.111291
2104.193963,2267.000000,3.297053,73.134355,711.801710,3.296297,-73.136339,0.090720
2104.236100,2268.000000,3.301223,73.232983,711.817245,3.301195,-73.234836,0.074581
2104.214434,2269.000000,3.299116,73.329530,711.812544,3.298914,-73.331419,0.078393
2104.137222,2270.000000,3.291542,73.424259,711.790228,3.290384,-73.426326,0.099572
2104.065525,2271.000000,3.284512,73.519162,711.769661,3.282474,-73.521395,0.119028
2104.038260,2272.000000,3.281853,73.615518,711.763182,3.279564,-73.617800,0.124593
2104.051587,2273.000000,3.283189,73.713205,711.769571,3.281220,-73.715432,0.117471
2104.079858,2274.000000,3.285995,73.811387,711.780699,3.284557,-73.813519,0.105678
2104.080506,2275.000000,3.286082,73.908661,711.783066,3.284786,-73.910771,0.102523
2104.046579,2276.000000,3.282768,74.004797,711.774467,3.281126,-74.006974,0.110178
2104.021203,2277.000000,3.280296,74.101212,711.768579,3.278428,-74.103434,0.115160
2104.012509,2278.000000,3.279465,74.198178,711.767979,3.277606,-74.200402,0.114930
2104.007353,2279.000000,3.278982,74.295261,711.768500,3.277182,-74.297477,0.113594
2104.003134,2280.000000,3.278591,74.392375,711.769316,3.276864,-74.394581,0.111968
2104.001752,2281.000000,3.278479,74.489584,711.771030,3.276864,-74.491773,0.109456
2104.004708,2282.000000,3.278794,74.586938,711.774118,3.277353,-74.589099,0.105589
2104.012291,2283.000000,3.279564,74.684447,711.778672,3.278362,-74.686567,0.100277
2104.013559,2284.000000,3.279713,74.781747,711.781222,3.278661,-74.783843,0.096941
2103.992993,2285.000000,3.277714,74.878319,711.776847,3.276503,-74.880448,0.100432
2103.947490,2286.000000,3.273261,74.974057,711.764563,3.271540,-74.976283,0.111721
2103.886369,2287.000000,3.267272,75.069270,711.747326,3.264820,-75.071633,0.127893
2103.835486,2288.000000,3.262291,75.164821,711.733335,3.259252,-75.167296,0.140865
2103.820202,2289.000000,3.260811,75.261562,711.730629,3.257688,-75.264056,0.142711
2103.828070,2290.000000,3.261610,75.359080,711.735263,3.258729,-75.361533,0.137321
2103.831340,2291.000000,3.261955,75.456446,711.738436,3.259252,-75.458869,0.133370
2103.830044,2292.000000,3.261852,75.553658,711.740161,3.259262,-75.556065,0.130848
2103.846132,2293.000000,3.263459,75.651458,711.747396,3.261227,-75.653802,0.122893
2103.882732,2294.000000,3.267084,75.749952,711.761133,3.265500,-75.752180,0.108527
2103.916929,2295.000000,3.270473,75.848369,711.774108,3.269502,-75.850487,0.094913
2103.937309,2296.000000,3.272503,75.946322,711.782699,3.271950,-75.948367,0.085620
2103.966154,2297.000000,3.275365,76.044565,711.793974,3.275351,-76.046514,0.073682
2103.999971,2298.000000,3.278717,76.142979,711.806825,3.279311,-76.144820,0.060190
2104.006548,2299.000000,3.279389,76.240472,711.811036,3.280206,-76.242275,0.055216
2103.953031,2300.000000,3.274147,76.335922,711.796189,3.274340,-76.337843,0.069033
2103.867648,2301.000000,3.265771,76.430282,711.771236,3.264889,-76.432404,0.092813
2103.781969,2302.000000,3.257366,76.524626,711.746191,3.255406,-76.526950,0.116685
2103.713067,2303.000000,3.250611,76.619536,711.726464,3.247810,-76.622019,0.135313
2103.676635,2304.000000,3.247052,76.715551,711.717031,3.243867,-76.718108,0.143791
2103.672759,2305.000000,3.246695,76.812679,711.717918,3.243586,-76.815225,0.142095
2103.694793,2306.000000,3.248887,76.910695,711.727018,3.246219,-76.913163,0.132301
2103.731838,2307.000000,3.252556,77.009228,711.740876,3.250540,-77.011580,0.117816
2103.749233,2308.000000,3.254291,77.107091,711.748502,3.252651,-77.109377,0.109475
2103.735592,2309.000000,3.252974,77.203888,711.746287,3.251271,-77.206189,0.110838
2103.697969,2310.000000,3.249297,77.299859,711.736467,3.247194,-77.302236,0.119699
2103.645807,2311.000000,3.244190,77.395325,711.722036,3.241481,-77.397818,0.133106
2103.651974,2312.000000,3.244821,77.492803,711.726096,3.242329,-77.495259,0.128281
2103.705298,2313.000000,3.250091,77.591912,711.745106,3.248481,-77.594209,0.108716
2103.747222,2314.000000,3.254240,77.690632,711.760501,3.253351,-77.692800,0.092716
2103.760348,2315.000000,3.255556,77.788358,711.766763,3.254982,-77.790471,0.085719
2103.738092,2316.000000,3.253390,77.884858,711.761806,3.252632,-77.887009,0.089786
2103.686863,2317.000000,3.248375,77.980350,711.747661,3.247024,-77.982613,0.102911
2103.640312,2318.000000,3.243820,78.076001,711.734998,3.241941,-78.078365,0.114575
2103.646752,2319.000000,3.244478,78.173495,711.739134,3.242819,-78.175822,0.109675
2103.706865,2320.000000,3.250416,78.272863,711.760287,3.249735,-78.275013,0.087998
2103.760743,2321.000000,3.255741,78.372019,711.779462,3.255950,-78.374009,0.068270
2103.740806,2322.000000,3.253804,78.468599,711.775231,3.253861,-78.470620,0.071621
2103.670258,2323.000000,3.246888,78.563406,711.754950,3.246078,-78.565590,0.090795
2103.617696,2324.000000,3.241742,78.658838,711.740372,3.240319,-78.661138,0.104348
2103.604926,2325.000000,3.240510,78.755663,711.738409,3.239036,-78.757976,0.105462
2103.598315,2326.000000,3.239884,78.852705,711.738396,3.238446,-78.855015,0.104653
2103.567508,2327.000000,3.236878,78.948895,711.730712,3.235134,-78.951265,0.111409
2103.527177,2328.000000,3.232935,79.044748,711.720006,3.230751,-79.047202,0.121143
2103.511199,2329.000000,3.231388,79.141457,711.717020,3.229107,-79.143932,0.123266
2103.527635,2330.000000,3.233029,79.239310,711.724308,3.231109,-79.241722,0.115259
2103.548905,2331.000000,3.235146,79.337336,711.733128,3.233655,-79.339673,0.105742
2103.546264,2332.000000,3.234911,79.434519,711.734365,3.233511,-79.436842,0.103700
2103.518040,2333.000000,3.232159,79.530795,711.727490,3.230489,-79.533172,0.109658
2103.492457,2334.000000,3.229667,79.627164,711.721451,3.227764,-79.629586,0.114791
2103.479150,2335.000000,3.228382,79.723967,711.719302,3.226420,-79.726404,0.116089
2103.448907,2336.000000,3.225432,79.820167,711.711783,3.223172,-79.822663,0.122682
2103.434113,2337.000000,3.224001,79.916916,711.709160,3.221660,-79.919429,0.124447
2103.324618,2338.000000,3.213256,80.010287,711.676514,3.209498,-80.013065,0.155814
2103.246107,2339.000000,3.205559,80.104757,711.653691,3.200821,-80.107718,0.177497
2103.224065,2340.000000,3.203415,80.201238,711.648766,3.198495,-80.204237,0.181532
2103.246258,2341.000000,3.205623,80.299301,711.657861,3.201143,-80.302222,0.171743
2103.294750,2342.000000,3.210416,80.398309,711.675291,3.206749,-80.401084,0.153736
2103.364715,2343.000000,3.217322,80.498092,711.699528,3.214770,-80.500665,0.129017
2103.437392,2344.000000,3.224496,80.597980,711.724625,3.223096,-80.600344,0.103451
2103.417886,2345.000000,3.222602,80.694560,711.720496,3.221055,-80.696955,0.106702
2103.452509,2346.000000,3.226032,80.793088,711.733526,3.225101,-80.795373,0.093033
2103.461861,2347.000000,3.226977,80.890709,711.738542,3.226305,-80.892949,0.087266
2103.434500,2348.000000,3.224310,80.987006,711.731918,3.223380,-80.989297,0.092977
2103.425097,2349.000000,3.223410,81.083950,711.730985,3.222474,-81.086246,0.093075
2103.345222,2350.000000,3.215577,81.178346,711.707709,3.213642,-81.180829,0.115204
2103.286941,2351.000000,3.209869,81.273517,711.691279,3.207239,-81.276131,0.130584
2103.248273,2352.000000,3.206091,81.369395,711.681065,3.203042,-81.372090,0.139834
2103.231610,2353.000000,3.204476,81.466070,711.677825,3.201320,-81.468788,0.142208
2103.232241,2354.000000,3.204563,81.563372,711.680066,3.201542,-81.566069,0.139178
2103.237778,2355.000000,3.205132,81.660854,711.683860,3.202316,-81.663516,0.134616
2103.242522,2356.000000,3.205624,81.758308,711.687402,3.203001,-81.760938,0.130304
2103.240811,2357.000000,3.205480,81.855528,711.688895,3.202960,-81.858142,0.128010
2103.227567,2358.000000,3.204202,81.952327,711.686731,3.201622,-81.954956,0.129323
2103.202330,2359.000000,3.201744,82.048687,711.680764,3.198935,-82.051362,0.134386
2103.166987,2360.000000,3.198293,82.144677,711.671592,3.195112,-82.147423,0.142610
2103.136221,2361.000000,3.195292,82.240831,711.663870,3.191803,-82.243638,0.149403
2103.119243,2362.000000,3.193647,82.337490,711.660516,3.190045,-82.340321,0.151889
2103.119637,2363.000000,3.193710,82.434786,711.662668,3.190240,-82.437596,0.148947
2103.141422,2364.000000,3.195877,82.532869,711.671598,3.192841,-82.535603,0.139321
2103.163488,2365.000000,3.198072,82.630966,711.680617,3.195474,-82.633622,0.129608
2103.156107,2366.000000,3.197371,82.727980,711.680299,3.194794,-82.730636,0.129101
2103.135668,2367.000000,3.195385,82.824512,711.675841,3.192647,-82.827201,0.132676
2103.128655,2368.000000,3.194720,82.921539,711.675637,3.192009,-82.924226,0.132057
2103.125616,2369.000000,3.194446,83.018713,711.676691,3.191818,-83.021388,0.130197
2103.117048,2370.000000,3.193628,83.115683,711.675991,3.191005,-83.118361,0.130067
2103.111379,2371.000000,3.193095,83.212760,711.676208,3.190518,-83.215433,0.129032
2103.121865,2372.000000,3.194151,83.310438,711.681545,3.191847,-83.313064,0.122950
2103.141226,2373.000000,3.196080,83.408447,711.689694,3.194175,-83.411003,0.114095
2103.158679,2374.000000,3.197822,83.506387,711.697236,3.196288,-83.508878,0.105837
2103.176305,2375.000000,3.199580,83.604336,711.704832,3.198421,-83.606762,0.097527
2103.193830,2376.000000,3.201329,83.702284,711.712395,3.200542,-83.704645,0.089249
2103.204482,2377.000000,3.202401,83.799978,711.717777,3.201890,-83.802291,0.083122
2103.195578,2378.000000,3.201550,83.896942,711.716958,3.201039,-83.899258,0.083109
2103.155153,2379.000000,3.197599,83.992726,711.706145,3.196643,-83.995128,0.092951
2103.076722,2380.000000,3.189909,84.087083,711.683282,3.187972,-84.089669,0.114674
2102.985608,2381.000000,3.180973,84.180959,711.656399,3.177876,-84.183762,0.140362
2102.919346,2382.000000,3.174482,84.275761,711.637394,3.170575,-84.278716,0.158282
2102.883005,2383.000000,3.170933,84.371683,711.627871,3.166638,-84.374713,0.166852
2102.852723,2384.000000,3.167980,84.467831,711.620267,3.163383,-84.470920,0.173529
2102.820619,2385.000000,3.164848,84.563908,711.612085,3.159922,-84.567061,0.180777
2102.823544,2386.000000,3.165160,84.661305,711.615002,3.160401,-84.664430,0.177080
2102.865982,2387.000000,3.169358,84.760195,711.630442,3.165322,-84.763190,0.161036
2102.906699,2388.000000,3.173387,84.859024,711.645335,3.170050,-84.861895,0.145530
2102.913633,2389.000000,3.174093,84.956579,711.649519,3.170979,-84.959412,0.140585
2102.889586,2390.000000,3.171753,85.052961,711.643882,3.168424,-85.055837,0.145323
2102.849449,2391.000000,3.167831,85.148731,711.633144,3.164060,-85.151692,0.155092
2102.796317,2392.000000,3.162631,85.244005,711.618285,3.158235,-85.247084,0.168923
2102.737823,2393.000000,3.156904,85.339071,711.601727,3.151807,-85.342283,0.184431
2102.704870,2394.000000,3.153689,85.435106,711.593261,3.148251,-85.438383,0.191958
2102.744882,2395.000000,3.157648,85.533919,711.607919,3.152899,-85.537073,0.176686
2102.878527,2396.000000,3.170815,85.636309,711.652252,3.168075,-85.639097,0.132150
2102.977012,2397.000000,3.180525,85.737368,711.685445,3.179299,-85.739881,0.098601
2101.045054,2603.000000,2.995821,105.705359,711.443092,2.991247,-105.709187,0.169167
2101.080955,2604.000000,2.999375,105.804407,711.456064,2.995414,-105.808125,0.155558
2101.067130,2605.000000,2.998042,105.901112,711.453282,2.993993,-105.904850,0.157487
2101.035927,2606.000000,2.995002,105.996996,711.444992,2.990620,-106.000799,0.164848
2101.060232,2607.000000,2.997416,106.095501,711.454284,2.993484,-106.099224,0.154868
2101.067610,2608.000000,2.998167,106.193209,711.458212,2.994446,-106.196896,0.150179
2101.025494,2609.000000,2.994054,106.288574,711.446459,2.989845,-106.292354,0.160956
2100.967971,2610.000000,2.988427,106.383206,711.429825,2.983514,-106.387119,0.176547
2100.956230,2611.000000,2.987299,106.480005,711.427691,2.982327,-106.483933,0.177838
2100.988109,2612.000000,2.990457,106.578874,711.439371,2.986042,-106.582703,0.165502
2101.028761,2613.000000,2.994478,106.678164,711.453828,2.990742,-106.681871,0.150428
2101.052102,2614.000000,2.996797,106.776634,711.462800,2.993497,-106.780264,0.140764
2101.042683,2615.000000,2.995898,106.873547,711.461393,2.992571,-106.877186,0.141337
2101.015722,2616.000000,2.993274,106.969624,711.454426,2.989673,-106.973317,0.147394
2100.999559,2617.000000,2.991711,107.066215,711.450879,2.987988,-107.069933,0.150078
2101.005128,2618.000000,2.992285,107.163842,711.454213,2.988746,-107.167530,0.145975
2101.027141,2619.000000,2.994474,107.262255,711.462754,2.991351,-107.265870,0.136736
2101.053141,2620.000000,2.997055,107.360862,711.472556,2.994405,-107.364393,0.126253
2101.062781,2621.000000,2.998028,107.458688,711.477173,2.995620,-107.462178,0.120884
2101.030366,2622.000000,2.994868,107.554501,711.468466,2.992108,-107.558059,0.128658
2100.971263,2623.000000,2.989086,107.649032,711.451303,2.985598,-107.652728,0.144771
2100.927699,2624.000000,2.984831,107.744305,711.439061,2.980834,-107.748097,0.156031
2100.921143,2625.000000,2.984212,107.841352,711.438539,2.980228,-107.845145,0.155731
2100.939518,2626.000000,2.986044,107.939597,711.445913,2.982424,-107.943327,0.147644
2100.961662,2627.000000,2.988246,108.038026,711.454478,2.985043,-108.041682,0.138381
2100.978286,2628.000000,2.989905,108.136191,711.461293,2.987042,-108.139788,0.130845
2100.991966,2629.000000,2.991275,108.234217,711.467173,2.988710,-108.237762,0.124231
2100.994016,2630.000000,2.991503,108.331683,711.469367,2.989071,-108.335207,0.121252
2100.961336,2631.000000,2.988317,108.427472,711.460557,2.985530,-108.431065,0.129127
2100.903054,2632.000000,2.982616,108.522022,711.443636,2.979111,-108.525750,0.145003
2100.868905,2633.000000,2.979286,108.617734,711.434357,2.975404,-108.621536,0.153341
2100.889942,2634.000000,2.981379,108.716117,711.442556,2.977898,-108.719848,0.144439
2100.939226,2635.000000,2.986248,108.815871,711.459702,2.983566,-108.819458,0.126714
2100.951055,2636.000000,2.987436,108.913812,711.464981,2.985026,-108.917353,0.120692
2100.924379,2637.000000,2.984841,109.009886,711.458060,2.982158,-109.013481,0.126704
2100.897736,2638.000000,2.982248,109.105960,711.451148,2.979294,-109.109607,0.132708
2100.873276,2639.000000,2.979871,109.202137,711.444925,2.976675,-109.205833,0.138031
2100.852478,2640.000000,2.977853,109.298492,711.439860,2.974468,-109.302226,0.142213
2100.846014,2641.000000,2.977243,109.395544,711.439333,2.973871,-109.399279,0.141918
2100.859718,2642.000000,2.978616,109.493579,711.445193,2.975541,-109.497263,0.135324
2100.882666,2643.000000,2.980897,109.592067,711.453979,2.978249,-109.595676,0.125845
2100.897883,2644.000000,2.982418,109.690180,711.460314,2.980088,-109.693734,0.118782
2100.905513,2645.000000,2.983194,109.787924,711.464243,2.981075,-109.791442,0.114092
2100.910038,2646.000000,2.983664,109.885517,711.467187,2.981713,-109.889008,0.110375
2100.893746,2647.000000,2.982089,109.982091,711.463534,2.980011,-109.985608,0.113164
2100.840468,2648.000000,2.976880,110.076851,711.448163,2.974153,-110.080491,0.127511
2100.784355,2649.000000,2.971392,110.171468,711.431892,2.967977,-110.175237,0.142746
2100.758068,2650.000000,2.968835,110.267545,711.425067,2.965152,-110.271367,0.148663
2100.754084,2651.000000,2.968469,110.364717,711.425304,2.964833,-110.368534,0.147616
2100.726251,2652.000000,2.965760,110.460715,711.417985,2.961834,-110.464589,0.154021
2100.659959,2653.000000,2.959272,110.554818,711.398483,2.954514,-110.558848,0.172443
2100.603777,2654.000000,2.953778,110.649414,711.382182,2.948331,-110.653575,0.187707
2100.594733,2655.000000,2.952916,110.746331,711.380808,2.947443,-110.750500,0.188249
2100.628796,2656.000000,2.956288,110.845376,711.393084,2.951398,-110.849440,0.175327
2100.657479,2657.000000,2.959132,110.944158,711.403655,2.954749,-110.948133,0.164087
2100.640622,2658.000000,2.957502,111.040691,711.399800,2.952983,-111.044694,0.167076
2100.582781,2659.000000,2.951845,111.135194,711.382962,2.946612,-111.139332,0.182870
2100.591564,2660.000000,2.952734,111.232994,711.387223,2.947727,-111.237094,0.177854
2100.575424,2661.000000,2.951174,111.329559,711.383588,2.946041,-111.333685,0.180625
2100.579330,2662.000000,2.951584,111.427118,711.386300,2.946607,-111.431219,0.177136
2100.646541,2663.000000,2.958213,111.527822,711.409060,2.954286,-111.531733,0.153874
2100.672848,2664.000000,2.960824,111.626499,711.418863,2.957369,-111.630327,0.143391
2100.668170,2665.000000,2.960390,111.723637,711.418850,2.956971,-111.727461,0.142591
2100.652343,2666.000000,2.958861,111.820220,711.415303,2.955320,-111.824070,0.145276
2100.655657,2667.000000,2.959213,111.917756,711.417816,2.955820,-111.921582,0.141983
2100.668720,2668.000000,2.960522,112.015779,711.423416,2.957415,-112.019556,0.135647
2100.669486,2669.000000,2.960623,112.113190,711.425118,2.957628,-112.116950,0.133154
2100.649246,2670.000000,2.958661,112.209551,711.420164,2.955480,-112.213348,0.137227
2100.635114,2671.000000,2.957298,112.306217,711.417143,2.954019,-112.310036,0.139394
2100.649574,2672.000000,2.958745,112.404313,711.423176,2.955771,-112.408079,0.132630
2100.680849,2673.000000,2.961844,112.503254,711.434533,2.959411,-112.506924,0.120615
2100.697459,2674.000000,2.963502,112.601462,711.441243,2.961404,-112.605074,0.113183
2100.675170,2675.000000,2.961338,112.697720,711.435628,2.959026,-112.701374,0.117907
2100.635519,2676.000000,2.957468,112.793104,711.424513,2.954697,-112.796846,0.128058
2100.620355,2677.000000,2.956004,112.889716,711.421152,2.953120,-112.893482,0.130561
2100.635275,2678.000000,2.957496,112.987841,711.427317,2.954922,-112.991554,0.123666
2100.662687,2679.000000,2.960215,113.086598,711.437436,2.958128,-113.090224,0.112871
2100.684294,2680.000000,2.962365,113.185064,711.445716,2.960682,-113.188620,0.103892
2100.677723,2681.000000,2.961745,113.282111,711.445067,2.960070,-113.285669,0.103719
2100.635790,2682.000000,2.957650,113.377373,711.433215,2.955483,-113.381024,0.114596
2100.608688,2683.000000,2.955013,113.473380,711.426058,2.952564,-113.477087,0.120842
2100.616838,2684.000000,2.955840,113.571169,711.430066,2.953605,-113.574840,0.116077
2100.636725,2685.000000,2.957820,113.669554,711.437789,2.955965,-113.673158,0.107646
2100.634138,2686.000000,2.957592,113.766801,711.438390,2.955800,-113.770398,0.106239
2100.605379,2687.000000,2.954792,113.862722,711.430700,2.952694,-113.866378,0.113012
2100.563338,2688.000000,2.950687,113.957967,711.418801,2.948095,-113.961717,0.123937
2100.512623,2689.000000,2.945730,114.052767,711.404152,2.942522,-114.056634,0.137573
2100.542923,2690.000000,2.948734,114.151683,711.415161,2.946051,-114.155456,0.125901
2100.525183,2691.000000,2.947017,114.248157,711.410952,2.944183,-114.251962,0.129240
2100.525144,2692.000000,2.947039,114.345532,711.412347,2.944303,-114.349322,0.127051
2100.520796,2693.000000,2.946638,114.442688,711.412375,2.943939,-114.446474,0.126211
2100.507816,2694.000000,2.945388,114.539403,711.409667,2.942605,-114.543208,0.128069
2100.501693,2695.000000,2.944813,114.636467,711.409129,2.942042,-114.640274,0.127788
2100.517166,2696.000000,2.946359,114.734636,711.415428,2.943904,-114.738387,0.120762
2100.481138,2697.000000,2.942845,114.830171,711.405413,2.939981,-114.834002,0.129828
2100.501518,2698.000000,2.944874,114.928592,711.413262,2.942395,-114.932355,0.121273
2100.527441,2699.000000,2.947447,115.027299,711.422864,2.945431,-115.030980,0.110989
2100.536071,2700.000000,2.948321,115.125122,711.426987,2.946525,-115.128766,0.106110
2100.516304,2701.000000,2.946405,115.221488,711.422113,2.944428,-115.225169,0.110105
2100.506088,2702.000000,2.945427,115.318344,711.420262,2.943404,-115.322037,0.111119
2100.517497,2703.000000,2.946574,115.416311,711.425258,2.944809,-115.419960,0.105378
2100.540153,2704.000000,2.948826,115.514858,711.433814,2.947478,-115.518433,0.096126
2100.548487,2705.000000,2.949671,115.612670,711.437831,2.948538,-115.616209,0.091351
2100.543263,2706.000000,2.949184,115.709785,711.437552,2.948075,-115.713323,0.090814
2100.537582,2707.000000,2.948652,115.806876,711.437126,2.947560,-115.810414,0.090422
2100.522599,2708.000000,2.947206,115.903486,711.433751,2.945999,-115.907049,0.092939
2100.478710,2709.000000,2.942919,115.998603,711.421217,2.941191,-116.002264,0.104490
2100.439723,2710.000000,2.939115,116.093969,711.410235,2.936933,-116.097718,0.114510
2100.424487,2711.000000,2.937644,116.190562,711.406773,2.935344,-116.194335,0.117113
2100.502162,2712.000000,2.945302,116.291965,711.432737,2.944194,-116.295523,0.090690
2100.522136,2713.000000,2.947291,116.390386,711.440423,2.946561,-116.393877,0.082296
2100.480830,2714.000000,2.943258,116.485628,711.428696,2.942043,-116.489213,0.093052
2100.467549,2715.000000,2.941980,116.582323,711.425844,2.940673,-116.585928,0.095053
2100.445001,2716.000000,2.939790,116.678536,711.420054,2.938262,-116.682184,0.099952
2100.326445,2717.000000,2.928168,116.769753,711.383855,2.925063,-116.773695,0.134848
2100.219720,2718.000000,2.917709,116.861578,711.351403,2.913196,-116.865782,0.166047
2100.167968,2719.000000,2.912651,116.956257,711.336360,2.907504,-116.960581,0.180074
2100.192328,2720.000000,2.915070,117.054900,711.345416,2.910362,-117.059146,0.170329
2100.271646,2721.000000,2.922888,117.156412,711.371875,2.919395,-117.160439,0.143418
2100.353496,2722.000000,2.930956,117.258065,711.399135,2.928712,-117.261865,0.115716
2100.370508,2723.000000,2.932654,117.356336,711.405858,2.930745,-117.360078,0.108272
2100.349300,2724.000000,2.930596,117.452610,711.400475,2.928484,-117.456393,0.112771
2100.328870,2725.000000,2.928615,117.548923,711.395335,2.926310,-117.552745,0.117029
2100.318612,2726.000000,2.927633,117.645768,711.393415,2.925278,-117.649602,0.118111
2100.329907,2727.000000,2.928769,117.743742,711.398318,2.926669,-117.747533,0.112463
2100.366359,2728.000000,2.932377,117.843039,711.411187,2.930885,-117.846721,0.098957
2100.402516,2729.000000,2.935956,117.942323,711.423960,2.935069,-117.945897,0.085545
2100.418596,2730.000000,2.937562,118.040555,711.430373,2.936996,-118.044074,0.078408
2100.420359,2731.000000,2.937761,118.138036,711.432248,2.937315,-118.141536,0.075747
2100.408577,2732.000000,2.936630,118.234804,711.429830,2.936112,-118.238321,0.077320
2100.371541,2733.000000,2.933017,118.330241,711.419411,2.932071,-118.333839,0.086786
2100.326684,2734.000000,2.928635,118.425262,711.406513,2.927152,-118.428963,0.098698
2100.289099,2735.000000,2.924969,118.520663,711.395916,2.923049,-118.524448,0.108340
2100.264369,2736.000000,2.922565,118.616741,711.389388,2.920391,-118.620576,0.113968
2100.250907,2737.000000,2.921269,118.713413,711.386427,2.918999,-118.717269,0.116077
2100.254250,2738.000000,2.921623,118.810973,711.388786,2.919494,-118.814806,0.112939
2100.272412,2739.000000,2.923434,118.909319,711.395835,2.921655,-118.913091,0.105174
2100.275915,2740.000000,2.923804,119.006890,711.398240,2.922168,-119.010639,0.101991
2100.254325,2741.000000,2.921709,119.103130,711.392694,2.919862,-119.106921,0.106650
2100.236248,2742.000000,2.919959,119.199555,711.388259,2.917951,-119.203380,0.110214
2100.246847,2743.000000,2.921027,119.297503,711.392904,2.919261,-119.301286,0.104821
2100.282047,2744.000000,2.924511,119.396760,711.405338,2.923335,-119.400438,0.091744
2100.306644,2745.000000,2.926954,119.495457,711.414411,2.926218,-119.499057,0.081982
2100.291682,2746.000000,2.925510,119.592049,711.410953,2.924656,-119.595674,0.084583
2100.235572,2747.000000,2.920024,119.686446,711.394460,2.918471,-119.690203,0.100041
2100.163264,2748.000000,2.912946,119.779975,711.372835,2.910466,-119.783906,0.120562
2100.116149,2749.000000,2.908343,119.874843,711.359188,2.905292,-119.878883,0.133214
2100.112255,2750.000000,2.907987,119.972017,711.359225,2.904973,-119.976053,0.132366
2100.126040,2751.000000,2.909367,120.070136,711.364859,2.906641,-120.074123,0.125997
2100.133695,2752.000000,2.910145,120.167929,711.368549,2.907619,-120.171882,0.121546
2100.145634,2753.000000,2.911344,120.265952,711.373593,2.909079,-120.269861,0.115759
2100.180934,2754.000000,2.914839,120.365229,711.386034,2.913163,-120.369032,0.102676
2100.223477,2755.000000,2.919045,120.464898,711.400767,2.918061,-120.468577,0.087332
2100.248841,2756.000000,2.921563,120.563648,711.410056,2.921029,-120.567248,0.077358
2100.271235,2757.000000,2.923790,120.662242,711.418403,2.923663,-120.665770,0.068313
2100.327306,2758.000000,2.929326,120.762649,711.437415,2.930081,-120.766019,0.048748
2100.395433,2759.000000,2.936047,120.863711,711.460243,2.937855,-120.866890,0.025418
2100.391631,2760.000000,2.935699,120.960903,711.460286,2.937545,-120.964079,0.024565
2100.313540,2761.000000,2.928052,121.054090,711.436794,2.928888,-121.057455,0.046929
2100.224251,2762.000000,2.919304,121.146667,711.409754,2.918973,-121.150250,0.072792
2100.159982,2763.000000,2.913016,121.240587,711.390638,2.911869,-121.244324,0.090838
2100.132745,2764.000000,2.910366,121.336504,711.383249,2.908926,-121.340298,0.097317
2100.123654,2765.000000,2.909499,121.433400,711.381603,2.908022,-121.437204,0.098130
2100.114225,2766.000000,2.908599,121.530277,711.379849,2.907080,-121.534092,0.099050
2100.109400,2767.000000,2.908151,121.627403,711.379550,2.906655,-121.631218,0.098534
2100.114035,2768.000000,2.908633,121.725042,711.382245,2.907292,-121.728831,0.095066
2100.118112,2769.000000,2.909060,121.822652,711.384760,2.907867,-121.826417,0.091774
2100.119138,2770.000000,2.909187,121.920096,711.386306,2.908099,-121.923845,0.089438
2100.122862,2771.000000,2.909579,122.017687,711.388705,2.908634,-122.021414,0.086261
2100.112513,2772.000000,2.908588,122.114514,711.386644,2.907587,-122.118254,0.087484
2100.072699,2773.000000,2.904703,122.209736,711.375249,2.903230,-122.213566,0.097915
2100.012442,2774.000000,2.898809,122.303842,711.357378,2.896577,-122.307815,0.114734
2099.950535,2775.000000,2.892754,122.397853,711.338983,2.889738,-122.401974,0.132070
2099.919265,2776.000000,2.889708,122.493531,711.330288,2.886342,-122.497719,0.139838
2099.948113,2777.000000,2.892568,122.592488,711.340627,2.889698,-122.596588,0.128828
2100.017803,2778.000000,2.899441,122.693679,711.363898,2.897643,-122.697586,0.105062
2100.094973,2779.000000,2.907049,122.795287,711.389537,2.906428,-122.798980,0.078960
2100.146971,2780.000000,2.912184,122.895524,711.407202,2.912386,-122.899069,0.060723
2100.147892,2781.000000,2.912301,122.992967,711.408688,2.912605,-122.996498,0.058447
2100.113583,2782.000000,2.908956,123.088480,711.399014,2.908865,-123.092086,0.067180
2100.090750,2783.000000,2.906739,123.184620,711.392971,2.906415,-123.188272,0.072331
2100.081129,2784.000000,2.905820,123.281483,711.391111,2.905449,-123.285148,0.073357
2100.067158,2785.000000,2.904474,123.378107,711.387871,2.903995,-123.381795,0.075743
2100.060681,2786.000000,2.903863,123.475143,711.387001,2.903382,-123.478834,0.075791
2100.081574,2787.000000,2.905943,123.573684,711.394797,2.905844,-123.577308,0.067291
2100.115538,2788.000000,2.909306,123.672947,711.406731,2.909775,-123.676471,0.054708
2100.126681,2789.000000,2.910427,123.770956,711.411434,2.911141,-123.774437,0.049258
2100.093049,2790.000000,2.907149,123.866495,711.401954,2.907477,-123.870051,0.057801
2100.047239,2791.000000,2.902674,123.961360,711.388615,2.902444,-123.965022,0.070151
2100.027715,2792.000000,2.900782,124.057674,711.383598,2.900365,-124.061373,0.074290
2100.025916,2793.000000,2.900632,124.154966,711.384192,2.900277,-124.158657,0.072894
2100.028440,2794.000000,2.900906,124.252497,711.386153,2.900674,-124.256170,0.070150
2100.039276,2795.000000,2.901997,124.350490,711.390743,2.902005,-124.354121,0.064812
2100.073770,2796.000000,2.905413,124.449794,711.402825,2.905995,-124.453324,0.052084
2100.132385,2797.000000,2.911198,124.550441,711.422544,2.912694,-124.553805,0.031822
2100.167293,2798.000000,2.914655,124.649776,711.434752,2.916730,-124.653038,0.018969
2100.101111,2799.000000,2.908178,124.743498,711.414938,2.909407,-124.746919,0.037706
2099.980676,2800.000000,2.896371,124.834199,711.377941,2.895989,-124.837919,0.073394
2099.884438,2801.000000,2.886943,124.926236,711.348608,2.885291,-124.930194,0.101523
2099.844386,2802.000000,2.883034,125.021394,711.337065,2.880904,-125.025443,0.112100
2099.832559,2803.000000,2.881899,125.118122,711.334458,2.879688,-125.122188,0.113862
2099.823753,2804.000000,2.881060,125.215017,711.332806,2.878812,-125.219094,0.114684
2099.830948,2805.000000,2.881793,125.312804,711.336217,2.879733,-125.316850,0.110509
2099.855761,2806.000000,2.884257,125.411577,711.345206,2.882633,-125.415545,0.100833
2099.885389,2807.000000,2.887194,125.510621,711.355716,2.886074,-125.514500,0.089655
2099.910845,2808.000000,2.889721,125.609434,711.364903,2.889046,-125.613235,0.079782
2099.930426,2809.000000,2.891671,125.707921,711.372227,2.891358,-125.711659,0.071748
2099.951940,2810.000000,2.893811,125.806519,711.380161,2.893887,-125.810188,0.063112
2099.977955,2811.000000,2.896393,125.905370,711.389518,2.896922,-125.908960,0.053072
2099.998718,2812.000000,2.898460,126.003930,711.397210,2.899367,-126.007453,0.044675
2100.003968,2813.000000,2.899002,126.101621,711.399985,2.900069,-126.105118,0.041128
2099.996310,2814.000000,2.898276,126.198586,711.398670,2.899320,-126.202091,0.041617
2099.973718,2815.000000,2.896082,126.294712,711.392622,2.896893,-126.298263,0.046774
2099.942879,2816.000000,2.893079,126.390371,711.383960,2.893540,-126.393990,0.054510
2099.921898,2817.000000,2.891044,126.486583,711.378418,2.891294,-126.490244,0.059169
2099.921975,2818.000000,2.891077,126.583981,711.379542,2.891414,-126.587629,0.057251
2099.937177,2819.000000,2.892597,126.682233,711.385454,2.893233,-126.685829,0.050610
2099.944363,2820.000000,2.893330,126.780033,711.388824,2.894151,-126.783599,0.046477
2099.925435,2821.000000,2.891496,126.876359,711.383922,2.892136,-126.879961,0.050504
2099.885477,2822.000000,2.887597,126.971494,711.372356,2.887757,-126.975188,0.061105
2099.872202,2823.000000,2.886319,127.068135,711.369239,2.886376,-127.071852,0.063372
2099.900021,2824.000000,2.889079,127.167104,711.379133,2.889612,-127.170736,0.052802
2099.931465,2825.000000,2.892194,127.266280,711.390173,2.893255,-127.269819,0.041102
2099.930582,2826.000000,2.892134,127.363626,711.390972,2.893267,-127.367155,0.039505
2099.900465,2827.000000,2.889201,127.459312,711.382510,2.889993,-127.462907,0.047045
2099.872502,2828.000000,2.886480,127.555118,711.374728,2.886961,-127.558774,0.053914
2099.868109,2829.000000,2.886075,127.652263,711.374408,2.886578,-127.655917,0.053422
2099.890993,2830.000000,2.888350,127.750958,711.382724,2.889259,-127.754542,0.044409
2099.921869,2831.000000,2.891410,127.850112,711.393568,2.892838,-127.853603,0.032902
2099.938559,2832.000000,2.893076,127.948459,711.399917,2.894822,-127.951895,0.025830
2099.939882,2833.000000,2.893232,128.045933,711.401397,2.895081,-128.049353,0.023562
2099.924509,2834.000000,2.891748,128.142453,711.397586,2.893463,-128.145902,0.026514
2099.896647,2835.000000,2.889037,128.238259,711.389817,2.890442,-128.241768,0.033370
2099.863714,2836.000000,2.885828,128.333773,711.380439,2.886851,-128.337356,0.041813
2099.830150,2837.000000,2.882556,128.429249,711.370859,2.883189,-128.432906,0.050456
2099.798913,2838.000000,2.879514,128.524855,711.362014,2.879788,-128.528581,0.058374
2099.784580,2839.000000,2.878132,128.621426,711.358520,2.878287,-128.625179,0.061013
2099.791480,2840.000000,2.878836,128.719214,711.361747,2.879171,-128.722937,0.057022
2099.811921,2841.000000,2.880871,128.817780,711.369259,2.881576,-128.821437,0.048802
2099.828442,2842.000000,2.882520,128.916122,711.375528,2.883540,-128.919725,0.041809
2099.821181,2843.000000,2.881833,129.013100,711.374263,2.882833,-129.016710,0.042250
2099.810493,2844.000000,2.880810,129.109880,711.371909,2.881740,-129.113506,0.043764
2099.816496,2845.000000,2.881426,129.207620,711.374839,2.882523,-129.211219,0.040066
2099.822017,2846.000000,2.881995,129.305333,711.377613,2.883251,-129.308906,0.036521
2099.788921,2847.000000,2.878769,129.400821,711.368155,2.879640,-129.404468,0.045044
2099.726841,2848.000000,2.872697,129.494634,711.349516,2.872774,-129.498431,0.062625
2099.671708,2849.000000,2.867307,129.588844,711.333075,2.866688,-129.592772,0.078037
2099.628265,2850.000000,2.863065,129.683725,711.320334,2.861915,-129.687754,0.089799
2099.597428,2851.000000,2.860062,129.779330,711.311582,2.858558,-129.783428,0.097626
2099.618959,2852.000000,2.862204,129.877962,711.319409,2.861084,-129.881992,0.089096
2099.684359,2853.000000,2.868655,129.979135,711.341126,2.868538,-129.982984,0.066864
2099.731420,2854.000000,2.873305,130.079252,711.357033,2.873932,-130.082967,0.050363
2099.715207,2855.000000,2.871738,130.175705,711.352901,2.872217,-130.179451,0.053632
2099.644018,2856.000000,2.864771,130.268967,711.331356,2.864327,-130.272886,0.074079
2099.566004,2857.000000,2.857134,130.361827,711.307650,2.855670,-130.365937,0.096660
2099.551562,2858.000000,2.855741,130.458374,711.304070,2.854154,-130.462511,0.099384
2099.506996,2859.000000,2.851390,130.553169,711.290950,2.849254,-130.557409,0.111521
2099.482748,2860.000000,2.849034,130.649142,711.284261,2.846637,-130.653434,0.117313
2099.488642,2861.000000,2.849640,130.746868,711.287112,2.847405,-130.751134,0.113693
2099.474679,2862.000000,2.848295,130.843438,711.283674,2.845942,-130.847728,0.116278
2099.522652,2863.000000,2.853033,130.943618,711.299843,2.851437,-130.947773,0.099518
2099.536380,2864.000000,2.854408,131.041805,711.305167,2.853085,-131.045912,0.093458
2099.511014,2865.000000,2.851943,131.137709,711.298110,2.850341,-131.141872,0.099613
2099.539901,2866.000000,2.854806,131.236782,711.308229,2.853691,-131.240859,0.088824
2099.510369,2867.000000,2.851932,131.332442,711.299847,2.850479,-131.336583,0.096286
2099.518717,2868.000000,2.852778,131.430316,711.303457,2.851522,-131.434424,0.091918
2099.503736,2869.000000,2.851333,131.526824,711.299677,2.849945,-131.530960,0.094840
2099.540821,2870.000000,2.855002,131.626383,711.312380,2.854215,-131.630412,0.081500
2099.542297,2871.000000,2.855173,131.723856,711.313806,2.854486,-131.727871,0.079287
2099.523962,2872.000000,2.853399,131.820167,711.308955,2.852531,-131.824218,0.083265
2099.518574,2873.000000,2.852896,131.917237,711.308202,2.852031,-131.921291,0.083201
2099.530655,2874.000000,2.854109,132.015334,711.312978,2.853492,-132.019345,0.077683
2099.551872,2875.000000,2.856220,132.113970,711.320643,2.855980,-132.117915,0.069313
2099.569306,2876.000000,2.857959,132.212384,711.327108,2.858043,-132.216273,0.062128
2099.567467,2877.000000,2.857804,132.309665,711.327468,2.857941,-132.313548,0.060967
2099.552964,2878.000000,2.856406,132.406199,711.323814,2.856415,-132.410108,0.063764
2099.551230,2879.000000,2.856262,132.503485,711.324202,2.856325,-132.507388,0.062575
2099.579798,2880.000000,2.859095,132.602561,711.334181,2.859638,-132.606379,0.051923
2099.616264,2881.000000,2.862704,132.702106,711.346660,2.863838,-132.705819,0.038805
2099.628216,2882.000000,2.863904,132.800205,711.351373,2.865285,-132.803875,0.033349
2099.607844,2883.000000,2.861929,132.896391,711.345847,2.863099,-132.900104,0.037994
2099.558383,2884.000000,2.857096,132.990853,711.331107,2.857646,-132.994684,0.051730
2099.503097,2885.000000,2.851692,133.084966,711.314520,2.851539,-133.088929,0.067288
2099.516005,2886.000000,2.852986,133.183119,711.319524,2.853092,-133.187038,0.061544
2099.509939,2887.000000,2.852417,133.280147,711.318518,2.852513,-133.284071,0.061731
2099.538974,2888.000000,2.855295,133.379259,711.328623,2.855878,-133.383097,0.050955
2099.529053,2889.000000,2.854347,133.476059,711.326390,2.854866,-133.479911,0.052351
2099.533903,2890.000000,2.854850,133.573736,711.328832,2.855514,-133.577566,0.049136
2099.559615,2891.000000,2.857402,133.672656,711.337877,2.858505,-133.676408,0.039406
2099.548397,2892.000000,2.856327,133.769378,711.335225,2.857347,-133.773149,0.041216
2099.469107,2893.000000,2.848564,133.862041,711.311015,2.848542,-133.866007,0.064296
2099.435811,2894.000000,2.845319,133.957442,711.301367,2.844903,-133.961483,0.073009
2099.475915,2895.000000,2.849285,134.057221,711.314958,2.849511,-134.061148,0.058794
2099.484232,2896.000000,2.850129,134.155105,711.318480,2.850547,-134.159000,0.054512
2099.541756,2897.000000,2.855806,134.255932,711.337582,2.857111,-134.259667,0.034860
2099.570275,2898.000000,2.858634,134.355028,711.347497,2.860416,-134.358679,0.024272
2099.571283,2899.000000,2.858760,134.452480,711.348697,2.860631,-134.456118,0.022282
2099.543016,2900.000000,2.856009,134.548178,711.340623,2.857557,-134.551878,0.029442
2099.478246,2901.000000,2.849672,134.641685,711.320988,2.850382,-134.645543,0.048008
2099.449199,2902.000000,2.846845,134.737330,711.312663,2.847220,-134.741252,0.055416
2099.357995,2903.000000,2.837913,134.829240,711.284654,2.837075,-134.833389,0.082244
2099.311563,2904.000000,2.833378,134.923833,711.270820,2.831961,-134.928092,0.095088
2099.333297,2905.000000,2.835539,135.022521,711.278564,2.834503,-135.026713,0.086641
2099.421064,2906.000000,2.844187,135.125183,711.307215,2.844462,-135.129138,0.057568
2099.513111,2907.000000,2.853256,135.228112,711.337220,2.854903,-135.231817,0.027158
2099.472381,2908.000000,2.849281,135.323047,711.325178,2.850428,-135.326848,0.038234
2099.463714,2909.000000,2.848456,135.419913,711.323286,2.849554,-135.423725,0.039295
2099.390242,2910.000000,2.841265,135.512866,711.300871,2.841401,-135.516860,0.060605
2099.330822,2911.000000,2.835454,135.606663,711.282904,2.834826,-135.610800,0.077526
2099.263851,2912.000000,2.828903,135.699998,711.262544,2.827404,-135.704298,0.096808
2099.202507,2913.000000,2.822904,135.793668,711.243964,2.820613,-135.798117,0.114335
2099.190585,2914.000000,2.821759,135.890323,711.241028,2.819374,-135.894793,0.116426
2099.220599,2915.000000,2.824733,135.989516,711.251366,2.822844,-135.993899,0.105422
2099.278560,2916.000000,2.830453,136.090406,711.270548,2.829453,-136.094628,0.085690
2099.348165,2917.000000,2.837316,136.192008,711.293416,2.837371,-136.196039,0.062322
2099.351591,2918.000000,2.837679,136.289599,711.295328,2.837855,-136.293611,0.059630
2099.307479,2919.000000,2.833372,136.384303,711.282185,2.832999,-136.388420,0.071793
2099.296673,2920.000000,2.832337,136.481028,711.279585,2.831884,-136.485163,0.073553
2099.308879,2921.000000,2.833563,136.579151,711.284268,2.833354,-136.583244,0.068127
2099.293544,2922.000000,2.832083,136.675599,711.280228,2.831730,-136.679722,0.071308
2099.255038,2923.000000,2.828327,136.770635,711.268849,2.827503,-136.774848,0.081730
2099.234640,2924.000000,2.826349,136.866771,711.263201,2.825310,-136.871027,0.086498
2099.242966,2925.000000,2.827194,136.964657,711.266644,2.826343,-136.968882,0.082296
2099.266015,2926.000000,2.829484,137.063443,711.274745,2.829030,-137.067598,0.073498
2099.281664,2927.000000,2.831047,137.161779,711.280501,2.830886,-137.165884,0.067014
2099.275370,2928.000000,2.830456,137.258775,711.279306,2.830277,-137.262886,0.067388
2099.240782,2929.000000,2.827085,137.354040,711.269151,2.826489,-137.358231,0.076603
2099.183589,2930.000000,2.821493,137.447918,711.251836,2.820163,-137.452248,0.092882
2099.119874,2931.000000,2.815262,137.541392,711.232454,2.813104,-137.545877,0.111201
2099.065535,2932.000000,2.809951,137.635435,711.216038,2.807098,-137.640052,0.126593
2099.037230,2933.000000,2.807198,137.731071,711.207862,2.804016,-137.735751,0.133855
2099.050858,2934.000000,2.808562,137.829277,711.212957,2.805644,-137.833913,0.128024
2099.094212,2935.000000,2.812847,137.929311,711.227459,2.810610,-137.933824,0.112911
2099.118737,2936.000000,2.815282,138.028191,711.235998,2.813461,-138.032631,0.103681
2099.115059,2937.000000,2.814947,138.125338,711.235606,2.813144,-138.129778,0.103263
2099.095582,2938.000000,2.813060,138.221513,711.230209,2.811053,-138.225994,0.107784
2099.074101,2939.000000,2.810977,138.317563,711.224175,2.808737,-138.322090,0.112933
2099.055393,2940.000000,2.809166,138.413782,711.219016,2.806732,-138.418348,0.117219
2099.016373,2941.000000,2.805360,138.508746,711.207425,2.802446,-138.513404,0.127852
2098.954539,2942.000000,2.799313,138.602299,711.188608,2.795597,-138.607108,0.145612
2098.918019,2943.000000,2.795753,138.697411,711.177803,2.791592,-138.702304,0.155469
2098.944081,2944.000000,2.798339,138.796386,711.186804,2.794614,-138.801203,0.145784
2099.024038,2945.000000,2.806218,138.898697,711.212863,2.803689,-138.903297,0.119268
2099.084644,2946.000000,2.812196,138.999818,711.232796,2.810591,-139.004252,0.098798
2099.061729,2947.000000,2.809972,139.095771,711.226284,2.808113,-139.100255,0.104418
2099.021352,2948.000000,2.806033,139.190640,711.214242,2.803673,-139.195219,0.115496
2099.007395,2949.000000,2.804688,139.287143,711.210561,2.802201,-139.291749,0.118324
2099.015288,2950.000000,2.805490,139.385002,711.213794,2.803182,-139.389578,0.114330
2099.020078,2951.000000,2.805987,139.482669,711.216041,2.803815,-139.487223,0.111309
2099.001633,2952.000000,2.804201,139.578892,711.210931,2.801838,-139.583485,0.115547
2098.974209,2953.000000,2.801534,139.674555,711.202975,2.798852,-139.679210,0.122593
2098.977545,2954.000000,2.801888,139.772130,711.204753,2.799321,-139.776767,0.120035
2099.003168,2955.000000,2.804431,139.871093,711.213584,2.802293,-139.875654,0.110518
2098.994085,2956.000000,2.803565,139.967895,711.211425,2.801367,-139.972471,0.111844
2098.937208,2957.000000,2.798006,140.061716,711.194134,2.795073,-140.066431,0.128101
2098.871615,2958.000000,2.791591,140.154988,711.174082,2.787801,-140.159864,0.147083
2098.845452,2959.000000,2.789048,140.250717,711.166508,2.784956,-140.255651,0.153752
2098.862002,2960.000000,2.790699,140.349113,711.172451,2.786908,-140.353995,0.147085
2098.890844,2961.000000,2.793558,140.448279,711.182283,2.790241,-140.453077,0.136581
2098.893399,2962.000000,2.793835,140.545802,711.183790,2.790621,-140.550585,0.134290
2098.864722,2963.000000,2.791045,140.641370,711.175408,2.787494,-140.646218,0.141757
2098.854116,2964.000000,2.790030,140.738067,711.172744,2.786396,-140.742934,0.143582
2098.877858,2965.000000,2.792388,140.836918,711.180949,2.789155,-140.841714,0.134683
2098.913289,2966.000000,2.795894,140.936504,711.192851,2.793226,-140.941199,0.122136
2098.935651,2967.000000,2.798116,141.035272,711.200614,2.795830,-141.039901,0.113673
2098.933723,2968.000000,2.797953,141.132516,711.200685,2.795706,-141.137141,0.112800
2098.919820,2969.000000,2.796614,141.229007,711.196962,2.794237,-141.233659,0.115670
2098.877046,2970.000000,2.792439,141.323679,711.184097,2.789526,-141.328434,0.127561
2098.730083,2971.000000,2.778034,141.411788,711.138252,2.773114,-141.416915,0.171993
2098.256860,2972.000000,2.731603,141.479335,710.989177,2.720080,-141.485680,0.318282
2098.107298,2973.000000,2.716950,141.567246,710.942528,2.703385,-141.573969,0.363508
2097.954375,2974.000000,2.701969,141.654932,710.894820,2.686316,-141.662043,0.409779
2097.818942,2975.000000,2.688707,141.743710,710.852646,2.671211,-141.751163,0.450589
2097.669990,2976.000000,2.674119,141.831624,710.806199,2.654591,-141.839454,0.495616
2097.521651,2977.000000,2.659594,141.919565,710.759949,2.638041,-141.927771,0.540449
2097.523600,2978.000000,2.659811,142.016991,710.761215,2.638351,-142.025183,0.538397
2097.580981,2979.000000,2.665466,142.117923,710.780005,2.644878,-142.125958,0.519055
2097.608145,2980.000000,2.668156,142.216947,710.789238,2.648015,-142.224904,0.509142
2097.413846,2981.000000,2.649123,142.301950,710.728448,2.626311,-142.310400,0.568322
2097.264612,2982.000000,2.634513,142.389792,710.681910,2.609664,-142.398621,0.613440
2097.261037,2983.000000,2.634189,142.486857,710.681414,2.609353,-142.495686,0.613126
2097.336343,2984.000000,2.641600,142.588926,710.705851,2.617888,-142.597552,0.588212
2097.405407,2985.000000,2.648399,142.690605,710.728314,2.625724,-142.699044,0.565246
2097.463010,2986.000000,2.654075,142.791563,710.747151,2.632275,-142.799844,0.545857
2097.507687,2987.000000,2.658483,142.891703,710.761899,2.637375,-142.899860,0.530502
2097.587334,2988.000000,2.666322,142.994073,710.787702,2.646399,-143.002015,0.504240
2097.597201,2989.000000,2.667316,143.092006,710.791439,2.647595,-143.099915,0.499750
2097.561352,2990.000000,2.663825,143.187027,710.780718,2.643663,-143.195020,0.509527
2097.531679,2991.000000,2.660941,143.282438,710.771947,2.640423,-143.290500,0.517380
2097.544842,2992.000000,2.662258,143.380580,710.776717,2.641989,-143.388600,0.511872
2097.557610,2993.000000,2.663536,143.478698,710.781359,2.643510,-143.486677,0.506490
2097.481462,2994.000000,2.656092,143.571136,710.757884,2.635056,-143.579303,0.528851
2097.401260,2995.000000,2.648252,143.663308,710.733126,2.626148,-143.671675,0.552479
2097.379523,2996.000000,2.646145,143.759214,710.726850,2.623799,-143.767629,0.557870
2097.336379,2997.000000,2.641940,143.853747,710.713803,2.619048,-143.862266,0.569942
2097.343987,2998.000000,2.642712,143.951527,710.716797,2.619989,-143.960018,0.566186
2097.433938,2999.000000,2.651561,144.054586,710.745822,2.630166,-144.062836,0.536745
