u,v,region,status,c0_valid,c1_valid,c0_filter_reason,c1_filter_reason,c0_Xc_mm,c0_Yc_mm,c0_Zc_mm,c0_Xg_mm,c0_Yg_mm,c0_Zg_mm,c1_Xc_mm,c1_Yc_mm,c1_Zc_mm,c1_Xg_mm,c1_Yg_mm,c1_Zg_mm,delta_Xc_mm,delta_Yc_mm,delta_Zc_mm,delta_Xg_mm,delta_Yg_mm,delta_Zg_mm,delta_camera_norm_mm,delta_ground_norm_mm
2166.98822643515,0,other,invalid_both,False,False,no_valid_intersection,no_valid_intersection,,,,,,,,,,,,,,,,,,,,
2166.96190908179,1,other,invalid_both,False,False,no_valid_intersection,no_valid_intersection,,,,,,,,,,,,,,,,,,,,
2166.93559668958,2,other,invalid_both,False,False,no_valid_intersection,no_valid_intersection,,,,,,,,,,,,,,,,,,,,
2166.92794717103,4,other,invalid_both,False,False,no_valid_intersection,no_valid_intersection,,,,,,,,,,,,,,,,,,,,
2166.9454184249,5,other,invalid_both,False,False,no_valid_intersection,no_valid_intersection,,,,,,,,,,,,,,,,,,,,
2166.96244231984,6,other,invalid_both,False,False,no_valid_intersection,no_valid_intersection,,,,,,,,,,,,,,,,,,,,
2166.95354163647,7,other,invalid_both,False,False,no_valid_intersection,no_valid_intersection,,,,,,,,,,,,,,,,,,,,
2166.90878656507,8,other,invalid_both,False,False,no_valid_intersection,no_valid_intersection,,,,,,,,,,,,,,,,,,,,
2166.6761212945,11,other,invalid_both,False,False,no_valid_intersection,no_valid_intersection,,,,,,,,,,,,,,,,,,,,
2166.77384075522,14,other,invalid_both,False,False,no_valid_intersection,no_valid_intersection,,,,,,,,,,,,,,,,,,,,
2166.77251131833,15,other,invalid_both,False,False,no_valid_intersection,no_valid_intersection,,,,,,,,,,,,,,,,,,,,
2166.68798899651,16,other,invalid_both,False,False,no_valid_intersection,no_valid_intersection,,,,,,,,,,,,,,,,,,,,
2166.61542382836,17,other,invalid_both,False,False,no_valid_intersection,no_valid_intersection,,,,,,,,,,,,,,,,,,,,
2166.61754593253,18,other,invalid_both,False,False,no_valid_intersection,no_valid_intersection,,,,,,,,,,,,,,,,,,,,
2166.65222761035,19,other,invalid_both,False,False,no_valid_intersection,no_valid_intersection,,,,,,,,,,,,,,,,,,,,
2166.69267559052,20,other,invalid_both,False,False,no_valid_intersection,no_valid_intersection,,,,,,,,,,,,,,,,,,,,
2166.72811064124,21,other,invalid_both,False,False,no_valid_intersection,no_valid_intersection,,,,,,,,,,,,,,,,,,,,
2166.72966822982,22,other,invalid_both,False,False,no_valid_intersection,no_valid_intersection,,,,,,,,,,,,,,,,,,,,
2166.6794872582,23,other,invalid_both,False,False,no_valid_intersection,no_valid_intersection,,,,,,,,,,,,,,,,,,,,
2166.43709337711,26,other,invalid_both,False,False,no_valid_intersection,no_valid_intersection,,,,,,,,,,,,,,,,,,,,
2166.4885725975,28,other,invalid_both,False,False,no_valid_intersection,no_valid_intersection,,,,,,,,,,,,,,,,,,,,
2166.48937129974,29,other,invalid_both,False,False,no_valid_intersection,no_valid_intersection,,,,,,,,,,,,,,,,,,,,
2166.53161469102,30,other,invalid_both,False,False,no_valid_intersection,no_valid_intersection,,,,,,,,,,,,,,,,,,,,
2166.53448623419,31,other,invalid_both,False,False,no_valid_intersection,no_valid_intersection,,,,,,,,,,,,,,,,,,,,
2166.46152251959,33,other,invalid_both,False,False,no_valid_intersection,no_valid_intersection,,,,,,,,,,,,,,,,,,,,
2166.5025357008,34,other,invalid_both,False,False,no_valid_intersection,no_valid_intersection,,,,,,,,,,,,,,,,,,,,
2166.50053578615,35,other,invalid_both,False,False,no_valid_intersection,no_valid_intersection,,,,,,,,,,,,,,,,,,,,
2166.45806109905,36,other,invalid_both,False,False,no_valid_intersection,no_valid_intersection,,,,,,,,,,,,,,,,,,,,
2166.41457608342,37,other,invalid_both,False,False,no_valid_intersection,no_valid_intersection,,,,,,,,,,,,,,,,,,,,
2166.4011913538,40,other,invalid_both,False,False,no_valid_intersection,no_valid_intersection,,,,,,,,,,,,,,,,,,,,
2166.32407975197,41,other,invalid_both,False,False,no_valid_intersection,no_valid_intersection,,,,,,,,,,,,,,,,,,,,
2166.19722698629,44,other,invalid_both,False,False,no_valid_intersection,no_valid_intersection,,,,,,,,,,,,,,,,,,,,
2166.21937096119,45,other,invalid_both,False,False,no_valid_intersection,no_valid_intersection,,,,,,,,,,,,,,,,,,,,
2166.21279765666,46,other,invalid_both,False,False,no_valid_intersection,no_valid_intersection,,,,,,,,,,,,,,,,,,,,
2166.14566960931,47,other,invalid_both,False,False,no_valid_intersection,no_valid_intersection,,,,,,,,,,,,,,,,,,,,
2165.93857803568,49,other,invalid_both,False,False,no_valid_intersection,no_valid_intersection,,,,,,,,,,,,,,,,,,,,
2165.8948244676,50,other,invalid_both,False,False,no_valid_intersection,no_valid_intersection,,,,,,,,,,,,,,,,,,,,
2165.93772299588,52,other,invalid_both,False,False,no_valid_intersection,no_valid_intersection,,,,,,,,,,,,,,,,,,,,
2165.94088124111,53,other,invalid_both,False,False,no_valid_intersection,no_valid_intersection,,,,,,,,,,,,,,,,,,,,
2165.9473358281,54,other,invalid_both,False,False,no_valid_intersection,no_valid_intersection,,,,,,,,,,,,,,,,,,,,
2166.07586390525,56,other,invalid_both,False,False,no_valid_intersection,no_valid_intersection,,,,,,,,,,,,,,,,,,,,
2166.07490765303,58,other,invalid_both,False,False,no_valid_intersection,no_valid_intersection,,,,,,,,,,,,,,,,,,,,
2165.92828343064,62,other,invalid_both,False,False,no_valid_intersection,no_valid_intersection,,,,,,,,,,,,,,,,,,,,
2165.66071301699,72,other,invalid_both,False,False,no_valid_intersection,no_valid_intersection,,,,,,,,,,,,,,,,,,,,
2165.84200333059,73,other,invalid_both,False,False,no_valid_intersection,no_valid_intersection,,,,,,,,,,,,,,,,,,,,
2166.08027046174,74,other,invalid_both,False,False,no_valid_intersection,no_valid_intersection,,,,,,,,,,,,,,,,,,,,
2132.85780623555,75,other,common,True,True,valid,valid,6.09936362058464,-139.628990582484,712.949246860458,6.06920694617517,139.629272946149,0.809466744101201,6.10084286541436,-139.662854027139,713.122154487036,6.07841385805402,139.664550425492,0.637081418151297,0.00147924482971895,-0.0338634446552817,0.172907626577853,0.0092069118788487,0.0352774793426534,-0.172385325949904,0.176198661680428,0.176198661680419
2132.78467898071,76,other,common,True,True,valid,valid,6.09207519411364,-139.528082757933,712.931051619728,6.061148155415,139.528219581769,0.826491738668892,6.09354636811848,-139.561777366381,713.103217194999,6.07031384271319,139.563322157212,0.654845953187873,0.00147117400484387,-0.0336946084476324,0.172165575271038,0.00916568729818579,0.0351025754434318,-0.171645785481019,0.175437955698871,0.17543795569889
2132.86382679641,77,other,common,True,True,valid,valid,6.09999621487977,-139.436658351635,712.96129816776,6.07044895842271,139.437045791627,0.795883678301038,6.1014629089853,-139.47018475357,713.132723869787,6.07957710575178,139.471974110672,0.624975423413503,0.00146669410553368,-0.03352640193458,0.171425702026681,0.00912814732907208,0.034928319044127,-0.170908254887536,0.174679541256607,0.174679541256589
2132.95866745338,78,other,common,True,True,valid,valid,6.10948550450759,-139.346202463623,712.996538997234,6.08153971060471,139.346881363215,0.760364649305757,6.11094808053952,-139.379561150818,713.167226307649,6.0906307455842,139.381635929743,0.590192465135146,0.00146257603193245,-0.0333586871944647,0.170687310415701,0.00909103497948394,0.0347545665278233,-0.17017218417061,0.173922681318261,0.173922681318255
2132.93301539868,79,other,common,True,True,valid,valid,6.10693869126385,-139.248246550942,712.993442399135,6.07889270472478,139.248903387235,0.762543086711844,6.10839434626106,-139.281437879067,713.163392110418,6.08794386255574,139.283484563392,0.593106059007823,0.0014556549972129,-0.0331913281256675,0.169949711283834,0.00905115783096022,0.0345811761569905,-0.169437027704021,0.17316664678764,0.173166646787581
2132.92974753678,80,other,common,True,True,valid,valid,6.10662791443162,-139.1516820963,712.997466552266,6.07879779891869,139.152375102744,0.757719646355554,6.1080771827814,-139.18470656275,713.166680179857,6.08780968112067,139.186783398309,0.589016289243204,0.00144926834978243,-0.0330244664497172,0.169213627590921,0.00901188220198179,0.0344082955655267,-0.168703357112349,0.172412202368385,0.172412202368405
2132.97439466417,81,other,common,True,True,valid,valid,6.11110363194355,-139.058091279068,713.016735371229,6.08416604400706,139.058945126597,0.737905964120955,6.11254762857976,-139.090949405544,713.18521455755,6.09313983774051,139.093181076698,0.569934691065214,0.00144399663620653,-0.0328581264756451,0.168479186321292,0.0089737937334462,0.0342359501009071,-0.167971273055741,0.171659482188604,0.171659482188572
2133.04331281781,82,other,common,True,True,valid,valid,6.1180043358942,-138.966001315414,713.043727307339,6.09230207922876,138.9670791639,0.710498017019631,6.11944361983518,-138.998693599214,713.211473573864,6.10123841088978,139.00114327827,0.54325733721987,0.00143928394097781,-0.0326922837994061,0.167746266524659,0.00893633166101893,0.0340641143700111,-0.167240679799761,0.170908358166726,0.170908358166753
2133.07464820892,83,other,common,True,True,valid,valid,6.12115066865608,-138.871574046074,713.058759744796,6.09615290459624,138.87277809084,0.694849964601644,6.12258438116726,-138.904100922789,713.225774301436,6.105050970323,138.90667081496,0.528338634511897,0.00143371251118118,-0.0325268767156501,0.167014556640197,0.00889806572676122,0.0338927241195961,-0.166511330089747,0.170158500728472,0.170158500728531
2132.99483590759,84,other,common,True,True,valid,valid,6.11319278170701,-138.770255999977,713.038421025853,6.08732950553045,138.771296975276,0.713982887290626,6.11461840509108,-138.802617832661,713.204704714763,6.09618682772314,138.805018679078,0.548199955869904,0.00142562338407615,-0.0323618326841881,0.166283688909857,0.00885732219268931,0.0337217038019446,-0.165782931420722,0.169409521025776,0.169409521025765
2132.88253111392,85,other,common,True,True,valid,valid,6.10198959301923,-138.666932127705,713.007743225866,6.0748018847031,138.667725480126,0.743282469863175,6.10340642074862,-138.699129356427,713.173297284337,6.08361781277844,138.701276613792,0.578226673066069,0.00141682772939067,-0.0321972287223673,0.165554058471002,0.00881592807533593,0.0335511336658953,-0.165055796797105,0.168661836864287,0.168661836864252
2132.76482395828,86,other,common,True,True,valid,valid,6.09024780369035,-138.563282955443,712.975347810816,6.06165942014059,138.563814637998,0.774271112246993,6.09165574854035,-138.595316046202,713.140173611258,6.07043392823722,138.597195678742,0.609941078990801,0.00140794485000573,-0.0320330907584605,0.16482580044169,0.00877450809662861,0.0333810407446435,-0.164330033256192,0.167915591007757,0.167915591007847
2132.65983510017,87,other,common,True,True,valid,valid,6.07977732593373,-138.460429342903,712.947000002179,6.04996792335535,138.46073245673,0.801279769738358,6.08117670822355,-138.49229877862,713.111099006451,6.05870139674579,138.493943899424,0.637674057969548,0.00139938228981418,-0.0318694357169704,0.164099004271634,0.00873347339044273,0.0332114426942951,-0.16360571176881,0.16717087786649,0.167170877866562
2132.62620291114,88,other,common,True,True,valid,valid,6.07643392275077,-138.361991315309,712.941353016288,6.0464111150645,138.362251508241,0.805966343192722,6.0778263669782,-138.393697634928,713.104726976101,6.05510525484892,138.395293906148,0.643083280157953,0.00139244422742379,-0.0317063196195591,0.163373959812589,0.00869413978441713,0.0330423979068826,-0.162883063034769,0.166428003501783,0.166428003501864
2132.65717381239,89,other,common,True,True,valid,valid,6.07954256463264,-138.267542498688,712.95625724118,6.05021855481064,138.267927839262,0.790444506708468,6.08092952410247,-138.299086233336,713.118907871888,6.05887488944296,138.300801737529,0.628282448244249,0.00138695946982903,-0.0315437346477836,0.162650630708185,0.00865633463232029,0.0328738982667574,-0.162162058464219,0.165686929242687,0.165686929242691
2132.70056518912,90,other,common,True,True,valid,valid,6.08389185869432,-138.173855928933,712.975112448211,6.05544201975674,138.174398728578,0.771037564339053,6.08527361385618,-138.205237558176,713.137041204472,6.06406089435866,138.207104618661,0.609595073774017,0.00138175516185868,-0.0313816292429294,0.161928756260522,0.00861887460192179,0.0327058900831503,-0.161442490565037,0.164947379504337,0.164947379504425
2132.71840414405,91,other,common,True,True,valid,valid,6.08568915173021,-138.078589226945,712.985837229873,6.05775260008103,138.079222994816,0.759625437753698,6.08706514354606,-138.109809192997,713.147045377773,6.06633351269938,138.111761329277,0.598901228898171,0.00137599181585024,-0.0312199660520776,0.16120814789997,0.00858091261834204,0.0325383344610657,-0.160724208855527,0.164209154991763,0.164209154991732
2132.70494312048,92,other,common,True,True,valid,valid,6.08436021154819,-137.981391519746,712.986602135867,6.05649485842503,137.982034803548,0.758007101630483,6.08572976257153,-138.012450258773,713.147090913098,6.06503718754777,138.014406028668,0.597999911309671,0.00136955102334024,-0.0310587390271735,0.160488777230739,0.00854232912274,0.0323712251203006,-0.160007190320812,0.163472225643935,0.163472225643963
2132.68396750093,93,other,common,True,True,valid,valid,6.08228072370398,-137.883731040332,712.984974785938,6.05438038338024,137.884364276057,0.758741153226993,6.08364368457373,-137.914629010768,713.144745547187,6.06288404028122,137.916568861342,0.599449625218881,0.00136296086974763,-0.0308979704357171,0.159770761248183,0.00850365690097732,0.0322045852850579,-0.159291528008112,0.162736714939201,0.162736714939288
2132.65086817741,94,other,common,True,True,valid,valid,6.07899037638904,-137.785325249944,712.979488745695,6.05088377192422,137.785916880961,0.763269586949264,6.08034649983585,-137.816062905152,713.138542822427,6.05934856902945,137.817955290656,0.604692383802444,0.00135612344680958,-0.0307376552072753,0.159054076732559,0.0084647971052263,0.0320384096951045,-0.15857720314682,0.162002598262161,0.162002598262163
2132.56480187178,95,other,common,True,True,valid,valid,6.07041019982042,-137.683665218499,712.957149828324,6.04134927813778,137.684077420805,0.784369976423363,6.07175835908454,-137.714242972337,713.115488351559,6.04977414030466,137.715950078011,0.62650592122634,0.00134815926412735,-0.0305777538375764,0.15833852323442,0.00842486216688343,0.0318726572068613,-0.157864055197024,0.161269663927255,0.161269663927243
2132.49046379328,96,other,common,True,True,valid,valid,6.06300179843316,-137.582731916464,712.938541991467,6.03315216902989,137.582995202884,0.801801559425485,6.06434227460476,-137.613150243868,713.096166409062,6.04153744171736,137.614702594374,0.644649222288763,0.00134047617160071,-0.0304183274043339,0.157624417595002,0.00838527268746248,0.0317073914892489,-0.157152337136722,0.160538246348363,0.160538246348431
2132.39923006296,97,other,common,True,True,valid,valid,6.05390667098677,-137.480766962163,712.914559041182,6.02302974456599,137.480837374436,0.824518728330759,6.05523912841144,-137.511026310158,713.071470660237,6.03137515081496,137.512379957915,0.668076792135594,0.00133245742467647,-0.0302593479953828,0.156911619055336,0.00834540624897784,0.0315425834789949,-0.156441936195165,0.159808196843782,0.159808196843848
2132.4060100019,98,other,common,True,True,valid,valid,6.05459907333283,-137.384819844786,712.921754646035,6.02407878045043,137.384952363397,0.81657708713783,6.05592563199918,-137.414920768263,713.077955332587,6.03238652146781,137.41633070901,0.660843787239401,0.00132655866634934,-0.0301009234769367,0.156200686552438,0.00830774101737575,0.0313783456132342,-0.155733299898429,0.159080105077639,0.159080105077566
2132.45997491479,99,other,common,True,True,valid,valid,6.06000337696219,-137.291762762319,712.943959971408,6.03050596045112,137.292080138086,0.793875882481984,6.06132504917962,-137.321705766842,713.099451340944,6.03877711967565,137.323294764603,0.638849654527348,0.00132167221742296,-0.0299430045226927,0.155491369535525,0.00827115922453459,0.0312146265167996,-0.155026227954636,0.158353706421194,0.158353706421238
2132.50669813156,100,other,common,True,True,valid,valid,6.06468479539352,-137.198256349142,712.963861382,6.03610799214051,137.198739740637,0.77344016442521,6.06600142951107,-137.22804188809,713.118644783965,6.04434247832569,137.229791112466,0.619119657283704,0.00131663411755056,-0.0297855389475217,0.154783401964892,0.00823448618518086,0.0310513718288234,-0.154320507141506,0.157628720034196,0.157628720034128
2132.64687991142,101,other,common,True,True,valid,valid,6.07870069743334,-137.110465644392,713.013499581183,6.0523644511214,137.111358242028,0.72376315353722,6.08001426248091,-137.140094264765,713.167576851657,6.06056431332845,137.142246921178,0.570146625665757,0.00131356504756397,-0.029628620373046,0.154077270474318,0.00819986220705005,0.0308886791507064,-0.153616527871463,0.156905659155941,0.156905659155985
2132.60946652293,102,other,common,True,True,valid,valid,6.07497942413101,-137.011798178652,713.006629722592,6.04837548430068,137.012637854432,0.729652537554671,6.07628618574557,-137.041270172893,713.16000138521,6.05653701524909,137.043364137622,0.576739301048974,0.00130676161456389,-0.0294719942410211,0.153371662618383,0.00816153094841354,0.0307262831908872,-0.152913236505697,0.156183139182138,0.156183139182165
2132.48041349649,103,other,common,True,True,valid,valid,6.06210616728762,-136.907531244761,712.970601431501,6.03394025926107,136.908079537956,0.764214579414329,6.06340423419503,-136.936846985987,713.123268428439,6.0420616116205,136.938643806003,0.612003611445857,0.00129806690741407,-0.0293157412259575,0.152666996937683,0.00812135235943146,0.030564268046902,-0.152210967968472,0.155461601739123,0.155461601739105
2132.29403725266,104,other,common,True,True,valid,valid,6.04351037888356,-136.799774088385,712.916339625567,6.01297315497822,136.799881883016,0.816706480534322,6.04479859824079,-136.82893398156,713.068303065888,6.02105322656932,136.830284549945,0.665196624881446,0.00128821935723167,-0.0291598931742385,0.15196344032131,0.00808007159109536,0.0304026669298025,-0.151509855652876,0.154741222928261,0.154741222928207
2132.18506650627,105,other,common,True,True,valid,valid,6.03264544621678,-136.696756506162,712.886705334738,6.00083005953777,136.696625208295,0.844981284879168,6.03392546425991,-136.725761080743,713.037966975036,6.00887057339927,136.726866817926,0.694170864806438,0.00128001804313005,-0.0290045745809664,0.151261640298799,0.00804051386149496,0.0302416096303659,-0.15081042007273,0.154022685402822,0.154022685402851
2132.18660528958,106,other,common,True,True,valid,valid,6.03281435524757,-136.600485859978,712.892222570562,6.00128110036828,136.600402942611,0.838690189037379,6.03408847645739,-136.629335674685,713.042784322939,6.00928444407525,136.630484069292,0.688577402175383,0.00127412120981862,-0.0288498147062057,0.150561752377143,0.00800334370696021,0.0300811266803578,-0.150112786861996,0.153306152754271,0.153306152754306
2132.2074958384,107,other,common,True,True,valid,valid,6.03491540933798,-136.50539298103,712.903894357623,6.0039374735062,136.505408776868,0.826347060390958,6.03618404115132,-136.53408850905,713.053757694371,6.01190411983215,136.535329905822,0.676930458084257,0.00126863181334258,-0.028695528020279,0.149863336748467,0.00796664632594712,0.0299211289533901,-0.149416602306701,0.152591161134664,0.152591161134605
2132.1959015429,108,other,common,True,True,valid,valid,6.0337730781901,-136.408318869927,712.905231503597,6.00289172923767,136.408348861076,0.82416644317118,6.03503556670654,-136.436860535961,713.0543976483,6.0108210795656,136.438110427002,0.675444777298594,0.00126248851644739,-0.0285416660337603,0.149166144703372,0.00792935032792741,0.0297615659260657,-0.148721665872586,0.151877448302584,0.151877448302609
2132.15743932128,109,other,common,True,True,valid,valid,6.02994820339613,-136.309609518124,712.898020593806,5.99878401035381,136.309583797473,0.830391543786277,6.03120401784439,-136.337997751537,713.046490796898,6.00667559027282,136.339186239958,0.682363544955479,0.00125581444825507,-0.0283882334134375,0.148470203092302,0.00789157991900424,0.0296024424847872,-0.148027998830798,0.151165042495061,0.151165042495062
2132.0979385078,110,other,common,True,True,valid,valid,6.02402299162533,-136.209622964068,712.884116340409,5.99227884911143,136.209486792475,0.84319856751722,6.02527172648632,-136.237858199032,713.031891879971,6.00013231057328,136.238930556136,0.695862944365103,0.00124873486099109,-0.028235234964086,0.147775539561962,0.00785346146185617,0.0294437636603959,-0.147335623152117,0.15045397277925,0.150453972779201
2132.05279327929,111,other,common,True,True,valid,valid,6.01953117486097,-136.110512555132,712.874777430075,5.98740972752432,136.110303268473,0.851516322318389,6.02077314140135,-136.138595257501,713.021859751827,5.99522544604175,136.139588830981,0.704871648369021,0.00124196654038666,-0.0280827023696304,0.147082321751441,0.00781571851742768,0.0292855625078801,-0.146644673949368,0.149744415672382,0.149744415672381
2132.07843798399,112,other,common,True,True,valid,valid,6.02210660372328,-136.015702808367,712.887954269418,5.99060728135855,136.015604543587,0.837693255909585,6.02334323718253,-136.043633494445,713.034345084951,5.99838676717523,136.044732435236,0.691737889828005,0.00123663345925085,-0.0279306860778945,0.146390815533096,0.00777948581668397,0.0291278916493525,-0.14595536608158,0.149036651061205,0.149036651061128
2132.18352019787,113,other,common,True,True,valid,valid,6.03261329855863,-135.92570971354,712.926400352172,6.00285775701795,135.925929126374,0.799021632905124,6.03384618619641,-135.953488906216,713.07210141109,6.0106026739448,135.954899884357,0.653753902244489,0.0012328876377854,-0.0277791926764053,0.145701058918348,0.00774491692685331,0.0289707579833305,-0.145267730660635,0.148330718759157,0.148330718759208
2132.33209243417,114,other,common,True,True,valid,valid,6.04746388514202,-135.838344370649,712.978686178759,6.02006644929819,135.838994644982,0.746740588756552,6.04869388004635,-135.865972559021,713.123699058133,6.02777771999833,135.867808771287,0.602158960276142,0.00122999490433173,-0.0276281883715228,0.145012879374349,0.00771127070014188,0.0288141263050647,-0.14458162848041,0.147626436875637,0.147626436875589
2132.41155138612,115,other,common,True,True,valid,valid,6.05541427922202,-135.746777338297,713.0089860072,6.02939903394195,135.747678669639,0.716079452208078,6.05664000315339,-135.774254908933,713.153311752249,6.03707532821381,135.776336559377,0.572182823222761,0.00122572393137244,-0.027477570636421,0.144325745049514,0.00767629427186023,0.0286578897382697,-0.143896628985317,0.146923245170166,0.146923245170181
2132.39627975225,116,other,common,True,True,valid,valid,6.05390457216806,-135.649465063276,713.009142845023,6.02793352376454,135.65037093763,0.715059523638956,6.05512416389025,-135.676792379513,713.152782381803,6.03557302356743,135.678872961703,0.571846888688469,0.00121959172218489,-0.0273273162366365,0.143639536779915,0.00763949980288459,0.0285020240739584,-0.143212634950487,0.146221018130139,0.146221018130131
2132.34587424994,117,other,common,True,True,valid,valid,6.04888627857177,-135.550026493782,712.998119018121,6.02246313514451,135.550845473798,0.725034193090096,6.05009906680563,-135.577203972356,713.14107355383,6.03006522376942,135.579192058811,0.582504319578447,0.00121278823385662,-0.0271774785736909,0.142954535708554,0.00760208862490686,0.0283465850128835,-0.142529873511648,0.145520051802396,0.145520051802492
2132.33133941889,118,other,common,True,True,valid,valid,6.04745018869587,-135.452760288346,712.998507617227,6.02108152803752,135.453585706689,0.723786416258463,6.04865689140915,-135.479788409002,713.140778691292,6.02864699148092,135.48177734497,0.581937802421635,0.00120670271327938,-0.0270281206559844,0.142271074065889,0.00756546344339881,0.0281916382805036,-0.141848613836828,0.144820695874223,0.14482069587418
2132.3648070097,119,other,common,True,True,valid,valid,6.05080775122378,-135.358394956504,713.014169034916,6.02517150984859,135.359351716965,0.707519999528586,6.05200931089278,-135.385274208817,713.155758241541,6.03270136083907,135.387388911118,0.566351099018334,0.00120155966899826,-0.0268792523125683,0.141589206624985,0.00752985099047976,0.0280371941538249,-0.141168900510252,0.144123007820451,0.144123007820512
2132.35018259287,120,other,common,True,True,valid,valid,6.04936268842742,-135.261121123268,713.014526491078,6.02377954725807,135.26208406742,0.706302869241881,6.05055818514124,-135.287851910318,713.155434974703,6.03127291789941,135.289967229881,0.565812500910738,0.00119549671381858,-0.0267307870496154,0.14090848362514,0.00749337064134181,0.0278831624608245,-0.140490368331143,0.143426514097711,0.143426514097657
2132.28076925874,121,other,common,True,True,valid,valid,6.04244636312514,-135.160540917831,712.997449021103,6.01614241017422,135.161367459616,0.722230590731215,6.04363476212119,-135.187123636399,713.137677895583,6.02359831646654,135.189096996268,0.582417598792745,0.00118839899604861,-0.0265827185678518,0.140228874479249,0.0074559062923214,0.0277295366520889,-0.13981299193847,0.142731182494745,0.142731182494808
2132.21388474107,122,other,common,True,True,valid,valid,6.03578290125367,-135.060118047284,712.981175595489,6.00879382459913,135.060814762164,0.737367709324417,6.03696427522341,-135.086553144507,713.120726241287,6.0162124008044,135.088391131427,0.598230721655796,0.00118137396974127,-0.0264350972229579,0.139550645797613,0.00741857620526787,0.027576369263727,-0.139136987668621,0.142037293525941,0.142037293525964
2132.16929066181,123,other,common,True,True,valid,valid,6.03134543398494,-134.961042866546,712.971993534318,6.00398600766993,134.961667748917,0.745531499009644,6.03252022962747,-134.987330806244,713.110867422477,6.01136776573202,134.989091426637,0.607069069885029,0.00117479564252942,-0.026287939698733,0.13887388815931,0.0073817580620954,0.0274236777203214,-0.138462429124615,0.141344942360491,0.14134494236047
2132.10958957672,124,other,common,True,True,valid,valid,6.02539972980605,-134.861060703742,712.958003967869,5.9974565532566,134.861574436777,0.758422865750504,6.02656768186231,-134.88720191598,713.09620239521,6.00480128608715,134.888845863617,0.620633691333524,0.00116795205625753,-0.0261412122383717,0.138198427340853,0.00734473283054626,0.0272714268402012,-0.13778917441698,0.140653945585549,0.140653945585488
2132.01573067531,125,other,common,True,True,valid,valid,6.01604401259384,-134.759027513738,712.93314670352,5.98703467987453,134.759341219056,0.782001216994558,6.01720450217712,-134.785022411275,713.070670878641,5.99434182316856,134.786460817652,0.64488406560406,0.00116048958327575,-0.0259948975364068,0.137524175120575,0.00730714329403526,0.027119598596471,-0.137117151390498,0.139964210341772,0.13996421034178
2131.90325456113,126,other,common,True,True,valid,valid,6.00483045178107,-134.655882339414,712.902367471456,5.97449209044003,134.655947585694,0.811403123215314,6.0059831597948,-134.681731348127,713.039218674598,5.98176138258495,134.682915792389,0.674956705131422,0.00115270801372702,-0.0258490087129815,0.136851203141873,0.00726929214491889,0.0269682066952441,-0.136446418083892,0.139275811929376,0.139275811929315
2131.84234595299,127,other,common,True,True,valid,valid,5.99876538250385,-134.555843499153,712.88799239247,5.9678261509272,134.555794442753,0.824673795071021,5.99991130006549,-134.581547105521,713.024172225798,5.9750586536016,134.582611757122,0.688896558143711,0.00114591756163396,-0.0257036063680403,0.13617983332756,0.00723250267440534,0.0268173143691399,-0.135777236927311,0.13858908872095,0.138589088721023
2131.85683010519,128,other,common,True,True,valid,valid,6.00022637062341,-134.460333996426,712.897598349001,5.9697507596388,134.46036675932,0.814362291103294,6.00136691551044,-134.485892706544,713.033108521543,5.97694796553087,134.487033701428,0.679252595693697,0.00114054488702653,-0.0255587101177639,0.135510172541444,0.00719720589206929,0.0266669421083634,-0.135109695409596,0.13790415282991,0.137904152829919
2131.87981694937,129,other,common,True,True,valid,valid,6.00253619169511,-134.36533197994,712.909908051916,5.97264421837851,134.365468674042,0.801391998014878,6.00367152934121,-134.390746240655,713.044749963908,5.9798063552848,134.391985702182,0.666948456397904,0.00113533764610185,-0.025414260715138,0.134841911992226,0.0071621369062953,0.0265170281406029,-0.134443541616974,0.137220679450973,0.137220679450982
2131.90894519538,130,other,common,True,True,valid,valid,6.00545918368369,-134.270694854507,712.924170593547,5.97623753345988,134.270951450676,0.786501327773408,6.00658943393816,-134.29596510985,713.058345633387,5.98336478310924,134.297319020229,0.652722561987048,0.00113025025447033,-0.0252702553435995,0.134175039840557,0.00712724964935774,0.0263675695523773,-0.13377876578636,0.1365386560172,0.136538656017208
2131.96862952784,131,other,common,True,True,valid,valid,6.01143284621526,-134.17788435487,712.948153592679,5.98331300245317,134.178340349373,0.76205180041336,6.01255857238344,-134.203011069161,713.08166325894,5.99040599451117,134.204558936906,0.628936342455745,0.00112572616817896,-0.0251267142914458,0.13350966626183,0.00709299205799852,0.0262185875331795,-0.133115457957615,0.135858198191478,0.13585819819148
2132.04105242714,132,other,common,True,True,valid,valid,6.01867874628097,-134.085830231092,712.97618991412,5.99184063453295,134.086518773162,0.733616299266487,6.01980018014405,-134.110813852402,713.109035622729,5.9988996637791,134.11258883832,0.601162748720981,0.0011214338630765,-0.0249836213093602,0.132845708608556,0.00705902924615032,0.0260700651576826,-0.132453550545506,0.135179218977431,0.135179218977381
2132.08239423484,133,other,common,True,True,valid,valid,6.02282178724169,-133.99190950421,712.99433733575,5.99682644949191,133.992749720298,0.714905259412376,6.0239383661705,-134.016750442241,713.126520302731,6.00385100815601,134.018671682722,0.583112379672457,0.00111657892881301,-0.024840938030195,0.132182966980395,0.00702455866409935,0.0259219624240359,-0.131792879739919,0.134501508208884,0.134501508208939
2132.07081922889,134,other,common,True,True,valid,valid,6.02168132268063,-133.89482058294,712.995646384769,5.99578131738592,133.895674764874,0.71275267251292,6.02279210030783,-133.919519228241,713.127167727373,6.00277050992909,133.921449024245,0.581619308305108,0.00111077762719614,-0.0246986453004183,0.13152134260406,0.00698919254317332,0.025774259370877,-0.131133364207813,0.133824962047398,0.133824962047376
2132.00801829156,135,other,common,True,True,valid,valid,6.01542624884573,-133.79467132841,712.980654838962,5.98889800337694,133.795406165867,0.726629762218181,6.01653032333818,-133.819228072642,713.111515682742,5.99585097912106,133.821033123045,0.596154751980293,0.0011040744924502,-0.0245567442320009,0.130860843779601,0.00695297574411313,0.0256269571780194,-0.130475010237888,0.133149589193771,0.133149589193805
2131.90494942665,136,other,common,True,True,valid,valid,6.00515130833458,-133.692122833147,712.952850979553,5.9774260900605,133.692633543629,0.753106283977786,6.00624798650928,-133.716538076946,713.083052500067,5.98434220900398,133.718113608857,0.623288425608735,0.00109667817469994,-0.0244152437985861,0.130201520513538,0.00691611894347943,0.0254800652282086,-0.129817858369051,0.132475442164955,0.132475442164958
2131.80297467113,137,other,common,True,True,valid,valid,5.99498642129284,-133.589647621458,712.925395939444,5.9660797106083,133.589937057435,0.779239874689551,5.9960757524941,-133.613921800095,713.054939498577,5.9729590828619,133.615270677118,0.650077813483335,0.00108933120126231,-0.0242741786374552,0.12954355913314,0.00687937225360002,0.0253336196824705,-0.129162061206216,0.131802716602771,0.131802716602724
2131.73028931022,138,other,common,True,True,valid,valid,5.98774594388241,-133.488925733801,712.90725882482,5.95807135515301,133.489070099456,0.796210470557412,5.98882847335976,-133.513059305659,713.036145910131,5.96491459185364,133.514257744134,0.66770274865803,0.00108252947734577,-0.0241335718583287,0.128887085311362,0.00684323670062525,0.0251876446783683,-0.128507721899382,0.131131544339144,0.131131544339085
2131.63463687897,139,other,common,True,True,valid,valid,5.97821347279169,-133.386841433473,712.881815557711,5.94744668689439,133.386780976961,0.820365885340834,5.97928882278172,-133.410834811973,713.010047421083,5.95425346655627,133.411823070288,0.692511238629436,0.00107534999002823,-0.0239933784997959,0.128231863371866,0.00680677966187915,0.02504209332713,-0.127854646711398,0.130461677795652,0.13046167779569
2131.53267797828,140,other,common,True,True,valid,valid,5.96805231098855,-133.284389242342,712.854366812751,5.93610430236032,133.284107562077,0.846493542445387,5.96912040009589,-133.30824285436,712.981944780342,5.94287460288914,133.309004541769,0.719290645983619,0.00106808910734113,-0.0238536120178026,0.127577967591037,0.00677030052882088,0.0248969796921017,-0.127202896461768,0.129793194872831,0.129793194872854
2131.58568197489,141,other,common,True,True,valid,valid,5.97335736714879,-133.191157963379,712.876207080584,5.9424160536086,133.191058158277,0.824151148984811,5.97442091092471,-133.214872370262,713.003133197078,5.94915267917281,133.215810602397,0.697598086384232,0.00106354377592321,-0.0237144068826467,0.126926116494246,0.00673662556420851,0.0247524441199118,-0.126553062600578,0.129126849521972,0.12912684952204
2131.60757407546,142,other,common,True,True,valid,valid,5.97555741049098,-133.096072467966,712.888150610654,5.94518348071669,133.096073599913,0.811541051490508,5.97661587437594,-133.119648073765,713.014426087501,5.95188595138476,133.120681922414,0.685636591926368,0.00105846388495756,-0.0235756057986691,0.126275476846899,0.00670247066807406,0.0246083225005407,-0.12590445956414,0.128461767026154,0.128461767026167
2131.74249613285,143,other,common,True,True,valid,valid,5.9890399052273,-133.007695213293,712.936050757663,5.96082946480177,133.008091345873,0.763571612807937,5.99009523585861,-133.031132541676,713.061677446487,5.96749980796933,133.03255608556,0.638313998015406,0.00105533063130991,-0.023437328383153,0.125626688824241,0.00667034316755633,0.0244647396867492,-0.125257614792531,0.127798619043493,0.127798619043507
2131.85176771879,144,other,common,True,True,valid,valid,5.99996338222932,-132.917783927529,712.975794536528,5.97355437616845,132.918508356025,0.723622968568066,6.00101512933279,-132.941083385432,713.100773670395,5.98019219707153,132.942829929912,0.599010949926537,0.00105174710346212,-0.0232994579031072,0.124979133866645,0.00663782090308018,0.0243215738868514,-0.124612018641528,0.127136756339798,0.127136756339744
2131.92708431929,145,other,common,True,True,valid,valid,6.00749792213455,-132.825848952949,713.004736742286,5.98241087394072,132.826813339266,0.694296419755119,6.00854550127358,-132.849010939901,713.129069517415,5.9890156421406,132.850992156659,0.570328779382407,0.00104757913903608,-0.0231619869521751,0.124332775129687,0.00660476819988531,0.0241788173931923,-0.123967640372712,0.126476140173057,0.1264761401731
2131.94429815188,146,other,common,True,True,valid,valid,6.00923178845119,-132.73046315142,713.015190628254,5.98464600603852,132.731516292797,0.6831510944412,6.01027421630349,-132.753488046533,713.138878134409,5.99121678785184,132.755552741714,0.55982670277649,0.00104242785229758,-0.0230248951127692,0.123687506155193,0.00657078181331627,0.0240364489175988,-0.12332439166471,0.125816658792356,0.125816658792376
2131.87496578693,147,other,common,True,True,valid,valid,6.0023248834812,-132.629949451843,712.998103886823,5.97701784035892,132.630866112743,0.699089043340678,6.00336071411231,-132.652837610501,713.121147089294,5.98355323438985,132.654760556457,0.576406874258964,0.00103583063111845,-0.0228881586573095,0.123043202471081,0.00653539403092651,0.0238944437144823,-0.122682169081713,0.125158181618933,0.125158181618934
2131.77330012619,148,other,common,True,True,valid,valid,5.9921905119974,-132.527527474081,712.970728918998,5.96570551141457,132.528223514048,0.725144446320769,5.99321922848134,-132.55027929611,713.093129022923,5.97220505506639,132.551976362236,0.603103276057368,0.00102871648393954,-0.0227518220282548,0.122400103924747,0.00649954365182737,0.0237528481878826,-0.122041170263401,0.124500960253319,0.124500960253241
2131.71571114659,149,other,common,True,True,valid,valid,5.98645675781424,-132.427719297258,712.957377798469,5.95941631569665,132.428309407446,0.737408941265699,5.98747912225181,-132.450335244593,713.079136344141,5.96588083909992,132.451921134634,0.61600726902202,0.00102236443756887,-0.0226159473349696,0.121758545672606,0.00646452340326675,0.0236117271881824,-0.121401672243678,0.123845346086195,0.123845346086165
2131.68371447921,150,other,common,True,True,valid,valid,5.98327786656811,-132.329426852382,712.95216806001,5.95604337780387,132.329977615467,0.741667276662497,5.98429432369141,-132.351907370845,713.073286504775,5.96247339033072,132.353448679389,0.620903670161852,0.00101645712330001,-0.0224805184626291,0.121118444765216,0.00643001252684883,0.0234710639222158,-0.120763606500645,0.123191251953119,0.123191251953127
2131.61290666461,151,other,common,True,True,valid,valid,5.9762250107697,-132.228844739487,712.934609454009,5.94824830603446,132.229255162394,0.758069506905827,5.97723493889188,-132.251190221564,713.055088972445,5.95464323906682,132.252585965136,0.637942768161224,0.00100992812217626,-0.0223454820768154,0.120479518435559,0.00639493303235383,0.0233308027429189,-0.120126738744602,0.122538381279179,0.122538381279219
2131.55693393946,152,other,common,True,True,valid,valid,5.97065322282948,-132.129142700898,712.921769785208,5.9421437743632,132.129451376465,0.769831199904047,5.97165688838999,-132.151353582207,713.041611785901,5.94850395698009,132.152642365161,0.650339937279341,0.0010036655605079,-0.0222108813088084,0.119842000693325,0.00636018261688776,0.0231909886955179,-0.119491262624706,0.121886979301524,0.121886979301492
2131.54268670082,153,other,common,True,True,valid,valid,5.96924621427708,-132.031903712337,712.922203104755,5.94079321170081,132.032219191336,0.768540273606163,5.9702443175823,-132.053980449459,713.04140911197,5.94711941158453,132.055270835025,0.649682999506581,0.000998103305218656,-0.0220767371220916,0.119206007214302,0.0063261998837163,0.023051643689513,-0.118857274099582,0.121237167107047,0.12123716710704
2131.44436219335,154,other,common,True,True,valid,valid,5.95944780064794,-131.929712665117,712.895888526883,5.92986389569839,131.929816194249,0.793553315994814,5.96043899394572,-131.951655612072,713.014459517075,5.93615481003741,131.952728854932,0.675328997524844,0.000991193297782189,-0.021942946955221,0.118570990192666,0.00629091433902573,0.0229126606833461,-0.11822431846997,0.120588370502725,0.120588370502715
2131.37264955044,155,other,common,True,True,valid,valid,5.95230587761764,-131.829095288561,712.878039400982,5.9219668515509,131.829056100925,0.810241488812494,5.95329061781319,-131.85090488836,712.995976831342,5.92822300187231,131.851830233525,0.692648694373133,0.000984740195549172,-0.0218095997992407,0.117937430359916,0.00625615032141269,0.0227741325996647,-0.117592794439361,0.119941093193933,0.119941093193988
2131.29717212915,156,other,common,True,True,valid,valid,5.9447886476047,-131.728261619555,712.858992308969,5.91364131976038,131.728069917597,0.8281078136622,5.94576689800004,-131.749938289938,712.976297503886,5.91986272854659,131.750705950678,0.71114522200844,0.000978250395341718,-0.0216766703823623,0.117305194917208,0.00622140878621025,0.0226360330805733,-0.11696259165376,0.119295195910253,0.119295195910288
2131.28092414141,157,other,common,True,True,valid,valid,5.94318215071031,-131.63091360678,712.858783792937,5.91206277198858,131.630723458778,0.827448234418284,5.94415487931609,-131.652457815223,712.975458347627,5.91825047753041,131.653221872857,0.711114299151745,0.000972728605780127,-0.0215442084431174,0.116674554690235,0.00618770554183357,0.0224984140795925,-0.116333935266539,0.118650962198145,0.118650962198241
2131.31135180593,158,other,common,True,True,valid,valid,5.94623344700564,-131.536306388236,712.873420627454,5.91580100988795,131.536239204714,0.812189648447884,5.94720140756536,-131.557718591085,712.989466080661,5.92195583389967,131.558600468717,0.696482869898773,0.000967960559712822,-0.021412202848893,0.116045453207448,0.00615482401171619,0.0223612640022566,-0.115706778549111,0.11800833270837,0.118008332708359
2131.34958139062,159,other,common,True,True,valid,valid,5.95006346353992,-131.442153143684,712.890538552609,5.92042810610327,131.442229216016,0.794491121574538,5.95102678501857,-131.463433765328,713.005956274104,5.9265502385935,131.464453765526,0.679410140636037,0.000963321478648638,-0.0212806216436263,0.115417721495191,0.00612213249022631,0.022224549510554,-0.115080980938501,0.117367130325965,0.117367130325925
2131.41020444036,160,other,common,True,True,valid,valid,5.956128555357,-131.349308546013,712.914779831739,5.92760648910648,131.349586131723,0.769787396767356,5.95708759349162,-131.370458021664,713.029571252749,5.93369634937609,131.371674413653,0.655330803181073,0.00095903813461895,-0.0211494756502759,0.11479142101075,0.00608986026960423,0.0220882819301949,-0.114456593586283,0.116727419281386,0.116727419281447
2131.47518503666,161,other,common,True,True,valid,valid,5.96262896461537,-131.256713041134,712.940407773282,5.93528174647205,131.257203481068,0.743719974290912,5.963583788206,-131.27773179088,713.05457424651,5.94133946366236,131.279155926565,0.629886423272978,0.000954823590628706,-0.0210187497467587,0.114166473227442,0.00605771719030912,0.0219524454968223,-0.113833551017933,0.116089117225511,0.116089117225523
2131.45331633091,162,other,common,True,True,valid,valid,5.96046128597296,-131.159025222935,712.938404396383,5.9330623433081,131.159502538101,0.744825490956714,5.96141054835125,-131.179913594194,713.051946884601,5.93908661508008,131.181319502448,0.631613963275413,0.000949262378296289,-0.0208883712593035,0.113542488217945,0.0060242717719845,0.0218169643476642,-0.113211527681301,0.115451815852552,0.115451815852606
2131.52414450049,163,other,common,True,True,valid,valid,5.96754571508338,-131.066762109453,712.9658919164,5.94140417157201,131.0674674875,0.716929283974878,5.96849086077978,-131.087520590756,713.078812148031,5.94739651821477,131.089149473359,0.604338121670366,0.000945145696394256,-0.0207584813024653,0.112920231631847,0.00599234664275627,0.0216819858591748,-0.112591162304511,0.114816316602485,0.114816316602499
2131.55816701055,164,other,common,True,True,valid,valid,5.97095675023961,-130.972339662425,712.98166904084,5.94555277383166,130.973177331509,0.70054920761163,5.97189721392589,-130.992968639407,713.093968191004,5.95151268305595,130.99472473412,0.588577214624479,0.000940463686281312,-0.0206289769817545,0.112299150163835,0.00595990922428768,0.0215474026117022,-0.111971992987151,0.114182040141077,0.114182040141114
2131.57053154707,165,other,common,True,True,valid,valid,5.97220601996883,-130.87664752607,712.990554068652,5.94723366540335,130.877561120096,0.690946912424351,5.97314147673308,-130.897147395767,713.102233376837,5.95316086797301,130.898974346627,0.579592839248335,0.000935456764249665,-0.0204998696965788,0.111679308185217,0.00592720256966572,0.0214132265310809,-0.111354073176017,0.113549053777049,0.113549053777048
2131.4167470932,166,other,common,True,True,valid,valid,5.95687136810706,-130.771252017436,712.946573127053,5.9299838648865,130.771809177913,0.733333928344678,5.95779930678059,-130.791623063684,713.057633221603,5.93587588017992,130.793088517334,0.622597037172454,0.000927938673529027,-0.0203710462479592,0.111060094549998,0.00589201529342631,0.0212793394202038,-0.110736891172223,0.112916717968921,0.112916717968895
2131.3043513,167,other,common,True,True,valid,valid,5.94566903943598,-130.668283914099,712.915762750155,5.91745103699871,130.668592354702,0.762768897824913,5.94659012145556,-130.688526582509,713.026205138755,5.92330859312934,130.689738264947,0.652647715792341,0.000921082019575969,-0.0202426684102193,0.110442388600177,0.00585755613062844,0.0211459102449965,-0.110121182032572,0.112285952888887,0.11228595288888
2131.3015473783,168,other,common,True,True,valid,valid,5.94540413913271,-130.571712812191,712.919816549641,5.91740329149976,130.572057665808,0.757917841577409,5.9463200384619,-130.591827600248,713.029643025093,5.92322814083888,130.593070659019,0.64841065675796,0.000915899329190673,-0.0201147880576684,0.109826475452905,0.00582484933912042,0.0210129932115706,-0.109507184819449,0.111657056564257,0.111657056564348
2131.37729424238,169,other,common,True,True,valid,valid,5.95297868377908,-130.479716379662,712.948859693799,5.92630429571092,130.480302019291,0.728491747653379,5.95389058371981,-130.499703759418,713.058071914678,5.93209769445977,130.501182581079,0.619596960033846,0.000911899940733818,-0.0199873797562589,0.109212220879044,0.00579339874884965,0.0208805617881467,-0.108894787619533,0.111029888320019,0.111029888320015
2131.49381816387,170,other,common,True,True,valid,valid,5.96462392980147,-130.390086383562,712.99087865491,5.93985201547413,130.391018931,0.686304895638386,5.96553243365288,-130.409946796734,713.099478118497,5.94561463320241,130.411767515322,0.578021040112958,0.000908503851401399,-0.0198604131724096,0.108599463586529,0.00576261772828701,0.0207485843220354,-0.108283855525428,0.110404279273535,0.110404279273508
2131.72019609809,171,other,common,True,True,valid,valid,5.98723737750914,-130.306837518829,713.067861845729,5.96592004556593,130.308402926385,0.609733316355232,5.98814409727815,-130.326571459236,713.175850336282,5.9716535723693,130.329020041647,0.502058686727651,0.000906719769012021,-0.0197339404078889,0.107988490553453,0.00573352680337536,0.0206171152620414,-0.107674629627581,0.109780529406515,0.109780529406494
2131.93243806809,172,other,common,True,True,valid,valid,6.00844408057573,-130.222748633783,713.140360260827,5.99038225362895,130.22491022378,0.537572010773033,6.00934878241876,-130.242356498833,713.24773904136,5.99608651230133,130.245396277713,0.430505338118792,0.000904701843037259,-0.0196078650503466,0.10737878053294,0.005704258672381,0.0204860539328706,-0.107066672654241,0.109158093451648,0.109158093451619
2132.10418318212,173,other,common,True,True,valid,valid,6.02561048280999,-130.136288953631,713.199978380094,6.01023239454185,130.138941386214,0.478077366678463,6.02651255207004,-130.155771119997,713.306748603393,6.01590682251812,130.159296764914,0.371617474964182,0.000902069260050098,-0.0194821663658615,0.106770223299463,0.00567442797627393,0.0203553786992359,-0.10645989171428,0.10853685603828,0.10853685603823
2132.31451120973,174,other,common,True,True,valid,valid,6.04663371754139,-130.052056039339,713.271891208301,6.0344851526758,130.05529986643,0.406491648826886,6.04753369646473,-130.071412943501,713.378054356042,6.04013035783727,130.075525018488,0.300637085759831,0.000899978923334821,-0.019356904161782,0.106163147741654,0.00564520516146416,0.0202251520581456,-0.105854563067055,0.107917161004203,0.107917161004204
2132.54582169652,175,other,common,True,True,valid,valid,6.06975751142193,-129.969024347838,713.350500099459,6.06113572471369,129.972914333378,0.328320680046659,6.07065567901426,-129.988256411962,713.456057578478,6.06675204861949,129.993009692461,0.223070056194047,0.000898167592327859,-0.0192320641238268,0.105557479018671,0.00561632390579803,0.0200953590833706,-0.105250623852612,0.107298929967936,0.107298929967957
2132.75239530206,176,other,common,True,True,valid,valid,6.09041432966459,-129.884538999232,713.421244196553,6.08497019895993,129.88901082221,0.257884012083196,6.09131030440905,-129.903646610034,713.526197223122,6.09055731479006,129.908976784977,0.153236098511911,0.000895974744453909,-0.0191076108027062,0.104953026568978,0.00558711583013149,0.0199659627671167,-0.104647913571284,0.106681963552041,0.10668196355214
2132.83953051269,177,other,common,True,True,valid,valid,6.09913796391934,-129.793110679888,713.453945613512,6.09518272334759,129.79785321112,0.224859531318771,6.10003002063338,-129.812094152061,713.558295012739,6.10073894447673,129.817690099005,0.120813429105169,0.000892056714035583,-0.0189834721730051,0.104349399227317,0.00555622112914023,0.0198368878848498,-0.104046102213601,0.106065852657801,0.106065852657843
2132.82132875919,178,other,common,True,True,valid,valid,6.09733469310212,-129.695570167842,713.453086702055,6.09337854950499,129.700308936292,0.224839289120155,6.09822133597444,-129.714429826799,713.556833359553,6.09890242115407,129.720017081947,0.121394049256082,0.000886642872318433,-0.0188596589573251,0.103746657498391,0.00552387164908197,0.0197081456540218,-0.103445239864072,0.1054506605653,0.105450660565267
2132.77409240603,179,other,common,True,True,valid,valid,6.09262983792471,-129.596348879094,713.442976146289,6.08826209505473,129.601008220631,0.233917444434724,6.09351067218751,-129.615085107531,713.546121263367,6.09375327649756,129.620588016569,0.131071852310242,0.0008808342628015,-0.0187362284372057,0.103145117077815,0.00549118144282801,0.0195797959381423,-0.102845592124481,0.104836717337228,0.10483671733726
2132.75743615627,180,other,common,True,True,valid,valid,6.09098107051484,-129.498899652478,713.442606969228,6.08663416300442,129.503559236425,0.233415639530676,6.09185654358642,-129.517512877201,713.545151991663,6.0920931657857,129.523011121272,0.131168274389324,0.000875473071586974,-0.0186132247224862,0.102545022434583,0.00545900278127931,0.0194518848463474,-0.102247365141352,0.104224278427716,0.104224278427776
2132.76029644907,181,other,common,True,True,valid,valid,6.0912826691579,-129.402578882463,713.448454323608,6.08723255907955,129.407289550456,0.226800298502553,6.09215306685632,-129.421069521126,713.550400650238,6.09265973120757,129.426613953301,0.1251497791676,0.000870397698421677,-0.0184906386629393,0.101946326630014,0.00542717212802302,0.0193244028445463,-0.101650519334953,0.103613294628007,0.103613294628012
2132.71804115176,182,other,common,True,True,valid,valid,6.08707572983164,-129.303650334566,713.43992678291,6.08268428988789,129.308294522087,0.234321766662333,6.08794043838086,-129.322018755932,713.541275547313,6.08807906882046,129.327491820957,0.133266936264931,0.000864708549220161,-0.0183684213655511,0.101348764402701,0.00539477893256901,0.019197298870381,-0.101054830397402,0.103003488631656,0.103003488631685
2132.65159612894,183,other,common,True,True,valid,valid,6.08045170278014,-129.203327936911,713.423691747352,6.0753767815963,129.207842608365,0.249423122150802,6.08131040741727,-129.221574524871,713.524444168764,6.08073890733418,129.22691319712,0.148962751763065,0.00085870463712201,-0.0182465879599647,0.10075242141238,0.0053621257378822,0.0190705887541185,-0.100460370387736,0.102394949906196,0.102394949906227
2132.61360543966,184,other,common,True,True,valid,valid,6.07667120440056,-129.104651306906,713.416520665285,6.07131516583088,129.109110591436,0.25561069078401,6.07752431650031,-129.122776483744,713.516678176769,6.07664511334371,129.128054904072,0.155743370700634,0.000853112099749254,-0.0181251768376285,0.100157511484213,0.005329947512827,0.0189443126358526,-0.0998673200833764,0.10178790174849,0.101787901748538
2132.61927247047,185,other,common,True,True,valid,valid,6.07725316494462,-129.00849287172,713.423256423144,6.07223335946989,129.013010506031,0.248121747270829,6.07810129570574,-129.026497070045,713.522820517818,6.077531806036,129.031828987364,0.148846016824564,0.000848130761121446,-0.0180041983246042,0.0995640946739513,0.00529844656610834,0.0188184813328576,-0.0992757304462657,0.10118240672836,0.101182406728288
2132.64531812072,186,other,common,True,True,valid,valid,6.07987149056308,-128.91350635002,713.436483306209,6.07547607241873,128.918135421715,0.234249164303833,6.08071492583699,-128.931389984354,713.535455380972,6.08074336599405,128.936828497687,0.13556364423107,0.000843435273906401,-0.0178836343346234,0.0989720747628553,0.00526729357532219,0.0186930759720667,-0.0986855200727632,0.100578364189024,0.100578364189014
2132.65557309985,187,other,common,True,True,valid,valid,6.08091196150234,-128.817607602673,713.444678486145,6.07691756388622,128.822306960145,0.225324963939784,6.08175049610542,-128.835371060218,713.543059790476,6.08215355529372,128.84087502817,0.127228400035165,0.000838534603079921,-0.0177634575446461,0.0983813043309283,0.00523599140750264,0.0185680680246776,-0.098096563904619,0.0999756200584709,0.0999756200584997
2132.6343228519,188,other,common,True,True,valid,valid,6.07880418921305,-128.719894920895,713.442835015466,6.07476517555899,128.72458246319,0.226273219073391,6.07963741184287,-128.737538576788,713.540626735139,6.07996950686168,128.743025908098,0.128764411443399,0.00083322262982044,-0.0176436558931528,0.097791719672955,0.00520433130268572,0.0184434449082289,-0.0975088076299926,0.0993741077435196,0.0993741077434856
2132.59407430887,189,other,common,True,True,valid,valid,6.07479803619805,-128.621091116773,713.434937553464,6.07044565599509,128.625717331319,0.233175271522896,6.07562570921592,-128.638615354782,713.532140924556,6.07561814499458,128.644036546983,0.136252977869503,0.0008276730178709,-0.017524238009571,0.0972033710916094,0.00517248899949152,0.0183192156635528,-0.0969222936533924,0.0987738797051818,0.0987738797051733
2132.56187960505,190,other,common,True,True,valid,valid,6.07159673633191,-128.522752006049,713.429604724511,6.06704483794921,128.527337867618,0.237555184965117,6.07241898370329,-128.540157229022,713.52622109128,6.07218566852521,128.545533267873,0.141218071267758,0.000822247371375262,-0.0174052229731387,0.0966163667682167,0.00514083057600345,0.0181954002546547,-0.0963371136973592,0.0981750487902857,0.0981750487902918
2132.54432654381,191,other,common,True,True,valid,valid,6.06985848873505,-128.425254490739,713.42893517333,6.06531408455186,128.429838137912,0.237349041656671,6.07067551889064,-128.442541105551,713.524965905346,6.07042352609653,128.447910140829,0.141595752422177,0.000817030155593201,-0.0172866148120647,0.096030732016402,0.00510944154466841,0.0180720029168242,-0.0957532892344943,0.0975776412993359,0.0975776412993715
2132.5215626955,192,other,common,True,True,valid,valid,6.06759959394564,-128.327458492229,713.426604229938,6.06298893029071,128.332026337277,0.238776816688642,6.06841135292918,-128.344626890646,713.522050616292,6.06806698647447,128.349975345159,0.143606064950973,0.000811758983546795,-0.0171683984175104,0.0954463863539559,0.00507805618376267,0.0179490078829474,-0.095170751737669,0.0969815731203529,0.0969815731203644
2132.49240463972,193,other,common,True,True,valid,valid,6.06470183125684,-128.229296902263,713.422234912271,6.05993441906567,128.233832274281,0.24220925949794,6.06550825100232,-128.24634747455,713.517098236653,6.06498107922217,128.251658687887,0.147619763040666,0.000806419745477349,-0.017050572286621,0.0948633243815493,0.00504666015649491,0.0178264136060875,-0.0945894964572744,0.0963868385249056,0.0963868385249313
2132.48177617788,194,other,common,True,True,valid,valid,6.0636555152227,-128.132197277017,713.42376739118,6.05899334857387,128.136748443909,0.239837602171974,6.06445685019327,-128.149130430669,713.518049035678,6.06400892864174,128.154452682033,0.145827995063428,0.000801334970571332,-0.0169331536523316,0.0942816444984373,0.00501558006787661,0.0177042381239687,-0.0940096071085463,0.0957935400727954,0.095793540072756
2132.47600722313,195,other,common,True,True,valid,valid,6.06309474542124,-128.035375274836,713.426846691121,6.05860649115879,128.039954887319,0.235944736768033,6.06389107066296,-128.05219140677,713.520547982292,6.063591125357,128.05753735772,0.142513700432573,0.000796325241715579,-0.0168161319334388,0.0937012911709871,0.00498463419821604,0.0175824704011802,-0.0934310363354598,0.0952016197036769,0.0952016197037446
2132.52165877819,196,other,common,True,True,valid,valid,6.06767186173546,-127.941491645726,713.446306827457,6.06408470647844,127.946233674946,0.215942081363778,6.06846384348639,-127.958191185332,713.539429275104,6.06903912781771,127.963694819358,0.123088140904201,0.000791981750939641,-0.0166995396060088,0.093122447646806,0.00495442133927071,0.0174611444124935,-0.0928539404595767,0.0946112684297098,0.0946112684296728
2132.49253088236,197,other,common,True,True,valid,valid,6.06477706063719,-127.84333173243,713.441941551108,6.06103333420056,127.84804132164,0.219370633355538,6.065563757377,-127.85991501839,713.534486164678,6.06595664717645,127.865381486996,0.127092740983585,0.000786696739814907,-0.016583285960138,0.0925446135701122,0.00492331297589033,0.017340165355904,-0.0922778923719534,0.0940219642734481,0.094021964273453
2132.48356404901,198,other,common,True,True,valid,valid,6.06389676148669,-127.746323733167,713.443998187997,6.06028154854654,127.751053404173,0.216483543706318,6.06467844225413,-127.762791171235,713.535966352029,6.06517408376897,127.768273007545,0.124780331682018,0.000781680767445003,-0.0164674380685739,0.0919681640318686,0.0048925352224316,0.0172196033718421,-0.0917032120242993,0.0934340983621996,0.093434098362214
2132.51122915745,199,other,common,True,True,valid,valid,6.06667674020283,-127.65140439129,713.457724598356,6.06370809309697,127.65624958583,0.20211973831158,6.06745387492756,-127.667756398041,713.549117760734,6.06857038469753,127.673349055628,0.110989784697381,0.000777134724734729,-0.0163520067512621,0.0913931623784947,0.00486229160056695,0.0170994697983247,-0.0911299536141996,0.0928477366052378,0.0928477366052557
2132.55521208048,200,other,common,True,True,valid,valid,6.07108739042816,-127.557411435723,713.476649457446,6.06899608346983,127.562414669666,0.182643458134748,6.07186018836986,-127.573648412506,713.567468984607,6.07382840153044,127.57939441841,0.0920854105620492,0.000772797941698933,-0.0162369767830057,0.0908195271608747,0.00483231806060758,0.0169797487440917,-0.0905580475726993,0.0922627939390274,0.0922627939390013
2132.49989408255,201,other,common,True,True,valid,valid,6.06557546862081,-127.457758580917,713.463933832281,6.06295689365159,127.462661081114,0.194284318654468,6.06634270965419,-127.473880847124,713.554180637174,6.06775806002883,127.479521435658,0.104297213101631,0.000767241033383215,-0.0161222662074181,0.0902468048921037,0.00480116637723427,0.0168603545438941,-0.0899871055528365,0.0916787975471951,0.0916787975472248
2132.52373346686,202,other,common,True,True,valid,valid,6.0679732658238,-127.362613569296,713.47643805807,6.06594700203075,127.367621597571,0.181122474177187,6.06873593952076,-127.378621569182,713.566113751893,6.07071807727919,127.38436301534,0.0917047490547702,0.00076267369696037,-0.0160079998856446,0.0896756938223007,0.004771075248442,0.0167414177695377,-0.0894177251224164,0.0910964752008433,0.0910964752009018
2132.52396425605,203,other,common,True,True,valid,valid,6.06801202131378,-127.266122870956,713.481418890202,6.06624408418769,127.271174896885,0.175359599381864,6.06876984765091,-127.282016975878,713.570524681092,6.07098484252039,127.287797759114,0.0865100383028903,0.000757826337132173,-0.0158941049222676,0.0891057908900166,0.00474075833270149,0.0166228622291555,-0.0888495610789732,0.0905154066563956,0.0905154066564624
2132.50747489929,204,other,common,True,True,valid,valid,6.06638001709459,-127.168680895308,713.481070870542,6.0646338431358,127.173733336568,0.174837468850001,6.06713280487497,-127.184461480889,713.569607993203,6.06934414869106,127.190238028971,0.0865548329012427,0.00075278778037724,-0.0157805855806856,0.0885371226610232,0.00471030555526397,0.0165046924035153,-0.0882826359487581,0.0899356195275526,0.0899356195276352
2132.49684637785,205,other,common,True,True,valid,valid,6.06533365887809,-127.071571839269,713.482588965112,6.0636920899327,127.076639957989,0.172480101957262,6.06608149218646,-127.087239296215,713.570558741381,6.06837208575012,127.09302688208,0.0847630776311235,0.000747833308365919,-0.0156674569467015,0.087969776268892,0.00467999581741196,0.0163869240909662,-0.0877170243261389,0.0893572045144249,0.089357204514502
2132.49345821142,206,other,common,True,True,valid,valid,6.06501078695571,-126.974873206006,713.486412765312,6.06357617997358,126.979975859575,0.167855168262008,6.06575376497724,-126.990427925263,713.573816521375,6.06822602437266,126.996245417138,0.0807024383841508,0.000742978021525786,-0.0155547192564001,0.0874037560629404,0.00464984439907568,0.0162695575632767,-0.0871527298778574,0.088780166036091,0.088780166036132
2132.50760561228,207,other,common,True,True,valid,valid,6.06644016175374,-126.87916769513,713.495822845559,6.06546050896501,126.8843505714,0.15773631949321,6.06717850413985,-126.894610074009,713.582661946296,6.07008048234077,126.900503170906,0.0711465336821675,0.000738342386105373,-0.0154423788787597,0.0868391007361424,0.00461997337575326,0.0161525995058014,-0.0865897858110429,0.0882045442796241,0.0882045442797012
2132.47727176547,208,other,common,True,True,valid,valid,6.06342474561108,-126.780940028696,713.491058047661,6.06227077973103,126.786087197326,0.161558024570013,6.06415793689931,-126.796270421113,713.577333617976,6.06686041737342,126.802123201886,0.0755300389006379,0.000733191288226465,-0.0153303924171695,0.0862755703146831,0.00458963764238973,0.0160360045593393,-0.0860279856693751,0.0876300892060106,0.0876300892059673
2132.41855445504,209,other,common,True,True,valid,valid,6.05757329320324,-126.681107233593,713.477248078769,6.05584346891643,126.686144717808,0.174275421214361,6.05830101669548,-126.696326004096,713.562961305745,6.06040250746043,126.702064501672,0.0888080386341699,0.000727723492242482,-0.0152187705034663,0.0857132269765088,0.00455903854399509,0.0159197838643195,-0.085467382580191,0.0870568655296345,0.0870568655296124
2132.34380123019,210,other,common,True,True,valid,valid,6.05011987913938,-126.58037148819,713.458328010318,6.04758734039254,126.585257494432,0.192018512111758,6.05084196829494,-126.595479009262,713.543480128275,6.05211566859188,126.601061440173,0.107110495169763,0.000722089155565264,-0.0151075210714851,0.0851521179572501,0.00452832819934912,0.0158039457408563,-0.0849080169419949,0.0864849223754024,0.0864849223754236
2132.28691160679,211,other,common,True,True,valid,valid,6.04445159762488,-126.480650588903,713.445098882514,6.04136898165605,126.485431660896,0.204164785859234,6.04516828136322,-126.49564725552,713.529691254925,6.04586688910242,126.501120174637,0.119814785974199,0.000716683738342105,-0.0149966666169803,0.0845923724114073,0.00449790744637113,0.0156885137410541,-0.0843499998850348,0.0859143941106022,0.085914394110677
2132.27802723646,212,other,common,True,True,valid,valid,6.04357956562317,-126.383644015854,713.44716317329,6.04062579702331,126.388445232239,0.201270432071624,6.04429141482472,-126.398530242651,713.531197277241,6.04509392000593,126.40401874069,0.117477002640271,0.000711849201548986,-0.0148862267973158,0.0840341039507848,0.00446812298261534,0.015573508451439,-0.0837934294313527,0.0853453988470273,0.085345398846932
2132.27642723918,213,other,common,True,True,valid,valid,6.04343530399955,-126.287047961748,713.45154698978,6.04071335415088,126.291888293019,0.196094898322713,6.04414241409158,-126.301824134837,713.53502414535,6.04515184696347,126.307347193084,0.11285672806298,0.000707110092024621,-0.0147761730892881,0.0834771555696534,0.00443849281258935,0.0154589000648002,-0.0832381702597331,0.0847777730177372,0.0847777730177504
2132.26163455844,214,other,common,True,True,valid,valid,6.04197298311179,-126.189707014912,713.451726223924,6.03929619587055,126.194552073458,0.19505448389566,6.0426752158395,-126.204373505876,713.534647672463,6.04370497583954,126.209896746867,0.11237032959184,0.0007022327277042,-0.014666490964629,0.0829214485387411,0.00440877996899047,0.0153446734089187,-0.0826841543038199,0.084211434590455,0.0842114345904358
2132.24575105309,215,other,common,True,True,valid,valid,6.04040168791422,-126.09230465079,713.451556581213,6.03775457487797,126.097151583273,0.194357203352979,6.04109904421204,-126.106861838755,713.533923609414,6.0421337004068,126.112382419669,0.11222578278705,0.000697356297822083,-0.0145571879650248,0.0823670282009061,0.00437912552882835,0.0152308363963982,-0.0821314205659291,0.0836464306584808,0.0836464306585082
2132.23879559338,216,other,common,True,True,valid,valid,6.03972237154523,-125.995404992541,713.454230157876,6.03723115286938,126.000277052557,0.19086369798174,6.04041496458358,-126.009853262675,713.536044089476,6.04158079614123,126.015394447932,0.109283697005026,0.000692593038350786,-0.0144482701345794,0.0818139316000952,0.00434964327185128,0.0151173953743466,-0.0815800009767145,0.0830827996571108,0.0830827996570735
2132.19909718633,217,other,common,True,True,valid,valid,6.03577185780953,-125.896662961649,713.446470267314,6.03297335360817,125.901474817807,0.197631317849641,6.03645933601156,-125.91100267056,713.527732267962,6.0372932154575,125.916479138294,0.116601559194919,0.00068747820202919,-0.0143397089110238,0.0812620006485076,0.00431986184932498,0.0150043204874919,-0.0810297586547222,0.0825203770430626,0.0825203770430743
2132.11798521131,218,other,common,True,True,valid,valid,6.02768426694701,-125.795595650231,713.425515217159,6.02399269394266,125.800239384138,0.217376175712502,6.0283661904792,-125.809827148286,713.50622641996,6.02828238558086,125.815130989368,0.136895510621912,0.000681923532184214,-0.0142314980546416,0.0807112028005577,0.00428969163820625,0.0148916052300194,-0.0804806650905903,0.081959128924701,0.0819591289247354
2132.02052141353,219,other,common,True,True,valid,valid,6.01796379791384,-125.693616142141,713.399350904269,6.01314789463303,125.698049148945,0.242244328371726,6.01864001075412,-125.707739795926,713.479512536596,6.01740731501318,125.712828415538,0.162311526754593,0.000676212840274637,-0.0141236537855605,0.080161632326849,0.00425942038014426,0.0147792665930808,-0.079932801617133,0.0813991532963621,0.0813991532963832
2131.96463758498,220,other,common,True,True,valid,valid,6.01239719783505,-125.593977103549,713.386432217671,6.00704498468496,125.598307714181,0.254085704670047,6.01306817782041,-125.607993317406,713.466045723248,6.01127467565624,125.61297505828,0.174699348999297,0.000670979985356368,-0.014016213856948,0.0796135055772993,0.0042296909712789,0.0146673440992515,-0.0793863556707493,0.0808406750054149,0.0808406750053528
2132.00949525461,221,other,common,True,True,valid,valid,6.01689335369996,-125.499989798458,713.40560426416,6.01242946014956,125.504480471418,0.234366367918597,6.0175602085063,-125.513899014805,713.48467130559,6.01663060255423,125.519036349034,0.155524850528195,0.000666854806340211,-0.0139092163468888,0.0790670414294254,0.00420114240467484,0.0145558776168002,-0.0788415173904013,0.0802839213984953,0.0802839213985003
2132.07649112493,222,other,common,True,True,valid,valid,6.02360123067293,-125.407237869202,713.431828985579,6.02033875399993,125.411946285992,0.207710794276181,6.02426420204239,-125.421040477483,713.510350929274,6.02451165037314,125.426391097742,0.129412764176891,0.000662971369455256,-0.0138026082812956,0.0785219436949092,0.00417289637321261,0.0144448117492573,-0.0782980300992904,0.0797285843849626,0.0797285843850399
2132.10462318361,223,other,common,True,True,valid,valid,6.02642706995759,-125.312303320825,713.44567193386,6.02381633642917,125.317128215468,0.193232500773206,6.02708574468816,-125.325999669701,713.523649918208,6.02796062482436,125.331462319316,0.11547680510705,0.000658674730569686,-0.0136963488761523,0.0779779843481947,0.00414428839519587,0.0143341038476024,-0.0777556956661556,0.0791744268558053,0.0791744268557987
2132.08432926238,224,other,common,True,True,valid,valid,6.02441527498897,-125.214656035634,713.444085127588,6.02177129679093,125.219471213589,0.193929189511323,6.02506914735065,-125.228246467091,713.521520255742,6.02588652125122,125.233694960538,0.116714706421021,0.00065387236168668,-0.0135904314564357,0.0774351281543204,0.00411522446028556,0.0142237469487441,-0.0772144830903017,0.078621412150339,0.0786214121503991
2132.06536952406,225,other,common,True,True,valid,valid,6.02253677821789,-125.117083851715,713.442922067048,6.01987836643426,125.121892778629,0.194209154046462,6.02318587610089,-125.130568739769,713.519815626591,6.0239646123335,125.136006553222,0.117534601590705,0.00064909788300227,-0.0134848880540233,0.076893559543123,0.00408624589923789,0.0141137745929427,-0.0766745524557564,0.0780697318626308,0.0780697318626109
2132.06159964949,226,other,common,True,True,valid,valid,6.02217570121729,-125.020360516171,713.446597213094,6.0197176431001,125.025202762096,0.189730807870205,6.022820196773,-125.033740243154,713.52295054185,6.02377514217507,125.039206957601,0.113594860445232,0.000644495555711444,-0.0133797269830325,0.0763533287559994,0.00405749907496755,0.0140041955052084,-0.076135947424973,0.0775194380835126,0.0775194380835524
2132.05403321609,227,other,common,True,True,valid,valid,6.02143536166863,-124.923424374635,713.449061454913,6.019123899971,124.928290036007,0.186443389831766,6.02207522696695,-124.93669930983,713.524875819616,6.02315268089954,124.942185032062,0.110844783784955,0.000639865298322384,-0.0132749351946444,0.075814364703092,0.00402878092853598,0.0138949960553703,-0.0755986060468103,0.0769704568477766,0.0769704568478694
2132.02178787813,228,other,common,True,True,valid,valid,6.01822971896137,-124.825111324047,713.443661527975,6.01571572972413,124.829936082401,0.190890350352447,6.01886471207372,-124.838281822622,713.518938117981,6.01971560394093,124.843722243898,0.115827889632101,0.000634993112347715,-0.0131704985752066,0.0752765900064105,0.00399987421680237,0.0137861614968813,-0.0750624607203463,0.0764227076984679,0.0764227076984443
2131.9648325704,229,other,common,True,True,valid,valid,6.0125558430474,-124.725422913541,713.430387871113,6.00948977660192,124.730142372109,0.203081122164463,6.01318572713656,-124.738489330129,713.505127875493,6.01346056061536,124.7438200634,0.128553611227858,0.00062988408916187,-0.0130664165885577,0.0747400043800326,0.00397078401343975,0.0136776912912921,-0.0745275109366048,0.075876190278366,0.0758761902782884
2131.92151318491,230,other,common,True,True,valid,valid,6.00824423095347,-124.626497522106,713.421457509967,6.00481890305653,124.631147203196,0.211000332474214,6.00886916344288,-124.639460235396,713.495662257694,6.00876081349527,124.644716813835,0.137006453869844,0.000624932489410313,-0.0129627132901504,0.0742047477270944,0.00394191043873349,0.0135696106383136,-0.0739938786043695,0.0753310497849372,0.0753310497849366
2131.90455120802,231,other,common,True,True,valid,valid,6.00656542817504,-124.52904107156,713.420922966915,6.00315356450674,124.533689641858,0.21066231830855,6.00718569155368,-124.541900467612,713.494593832132,6.0070669449592,124.547151569137,0.137200715122731,0.000620263378644736,-0.012859396052221,0.0736708652168545,0.00391338045245959,0.0134619272796215,-0.0734616031858195,0.0747873329868548,0.0747873329867988
2131.89912728965,232,other,common,True,True,valid,valid,6.00603911281158,-124.432226277461,713.424062944113,6.002803841026,124.436903789723,0.206710440138977,6.0066548356642,-124.44498273207,713.497201245565,6.00668887885421,124.45025842022,0.13377980382279,0.000615722852622014,-0.0127564546088763,0.0731383014519906,0.00388503782820493,0.0133546304962522,-0.0729306363161868,0.0742449822419119,0.0742449822419126
2131.87114371359,233,other,common,True,True,valid,valid,6.00325944124201,-124.334157568617,713.42001442189,5.99988163136586,124.3388052303,0.209828466830913,6.0038704112724,-124.346811435199,713.492621353535,6.00373816781385,124.35205292719,0.137427598048021,0.000610970030398228,-0.012653866582454,0.0726069316451685,0.00385653644799078,0.0132476968899198,-0.0724008687828928,0.0737038679228625,0.0737038679227863
2131.81044715643,234,other,common,True,True,valid,valid,5.99721244302626,-124.234274394845,713.405543061565,5.99322937696053,124.238806960617,0.223197402145388,5.99781835280542,-124.246826019867,713.477619780399,5.9970571565826,124.251948079824,0.151325134166768,0.000605909779155311,-0.0125516250219988,0.0720767188341824,0.00382777962206404,0.0131411192074609,-0.0718722679786197,0.0731639516104422,0.0731639516104092
2131.74360188842,235,other,common,True,True,valid,valid,5.99055161958451,-124.134054376415,713.389112211412,5.98587630449387,124.13845582004,0.238493558852383,5.99115242850598,-124.146504122626,713.460659970336,5.98967534268724,124.151490734557,0.167148641223662,0.000600808921474183,-0.0124497462110611,0.0715477589238844,0.00379903819337102,0.0130349145167372,-0.0713449176287213,0.0726253327641962,0.0726253327641421
2131.69391131401,236,other,common,True,True,valid,valid,5.985604337825,-124.034789615781,713.378145289395,5.98047934059287,124.039104624987,0.248415983014979,5.98620023276765,-124.047137859947,713.449165424537,5.98424988373312,124.052033722502,0.177597092440806,0.000595894942651221,-0.0123482441660627,0.0710201351415662,0.00377054314024861,0.0129290975149843,-0.0708188905741736,0.0720880976326447,0.072088097632558
2131.68883314729,237,other,common,True,True,valid,valid,5.98511254450867,-123.937998054843,713.381388363724,5.98016871197214,123.942342849037,0.244362850221023,5.98570397316141,-123.950245190159,713.451882308537,5.98391127133489,123.955166534464,0.174068577992671,0.000591428652744419,-0.0122471353158886,0.0704939448131654,0.00374255936274182,0.0128236854269801,-0.0702942722283524,0.0715523470378057,0.071552347037868
2131.7001324892,238,other,common,True,True,valid,valid,5.98625637429988,-123.842111801965,713.389847284105,5.98172526245763,123.846529040111,0.235179912713988,5.98684350471869,-123.854258203058,713.459816368891,5.98544006535434,123.859247698952,0.165408940496377,0.000587130418804094,-0.0121464010930197,0.0699690847864076,0.00371480289671666,0.0127186588416919,-0.0697709722176114,0.071017973834014,0.0710179738339774
2131.69596618414,239,other,common,True,True,valid,valid,5.98585565198871,-123.745368374698,713.393378294933,5.98151848759631,123.749817752846,0.23084361301585,5.98643834646304,-123.757414395612,713.462823734938,5.98520545073479,123.762431749081,0.16159472355173,0.000582694474334566,-0.012046020914724,0.0694454400050972,0.00368696313847749,0.0126139962353022,-0.0692488894641201,0.0704848585884227,0.0704848585883708
2131.69392725825,240,other,common,True,True,valid,valid,5.98566739443027,-123.648741600437,713.397585720842,5.98155420666728,123.653228650826,0.225842065983215,5.98624568428946,-123.660687605562,713.46650879361,5.9852134184111,123.665738359287,0.157113987434968,0.000578289859182846,-0.0119460051246563,0.0689230727674612,0.00365921174382322,0.0125097084610388,-0.0687280785482471,0.0699530658177917,0.0699530658177349
2131.71613660455,241,other,common,True,True,valid,valid,5.98790088015849,-123.553452236949,713.409516693328,5.98435455509351,123.558040128437,0.213244343527094,5.98847500308626,-123.565298603673,713.477918754187,5.98798631343162,123.570445937594,0.145035735698229,0.000574122927766041,-0.011846366724086,0.0684020608586025,0.00363175833811624,0.0124058091564052,-0.0682086078288648,0.069422676060504,0.0694226760605172
2131.7612619698,242,other,common,True,True,valid,valid,5.99242322909811,-123.459423771054,713.428747540426,5.98976784511654,123.464172207504,0.193467103337184,5.99299340525175,-123.471170875136,713.496629938517,5.9933724302526,123.476474504144,0.125776631414055,0.000570176153640745,-0.0117471040821471,0.0678823980913421,0.00360458513606687,0.0123022966398878,-0.0676904719231288,0.0688936827713138,0.0688936827713169
2131.80115510523,243,other,common,True,True,valid,valid,5.99642320276976,-123.365101942683,713.446311061568,5.99458474038644,123.369997287631,0.175329673578517,5.99698938826543,-123.376750141789,713.513675044997,5.99816216423068,123.382196439623,0.10815609170993,0.000566185495666893,-0.0116481991062898,0.0673639834282085,0.00357742384424142,0.0121991519926326,-0.0671735818685875,0.0683659810998952,0.0683659810999339
2131.80775393546,244,other,common,True,True,valid,valid,5.99709776040253,-123.268941858525,713.453265919901,5.9956052485989,123.273897346545,0.167625989141129,5.99765965606781,-123.280491492509,713.520112637017,5.99915526356928,123.28599370313,0.100968139550105,0.000561895665286194,-0.0115496339833072,0.066846717115709,0.00355001497037932,0.0120963565855732,-0.0666578495910244,0.0678394675762911,0.0678394675762928
2131.77511781454,245,other,common,True,True,valid,valid,5.99385342885068,-123.170620837085,713.447718735099,5.99215183808029,123.175534217117,0.172218257478221,5.99441068869413,-123.182072241711,713.514049313377,5.99567414888952,123.187528123278,0.106075001112117,0.0005572598434469,-0.0114514046263707,0.0663305782780981,0.00352231080922394,0.0119939061612229,-0.0661432563661037,0.0673141205183346,0.0673141205183067
2131.71115410328,246,other,common,True,True,valid,valid,5.98748024088322,-123.070578876808,713.432189304863,5.98512640647689,123.075368506434,0.186628262980548,5.98803259831799,-123.081932392228,713.498004899757,5.98862079841368,123.087260311767,0.120998436428749,0.00055235743476878,-0.0113535154203532,0.0658155948933654,0.00349439193679046,0.0118918053331925,-0.0656298265517989,0.0667899688748507,0.0667899688748967
2131.62793752551,247,other,common,True,True,valid,valid,5.97918456858916,-122.96948364198,713.41052560634,5.975906156114,122.974099350331,0.207071489803411,5.97973187137802,-122.980739615193,713.475827415606,5.97937253059358,122.985889411627,0.141953892571337,0.000547302788852733,-0.0112559732132382,0.0653018092655202,0.00346637447957931,0.0117900612955566,-0.0651175972320743,0.066267056420745,0.0662670564207006
2131.53880369663,248,other,common,True,True,valid,valid,5.97029851987865,-122.868069833288,713.386976855529,5.96601183906543,122.872496202755,0.229368776913248,5.97084073789145,-122.879228618806,713.451766123211,5.96945022155734,122.884184884695,0.164762167794834,0.000542218012800078,-0.0111587855179778,0.0647892676823858,0.00343838249191464,0.0116886819398303,-0.0646066091184139,0.0657454310308289,0.0657454310308385
2131.5424349308,249,other,common,True,True,valid,valid,5.9706764668436,-122.77175061906,713.392978543971,5.9666934162941,122.776229335674,0.222602692928376,5.97121443823577,-122.782812630202,713.457256857485,5.97010471503478,122.787817064555,0.158505527060811,0.000537971392167158,-0.0110620111416324,0.0642783135144782,0.00341129874067292,0.011587728881409,-0.0640971658675653,0.0652254481930323,0.0652254481930277
2131.48922273517,250,other,common,True,True,valid,valid,5.96537798397162,-122.672314606714,713.380870962666,5.96089459572706,122.676697558876,0.233647469279731,5.965911223316,-122.683280165777,713.444639385883,5.96427837329052,122.688184665693,0.170058664795988,0.000533239344385095,-0.0109655590627966,0.0637684232166293,0.00338377756345665,0.0114871068170146,-0.0635888044837429,0.0647065655810385,0.0647065655810609
2131.44788306952,251,other,common,True,True,valid,valid,5.96126522883408,-122.573532182671,713.372544355322,5.95644935907187,122.577850294013,0.240973624108165,5.9617938567756,-122.584401652744,713.435804191144,5.95980579418358,122.589237152506,0.177891887826377,0.000528627941526416,-0.0108694700732315,0.0632598358214409,0.00335643511171213,0.0113868584933812,-0.0630817362817879,0.064189030646436,0.0641890306464622
2131.42572909594,252,other,common,True,True,valid,valid,5.95906833404459,-122.475801890553,713.370328019584,5.95419124986051,122.48010513558,0.242290223502323,5.95959253146469,-122.486575638357,713.433080595081,5.95752058250278,122.491392123319,0.179714240824978,0.000524197420094907,-0.0107737478035403,0.0627525754963472,0.00332933264227364,0.0112869877387993,-0.0625759826773447,0.0636728682885754,0.0636728682885737
2131.44440168142,253,other,common,True,True,valid,valid,5.96094816683254,-122.380304365963,713.381115549187,5.95658718114815,122.38469910051,0.23081722238237,5.96146829476587,-122.390982770305,713.443362264797,5.95988983455631,122.395886607752,0.168745613584633,0.000520127933326897,-0.0106784043424568,0.0622467156097173,0.00330265340816283,0.0111875072420276,-0.0620716087977371,0.0631581543156943,0.0631581543156874
2131.48335209489,254,other,common,True,True,valid,valid,5.9648529810289,-122.285911859325,713.398361893859,5.96129483739473,122.290450908794,0.212991801805629,5.96536921861386,-122.296495285943,713.460104077385,5.96457104984298,122.301539312132,0.151423251471897,0.000516237584961665,-0.0105834266182114,0.0617421835258938,0.00327621244824883,0.0110884033373964,-0.0615685503337318,0.0626448134067964,0.0626448134068265
2131.49109750986,255,other,common,True,True,valid,valid,5.96564176235728,-122.189811396352,713.40566648549,5.96244509144441,122.194413449301,0.204944348279355,5.96615385353679,-122.200300179811,713.466905286574,5.96569465848249,122.205403092697,0.143877699230529,0.0005120911795089,-0.0104887834594507,0.0612388010832774,0.00324956703808255,0.0109896433962149,-0.0610666490488256,0.0621326610886142,0.0621326610887012
2131.45932757854,256,other,common,True,True,valid,valid,5.9624845301759,-122.091553650784,713.400381268058,5.9590903987737,122.096115737709,0.209279337910289,5.96299215631188,-122.101948120288,713.461117807855,5.96231305215979,122.107006959532,0.148713458577163,0.000507626135987316,-0.0103944695039075,0.0607365397968351,0.00322265338608929,0.0108912218234423,-0.0605658793331258,0.0616216678373293,0.061621667837288
2131.41438245773,257,other,common,True,True,valid,valid,5.95801173528397,-121.992579402877,713.390897649833,5.95423375110662,121.997067185807,0.217743615626773,5.95851480275612,-122.002879902653,713.451133139704,5.95742945142416,122.007860340188,0.157677294526707,0.000503067472145347,-0.0103004997753402,0.0602354898710473,0.00319570031753358,0.0107931543805222,-0.0600663211000665,0.0611119269251785,0.0611119269250902
2131.40096062422,258,other,common,True,True,valid,valid,5.95668678464715,-121.895324527228,713.39145494705,5.95297072071659,121.899820128822,0.216332384329803,5.95718556756196,-121.905531427048,713.451190750217,5.95613980269698,121.910515596677,0.156764274949296,0.000498782914810647,-0.0102068998199201,0.0597358031677686,0.00316908198038846,0.0106954678556974,-0.0595681093805069,0.0606035953424249,0.0606035953423451
2131.45034202933,259,other,common,True,True,valid,valid,5.96163318077595,-121.801487050689,713.412018285836,5.95886722206938,121.806154096675,0.195244581366978,5.962128200119,-121.811600737706,713.471255870221,5.96201027175676,121.81675227716,0.136173243798908,0.000495019343053293,-0.0101136870173804,0.0592375843849595,0.00314304968738099,0.0105981804850472,-0.0590713375680707,0.0600967812199682,0.0600967812200616
2131.52953666449,260,other,common,True,True,valid,valid,5.96955718058501,-121.709265419043,713.442080077229,5.96816302120764,121.714181595741,0.164814701176283,5.9700486796035,-121.719286260235,713.500820796431,5.97128034207527,121.724682866899,0.106238797115111,0.000491499018490771,-0.0100208411922438,0.058740719202433,0.00311732086763072,0.0105012711581054,-0.058575904061172,0.0595913661691392,0.0595913661691981
2131.46004742384,261,other,common,True,True,valid,valid,5.96263301733402,-121.608957339273,713.424770392733,5.96050755741693,121.613735203922,0.180976270585916,5.96311981174161,-121.618885597506,713.483014994984,5.96359799977023,121.624139834734,0.12289500169959,0.000486794407589919,-0.00992825823315968,0.0582446022510794,0.00309044235330447,0.0104046308123174,-0.0580812688863261,0.0590867241580205,0.0590867241580157
2131.43733555079,262,other,common,True,True,valid,valid,5.96038031494643,-121.5111936161,713.422362708788,5.95818514162982,121.515955049457,0.18248124779609,5.96086279399587,-121.521029667173,713.480112604805,5.96124915735522,121.526263427256,0.124893225330879,0.000482479049437323,-0.00983605107293783,0.057749896016503,0.00306401572539983,0.0103083777988786,-0.057588022465211,0.0585835401513045,0.0585835401513391
2131.34589871764,263,other,common,True,True,valid,valid,5.95126506235098,-121.409702848236,713.398059370731,5.94802809377052,121.414268769338,0.205521448460104,5.95174270155441,-121.419447000638,713.4553155805,5.9510652044608,121.424481210951,0.148425632524663,0.000477639203424474,-0.00974415240268911,0.0572562097692071,0.00303711069027912,0.0102124416132199,-0.0570958159354404,0.0580814101274317,0.058081410127356
2131.32014423609,264,other,common,True,True,valid,valid,5.94870870680037,-121.311778761551,713.39467991047,5.94535887895722,121.316320303193,0.207982287857931,5.94918203872226,-121.321431400505,713.451443906079,5.94836968241104,121.326437205877,0.151377234885899,0.000473331921891251,-0.00965263895400881,0.0567639956085486,0.00301080345382587,0.0101169026845582,-0.0566050529720314,0.0575808013085269,0.0575808013085341
2131.33742496371,265,other,common,True,True,valid,valid,5.95044949513094,-121.216186228009,713.4050088726,5.94759540869435,121.220815509191,0.196960376539209,5.95091886481956,-121.225747724771,713.461282047786,5.95058031187945,121.230837255599,0.140844712722128,0.000469369688616439,-0.00956149676284213,0.0562731751855381,0.00298490318509437,0.0100217464080572,-0.0561156638170814,0.0570816325424623,0.057081632542557
2131.35801151395,266,other,common,True,True,valid,valid,5.9525204360938,-121.120769918,713.416389997198,5.95020880365314,121.125495544283,0.184903616359634,5.95298587690278,-121.130240620325,713.472173611092,5.95316789613707,121.135422492462,0.129276088208599,0.000465440808978812,-0.00947070232516012,0.0557836138932544,0.0029590924839269,0.00992694817882978,-0.0556275281510352,0.0565837646031981,0.0565837646031777
2131.36028233171,267,other,common,True,True,valid,valid,5.95276249008348,-121.02436031877,713.421934883351,5.95073420499068,121.029134556512,0.178587037733223,5.95322387122041,-121.033740561481,713.477230122154,5.95366740909908,121.038967050983,0.123446457157229,0.000461381136926065,-0.00938024271128768,0.0552952388026142,0.0029332041083947,0.00983249447068602,-0.0551405805759941,0.056087122052342,0.0560871220523506
2131.35610795021,268,other,common,True,True,valid,valid,5.95236095638348,-120.927601106021,713.425425119916,5.95052479976065,120.932407150576,0.174291304646545,5.95281823967833,-120.936891230104,713.480233208911,5.95343213209619,120.942145542342,0.119636448711276,0.000457283294850619,-0.00929012408309404,0.0548080889951734,0.00290733233553908,0.00973839176518254,-0.0546548559352686,0.0555917451857187,0.0555917451856516
2131.35277947783,269,other,common,True,True,valid,valid,5.95204389342694,-120.83088671739,713.429183568422,5.9504117727365,120.835726762447,0.169731786190823,5.95249709614787,-120.840087067322,713.483505756392,5.95329330633527,120.845371406194,0.115561410997657,0.000453202720930967,-0.00920034993245622,0.054322187970115,0.00288153359876731,0.0096446437464266,-0.0541703751931664,0.055097658184776,0.0550976581847607
2131.34251961112,270,other,common,True,True,valid,valid,5.95103468849194,-120.733797524521,713.430732385062,5.94950850378928,120.73865349782,0.167345554986468,5.95148377047018,-120.74290843976,713.484569894236,5.95236425312104,120.748204742998,0.113658440549784,0.000449081978241672,-0.00911091523930452,0.0538375091742864,0.00285574933175781,0.00955124517713557,-0.0536871144366842,0.0546048335334185,0.0546048335334631
2131.32605013251,271,other,common,True,True,valid,valid,5.94940542316246,-120.636373329634,713.430301497216,5.94789728212305,120.641229039431,0.166906474774578,5.94985035085836,-120.645395149431,713.483655551554,5.95072726835759,120.650687235296,0.113701399674937,0.000444927695897768,-0.0090218197969989,0.0533540543384561,0.00282998623453068,0.00945819586488028,-0.0532050750996405,0.0541132729323871,0.0541132729324743
2131.31433621049,272,other,common,True,True,valid,valid,5.94825103184068,-120.539205466065,713.431384398009,5.94682814086089,120.544073293433,0.164978532716304,5.94869185221363,-120.548138535168,713.484256256856,5.94963246716859,120.553438795029,0.112254243834968,0.000440820372953787,-0.00893306910295166,0.0528718588478796,0.00280432630770378,0.00936550159650551,-0.0527242888813362,0.0536230128231287,0.0536230128231976
2131.30532965064,273,other,common,True,True,valid,valid,5.94736698601698,-120.442183100427,713.433328543676,5.94606758100787,120.447070089384,0.162203532491048,5.94780373039938,-120.45102776177,713.485719458713,5.94884633460524,120.456343249879,0.109958783652701,0.000436744382397158,-0.00884466134280615,0.0523909150366535,0.00277875359736868,0.00927316049494209,-0.0522447488383477,0.0531340451904646,0.0531340451904603
2131.28191769123,274,other,common,True,True,valid,valid,5.94504451402796,-120.344385764454,713.430681781995,5.94366477372527,120.349254366504,0.163943940958916,5.94547709171313,-120.353142350834,713.482592948031,5.94641791736965,120.358435528462,0.112177537251341,0.000432577685172575,-0.00875658637957599,0.051911166035552,0.00275314364437662,0.00918116195812502,-0.0517664037075747,0.0526463112444484,0.0526463112444119
2131.24251577258,275,other,common,True,True,valid,valid,5.9411254650777,-120.245730226839,713.422939375174,5.93943915879448,120.250538765229,0.170696211215954,5.94155377702237,-120.254399069612,713.474371981393,5.9421666466636,120.259628269729,0.119406962962216,0.000428311944675741,-0.0086688427731616,0.0514326062184409,0.00272748786912302,0.00908950449995416,-0.0512892482537382,0.0521598051047831,0.0521598051047402
2131.19639801979,276,other,common,True,True,valid,valid,5.93653596448424,-120.146716442833,713.413056225169,5.93444804879523,120.151447408571,0.179554057987275,5.93695997938368,-120.155297877898,713.464011490512,5.93714990406813,120.160445601476,0.128740748853147,0.000424014899436109,-0.00858143506496845,0.0509552653435321,0.00270185527289613,0.0089981929052243,-0.0508133091341278,0.0516745574014812,0.05167455740145
2131.14625811577,277,other,common,True,True,valid,valid,5.93154502747135,-120.047489788073,713.401890643104,5.92899856488907,120.052132692174,0.189673293252099,5.93196473390048,-120.055984152194,713.452369794602,5.93167483096623,120.061039920281,0.13933469972244,0.000419706429127586,-0.00849436412121918,0.0504791514973704,0.00267626607716664,0.00890722810630962,-0.0503385935296592,0.0511905763906305,0.0511905763905611
2131.09592588246,278,other,common,True,True,valid,valid,5.92653506385191,-119.948256038846,713.390662792875,5.92352728813681,119.952810371913,0.19985382224138,5.92695047733094,-119.956663670254,713.440667069226,5.92617803585901,119.961626983578,0.149988710360503,0.000415413479027293,-0.00840763140814715,0.0500042763509327,0.00265074772219975,0.00881661166495462,-0.0498651118808766,0.05070787402006,0.0507078740200149
2131.05987659097,279,other,common,True,True,valid,valid,5.92295121417635,-119.84979027127,713.38398389294,5.91968408296615,119.854293238634,0.205560247698031,5.92336244829748,-119.858111515425,713.433514578747,5.92230948320037,119.86301958982,0.156167342104595,0.000411234121129311,-0.00832124415474311,0.0495306858077811,0.00262540023422275,0.00872635118557241,-0.0493929055934359,0.0502264975324216,0.0502264975323371
2131.05025440454,280,other,common,True,True,valid,valid,5.92200577297092,-119.752740292631,713.385722344174,5.91885298990465,119.757260738995,0.202987754029209,5.92241302002417,-119.760975500849,713.434780761947,5.92145329383171,119.765897191829,0.154065745068124,0.000407247053257009,-0.00823520821714396,0.049058417772244,0.00260030392706057,0.0086364528343239,-0.0489220089610853,0.0497464858945647,0.0497464858945946
2131.0644531548,281,other,common,True,True,valid,valid,5.92343852182815,-119.656963357759,713.395048032819,5.92073693729631,119.66156333851,0.192952776490074,5.92384195166285,-119.665112879151,713.443635495193,5.92331237323771,119.670110252837,0.144500363343809,0.000403429834700653,-0.00814952139207037,0.0485874623740301,0.0025754359414023,0.00854691432724053,-0.0484524131462649,0.0492678287983054,0.0492678287983325
2131.08157203346,282,other,common,True,True,valid,valid,5.9251628509549,-119.561340009707,713.405302931985,5.92295371962137,119.56602712486,0.182003862482929,5.92556249125891,-119.569404181355,713.453420683229,5.9255043708231,119.574484847933,0.134019806168112,0.000399640304008742,-0.00806417164746165,0.0481177512444901,0.00255065120172304,0.00845772307312131,-0.0479840563148173,0.0487904556400014,0.0487904556399919
2131.08874931186,283,other,common,True,True,valid,valid,5.92589465196028,-119.465183399636,713.412389537884,5.92403731123411,119.469931736037,0.174171158451145,5.92629044602675,-119.473162551058,713.460038780286,5.92656317475518,119.478300607204,0.126654258081885,0.000395794066463395,-0.00797915142193517,0.0476492424020307,0.00252586352107187,0.00836887116719254,-0.0475169003692599,0.048314323050672,0.0483143230506474
2131.09782818705,284,other,common,True,True,valid,valid,5.92681632807559,-119.369126403888,713.420080793776,5.92533762291026,119.37394090698,0.165743747050442,5.9272082975414,-119.377020870347,713.467262766776,5.92783877573626,119.382221271637,0.118692768180608,0.000391969465812103,-0.00789446645904945,0.0471819730001926,0.0025011528259995,0.00828036465691184,-0.0470509788698337,0.0478394692375039,0.0478394692374401
2131.12925411761,285,other,common,True,True,valid,valid,5.92996924495364,-119.274258312158,713.434890718216,5.92918522480068,119.279197205129,0.150314667541465,5.9303575417542,-119.282068439155,713.481606725338,5.9316618769504,119.287389419434,0.10372831762686,0.00038829680056196,-0.00781012699710004,0.0467160071210628,0.00247665214971704,0.00819221430475636,-0.0465863499146053,0.0473659601343766,0.0473659601343813
2131.16865113378,286,other,common,True,True,valid,valid,5.93391819018664,-119.179810843801,713.452239678199,5.93394158234287,119.184894893394,0.132388264549377,5.93430287104148,-119.187536968436,713.498490976018,5.9363938466159,119.19299930472,0.0862652936108361,0.000384680854843111,-0.00772612463568123,0.0462512978191398,0.0024522642730318,0.00810441132630046,-0.0461229709385407,0.0468937472505763,0.046893747250653
2131.14716012776,287,other,common,True,True,valid,valid,5.93178762890864,-119.082119232754,713.450187535581,5.93175707733112,119.087189758581,0.13354412728836,5.93216831768121,-119.089761655012,713.495975162039,5.93418462432973,119.095206675398,0.0878834840723357,0.000380688772567694,-0.00764242225808687,0.0457876264580364,0.00242754699861081,0.00801691681671457,-0.0456606432160243,0.0464226052540476,0.0464226052540963
2131.06832703203,288,other,common,True,True,valid,valid,5.92393184372244,-118.981379971819,713.429864326893,5.923036159971,118.986287535737,0.152670859669797,5.92430819780219,-118.988938993251,713.475189331829,5.92543869432195,118.994217268178,0.107471482551091,0.000376354079749674,-0.00755902143170317,0.0453250049355347,0.00240253435094928,0.00792973244068662,-0.0451993771187063,0.0459525463908643,0.0459525463908954
2130.98404806294,289,other,common,True,True,valid,valid,5.91553284816931,-118.880357313931,713.407805939709,5.91369499205294,118.885087723799,0.173504333310802,5.915904854306,-118.887833263027,713.452669536714,5.91607255473482,118.892930610277,0.128765012047666,0.000372006136687197,-0.00747594909663007,0.0448635970050191,0.00237756268188605,0.00784288647764697,-0.0447393212631368,0.045483739288782,0.0454837392888241
2130.92855113745,290,other,common,True,True,valid,valid,5.91000766836756,-118.780868365012,713.394916559094,5.90763471795242,118.785496613536,0.185319515743345,5.91037552223671,-118.788261587569,713.439320068363,5.90998756342664,118.793253010641,0.141038943097556,0.00036785386914584,-0.00739322255746799,0.0444035092695003,0.00235284547422054,0.00775639710413145,-0.0442805726457891,0.0450162936246411,0.0450162936246593
2130.90166015178,291,other,common,True,True,valid,valid,5.90733834271696,-118.68289987244,713.391139122965,5.90483484410925,118.687500485743,0.188172497338655,5.90770223347908,-118.69021071336,713.435083862583,5.90716322023452,118.695170749152,0.144349367882228,0.000363890762116625,-0.00731084092009837,0.0439447396174728,0.00232837612526993,0.00767026340874111,-0.0438231294564275,0.0445502070869847,0.0445502070870047
2130.89009681344,292,other,common,True,True,valid,valid,5.906199165987,-118.58574457702,713.392243279411,5.9037818492502,118.590357481441,0.186224105639781,5.90655919839995,-118.592973373503,713.435730524508,5.90608591764698,118.59794195878,0.142857153010027,0.000360032412944911,-0.00722879648331798,0.0434872450971397,0.00230406839677499,0.0075844773390088,-0.0433669526297535,0.0440854353281705,0.0440854353281698
2130.87767476588,293,other,common,True,True,valid,valid,5.90497427132516,-118.488543636979,713.393072551959,5.90263093182612,118.49316658425,0.184546101800606,5.90533045195698,-118.495690717118,713.436103526124,5.90491075371911,118.500665613615,0.141634106653896,0.000356180631817082,-0.0071470801389637,0.0430309741651627,0.0022798218929907,0.00749902936523483,-0.0429119951467101,0.043621925183996,0.0436219251839678
2130.85677687824,294,other,common,True,True,valid,valid,5.9029032740269,-118.390894273847,713.391200350066,5.90051397202862,118.395505168668,0.185525222661909,5.90325556521514,-118.397959961168,713.433776252463,5.9027695633645,118.40291908339,0.143066988036594,0.000352291188239207,-0.00706568732101687,0.0425759023964929,0.00225559133588149,0.00741391472162434,-0.0424582346253146,0.0431596514267131,0.0431596514266773
2130.8351046294,295,other,common,True,True,valid,valid,5.90075499828667,-118.293204612676,713.389080140857,5.898308722073,118.297801426572,0.186748304242542,5.90110340832219,-118.300189234073,713.431202193852,5.90054014574333,118.305130563538,0.144742612082155,0.000348410035516444,-0.00698462139716582,0.0421220529950688,0.00223142367033091,0.00732913696566584,-0.0420056921603873,0.0426986378486946,0.0426986378486624
2130.81423377991,296,other,common,True,True,valid,valid,5.89868674399428,-118.19555796389,713.38721391113,5.89619476892645,118.200142774126,0.1877216041363,5.89903129027946,-118.20246184643,713.428883341143,5.89840209710654,118.207387470429,0.146167232745825,0.000344546285178104,-0.00690388254004404,0.0416694300129166,0.00220732818009139,0.00724469630316094,-0.0415543713904754,0.0422388885255129,0.04223888852559
2130.79309388995,297,other,common,True,True,valid,valid,5.89659165514667,-118.097897745215,713.385260653583,5.89405011662915,118.102469839961,0.188780529210135,5.89693234887989,-118.104721214775,713.426478682894,5.89623341511163,118.109630431472,0.147676260742514,0.000340693733217989,-0.00682346956021718,0.0412180293105848,0.00218329848248544,0.00716059151082504,-0.0411042684676204,0.0417803991042127,0.041780399104206
2130.78458605707,298,other,common,True,True,valid,valid,5.89575752775584,-118.000904110839,713.387330197934,5.89334502906965,118.005496392542,0.185882730235676,5.89609445214746,-118.007647499223,713.428098087572,5.89550443731968,118.012573221374,0.145227311407098,0.000336924391626248,-0.00674338838422273,0.0407678896374364,0.00215940825002292,0.00707682883214034,-0.0406554188285781,0.0413232093433743,0.0413232093433797
2130.81914715469,299,other,common,True,True,valid,valid,5.89922266526508,-117.906178727518,713.403119070223,5.89754831642186,117.910903406555,0.169490863687315,5.89955606914235,-117.912842381252,713.443438173171,5.899684143467,117.917896830296,0.129282956890734,0.00033340387726799,-0.00666365373410827,0.0403191029479331,0.00213582704514437,0.0069934237412923,-0.0402079067965815,0.0408674136906105,0.0408674136905509
2130.90562333912,300,other,common,True,True,valid,valid,5.90787066903697,-117.814181921409,713.435447529162,5.90766879612238,117.819174275252,0.136830919996214,5.90820084160439,-117.820766190616,713.475319223482,5.90978139244848,117.826084655292,0.0970691644100725,0.000330172567416298,-0.00658426920664112,0.039871694319686,0.00211259632609995,0.00691038004012512,-0.0397617555861416,0.0404130377827784,0.0404130377827264
2130.96089188382,301,other,common,True,True,valid,valid,5.91340367001562,-117.720535404432,713.457833793049,5.91423286153313,117.725714116071,0.113949907263759,5.91373044245513,-117.727040596481,713.497259201807,5.91632210866166,117.732541768961,0.0746331759395389,0.000326772439519729,-0.00650519204882016,0.039425408758234,0.00208924712853076,0.00682765289012366,-0.0393167313242202,0.0399598193135692,0.039959819313568
2130.93015277386,302,other,common,True,True,valid,valid,5.91034999579462,-117.622362921771,713.452814985752,5.91099351965217,117.627503844973,0.118024096722593,5.91067291261637,-117.628789316084,713.491795065722,5.91305900528506,117.634249057956,0.0791514157696156,0.000322916821748898,-0.00642639431309533,0.0389800799694058,0.00206548563289033,0.00674521298361697,-0.0388726809529771,0.0395075872910815,0.0395075872911265
2130.85134683549,303,other,common,True,True,valid,valid,5.9024977760454,-117.521668017921,713.432480191086,5.90227562916157,117.526645882902,0.137162925394136,5.90281659754879,-117.52801591271,713.471016015161,5.90431716176584,117.533308962963,0.0987332147357165,0.000318821503388911,-0.00634789478962716,0.0385358240750975,0.00204153260426665,0.00666308006049121,-0.0384297106584199,0.0390564610859466,0.0390564610859288
2130.78193470836,304,other,common,True,True,valid,valid,5.8955837562727,-117.421471777252,713.41513795986,5.89462880048382,117.426311060058,0.153358376404753,5.89589855107912,-117.427741498963,713.453230774673,5.89664650430765,117.432892343833,0.115370396441449,0.000314794806413055,-0.00626972171119178,0.0380928148136945,0.0020177038238316,0.00658128377456535,-0.0379879799633045,0.0386066192062496,0.0386066192062253
2130.7632188648,305,other,common,True,True,valid,valid,5.89373063502608,-117.323937850229,713.413946205133,5.89275992146434,117.328770645864,0.153668454362787,5.8940416828924,-117.330129745108,713.451597380511,5.89475413718815,117.335270490799,0.116120852045015,0.0003110478663233,-0.00619189487896676,0.0376511753784143,0.00199421572381198,0.00649984493468025,-0.0375476023177725,0.038158188116621,0.0381581881165967
2130.75565715134,306,other,common,True,True,valid,valid,5.89299096092897,-117.226988557404,713.416306731698,5.89216220431566,117.231843920065,0.150484566359864,5.89329833099858,-117.233102951244,713.453517516734,5.89413305681947,117.238262662166,0.113376099649031,0.000307370069615232,-0.00611439384051948,0.0372107850357679,0.0019708525038169,0.00641874210090521,-0.0371084667108335,0.0377110436261688,0.0377110436262213
2130.73964643478,307,other,common,True,True,valid,valid,5.89140789012019,-117.129596592656,713.415974147587,5.89060152036627,117.134452495305,0.149949616140134,5.89171155082887,-117.135633800904,713.452745731618,5.89254903125191,117.140790459742,0.113279098097223,0.000303660708676823,-0.00603720824830134,0.0367715840307028,0.0019475108856355,0.00633796443695189,-0.0366705180429108,0.0372651242502476,0.037265124250285
2130.72757390141,308,other,common,True,True,valid,valid,5.89021794416227,-117.032410755307,713.416894912423,5.88948960742919,117.037277449122,0.148181903118598,5.89051792706917,-117.038371098899,713.453228521127,5.89141386298363,117.043534966852,0.111948113372137,0.00029998290689992,-0.00596034359215025,0.0363336087044672,0.00192425555444231,0.0062575177299351,-0.0362337897464613,0.036820467229114,0.0368204672291107
2130.70983025432,309,other,common,True,True,valid,valid,5.88846190968192,-116.934928501373,713.41600757072,5.88773132830043,116.939791197767,0.148192653014235,5.88875819839874,-116.940812295894,713.451904400263,5.88963236559182,116.945968594153,0.112394398485549,0.000296288716820747,-0.00588379452030097,0.0358968295430486,0.00190103729138968,0.006177396386704,-0.0357982545286859,0.0363770421585308,0.0363770421585139
2130.66250061989,310,other,common,True,True,valid,valid,5.8837526778851,-116.8359022199,713.405693156244,5.88260130283116,116.840683814359,0.157475854257882,5.88404514090418,-116.841709768682,713.441154331156,5.88447904072095,116.84678140193,0.122112008173758,0.000292463019081701,-0.00580754878238565,0.0354611749121432,0.00187773788979229,0.00609758757101986,-0.0353638460841239,0.0359347754080491,0.0359347754081005
2130.56628760695,311,other,common,True,True,valid,valid,5.87416451546928,-116.734329492109,713.379804999874,5.87190089268773,116.738902606054,0.182077386494029,5.87445293397617,-116.74006108865,713.414831587512,5.87375516026192,116.744920687031,0.147146875206431,0.000288418506886323,-0.00573159654038591,0.0350265876379581,0.00185426757418838,0.00601808097724188,-0.0349305112875982,0.0354936082372085,0.0354936082372355
2130.51707923412,312,other,common,True,True,valid,valid,5.8692682666393,-116.635213474131,713.36889045195,5.86655720096416,116.639700577333,0.191950991974295,5.86955288468181,-116.640869457916,713.403483802938,5.86838830237269,116.645639502246,0.157452479960966,0.000284618042518225,-0.00565598378531718,0.0345933509886436,0.00183110140852705,0.00593892491325221,-0.0344985120133288,0.0350538313545522,0.035053831354466
2130.55925965309,313,other,common,True,True,valid,valid,5.87349323573936,-116.540858689149,713.387087289464,5.87162723345056,116.545497885353,0.173190706720902,5.87377449663132,-116.546439420164,713.421248882987,5.87343567765796,116.551358026281,0.13912273912274,0.000281260891958013,-0.00558073101456102,0.0341615935235495,0.00180844420739845,0.0058601409279504,-0.0340679675981619,0.0346155765287024,0.0346155765287265
2130.56986996531,314,other,common,True,True,valid,valid,5.87456734206429,-116.444856783213,713.395226126231,5.873099841733,116.449565807506,0.164323453677866,5.87484510499086,-116.45036256131,713.428957077683,5.87488553789507,116.455347473422,0.130684912404604,0.000277762926576663,-0.00550577809761421,0.0337309514516164,0.00178569616206659,0.00578166591540707,-0.0336385412732625,0.0341784702778643,0.0341784702778457
2130.53756341338,315,other,common,True,True,valid,valid,5.87135794222597,-116.346621957657,713.389691508625,5.86968185897743,116.351288973932,0.168905436652494,5.8716320201837,-116.352053076803,713.422992900167,5.87144466862197,116.356992467648,0.135695234693799,0.000274077957735486,-0.00543111914642225,0.0333013915420679,0.00176280964453923,0.00570349371575674,-0.0332102019586955,0.0337424784588753,0.0337424784588492
2130.54952436686,316,other,common,True,True,valid,valid,5.87256684471037,-116.25068787496,713.398258041267,5.87130825252721,116.255428217546,0.159617520919596,5.87283745075164,-116.256044670254,713.431131209603,5.87304844821812,116.26105388509,0.126834335235912,0.000270606041263832,-0.00535679529444621,0.0328731683364367,0.00174019569090689,0.00562566754440752,-0.0327831856836838,0.0333078621339148,0.0333078621339428
2130.48476397991,317,other,common,True,True,valid,valid,5.86611838511343,-116.15077026854,713.382381924623,5.8641920570877,116.155384019087,0.174371500069924,5.86638518684508,-116.156053016791,713.414827852633,5.86590935067001,116.160932145304,0.142014336181205,0.000266801731644506,-0.00528274825106223,0.0324459280101337,0.00171729358230266,0.00554812621680867,-0.0323571638887188,0.0328742582682391,0.0328742582682388
2130.44390296936,318,other,common,True,True,valid,valid,5.86205540009609,-116.052096328704,713.374118406305,5.85979932555771,116.056645751152,0.181637746678916,5.86231851981813,-116.057305354079,713.406138369772,5.86149389621034,116.062116670639,0.149705338251351,0.000263119722043292,-0.0052090253749526,0.0320199634661549,0.00169457065263146,0.00547091948729417,-0.031932408427565,0.0324419672294841,0.0324419672294705
2130.42372372746,319,other,common,True,True,valid,valid,5.86005654835106,-115.954496172153,713.37244198747,5.8577631866859,115.959035142897,0.182424919975347,5.86031609024343,-115.959631796548,713.404037251447,5.85943519500639,115.964429187894,0.150916010562014,0.000259541892377868,-0.00513562439506643,0.0315952639766692,0.00167200832049019,0.00539404499710372,-0.0315089094133327,0.0320109778931621,0.0320109778930944
2130.41991811991,320,other,common,True,True,valid,valid,5.85969179727888,-115.857744096935,713.375980186588,5.85759267199806,115.862315266804,0.178082979315718,5.85994784351297,-115.862806639487,713.407152002365,5.85924225598221,115.867632766679,0.146996325211603,0.00025604623409059,-0.00506254255213889,0.0311718157773839,0.00164958398415394,0.00531749987442254,-0.031086654104115,0.0315812760290868,0.0315812760290675
2130.42690744996,321,other,common,True,True,valid,valid,5.86040439303399,-115.761549474093,713.382955977117,5.85865213003563,115.766180959511,0.170359805106045,5.8606569994339,-115.766539250617,713.413705578712,5.86027940058623,115.771422240167,0.139694178654963,0.000252606399915756,-0.00498977652395638,0.0307496015948345,0.00162727055059975,0.0052412806557669,-0.0306656264510821,0.0311528438187167,0.0311528438187378
2130.44389942288,322,other,common,True,True,valid,valid,5.86211529907497,-115.66586998653,713.393117156611,5.86085132721641,115.670587841178,0.159503453620573,5.86236451630411,-115.670787311788,713.423445774674,5.86245638993042,115.675753227439,0.129257630288976,0.00024921722914506,-0.00491732525786404,0.0303286180633222,0.00160506271400607,0.00516538626098395,-0.0302458233315974,0.0307256777069246,0.0307256777068832
2130.47916933894,323,other,common,True,True,valid,valid,5.86565050722664,-115.571131666488,713.409100406846,5.86513332252644,115.575983509797,0.142920442155969,5.86589641813891,-115.575976858404,713.439009294613,5.86671631616903,115.581073329834,0.11309317631617,0.000245910912270553,-0.00484519191607546,0.0299088877673057,0.00158299364258596,0.00508982003698577,-0.0298272658397991,0.0302998007313194,0.0302998007313483
2130.51088225842,324,other,common,True,True,valid,valid,5.8688308424713,-115.47620570463,713.42394977833,5.8690101026482,115.481182262612,0.127452710956845,5.86907343855904,-115.480979070311,713.453440125516,5.87057107187456,115.486196833258,0.0980428162573617,0.000242596087744573,-0.0047733656810891,0.0294903471858561,0.00156096922636095,0.00501457064676458,-0.0294098946994836,0.0298751476972001,0.0298751476972375
2130.50572156906,325,other,common,True,True,valid,valid,5.86833087154638,-115.379375030187,713.427050134961,5.86868492908129,115.384380206388,0.123541462005278,5.86857001218695,-115.384076860785,713.456123035842,5.87022378229695,115.389319827743,0.0945478413877936,0.000239140640564628,-0.0047018305982931,0.0290729008810331,0.00153885321565639,0.0049396213551347,-0.0289936206174843,0.0294516207509772,0.0294516207510224
2130.48168465495,326,other,common,True,True,valid,valid,5.86594687176464,-115.281571379312,713.424135128324,5.86620864794459,115.286555973358,0.125547030941334,5.86618249330381,-115.286201973806,713.452791728269,5.86772537273099,115.291420953764,0.0969685398183628,0.00023562153917478,-0.0046305944940741,0.0286565999451796,0.00151672478639853,0.00486498040638139,-0.0285784911229712,0.0290292721799279,0.0290292721799547
2130.45584255457,327,other,common,True,True,valid,valid,5.86338273282382,-115.183675751416,713.420643682139,5.86352663319355,115.188635048495,0.128119624401847,5.86361484087891,-115.188235416063,713.448885174398,5.8650212884753,115.193425703966,0.0999550735150478,0.000232108055088887,-0.00455966464664925,0.0282414922597809,0.00149465528175341,0.00479065547037294,-0.0281645508867996,0.0286081509521046,0.0286081509521711
2130.42963856459,328,other,common,True,True,valid,valid,5.86078251294619,-115.085762597546,713.417035641536,5.86080335985328,115.090695643974,0.130806932651581,5.86101111892642,-115.090251638644,713.444863222646,5.86227601048816,115.09541229059,0.10305512972127,0.000228605980226781,-0.00448904109829584,0.0278275811093636,0.00147265063488078,0.00471664661625937,-0.027751802930311,0.0281882603414009,0.0281882603414596
2130.40414300561,329,other,common,True,True,valid,valid,5.85825303586754,-114.987886953495,713.413652007319,5.85816079192434,114.992795584679,0.133273541228732,5.85847815524567,-114.992305677207,713.441066876002,5.85961150692762,114.997438538404,0.10593329196945,0.000225119378129079,-0.00441872371249019,0.0274148686827402,0.00145071500328697,0.00464295372543688,-0.0273402492592822,0.0277696024975804,0.0277696024976411
2130.37467965484,330,other,common,True,True,valid,valid,5.85532760311336,-114.889808692651,713.409002972923,5.8550660841434,114.894682558662,0.136984853305762,5.85554923391348,-114.894157402399,713.43600631396,5.85649491447592,114.899252132605,0.110054976557535,0.000221630800127492,-0.00434870974828527,0.0270033410364476,0.00142883033252161,0.00456957394291635,-0.0269298767482269,0.0273521630555445,0.0273521630554807
2130.32258349657,331,other,common,True,True,valid,valid,5.85014350551937,-114.790571088757,713.397142241419,5.8493925135912,114.795351204022,0.147789779449681,5.850361578367,-114.794850078955,713.423735186729,5.85079944051941,114.799847701851,0.121269143766199,0.000218072847631312,-0.00427899019825873,0.0265929453104263,0.00140692692820465,0.00449649782899542,-0.0265206356834824,0.0269358878295666,0.0269358878295011
2130.25028425455,332,other,common,True,True,valid,valid,5.84294348815928,-114.690301704609,713.378844530226,5.84141722142751,114.694935419988,0.164926316843321,5.843157946172,-114.694511270256,713.405028218228,5.84280223898809,114.699359146008,0.138813784851095,0.000214458012715468,-0.00420956564634878,0.0261836880026749,0.00138501756057963,0.00442372602070407,-0.0261125319922257,0.0265207834083301,0.0265207834083833
2130.17905880511,333,other,common,True,True,valid,valid,5.83585101521831,-114.590092557486,713.360888450657,5.83356463956262,114.594582667057,0.181726884401087,5.83606188005048,-114.594233002568,713.386664078517,5.83492782287729,114.598933935045,0.156021263630691,0.000210864832165036,-0.00414044508193001,0.0257756278601846,0.00136318331466612,0.00435126798797114,-0.0257056207703954,0.0261069098332347,0.0261069098332972
2130.11483958364,334,other,common,True,True,valid,valid,5.8294580070382,-114.49024692954,713.345163633621,5.82651058766057,114.494611682978,0.196332792059479,5.82966532075934,-114.494318560058,713.370532414072,5.82785203294198,114.49889080885,0.171032875420224,0.000207313721137581,-0.00407163051801263,0.02536878045089,0.00134144528141178,0.00427912587115031,-0.0252999166392556,0.0256942829364752,0.0256942829364326
2130.07244828343,335,other,common,True,True,valid,valid,5.82524321049676,-114.391521290323,713.33639087201,5.82194341554724,114.395817549473,0.204100534248937,5.82544706470884,-114.395524418193,713.361354057693,5.82326327027549,114.400024855384,0.179205077049119,0.00020385421208502,-0.00400312786938173,0.0249631856830774,0.00131985472824425,0.00420730591147844,-0.0248954571998183,0.0252829434347785,0.0252829434347431
2130.08254029602,336,other,common,True,True,valid,valid,5.82626512106574,-114.295477979999,713.344334329427,5.82335514791013,114.299842469535,0.195425782513325,5.82646570696836,-114.299412929943,713.368893255979,5.82465366277424,114.303978291131,0.170933461716459,0.0002005859026184,-0.00393494994467858,0.0245589265517765,0.0012985148641107,0.00413582159640669,-0.0244923207968668,0.0248729760814223,0.0248729760814072
2130.13269901276,337,other,common,True,True,valid,valid,5.83128498271212,-114.201476832644,713.365039762282,5.8293314630328,114.20601393503,0.174197983879708,5.83148244168339,-114.205343923037,713.389195729158,5.83060883733275,114.210078601309,0.150107510309567,0.000197458971268993,-0.00386709039253219,0.0241559668766058,0.00127737429994568,0.00406466627867985,-0.0240904735701406,0.0244643437249608,0.024464343724957
2129.92429510504,349,other,common,True,True,valid,valid,5.81067057737993,-113.032114099417,713.355282968146,5.80872941338895,113.036610513459,0.173460576362345,5.81082868850067,-113.035189757209,713.37469370599,5.80975531209487,113.039844936142,0.154102181403687,0.000158111120737381,-0.00307565779226593,0.0194107378438275,0.00102589870591885,0.0032344226829224,-0.0193583949586582,0.0196535343799385,0.0196535343799026
2130.09112944454,354,other,common,True,True,valid,valid,5.82739231106016,-112.557650429472,713.43197476579,5.82904195499916,112.562790422019,0.0937175898289979,5.82753512575491,-112.560408933727,713.449459184937,5.82996644214461,112.56569193576,0.0762802392217736,0.000142814694750193,-0.00275850425538238,0.0174844191470811,0.000924487145454123,0.00290151374167635,-0.0174373506072243,0.0177012613865457,0.0177012613865372
2129.52975738049,397,other,common,True,True,valid,valid,5.77202807267285,-108.376442249492,713.454227937946,5.77626180985028,108.381904418864,0.0348216494544431,5.77204518048286,-108.376763468232,713.4563425568,5.77637346021529,108.382242934021,0.0327126144298973,1.71078100121846e-05,-0.000321218739841811,0.0021146188532839,0.00011165036500671,0.000338515157693564,-0.00210903502454585,0.00213894531268396,0.002138945312708
2129.13955435157,408,other,common,True,True,valid,valid,5.73327120999596,-107.295009052128,713.380959163804,5.73465966532179,107.29990777189,0.0974370272697342,5.73325934226807,-107.294786954145,713.379482483077,5.73458177574177,107.299673595398,0.0989098303494984,-1.18677278848622e-05,0.000222097982842229,-0.00147668072759188,-7.78895800195301e-05,-0.000234176492298843,0.00147280307976416,0.00149333664261915,0.00149333664255044
2129.06927230954,430,other,common,True,True,valid,valid,5.72659034338165,-105.166221999626,713.460192290636,5.73231309726885,105.171840507214,0.000581217433136771,5.72652413686099,-105.165006147045,713.451943801722,5.73187809468867,105.170557185292,0.00880825260799156,-6.62065206622486e-05,0.00121585258109747,-0.00824848891409147,-0.000435002580182697,-0.00128332192200276,0.00822703517485479,0.00833788043619177,0.00833788043621138
2127.94562765211,473,other,common,True,True,valid,valid,5.61520416318109,-100.959760076873,713.298984429969,5.61536238189115,100.96420006348,0.12224135665474,5.61504719319281,-100.956937801512,713.279044543551,5.61431383885177,100.961214683905,0.142130474645683,-0.00015696998828485,0.00282227536095547,-0.0199398864183422,-0.0010485430393814,-0.00298537957456801,0.0198891179909424,0.0201392390165733,0.0201392390165893
2127.82148009539,496,other,common,True,True,valid,valid,5.60317145954694,-98.7317247409892,713.363665979542,5.60705419927349,98.7367687417071,0.0388709323698322,5.60297218004219,-98.7282132994151,713.338294855512,5.60572046993738,98.7330497668359,0.0641781301757192,-0.000199279504751182,0.00351144157406225,-0.025371124030471,-0.00133372933611042,-0.00371897487123363,0.025307197805887,0.0256137437485935,0.0256137437486432
2127.51722720265,526,other,common,True,True,valid,valid,5.5732974955932,-95.8190208016175,713.401653810968,5.57997839770816,95.8244732729284,-0.0242303433011557,5.57305050070432,-95.8147743373987,713.370037597703,5.57831766001069,95.819968186866,0.00730732553995495,-0.000246994888881247,0.00424646421876673,-0.0316162132651243,-0.00166073769747754,-0.00450508606246558,0.0315376688411106,0.0319010721773144,0.0319010721773047
2127.11648987979,542,other,common,True,True,valid,valid,5.53360849708508,-94.2554692718425,713.345455970088,5.53838604141947,94.2605141592492,0.0173480984898333,5.53334036225027,-94.2509020577549,713.310890321633,5.53657224802106,94.255664194299,0.0518285768425812,-0.000268134834811029,0.00456721408761496,-0.0345656484553274,-0.00181379339841925,-0.00484996495023893,0.0344804783527479,0.0348671104903894,0.0348671104903319
2127.19474694133,543,other,common,True,True,valid,valid,5.54141956280743,-94.1621027479083,713.374841690438,5.54753916968395,94.1673912710447,-0.0124208288532373,5.5411496971863,-94.1575170791897,713.34010053024,5.54571579584416,94.1625214155992,0.0222347509677547,-0.000269865621136844,0.00458566871856192,-0.0347411601979957,-0.00182337383979103,-0.00486985544546314,0.034655579820992,0.0350435357370324,0.0350435357369728
2127.23798166215,544,other,common,True,True,valid,valid,5.54574188500475,-94.0672566858436,713.393070259498,5.55270805837723,94.0726975781451,-0.0312124706936174,5.54547045899434,-94.0626527391179,713.358154564008,5.55087531797598,94.0678080168141,0.00361724422998577,-0.000271426010416853,0.00460394672570885,-0.034915695489417,-0.00183274040125525,-0.00488956133101226,0.0348297149236032,0.0352189691649541,0.0352189691650337
2127.23033359647,545,other,common,True,True,valid,valid,5.54499480247017,-93.9702694981209,713.395086819733,5.55208755376902,93.9757301435125,-0.0340533903784035,5.54472206462801,-93.9656474471645,713.359997546701,5.55024573793196,93.9708210579053,0.00094951544167543,-0.000272737842160531,0.00462205095642787,-0.0350892730324404,-0.00184181583706078,-0.00490908560719561,0.0350029058200789,0.0353934290924108,0.0353934290924988
2127.227590397,546,other,common,True,True,valid,valid,5.54473640280817,-93.8734876521398,713.398664773997,5.55202507469374,93.8789808230313,-0.0384305265894227,5.54446233790115,-93.8688476788756,713.363402946468,5.55017421394099,93.874052403438,-0.00325545105295078,-0.000274064907027416,0.00463997326413335,-0.0352618275298937,-0.00185086075275365,-0.004928419593341,0.0351750755364719,0.0355668517613396,0.0355668517613046
2127.21301427484,547,other,common,True,True,valid,valid,5.54329908244267,-93.7762091963253,713.398471421084,5.55061618719414,93.7817040429462,-0.0390971097551756,5.54302375550142,-93.7715514796018,713.363038041772,5.54875639131997,93.7767564764159,-0.00375086180440576,-0.000275326941248544,0.00465771672354265,-0.0354333793119395,-0.00185979587416796,-0.00494756653039019,0.0353462479507698,0.0357392571196594,0.0357392571196368
2127.15520638227,548,other,common,True,True,valid,valid,5.53755468783241,-93.6771214584897,713.3845032437,5.54428847034189,93.6825053008763,-0.0262107833030996,5.53727831667046,-93.6724461719482,713.348899278558,5.54242000012616,93.6775387689503,0.00930568328260506,-0.000276371161944233,0.00467528654152716,-0.0356039651413766,-0.00186847021572589,-0.00496653192595886,0.0355164665857046,0.0359106811276659,0.0359106811276547
2127.07079353184,549,other,common,True,True,valid,valid,5.52916015373355,-93.5769254267899,713.362058606751,5.53493416299419,93.5821289261644,-0.00498450165491704,5.52888287829854,-93.5722327461687,713.326285040853,5.53305720228424,93.5771436126376,0.0307012072171347,-0.000277275435013102,0.0046926806212042,-0.0357735658983529,-0.00187696070994292,-0.00498531352675968,0.0356857088720517,0.0360811051682634,0.0360811051683231
2126.98472002987,550,other,common,True,True,valid,valid,5.52060075734508,-93.4766665087976,713.339085025082,5.52539149939714,93.4816853380985,0.0167622807776979,5.52032259751374,-93.4719566130937,713.303142871628,5.52350611334806,93.4766814302545,0.0526162221382265,-0.000278159831341718,0.00470989570396796,-0.0359421534541298,-0.00188538604908217,-0.00500390784404203,0.0358539413605286,0.036250501863481,0.036250501863422
2126.92951028049,551,other,common,True,True,valid,valid,5.51511615515357,-93.3777017637949,713.325942762432,5.51936024787564,93.3826163444718,0.0288361860732493,5.51483697121727,-93.3729748362729,713.289833070639,5.51746634382814,93.3775940341565,0.0648573070353677,-0.000279183936296334,0.0047269275219719,-0.0361096917924897,-0.0018939040474919,-0.00502231031535416,0.0360211209621184,0.0364188361815264,0.036418836181465
2126.91256415099,552,other,common,True,True,valid,valid,5.51344300918239,-93.2803354133819,713.324987895243,5.51768170835015,93.2852454400902,0.0289190504170165,5.51316262279241,-93.2755916377667,713.288711721189,5.51577915535058,93.2802049196656,0.06510628951537,-0.000280386389981402,0.00474377561519645,-0.036276174054251,-0.00190255299957443,-0.00504052042454362,0.0361872390983535,0.0365861015636995,0.036586101563679
2126.90838278085,553,other,common,True,True,valid,valid,5.51304132459008,-93.183500897722,713.328097795202,5.51745515123642,93.1884396208865,0.025002637323837,5.5127596811013,-93.1787404533967,713.291656164843,5.51554394056371,93.1833810781268,0.0613549686844408,-0.000281643488773575,0.00476044432534195,-0.0364416303588087,-0.00191121067271638,-0.0050585427596701,0.0363523313606038,0.0367523274968742,0.0367523274968818
2126.91321126372,554,other,common,True,True,valid,valid,5.51353708933835,-93.0870404063787,713.334076453226,5.51825344872774,93.092031292929,0.0182636799711418,5.51325415191947,-93.0822634716239,713.297470387261,5.51633358922169,93.0869549144628,0.0547800837620116,-0.0002829374188833,0.00477693475482965,-0.0366060659650884,-0.0019198595060459,-0.00507637846615694,0.0365164037908698,0.0369175192107393,0.0369175192107009
2126.94005292654,555,other,common,True,True,valid,valid,5.51622558524587,-92.9914930247319,713.347066307891,5.5215558546977,92.9965934274842,0.00462643581431621,5.51594125145227,-92.9866997791376,713.310296840367,5.51962729024785,92.9914994013588,0.0413058759413616,-0.000284333793593383,0.00479324559429983,-0.0367694675240955,-0.00192856444984812,-0.00509402612546239,0.0366794401270454,0.0370816638116329,0.0370816638116147
2126.9915370727,556,other,common,True,True,valid,valid,5.52136892143397,-92.8969651134101,713.367905749281,5.52766171350773,92.9022392434533,-0.0167340109858287,5.52108307415145,-92.8921557363499,713.330973915854,5.52572437342083,92.8971277575124,0.0201074271171819,-0.000285847282517793,0.00480937706022644,-0.0369318334267064,-0.00193734008689717,-0.00511148594085853,0.0368414381030107,0.0372447598547009,0.0372447598546944
2127.03087068349,557,other,common,True,True,valid,valid,5.52530211845264,-92.8019280265567,713.384873994625,5.53238550903528,92.8073442169968,-0.034285619916659,5.5250148244935,-92.7971026916252,713.347780789502,5.53043950450642,92.8022154529665,0.00271682739708012,-0.000287293959147839,0.00482533493149617,-0.0370932051229147,-0.00194600452886107,-0.00512876403028883,0.0370024473137391,0.0374068477863439,0.0374068477863449
2127.05234201252,558,other,common,True,True,valid,valid,5.52745601521651,-92.7061466850729,713.396150722974,5.53507723625611,92.7116583784052,-0.0462373623655594,5.527167371135,-92.7013055645851,713.358897133599,5.53312270789022,92.7065125166765,-0.00907488652978827,-0.000288644081511968,0.00484112048775387,-0.037253589375041,-0.00195452836589283,-0.005145861728721,0.0371624758357711,0.0375679342565825,0.0375679342566033
2127.05400178954,559,other,common,True,True,valid,valid,5.5276362916387,-92.6095426890843,713.401114351261,5.53551496867211,92.6150982430602,-0.0519776410018267,5.52734640507956,-92.6046859546218,713.363701362523,5.53355206803935,92.6099354632697,-0.0146561142900055,-0.000289886559141195,0.0048567344624928,-0.0374129887379695,-0.00196290063276194,-0.00516277979048141,0.0373215267118212,0.0377280218162014,0.0377280218161552
2127.02478620224,560,other,common,True,True,valid,valid,5.52474072424404,-92.5116612624523,713.396239649394,5.53243992040184,92.5171801976787,-0.0480379487382834,5.52444976065669,-92.5067890836161,713.358668233929,5.53046885627118,92.5120006773823,-0.0105583339832265,-0.000290963587348259,0.00487217883625135,-0.0375714154653224,-0.0019710641306574,-0.00517952029640867,0.0374796147550569,0.0378871224361186,0.0378871224361992
2126.96752139926,561,other,common,True,True,valid,valid,5.51905103615296,-92.4126231725582,713.382427388775,5.52617381784273,92.4180323779939,-0.0353045220850845,5.51875914847379,-92.4077357189132,713.344698522033,5.52419478660871,92.4128362947346,0.00233221450730525,-0.000291887679161995,0.00488745364492615,-0.0377288667420999,-0.00197903123402199,-0.00519608325930676,0.0376367365923898,0.0380452334358941,0.0380452334358433
2126.89991261065,562,other,common,True,True,valid,valid,5.51233122071158,-92.3131624469104,713.36531898043,5.5187311981066,92.3184349592674,-0.0193279424598813,5.5120384724529,-92.3082598899927,713.327433656315,5.51674430765482,92.31322249271,0.0184649273428477,-0.000292748258671871,0.00490255691771324,-0.0378853241154502,-0.00198689045178213,-0.00521246655740981,0.037792869802729,0.0382023369600223,0.0382023369600019
2126.83615936339,563,other,common,True,True,valid,valid,5.50599578343838,-92.2138655015913,713.349438274928,5.51172747874221,92.2190113635636,-0.00455924398090701,5.50570216529539,-92.2089480143626,713.311397501632,5.50973276485341,92.2137826949156,0.0333887528822743,-0.000293618142990226,0.00491748722873808,-0.0380407732965296,-0.00199471388879857,-0.00522866864798743,0.0379479968631813,0.038358419222599,0.0383584192225987
2126.79249994457,564,other,common,True,True,valid,valid,5.501662011489,-92.115400092417,713.339957825349,5.5070096699971,92.1204716592859,0.00391225346254487,5.50136742954531,-92.1104678494792,713.301762627089,5.50500708464225,92.1152269715262,0.0420143514514848,-0.000294581943682815,0.00493224293779804,-0.0381951982590181,-0.00200258535485176,-0.00524468775965659,0.0381020979889399,0.0385134647748641,0.0385134647747841
2126.78666472435,565,other,common,True,True,valid,valid,5.50109565877587,-92.018492455814,713.342525188453,5.50659434580069,92.0235882811751,0.000529844212792341,5.50079992536616,-92.013545633541,713.304176606578,5.50458374806206,92.0183277591947,0.0387849960990252,-0.000295733409714671,0.00494682227299847,-0.0383485818741747,-0.00201059773862511,-0.00526052198046045,0.0382551518862329,0.038667457126252,0.0386674571262737
2126.81154495478,566,other,common,True,True,valid,valid,5.5035886589507,-91.9228457417582,713.354876014653,5.50967287739722,91.9280458564962,-0.0124785990855116,5.50329162124109,-91.9178845149567,713.3163750816,5.50765416075527,91.9227696835458,0.0259285699172551,-0.000297037709604098,0.00496122680154087,-0.0385009330524326,-0.00201871664194897,-0.00527617295043115,0.0384071690027668,0.0388204050556554,0.0388204050557233
2126.83695344627,567,other,common,True,True,valid,valid,5.50613436562367,-91.8272175519823,713.36739423781,5.51281155067755,91.8325233255433,-0.0256517545045654,5.50583602752817,-91.8222420909091,713.328741953711,5.51078476375866,91.8272316800597,0.0129064340868581,-0.000298338095499062,0.00497546107311564,-0.0386522840991574,-0.00202678691888991,-0.00529164548352412,0.0385581885914235,0.0389723399937865,0.0389723399937656
2126.83759790659,568,other,common,True,True,valid,valid,5.50621345120189,-91.7305712113751,713.372022141061,5.51313317789587,91.735918099244,-0.0310615330018891,5.50591395005772,-91.7255816824952,713.333219479532,5.51109850143009,91.7306111556553,0.00764671008050755,-0.00029950114417332,0.00498952887986093,-0.0388026615288481,-0.00203467646577593,-0.00530694358873518,0.0387082430823966,0.0391232877082267,0.0391232877082219
2126.82718202472,569,other,common,True,True,valid,valid,5.50519085133881,-91.6334709532784,713.373125141945,5.51219657108544,91.638830120964,-0.0330031006845957,5.50489025341625,-91.6284675243785,713.334173090106,5.51015411541125,91.6335080551303,0.00585421513085294,-0.00030059792255166,0.00500342889985461,-0.0389520518384643,-0.00204245567418582,-0.00532206583372385,0.0388573158154486,0.0392732351900547,0.0392732351901523
2126.81814305484,570,other,common,True,True,valid,valid,5.50430540880451,-91.5364268729554,713.374665488553,5.51141654466212,91.5418018980485,-0.0353749604039422,5.50400371491038,-91.5314097129275,713.335565045387,5.50936635525086,91.5364648870324,0.00363043161485166,-0.000301693894132704,0.00501716002787589,-0.0391004431662623,-0.00205018941126411,-0.00533701101618078,0.0390053920187938,0.0394221710430714,0.0394221710430651
2126.80224569142,571,other,common,True,True,valid,valid,5.50273683428838,-91.4391023406365,713.374019549162,5.50985628796046,91.4444753387914,-0.0355956796730652,5.50243408908882,-91.4340716168131,713.334771704605,5.50779845369438,91.4391235580218,0.00355680300674521,-0.000302745199565635,0.00503072382342395,-0.0392478445576216,-0.00205783426608264,-0.00535178076960108,0.0391524826798104,0.0395701041098284,0.0395701041098629
2126.76833054423,572,other,common,True,True,valid,valid,5.49937362819979,-91.3410428299693,713.367632187139,5.50624640919484,91.346366834916,-0.030167289144174,5.49906993654453,-91.33599870779,713.328237919414,5.50418107855576,91.3410004578334,0.00913131303320824,-0.000303691655259009,0.00504412217927097,-0.0393942677245605,-0.00206533063907699,-0.00536637708255228,0.0392986021773822,0.0397170457956685,0.0397170457956909
2126.7143972218,573,other,common,True,True,valid,valid,5.49401668957602,-91.2421691810855,713.354866444484,5.50035951768561,91.2473920159989,-0.0184630527638774,5.49371216813121,-91.2371118252825,713.315326729396,5.49828685085179,91.2420112153166,0.0209807006889378,-0.000304521444809858,0.00505735580297539,-0.0395397150875851,-0.00207266683381846,-0.00538080068237434,0.0394437534528151,0.0398629985103435,0.0398629985103218
2126.6577205658,574,other,common,True,True,valid,valid,5.48838674329856,-91.1431875259288,713.341225925058,5.49416076568136,91.1483020347835,-0.00589805299557611,5.48808141666683,-91.1381171029149,713.301541754832,5.49208083159446,91.1429069850294,0.033689862998358,-0.000305326631729663,0.00507042301391891,-0.0396841702257689,-0.00207993408690044,-0.00539504975408533,0.0395879159939341,0.0400079464656701,0.0400079464656421
2126.63138088584,575,other,common,True,True,valid,valid,5.48577833479445,-91.0454438139244,713.337248338082,5.4914127042046,91.0505290418872,-0.00284056257237353,5.48547204853775,-91.0403604936599,713.297420736194,5.48932539434308,91.0451199213928,0.0368904880217542,-0.000306286256704702,0.00508332026448954,-0.0398276018875094,-0.00208730986151551,-0.00540912049444842,0.0397310505941277,0.0401518595869776,0.0401518595870052
2126.63504520059,576,other,common,True,True,valid,valid,5.48615813308177,-90.9489205213118,713.34282729805,5.492077278944,90.9540546434202,-0.00918594189158739,5.48585073277284,-90.9438244731143,713.30285728622,5.48998248471863,90.9486316298596,0.0306872171130408,-0.000307400308931172,0.00509604819748688,-0.0399700118308601,-0.00209479422536418,-0.00542301356063035,0.0398731590046282,0.0402947397055762,0.0402947397054971
2126.63627737761,577,other,common,True,True,valid,valid,5.48629571769429,-90.852297160618,713.347630243805,5.49246517525285,90.8574738289065,-0.0147677743444774,5.48598722409211,-90.8471885492964,713.30751881136,5.49036296163646,90.8520370951803,0.0252465070440167,-0.000308493602171112,0.00510861132151774,-0.0401114324450873,-0.00210221361638929,-0.00543673372615672,0.0400142813884941,0.0404366181911114,0.0404366181911352
2126.60830670595,578,other,common,True,True,valid,valid,5.48352490071106,-90.7544885582391,713.343129066346,5.48953144933511,90.7596316624633,-0.0111950383451358,5.48321548125858,-90.7493675449003,713.302877176471,5.48742202666812,90.7541813775562,0.028959412055201,-0.000309419452483972,0.00512101333880821,-0.0402518898748667,-0.00210942266698311,-0.00545028490712696,0.0401544504003368,0.0405775203346906,0.0405775203346625
2126.53867793083,579,other,common,True,True,valid,valid,5.47660547577179,-90.6549941028017,713.325356579098,5.4818596999669,90.6599950798984,0.00543571881416938,5.47629536799437,-90.6498608466527,713.284965183024,5.47974334806744,90.6545314107976,0.0457293999178319,-0.000310107777425017,0.00513325614893745,-0.0403913960734599,-0.0021163518994598,-0.00546366910084828,0.0402936811036625,0.0407174577090384,0.0407174577090658
2126.5247092247,580,other,common,True,True,valid,valid,5.47522922874036,-90.5577566224458,713.325313204272,5.48051852447709,90.5627605014007,0.0046223825324887,5.47491813607259,-90.5526112937448,713.28478334417,5.47839499367563,90.5572836268882,0.0450542413635731,-0.000311092667766744,0.00514532870091955,-0.0405298601026516,-0.00212353080146244,-0.0054768745124818,0.0404318588310844,0.0408563427882251,0.0408563427882008
2126.46193897724,581,other,common,True,True,valid,valid,5.46899320219246,-90.4585470582324,713.309723563108,5.47362711588815,90.4634266661027,0.0191054838165883,5.46868140267284,-90.4533898143895,713.269056182307,5.47149672612223,90.4579367513041,0.0596745917576982,-0.000311799519624678,0.00515724384287353,-0.0406673808007554,-0.00213038976592372,-0.00548991479863048,0.0405691079411099,0.0409942708703173,0.0409942708703107
2126.4490570128,582,other,common,True,True,valid,valid,5.46772523314386,-90.3613559242901,713.310023707372,5.47240947312261,90.366241244011,0.0179542114608466,5.46741245983841,-90.3561869337551,713.26921984024,5.47027200397573,90.3607384658363,0.0586595246426214,-0.00031277330545354,0.00516899053492637,-0.0408038671321265,-0.00213746914688073,-0.00550277817468725,0.0407053131817747,0.0411311544115527,0.0411311544114683
2126.47127854824,583,other,common,True,True,valid,valid,5.46995291028741,-90.265580488645,713.321504145037,5.47518402520472,90.2705629783269,0.00580232256072577,5.46963897578486,-90.260399917519,713.280564810597,5.47303933501729,90.2650475112117,0.046642815982068,-0.000313934502548463,0.00518057112607551,-0.0409393344392583,-0.00214469018743557,-0.00551546711520245,0.0408404934213422,0.0412670083286112,0.0412670083286596
2126.52161258459,584,other,common,True,True,valid,valid,5.4749802765391,-90.1709346698441,713.3419389135,5.48115595524596,90.1760875787053,-0.0151600272120049,5.47466503053839,-90.1657426828233,713.300865122906,5.47900393907942,90.1705595956164,0.025814630960781,-0.000315246000711866,0.00519198702083656,-0.0410737905936003,-0.00215201616654781,-0.00552798308898161,0.0409746581727859,0.041401840333401,0.0414018403333692
2126.53280588984,585,other,common,True,True,valid,valid,5.47610987757734,-90.0747083915552,713.349904533353,5.48267632940275,90.0799297183205,-0.0238535926566783,5.47579354517474,-90.0695051451712,713.308697235794,5.48051725456812,90.0743893835528,0.0172542934210469,-0.000316332402595876,0.00520324638395664,-0.0412072975592537,-0.00215907483462985,-0.00554033476771565,0.0411078860777252,0.0415357100728754,0.0415357100728894
2126.6033859551,586,other,common,True,True,valid,valid,5.48315401421186,-89.9808676127869,713.376788322124,5.49095145300199,89.9863121140144,-0.0511613976365197,5.48283626864649,-89.9756532741821,713.33544855484,5.48878503944505,89.9807596031941,-0.00992133308454868,-0.000317745565367566,0.00521433860471632,-0.0413397672832616,-0.00216641355693525,-0.00555251082033692,0.041240064551971,0.0416685330718898,0.0416685330718562
2126.61217191815,587,other,common,True,True,valid,valid,5.48404400097073,-89.8845381585249,713.383985115048,5.49219806845066,89.8900447886197,-0.0590985050766903,5.4837251958254,-89.8793128807472,713.342513805735,5.49002471087904,89.8844802623821,-0.0177271717006988,-0.000318805145328227,0.00522527777772552,-0.041471309312783,-0.00217335757162118,-0.00556452623757764,0.0413713333759915,0.041800414599518,0.0418004145995018
2126.57174307108,588,other,common,True,True,valid,valid,5.48003241381485,-89.7862325657179,713.375501286412,5.48784668434163,89.7916730522378,-0.0516068634340172,5.479712834818,-89.7809965028688,713.333899374259,5.48566671019087,89.7860966723662,-0.0101051853964691,-0.000319578996847092,0.00523606284913569,-0.0416019121532827,-0.00217997415075644,-0.00557637987157023,0.0415016780375481,0.0419313436429692,0.04193134364294
2126.50950276852,589,other,common,True,True,valid,valid,5.47384874362355,-89.6870554582997,713.360067755649,5.48101455720959,89.6923729503393,-0.0372771011714121,5.47352852356622,-89.6818087670985,713.318336203958,5.47882814220995,89.686784881432,0.0043539664494574,-0.000320220057322906,0.00524669120122212,-0.0417315516901908,-0.00218641499964178,-0.00558806890730068,0.0416310676208695,0.0420612971259466,0.0420612971259424
2126.51140367985,590,other,common,True,True,valid,valid,5.4740529685761,-89.5904501989215,713.365066842713,5.48147780219069,89.5958118418608,-0.0430517398891652,5.47373175197944,-89.5851930449132,713.323206688955,5.47928463760956,89.5902122579484,-0.00129233364225456,-0.000321216596652185,0.00525715400829085,-0.0418601537575114,-0.00219316458112928,-0.0055995839123284,0.0417594062469107,0.0421902040878134,0.0421902040877459
2126.47615709901,591,other,common,True,True,valid,valid,5.47055774364495,-89.4923584176723,713.358230405168,5.47771594243404,89.4976673930089,-0.0371809141377071,5.47023575012692,-89.487090954888,713.316242597527,5.47551629006555,89.4920564558779,0.0047058946265679,-0.000321993518035413,0.00526746278433166,-0.041987807640794,-0.00219965236849617,-0.00561093713103844,0.041886808764275,0.04231815017803,0.0423181501779749
2126.46356159449,592,other,common,True,True,valid,valid,5.46931831369548,-89.3951733738624,713.358608670497,5.47653030561427,89.4004887002304,-0.0384088989861766,5.46899542223892,-89.3898957622691,713.316494208148,5.47432408923987,89.3948665780202,0.00360431004594375,-0.000322891456555396,0.00527761159327156,-0.0421144623495593,-0.00220621637440388,-0.00562212221024083,0.0420132090321204,0.0424450866651795,0.0424450866651749
2126.46286636591,593,other,common,True,True,valid,valid,5.46926399549259,-89.2984631845375,713.362776720058,5.47669809729504,89.3038158636624,-0.0433657954640694,5.46894014566436,-89.2931755824055,713.320536591789,5.47448530075506,89.2981827227305,-0.00122717534065941,-0.000323849828228973,0.00528760213207136,-0.0422401282688725,-0.00221279653997897,-0.00563314093180622,0.04213862012341,0.042571023609835,0.042571023609845
2126.47120001912,594,other,common,True,True,valid,valid,5.47010884820817,-89.2021118760172,713.369819914758,5.47789275494889,89.2075254276109,-0.0511516633922611,5.46978399550288,-89.1968144407808,713.327455105886,5.47567337784024,89.201881433451,-0.00888861717760392,-0.000324852705283263,0.00529743523647142,-0.0423648088725486,-0.00221937710864495,-0.00564399415989669,0.0422630462146572,0.0426959644483212,0.0426959644482892
2126.48915061355,595,other,common,True,True,valid,valid,5.47191147007643,-89.1061417053527,713.379925772668,5.48018120559783,89.1116411831306,-0.0619510208324527,5.47158556612587,-89.1008345939786,713.337437267996,5.47795524363572,89.1059865007642,-0.0195645331922378,-0.000325903950562534,0.00530711137415096,-0.0424885046720647,-0.002225961962111,-0.00565468236636946,0.0423864876402149,0.0428199097826081,0.0428199097826629
2126.47519797087,596,other,common,True,True,valid,valid,5.4705368848656,-89.0089001931124,713.379866420527,5.47884097639024,89.0144024421166,-0.0627483549151293,5.47021012147979,-89.0035835577973,713.337255169487,5.47660866364528,89.008737231506,-0.0202393644647145,-0.000326763385814388,0.0053166353151255,-0.0426112510398298,-0.00223231274495816,-0.00566521061057301,0.0425089904504148,0.0429428934815033,0.0429428934815402
2126.42455029488,597,other,common,True,True,valid,valid,5.46550797139915,-88.9102011452318,713.368115288985,5.47332714407627,88.9156105224771,-0.0520415634792926,5.46518056983483,-88.9048751372759,713.325382236888,5.47108874385207,88.9099349426544,-0.00941100340548928,-0.000327401564318208,0.00532600795592941,-0.0427330520974465,-0.00223840022419353,-0.0056755798227357,0.0426305600738033,0.0430649195296359,0.0430649195296365
2126.39047175646,598,other,common,True,True,valid,valid,5.46212923054544,-88.8121629811517,713.361641666103,5.46969787616139,88.8175226584685,-0.0465275225077448,5.46180110336194,-88.806827756797,713.318787801535,5.46745334530957,88.8118368737616,-0.00377638301154093,-0.000328127183496285,0.00533522435468115,-0.0428538645671779,-0.00224453085181864,-0.00568578470695513,0.0427511394962039,0.0431859467269777,0.0431859467269446
2126.39081272483,599,other,common,True,True,valid,valid,5.46217811770772,-88.71549104495,713.366131954063,5.46998318320555,88.7208907111146,-0.0518013897205947,5.46184907227409,-88.7101467616638,713.323158278879,5.46773237408641,88.7151948871851,-0.008930678954016,-0.000329045433631769,0.00534428328620606,-0.04297367518393,-0.00225080911914688,-0.00569582392948575,0.0428707107665787,0.0433059625635378,0.0433059625635799
2126.40337514877,600,other,common,True,True,valid,valid,5.46344407771716,-88.6193019630073,713.374514531289,5.47165843430461,88.6247734584334,-0.0609050709230132,5.46311404983308,-88.6139487754758,713.331422028055,5.46940132671778,88.6190677580042,-0.0179157720440344,-0.00033002788408254,0.00535318753148317,-0.0430925032343339,-0.00225710758683562,-0.00570570042914653,0.0429892988789788,0.0434249855515529,0.0434249855515449
2126.41547137499,601,other,common,True,True,valid,valid,5.4646636458218,-88.5230923464192,713.382747459299,5.4732806473334,88.5286344469849,-0.0698615030593146,5.46433264527054,-88.517730407558,713.339537099436,5.47101729448958,88.5229190309172,-0.0267545847946167,-0.000331000551256899,0.00536193886114233,-0.0432103598629965,-0.00226335284381918,-0.0057154160676447,0.0431069182646979,0.043543026413023,0.0435430264129776
2126.42210295796,602,other,common,True,True,valid,valid,5.4653390365323,-88.4266647674842,713.389238229978,5.47428130730586,88.4322632217384,-0.0771037306170683,5.46500710257714,-88.4212942291914,713.34591097986,5.47201179164053,88.4265382498346,-0.0338801553382382,-0.000331933955165731,0.00537053829270917,-0.0433272501185229,-0.00226951566533273,-0.00572497190384524,0.0432235752788301,0.043660090065609,0.0436600900656389
2126.37711802125,603,other,common,True,True,valid,valid,5.46087415395706,-88.3281984982545,713.379282960106,5.46941126069927,88.3337187712498,-0.0681637823722667,5.4605415988652,-88.3228195073936,713.335839748214,5.46713593568342,88.3279843979676,-0.024824462417655,-0.000332555091867803,0.0053789908608195,-0.0434432118912582,-0.00227532501585159,-0.0057343732822801,0.0433393199546117,0.0437762126616575,0.0437762126616327
2126.31296923757,604,other,common,True,True,valid,valid,5.45450108886682,-88.2289796990012,713.363221464214,5.46236182812309,88.2343718393087,-0.0532155266745349,5.45416803502092,-88.2235924049977,713.319663243113,5.4600808586108,88.2286282218647,-0.00976140691773253,-0.000333053845895215,0.0053872940034978,-0.0435582211017618,-0.00228096951229162,-0.00574361744403973,0.0434541197568024,0.0438913714423958,0.0438913714424373
2126.29720771313,605,other,common,True,True,valid,valid,5.45294652632893,-88.1316708134138,713.362573984603,5.46081549465357,88.1370609136531,-0.0534339520091862,5.45261269563712,-88.1262753714274,713.31890175704,5.45852864767089,88.1313082154089,-0.00986604534341495,-0.00033383069181081,0.00539544198646524,-0.0436722275627517,-0.00228684698268466,-0.00575269824419422,0.0435679066657713,0.0440055189431152,0.0440055189430636
2126.29408463836,606,other,common,True,True,valid,valid,5.45265048320019,-88.0348593815812,713.365951493833,5.46070644621799,88.0402803677615,-0.0576127782785534,5.45231580823154,-88.0294559426675,713.3221662323,5.4584136978874,88.0345187477271,-0.0139320579704645,-0.000334674968654802,0.00540343891375983,-0.0437852615331167,-0.00229274833059634,-0.00576162003439151,0.0436807203080889,0.0441186841026883,0.0441186841027885
2126.28249356151,607,other,common,True,True,valid,valid,5.45151122133828,-87.9377144896482,713.366629985468,5.4596343042909,87.9431442827284,-0.0591358650456186,5.45117576010628,-87.9323032022373,713.322732644189,5.45733575523663,87.9373738971389,-0.0153432805203693,-0.000335461232007006,0.00541128741090802,-0.0438973412785799,-0.00229854905426663,-0.00577038558951415,0.0437925845252494,0.04423088442491,0.0442308844248863
2126.27442824841,608,other,common,True,True,valid,valid,5.45072305386473,-87.8407079541325,713.368430396585,5.45896308543374,87.8461557318703,-0.0617628573583033,5.45038679294286,-87.8352889671206,713.324421936851,5.45665876522785,87.8403767374846,-0.0178593682929886,-0.000336260921870668,0.00541898701192167,-0.0440084597343002,-0.00230432020589433,-0.00577899438577845,0.0439034890653147,0.044342113389288,0.0443421133893093
2126.27649357915,609,other,common,True,True,valid,valid,5.45094367651364,-87.7440982544905,713.373456950148,5.45944394304584,87.7495904080773,-0.0675642362199369,5.45060656265209,-87.7386717167117,713.329338336001,5.45713384160028,87.7438029616146,-0.0235508068259378,-0.00033711386155133,0.00542653777883118,-0.0441186141468961,-0.0023101014455662,-0.00578744646266216,0.0440134293939991,0.0444523685787769,0.044452368578823
2126.24579404294,610,other,common,True,True,valid,valid,5.44790167944032,-87.6462042719408,713.368043884912,5.45619851250839,87.6516554009435,-0.0630933974596246,5.44756391702316,-87.6407703277268,713.323816046562,5.45388287559745,87.6458596543442,-0.0189709466510521,-0.000337762417158771,0.0054339442140332,-0.0442278383502526,-0.00231563691094294,-0.00579574659933257,0.0441224508085725,0.0445616821754716,0.044561682175406
2126.15565645695,611,other,common,True,True,valid,valid,5.43894145219858,-87.5459870311914,713.343694597191,5.44619381054377,87.5512422292072,-0.0399899408211013,5.43860340793813,-87.5405458219596,713.299358443951,5.44387304517273,87.5454383313262,0.00424064060575802,-0.000338044260445258,0.00544120923181879,-0.0443361532392146,-0.00232076537103865,-0.0058038978810373,0.0442305814268593,0.0446700740527433,0.0446700740527588
2126.10322260112,612,other,common,True,True,valid,valid,5.43373573699221,-87.4472498226629,713.331355852334,5.44047705868527,87.452407340855,-0.0287043732220127,5.43339719281443,-87.4418014978413,713.286912362801,5.4381509907585,87.4465954491246,0.0156333526994104,-0.000338544177778566,0.00544832482165702,-0.0444434895326822,-0.00232606792676648,-0.0058118917304455,0.044337725921423,0.0447774789080875,0.0447774789081474
2126.10501202941,613,other,common,True,True,valid,valid,5.43392881268205,-87.3506322733973,713.336288730437,5.44092620572754,87.355833401011,-0.0344134712801178,5.43358944869166,-87.3451769830992,713.291738892229,5.43859455983399,87.3500136736227,0.0100303994455544,-0.000339363990399022,0.00545529029805891,-0.0445498382082405,-0.00233164589354828,-0.00581972738824277,0.0444438707256722,0.0448838884738665,0.044883888473779
2126.12942406535,614,other,common,True,True,valid,valid,5.43637434767715,-87.2548954658964,713.348427006522,5.44394783629563,87.2601991462802,-0.0472124465900379,5.43603403359005,-87.2494333567411,713.303771781697,5.44161052530223,87.2543717377225,-0.00266339675670224,-0.000340314087107885,0.00546210915531731,-0.0446552248246235,-0.00233731099339707,-0.00582740855779207,0.0445490498333356,0.0449893271147742,0.0449893271146869
2126.14136727154,615,other,common,True,True,valid,valid,5.43757845479691,-87.1586700074545,713.356592158467,5.44555157512552,87.1640437387929,-0.0561019946831038,5.43723727304334,-87.1532012223843,713.311832481884,5.4432087231837,87.1582087996545,-0.0114486947717296,-0.000341181753565678,0.00546878507020665,-0.0447596765828848,-0.00234285194181894,-0.0058349391383814,0.0446532999113742,0.0450938206735416,0.0450938206736248
2126.11891356111,616,other,common,True,True,valid,valid,5.43535773370801,-87.0611045284839,713.353798273982,5.44324374463315,87.0664586610177,-0.0542081643136498,5.43501590108676,-87.0556292079939,713.308935063372,5.4408956093622,87.0606163393003,-0.00945152024939944,-0.000341832621252536,0.00547532049004928,-0.0448632106093783,-0.00234813527094957,-0.00584232171742372,0.0447566440642504,0.045197385435345,0.0451973854353829
2126.0759395659,617,other,common,True,True,valid,valid,5.43109394403247,-86.9627426921627,713.344466105322,5.43860244897681,86.9680237397348,-0.0458808138679387,5.43075159388125,-86.957260977352,713.299500286582,5.436249204984,86.9621741841109,-0.00102174346397987,-0.000342350151220749,0.00548171481068493,-0.0449658187393425,-0.00235324399280756,-0.0058495556239393,0.0448590704039589,0.0453000138608271,0.0453000138608652
2126.02055303194,618,other,common,True,True,valid,valid,5.42559449148659,-86.8639018822572,713.331178848742,5.43254982479163,86.8690774903461,-0.0336617164849713,5.42525170825865,-86.8584139143073,713.28611135163,5.43019159802163,86.8632208496019,0.0112988564005718,-0.000342783227939236,0.00548796794994644,-0.0450674971119724,-0.00235822676999931,-0.00585664074419867,0.0449605728855431,0.0454017024845835,0.045401702484616
2125.9576333575,619,other,common,True,True,valid,valid,5.41934530596999,-86.7647729107341,713.315491187767,5.42564085227477,86.7698234427922,-0.0190806272024702,5.41900214461215,-86.7592788306185,713.270322943504,5.42327773926104,86.7639598655183,0.0259805215209781,-0.000343161357841737,0.00549408011556807,-0.0451682442629817,-0.00236311301372893,-0.00586357727389952,0.0450611487234482,0.0455024501080346,0.0455024501080916
2125.90086941421,620,other,common,True,True,valid,valid,5.41370922020005,-86.6658868059998,713.301763613504,5.41943203423051,86.6708282962953,-0.00642815645505834,5.41336565161792,-86.6603867551773,713.256495560569,5.41706404787433,86.6649579316267,0.0387326304539783,-0.000343568582130693,0.00550005082244809,-0.0452680529352847,-0.00236798635617674,-0.00587036466858137,0.0451607869090367,0.0456022501086501,0.045602250108614
2125.86609432101,621,other,common,True,True,valid,valid,5.41026228295884,-86.5678550698782,713.295038974033,5.41572339724722,86.5727448055754,-0.000666359921183357,5.40991818003568,-86.5623491904174,713.249672059242,5.41335045289888,86.5668678033251,0.0445931148087766,-0.000344102923166112,0.0055058794608982,-0.0453669147915434,-0.00237294434833757,-0.00587700225035803,0.0452594747299599,0.0457010948792568,0.0457010948792576
2125.86315371096,622,other,common,True,True,valid,valid,5.40998442668564,-86.4710551380947,713.298452892958,5.41563414337805,86.4759760573443,-0.00488064981936986,5.40963960047894,-86.4655435721492,713.252988067119,5.4132560948028,86.4700925674431,0.0404765556108941,-0.000344826206696069,0.00551156594558222,-0.0454648258394172,-0.00237804857524537,-0.00588348990119414,0.045357205430264,0.0457989809154513,0.0457989809153746
2125.887923114,623,other,common,True,True,valid,valid,5.41246508068177,-86.3753237384634,713.310691890468,5.4186953653266,86.3803480346601,-0.0177786255277397,5.41211936652376,-86.369806627152,713.265130099016,5.41631209029991,86.3744582059603,0.0276753599279118,-0.000345714158007659,0.00551711131133459,-0.0455617914515187,-0.00238327502668767,-0.0058898286998641,0.0454539854556515,0.045895913497526,0.0458959134974907
2125.91239961237,624,other,common,True,True,valid,valid,5.41491666288888,-86.2795779278446,713.322836684329,5.42172333216059,86.284704830458,-0.03058391471302,5.41457006897043,-86.2740554094276,713.277178851996,5.4193348802172,86.2788088087835,0.0149659284932113,-0.000346593918459703,0.00552251841693874,-0.0456578323332906,-0.00238845194338921,-0.00589602167454473,0.0455498432062313,0.0459919122279626,0.045991912227965
2125.9104925096,625,other,common,True,True,valid,valid,5.41474172832811,-86.182813136516,713.326576135244,5.42175145889049,86.1879738858335,-0.035118503673857,5.41439442527041,-86.1772853466369,713.280823167982,5.41935804099283,86.182071814238,0.0105263010179897,-0.00034730305770303,0.00552778987908198,-0.0457529672627288,-0.00239341789765746,-0.00590207159550005,0.0456448046918467,0.0460869948435077,0.0460869948435355
2125.88314394653,626,other,common,True,True,valid,valid,5.41203404284944,-86.0850690054822,713.322210089958,5.41888682778533,86.0901972945702,-0.0316774059961062,5.41168619640831,-86.0795360792938,713.276362892731,5.41648864999131,86.0842893156089,0.0140614646799122,-0.000347846441128397,0.00553292618833723,-0.0458471972262942,-0.00239817779401363,-0.00590797896134632,0.0457388706760185,0.0461811624242927,0.0461811624242716
2125.85442742705,627,other,common,True,True,valid,valid,5.40919022686717,-85.9872736864324,713.317407035243,5.41586665531688,85.9923659402856,-0.0278062654567748,5.40884185327037,-85.9817357603184,713.27146652653,5.41346377491083,85.9864521978547,0.0180257555198295,-0.000348373596795071,0.00553792611397341,-0.045940508712647,-0.00240288040605208,-0.00591374243086307,0.0458320209766043,0.0462744025416165,0.0462744025416242
2125.85372769833,628,other,common,True,True,valid,valid,5.40913549104106,-85.8905549307341,713.321527075979,5.41603188344255,85.895684144701,-0.032715291603381,5.40878642248598,-85.8850121426204,713.275494190469,5.41362417458825,85.889764784372,0.0132089395673347,-0.000349068555080656,0.00554278811362963,-0.0460328855094758,-0.00240770885429242,-0.00591936032901685,0.0459242311707158,0.0463667003059011,0.0463667003058565
2125.88161446899,629,other,common,True,True,valid,valid,5.41192658734524,-85.7949309628796,713.334752000653,5.41944733972412,85.8001716195531,-0.0465833944908809,5.41157665137699,-85.7893834500387,713.288627670786,5.41703467183728,85.7942467862252,-0.000567891198443249,-0.00034993596825128,0.00554751284094834,-0.0461243298666432,-0.00241266788683703,-0.00592483332782479,0.0460155032924376,0.0464580580690721,0.0464580580690909
2125.90237013251,630,other,common,True,True,valid,valid,5.41400784990813,-85.6990305711253,713.345704393509,5.42205202780267,85.7043640801425,-0.0582153631058873,5.41365709760584,-85.6934784675619,713.299489527355,5.41963449251896,85.6984339152484,-0.0121094914383093,-0.0003507523022801,0.0055521035634456,-0.0462148661536048,-0.00241753528371902,-0.00593016489416698,0.046105871667578,0.0465484987379012,0.0465484987378455
2125.88518984616,631,other,common,True,True,valid,valid,5.4123124444734,-85.601676503537,713.344570724217,5.42034324116362,85.6070039947617,-0.0579547781813972,5.41196112126653,-85.5961199404576,713.298266209324,5.41792112335622,85.6010686367675,-0.0117594127038956,-0.000351323206876586,0.00555656307940922,-0.0463045148936772,-0.00242211780740575,-0.00593535799421829,0.0461953654775016,0.0466380415625476,0.0466380415625745
2125.85227686167,632,other,common,True,True,valid,valid,5.40905083330142,-85.503721899826,713.338423982084,5.41684559021226,85.5090023636912,-0.052761351584536,5.4086990458244,-85.4981610094721,713.292030717874,5.41441903662995,85.5030619521953,-0.00647738493341876,-0.000351787477018917,0.00556089035394791,-0.0463932642097689,-0.00242655358231048,-0.00594041149589941,0.0462839666511172,0.0467266756788351,0.046726675678783
2125.83366172016,633,other,common,True,True,valid,valid,5.40721264048214,-85.4063147197241,713.336830622119,5.41497359720713,85.4115854052204,-0.0520483798503619,5.40686030597386,-85.4007496358442,713.29034952397,5.41254256610676,85.4056400814588,-0.00567672906549888,-0.000352334508280983,0.00556508387992949,-0.0464810981492292,-0.00243103110037168,-0.00594532376156565,0.046371650784863,0.0468143864998213,0.0468143864998154
2125.82813642919,634,other,common,True,True,valid,valid,5.40667755997839,-85.3094070515172,713.339405773151,5.41458986255706,85.3147020592473,-0.0554371690240032,5.40632460279502,-85.3038379071223,713.29283775339,5.41215431916941,85.3087519636935,-0.00897874778729602,-0.00035295718337558,0.00556914439493994,-0.0465680197606844,-0.00243554338765506,-0.00595009555375725,0.0464584212367072,0.0469011770907349,0.0469011770907652
2125.81956547499,635,other,common,True,True,valid,valid,5.40583928946493,-85.2123828979187,713.341009407298,5.41385978710562,85.217694280368,-0.0578699756728156,5.40548573591496,-85.2068098242733,713.294355366599,5.41141979799039,85.2117395516539,-0.011325681473636,-0.000353553549975238,0.00557307364539383,-0.0466540406981721,-0.00243998911522425,-0.00595472871414415,0.0465442941991796,0.0469870584675864,0.0469870584676382
2125.80072420835,636,other,common,True,True,valid,valid,5.40397862371809,-85.1149679176028,713.33934005141,5.41196194401799,85.120268899953,-0.0570821567603161,5.40362454614823,-85.1093910448768,713.29260088429,5.40951762145162,85.1143096755651,-0.0104528788837115,-0.000354077569855171,0.00557687272601015,-0.0467391671201085,-0.00244432256636173,-0.00595922438789387,0.0466292778766046,0.0470720365334773,0.0470720365334591
2125.7813642472,637,other,common,True,True,valid,valid,5.40206634522996,-85.0175338580902,713.33750415362,5.41000509039306,85.0228230779118,-0.0561304354607728,5.40171175418861,-85.0119533165091,713.290680758226,5.40755648507825,85.0168594954223,-0.00941706958656141,-0.000354591041346275,0.00558054158109655,-0.0468233953943127,-0.00244860531481095,-0.00596358248954232,0.0467133658742114,0.0471561081451501,0.0471561081451304
2125.76322776079,638,other,common,True,True,valid,valid,5.40027588261058,-84.9201468861599,713.336056688945,5.40818730445698,84.9254275210211,-0.0555609055047626,5.39992077752079,-84.9145628054498,713.289149962331,5.40573445593345,84.9194597174936,-0.00876434672306914,-0.000355105089796304,0.00558408071013616,-0.0469067266138836,-0.00245284852353223,-0.00596780352749704,0.0467965587816934,0.0472392745354089,0.0472392745353979
2125.73652029037,639,other,common,True,True,valid,valid,5.39763224207286,-84.822435664581,713.331877622538,5.40539501357354,84.8276853684462,-0.0523034562880866,5.39727668492219,-84.8168481732172,713.284888454229,5.40293802354616,84.8217134796321,-0.00542458937627543,-0.000355557150669483,0.0055874913638263,-0.0469891683083006,-0.00245699002737609,-0.00597188881407362,0.0468788669118112,0.0473215428629924,0.0473215428630301
2125.70712196827,640,other,common,True,True,valid,valid,5.39472079345871,-84.7246238992055,713.326840128599,5.40229678582449,84.72983564961,-0.0482012821561284,5.39436480883396,-84.719033125447,713.279769409421,5.39983571869316,84.7238598110552,-0.00124099486686191,-0.000355984624753169,0.00559077375842776,-0.0470707191774409,-0.00246106713133543,-0.00597583855487471,0.0469602872892665,0.0474029121484375,0.047402912148404
2125.69654783607,641,other,common,True,True,valid,valid,5.39368318400282,-84.627525405084,713.327797701785,5.40133867262108,84.6327482449879,-0.0499982304737614,5.39332665850352,-84.6219314779436,713.280646332198,5.39887345536788,84.6267685930704,-0.00295742635637453,-0.000356525499302762,0.00559392714040996,-0.0471513695865724,-0.00246521725319582,-0.0059796519174995,0.0470408041173869,0.0474833737762326,0.0474833737761995
2125.71041432023,642,other,common,True,True,valid,valid,5.39507846695409,-84.5313498493169,713.336539518968,5.40315919619261,84.5366474582419,-0.0594548784019935,5.39472125043894,-84.5257528975025,713.289308400025,5.40068971912234,84.5306641290402,-0.0123344632459066,-0.000357216515151748,0.00559695181436837,-0.0472311189425909,-0.002469477070278,-0.00598332920172595,0.0471204151560869,0.0475629274731931,0.0475629274731785
2125.7147090137,643,other,common,True,True,valid,valid,5.39552096533328,-84.434811014986,713.342231044461,5.40389145371371,84.4401584398739,-0.0659100263106893,5.39516312582804,-84.4292111644447,713.294921056665,5.40141782416032,84.4341715665372,-0.0187108756304042,-0.000357839505238822,0.00559985054134415,-0.0473099877959839,-0.00247362955338559,-0.00598687333669545,0.0471991506802851,0.0476415923375054,0.0476415923375497
2125.68265345693,644,other,common,True,True,valid,valid,5.3923450341185,-84.3369011119632,713.336341667071,5.40049090335497,84.3422036144058,-0.0609694959937315,5.39198681263322,-84.3312984864285,713.288953674982,5.39801340075026,84.3362133277396,-0.0136924616509759,-0.000358221485282861,0.00560262553477742,-0.0473879920890568,-0.00247750260471236,-0.00599028666621848,0.0472770343427555,0.0477193831660465,0.0477193831660251
2125.62563750148,645,other,common,True,True,valid,valid,5.3866846443402,-84.2380535981125,713.322500064982,5.39425268618827,84.2432461242349,-0.0482038882546476,5.38632620944912,-84.2324483214795,713.275034937637,5.39177151780123,84.2372525552429,-0.000849829824346671,-0.000358434891079007,0.00560527663297705,-0.0474651273457312,-0.00248116838704249,-0.00599356899199677,0.0473540584303009,0.0477962960452985,0.0477962960452694
2125.578209728,646,other,common,True,True,valid,valid,5.38197884235529,-84.1395705100083,713.311711798454,5.38910467234709,84.144678037743,-0.0384427311320223,5.38162013986434,-84.1339627076714,713.264170420953,5.38661982362052,84.1386813190595,0.00898746580048737,-0.000358702490950158,0.00560780233692526,-0.0475413775009201,-0.00248484872656718,-0.00599671868357632,0.0474301969325097,0.0478723165223079,0.0478723165223966
2125.56254667044,647,other,common,True,True,valid,valid,5.38043479684984,-84.0422832195703,713.311040446148,5.38756776860153,84.0473885111265,-0.0386366610511004,5.38007562852673,-84.0366730175934,713.263423712571,5.38507908148619,84.0413887761287,0.00886877338587055,-0.000359168323106118,0.0056102019769213,-0.0476167335770015,-0.00248868711534556,-0.0059997349978147,0.047505434436971,0.0479474366848668,0.0479474366848473
2125.57147961855,648,other,common,True,True,valid,valid,5.38133888672825,-83.9459187242431,713.318202444949,5.38882692803653,83.9510858610664,-0.0465386654758504,5.38097909986462,-83.9403062475996,713.270511243144,5.38633428968282,83.9450832419902,0.0010411137226356,-0.00035978686363336,0.00561247664352038,-0.0476912018053781,-0.00249263835371494,-0.00600261907621302,0.047579779198486,0.0480216625108149,0.0480216625109253
2125.56963044405,649,other,common,True,True,valid,valid,5.38116980159861,-83.8491485460813,713.321928707518,5.38886030982611,83.8543494218486,-0.0510598618985796,5.38080947269128,-83.8435339170712,713.274163905324,5.38636383546493,83.8483440480928,-0.00340660045378627,-0.000360328907333063,0.00561462901011112,-0.0477648021943651,-0.00249647436118039,-0.00600537375584054,0.0476532614447933,0.048095012470208,0.0480950124702052
2125.53255805373,650,other,common,True,True,valid,valid,5.37749483750097,-83.7510595547142,713.314433717112,5.38488940487494,83.756202372835,-0.0445391906520172,5.37713420247338,-83.7454428936879,713.26659616854,5.38238936838552,83.7501943717356,0.00318671146021643,-0.000360635027590206,0.00561666102636593,-0.0478375485719198,-0.00250003648941544,-0.00600800109944544,0.0477259021122336,0.0481674993338767,0.0481674993339477
2125.48471671343,651,other,common,True,True,valid,valid,5.3727481504787,-83.6525703275963,713.303507370108,5.37969436699786,83.6576270174103,-0.0346419769446129,5.37238728683239,-83.6469517557397,713.255597939519,5.37719088445944,83.6516165172235,0.013155706831526,-0.000360863646302612,0.00561857185662973,-0.0479094305894705,-0.00250348253841537,-0.0060105001867754,0.0477976837761389,0.0482391139189623,0.0482391139188849
2125.52861231565,652,other,common,True,True,valid,valid,5.37713205909635,-83.5575087727075,713.321800819249,5.38492776418045,83.5627183699178,-0.0534974360795104,5.37677037527635,-83.5518884162367,713.273820417992,5.38242028538874,83.5567055043146,-0.00562890649894143,-0.00036168381999957,0.00562035647077153,-0.0479804012572913,-0.00250747879171342,-0.00601286560321057,0.047868529580569,0.0483098139807521,0.0483098139807945
2125.48732408881,653,other,common,True,True,valid,valid,5.37303758316364,-83.4592661704785,713.312958994046,5.38047752282641,83.4644066919678,-0.0456513651294017,5.37267564189388,-83.4536441452641,713.264908446453,5.37796664680619,83.4583915835615,0.00228721292080536,-0.00036194126975353,0.00562202521440724,-0.0480505475932205,-0.00251087602021727,-0.00601510840627384,0.0479385780502071,0.0483796785128067,0.0483796785128211
2125.45308342576,654,other,common,True,True,valid,valid,5.36964464632961,-83.3612886389707,713.306360900874,5.37682847806431,83.366378439769,-0.0400131227245311,5.36928240874546,-83.3556650653831,713.258241073595,5.37431420474818,83.3603612160192,0.00799463728731098,-0.000362237584148772,0.00562357358764132,-0.0481198272789243,-0.00251427331612319,-0.00601722374979374,0.048007760011842,0.0484486694690008,0.048448669469015
2125.45882999897,655,other,common,True,True,valid,valid,5.37023155698116,-83.2648005743386,713.312498631796,5.37772496229599,83.2699438413843,-0.046907132575484,5.36986876796529,-83.2591755738639,713.264310404409,5.37520707615914,83.2639246309721,0.00116892030189319,-0.000362789015868614,0.00562500047462322,-0.0481882273863903,-0.00251788613685022,-0.006019210412191,0.0480760528773772,0.048516775499326,0.0485167754993336
2125.47666993737,656,other,common,True,True,valid,valid,5.37202212903362,-83.168760369494,713.322487370541,5.37999615712418,83.1739886065034,-0.0575906043707164,5.37165871552415,-83.1631340614933,713.2742316072,5.37747462382479,83.1679675358584,-0.0094471241801557,-0.000363413509475663,0.00562630800071418,-0.0482557633413307,-0.00252153329939375,-0.00602107064503343,0.0481434801905607,0.0485840108137676,0.0485840108137579
2125.4653416276,657,other,common,True,True,valid,valid,5.37090962338964,-83.0716350770674,713.323183632816,5.37895153304106,83.0768722657648,-0.05913008511925,5.37054578333874,-83.066007578179,713.274861176911,5.37642658805106,83.0708494584242,-0.0109200103162266,-0.000363840050904507,0.00562749888837288,-0.0483224559046675,-0.00252494499000022,-0.00602280734059946,0.0482100748030234,0.0486503943250188,0.0486503943249962
2125.44601279497,658,other,common,True,True,valid,valid,5.36900084797384,-82.9742131784208,713.321330079968,5.37699738405236,82.9794384596838,-0.0581604707790575,5.36863664071095,-82.9685846058189,713.272941782676,5.37446912470829,82.9734140397844,-0.00988464804299838,-0.000364207262894212,0.00562857260189276,-0.0483882972919218,-0.00252825934406786,-0.00602441989943259,0.0482758227360591,0.0487159192798056,0.0487159192798304
2125.45404988527,659,other,common,True,True,valid,valid,5.3698157726359,-82.8778052354626,713.328192438959,5.37815406789823,82.8830899110349,-0.0657674934739134,5.36945102446276,-82.8721757074985,713.279739164944,5.37562235934606,82.8770640040008,-0.0174267933816736,-0.000364748173146801,0.00562952796408922,-0.0484532740158556,-0.00253170855217633,-0.00602590703402939,0.0483407000922398,0.0487805738914977,0.048780573891497
2125.45976361632,660,other,common,True,True,valid,valid,5.37039947530257,-82.7813096740473,713.334313501188,5.37904660380527,82.7866476796925,-0.0726450568377004,5.37003420782262,-82.7756793069749,713.285796099782,5.37651150561126,82.7806204087252,-0.0242403259255752,-0.000365267479945253,0.00563036707237075,-0.0485174014055474,-0.00253509819400932,-0.00602727096722333,0.0484047309121252,0.0488443721717104,0.0488443721716315
2125.42518159747,661,other,common,True,True,valid,valid,5.36697258168352,-82.6833240425405,713.327597066471,5.37535834079747,82.6886103591953,-0.0668901821492227,5.36660706761506,-82.677692950206,713.279016368847,5.37282016257855,82.68258184494,-0.0184222375852414,-0.000365514068458417,0.0056310923345535,-0.048580697624061,-0.00253817821891289,-0.00602851425534823,0.0484679445639813,0.0489073305656213,0.0489073305656224
2125.34607949853,662,other,common,True,True,valid,valid,5.35911499366541,-82.5836978161176,713.306698273555,5.3666094440118,82.5888164226933,-0.0471794422205676,5.35874953471213,-82.5780661116669,713.25805510773,5.3640685242003,82.582786785069,0.00135090326989484,-0.000365458953274889,0.00563170445066419,-0.0486431658255242,-0.0025409198115014,-0.00602963762429454,0.0485303454904624,0.0489694520777556,0.0489694520777233
2125.25916570425,663,other,common,True,True,valid,valid,5.35048051919106,-82.4837897369698,713.283311271513,5.35697313906411,82.4887202780666,-0.025020160851227,5.35011517482158,-82.4781575347693,713.234606479357,5.35442957472001,82.4826896383261,0.0235717481644997,-0.000365344369483545,0.00563220220051619,-0.0487047921554904,-0.00254356434409431,-0.00603063974045881,0.0485919090157267,0.0490307246228865,0.0490307246228772
2125.22451514006,664,other,common,True,True,valid,valid,5.34704730046969,-82.3858118916497,713.276569993435,5.3532774421369,82.3906905401639,-0.0192406880872795,5.34668173157923,-82.3801793082535,713.227804439358,5.35073093315482,82.3846590219324,0.0294119067110614,-0.000365568890460466,0.00563258339613526,-0.0487655540771357,-0.00254650898208553,-0.00603151823150938,0.0486525947983409,0.049091128534371,0.0490911285344351
2125.26130050421,665,other,common,True,True,valid,valid,5.35072288652747,-82.2904622134881,713.292580269987,5.3577011086525,82.2954750923379,-0.0358494112022072,5.35035662527203,-82.2848293656207,713.24375482313,5.35515122652876,82.2894428194493,0.0128629811442806,-0.00036626125543382,0.00563284786741747,-0.0488254468567675,-0.00254988212373775,-0.00603227288863195,0.0487123923464878,0.049150660048139,0.0491506600481219
2125.33504119515,666,other,common,True,True,valid,valid,5.35807644848204,-82.196465500892,713.320361499339,5.36632558533601,82.2017089045627,-0.0640411473787026,5.3577092546726,-82.1908325030093,713.271477011892,5.36377212823541,82.1956759984439,-0.0152698186080897,-0.000367193809438504,0.00563299788269944,-0.0488844874475944,-0.00255345710059629,-0.00603290611880425,0.0487713287706129,0.0492093345764216,0.0492093345764206
2125.40098339319,667,other,common,True,True,valid,valid,5.3646544005423,-82.1021755607284,713.345659229347,5.37406414417776,82.1076291727484,-0.0897890828633763,5.36428633122522,-82.0965425246682,713.296716533317,5.37150720629985,82.101595752043,-0.0409596453464474,-0.000368069317073783,0.00563303606021748,-0.0489426960297124,-0.00255693787791245,-0.00603342070536428,0.0488294375169289,0.0492671702549954,0.0492671702550399
2125.42178529501,668,other,common,True,True,valid,valid,5.3667398735981,-82.006225135009,713.356576698173,5.37667149321505,82.0117713152116,-0.101386384213811,5.36637123505238,-82.0005921704373,713.307576609254,5.37411141701231,82.0057374962581,-0.0524996381878964,-0.000368638545718447,0.00563296457171703,-0.0490000889192288,-0.0025600762027338,-0.00603381895348321,0.0488867460259144,0.0493241816793339,0.0493241816792683
2125.38442289829,669,other,common,True,True,valid,valid,5.3630362915078,-81.9081433328939,713.348963587381,5.37266670775542,81.9136304884484,-0.0947489375616897,5.36266747802704,-81.9025105484406,713.299906915012,5.37010392332713,81.9075963864981,-0.0458056730852832,-0.000368813480756458,0.00563278445322624,-0.0490566723688062,-0.00256278442829228,-0.00603410195037668,0.0489432644764065,0.049380374522481,0.0493803745224853
2125.29668569565,670,other,common,True,True,valid,valid,5.35431936140334,-81.8082225689064,713.325302348273,5.36293575615491,81.8135194149035,-0.0723194989367357,5.35395071653409,-81.8025900730696,713.276189903709,5.36037064298545,81.8074851450902,-0.023320510154349,-0.000368644869247703,0.00563249583683501,-0.0491124445640025,-0.00256511316946018,-0.00603426981327004,0.0489989887823867,0.0494357473842948,0.0494357473843366
2125.19979147613,671,other,common,True,True,valid,valid,5.3446917981407,-81.7079743346284,713.298724614699,5.35216462500074,81.7130570118786,-0.047020038778669,5.34432339070443,-81.7023422371223,713.249557223135,5.34959728874866,81.707022690667,0.00203385394843281,-0.000368407436269536,0.0056320975061368,-0.0491673915643105,-0.00256733625207772,-0.00603432121167202,0.0490538927271018,0.049490288336157,0.0494902883361865
2125.13767254353,672,other,common,True,True,valid,valid,5.33852533123206,-81.6090015736666,713.283223530706,5.34534658446668,81.6139606967002,-0.0326203522251944,5.33815693588423,-81.6033699854179,713.234002031335,5.34277683754585,81.6079264418816,0.0164875969395553,-0.0003683953478264,0.00563158824863308,-0.0492214993705602,-0.00256974692082679,-0.006034254818573,0.0491079491647497,0.0495439855241835,0.0495439855241805
2125.12791034579,673,other,common,True,True,valid,valid,5.33756890022339,-81.5119398211711,713.284397481997,5.34447924269012,81.516911803428,-0.0346295192881598,5.33720017289557,-81.506308853156,713.235122717628,5.34190677907138,81.5108777328728,0.0145316298816169,-0.000368727327821894,0.00563096801515428,-0.0492747643687608,-0.00257246361874053,-0.00603407055524485,0.0491611491697768,0.0495968362320307,0.0495968362320467
2125.15099675953,674,other,common,True,True,valid,valid,5.33988118241975,-81.4160727008134,713.296032875315,5.34734528637525,81.4211431243424,-0.046933164767097,5.33951190885658,-81.4104424625669,713.24670567895,5.34476992927384,81.4151093543997,0.00228034357110118,-0.000369273563163297,0.00563023824648212,-0.049327196364743,-0.00257535710141354,-0.00603376994263272,0.0492135083381982,0.0496488494013962,0.0496488494013136
2125.16098117828,675,other,common,True,True,valid,valid,5.3408897436045,-81.3197266143761,713.303493984515,5.34872219761178,81.3248613306358,-0.0551291414660682,5.34052001767046,-81.3140972130363,713.254115170642,5.34614407722566,81.3188279751065,-0.00586408252422643,-0.00036972593403739,0.00562940133976042,-0.0493788138729769,-0.0025781203861186,-0.00603335552935391,0.0492650589418417,0.0497000414105712,0.0497000414105667
2125.13626621664,676,other,common,True,True,valid,valid,5.33844536864383,-81.2221195371383,713.299901235666,5.34615518538675,81.2272281176516,-0.0524476286905156,5.33807542977509,-81.2164910784872,713.250471609564,5.34357457692782,81.2211952889048,-0.00313181200408508,-0.000369938868745479,0.00562845865111683,-0.04942962610221,-0.00258060845893482,-0.00603282874686784,0.0493158166864305,0.0497504204822253,0.0497504204822128
2125.09587837011,677,other,common,True,True,valid,valid,5.33444147341866,-81.1239455846268,713.291315125038,5.34180685780187,81.1289871800253,-0.0448523903187379,5.33407143361154,-81.1183181746483,713.241835496854,5.33922390938787,81.122954990672,0.00451338068546647,-0.000370039807126687,0.00562740997852984,-0.0494796281839172,-0.00258294841400897,-0.00603218935331995,0.0493657710042044,0.0497999827082701,0.0497999827082629
2125.07683376223,678,other,common,True,True,valid,valid,5.33256143142738,-81.0265467519896,713.28952594279,5.33988428702157,81.0315769660247,-0.04394560475464,5.33219115342527,-81.0209204974709,713.239997133044,5.33729889823136,81.0255455295643,0.00546929562574405,-0.000370278002116642,0.00562625451867405,-0.0495288097461071,-0.00258538879020875,-0.0060314364604892,0.0494149003803841,0.0498487195479866,0.0498487195480159
2125.09270926565,679,other,common,True,True,valid,valid,5.33415614939031,-80.9304111330092,713.298858090915,5.34193046173597,80.9355209463135,-0.0539827157442687,5.33378540386488,-80.9247861406095,713.249280922094,5.33934244025722,80.9294903761331,-0.00451951701904818,-0.000370745525433591,0.00562499239968872,-0.0495771688206332,-0.00258802147875059,-0.00603057018041397,0.0494631987252205,0.0498966297460134,0.0498966297459661
2125.13649490476,680,other,common,True,True,valid,valid,5.33852825249387,-80.8352811137593,713.317079482355,5.34714886410749,80.840543246994,-0.0727672802245252,5.33815685676326,-80.8296574892566,713.267454772066,5.34455806400934,80.8345136555599,-0.0232566072286318,-0.000371395730616619,0.00562362450264686,-0.0496247102881853,-0.00259080009814738,-0.00602959143409976,0.0495106729958934,0.0499437179084799,0.0499437179084319
2125.18880589306,681,other,common,True,True,valid,valid,5.3437489867503,-80.7404539325236,713.338016266046,5.35333651132325,80.7458905997746,-0.094223949931461,5.34337688864843,-80.7348317804114,713.2883448233,5.35074291667526,80.7398620981981,-0.0446666123169734,-0.000372098101874663,0.0056221521121671,-0.0496714427465577,-0.00259359464799047,-0.0060285015764947,0.0495573376144876,0.049989991757294,0.0499899917572726
2125.20195040107,682,other,common,True,True,valid,valid,5.34507218485693,-80.6442101271691,713.346475723831,5.35507240532928,80.6497192547462,-0.10340231665873,5.34469965480257,-80.6385895497581,713.296758340756,5.35247632170741,80.6436919518178,-0.0537990927904275,-0.00037253005435911,0.00562057741099409,-0.0497173830749489,-0.00259608362186725,-0.00602730292838771,0.0496032238683028,0.0500354659106477,0.0500354659106043
2125.14736501873,683,other,common,True,True,valid,valid,5.33965516610581,-80.545526807075,713.333357938005,5.34910966223662,80.5509318769335,-0.0913475357966718,5.33928266872014,-80.5399079052491,713.283595396666,5.34651158877437,80.5449058799347,-0.0416991853006721,-0.000372497385662918,0.00561890182588343,-0.0497625413387368,-0.00259807346225926,-0.00602599699888628,0.0496483504959997,0.0500801490864467,0.0500801490864346
2125.07621627301,684,other,common,True,True,valid,valid,5.33259017187542,-80.4462519797307,713.314963245824,5.34126455121821,80.4515098226461,-0.0740999405289813,5.33221782611388,-80.4406348555957,713.26515634249,5.33866464236547,80.4454852401962,-0.0244072526879791,-0.000372345761541659,0.00561712413501425,-0.0498069033336606,-0.00259990885274419,-0.00602458244995319,0.0496926878410022,0.0501240296125811,0.0501240296125736
2125.03470840678,685,other,common,True,True,valid,valid,5.32847493372606,-80.348046425011,713.306009493431,5.33678854359843,80.3532342748923,-0.0661426850839462,5.32810254528518,-80.3424311816048,713.25615903602,5.33418664138157,80.3472112166382,-0.0164064748355486,-0.000372388440886162,0.00561524340615449,-0.0498504574111394,-0.00260190221685974,-0.00602305825404414,0.0497362102483976,0.0501670981397279,0.0501670981396225
2125.01849134825,686,other,common,True,True,valid,valid,5.32687631779337,-80.2507502400908,713.305110366125,5.33518692928576,80.2559339898585,-0.0661115921302553,5.32650372135335,-80.2451369796987,713.255217158753,5.33258290451587,80.2499125646635,-0.0163326693234467,-0.00037259644001697,0.00561326039208154,-0.0498932073719516,-0.0026040247698873,-0.00602142519505833,0.0497789228068086,0.0502093583129379,0.0502093583128492
2125.00163693959,687,other,common,True,True,valid,valid,5.32521430084978,-80.1534316431771,713.304006912834,5.33351283751017,80.1586096212682,-0.0658794069257738,5.32484150686375,-80.1478204666895,713.254071749859,5.33090673615856,80.1525899365207,-0.0160585638025168,-0.000372793986029407,0.00561117648756237,-0.0499351629746343,-0.00260610135160988,-0.00601968474751402,0.049820843123257,0.0502508186822253,0.0502508186821518
2124.95777311921,688,other,common,True,True,valid,valid,5.32086485347919,-80.0551475110248,713.294299067772,5.32876912149973,80.0602493268141,-0.0571799693336743,5.32049205179411,-80.049538517992,713.24432273423,5.3261611683347,80.0542314884862,-0.00731798080096269,-0.00037280168508147,0.00560899303279427,-0.0499763335424177,-0.00260795316502538,-0.0060178383279208,0.0498619885327116,0.0502914873341535,0.0502914873342221
2124.90579165518,689,other,common,True,True,valid,valid,5.31570787510807,-79.9565762544026,713.282004629831,5.32310298053048,79.9615807474415,-0.0459351236982002,5.31533512737662,-79.950969544419,713.23198791421,5.32049327240927,79.9555648615776,0.00396722614641476,-0.000372747731454126,0.00560670998368096,-0.0500167156209272,-0.00260970812121286,-0.00601588586390278,0.0499023498446149,0.05033136178584,0.0503313617858664
2124.87773318589,690,other,common,True,True,valid,valid,5.31293124361029,-79.8588620406242,713.277328755494,5.32015558967013,79.8638315366242,-0.0421873604526581,5.3125583932704,-79.8532577136548,713.227272452811,5.31754400574619,79.857817709693,0.00775455031828187,-0.000372850339889652,0.00560432696937596,-0.0500563026826057,-0.00261158392394378,-0.0060138269311949,0.04994191077094,0.050370437127429,0.0503704371273736
2124.8702442199,691,other,common,True,True,valid,valid,5.3122011656798,-79.7618822249841,713.279203048266,5.31954570019714,79.7668703094339,-0.0448853384642689,5.31182807862336,-79.756280380301,713.229107950211,5.3169321419066,79.7608586471837,0.00509533717149679,-0.000373087056437349,0.00560184468305636,-0.0500950980551806,-0.002613558290534,-0.00601166225018801,0.0499806756357657,0.0504087165772243,0.0504087165771554
2124.86722066998,692,other,common,True,True,valid,valid,5.31191537235788,-79.6650609893804,713.282498301859,5.31944321206591,79.6700792868752,-0.0489816155715062,5.31154202402968,-79.6594617252258,713.232365193628,5.31682768999766,79.6640698939714,0.0010370402501394,-0.000373348328202461,0.00559926415458278,-0.0501331082311935,-0.00261552206825399,-0.00600939290383451,0.0500186558216456,0.0504462058926886,0.0504462058926776
2124.86504757404,693,other,common,True,True,valid,valid,5.31171420096072,-79.5682692553447,713.286063149443,5.31943732066346,79.5733199713986,-0.053343177176771,5.31134059140724,-79.5626726693044,713.235892813187,5.31681986984728,79.5673129518251,-0.00328732171021784,-0.000373609553480314,0.00559658604038304,-0.0501703362557464,-0.00261745081618159,-0.00600701957350225,0.0500558554665531,0.0504829079929091,0.0504829079929041
2124.87899254262,694,other,common,True,True,valid,valid,5.31311669531761,-79.4720489785299,713.294760580329,5.32126307749767,79.4771741018216,-0.0627555275754048,5.3127427202116,-79.466455168033,713.244553799828,5.3186436287672,79.4711695594193,-0.0126632593046452,-0.000373975106007229,0.00559381049687602,-0.0502067805018669,-0.00261944873047071,-0.00600454240223769,0.0500922682707596,0.0505188220529489,0.0505188220529892
2124.90208400041,695,other,common,True,True,valid,valid,5.31542928095023,-79.3761508727213,713.30637031197,5.32412828672426,79.3813742282939,-0.0750337777326422,5.31505488339233,-79.3705599344411,713.256127867011,5.32150681811511,79.3753722661151,-0.0249058773960087,-0.00037439755790114,0.00559093828016444,-0.0502424449588261,-0.00262146860914214,-0.00600196217880011,0.0501279003366335,0.050553951772583,0.0505539517725759
2124.9106470421,696,other,common,True,True,valid,valid,5.31629637438317,-79.2797352162664,713.313351267521,5.3253423997501,79.2850189370645,-0.0827570013285595,5.31592165936369,-79.2741472457257,713.263073930162,5.32271905067946,79.2790196569476,-0.0325942347010368,-0.000374715019477279,0.00558797054070226,-0.0502773373586933,-0.00262334907063178,-0.00599928011689599,0.0501627666275226,0.0505883037666755,0.0505883037667272
2124.90400283039,697,other,common,True,True,valid,valid,5.31565037774772,-79.1827798573248,713.315486944457,5.32482820119013,79.188084305062,-0.0857121279759667,5.31527545510175,-79.1771949495094,713.265175484754,5.32220311582571,79.1820878082922,-0.0355152586211034,-0.000374922645965725,0.00558490781547505,-0.0503114597026979,-0.00262508536442141,-0.00599649676983915,0.0501968693548633,0.0506218800491843,0.0506218800491488
2124.90060278028,698,other,common,True,True,valid,valid,5.31532717857132,-79.0859387090923,713.318654711048,5.3246826440637,79.0912723271194,-0.0896828878329643,5.31495203187685,-79.0803569589028,713.268309901325,5.32205584054426,79.0852787149153,-0.039452687233279,-0.000375146694472583,0.00558175018946372,-0.0503448097230148,-0.00262680351944056,-0.00599361220407957,0.0502302005996853,0.0506546793126412,0.0506546793126485
2124.90003635734,699,other,common,True,True,valid,valid,5.31528593068001,-78.9891968644692,713.322723821662,5.32485907477397,78.9945670265439,-0.0945406215075764,5.31491054626926,-78.983618366246,713.272346432027,5.3222305738908,78.9885763995457,-0.0442778588140982,-0.000375384410742363,0.0055784982231728,-0.0503773896348321,-0.00262850088316924,-0.00599062699821218,0.0502627626934782,0.0506867038018991,0.0506867038019384
2124.89113010466,700,other,common,True,True,valid,valid,5.31441488270285,-78.8921601268577,713.324135049081,5.3240876447524,78.8975450893132,-0.0967827913058272,5.31403932352797,-78.8865849741428,713.273725845154,5.32145754363917,78.8915575473259,-0.0464882277611878,-0.000375559174872642,0.00557515271485443,-0.0504092039271882,-0.00263010111323325,-0.00598754198720997,0.0502945635446395,0.0507179575008756,0.0507179575008715
2124.8777276203,701,other,common,True,True,valid,valid,5.3130964737106,-78.7949648870987,713.324112715735,5.32280517590435,78.8003529222123,-0.0976142122291321,5.31272077642298,-78.7893931729897,713.273672461984,5.32017354536901,78.7943685645873,-0.047288609107909,-0.000375697287610777,0.00557171410906676,-0.0504402537503665,-0.00263163053534754,-0.00598435762502447,0.0503256031212231,0.0507484417984085,0.0507484417984791
2124.86103613675,702,other,common,True,True,valid,valid,5.31145082972976,-78.6976541773769,713.323041377249,5.32114887565126,78.7030367033946,-0.0974133109723425,5.31107502272422,-78.6920859944627,713.272570836382,5.31851577817472,78.6970556289602,-0.0470574281625886,-0.000375807005541517,0.0055681829141605,-0.0504705408667405,-0.00263309747653295,-0.0059810744344162,0.0503558828097539,0.0507781585650001,0.0507781585650821
2124.83126416802,703,other,common,True,True,valid,valid,5.30850374963963,-78.5998845883732,713.317802061647,5.31800600058156,78.6052275077007,-0.0931107748582463,5.30812792864362,-78.5943200285074,713.26730199242,5.31537156573329,78.5992498145173,-0.0427253652932222,-0.000375820996014298,0.00556455986578896,-0.050500069226473,-0.00263443484826809,-0.00597769318333974,0.050385409565024,0.0508071113113072,0.050807111311303
2124.79214544594,704,other,common,True,True,valid,valid,5.30462679520523,-78.5017887925268,713.309584257958,5.31380094797703,78.5070677385435,-0.0858771390167021,5.30425103039784,-78.4962279471207,713.259055417969,5.31116527975202,78.5010935242201,-0.0354629556188684,-0.000375764807386325,0.00556084540609447,-0.0505288399889423,-0.00263566822501105,-0.00597421432345868,0.0504141833978338,0.0508353014297062,0.0508353014296696
2124.76043128967,705,other,common,True,True,valid,valid,5.30148662598941,-78.4039547870148,713.303723866731,5.31043739373126,78.4091890452824,-0.0809633430409349,5.30111087234398,-78.3983977472813,713.253167014767,5.30780048108759,78.403218407239,-0.0305211450811385,-0.000375753645428745,0.00555703973350319,-0.050556851964302,-0.00263691264366628,-0.00597063804337949,0.0504421979597964,0.0508627286128275,0.0508627286129113
2124.74484732747,706,other,common,True,True,valid,valid,5.29995129134312,-78.306686853719,713.303000101722,5.30890683835148,78.311918446186,-0.0811043662802149,5.2995754436366,-78.301133710484,713.252415995962,5.30626861008419,78.3059514814509,-0.0306349151217091,-0.000375847706520105,0.00555314323496248,-0.0505841057596399,-0.00263822826728699,-0.00596696473505176,0.0504694511585058,0.0508893939518731,0.0508893939517898
2124.74169063568,707,other,common,True,True,valid,valid,5.29965234593586,-78.2098535037819,713.306233443958,5.30878844381882,78.2151148029839,-0.0851394841173487,5.29927632425612,-78.2043043472396,713.255622839609,5.30614885387554,78.2091516079294,-0.0346435370231575,-0.0003760216797426,0.00554915654221588,-0.050610604349572,-0.00263958994327851,-0.00596319505451959,0.0504959470941913,0.0509153002864814,0.0509153002865177
2124.72666332126,708,other,common,True,True,valid,valid,5.29817241227862,-78.1126051805218,713.305684352687,5.30732104731554,78.11786524289,-0.0854523591953011,5.29779630405386,-78.1070600998826,713.255047998529,5.30468021652918,78.1119059128518,-0.0349306595276175,-0.000376108224763527,0.00554508063913772,-0.0506363541575183,-0.0026408307863619,-0.00595933003823745,0.0505216996676836,0.0509404528744778,0.0509404528744932
2124.69874152541,709,other,common,True,True,valid,valid,5.29540966060294,-78.0149077468846,713.30102672044,5.30438833295804,78.0201329609551,-0.0817220604760678,5.29503356042847,-78.0093668308281,713.250365363191,5.30174638922916,78.0141775907213,-0.0311753492173921,-0.000376100174461769,0.00554091605651763,-0.0506613572486003,-0.00264194372888937,-0.00595537023382064,0.0505467112586757,0.0509648537754884,0.0509648537754836
2124.68882644176,710,other,common,True,True,valid,valid,5.29443836253942,-77.9178385723587,713.302103377774,5.30350178563256,77.9230758495951,-0.0836347607582866,5.29406215189947,-77.9123019095617,713.251417767249,5.30085864410303,77.9171245339764,-0.0330637915276384,-0.000376210639953634,0.00553666279704146,-0.0506856105249653,-0.00264314152953204,-0.00595131561865969,0.0505709692306482,0.0509885014847685,0.0509885014847976
2124.69972646236,711,other,common,True,True,valid,valid,5.29553789613815,-77.8214929590588,713.309808938193,5.30498052264351,77.8267965297301,-0.0920708582467569,5.29516143693131,-77.8159606376801,713.259099822298,5.302336078804,77.8208493630039,-0.0414763836380416,-0.000376459206837154,0.00553232137865223,-0.0507091158950743,-0.00264444383950746,-0.00594716672624429,0.0505944746087152,0.0510113981011223,0.0510113981010322
2124.69535836577,712,other,common,True,True,valid,valid,5.29511846226759,-77.7246152429847,713.312649895122,5.30472420854819,77.729945310385,-0.0957197549583952,5.29474186538431,-77.7190873500654,713.261918013925,5.30207860628095,77.7240023856462,-0.0451025085952779,-0.000376596883280733,0.00552789291936051,-0.0507318811976347,-0.00264560226724342,-0.00594292473876123,0.0506172463631174,0.0510335497020473,0.0510335497020494
2124.63509213924,713,other,common,True,True,valid,valid,5.28913799990219,-77.6257983324865,713.297684377967,5.29811590773752,77.6310092238169,-0.0818454777078159,5.28876165709022,-77.6202749539651,713.246930463754,5.29546957115246,77.6250706329948,-0.0312061728753861,-0.000376342811969188,0.00552337852147389,-0.0507539142133737,-0.00264633658505886,-0.00593859082211168,0.0506393048324298,0.0510549620720856,0.0510549620721203
2124.53167757392,714,other,common,True,True,valid,valid,5.27886559143467,-77.5254913188148,713.268975321359,5.28660517429802,77.5304705994744,-0.0544462563722163,5.27848980678488,-77.5199725403763,713.218200106976,5.28395843996124,77.5245364342492,-0.0037856108416463,-0.000375784649795818,0.00551877843844295,-0.0507752143824973,-0.00264673433677842,-0.00593416522518453,0.05066064553057,0.0510756353376461,0.0510756353376376
2124.54878050089,715,other,common,True,True,valid,valid,5.28058199507592,-77.42936116718,713.27865057045,5.28878827224584,77.4344228550483,-0.0648206196666479,5.28020594122936,-77.4238470762842,713.227854809591,5.28614034734103,77.4284932090453,-0.0141394226787952,-0.00037605384656203,0.00551409089584354,-0.0507957608589322,-0.00264792490480659,-0.00592964600299695,0.0506811969878527,0.0510955569119368,0.0510955569119652
2124.55096966028,716,other,common,True,True,valid,valid,5.28081486907839,-77.3327133221493,713.283574563969,5.28927679100239,77.3378185477376,-0.0705193081137168,5.28043865454734,-77.3272040037584,713.232758988692,5.28662781667817,77.3318935119079,-0.0198182854147717,-0.000376214531042862,0.00550931839083546,-0.0508155752773973,-0.00264897432422373,-0.00592503582967652,0.0507010226989451,0.051114741682589,0.0511147416825351
2124.47862839699,717,other,common,True,True,valid,valid,5.27363391303459,-77.2334926948867,713.264759153201,5.28129697785077,77.2384472483296,-0.0528561792158371,5.27325805901896,-77.227988232717,713.213924486184,5.27864750711,77.2325269123014,-0.00213602871463081,-0.000375854015636001,0.00550446216965383,-0.0508346670170567,-0.00264947074077071,-0.00592033602819697,0.0507201505012063,0.0511331960741088,0.051133196074155
2124.47423827648,718,other,common,True,True,valid,valid,5.27321231266844,-77.1366189869348,713.267584855831,5.28103781498591,77.1415999121229,-0.0564899016671916,5.2728363545068,-77.1311194660071,713.216731836066,5.27838741668878,77.1356843669625,-0.00575138169972433,-0.00037595816164071,0.00549952092765693,-0.0508530197647588,-0.00265039829713487,-0.00591554516044823,0.0507385199674673,0.0511509109808221,0.0511509109808206
2124.53795802593,719,other,common,True,True,valid,valid,5.27956587676636,-77.042088866689,713.292102738098,5.28851738293995,77.0472736255782,-0.0814708082000379,5.2791893481661,-77.0365943713918,713.241232101518,5.28586562418033,77.0413629616944,-0.0307146741243969,-0.000376528600251724,0.00549449529725621,-0.0508706365795888,-0.00265175875961887,-0.00591066388383865,0.0507561340756411,0.0511678895243001,0.051167889524304
2124.50806844234,720,other,common,True,True,valid,valid,5.27660771435825,-76.9443344610084,713.286804053597,5.28536077299007,76.949479126792,-0.0771093367727644,5.27623126889891,-76.9388450733378,713.235916515026,5.28270833866661,76.9435734320288,-0.0263362727368985,-0.000376445459338015,0.00548938767056484,-0.050887538571601,-0.00265243432346551,-0.00590569476322855,0.0507730640358659,0.0511841447135515,0.0511841447136402
2124.45677345991,721,other,common,True,True,valid,valid,5.27152038133929,-76.845846810398,713.274686420457,5.27977209293706,76.8508955976962,-0.0660373107969008,5.27114417285195,-76.8403626127292,713.223782701716,5.27711916901438,76.8449949603337,-0.0152480303137281,-0.000376208487335106,0.00548419766883512,-0.0509037187416652,-0.00265292392268179,-0.00590063736252944,0.0507892804831727,0.05119967322774,0.0511996732276877
2124.41583546996,722,other,common,True,True,valid,valid,5.267463422348,-76.7477177698868,713.265866496779,5.27536026987703,76.7526976569143,-0.0582105103612776,5.26708738459312,-76.7422388444215,713.214947321159,5.2727068225357,76.7468021650712,-0.00740573826681157,-0.000376037754883818,0.00547892546538264,-0.0509191756196969,-0.00265344734133066,-0.00589549184304872,0.050804772094466,0.0512144752432147,0.0512144752431898
2124.40856686234,723,other,common,True,True,valid,valid,5.26675553816085,-76.6507442396495,713.267768852656,5.27477380605057,76.6557429445997,-0.0609354772941515,5.26637944315147,-76.6452706682705,713.216834943483,5.27211963988758,76.6498526860765,-0.0101159457022959,-0.000376095009377408,0.00547357137894267,-0.0509339091726133,-0.00265416616299063,-0.00589025852323743,0.0508195315918556,0.0512285519481127,0.0512285519481758
2124.39566040039,724,other,common,True,True,valid,valid,5.26548688099059,-76.5535775435157,713.267874269732,5.27354674841498,76.5585803657461,-0.0618920552626605,5.26511077315865,-76.5481094071918,713.216926344147,5.27089193989643,76.5526954273781,-0.0110584779196188,-0.000376107831935535,0.00546813632387,-0.0509479255848646,-0.0026548085185425,-0.00588493836806947,0.0508335773430417,0.0512419075889898,0.0512419075889755
2124.34832304716,725,other,common,True,True,valid,valid,5.26079358287822,-76.4552349764636,713.257012455249,5.26840788146316,76.4601521936438,-0.0520557176071179,5.26041770643576,-76.4497723554203,713.206051225887,5.26575270643347,76.4542726614863,-0.00120879481914926,-0.000375876442461731,0.00546262104334971,-0.0509612293618602,-0.00265517502968748,-0.00587953215752179,0.0508469227879687,0.0512545452602534,0.0512545452602523
2124.29291018844,726,other,common,True,True,valid,valid,5.2552972667094,-76.3566201095847,713.243577802186,5.26235170835673,76.3614306733419,-0.039687388678658,5.2549216831293,-76.3511630837896,713.192603982278,5.25969626013118,76.3555566331975,0.0111721704686261,-0.000375583580102479,0.00545702579508145,-0.0509738199078811,-0.00265544822555341,-0.00587404014446236,0.050859559147284,0.0512664657408224,0.0512664657408079
2124.27772662044,727,other,common,True,True,valid,valid,5.25380222092585,-76.2593795841214,713.242954070531,5.2608658701655,76.2641882998867,-0.0399263136025638,5.25342665638875,-76.2539282333874,713.1919683751,5.25820990718367,76.2583198374176,0.0109451560141451,-0.000375564537105078,0.00545135073400616,-0.0509856954305405,-0.00265596298182658,-0.00586846246910966,0.050871469616709,0.051277669721649,0.0512776697215847
2124.32247549295,728,other,common,True,True,valid,valid,5.25826804183115,-76.1641785522812,713.261416393792,5.26618870956912,76.1691415622709,-0.0589479446914538,5.25789208550153,-76.1587329559766,713.210419536646,5.26353185333759,76.163278762685,-0.00806529541830514,-0.000375956329618177,0.0054455963045541,-0.0509968571462878,-0.00265685623153189,-0.00586279958589841,0.0508826492731487,0.0512881594627145,0.051288159462723
2124.39638200402,729,other,common,True,True,valid,valid,5.26563434350357,-76.0699636437229,713.289165344727,5.27482454795824,76.0751569216578,-0.0871086495321833,5.26525779797787,-76.0645238804234,713.238158034645,5.27216663297665,76.0692998693292,-0.0362155368438835,-0.000376545525698546,0.0054397632994494,-0.0510073100824684,-0.00265791498158308,-0.00585705232859368,0.0508931126882999,0.0512979384881697,0.051297938488142
2124.45872950554,730,other,common,True,True,valid,valid,5.27185137050911,-75.9753492084633,713.313233134219,5.2821475947294,75.9807426391222,-0.111646732476856,5.27147432107061,-75.9699153559614,713.262216074912,5.27948873767416,75.9748914176004,-0.060743854901034,-0.00037704943849981,0.00543385250182382,-0.051017059307128,-0.00265885705523772,-0.00585122152183715,0.0509028775758225,0.0513070098489248,0.051307009848918
2124.45608830452,731,other,common,True,True,valid,valid,5.27160384212265,-75.8785253561778,713.316599231453,5.28208650598641,75.8839495797918,-0.115812087915288,5.27122674528083,-75.873097491503,713.265573121593,5.27942719416241,75.8781042718219,-0.0649001223295045,-0.000377096841821078,0.00542786467474343,-0.0510261098604587,-0.00265931182399726,-0.00584530796990634,0.050911965585783,0.0513153759067109,0.0513153759067227
2124.39437958598,732,other,common,True,True,valid,valid,5.26548069158312,-75.7797009530446,713.301149096416,5.27531396514175,75.7850020344666,-0.10146014503448,5.26510396293544,-75.7742791528456,713.250114633842,5.27265464494585,75.7791627224063,-0.0505397693208351,-0.000376728647678348,0.00542180019900229,-0.0510344625736252,-0.00265932019590309,-0.00583931206038812,0.0509203757136447,0.0513230378295229,0.0513230378296304
2124.35652497411,733,other,common,True,True,valid,valid,5.26173051538545,-75.6816875207054,713.293296181675,5.27125187055188,75.6869276125051,-0.0945846701559958,5.26135399446002,-75.6762718615529,713.242254067071,5.26859241301658,75.6810943786572,-0.0436565908299826,-0.000376520925431834,0.00541565915247588,-0.051042114604229,-0.00265945753530161,-0.00583323384786638,0.0509280793260132,0.0513299970322845,0.0513299970323656
2124.35062775016,734,other,common,True,True,valid,valid,5.26115911813886,-75.5847555301016,713.295621042449,5.27082065829535,75.5900178964399,-0.0977252533803039,5.26078258804156,-75.5793460880537,713.244571974446,5.26816087799588,75.584190822578,-0.0467901774391066,-0.000376530097302208,0.00540944204790605,-0.0510490680030671,-0.00265978029946723,-0.00582707386189441,0.0509350759411973,0.0513362560201423,0.0513362560201749
2124.37180882692,735,other,common,True,True,valid,valid,5.26328117235011,-75.4887362898405,713.306569739231,5.27346597518271,75.4940914822527,-0.109352675078412,5.26290444999146,-75.4833331403877,713.255514413742,5.27080572034355,75.4882706495604,-0.0584113052947259,-0.000376722358647719,0.00540314945283171,-0.0510553254883916,-0.00266025483915655,-0.00582083269220846,0.0509413697836862,0.0513418173078316,0.0513418173079041
2124.3794952631,736,other,common,True,True,valid,valid,5.26406096189338,-75.3922597235186,713.313218907976,5.2745780391673,75.3976725676749,-0.116748862701002,5.26368414616145,-75.3868629415027,713.262158017036,5.27191743953419,75.3918580566557,-0.0658018853515614,-0.000376815731931046,0.0053967820158789,-0.0510608909403345,-0.00266059963310994,-0.00581451101918162,0.0509469773494402,0.0513466827540346,0.0513466827540423
2124.3367639184,737,other,common,True,True,valid,valid,5.25982571601968,-75.2940855061483,713.303807101014,5.26996162430229,75.2994246072562,-0.108339144421393,5.25944916253188,-75.2886951658521,713.252741333643,5.26730106595823,75.2936164978296,-0.057387231283883,-0.000376553487799747,0.0053903402961879,-0.0510657673706874,-0.00266055834406131,-0.00580810942655319,0.05095191313751,0.0513508535293722,0.0513508535292777
2124.28660950065,738,other,common,True,True,valid,valid,5.25485227145191,-75.1956646717164,713.292029842359,5.26450193352127,75.2009106779087,-0.0976014946022588,5.25447603695327,-75.1902808470652,713.240959887322,5.26184150396516,75.1951090496347,-0.0466453305812138,-0.000376234498638439,0.00538382465121856,-0.0510699550372919,-0.00266042955610857,-0.00580162827394304,0.050956164021045,0.0513543321228507,0.0513543321229248
2124.25134772062,739,other,common,True,True,valid,valid,5.2513602410632,-75.0977468937122,713.284995083204,5.26073432192319,75.1029386033031,-0.0915309870266583,5.2509842271065,-75.0923696581669,713.233921627767,5.25807395355048,75.0971435352653,-0.0405712624838088,-0.000376013956702614,0.00537723554521108,-0.0510734554374039,-0.00266036837271599,-0.00579506803778429,0.0509597245428495,0.051357121209437,0.05135712120947
2124.21994930506,740,other,common,True,True,valid,valid,5.24825254216088,-74.9999606556685,713.279189646975,5.25740564841225,75.0051081256917,-0.0866702446994623,5.24787672694967,-74.9945900821628,713.228113375939,5.25474535008209,74.9993196964258,-0.0357076441060826,-0.000375815211210551,0.00537057350578607,-0.051076271036095,-0.0026602983301558,-0.00578842926586276,0.0509626005933796,0.0513592227336694,0.0513592227337181
2124.16702966392,741,other,common,True,True,valid,valid,5.2430045042963,-74.9014560361932,713.266528533853,5.25163209777327,74.9065031801672,-0.0750626361585773,5.24262904253981,-74.8960921971532,713.215450129585,5.24897205456471,74.900721467682,-0.0240978336554463,-0.000375461756489059,0.00536383903997262,-0.0510784042677415,-0.00266004320856439,-0.00578171248514536,0.0509648025031311,0.0513606378787895,0.0513606378787829
2124.10464681685,742,other,common,True,True,valid,valid,5.23681555835111,-74.8026388483893,713.25085268649,5.24478371908849,74.8075610025786,-0.0604881018135757,5.23644052089001,-74.7972818157719,713.199772829669,5.24212403222067,74.8017860843996,-0.00952177361375561,-0.000375037461097349,0.00535703261734,-0.0510798568207065,-0.00265968686782259,-0.00577491817894327,0.0509663281998201,0.0513613689886119,0.0513613689885709
2124.06491222978,743,other,common,True,True,valid,valid,5.23287917588437,-74.7045819843273,713.242388995722,5.24050827472847,74.7094381514299,-0.0530111762442402,5.23250441020583,-74.6992318295814,713.191308365176,5.23784882220831,74.7036701045594,-0.00204400671566418,-0.000374765678544442,0.00535015474592626,-0.0510806305466076,-0.00265945252015598,-0.00576804687048593,0.0509671695285761,0.0513614195886192,0.0513614195886533
2124.04646371678,744,other,common,True,True,valid,valid,5.23105968665172,-74.6072370418185,713.240703140103,5.23865080245508,74.6120826714334,-0.0522044583973411,5.23068504968144,-74.6018938358677,713.189622412276,5.23599147161211,74.6063215723291,-0.00123712910988161,-0.000374636970279951,0.00534320595072302,-0.0510807278278662,-0.00265933084296677,-0.00576109910421962,0.0509673292874595,0.0513607920316255,0.0513607920316395
2124.04062075913,745,other,common,True,True,valid,valid,5.23049377637805,-74.5103123023422,713.243030496968,5.23822518076852,74.5151802266822,-0.0553472301629654,5.23011918538964,-74.5049761156024,713.191950345993,5.23556591911638,74.509426151275,-0.00438041767995401,-0.000374590988413637,0.00533618673985359,-0.0510801509753946,-0.00265926165214125,-0.00575407540718231,0.0509668124830114,0.0513594882275934,0.0513594882276346
2124.06403800845,746,other,common,True,True,valid,valid,5.23283770135886,-74.4143597829173,713.254675347321,5.24112329021757,74.4193262287911,-0.0676596043441577,5.23246295778475,-74.4090306852573,713.20359644491,5.23846392943662,74.4135792524453,-0.0166939880001564,-0.000374743574101721,0.00532909766000955,-0.0510789024117457,-0.00265936078094597,-0.00574697634587551,0.0509656163440013,0.0513575114876577,0.0513575114876804
2124.12412953377,747,other,common,True,True,valid,valid,5.23882904076515,-74.3196219280383,713.277999996035,5.24818764845358,74.3247824485066,-0.0914664307764497,5.23845389448157,-74.3142999887755,713.226923011317,5.24552796860431,74.3190426460136,-0.0405026896405616,-0.000375146283576377,0.00532193926278524,-0.0510769847179517,-0.00265967984926618,-0.00573980249295403,0.0509637411358881,0.0513548648146281,0.0513548648145872
2124.13442823291,748,other,common,True,True,valid,valid,5.23986850768468,-74.2232269058379,713.28546491467,5.24959562292232,74.2284517518545,-0.0996652292944873,5.23949330988973,-74.2179121940224,713.234390515911,5.24693600474543,74.2227191977316,-0.048704014649843,-0.000375197794951099,0.00531471181547261,-0.0510743987591695,-0.00265961817689231,-0.00573255412285789,0.0509612146446443,0.0513515447058559,0.0513515447058398
2123.34936383367,775,other,common,True,True,valid,valid,5.16222170611283,-71.5858505256128,713.147930828891,5.16683538890907,71.5900380547681,0.0126856861772922,5.16185427559069,-71.5807552724575,713.097171227404,5.1641975441512,71.5845275284248,0.063334571925111,-0.000367430522143941,0.00509525315536052,-0.0507596014871297,-0.00263784475787077,-0.00551052634328641,0.0506488857478189,0.0510160146722383,0.05101601467228
2120.88285108656,953,other,common,True,True,valid,valid,4.91997426410523,-54.2929405860255,713.080037356764,4.92812821645207,54.2971516452797,-0.071730187604885,4.91970202209586,-54.2899363387578,713.040579763737,4.92609072114083,54.2938245564971,-0.0323502389262558,-0.000272242009376811,0.00300424726770387,-0.0394575930270094,-0.0020374953112352,-0.00332708878261201,0.0393799486786293,0.0395727338560564,0.039572733856055
2120.85570453107,954,other,common,True,True,valid,valid,4.91729548082803,-54.1954906566442,713.075308331276,4.92527609910788,54.1996662749901,-0.0679227863280403,4.91702404760115,-54.192499081912,713.035946789408,4.92324370760425,54.1963526444528,-0.0286386494400404,-0.000271433226875395,0.00299157473216383,-0.0393615418679474,-0.00203239150363288,-0.00331363053724232,0.0392841368879999,0.0394759949031934,0.0394759949031877
2120.67801725864,955,other,common,True,True,valid,valid,4.89967504361033,-54.0944051839216,713.022660894963,4.90535320283543,54.0981532931105,-0.016945361248986,4.89940522540555,-54.0914262812055,712.983395741127,4.9033267356534,54.0948531230564,0.022242663418524,-0.00026981820478067,0.00297890271609447,-0.0392651538353448,-0.00202646718202715,-0.00330017005416039,0.03918802466751,0.0393789152843102,0.0393789152842938
2120.52978786826,956,other,common,True,True,valid,valid,4.88498044087815,-53.9940450311103,712.979394390984,4.88877295169804,53.9974423854385,0.0247977859295361,4.88471207746364,-53.9910787907204,712.940225844238,4.88675225857783,53.9941556679708,0.0638894722932264,-0.000268363414505757,0.00296624038988114,-0.0391685467458274,-0.00202069312020825,-0.00328671746773779,0.0390916863636903,0.039281619813252,0.0392816198132908
2120.50875464082,957,other,common,True,True,valid,valid,4.88290897783776,-53.8967583705799,712.976608256695,4.88661447439051,53.9001361801966,0.0266928367716446,4.88264138985048,-53.8938047777199,712.937536470503,4.88459888352682,53.8968629017755,0.065688000987393,-0.000267587987276663,0.00295359286002395,-0.0390717861922667,-0.00201559086368519,-0.00327327842115466,0.0389951642157484,0.0391841778064555,0.0391841778064228
2120.49423950911,958,other,common,True,True,valid,valid,4.88148434759187,-53.7996291945945,712.975895138685,4.88519493823621,53.8030044209038,0.0265472688058708,4.88121750146174,-53.7966882401981,712.936920342302,4.88318442636038,53.7997445743396,0.065445680278458,-0.000266846130131171,0.00294095439640785,-0.0389747963830587,-0.0020105118758309,-0.00325984656414136,0.0388984114725872,0.0390865088325857,0.0390865088325282
2120.47963052988,959,other,common,True,True,valid,valid,4.88005042113626,-53.7024980920278,712.975150849237,4.88376472026836,53.7058704799705,0.0264324079888638,4.87978431855675,-53.6995697671059,712.936273274132,4.88175929943895,53.7026240581691,0.0652338354919948,-0.000266102579505656,0.002928324921875,-0.0388775751051753,-0.00200542082940558,-0.00324642180144252,0.038801427503131,0.0389886104329129,0.038988610433005
2120.47971826792,960,other,common,True,True,valid,valid,4.88007488173573,-53.6057191306598,712.979082322612,4.88400064476817,53.6091269373961,0.021714807488479,4.87980944623708,-53.6028034252387,712.94030218853,4.88200024843436,53.6058939321824,0.0604190279992736,-0.000265435498653765,0.00291570542110975,-0.0387801340823444,-0.00200039633380555,-0.00323300521367287,0.0387042205107946,0.0388904948997984,0.03889049489981
2120.48463743925,961,other,common,True,True,valid,valid,4.88057878845187,-53.5090546778123,712.984550111009,4.88478427773715,53.5125104735343,0.0154848872271032,4.88031399612559,-53.5061515821592,712.945867642021,4.88278889205032,53.50929087701,0.0540916757561263,-0.000264792326282404,0.00290309565308178,-0.0386824689878722,-0.00199538568683266,-0.00321959652439574,0.0386067885290231,0.0387921575366039,0.0387921575365927
2120.47734838724,962,other,common,True,True,valid,valid,4.87987125519868,-53.4120976802554,712.986131420607,4.88418378429065,53.4155696657313,0.0130807847521055,4.87960717188865,-53.4092071852375,712.947546849878,4.88219348547144,53.412363470672,0.0515899112494935,-0.000264083310030472,0.00289049501788696,-0.0385845707284034,-0.00199029881920865,-0.00320619505929898,0.038509126497388,0.038693588612821,0.0386935886128419
2120.4474272728,963,other,common,True,True,valid,valid,4.87691792353327,-53.3146015489846,712.980508880677,4.8810174056753,53.3180307820975,0.0177681040164543,4.87665466923713,-53.3117236457422,712.942022446217,4.87903232426059,53.3148379815919,0.0561793360201364,-0.000263254296145377,0.00287790324239978,-0.0384864344599691,-0.00198508141471621,-0.00319280050561588,0.038411232003682,0.0385947829031147,0.0385947829030349
2120.47532790899,964,other,common,True,True,valid,valid,4.87970234265553,-53.2184812184668,712.993286623526,4.88440635178072,53.222018250935,0.00434236213379791,4.87943961567195,-53.2156158938918,712.95489850836,4.88242619457111,53.2188388333734,0.0426555031925773,-0.000262726983578432,0.00286532457500499,-0.0383881151660717,-0.00198015720960854,-0.00317941756161133,0.0383131410587794,0.0384957984251737,0.0384957984252278
2120.43316650391,965,other,common,True,True,valid,valid,4.87553440040475,-53.120695531906,712.983765926426,4.87985215534457,53.124157917097,0.0128670479340371,4.87527256846264,-53.1178427790106,712.945476395721,4.87787730157504,53.1209918776621,0.0510818495627063,-0.000261831942110824,0.00285275289540721,-0.0382895307046738,-0.001974853769525,-0.00316603943489469,0.0382148016286692,0.0383965482385112,0.0383965482385182
2120.41281348467,966,other,common,True,True,valid,valid,4.87353058159384,-53.0234289622513,712.981184467491,4.877770410956,53.026873477231,0.0145608285265553,4.87326953156737,-53.0205887692327,712.942993723848,4.87580075668948,53.0237208057785,0.0526770831731938,-0.000261050026470144,0.00284019301867033,-0.0381907436429856,-0.0019696542665173,-0.00315267145246168,0.0381162546466385,0.0382970983692481,0.038297098369252
2120.39550989866,967,other,common,True,True,valid,valid,4.87182937905687,-52.9262352973319,712.979572174607,4.87603434492536,52.929669871834,0.0153005929741994,4.87156909603715,-52.9234076530789,712.94148043091,4.87406988480341,52.9265305589956,0.0533180872171215,-0.000260283019720475,0.00282764425306681,-0.0380917436973505,-0.00196446012195395,-0.00313931283842095,0.0380174942429221,0.0381974378352383,0.0381974378352637
2120.35607856512,968,other,common,True,True,valid,valid,4.86793256186901,-52.8285201850982,712.970916719209,4.87178971508687,52.8318871915621,0.0229736502260494,4.86767316137674,-52.8257050795132,712.932924202998,4.86983057470564,52.8287612291029,0.0608921618503473,-0.000259400492271133,0.00281510558493636,-0.0379925162112613,-0.00195914038122424,-0.00312596245920815,0.0379185116242979,0.0380975510516448,0.0380975510516324
2120.30913203955,969,other,common,True,True,valid,valid,4.86329019085419,-52.7306306155506,712.959868642496,4.86669321867199,52.7339104773215,0.0330020411644227,4.86303171205645,-52.7278280375692,712.921975569606,4.86473944682687,52.7307978559438,0.0708213562220408,-0.000258478797746875,0.0028025779813774,-0.0378930728901423,-0.00195377184511614,-0.00311262137768153,0.037819315057618,0.0379974502787782,0.037997450278814
2120.28214493394,970,other,common,True,True,valid,valid,4.86062831620707,-52.6332133103661,712.955171024603,4.86385938725158,52.6364579871926,0.0367790912126793,4.86037065647831,-52.6304232473161,712.917377590498,4.86191089017609,52.6333586958245,0.0744990097435902,-0.000257659728751136,0.00279006304999996,-0.0377934341050832,-0.00194849707548173,-0.00309929136813736,0.0377199185309109,0.0378971569093786,0.0378971569094085
2120.28193172812,971,other,common,True,True,valid,valid,4.86062294905871,-52.536425522208,712.958992136329,4.86406057595065,52.5397047148647,0.0321703303026197,4.86036597157319,-52.5336479608397,712.921298529769,4.86211722541239,52.5366187418019,0.0697906575080651,-0.000256977485523002,0.00277756136826923,-0.0376936065603104,-0.00194335053825512,-0.00308597306286629,0.0376203272054454,0.0377966778977471,0.0377966778977207
2120.31153121591,972,other,common,True,True,valid,valid,4.86357564178355,-52.4403349498217,712.972299293529,4.86764131936392,52.4437262738485,0.0182235003655933,4.86331919522804,-52.4375698764974,712.934705699064,4.86570297246928,52.4406536069641,0.0557440449998694,-0.000256446555507495,0.00276507332424814,-0.0375935944648518,-0.00193834689463301,-0.00307266688440677,0.0375205446342761,0.0376960175630269,0.0376960175631216
2120.35549661517,973,other,common,True,True,valid,valid,4.86795392571213,-52.344576718727,712.990177558887,4.87285076385618,52.3481175753973,-0.000223153350361827,4.86769793888512,-52.3418241203438,712.952684169257,4.87091735810934,52.3450582031664,0.0371974128778447,-0.000255986827004229,0.00275259838313247,-0.0374933896300718,-0.00193340574683987,-0.00305937223092911,0.0374205662282066,0.0375951671504037,0.0375951671504315
2120.32265144587,974,other,common,True,True,valid,valid,4.86471069294601,-52.2470216459082,712.983610017846,4.86935248611975,52.2505120177929,0.00539472564241805,4.86445555973164,-52.2442815136752,712.946217085009,4.8674244262939,52.247465933487,0.042715079331856,-0.000255133214366765,0.00274013223292968,-0.0373929328374061,-0.00192805982584332,-0.00304608430590037,0.037320353689438,0.0374940641141205,0.0374940641141425
2120.26025751233,975,other,common,True,True,valid,valid,4.85853568994618,-52.1487803843428,712.967637845803,4.86250455805701,52.1521433218725,0.0202706108251505,4.8582815609291,-52.1460527068805,712.930345588097,4.86058200436562,52.1491105158994,0.0574905405120489,-0.000254129017086768,0.0027276774623175,-0.0372922577054169,-0.0019225536913865,-0.00303280597308486,0.0372199296868985,0.037392743823675,0.0373927438236927
2120.20260119438,976,other,common,True,True,valid,valid,4.85283102460743,-52.0506537668718,712.953172663554,4.85619392612003,52.0539016002207,0.0336630643662374,4.85257787540359,-52.0479385308594,712.915981274214,4.85427686286002,52.0508820608416,0.0707823758164068,-0.000253149203841119,0.00271523601247736,-0.0371913893396822,-0.0019170632600094,-0.00301953937906063,0.0371193114501693,0.037291232644399,0.0372912326444065
2120.16475304961,977,other,common,True,True,valid,valid,4.84909179778369,-51.952990782259,712.945009872383,4.85212876746116,51.9561750780525,0.040851450167338,4.84883952802784,-51.9502879733936,712.907919532361,4.85021710247493,51.9531687924462,0.0778699580048396,-0.000252269755848467,0.00270280886540775,-0.0370903400212228,-0.00191166498623119,-0.00300628560631822,0.0370185078375016,0.0371895434051369,0.0371895434051227
2120.14701160789,978,other,common,True,True,valid,valid,4.84734745550593,-51.8557957360703,712.943244040513,4.85034273108796,51.858968834787,0.0417426516379464,4.84709596412863,-51.853105339805,712.90625492842,4.84843637140962,51.8559757898688,0.078660172793775,-0.000251491377305513,0.00269039626531509,-0.0369891120928969,-0.00190635967833686,-0.00299304491822738,0.0369175211558286,0.0370876784579215,0.0370876784579025
2120.15001469851,979,other,common,True,True,valid,valid,4.84766121125857,-51.7590807486692,712.948078038862,4.85090804574896,51.762296650786,0.0361369375411869,4.8474103948003,-51.7564027501971,712.911190330734,4.84900689590981,51.7593168331903,0.0729532914081119,-0.000250816458271963,0.00267799847205197,-0.0368877081282335,-0.00190114983914214,-0.002979817595687,0.0368163538669251,0.0369856403982113,0.0369856403982557
2120.17639796436,980,other,common,True,True,valid,valid,4.85029460380889,-51.6629039455694,712.960350853847,4.854123530399,51.6662235163322,0.0232083764014988,4.85004434644518,-51.6602383297257,712.923564721786,4.85222748240181,51.6632569123031,0.0599233857454919,-0.000250257363705764,0.00266561584376035,-0.0367861320612519,-0.00189604799718524,-0.00296660402904081,0.0367150093439932,0.0368834332540026,0.0368834332539998
2120.20868656039,981,other,common,True,True,valid,valid,4.85351400520162,-51.5668599378561,712.974502062116,4.85800848847833,51.5702985465967,0.00843069253687645,4.85326427940764,-51.5642066901211,712.937817687985,4.85611752297371,51.5673451431037,0.0450441743321335,-0.000249725793982414,0.00265324773501874,-0.0366843741310277,-0.00189096550462153,-0.00295340349298101,0.036613481795257,0.0367810466395503,0.0367810466395892
2120.2373149395,982,other,common,True,True,valid,valid,4.85637037146917,-51.4707281095823,712.987487655145,4.86147861982496,51.4742762192208,-0.00519955674928951,4.85612119763132,-51.4680872156885,712.950905225255,4.85959276552572,51.4713360035217,0.0313122121760898,-0.00024917383784917,0.00264089389377631,-0.0365824298905864,-0.00188585429923904,-0.00294021569908409,0.0365117689253793,0.0366784757706658,0.0366784757706123
2120.26743534207,983,other,common,True,True,valid,valid,4.85937489277379,-51.3746271320312,713.000947254597,4.86511796892138,51.3782886210576,-0.0192964354453125,4.85912626550554,-51.3719985772309,712.964466949685,4.86323722854392,51.3753615798843,0.0171134396985053,-0.000248627268247148,0.00262855480033863,-0.0364803049127431,-0.00188074037745878,-0.00292704117325115,0.0364098751438178,0.0365757264095139,0.0365757264095426
2120.28285345435,984,other,common,True,True,valid,valid,4.86092068211814,-51.2781859692242,713.009726755524,4.86709063248788,51.2819225445919,-0.028786160934601,4.86067267635026,-51.2755697393536,712.973348765354,4.86521508938931,51.2790086653345,0.0075216340986799,-0.000248005767883086,0.00261622987055432,-0.0363779901701946,-0.00187554309857063,-0.00291387925746278,0.0363077950332809,0.0364727889586094,0.0364727889586251
2120.23955920339,985,other,common,True,True,valid,valid,4.85664079784563,-51.1804006125815,712.999818964313,4.86240727488222,51.1840593724749,-0.0198797916114017,4.85639370540321,-51.1777966954466,712.963543506842,4.86053723035797,51.1811586447234,0.0163257185472503,-0.000247092442422492,0.00260391713489128,-0.0362754574711062,-0.00187004452425299,-0.00290072775150918,0.036205510158652,0.0363696336778158,0.0363696336778269
2120.17636582255,986,other,common,True,True,valid,valid,4.85038670020524,-51.0821641707971,712.983577297722,4.85546826370673,51.0856932904859,-0.00473819316675872,4.85014061914521,-51.079572552049,712.947404562365,4.85360382420128,51.0828057014422,0.0313648471717443,-0.000246081060030434,0.00259161874810587,-0.0361727353571268,-0.00186443950544657,-0.0028875890436737,0.036103040338503,0.036266290502895,0.0362662905028649
2120.12623789907,987,other,common,True,True,valid,valid,4.84542916506444,-50.9842297905265,712.971492899345,4.8500105366251,50.9876632852099,0.00631096781842189,4.84518403058465,-50.9816504539556,712.935423050821,4.84815164478219,50.9847888200131,0.0423113707541916,-0.000245134479788689,0.00257933657090348,-0.0360698485237663,-0.00185889184291455,-0.00287446519673296,0.0360004029357697,0.0361627852990699,0.036162785299098
2120.09473788738,988,other,common,True,True,valid,valid,4.84231989064884,-50.8867221401486,712.965335479036,4.84666442777473,50.8901085051064,0.011525536735121,4.84207561121967,-50.884155069051,712.929368676119,4.84481099927137,50.8872471483527,0.0474231394244953,-0.000244279429168159,0.00256707109760868,-0.0359668029169598,-0.00185342850335957,-0.00286135675365529,0.0358976026893743,0.0360591242063242,0.0360591242064047
2120.06622963399,989,other,common,True,True,valid,valid,4.839507494113,-50.7892841498285,712.960128904881,4.84365744559881,50.7926311649632,0.015804106956125,4.83926405537797,-50.7867293280617,712.924265315018,4.84180947359593,50.7897829018812,0.0515987413502899,-0.000243438735028967,0.00255482176677901,-0.0358635898627426,-0.0018479720028779,-0.00284826308202213,0.0357946343941649,0.0359552980035034,0.0359552980034898
2120.0314235799,990,other,common,True,True,valid,valid,4.83607037248436,-50.6917051492435,712.952917024828,4.83993663334693,50.6949964067774,0.0220567803313543,4.83582780545949,-50.6891625609111,712.917156819819,4.83809415652723,50.6921612228772,0.0577482760672865,-0.000242567024870688,0.00254258833238907,-0.0357602050086143,-0.00184247681969651,-0.00283518390017434,0.0356914957359322,0.0358513020188623,0.0358513020188527
2119.98748204671,991,other,common,True,True,valid,valid,4.83172706956141,-50.5939218572759,712.942796984568,4.83518041694899,50.597133562106,0.0311723560982955,4.83148541876675,-50.5913914864073,712.907140336136,4.83334348748222,50.594311442823,0.0667605434946381,-0.00024165079466254,0.00253037086861951,-0.0356566484323366,-0.00183692946676928,-0.00282211928297471,0.0355881873963426,0.0357471362386775,0.0357471362387314
2119.94181298837,992,other,common,True,True,valid,valid,4.82721253893127,-50.4961025126036,712.932126224566,4.83022850050563,50.4992301585511,0.0408301194978549,4.82697181259815,-50.4935843426459,712.896573297255,4.82839713398808,50.4964210886799,0.0763148344128695,-0.000240726333119667,0.00251816995764642,-0.0355529273106185,-0.00183136651754978,-0.00280906987126883,0.0354847149150146,0.0356428081028582,0.0356428081029418
2119.91345835477,993,other,common,True,True,valid,valid,4.82441568806681,-50.3986758644963,712.926963787053,4.82723902037575,50.4017645214789,0.045065387600971,4.82417580236307,-50.3961698777388,712.891514730115,4.82541313974823,50.3989684845307,0.0804464770397999,-0.000239885703733123,0.00250598675749814,-0.035449056937864,-0.00182588062752131,-0.00279603694826136,0.0353810894388289,0.0355383335648077,0.0355383335647637
2119.92082735151,994,other,common,True,True,valid,valid,4.82516255519642,-50.302053136084,712.933167196259,4.82829829061933,50.3051958013708,0.0381118284149125,4.82492333835189,-50.2995593136922,712.897822144012,4.82647773030461,50.302412779611,0.0733891503541599,-0.000239216844525991,0.00249382239183404,-0.0353450522471803,-0.00182056031472655,-0.00278302175976819,0.0352773219392475,0.035433728186244,0.0354337281862947
2119.96636253223,995,other,common,True,True,valid,valid,4.82969556816423,-50.2062844833067,712.951514291071,4.83368330360779,50.2095805187382,0.019203673782954,4.82945683818359,-50.2038028061173,712.916273373956,4.8318678876403,50.206810494072,0.0543770896109663,-0.000238729980647889,0.00248167718937253,-0.0352409171152885,-0.00181541596749213,-0.00277002466623344,0.0351734158280124,0.0353289959212337,0.0353289959211529
2120.02189003304,996,other,common,True,True,valid,valid,4.83522013332933,-50.1107346169193,712.973040894559,4.84020114975042,50.1142100379747,-0.00283450956430897,4.83498184471161,-50.1082650669598,712.937904260507,4.83839083930473,50.1114529936407,0.0322348501904344,-0.000238288617718574,0.00246954995956372,-0.0351366340520372,-0.00181031044569124,-0.00275704433398971,0.0350693597547433,0.0352241183136625,0.0352241183136921
2120.04580523074,997,other,common,True,True,valid,valid,4.83760871432724,-50.0144730444915,712.984506872211,4.84313597505373,50.0180455334418,-0.0149687238923661,4.83737102057854,-50.0120156056432,712.949474696149,4.84133093131984,50.0153014547538,0.0199964117853142,-0.000237693748696977,0.00245743884821792,-0.0350321760624865,-0.00180504373388857,-0.00274407868798932,0.0349651356776803,0.0351190669534934,0.0351190669535186
2120.01511883736,998,other,common,True,True,valid,valid,4.83458031204137,-49.9169913569213,712.978595095993,4.83988164589024,49.9205187257596,-0.00999571122338239,4.83434347471511,-49.9145460139949,712.943667566973,4.83808213862927,49.9177875990759,0.0248650231064858,-0.00023683732626445,0.00244534292639997,-0.0349275290195692,-0.00179950726096934,-0.00273112668370601,0.0348607343298681,0.0350138269453605,0.0350138269453994
2119.94834403321,999,other,common,True,True,valid,valid,4.82797184167803,-49.8187085610771,712.961197717018,4.83253688987999,49.8220968322924,0.0062841561031064,4.82773603213709,-49.8162752977564,712.926375009212,4.83074309808708,49.8193786427229,0.0410403226339895,-0.000235809540933829,0.00243326332069671,-0.0348227078058017,-0.00179379179291317,-0.0027181895694568,0.0347561665308831,0.0349084138203913,0.0349084138203715
2119.86670908332,1000,other,common,True,True,valid,valid,4.81988963570575,-49.7201007626073,712.939071266116,4.82350826149741,49.7233112418199,0.0272195516446345,4.81965492332947,-49.7176795613183,712.904353536831,4.82172026153182,49.7206059730787,0.0618709961954664,-0.000234712376276036,0.00242120128897483,-0.0347177292851484,-0.0017879999655861,-0.00270526874113131,0.0346514445508319,0.0348028451753324,0.034802845175331
2119.77552615106,1001,other,common,True,True,valid,valid,4.81086090020083,-49.621287653815,712.913906844999,4.81339810960932,49.6242954835212,0.0511457101648602,4.81062732865928,-49.6188784965162,712.879294245783,4.81161595188919,49.6216031188078,0.0856922831516158,-0.000233571541558675,0.0024091572988425,-0.0346125992156203,-0.00178215772012891,-0.00269236471343248,0.0345465729867556,0.0346971269562301,0.0346971269562594
2119.68532434106,1002,other,common,True,True,valid,valid,4.8019301358021,-49.5225033366489,712.889055021995,4.80339981591945,49.5253110743553,0.0747642165255229,4.80169769882962,-49.520106204575,712.854547694946,4.80162350055442,49.5226315960681,0.109205775563737,-0.000232436972475547,0.00239713207385961,-0.034507327048459,-0.00177631536502787,-0.00267947828725568,0.0344415590382141,0.0345912689728928,0.0345912689728304
2119.62841013074,1003,other,common,True,True,valid,valid,4.79630131698469,-49.4244605959099,712.874793844856,4.79717405758391,49.4271548963136,0.0879569581536543,4.79606985690202,-49.4220754685003,712.840391907235,4.79540343231045,49.4244882848522,0.12229337887652,-0.000231460082672719,0.00238512740953922,-0.0344019376209417,-0.0017706252734655,-0.00266661146132208,0.034336420722866,0.0344852971366751,0.03448529713664
2119.63985648751,1004,other,common,True,True,valid,valid,4.79745239843762,-49.3279274782549,712.882280531955,4.79869455989228,49.3306862869971,0.0797402820803654,4.79722159508003,-49.3255543330229,712.847984074117,4.79692930892041,49.3280325206151,0.113971459707841,-0.000230803357593956,0.00237314523201348,-0.0342964578387637,-0.00176525097187152,-0.00265376638192549,0.0342311776274755,0.0343792395024701,0.0343792395024572
2119.70056831837,1005,other,common,True,True,valid,valid,4.80348974397592,-49.2324754219376,712.9054407857,4.80579777942166,49.2354269836989,0.0560939005960108,4.80325936906923,-49.2301142371458,712.871249909243,4.80403767926302,49.2327860414912,0.090219723235009,-0.000230374906686315,0.00236118479184455,-0.0341908764567052,-0.00176010015864136,-0.00264094220760569,0.0341258226389982,0.0342730841783541,0.0342730841784151
2119.77396389842,1006,other,common,True,True,valid,valid,4.81078558843662,-49.1372955718648,712.932637143338,4.81433884371441,49.1404729111705,0.028474172029064,4.8105555857196,-49.1349463273847,712.89855197355,4.81258384378099,49.1378447740348,0.0624945118388496,-0.000230002717019673,0.00234924448009366,-0.0340851697878861,-0.00175499993341788,-0.00262813713560917,0.0340203398097856,0.0341668062649425,0.0341668062648991
2119.80983555317,1007,other,common,True,True,valid,valid,4.81435976381165,-49.0412868329351,712.947893450392,4.81862768543474,49.0445922537594,0.0126087077584316,4.81413031002235,-49.0389495109133,712.913914146028,4.8168779694018,49.0419769051423,0.0465234139160202,-0.000229453789309275,0.00233732202171666,-0.0339793043640384,-0.00174971603293983,-0.00261534861706991,0.0339147061575886,0.0340603706430008,0.0340603706430261
2119.78900705278,1008,other,common,True,True,valid,valid,4.81230969454516,-48.9440348760672,712.945106084196,4.81649051257256,48.9473207409351,0.0145062308706656,4.81208105329741,-48.9417094593932,712.911232815645,4.81474635142463,48.9447181651211,0.0483151448269155,-0.000228641247754346,0.00232541667401875,-0.0338732685513605,-0.00174416114793274,-0.0026025758140662,0.0338089139562499,0.0339537650619275,0.0339537650619048
2119.72684720159,1009,other,common,True,True,valid,valid,4.80616000541423,-48.8458823079594,712.929165724602,4.80966926482251,48.8490409958718,0.0293521951697358,4.80593236713817,-48.8435687785662,712.895398649421,4.80793085585966,48.8464511760839,0.0630551679092832,-0.00022763827605754,0.00231352939322704,-0.0337670751813448,-0.00173840896285071,-0.00258981978784334,0.0337029727395475,0.0338470028767784,0.0338470028767438
2119.64060947299,1010,other,common,True,True,valid,valid,4.79762252184126,-48.7472101606115,712.905563695719,4.80011977323535,48.7501789817536,0.0517407286254183,4.79739599602177,-48.7449084993868,712.871902957239,4.79838723225699,48.7476019000534,0.0853376217115738,-0.000226525819488899,0.00230166122473463,-0.0336607384801937,-0.00173254097835951,-0.00257708170016713,0.0335968930861554,0.0337400988939323,0.0337400988939509
2119.56350755692,1011,other,common,True,True,valid,valid,4.78999166349546,-48.6487431093171,712.88486851244,4.79160607012851,48.6515458480054,0.0712676993870218,4.78976620669569,-48.6464532953247,712.851314228351,4.78987935901834,48.6489814844208,0.104758393135626,-0.000225456799771706,0.0022898139923555,-0.0335542840889502,-0.00172671111016598,-0.00256436358467482,0.0334906937486039,0.0336330798412832,0.0336330798413579
2119.5330915153,1012,other,common,True,True,valid,valid,4.78699111835364,-48.5512939236435,712.879026105947,4.78838266413879,48.5540521088904,0.0761729272512639,4.78676651637703,-48.5490159339184,712.845578365104,4.78666157290174,48.551500441184,0.109557323121635,-0.000224601976608341,0.00227798972518656,-0.0334477408433713,-0.00172109123705155,-0.00255166770637771,0.033384395870371,0.0335259757615089,0.0335259757614849
2119.54892167449,1013,other,common,True,True,valid,valid,4.78857697059825,-48.4548469724927,712.887895868354,4.79039939380874,48.4576809830233,0.0665947802834808,4.78835301326171,-48.4525807839075,712.85455475775,4.78868371637595,48.4551419887807,0.0998727817719782,-0.00022395733654168,0.00226618858528127,-0.0333411106038284,-0.00171567743279866,-0.00253899424257753,0.0332780014884975,0.0334187884862598,0.0334187884862048
2119.5734564662,1014,other,common,True,True,valid,valid,4.79102616559802,-48.3585856903145,712.899534081586,4.79340248369008,48.3615181783988,0.0542912251917187,4.79080281472932,-48.3563312813947,712.866299712846,4.79169218693322,48.3589918370599,0.0874627189047033,-0.000223350868694183,0.00225440891980355,-0.0332343687396133,-0.00171029675686185,-0.00252634133889273,0.0331714937129846,0.0333114921717539,0.0333114921717371
2119.5749014318,1015,other,common,True,True,valid,valid,4.79118543664882,-48.2618238043616,712.903824712315,4.7937891576696,48.2647946502044,0.0492210152020789,4.79096279796428,-48.2595811549991,712.870697217704,4.79208435312815,48.2622809427443,0.0822858735817817,-0.000222638684537202,0.00224264936250762,-0.0331274946115627,-0.00170480454144695,-0.00251370746018154,0.0330648583797029,0.0332040651635628,0.0332040651636169
2119.56699585915,1016,other,common,True,True,valid,valid,4.79041735737507,-48.1648597754114,712.905138969938,4.79311622483223,48.1678446255467,0.0470809195504671,4.79019547374991,-48.1626288646378,712.872118469879,4.79141696073787,48.1653435319832,0.080039024044936,-0.000221883625159514,0.00223091077353388,-0.0330205000585693,-0.00169926409435561,-0.00250109356348105,0.0329581044944689,0.0330965197466525,0.0330965197467042
2119.56626784801,1017,other,common,True,True,valid,valid,4.79036113857505,-48.0680495563626,712.908735660362,4.79325657312539,48.071067086295,0.0426938871165703,4.79013997833473,-48.0658303622175,712.875822261404,4.79156282261381,48.0685785855405,0.0755451296910223,-0.000221160240323925,0.00221919414513394,-0.0329133989581578,-0.00169375051157772,-0.00248850075457341,0.032851242574452,0.0329888703274993,0.0329888703275282
2119.57938250899,1018,other,common,True,True,valid,valid,4.79167782718163,-47.971534985564,712.916735581882,4.79496548865433,47.9746212237999,0.0339720750954484,4.7914573291564,-47.9693274855791,712.883929383716,4.79327719508886,47.9721452942027,0.0667163532388031,-0.000220498025225169,0.00220749998493375,-0.032806198165872,-0.00168829356547207,-0.0024759295971819,0.0327442781433547,0.0328811239719855,0.0328811239720115
2119.59904384613,1019,other,common,True,True,valid,valid,4.79364386153845,-47.8751583134265,712.926817477425,4.79741626401281,47.8783302953409,0.0232006481809321,4.79342399766008,-47.8729624853074,712.894118582886,4.79573340396577,47.8758669154491,0.055837857725237,-0.000219863878366588,0.00219582811912034,-0.0326988945381572,-0.00168286004704754,-0.00246337989177192,0.0326372095443048,0.0327732773044024,0.0327732773043527
2119.59895995259,1020,other,common,True,True,valid,valid,4.79365157450469,-47.7783577764044,712.930615418559,4.79762948696827,47.7815640849356,0.0186155152638321,4.79343243374375,-47.7761735989529,712.89802394729,4.79595215468543,47.7791132345308,0.0511455405019206,-0.000219140760944647,0.00218417745158916,-0.0325914712689155,-0.00167733228283851,-0.00245085040472759,0.0325300252380885,0.0326653126922992,0.0326653126922746
2119.57972738147,1021,other,common,True,True,valid,valid,4.79176010524144,-47.6811486296813,712.928319029837,4.79567272180605,47.6843393992455,0.0200300209538682,4.79154177304792,-47.6789760814858,712.895835099027,4.79400100790653,47.6819010578763,0.0524527484676582,-0.000218332193515636,0.00217254819544621,-0.0324839308092351,-0.00167171389951903,-0.00243834136919219,0.0324227275137901,0.0325572326131604,0.0325572326131696
2119.53791829944,1022,other,common,True,True,valid,valid,4.78762956062012,-47.5834605401034,712.918837736476,4.79115761394532,47.5865769816229,0.0285178162877173,4.78741213671136,-47.5812995997357,712.886461463758,4.78949162332098,47.5841511288243,0.0608331328572831,-0.000217423908758008,0.00216094036763792,-0.0323762727181247,-0.00166599062433903,-0.00242585279851681,0.0323153165695658,0.0324490365272526,0.0324490365273256
2119.48940426111,1023,other,common,True,True,valid,valid,4.78283418698449,-47.4856330004316,712.907222022077,4.78588283088705,47.4886576493287,0.0391069132408575,4.78261770028025,-47.4834836455126,712.874953511632,4.78422259710139,47.4862442635751,0.0713147159037817,-0.000216486704231578,0.00214935491901969,-0.032268510444851,-0.00166023378565683,-0.00241338575360572,0.0322078026629242,0.0323407383865997,0.0323407383866326
2119.36473238468,1024,other,common,True,True,valid,valid,4.77048669285436,-47.3861974089345,712.871375339188,4.77197920191792,47.3889319998055,0.0735505784127781,4.77027147633635,-47.3840596202634,712.839214743201,4.77032506443948,47.3865310631423,0.105650729893796,-0.00021521651800871,0.00213778867118464,-0.0321605959866247,-0.00165413747843957,-0.00240093666327112,0.0321001514810177,0.0322322880473473,0.0322322880472812
2119.2948012054,1025,other,common,True,True,valid,valid,4.76356827468488,-47.2879276448188,712.852945068363,4.7642785586951,47.2905146838884,0.0908484960228861,4.76335408623003,-47.2858013966847,712.820892442676,4.76263027815325,47.2881261710627,0.122840929487097,-0.000214188454852327,0.00212624813404005,-0.0320526256865605,-0.00164828054185051,-0.00238851282572483,0.031992433464211,0.0321237859105128,0.0321237859105253
2119.27268671989,1026,other,common,True,True,valid,valid,4.76139143558155,-47.1906705289773,712.84972583975,4.76199540932732,47.1932344776693,0.0931717157855019,4.76117806560514,-47.1885557958381,712.81778124304,4.76035277898398,47.1908583636198,0.125056363024896,-0.000213369976416189,0.00211473313926547,-0.0319445967105594,-0.00164263034334766,-0.00237611404945426,0.0318846472393943,0.0320152289074657,0.0320152289075296
2119.28808572888,1027,other,common,True,True,valid,valid,4.76293431665488,-47.0942031758751,712.858439436847,4.76396222643749,47.0968416723934,0.0837474814716188,4.76272160236561,-47.092099932519,712.826602933084,4.76232508653804,47.094477932433,0.115524271085633,-0.000212714289269833,0.00210324335614587,-0.031836503762861,-0.0016371398994437,-0.0023637399604155,0.031776789614014,0.0319066114124752,0.0319066114124349
2119.33210888505,1028,other,common,True,True,valid,valid,4.76731563538337,-46.998334228138,712.876258567491,4.76917209563181,47.0011217770179,0.0653591318118742,4.76710345406625,-46.9962424496149,712.844530224948,4.76754032665022,46.998770386756,0.0970279899006528,-0.000212181317124305,0.00209177852315179,-0.0317283425429196,-0.00163176898159634,-0.00235139026189302,0.0316688580887785,0.0317979288448492,0.0317979288448197
2119.39237302542,1029,other,common,True,True,valid,valid,4.77330774923726,-46.9028007194082,712.899244608375,4.7762223586882,46.9057795981837,0.041884091445695,4.77309603278631,-46.9007203811963,712.867624502176,4.77459589595924,46.9034405337142,0.0734449397141361,-0.000211716450952082,0.00208033821193965,-0.0316201061998527,-0.00162646272895728,-0.00233906446948851,0.0315608482684411,0.0316891739719044,0.0316891739719525
2119.44716230035,1030,other,common,True,True,valid,valid,4.77875729221537,-46.8071467319934,712.920488756034,4.78265264969664,46.8103026881099,0.0201238608156018,4.77854606648112,-46.805077810445,712.888976974939,4.78103152302771,46.8079759265124,0.0515766115579481,-0.000211225734249254,0.00206892154842819,-0.0315117810951051,-0.00162112666892966,-0.00232676159751577,0.0314527507423463,0.031580332494611,0.0315803324945852
2119.46685469151,1031,other,common,True,True,valid,valid,4.7807263654067,-46.7107551084507,712.930564957203,4.78510621136804,46.7139967621407,0.00935813618696102,4.78051578274938,-46.7086975811663,712.89916160939,4.78349057781814,46.7116822819018,0.0407026879775003,-0.000210582657322433,0.00205752728444253,-0.0314033478136935,-0.00161563354990335,-0.00231448023894387,0.0313445517905393,0.0314713841050818,0.0314713841051492
2119.44665718079,1032,other,common,True,True,valid,valid,4.77873939215737,-46.6135305886657,712.927947170628,4.78303965374711,46.616754073411,0.0110893048349681,4.77852962381055,-46.6114844332995,712.896652365742,4.78142968929546,46.614451853083,0.0423255556248705,-0.000209768346817185,0.00204615536619457,-0.0312948048858743,-0.00160996445165296,-0.00230222032794103,0.0312362507899024,0.031362327199793,0.0313623271997416
2119.41291931272,1033,other,common,True,True,valid,valid,4.77540962266192,-46.5160256574645,712.921019690937,4.77943879222766,46.5191957098134,0.0170632848138439,4.7752007260961,-46.5139908502368,712.889833517503,4.77783455825928,46.516905726342,0.0481911485501314,-0.000208896565817795,0.00203480722768035,-0.0311861734344347,-0.00160423396837928,-0.00228998347136411,0.0311278637362875,0.0312531837052111,0.0312531837051732
2119.38493388891,1034,other,common,True,True,valid,valid,4.77265039941742,-46.4186419627108,712.915921368505,4.77648975685374,46.4217735494083,0.0212365402321666,4.77244234978235,-46.4166184787527,712.884843898994,4.77489123179715,46.4194957785186,0.0522559432027947,-0.000208049635073593,0.00202348395812635,-0.0310774695118425,-0.0015985250565862,-0.00227777088976922,0.0310194029706281,0.0311439702549137,0.0311439702548828
2119.35355094075,1035,other,common,True,True,valid,valid,4.76955430777016,-46.3211895026282,712.909740793426,4.77315576062211,46.3242737682406,0.0264752814264284,4.76934711907097,-46.3191773173424,712.878772104885,4.77156296192707,46.3220081859665,0.0573861470894599,-0.000207188699195449,0.00201218528586367,-0.0309686885414067,-0.00159279869504303,-0.00226558227404183,0.0309108656630315,0.0310346819986346,0.0310346819987149
2119.30578333139,1036,other,common,True,True,valid,valid,4.76483351536976,-46.223400680353,712.898345904054,4.767965356772,46.2263949593968,0.0368474380901489,4.76462725606166,-46.2213997695948,712.867486080915,4.76637835661416,46.2241415422856,0.0676496849686146,-0.00020625930809981,0.00200091075828368,-0.0308598231390533,-0.00158700015784063,-0.0022534171111559,0.0308022468784657,0.03092531116963,0.0309253111696517
2119.24559439719,1037,other,common,True,True,valid,valid,4.75888120498084,-46.1253592817005,712.88299814506,4.76136778147261,46.1282312302269,0.0511111623753777,4.75867592616675,-46.1233696209704,712.85224726683,4.75978663447237,46.1259899544308,0.081804713132442,-0.000205278814089382,0.00198966073011064,-0.0307508782296964,-0.00158114700023759,-0.00224127579612343,0.0306935507570643,0.0308158628162521,0.0308158628162044
2119.18285429478,1038,other,common,True,True,valid,valid,4.7526762133694,-46.0272697894833,712.866838102182,4.75448142775118,46.0300127609355,0.0661746218925146,4.7524719243692,-46.0252913536494,712.836196239136,4.75290614637466,46.0277836018984,0.0967594065389221,-0.000204289000202529,0.0019784358338768,-0.0306418630462986,-0.00157528137652463,-0.00222915903702159,0.0305847846464076,0.03070634646604,0.0307063464660758
2119.12890340388,1039,other,common,True,True,valid,valid,4.74734296252857,-45.9293650912376,712.853473567108,4.7485910355721,45.9320019593638,0.0784860132068843,4.74713962534753,-45.9273978544699,712.822940779199,4.7470215845564,45.9297848917474,0.10896196993906,-0.000203337181039487,0.00196723676766197,-0.0305327879096922,-0.00156945101569761,-0.0022170676163995,0.0304759567321753,0.0305967727717725,0.0305967727717775
2119.10423498601,1040,other,common,True,True,valid,valid,4.74491317413557,-45.8320633705822,712.849423593779,4.74601801216214,45.8346703505636,0.0816274264260528,4.7447106661907,-45.8301073059248,712.81899992395,4.74445427097983,45.8324653477643,0.111994506635256,-0.000202507944873531,0.0019560646574206,-0.0304236698287923,-0.00156374118231639,-0.00220500279936431,0.0303670802092029,0.0304871593341051,0.0304871593340973
2119.12162455916,1041,other,common,True,True,valid,valid,4.74665337545528,-45.7356216758815,712.858752162627,4.7482094762414,45.738308236089,0.0715979023449336,4.74645152267691,-45.7336767556239,712.82843764241,4.74665127241928,45.7361152706552,0.101856066511914,-0.000201852778372036,0.00194492025762116,-0.0303145202163932,-0.00155820382212113,-0.00219296543376402,0.0302581641669804,0.0303775179253137,0.030377517925283
2119.14975212514,1042,other,common,True,True,valid,valid,4.74945832404613,-45.6393963771692,712.871495881102,4.75161744632655,45.642190461774,0.0582062105136174,4.74925708314728,-45.6374625749283,712.841290562768,4.75006473897097,45.6400095077515,0.0883554042694641,-0.000201240898848987,0.00193380224084905,-0.0302053183346516,-0.00155270735557878,-0.0021809540225135,0.0301491937558467,0.0302678268910029,0.0302678268910731
2119.14763568342,1043,other,common,True,True,valid,valid,4.7492645665295,-45.5425527481711,712.874616566756,4.75159909400973,45.5453756178133,0.0542882581801223,4.74906406277234,-45.5406300393371,712.84452053041,4.75005201185288,45.5432066512486,0.0843284069075025,-0.000200503757164405,0.00192270883395196,-0.0300960363454124,-0.00154708215684707,-0.00216896656466758,0.0300401487273803,0.0301580572106556,0.030158057210666
2119.11133934557,1044,other,common,True,True,valid,valid,4.74568183376187,-45.4450148433782,712.866861807188,4.7477084953479,45.4477775108255,0.0610770648404468,4.74548220712911,-45.4431032033638,712.836875133784,4.74616718186559,45.4456205077948,0.0910080937377415,-0.000199626632759298,0.00191164001437016,-0.0299866734039824,-0.00154131348230635,-0.00215700303076005,0.0299310288972947,0.0300482079361508,0.0300482079361838
2119.0708534345,1045,other,common,True,True,valid,valid,4.7416838119132,-45.3473943461451,712.857773068714,4.74334332837146,45.3500858961638,0.0691791983775829,4.74148507873757,-45.3454937487956,712.827895815267,4.74180780244236,45.3479408309798,0.0990010510059847,-0.000198733175630572,0.00190059734948278,-0.0298772534472391,-0.00153552592909989,-0.00214506518402402,0.0298218526284018,0.0299383038716377,0.0299383038716752
2119.04154255614,1046,other,common,True,True,valid,valid,4.7387938485049,-45.2500022166444,712.852238321858,4.74024414709323,45.2526517293623,0.0737825031740158,4.73859596258769,-45.2481126349326,712.822470532095,4.73871436453265,45.2505185753566,0.103495133562092,-0.00019788591720804,0.00188958171183629,-0.0297677897633548,-0.00152978256058134,-0.00213315400574032,0.0297126303880759,0.0298283587425997,0.0298283587425335
2119.02142623998,1047,other,common,True,True,valid,valid,4.73681552157228,-45.1527970665219,712.849627364971,4.73818652580404,45.1554284655442,0.0755073947170786,4.73661844520475,-45.1509184733639,712.819969081993,4.73666245088077,45.1533071959866,0.10511075789816,-0.000197076367525639,0.00187859315798278,-0.0296582829778345,-0.00152407492327455,-0.00212126955757697,0.0296033631810815,0.0297183731139705,0.0297183731139285
2119.00182046124,1048,other,common,True,True,valid,valid,4.73488783919612,-45.0556030075719,712.847177536054,4.73618670836863,45.058217611285,0.0770736835314665,4.73469157003617,-45.0537353761404,712.817628807245,4.73466834087419,45.0561081997369,0.106567731847804,-0.00019626915994575,0.0018676314315087,-0.0295487288096865,-0.00151836749444101,-0.00210941154808353,0.0294940483163373,0.0296083424564007,0.029608342456372
2118.9706536606,1049,other,common,True,True,valid,valid,4.73181402101716,-44.9581776668866,712.841048636816,4.7328772670023,44.9607453715489,0.0822620214545395,4.73161860516203,-44.9563209707665,712.811609516327,4.73136465542193,44.9586477920393,0.111646702657822,-0.000195415855137604,0.00185669612017136,-0.0294391204890871,-0.00151261158036675,-0.00209757950962342,0.0293846812032825,0.0294982596607001,0.0294982596607121
2118.92179590464,1050,other,common,True,True,valid,valid,4.72698644810609,-44.8603997858865,712.829290873699,4.72756393884253,44.8628745336601,0.0929919842416211,4.72679195562262,-44.8585539987958,712.799961418116,4.72605715571597,44.8607887603711,0.122267244726686,-0.000194492483465147,0.00184578709065164,-0.0293294555824559,-0.00150678312655828,-0.0020857732889823,0.0292752604850648,0.0293881221256717,0.0293881221256464
2118.8709204793,1051,other,common,True,True,valid,valid,4.7219590370144,-44.7625849177631,712.81689037549,4.72202220941338,44.7649614493975,0.104354765997755,4.72176547475012,-44.7607500125418,712.787670627874,4.72052126351915,44.7628874555224,0.133520562833951,-0.000193562264274583,0.00183490522123719,-0.0292197476159117,-0.00150094589422878,-0.00207399387511487,0.029165796836196,0.0292779438188315,0.0292779438188831
2118.83578024805,1052,other,common,True,True,valid,valid,4.71849162653199,-44.665087330139,712.809494168641,4.71826285602092,44.6674065928162,0.110790884641347,4.71829893080142,-44.6632632786591,712.780384156987,4.71676768500113,44.665344350457,0.139847186781026,-0.000192695730574677,0.00182405147989328,-0.0291100116543248,-0.00149517101979768,-0.00206224235923713,0.0290563021396792,0.0291677402957584,0.0291677402957275
2118.81960090995,1053,other,common,True,True,valid,valid,4.71690384953363,-44.5679691411336,712.808128002047,4.71665109388413,44.5702804752351,0.1112904735337,4.71671194459378,-44.5661559149772,712.779127749912,4.71516162313691,44.5682299561675,0.140237253819919,-0.000191904939855547,0.00181322615647161,-0.0290002521350061,-0.00148947074722372,-0.00205051906753795,0.0289467802862191,0.0290575160757829,0.0290575160757387
2118.82991062105,1054,other,common,True,True,valid,valid,4.71794191237253,-44.471377348239,712.815186464345,4.71803953959664,44.4737496878223,0.103496038400294,4.71775069367623,-44.4695749185022,712.786295987695,4.71655566540511,44.4717108632744,0.132333275966516,-0.000191218696294904,0.00180242973671341,-0.028890476649849,-0.00148387419153551,-0.00203882454783866,0.028837237566222,0.0289472789498611,0.02894727894991
2118.86416947842,1055,other,common,True,True,valid,valid,4.72135413578018,-44.3752582193166,712.829862081527,4.72214063310352,44.3777538914381,0.0882025083416238,4.72116350991651,-44.3734665570772,712.801081396113,4.7206622628662,44.3757267326174,0.11693018303481,-0.000190625863673688,0.0017916622393841,-0.0287806854144037,-0.00147837023732222,-0.00202715882069526,0.0287276746931866,0.0288370290550675,0.0288370290550271
2118.91091439873,1056,other,common,True,True,valid,valid,4.72600434069968,-44.2793820785269,712.848509077126,4.72765618730532,44.2820335789425,0.0689991320507488,4.72581426010856,-44.2776011552536,712.819838205028,4.72618327450894,44.2800180574994,0.0976172194499441,-0.000190080591121244,0.00178092327327306,-0.0286708720976776,-0.0014729127963875,-0.00201552144310568,0.0286180873991952,0.0287267597403152,0.0287267597403772
2118.95643502846,1057,other,common,True,True,valid,valid,4.73053341558221,-44.1834768726015,712.866766226575,4.73303328909226,44.1862810115743,0.0501795367396198,4.73034388661677,-44.1817066602543,712.838205197864,4.73156584144018,44.1842770997158,0.0786880068606024,-0.000189528965439223,0.00177021234721053,-0.0285610287105555,-0.00146744765207529,-0.00200391185850179,0.0285084701209826,0.0286164626393294,0.0286164626393127
2118.98529639654,1058,other,common,True,True,valid,valid,4.73341102846202,-44.0872389241245,712.879722784056,4.73652338462896,44.0901523299071,0.0365783765398646,4.73322211725597,-44.0854793952295,712.851271638067,4.73506146995974,44.0881600004822,0.0649771928257223,-0.000188911206047138,0.00175952889499342,-0.0284511459892656,-0.00146191466922119,-0.00199232942488692,0.0283988162858577,0.028506128068866,0.0285061280688075
2118.99591910839,1059,other,common,True,True,valid,valid,4.73448043639751,-43.9906393414003,712.886875686934,4.73794737522757,43.9936145258782,0.0286909384609544,4.7342922144242,-43.988890468413,712.858534462107,4.73649106667405,43.9916337516579,0.0569800654863002,-0.000188221973312253,0.00174887298729232,-0.0283412248276136,-0.00145630855352152,-0.00198077422025733,0.0282891270253458,0.0283957568831376,0.0283957568832184
2119.00173813826,1060,other,common,True,True,valid,valid,4.73507360110735,-43.8939437790589,712.892499070722,4.73882715451885,43.8969682270408,0.022309326160098,4.73488608731632,-43.8922055336809,712.864267793584,4.73737647220967,43.8949989799448,0.0504887380411674,-0.000187513791034988,0.00173824537797884,-0.0282312771379338,-0.00145068230917644,-0.00196924709594981,0.0281794118810694,0.0282853613598044,0.0282853613597214
2119.00316448347,1061,other,common,True,True,valid,valid,4.73523125810515,-43.7971608944814,712.896723630123,4.73920926556017,43.8002231601618,0.0173048750679072,4.73504446964145,-43.7954332482584,712.868602324842,4.73776422771567,43.7982654119346,0.0453745481978558,-0.00018678846370257,0.00172764622298871,-0.0281213052810472,-0.00144503784450478,-0.00195774822720551,0.0280696731299486,0.0281749438706066,0.0281749438706687
2118.9841053877,1062,other,common,True,True,valid,valid,4.73335783846014,-43.6999772513073,712.894429146316,4.73727060785723,43.7030239927574,0.0187184945008312,4.73317185369346,-43.6982601763786,712.866417846812,4.73583129429739,43.7010777158168,0.0466783982757306,-0.000185984766680747,0.00171707492872031,-0.0280112995041009,-0.0014393135598354,-0.00194627694063598,0.0279599037748994,0.0280644942329756,0.0280644942330129
2118.92643545568,1063,other,common,True,True,valid,valid,4.72765640680331,-43.6020426540288,712.879849084902,4.73095799252918,43.6049733446337,0.0322274229607729,4.7274713720928,-43.600336123214,712.851947836345,4.72952455149874,43.60303851217,0.0600775185882867,-0.000185034710503018,0.00170653081476502,-0.0279012485571002,-0.00143344103044285,-0.00193483246377468,0.0278500956275138,0.0279540007210224,0.027954000721047
2118.84506486356,1064,other,common,True,True,valid,valid,4.719605621183,-43.5036518169452,712.857728298893,4.72196092711414,43.5064047546452,0.0531603402521341,4.71942162466388,-43.501955802247,712.829937133452,4.72053344811045,43.5044813389251,0.0809005993140772,-0.000183996519121266,0.00169601469823277,-0.0277911654412719,-0.00142747900368789,-0.0019234157201069,0.0277402590619431,0.0278434767433921,0.027843476743432
2118.76244884729,1065,other,common,True,True,valid,valid,4.7114318999081,-43.4052430573558,712.835211377071,4.7128233197882,43.4078150005627,0.0744833319290592,4.71124894392047,-43.4035575296265,712.807530308368,4.71140180576959,43.4059029725511,0.102113740684445,-0.000182955987630073,0.0016855277292791,-0.0276810687039415,-0.00142151401860247,-0.0019120280115601,0.0276304087553854,0.0277329414453625,0.0277329414453597
2118.68481126428,1066,other,common,True,True,valid,valid,4.70375219078705,-43.3069368754146,712.814278156653,4.7042500983543,43.3093407825559,0.0942472212044549,4.70357025421409,-43.3052618050961,712.786707191674,4.70283452854878,43.3074401127529,0.121767771486475,-0.000181936572960062,0.00167507031853376,-0.0275709649796454,-0.00141556980551627,-0.00190066980303527,0.0275205502820199,0.0276224016225499,0.0276224016225897
2118.62332066894,1067,other,common,True,True,valid,valid,4.69767339154192,-43.2089480499201,712.798480835253,4.69750601361357,43.2112259453229,0.108954808404405,4.69749241167721,-43.2072834068254,712.771019970718,4.69609632524185,43.2093366035156,0.136365500434067,-0.00018097986471588,0.0016646430947489,-0.0274608645343051,-0.00140968837171584,-0.00188934180731337,0.0274106920296617,0.0275118678267358,0.0275118678267248
2118.60075742006,1068,other,common,True,True,valid,valid,4.69545313504431,-43.1117128843467,712.795064566796,4.69517066032259,43.1139660759566,0.111473099301179,4.6952729649772,-43.1100586371462,712.767713780636,4.69376670564466,43.1120880306359,0.138773948292965,-0.00018017006711446,0.00165424720051988,-0.0273507861602411,-0.00140395467793297,-0.00187804532072988,0.0273008489917856,0.0274013594304507,0.0274013594304496
2118.61696124077,1069,other,common,True,True,valid,valid,4.69707535638877,-43.0152232203669,712.803978015988,4.69722569425126,43.0175525962473,0.101852589990358,4.69689585154032,-43.0135793376231,712.776737284184,4.69582732776937,43.0156858157801,0.12904361320625,-0.00017950484844409,0.0016438827438563,-0.0272407318035448,-0.00139836648189373,-0.00186678046723898,0.0271910232158916,0.0272908783599726,0.0272908783599522
2118.65567728877,1070,other,common,True,True,valid,valid,4.70092905674176,-42.9191626066653,712.820051411133,4.70183038296019,42.9216267532898,0.0851829757950782,4.70075013436694,-42.9175290575506,712.792920719544,4.70043752139039,42.9197712067338,0.112264183405614,-0.000178922374822754,0.00163354911471458,-0.0271306915889227,-0.00139286156979779,-0.00185554655597286,0.0270812076105358,0.0271804143091977,0.0271804143091849
2118.69331735373,1071,other,common,True,True,valid,valid,4.7046762803934,-42.8230771888096,712.835781926932,4.70631335916869,42.8256733007002,0.0688509153811765,4.70449794561342,-42.821453943427,712.808761276677,4.70492600768813,42.8238289581686,0.095822306253126,-0.000178334779985079,0.00162324538259639,-0.0270206502550536,-0.00138735148055957,-0.00184434253157661,0.0269713908719496,0.0270699514050506,0.027069951405052
2118.70896673203,1072,other,common,True,True,valid,valid,4.7062437757436,-42.7265681299102,712.844516076402,4.70830570134159,42.7292389592356,0.0594069110801456,4.70606611032704,-42.7249551591661,712.817605481897,4.70692394229296,42.7274057917537,0.0862684742356805,-0.000177665416559947,0.00161297074412659,-0.0269105945051251,-0.00138175904862692,-0.00183316748186257,0.0268615631555349,0.026959475815396,0.0269594758154496
2118.69022676349,1073,other,common,True,True,valid,valid,4.70440238173788,-42.6294022775223,712.842309100132,4.70640294859892,42.6320582982302,0.0607346930523818,4.70422551174039,-42.627799552742,712.815508582833,4.7050269088826,42.6302362773,0.0874864124675696,-0.000176869997482676,0.00160272478025547,-0.0268005172995345,-0.00137603971631961,-0.00182202093018446,0.0267517194151878,0.0268489801899421,0.0268489801899412
2118.65526473522,1074,other,common,True,True,valid,valid,4.70095301307833,-42.5319290877067,712.834940375385,4.70266284044584,42.5345280635686,0.067144365369245,4.70077699690793,-42.530336579282,712.808249941343,4.70129257869304,42.5327171596322,0.0937862373720009,-0.00017601617040075,0.00159250842477121,-0.0266904340425071,-0.00137026175279686,-0.00181090393636651,0.0266418720027559,0.0267384804009621,0.026738480400897
2118.61956459284,1075,other,common,True,True,valid,valid,4.69743056931969,-42.4344440320144,712.827335699846,4.69883917064733,42.4369840322795,0.0737863750490533,4.6972554085469,-42.4328617095297,712.800755341681,4.69747468810774,42.4351842148622,0.100318406833367,-0.000175160772792893,0.00158232248460877,-0.0265803581653472,-0.00136448253959287,-0.00179981741726465,0.0265320317843134,0.0266279902722636,0.026627990272271
2118.58849427104,1076,other,common,True,True,valid,valid,4.69436711731144,-42.3370486692739,712.82120262031,4.69553988690646,42.3395417352704,0.0789795981851285,4.69419279409389,-42.3354765019591,712.79473232464,4.69418116516772,42.3377529734934,0.105401802068627,-0.000174323217551731,0.00157216731483345,-0.0264702956702649,-0.00135872173873963,-0.00178876177702847,0.0264222038834987,0.0265175159379844,0.0265175159379504
2118.56526136398,1077,other,common,True,True,valid,valid,4.6920805520379,-42.239802882137,712.817561383121,4.69312822274916,42.2422694034315,0.0817195688972561,4.69190703720376,-42.2382408389645,712.791201132149,4.69177523188326,42.2404916661227,0.108031961098732,-0.000173514834136412,0.0015620431724912,-0.026360250972175,-0.00135299086590379,-0.00177773730885633,0.0263123922014756,0.0264070618885639,0.0264070618885705
2118.54771569371,1078,other,common,True,True,valid,valid,4.69035771906802,-42.1426651927897,712.815727952334,4.69136062650061,42.1451199618203,0.0826797312618055,4.69018499147725,-42.1411132427118,712.789477727782,4.69001334458168,42.1433532177833,0.108882328840309,-0.000172727590777022,0.00155195007793907,-0.0262502245525411,-0.00134728191892464,-0.00176674403703458,0.0262025975785036,0.0262966285467142,0.0262966285466876
2118.5236993134,1079,other,common,True,True,valid,valid,4.68799356738166,-42.0454066414755,712.811834947014,4.68886018605096,42.047832805626,0.0856676309473414,4.68782164945293,-42.0438647538602,712.785694737462,4.68751863497517,42.0460770241365,0.111760446064068,-0.000171917928721399,0.00154188761528218,-0.0261402095525227,-0.00134155107579659,-0.00175578148954969,0.0260928151167263,0.0261862087489231,0.0261862087489518
2118.56693297625,1080,other,common,True,True,valid,valid,4.69229498343993,-41.949408719897,712.829332705973,4.69397589125773,41.9519813104504,0.0675956878050101,4.69212363573764,-41.9478768607914,712.80330244387,4.69263982881755,41.9502364570036,0.0935787769426497,-0.000171347702291769,0.0015318591056257,-0.0260302621034043,-0.00133606244017415,-0.00174485344679454,0.0259830891376396,0.0260758604369347,0.0260758604369896
2118.51121622324,1081,other,common,True,True,valid,valid,4.68678880317961,-41.8515572504737,712.815353109302,4.6878851855441,41.8540187019237,0.0805141957303022,4.68661837644157,-41.8500353930393,712.789432846932,4.68655496447639,41.85228475011,0.106387522143109,-0.000170426738033136,0.00152185743444733,-0.0259202623698229,-0.00133022106771108,-0.00173395181370495,0.0258733264128068,0.0259654596848251,0.0259654596848367
2118.45098099113,1082,other,common,True,True,valid,valid,4.68083503365529,-41.753625493537,712.79993550779,4.681282985348,41.7559640391687,0.0948485212880996,4.6806655419582,-41.7521136067063,712.774125226102,4.67995861887371,41.7542409577657,0.120612104384463,-0.00016949169708802,0.00151188683079084,-0.0258102816879955,-0.00132436647429302,-0.00172308140301425,0.0257635830963636,0.0258550801591907,0.0258550801592816
2118.41154685616,1083,other,common,True,True,valid,valid,4.67694303963141,-41.6560849030449,712.791133459781,4.67703654651887,41.6583546750004,0.102669662133394,4.67677440814343,-41.6545829545454,712.765433119102,4.67571795811675,41.656642431412,0.128323537930783,-0.000168631487982296,0.00150194849952356,-0.0257003406792364,-0.00131858840212118,-0.00171224358833655,0.0256538757973885,0.0257447430925767,0.0257447430926752
2118.40555214882,1084,other,common,True,True,valid,valid,4.67636516165559,-41.5591672314388,712.792966386009,4.67657682949398,41.5614552511966,0.100020330553889,4.67619727238402,-41.5576751883514,712.767375935356,4.6752638990191,41.5597538120876,0.125564544429835,-0.000167889271568633,0.00149204308737438,-0.0255904506532261,-0.00131293047487446,-0.00170143910894893,0.0255442138759463,0.0256344600882735,0.0256344600881977
2118.4422378242,1085,other,common,True,True,valid,valid,4.68001725932907,-41.4630392009027,712.808373866016,4.68095032751957,41.4654565434555,0.0840063635449724,4.67984996367471,-41.4615570298144,712.782893245597,4.67964290385695,41.4637658749245,0.109440968302692,-0.000167295654359023,0.00148217108836945,-0.0254806204188753,-0.00130742366261671,-0.00169066853096211,0.0254346047577201,0.025524240163068,0.0255242401629626
2118.4920707345,1086,other,common,True,True,valid,valid,4.68497259937508,-41.3671499209044,712.827962867118,4.68681289188326,41.3697308020703,0.0638755127646391,4.6848058527667,-41.3656775895723,712.802592036735,4.68551092871839,41.3680508715468,0.0892005463019814,-0.000166746608383228,0.00147233133203173,-0.0253708303831672,-0.0013019631648703,-0.00167993052355797,0.0253250335373423,0.0254140630028756,0.0254140630028764
2118.53454083204,1087,other,common,True,True,valid,valid,4.68919842094668,-41.271119796009,712.845209352506,4.69184183999259,41.2738450480986,0.0460509347956304,4.68903225000708,-41.2696572729637,712.819948284922,4.69054536271368,41.272175823891,0.071266425254862,-0.000166170939594146,0.00146252304529071,-0.0252610675833012,-0.00129647727890614,-0.0016692242076175,0.0252154904592317,0.0253039151493851,0.0253039151494313
2118.49198269844,1088,other,common,True,True,valid,valid,4.68499650457526,-41.1735220387637,712.835405903857,4.6872409750586,41.176170323091,0.0548580945234107,4.68483120183488,-41.1720692957324,712.810254626601,4.68595027714557,41.1745117771529,0.0799640272720126,-0.000165302740370521,0.00145274303130094,-0.0251512772557589,-0.00129069791302783,-0.00165854593817016,0.0251059327486018,0.0251937399944316,0.0251937399944715
2118.51433646679,1089,other,common,True,True,valid,valid,4.68722847905821,-41.0771174904207,712.846250651954,4.68999158910595,41.0798577629555,0.0433362849835248,4.68706382144013,-41.0756744926335,712.821209080754,4.68870644394527,41.0782098598283,0.0683327339328343,-0.000164657618075381,0.00144299778719414,-0.025041571199381,-0.00128514516068634,-0.00164790312717145,0.0249964489493095,0.0250836529014158,0.0250836529013622
2118.52757328749,1090,other,common,True,True,valid,valid,4.68855685743255,-40.9805432939295,712.854194052653,4.69170967393368,40.983351814168,0.0346709710910318,4.68839287632812,-40.9791100096688,712.829262155357,4.6904301114573,40.9817145218721,0.0595579695062725,-0.000163981104421396,0.001433284260699,-0.0249318972952324,-0.00127956247637684,-0.00163729229587517,0.0248869984152407,0.0249735999870782,0.0249735999870518
2118.53954365849,1091,other,common,True,True,valid,valid,4.68975974349676,-40.8839439237896,712.861733419911,4.69328431181726,40.8868173857483,0.0264034472664889,4.68959644331394,-40.8825203209011,712.836911156562,4.69201033465149,40.8851906718035,0.051181034998308,-0.000163300182823178,0.00142360288851506,-0.0248222633487103,-0.00127397716577349,-0.00162671394483738,0.024777587731819,0.0248635892398227,0.0248635892397946
2118.53294274211,1092,other,common,True,True,valid,valid,4.68912184273954,-40.7870044109953,712.863363401561,4.69275555381128,40.7898944604805,0.02395398388785,4.68895928610663,-40.7855904579513,712.838650742781,4.69148722321786,40.7882782931196,0.0486221928297255,-0.000162556632904653,0.00141395304402181,-0.0247126587796629,-0.00126833059342601,-0.00161616736087922,0.0246682089418755,0.0247536096727255,0.0247536096727855
2118.50489726663,1093,other,common,True,True,valid,valid,4.68635836512221,-40.6896749663855,712.858169841933,4.68979798441404,40.6925257689298,0.0282226308854661,4.68619662345835,-40.6882706316722,712.833566758364,4.68853537043758,40.6909201163999,0.0527814933046784,-0.000161741663863957,0.0014043347132997,-0.0246030835684223,-0.00126261397645777,-0.00160565252991063,0.0245588624192123,0.0246436612017691,0.0246436612017402
2118.46131587029,1094,other,common,True,True,valid,valid,4.68205507784397,-40.5920654765993,712.848032699991,4.68508091414891,40.5948365806492,0.0373585033472636,4.68189420186856,-40.5906707283491,712.823539155881,4.68382406586887,40.5932414107911,0.0618080569704489,-0.00016087597540615,0.00139474825022745,-0.0244935441104417,-0.00125684828003614,-0.00159516985817021,0.0244495536231852,0.0245337503625338,0.0245337503624793
2118.45930752158,1095,other,common,True,True,valid,valid,4.68187240922135,-40.4952104836629,712.851119715011,4.6850721362409,40.4980100975523,0.0334745903360272,4.68171225913163,-40.4938252875223,712.826735630867,4.68382091044824,40.4964253753629,0.0578149080322419,-0.00016015008971948,0.0013851961406246,-0.0243840841442307,-0.00125122579265735,-0.00158472218932815,0.0243403176962147,0.0244239222065613,0.0244239222066036
2118.37346404791,1096,other,common,True,True,valid,valid,4.67338063251045,-40.3968426909981,712.827536177107,4.67556902203782,40.3994525792632,0.0558491869730915,4.67322148530256,-40.3954670177483,712.803261562858,4.67432369590613,40.3978782756062,0.0800802709869686,-0.000159147207895671,0.00137567324975407,-0.024274614249066,-0.00124532613168782,-0.00157430365698019,0.0242310840138771,0.0243140844299107,0.0243140844299393
2118.29368421435,1097,other,common,True,True,valid,valid,4.66549035890472,-40.2985905955,712.805881621617,4.66675313127115,40.3010265420941,0.0763246781272073,4.66533219169496,-40.2972244120678,712.781716419522,4.66551367936663,40.2994626234247,0.100446584844235,-0.000158167209753479,0.00136618343221784,-0.0241652020943093,-0.00123945190452446,-0.00156391866944716,0.0241219067170277,0.0242043067716371,0.0242043067715905
2118.25622653961,1098,other,common,True,True,valid,valid,4.6617946101746,-40.2011041204922,712.797688549992,4.66272998667882,40.2034762757875,0.0835467029033907,4.66163728144647,-40.1997473922127,712.773632673847,4.66149626377993,40.2019227067364,0.107559511819659,-0.000157328728130679,0.00135672827947531,-0.0240558761446437,-0.00123372289889545,-0.00155356905109016,0.0240128089162681,0.0240946185078631,0.0240946185078114
2118.27296897769,1099,other,common,True,True,valid,valid,4.66347014058275,-40.1045903807516,712.806734233435,4.66484420553055,40.1070398033999,0.0737962864046722,4.66331347192608,-40.1032430723928,712.782787586378,4.66361602908217,40.1054965479435,0.0977000860056023,-0.000156668656670078,0.00134730835876695,-0.0239466470570733,-0.00122817644838591,-0.00154325545635459,0.0239037996009301,0.0239850305431872,0.0239850305430985
2118.32638141513,1100,other,common,True,True,valid,valid,4.66877990319461,-40.0087292780368,712.827443516303,4.67111098485464,40.0113514073424,0.0525624142554761,4.66862377556378,-40.0073913550153,712.803606012231,4.66988823208815,40.0098184301938,0.0763572849413094,-0.000156127630838832,0.0013379230215449,-0.0238375040718211,-0.00122275276648764,-0.00153297714866341,0.0237948706858333,0.0238755317055511,0.0238755317055308
2118.38653877378,1101,other,common,True,True,valid,valid,4.67475848341856,-39.9129828893642,712.850298386327,4.67814193297713,39.9157952821229,0.0292160622776692,4.67460287617853,-39.9116543182453,712.826569958883,4.67692458031946,39.9142725493053,0.0529020691393498,-0.000155607240035494,0.00132857111891838,-0.0237284274436433,-0.00121735265766887,-0.00152273281754134,0.0236860068616807,0.023766101568819,0.0237661015687961
2118.38315972686,1102,other,common,True,True,valid,valid,4.67444001731666,-39.8161009499645,712.852940233458,4.67797757223548,39.8189382099719,0.0257705552518246,4.67428513639598,-39.8147817000971,712.829320865303,4.67676582464358,39.8174256906935,0.049347724580457,-0.000154880920671729,0.00131924986732912,-0.0236193681548684,-0.00121174759190268,-0.00151251927835006,0.0235771693286324,0.0236566895475096,0.0236566895474592
2118.33092191815,1103,other,common,True,True,valid,valid,4.66927914134067,-39.7183519665377,712.840037768426,4.67228001316196,39.7210868998331,0.0376293465233175,4.66912514278597,-39.7170420065604,712.816527429416,4.67107402518779,39.7195845624867,0.0610977151624184,-0.000153998554697665,0.00130995997725591,-0.0235103390102722,-0.00120598797416704,-0.00150233734633787,0.0234683686391008,0.0235473087862454,0.0235473087862874
2118.2714073658,1104,other,common,True,True,valid,valid,4.66339731622349,-39.6204779003551,712.824819711587,4.66575859825619,39.6230915590806,0.0517680271624386,4.66324422125004,-39.6191771971121,712.801418339272,4.66455838830987,39.6215993700005,0.0751276581752336,-0.000153094973452284,0.00130070324293996,-0.0234013723149928,-0.00120020994632597,-0.0014921890800963,0.023359631012795,0.0234379925168945,0.0234379925168508
2118.22634698451,1105,other,common,True,True,valid,valid,4.65894816142538,-39.5228631485114,712.814198720308,4.66087414539227,39.5253931488358,0.0613806733920228,4.65879592191534,-39.5215716678783,712.790906234407,4.65967966182231,39.5239110732416,0.0846316445429238,-0.000152239510039287,0.00129148063309259,-0.0232924859006971,-0.00119448356995377,-0.00148207559423241,0.023250971150901,0.0233287590438978,0.0233287590438484
2118.18403205276,1106,other,common,True,True,valid,valid,4.65477122125313,-39.4252997229116,712.804450019583,4.65630067024673,39.4277532024103,0.0701345409323721,4.65461982672215,-39.4240174311562,712.781266346259,4.65511189928577,39.4262812059666,0.093276925236637,-0.000151394530976567,0.00128229175537342,-0.0231836733233877,-0.00118877096095105,-0.00147199644369778,0.0231423843042649,0.0232196016592763,0.0232196016592478
2118.14926823974,1107,other,common,True,True,valid,valid,4.65134268164865,-39.3278716376427,712.797102108316,4.6525822856089,39.3302682411333,0.0765247227351438,4.65119210660627,-39.3265985007565,712.774027168195,4.65139919825069,39.328806289183,0.0995585980656415,-0.000150575042381362,0.00127313688625463,-0.0230749401206367,-0.00118308735820705,-0.00146195195026166,0.0230338753304977,0.0231105259988928,0.0231105259988373
2118.13120144606,1108,other,common,True,True,valid,valid,4.64956877518265,-39.23073808373,712.795063911854,4.6507544976346,39.2331212589059,0.077687185601917,4.64941896582884,-39.2294740672575,712.772097616894,4.64957703620378,39.2316693162742,0.100612637219342,-0.000149809353817254,0.00126401647255392,-0.0229662949602698,-0.00117746143082087,-0.00145194263168946,0.0229254516174251,0.0230015409198491,0.0230015409198968
2118.12838801742,1109,other,common,True,True,valid,valid,4.64930638861292,-39.1338716646535,712.79787614449,4.65065378313458,39.1362811010849,0.0740741074685047,4.6491572963741,-39.1326167341214,712.775018405658,4.64948189513268,39.134839132571,0.0968912218562537,-0.000149092238824089,0.00125493053213432,-0.0228577388324993,-0.00117188800189894,-0.00144196851392309,0.0228171143877489,0.0228926473713921,0.0228926473713234
2118.1357678771,1110,other,common,True,True,valid,valid,4.65005410545773,-39.0371822184526,712.803929390137,4.65170720344613,39.0396444364035,0.0672700487606335,4.64990569811521,-39.0359363395141,712.781180120021,4.65054085278568,39.0382124069463,0.0899789115170506,-0.000148407342525303,0.0012458789384695,-0.022749270116833,-0.0011663506604549,-0.00143202945719167,0.0227088627564171,0.0227838436159764,0.0227838436160187
2118.13825652003,1111,other,common,True,True,valid,valid,4.65031714943454,-38.9404061886456,712.808425596933,4.65220675568163,38.9429084473737,0.0619990064657259,4.65016944176358,-38.9391693274769,712.785784716967,4.65104595361786,38.9414863225074,0.0845996964596907,-0.000147707670962838,0.00123686116874211,-0.0226408799667297,-0.00116080206377234,-0.00142212486627358,0.0226006899939648,0.0226751204798269,0.0226751204797203
2118.12698216736,1112,other,common,True,True,valid,valid,4.64921636194667,-38.8433903585216,712.808542700681,4.65114786733578,38.8458968251268,0.0610395037161879,4.649069395743,-38.842162481569,712.78601013663,4.6499926523111,38.8444845706913,0.0835320967026973,-0.000146966203669052,0.00122787695263327,-0.0225325640512892,-0.00115521502467431,-0.00141225443545068,0.0224925929865094,0.0225664734418402,0.022566473441822
2118.10378107429,1113,other,common,True,True,valid,valid,4.6469337247715,-38.7461682797525,712.804864780823,4.64873847626327,38.7486479006309,0.0638164888067649,4.64678753559565,-38.744949353307,712.782440455044,4.64758888033861,38.7472454822829,0.0862010636651576,-0.000146189175841194,0.00121892644554578,-0.0224243257790704,-0.0011495959246659,-0.00140241834798616,0.0223845748583926,0.0224579059487002,0.0224579059487691
2118.06931617856,1114,other,common,True,True,valid,valid,4.64353498541533,-38.6487529470903,712.797602819444,4.64505370553248,38.6511763949935,0.0701222483494348,4.64338960627111,-38.6475429373355,712.775286651734,4.6439097581,38.6497837782614,0.0923988864010425,-0.000145379144223412,0.00121000975472896,-0.0223161677101871,-0.0011439474324817,-0.00139261673207614,0.0222766380516077,0.0223494205735028,0.0223494205735423
2118.0295112785,1115,other,common,True,True,valid,valid,4.63960720301166,-38.5512477869887,712.788641206288,4.64076435705129,38.5536011540621,0.0781014762692394,4.63946264845918,-38.5500466597967,712.766433110099,4.63962606879402,38.5522183041107,0.100270264344886,-0.000144554552480969,0.00120112719193344,-0.0222080961889333,-0.00113828825726614,-0.00138284995140481,0.0221687880756463,0.0222410237823432,0.0222410237823632
2117.99716667645,1116,other,common,True,True,valid,valid,4.63641873649274,-38.4538732394314,712.78205135328,4.63731972551428,38.4561759330595,0.0837455722623872,4.63627498228093,-38.4526809600984,712.759951230791,4.6361870678385,38.4548028143855,0.105806606711553,-0.000143754211807234,0.00119227933296173,-0.0221001224881547,-0.00113265767577531,-0.00137311867401024,0.0220610344491661,0.0221327271088012,0.0221327271087569
2117.96893271618,1117,other,common,True,True,valid,valid,4.63363763806706,-38.3565709708874,712.776767741242,4.63434051112194,38.3588336796272,0.0881036115865754,4.63349467030411,-38.3553875047697,712.754775494992,4.63321346579884,38.3574702567904,0.110056988864812,-0.000142967762949198,0.00118346611764508,-0.0219922462491695,-0.00112704532310204,-0.00136342283678914,0.021953377278237,0.0220245301179609,0.0220245301178667
2117.92379102856,1118,other,common,True,True,valid,valid,4.62918137605817,-38.2589814589748,712.766105371766,4.62944709630748,38.2611601698068,0.0977574812801549,4.62903924372587,-38.2578067721728,712.744220917321,4.62832570850174,38.2598064082176,0.119603287651103,-0.000142132332302758,0.00117468680195287,-0.0218844544451713,-0.001121387805739,-0.00135376158911527,0.0218458063709477,0.0219164193481815,0.0219164193482412
2117.87075655162,1119,other,common,True,True,valid,valid,4.62394328219498,-38.1612604995939,712.752931800746,4.62366024834035,38.1633346638981,0.109883869340251,4.62380200675656,-38.1600945577822,712.731155045112,4.62254453534271,38.1619905284713,0.131622198380569,-0.000141275438416244,0.00116594181167784,-0.0217767556340505,-0.00111571299763824,-0.00134413542681955,0.0217383290403177,0.0218084035409029,0.0218084035409255
2117.86232191324,1120,other,common,True,True,valid,valid,4.62312403548319,-38.0643010794421,712.753941602533,4.62292256634764,38.0663867560544,0.108045660702942,4.62298348297989,-38.0631438462028,712.732272413051,4.62181238840747,38.0650522092875,0.12967663863958,-0.000140552503299141,0.00115723323924755,-0.0216691894829637,-0.00111017794016988,-0.00133454676689837,0.0216309779366384,0.0217005234182217,0.0217005234182776
2117.90749826282,1121,other,common,True,True,valid,valid,4.62761641362655,-37.9682501460961,712.772000915152,4.62825420388986,37.9704868469437,0.089420862611064,4.6274764255592,-37.9671015846157,712.750439150747,4.62714939636419,37.9691618508698,0.110944622973193,-0.000139988067346941,0.00114856148034903,-0.0215617644050781,-0.00110480752567099,-0.00132499607390457,0.021523760362129,0.0215927875549507,0.0215927875548989
2117.97303809412,1122,other,common,True,True,valid,valid,4.63412673609328,-37.8725387254369,712.796536893989,4.63589161613413,37.8749794476639,0.0644192383094833,4.63398725354112,-37.8713988001265,712.775082435405,4.63479211483486,37.8736639657192,0.0858358973014219,-0.000139482552154568,0.00113992531038321,-0.0214544585841168,-0.00109950129927228,-0.0013154819447081,0.0214166589919387,0.0214851734513173,0.021485173451265
2118.02483434789,1123,other,common,True,True,valid,valid,4.63927564331081,-37.7765890088749,712.816701453028,4.64197334503882,37.7791979824148,0.04372159874913,4.63913670748718,-37.7754576853858,712.795354203344,4.64087918681114,37.7778919794585,0.0650312547555814,-0.000138935823624564,0.00113132348909772,-0.0213472496837994,-0.00109415822768,-0.00130600295630501,0.0213096560064514,0.0213776580818046,0.0213776580818004
2118.03042509407,1124,other,common,True,True,valid,valid,4.63984617548146,-37.6798566554353,712.822167632951,4.64282348951227,37.6825136070707,0.0374957132254394,4.63970792097922,-37.678733900579,712.800927516309,4.64173480542982,37.6812170492945,0.058698447781353,-0.000138254502235924,0.00112275485634683,-0.0212401166421614,-0.00108868408245399,-0.00129655777617899,0.0212027345559136,0.0212702197390497,0.0212702197390363
2117.98933403287,1125,other,common,True,True,valid,valid,4.63579100362614,-37.5823396429212,712.812783268501,4.63838795591545,37.5849230541001,0.0458914536449129,4.63565356437466,-37.5812254234438,712.791650207217,4.63730487630736,37.5836359076156,0.0669873500778522,-0.00013743925148102,0.00111421947741519,-0.0211330612838765,-0.00108307960809384,-0.00128714648456452,0.0210958964329393,0.0211628602466627,0.0211628602466561
2117.93241075426,1126,other,common,True,True,valid,valid,4.63016722641154,-37.4845603419959,712.798361940729,4.63215996719367,37.4870289962896,0.059246559641565,4.63003064585789,-37.4834546233999,712.777335832998,4.63108253091795,37.485751225767,0.0802357213148071,-0.000136580553650845,0.00110571859600839,-0.0210261077311316,-0.00107743627571466,-0.00127777052256306,0.0209891616732421,0.0210556043414181,0.0210556043414111
2117.88198232651,1127,other,common,True,True,valid,valid,4.62518720209053,-37.3868934887746,712.786005674706,4.62666750317041,37.3892642839915,0.0705684869795959,4.62505145930462,-37.3857962356567,712.765086400753,4.6255956839683,37.3879958530485,0.0914510323174227,-0.000135742785906778,0.00109725311794762,-0.0209192739533819,-0.00107181920211019,-0.00126843094301421,0.0208825453378267,0.0209484704273466,0.020948470427351
2117.8542971909,1128,other,common,True,True,valid,valid,4.62246070256144,-37.2896087136931,712.780882232825,4.62374999777612,37.2919408343543,0.074769109795966,4.62232573078305,-37.2885198899848,712.760069659292,4.62268372299674,37.2906817058322,0.0955451687340201,-0.00013497177839028,0.00108882370828667,-0.0208125735334761,-0.00106627477937593,-0.00125912852211485,0.0207760589380541,0.0208414723936443,0.0208414723937114
2117.84213595092,1129,other,common,True,True,valid,valid,4.6212723119937,-37.1925831764788,712.780695084864,4.62258997555886,37.1949170151828,0.0741095417137103,4.6211380658214,-37.1915027463304,712.759989081507,4.62152919402809,37.1936671521671,0.0947792420345195,-0.000134246172303065,0.00108043014832759,-0.0207060033571906,-0.00106078153076794,-0.00124986301571539,0.0206697003208092,0.0207346069740466,0.0207346069739971
2117.81672117114,1130,other,common,True,True,valid,valid,4.61877082637778,-37.0953382949319,712.776291216783,4.61992946113815,37.0976393471227,0.0776017374727189,4.6186373418905,-37.0942662235089,712.75569167172,4.61887420390226,37.0963987138642,0.0981651922729725,-0.000133484487271573,0.00107207142302457,-0.020599545062737,-0.0010552572358975,-0.00124063325851154,0.0205634548002536,0.0206278552456657,0.0206278552457135
2117.77170962095,1131,other,common,True,True,valid,valid,4.61432787830681,-36.997771031999,712.765653323263,4.61505043461338,36.999988285861,0.0872319346141239,4.61419520871708,-36.9967072846379,712.745160127006,4.61400074994209,36.9987568468014,0.107689255367745,-0.00013266958973368,0.00106374736111547,-0.0204931962566661,-0.00104968467129396,-0.00123143905965151,0.0204573207536214,0.0205212146931549,0.0205212146931738
2117.71820697188,1132,other,common,True,True,valid,valid,4.60904388260283,-36.9000668990765,712.752313949482,4.60921030121773,36.9021782488284,0.0995220359634459,4.60891204939341,-36.8990114406407,712.731926982584,4.60816620523716,36.9009559678546,0.119873342668598,-0.0001318332094149,0.00105545843581467,-0.0203869668979451,-0.00104409598056776,-0.0012222809738347,0.0203513067051517,0.0204146954864074,0.0204146954864086
2117.66932275891,1133,other,common,True,True,valid,valid,4.60421762156977,-36.8024423846028,712.740442547419,4.60389313948334,36.8044598422469,0.110366832642285,4.6040866095972,-36.8013951794165,712.720161679096,4.60285461122274,36.8032466826139,0.130612254977223,-0.000131011972574591,0.00104720518634593,-0.0202808683227431,-0.00103852826060091,-0.00121315963306046,0.0202454223349378,0.0203083092049465,0.0203083092049375
2117.63344484568,1134,other,common,True,True,valid,valid,4.60067995015344,-36.7050343148921,712.732706466648,4.60004834570522,36.70699171887,0.117140059029225,4.60054972139285,-36.7039953269212,712.712531558155,4.59901534097906,36.7057876434093,0.137279733598007,-0.000130228760593987,0.00103898797094359,-0.0201749084925495,-0.00103300472616041,-0.00120407546071277,0.0201396745687816,0.0202020639593235,0.0202020639593035
2117.60868793726,1135,other,common,True,True,valid,valid,4.59824400631712,-36.6078101779592,712.728505887106,4.59746240153087,36.6097364585516,0.120432281126909,4.59811452845376,-36.6067793711909,712.708436798999,4.59643488182669,36.6085414301103,0.140466345488221,-0.000129477863361593,0.00103080676834111,-0.0200690881067658,-0.00102751970418069,-0.00119502844123787,0.0200340643613117,0.0200959604037201,0.0200959604037983
2117.59184080362,1136,other,common,True,True,valid,valid,4.59659163275286,-36.510716185801,712.726819466363,4.59577176006553,36.5126319158751,0.121249097853138,4.5964628826809,-36.5096935242918,712.706856059425,4.59474969608069,36.5114458973716,0.14117768975143,-0.000128750071959338,0.00102266150917529,-0.0199634069382455,-0.00102206398483418,-0.00118601850343225,0.0199285918982923,0.0199899982422552,0.0199899982423276
2117.581189394,1137,other,common,True,True,valid,valid,4.59555301470019,-36.4137234475418,712.727102075116,4.5947823804686,36.4156447393015,0.120127234016536,4.59542497428349,-36.412708895363,712.707244209293,4.59376574782777,36.414467693662,0.139950492253547,-0.00012804041670389,0.00101455217882318,-0.0198578658224733,-0.00101663264083385,-0.00117704563950127,0.019823258237011,0.0198841782705551,0.0198841782705523
2117.56439635158,1138,other,common,True,True,valid,valid,4.59390603604925,-36.3166311520817,712.72543025693,4.59309778168191,36.3185420127814,0.120929718744833,4.59377872063033,-36.3156246737008,712.705677798778,4.5920865897505,36.3173739033824,0.140647777024128,-0.000127315418924745,0.00100647838088008,-0.0197524581520838,-0.0010111919314113,-0.00116810939898215,0.0197180582792953,0.0197784936483266,0.0197784936482996
2117.52695858479,1139,other,common,True,True,valid,valid,4.59021411600413,-36.2192056158484,712.717191944813,4.58907641405955,36.2210523129357,0.128197606811341,4.59008757949717,-36.2182071762009,712.697544768963,4.58807071109745,36.2198931036878,0.147810592498672,-0.000126536506969366,0.00099843964748203,-0.0196471758499683,-0.00100570296210378,-0.00115920924790913,0.0196129856873313,0.0196729360314326,0.01967293603151
2117.47970885038,1140,other,common,True,True,valid,valid,4.58555041402704,-36.1216242089728,712.705832342115,4.583944547253,36.1233812013495,0.138538765450903,4.5854246805851,-36.1206337725519,712.686290313503,4.58294435135487,36.1222308556416,0.158046814260842,-0.000125733441938891,0.000990436420963192,-0.019542028611454,-0.00100019589812916,-0.00115034570796269,0.0195080488099393,0.0195675153111804,0.0195675153111844
2117.51635849476,1141,other,common,True,True,valid,valid,4.58919714104622,-36.0253951546715,712.721151577062,4.58830876605208,36.0272807509817,0.122611885579772,4.58907198605408,-36.0244126825943,712.701714493104,4.58731384377195,36.0261392282743,0.142015189511767,-0.000125154992144161,0.000982472077133423,-0.0194370839570865,-0.000994922280128208,-0.00114152270746359,0.0194033039319947,0.0194623006838667,0.0194623006839508
2117.49002718925,1142,other,common,True,True,valid,valid,4.58660545591401,-35.928151944023,712.716441348534,4.58554442534379,35.9300022463456,0.126406099334986,4.58648104547778,-35.9271774025895,712.697109107245,4.5845549380673,35.9288695121048,0.14570476743188,-0.000124410436226796,0.000974541433556908,-0.0193322412897032,-0.000989487276484624,-0.00113273424079807,0.0192986680968943,0.019357188903497,0.0193571889034717
2117.4855466783,1143,other,common,True,True,valid,valid,4.5861781695087,-35.8312595919823,712.718678514468,4.58525323853368,35.833131449774,0.123359896630632,4.58605444464027,-35.8302929444351,712.699450952549,4.5842691200341,35.8320074659074,0.142554089078317,-0.000123724868429598,0.000966647547215871,-0.0192275619190241,-0.000984118499580688,-0.00112398386664836,0.0191941924476851,0.0192522427959319,0.0192522427959049
2117.52434957027,1144,other,common,True,True,valid,valid,4.59003829815227,-35.7350571545743,712.734679152154,4.58986114350292,35.7370631923742,0.106762092719237,4.58991514490477,-35.734098363372,712.715556089416,4.58888227189381,35.7359479198668,0.125851984111591,-0.000123153247501229,0.000958791202243958,-0.0191230627377763,-0.000978871609106591,-0.00111527250738419,0.0190898913923547,0.0191474796191248,0.0191474796191233
2117.5097771883,1145,other,common,True,True,valid,valid,4.58861137605043,-35.6380013321591,712.733704391399,4.58842757642973,35.64000264277,0.106878393495208,4.58848893294954,-35.637050363111,712.714685712823,4.58745408496062,35.6388960464908,0.125864104655875,-0.000122443100888603,0.000950969048140848,-0.0190186785765718,-0.000973491469110854,-0.0011065962792145,0.0189857111606671,0.019042832490006,0.0190428324899916
2117.53845116496,1146,other,common,True,True,valid,valid,4.59146830147637,-35.5416319838198,712.746481755593,4.59188903042512,35.5437410990275,0.0934542402437728,4.59134645558686,-35.5406887993134,712.727567276964,4.59092079804006,35.5426431398576,0.112335949831049,-0.00012184588950781,0.000943184506411399,-0.0189144786287443,-0.000968232385055501,-0.00109795916986855,0.0188817095872764,0.0189383722962442,0.018938372296172
2117.50404468179,1147,other,common,True,True,valid,valid,4.5880766790228,-35.4442611598271,712.739196567835,4.58821031323886,35.4463139104716,0.0997838846670902,4.58795559192984,-35.4433257259086,712.720386176599,4.58724749633398,35.4452245535372,0.118561712077167,-0.000121087092966654,0.000935433918485273,-0.0188103912364568,-0.000962816904873876,-0.0010893569344006,0.0187778274100765,0.0188340255168274,0.0188340255167465
2117.48212721944,1148,other,common,True,True,valid,valid,4.58592222570939,-35.3470894687475,712.735881983103,4.58594522654516,35.3491183457074,0.102204062497322,4.58580186356302,-35.3461617487934,712.717175512227,4.58498778383939,35.3480375530191,0.120878172774155,-0.000120362146376785,0.000927719954077588,-0.0187064708761682,-0.000957442705768585,-0.00108079268831318,0.0186741102768337,0.0187298479438676,0.0187298479438913
2117.40270808339,1149,other,common,True,True,valid,valid,4.57807224962616,-35.2490139796023,712.714279976913,4.57717188094884,35.2508693390677,0.122630307095505,4.57795275661813,-35.248093939358,712.695677305627,4.57621995109466,35.2497970753836,0.141200827059947,-0.000119493008034155,0.000920040244231757,-0.0186026712859757,-0.000951929854181799,-0.00107226368407964,0.0185705199644417,0.0186257921067545,0.0186257921067859
2117.3909111321,1150,other,common,True,True,valid,valid,4.57692035292512,-35.1520055598639,712.714181352518,4.57605227317547,35.1538633613232,0.121884081131952,4.57680155520499,-35.1510931607403,712.695682271625,4.57510567314458,35.1527995863433,0.140351211664893,-0.000118797720131347,0.00091239912354979,-0.0184990808930934,-0.000946600030886202,-0.00106377497990451,0.0184671305329402,0.0185219485731976,0.0185219485731658
2117.41492798924,1151,other,common,True,True,valid,valid,4.57931576189816,-35.0555576668132,712.725470483423,4.5789860699593,35.0575110949993,0.109925312578071,4.57919756824674,-35.0546528712981,712.707074803762,4.57804470016847,35.0564557696644,0.128289238253387,-0.000118193651428733,0.000904795515083379,-0.0183956796610119,-0.000941369790837143,-0.00105532533487462,0.0183639256753168,0.0184182967413906,0.0184182967413951
2117.4202503562,1152,other,common,True,True,valid,valid,4.57985953887319,-34.9588150609604,712.730813443651,4.57980397293444,34.9608154590892,0.103821237280158,4.57974199552007,-34.9579178333689,712.712521011541,4.57886787269926,34.9597685464578,0.122082113397482,-0.000117543353124638,0.000897227591508454,-0.0182924321097744,-0.000936100235179538,-0.00104691263135948,0.0182608761173242,0.0183148001976962,0.0183148001976616
2117.39072909951,1153,other,common,True,True,valid,valid,4.57695207169123,-34.8615288474887,712.72507431783,4.57667811600271,34.8634855320218,0.108628791521369,4.57683526411507,-34.8606391526389,712.706884988535,4.57574736424873,34.8624469957287,0.12678676620726,-0.000116807576162614,0.000889694849810496,-0.0181893292954101,-0.000930751753983827,-0.00103853629313733,0.0181579746858915,0.01821144972682,0.018211449726839
2117.33157768846,1154,other,common,True,True,valid,valid,4.57110994505513,-34.7637844804015,712.709911508837,4.57019878583759,34.7656203381988,0.122715119504392,4.57099394439865,-34.7629022828893,712.691825131871,4.56927344691153,34.7645901416093,0.140770345983469,-0.000116000656483983,0.000882197512218852,-0.018086376965698,-0.000925338926052177,-0.00103019658947545,0.0180552264790776,0.0181082511675811,0.018108251167681
2117.26034292579,1155,other,common,True,True,valid,valid,4.56407136816861,-34.6658573782792,712.690905726303,4.56235221155517,34.667540962501,0.140585374096304,4.56395620129301,-34.6649826420706,712.672922137033,4.56143230493339,34.666519068235,0.158538017739716,-0.000115166875604089,0.000874736208601234,-0.0179835892698748,-0.000919906621781763,-0.00102189426605293,0.0179526436434116,0.0180052189620518,0.0180052189620432
2117.20568498969,1156,other,common,True,True,valid,valid,4.55867483615375,-34.5681913550392,712.677170535415,4.55638191889912,34.5697657942946,0.153266155216329,4.55856045952891,-34.5673240431128,712.659289547563,4.55546739276849,34.5687521638072,0.171116399858192,-0.000114376624845036,0.000867311926441516,-0.0178809878527773,-0.000914526130635807,-0.00101363048744219,0.0178502446418634,0.0179023752217751,0.0179023752218263
2117.1994407773,1157,other,common,True,True,valid,valid,4.55807300614651,-34.4712740815281,712.678828414213,4.5558904363527,34.4728653358902,0.150790620479029,4.55795929975167,-34.4704141557883,712.66104981783,4.55498116142683,34.4718599293689,0.168538670164139,-0.000113706394847313,0.000859925739739253,-0.0177785963835504,-0.000909274925874115,-0.00100540652134384,0.0177480496851103,0.0177997441215116,0.017799744121451
2117.21925452352,1158,other,common,True,True,valid,valid,4.56005182440116,-34.3747562558276,712.688770812208,4.55834778881816,34.3764321168733,0.140157964817718,4.55993872411043,-34.3739036789105,712.671094410648,4.55744369224479,34.3754348953457,0.157804012811312,-0.000113100290733747,0.000852576917139913,-0.017676401559811,-0.00090409657337176,-0.000997221527541114,0.017646047993594,0.0176973119760909,0.0176973119761505
2117.1691775322,1159,other,common,True,True,valid,valid,4.55510909026531,-34.277166461885,712.676488396087,4.55289585581135,34.2787450657002,0.151408418491314,4.55499676294923,-34.2763211995576,712.658914055806,4.55199709832706,34.2777559938417,0.168952605391155,-0.000112327316070804,0.000845262327395346,-0.0175743402807029,-0.000898757484293355,-0.000989071858455759,0.0175441868998405,0.0175950141270187,0.0175950141271128
2117.10932656378,1160,other,common,True,True,valid,valid,4.54919865237353,-34.1794309992959,712.661097391932,4.54633806269666,34.180886908405,0.165719719366621,4.54908711875458,-34.178593015307,712.643624936375,4.54544465711153,34.1799059485206,0.18316222217652,-0.000111533618945892,0.000837983988873248,-0.0174724555571402,-0.000893405585131291,-0.0009809598844015,0.0174425028098995,0.0174928945606495,0.0174928945605837
2114.09304970503,1365,baseline_local_before,common,True,True,valid,valid,4.25427581696034,-14.2929065396033,712.420705265112,4.24823552247642,14.2930610273797,0.230058983947515,4.25426629535212,-14.2928745502679,712.419110777324,4.24815463244361,14.293015988971,0.231651131437388,-9.52160821210413e-06,3.19893354685519e-05,-0.0015944877882248,-8.08900328053141e-05,-4.50384086718714e-05,0.00159214748987324,0.00159483707174265,0.00159483707166989
2114.75151214004,1366,baseline_local_before,common,True,True,valid,valid,4.31940568434202,-14.2002016930342,712.633353170051,4.32285488917151,14.2020997105492,0.0197896123499959,4.31939634954967,-14.2001710045683,712.631813077534,4.32277662071953,14.2020564181666,0.021327439941615,-9.33479235154522e-06,3.0688465921358e-05,-0.00154009251741627,-7.82684519720078e-05,-4.3292382578386e-05,0.00153782759161913,0.00154042652615775,0.00154042652616362
2114.63198712468,1367,baseline_local_before,common,True,True,valid,valid,4.30760158126771,-14.1025434679903,712.598724743459,4.3095479997338,14.1041613388124,0.0530551460360584,4.30759260090755,-14.1025140674255,712.597239138749,4.30947252445877,14.1041197802452,0.0545385686874624,-8.98036016039327e-06,2.94005648218132e-05,-0.00148560470995562,-7.54752750324883e-05,-4.15585671262875e-05,0.001483422651404,0.00148592274170725,0.00148592274171347
2114.53424239159,1368,baseline_local_before,common,True,True,valid,valid,4.29795260173756,-14.0050308683278,712.571021497729,4.29870407895734,14.0064252669799,0.0795003604954445,4.2979439686112,-14.0050027369797,712.569590184675,4.29863138089265,14.006385421939,0.0809295736804643,-8.63312635779323e-06,2.81313481860224e-05,-0.00143131305469524,-7.26980646916786e-05,-3.98450409306861e-05,0.00142921318501976,0.00143161550849468,0.00143161550848369
2114.49795293808,1369,baseline_local_before,common,True,True,valid,valid,4.29438172991186,-13.9079072670082,712.562852704158,4.29480664005287,13.909238060912,0.086706690630308,4.29437342979329,-13.9078803860072,712.561475473036,4.29473669560381,13.909199908812,0.0880819030629709,-8.30011857377855e-06,2.68810009647069e-05,-0.00137723112209187,-6.99444490592782e-05,-3.81520999965801e-05,0.00137521243266292,0.001377518436842,0.00137751843676919
2114.47282934189,1370,baseline_local_before,common,True,True,valid,valid,4.29191515560787,-13.8108547184979,712.558231909181,4.29217121902439,13.8121509440003,0.0904187241849286,4.29190718480061,-13.8108290694212,712.556908568872,4.29210401594796,13.8121144648546,0.0917401264712225,-7.97080726400168e-06,2.56490767220896e-05,-0.00132334030956827,-6.72030764263809e-05,-3.64791456561875e-05,0.00132140228629396,0.00132361285270028,0.00132361285267705
2114.38198179007,1371,baseline_local_before,common,True,True,valid,valid,4.28294939576546,-13.7134012427755,712.53272002202,4.28210792436458,13.7144919293833,0.114705925158205,4.28294176427372,-13.7133768078129,712.531450409175,4.28204346534798,13.7144571040455,0.115973680778325,-7.63149173543809e-06,2.44349625884155e-05,-0.00126961284422578,-6.44590165990166e-05,-3.48253377495666e-05,0.00126775562011971,0.00126987089158145,0.00126987089159308
2114.32042726874,1372,baseline_local_before,common,True,True,valid,valid,4.2768807180971,-13.6161327324435,712.516518396333,4.27535558524712,13.6170940741432,0.129823740370398,4.2768734185643,-13.6161094932152,712.515302314325,4.2752938541442,13.6170608826248,0.13103804527077,-7.29953279776652e-06,2.32392283106009e-05,-0.00121608200879564,-6.17311029174061e-05,-3.31915184048626e-05,0.00121430490037255,0.00121632594193661,0.00121632594193753
2114.32205086946,1373,baseline_local_before,common,True,True,valid,valid,4.27705917687979,-13.5192497712176,712.520395054974,4.27574293739155,13.520246086561,0.125166942622741,4.27705219716444,-13.5192277092092,712.51923229586,4.2756839127697,13.5202145086464,0.126328003833351,-6.97971534968644e-06,2.20620083197787e-05,-0.00116275911386765,-5.90246218550305e-05,-3.15779146227158e-05,0.00116106121060966,0.00116298934024339,0.00116298934021745
2114.38161486387,1374,baseline_local_before,common,True,True,valid,valid,4.28296695173053,-13.4227127979003,712.542685859675,4.2826781860762,13.423894786563,0.102374437066715,4.2829602818729,-13.422691894731,712.541576218083,4.28262184879729,13.4238648021909,0.103482459151678,-6.66985762620698e-06,2.09031693039208e-05,-0.00110964159205196,-5.63372789130767e-05,-2.99843720874549e-05,0.00110802208496352,0.00110985850102583,0.00110985850104043
2114.44941335917,1375,baseline_local_before,common,True,True,valid,valid,4.28968942818227,-13.3262187577839,712.567594164695,4.29054449642739,13.3276078413564,0.077003972529269,4.2896830667316,-13.3261989954946,712.566537453323,4.29049083666262,13.3275794310355,0.0780591423849728,-6.36145067645089e-06,1.97622892628146e-05,-0.00105671137259833,-5.36597647666781e-05,-2.84103209082787e-05,0.00105516985570375,0.00105691529514444,0.00105691529512767
2114.46607038379,1376,baseline_local_before,common,True,True,valid,valid,4.29135470517469,-13.2294160468691,712.576246116204,4.29263094955731,13.2308791849597,0.0676440581141833,4.29134865909353,-13.229397407971,712.57524216894,4.29257996683146,13.2308523298422,0.0686465418478974,-6.04608115573058e-06,1.86388981013863e-05,-0.00100394726371178,-5.09827258525775e-05,-2.68551175608422e-05,0.00100248373371414,0.0010041384724898,0.00100413847254052
2114.40728887916,1377,baseline_local_before,common,True,True,valid,valid,4.28555975083536,-13.1321688972482,712.560917473372,4.28619113732568,13.133509834676,0.0819022255973323,4.28555402918183,-13.1321513644812,712.559966132842,4.28614283364795,13.1334845162142,0.0828521806855633,-5.72165352430432e-06,1.75327669715841e-05,-0.000951340530036759,-4.8303677722572e-05,-2.53184617093893e-05,0.000949955088231036,0.000951519279535289,0.000951519279594949
2114.32742276788,1378,baseline_local_before,common,True,True,valid,valid,4.27768014551196,-13.034803300785,712.538886628506,4.27736873174651,13.0359671870951,0.102761342139615,4.27767474896674,-13.0347868566136,712.537987718772,4.27732309992612,13.0359433863143,0.103658944224776,-5.39654521869437e-06,1.64441713828012e-05,-0.000898909734019071,-4.56318203916339e-05,-2.38007807809026e-05,0.000897602085160543,0.00089907632789825,0.000899076327951409
2114.28794065118,1379,baseline_local_before,common,True,True,valid,valid,4.27379411052884,-12.9376768704593,712.529690849226,4.27311046575533,12.9387687467131,0.110979459341024,4.2737890321197,-12.9376614970429,712.528844173604,4.27306749002747,12.9387464441635,0.111824904445371,-5.07840913055446e-06,1.5373416371034e-05,-0.000846675622142357,-4.29757278581633e-05,-2.2302549599118e-05,0.000845445104346254,0.000846830408818886,0.000846830408858001
2114.30099219084,1380,baseline_local_before,common,True,True,valid,valid,4.27510264283137,-12.8408539622717,712.537190739151,4.27478895833353,12.8420104646292,0.102754274455378,4.27509787511545,-12.8408396417865,712.536396097432,4.27474862230544,12.8419896408489,0.103547762100561,-4.76771592339276e-06,1.43204851514867e-05,-0.000794641718471212,-4.03360280927245e-05,-2.08237802219458e-05,0.000793487645182722,0.000794785045244927,0.000794785045180551
2114.31953454018,1381,baseline_local_before,common,True,True,valid,valid,4.27695416134395,-12.7440602461289,712.546434701603,4.27708796890353,12.7452956480388,0.0928113749964723,4.27694970284978,-12.7440469611331,712.545691910354,4.27705026289878,12.7452762840853,0.0935530882178455,-4.45849416497168e-06,1.32849958429659e-05,-0.000742791248626418,-3.77060047540567e-05,-1.9363953501994e-05,0.000741713221373175,0.000742923420226311,0.00074292342017836
2114.29434457421,1382,baseline_local_before,common,True,True,valid,valid,4.27448135004763,-12.6470172166852,712.541777429278,4.27444468045597,12.6482177513245,0.0965596466705847,4.27447720415226,-12.6470049501186,712.541086322355,4.27440960041572,12.6481998287785,0.0972497514519546,-4.14589536656962e-06,1.22665665784893e-05,-0.000691106923000007,-3.50800402486584e-05,-1.79225460605892e-05,0.000690104781369882,0.000691228208425084,0.000691228208445456
2114.21940813959,1383,baseline_local_before,common,True,True,valid,valid,4.26708978831661,-12.5496968819502,712.521308026363,4.26617972257868,12.5507331436357,0.115881161323841,4.26708595801372,-12.5496856168626,712.520668440003,4.26614726416771,12.550716644207,0.116519821253405,-3.83030288908515e-06,1.12650875916387e-05,-0.000639586359852728,-3.24584109705484e-05,-1.64994286500075e-05,0.000638659929563801,0.000639697026043058,0.000639697026113885
2114.11903385818,1384,baseline_local_before,common,True,True,valid,valid,4.25718368099193,-12.4522408077372,712.492754313288,4.25504083334832,12.4530466346778,0.143164911213717,4.25718016624049,-12.4522305271069,712.492166075822,4.25501098884579,12.4530315399404,0.143752297641072,-3.51475144544366e-06,1.02806302599845e-05,-0.000588237465308339,-2.98445025279648e-05,-1.50947373533938e-05,0.000587386427355341,0.000588337794492794,0.000588337794526393
2114.01805015095,1385,baseline_local_before,common,True,True,valid,valid,4.24721813560409,-12.3547891928273,712.464007899385,4.24383393627223,12.3553630077066,0.170638537391369,4.24721493397455,-12.3547798795647,712.463470831182,4.24380669521466,12.3553492991011,0.171174829514143,-3.20162953659775e-06,9.31326264463905e-06,-0.000537068203016133,-2.72410575661297e-05,-1.37086054081692e-05,0.000536292122774285,0.000537158488701199,0.000537158488743598
2113.95997436717,1386,baseline_local_before,common,True,True,valid,valid,4.24149493019983,-12.2575801068154,712.448896591333,4.23747551776041,12.2580334985414,0.18468311905599,4.24149203629444,-12.257571743661,712.448410498636,4.2374508660868,12.2580211572233,0.185168510046196,-2.89390539709444e-06,8.36315445695845e-06,-0.000486092696291962,-2.46516736055469e-05,-1.23413181079002e-05,0.000485390990206724,0.000486173247340192,0.000486173247431468
2113.98165709339,1387,baseline_local_before,common,True,True,valid,valid,4.24365630523765,-12.160807894134,712.459128418208,4.24012829569358,12.1613482699053,0.173767428361543,4.24365371230347,-12.1608004637079,712.458693095578,4.24010621746601,12.1613372768139,0.174202123001919,-2.59293417581574e-06,7.43042605932942e-06,-0.000435322629869006,-2.20782275732745e-05,-1.09930914540257e-05,0.00043469464037571,0.000435393760422828,0.000435393760363951
2114.05538303033,1388,baseline_local_before,common,True,True,valid,valid,4.25096277943291,-12.0643130465234,712.48589772776,4.2486613408085,12.0650757486925,0.146564029403294,4.25096048387964,-12.0643065316996,712.485512979783,4.24864182369733,12.0650660851029,0.146948222604124,-2.29555326569653e-06,6.51482373470458e-06,-0.000384747976795552,-1.95171111698755e-05,-9.66358966536518e-06,0.000384193200829941,0.000384809976665575,0.000384809976686667
2114.1321041137,1389,baseline_local_before,common,True,True,valid,valid,4.25856594428939,-11.9678269413157,712.513619607259,4.25753342506984,11.968819765934,0.118422403277464,4.25856394592901,-11.9678213253333,712.513285255507,4.25751646090462,11.9688114136254,0.11875627313691,-1.99836037850787e-06,5.61598234760652e-06,-0.000334351752371731,-1.69641652192354e-05,-8.35230860829483e-06,0.000333869859446168,0.000334404884856634,0.000334404884843624
2114.15589016676,1390,baseline_local_before,common,True,True,valid,valid,4.26093575785595,-11.8710529210965,712.524517833469,4.26042426972669,11.8721381839909,0.106850321771049,4.26093405883309,-11.8710481875845,712.524233718545,4.2604098535193,11.8721311252883,0.107134027482175,-1.69902285307444e-06,4.73351192020743e-06,-0.000284114924056666,-1.44162073851817e-05,-7.05870255046648e-06,0.000283705711126458,0.000284159432159975,0.000284159432084944
2114.14424611628,1391,baseline_local_before,common,True,True,valid,valid,4.25980254979779,-11.7740897974777,712.524154351046,4.25931145681702,11.7751753331085,0.106369886482298,4.25980115057955,-11.7740859300399,712.523920308087,4.2592995816587,11.7751695502669,0.106603592624538,-1.39921824082734e-06,3.86743775493414e-06,-0.000234042959050385,-1.18751583215726e-05,-5.78284153007758e-06,0.000233706142239498,0.000234079092546801,0.000234079092534538
2114.13377051055,1392,baseline_local_before,common,True,True,valid,valid,4.25878488168724,-11.677132863489,712.524160929168,4.25833063436481,11.6782217004231,0.105524997984048,4.25878378103028,-11.6771298456053,712.523976781646,4.25832129111591,11.6782171754783,0.105708880710836,-1.10065696290462e-06,3.0178837278072e-06,-0.000184147521167688,-9.34324890522475e-06,-4.52494488811794e-06,0.000183882726787488,0.000184175537518283,0.000184175537564431
2114.1186676994,1393,baseline_local_before,common,True,True,valid,valid,4.25730972968959,-11.5801520200909,712.522695570975,4.25682689286256,11.5812321120117,0.106129841368556,4.25730892649551,-11.5801498353522,712.522561144766,4.25682007263567,11.5812288271298,0.106264074442038,-8.03194077469982e-07,2.18473874546987e-06,-0.000134426209342564,-6.82022688636152e-06,-3.2848818847242e-06,0.000134233073481482,0.000134446360911417,0.000134446360903012
2114.08399716765,1394,baseline_local_before,common,True,True,valid,valid,4.25389995371571,-11.4830713151458,712.51500992323,4.2531120043272,11.4840917552065,0.112861090066758,4.25389944699786,-11.4830699473004,712.514925049567,4.25310769858651,11.4840896927553,0.112945841901137,-5.06717849901861e-07,1.36784533388834e-06,-8.48736635816749e-05,-4.30574069554268e-06,-2.06245118050674e-06,8.47518343789488e-05,8.48861975447845e-05,8.48861975730213e-05
2114.03774304688,1395,baseline_local_before,common,True,True,valid,valid,4.24934505145561,-11.3859338574086,712.503641783649,4.24808828321694,11.3868645080187,0.12321927804885,4.24934483978234,-11.3859332902393,712.503606291596,4.24808648288492,11.3868636503824,0.123254719204965,-2.11673272687563e-07,5.67169259113598e-07,-3.54920525751368e-05,-1.80033202212826e-06,-8.57636290874098e-07,3.54411561147572e-05,3.54972151377981e-05,3.54972151322877e-05
2114.00925683323,1396,baseline_local_before,common,True,True,valid,valid,4.24654687477642,-11.2888889989408,712.497919324501,4.2450722649511,11.2897760642804,0.128017049693881,4.24654695648657,-11.2888892161566,712.497933034066,4.24507296031544,11.2897763936953,0.128003359771014,8.17101479810844e-08,-2.17215733400167e-07,1.37095651098207e-05,6.95364335001614e-07,3.29414902466851e-07,-1.36899228664333e-05,1.37115292627603e-05,1.3711529230004e-05
2114.01014186069,1397,baseline_local_before,common,True,True,valid,valid,4.24665245003921,-11.1919923739983,712.501529847832,4.24537489605042,11.192912235245,0.123622736422703,4.24665282391071,-11.1919933593314,712.501592575832,4.24537807769464,11.1929137339447,0.123560098225653,3.73871500869427e-07,-9.85333043601599e-07,6.27280003300257e-05,3.18164421031497e-06,1.498699695901e-06,-6.26381970505463e-05,6.27368526984712e-05,6.2736852729497e-05
2114.01727823541,1398,baseline_local_before,common,True,True,valid,valid,4.24737607159038,-11.0951257150476,712.507125836561,4.24638383749728,11.0960946213131,0.117272932963374,4.24737673668583,-11.0951274524303,712.507237407855,4.24638949664925,11.096097271797,0.117161521278376,6.65095449825515e-07,-1.73738268038903e-06,0.000111571294610258,5.65915196659716e-06,2.65048389991307e-06,-0.00011141168499762,0.000111586803124493,0.000111586803072288
2114.01306612045,1399,baseline_local_before,common,True,True,valid,valid,4.24697775092635,-10.9982018418965,712.509113917291,4.24611044668654,10.9991902660398,0.114476596522195,4.24697870608543,-10.9982043154278,712.509274162903,4.24611857462737,10.9991940510244,0.114316579968659,9.55159079829571e-07,-2.473531290903e-06,0.000160245612278231,8.12794083060453e-06,3.78498462083598e-06,-0.000160016553536479,0.000160267547995033,0.000160267547982799
2114.00406212546,1400,baseline_local_before,common,True,True,valid,valid,4.24610569541579,-10.9012541188677,712.509577791269,4.24529556184786,10.9022495867609,0.113181481092852,4.24610693942947,-10.9012573126905,712.509786540585,4.24530614973669,10.9022544889932,0.112973029923978,1.24401367695981e-06,-3.1938228097772e-06,0.000208749316129797,1.0587888830571e-05,4.90223238713838e-06,-0.00020845116887358,0.000208777453425476,0.000208777453469066
2114.00551943807,1401,baseline_local_before,common,True,True,valid,valid,4.24626789903524,-10.804356701867,712.513365106524,4.24566268027401,10.8053864126539,0.108613088132643,4.24626943110781,-10.8043606001275,712.513622184554,4.24567571948693,10.8053924148485,0.10835637699256,1.53207257280741e-06,-3.89826053392994e-06,0.000257078029449076,1.30392129165102e-05,6.00219466306839e-06,-0.000256711140082189,0.000257112148501347,0.000257112148403284
2114.00450786483,1402,baseline_local_before,common,True,True,valid,valid,4.24618603043081,-10.7074464576571,712.516366504833,4.24575078824127,10.7085039794007,0.104818764603465,4.24618784946339,-10.7074510446426,712.516671741221,4.24576627005901,10.7085110644512,0.104513963491968,1.81903258589244e-06,-4.58698556293768e-06,0.000305236388498997,1.54818177406923e-05,7.08505050894814e-06,-0.000304801111497,0.000305276271891567,0.000305276271909686
2113.97977786697,1403,baseline_local_before,common,True,True,valid,valid,4.24375926952088,-10.6104231022933,712.511828521702,4.2431588377,10.6114467324343,0.108450093442229,4.24376137338754,-10.6104283624681,712.512181753304,4.24317675269994,10.6114548834701,0.108097365114304,2.10386666221751e-06,-5.26017477042728e-06,0.000353231601366133,1.79149999368633e-05,8.15103577522791e-06,-0.000352728327925433,0.000353277029959819,0.000353277030003394
2113.94078827649,1404,baseline_local_before,common,True,True,valid,valid,4.23992283693081,-10.5133340897611,712.502757496839,4.23895569625058,10.5142867296498,0.116546112367359,4.23992522354352,-10.5133400076181,712.503158557944,4.23897603493321,10.514295929808,0.116145622140266,2.38661271101392e-06,-5.91785693870861e-06,0.000401061104980727,2.03386826242991e-05,9.20015826721965e-06,-0.000400490227093542,0.000401111863299181,0.000401111863350451
2113.91342776269,1405,baseline_local_before,common,True,True,valid,valid,4.23723613955399,-10.416301596017,712.497381107908,4.23606653549203,10.4172134826456,0.121003264945557,4.23723880808425,-10.4163081560045,712.497829825129,4.2360892892723,10.4172237149561,0.120555185863168,2.6685302643159e-06,-6.55998748655406e-06,0.000448717220820072,2.2753780278606e-05,1.02323105650726e-05,-0.000448079082389086,0.000448773103862168,0.000448773103885596
2113.91585324705,1406,baseline_local_before,common,True,True,valid,valid,4.23749406892766,-10.319407710882,712.501469483161,4.23654276167905,10.3203563043227,0.116138438917687,4.23749701997077,-10.3194148974447,712.501965677968,4.23656792316407,10.3203675517696,0.115642949224934,2.95104310499283e-06,-7.18656273690499e-06,0.000496194806260064,2.51614850199644e-05,1.12474468885182e-05,-0.000495489692752926,0.000496255620722669,0.000496255620637499
2113.9451255016,1407,baseline_local_before,common,True,True,valid,valid,4.24040610718774,-10.222635165991,712.514088806332,4.2400523450512,10.2236902840405,0.10287133387726,4.24040934170779,-10.2226429636683,712.514632301708,4.24007990728424,10.2237025297148,0.102328610323752,3.23452005268621e-06,-7.79767729852665e-06,0.000543495375268321,2.7562233036349e-05,1.2245674252398e-05,-0.00054272355350804,0.000543560933869678,0.000543560933806174
2113.98560431506,1408,baseline_local_before,common,True,True,valid,valid,4.244426203252,-10.1259098221888,712.53026901657,4.24482828860444,10.1271006074789,0.0860970304861439,4.24442972150473,-10.1259182156696,712.530859640943,4.24485824416484,10.1271138346657,0.085507244351902,3.51825272915107e-06,-8.39348080461377e-06,0.000590624372648563,2.99555604001966e-05,1.32271868373834e-05,-0.000589786134241876,0.000590694488029804,0.000590694488051563
2114.01587305404,1409,baseline_local_before,common,True,True,valid,valid,4.24743702796331,-10.0291343877173,712.543203455403,4.24845066902972,10.0304342767888,0.0725195358170367,4.24744082860157,-10.0291433618614,712.543841044364,4.24848300921617,10.0304484690028,0.0718828511570564,3.80063825833332e-06,-8.97414408029817e-06,0.000637588960671565,3.23401864505968e-05,1.41922140812767e-05,-0.000636684659980347,0.000637663440133893,0.000637663440111222
2114.01642128825,1410,baseline_local_before,common,True,True,valid,valid,4.24750947873721,-9.9322237133712,712.546690464265,4.24871468391855,9.93355538791153,0.0682470110156146,4.24751355843741,-9.93223325319572,712.547374859883,4.24874939834531,9.93357052887793,0.0675635853252743,4.07970020077641e-06,-9.53982451967761e-06,0.000684395618350209,3.47144267536237e-05,1.51409664077562e-05,-0.0006834256903403,0.000684474261475593,0.000684474261390236
2113.98190901987,1411,baseline_local_before,common,True,True,valid,valid,4.24411555872139,-9.83515821846269,712.539032524942,4.24501687044983,9.83643046741418,0.0749514143083161,4.24411991307279,-9.83516830907741,712.539763571326,4.24505394773631,9.83644654096728,0.0742214029983188,4.35435140033746e-06,-1.00906147277868e-05,0.000731046384430556,3.7077286478393e-05,1.60735530982947e-05,-0.00073001130999728,0.000731128987984125,0.000731128987939714
2113.94902873039,1412,baseline_local_before,common,True,True,valid,valid,4.24088306949439,-9.73810189771477,712.531892141676,4.24150349495174,9.73931895672696,0.0811461008670449,4.24088769723888,-9.73811252414485,712.532669672084,4.24154292638103,9.73933594652768,0.0803696703289916,4.62774449339065e-06,-1.06264300825387e-05,0.000777530407276572,3.94314292861964e-05,1.69898007200686e-05,-0.000776430538053319,0.000777616789476068,0.000777616789534425
2113.95148434117,1413,baseline_local_before,common,True,True,valid,valid,4.24114409828411,-9.64119953032428,712.535981369724,4.24198285873686,9.64245330341245,0.0762804923492695,4.24114900191758,-9.64121067753069,712.536805207632,4.2420246389045,9.64247119297752,0.0754578189105359,4.903633466391e-06,-1.11472064112661e-05,0.000823837908797032,4.17801676348972e-05,1.78895650755351e-05,-0.000822673438733545,0.000823927912989367,0.000823927912953475
2113.95372144878,1414,baseline_local_before,common,True,True,valid,valid,4.24138354006345,-9.54429511442821,712.539999893919,4.24243749230131,9.54558502298266,0.0714845311176759,4.24138871860805,-9.5443067675969,712.540869874229,4.24248161284381,9.54560379614727,0.0706157795430045,5.17854459403111e-06,-1.16531686895627e-05,0.000869980309403218,4.41205425047997e-05,1.87731646050793e-05,-0.000868751574671478,0.000870073762628168,0.000870073762662902
2113.93520303816,1415,baseline_local_before,common,True,True,valid,valid,4.2395709875429,-9.4473021046385,712.537420272643,4.24054680441661,9.44857414885938,0.07318727648817,4.23957643749636,-9.44731424911184,712.538336236968,4.2405932547493,9.44859378967006,0.07227260472132,5.44995346185573e-06,-1.21444733345299e-05,0.000915964325486129,4.64503326895738e-05,1.9640810684507e-05,-0.000914671766850006,0.000916061043702094,0.00091606104377592
2113.91581285745,1416,baseline_local_before,common,True,True,valid,valid,4.23767227453402,-9.35030615447076,712.534562293629,4.23855758067147,9.35155805622729,0.0751642093063083,4.23767799457519,-9.35031877558269,712.535524078015,4.23860635213913,9.3515785486766,0.0742037809538942,5.72004116339286e-06,-1.26211119280129e-05,0.000961784386049658,4.87714676538076e-05,2.04924493054648e-05,-0.000960428352414056,0.000961884201235329,0.000961884201271869
2113.91513050348,1417,baseline_local_before,common,True,True,valid,valid,4.23762310409996,-9.25338821906938,712.53764899164,4.23868217594275,9.25466863017892,0.0712860756253804,4.23762909554512,-9.2534013021508,712.53865642674,4.23873326228356,9.25468995821221,0.0702800597983924,5.99144516488792e-06,-1.3083081421783e-05,0.00100743509915446,5.10863408109685e-05,2.13280332879151e-05,-0.001006015826988,0.00100753786203945,0.00100753786200408
2113.92914993316,1418,baseline_local_before,common,True,True,valid,valid,4.23902743797669,-9.15652950425161,712.545407225448,4.24046795392118,9.15787665708926,0.0628068112695246,4.2390337019273,-9.15654303472515,712.546460143671,4.24052134873739,9.15789880475799,0.0617553753133961,6.26395060887575e-06,-1.35304735344732e-05,0.00105291822308118,5.3394816212915e-05,2.21476687336519e-05,-0.00105143595612844,0.00105302378666758,0.00105302378675341
2113.92851019651,1419,baseline_local_before,common,True,True,valid,valid,4.23898251113355,-9.05960941216376,712.54850495827,4.24059728337742,9.06098516474147,0.0589178265836381,4.23898904463004,-9.05962337563875,712.549603201337,4.24065297663106,9.06100811636003,0.0578211283642531,6.53349648782608e-06,-1.39634749878326e-05,0.00109824306707651,5.56932536497357e-05,2.29516185576983e-05,-0.00109669821938496,0.00109835126421,0.00109835126425869
2113.88325431943,1420,baseline_local_before,common,True,True,valid,valid,4.23452664335809,-8.96251004152659,712.537420583591,4.23568518842719,8.96379832586238,0.0689972893509321,4.23453343856357,-8.96252442379465,712.538564002582,4.23574316562688,8.96382206600402,0.0678554771669724,6.79520547564039e-06,-1.43822680627181e-05,0.00114341899097781,5.79771996953582e-05,2.3740141635642e-05,-0.0011418121839597,0.00114352962942846,0.00114352962945794
2113.80085882545,1421,baseline_local_before,common,True,True,valid,valid,4.22639940197286,-8.86526677424265,712.514531549129,4.22657692674676,8.86637097947879,0.0907036185897141,4.22640645142848,-8.86528156113305,712.515719993261,4.22663717369538,8.86639549273915,0.0895168426175132,7.04945562279846e-06,-1.47868903930259e-05,0.00118844413248098,6.02469486139512e-05,2.45132603637899e-05,-0.00118677597220085,0.00118855702554844,0.00118855702553316
2113.70803543925,1422,baseline_local_before,common,True,True,valid,valid,4.21724191479178,-8.7679889546108,712.488328756345,4.21629109887084,8.76888196032624,0.115673860940547,4.21724921480016,-8.76800413192197,712.489562067327,4.21635360479275,8.76890723120871,0.114442279025866,7.30000837823042e-06,-1.51773111731757e-05,0.00123331098245671,6.25059219103719e-05,2.52708824710624e-05,-0.00123158191468065,0.00123342596873307,0.00123342596873229
2113.63840660453,1423,baseline_local_before,common,True,True,valid,valid,4.21037769442722,-8.67080801314429,712.469497138741,4.20862623067034,8.67155014575185,0.133384038642475,4.2103852468983,-8.67082356662466,712.470775148855,4.20869098996956,8.67157615863262,0.132107818299119,7.55247108585877e-06,-1.55534803685242e-05,0.00127801011387874,6.47592992208956e-05,2.60128807703097e-05,-0.00127622034335673,0.00127812706791908,0.00127812706786106
2113.6166241169,1424,baseline_local_before,common,True,True,valid,valid,4.20824292393869,-8.57381522369215,712.465869103331,4.20636670743525,8.57453091117425,0.136119686355528,4.20825073560836,-8.57383113907857,712.467191638203,4.20643371903897,8.5745576503635,0.134799001960573,7.81166966756786e-06,-1.59153864274231e-05,0.00132253487242906,6.70116037255752e-05,2.67391892485591e-05,-0.0013206843949547,0.00132265370014191,0.00132265370008646
2113.62914589047,1425,baseline_local_before,common,True,True,valid,valid,4.20949885297211,-8.47695315320266,712.473140782876,4.20798244623042,8.47773160030379,0.128119799868045,4.20950692895559,-8.47696941635797,712.47450767274,4.20805170765298,8.47775905027535,0.126754821126042,8.07598347929428e-06,-1.62631553095594e-05,0.00136688986390254,6.92614225599186e-05,2.74499715651189e-05,-0.00136497874200359,0.00136701046512793,0.00136701046510831
2113.65006163716,1426,baseline_local_before,common,True,True,valid,valid,4.21158451721221,-8.38012047947885,712.483078789122,4.21054645627574,8.38098350786452,0.117493741059548,4.2115928583174,-8.38013707643094,712.484489872357,4.21061796109315,8.38101165332397,0.116084629345096,8.34110518965758e-06,-1.6596952081116e-05,0.00141108323521166,7.15048174058097e-05,2.81454594492914e-05,-0.00140911171445168,0.0014112054880667,0.00141120548808627
2113.66578033566,1427,baseline_local_before,common,True,True,valid,valid,4.21315654038159,-8.28326588630724,712.491364170426,4.21252335573935,8.28419997074126,0.108495417379004,4.21316514490136,-8.28328280320184,712.492819289877,4.21259709521498,8.28422879654855,0.107042329495243,8.60451977402477e-06,-1.69168945944875e-05,0.00145511945083854,7.37394756242793e-05,2.8825807291355e-05,-0.00145308788376042,0.0014552432220395,0.00145524322206381
2113.684581846,1428,baseline_local_before,common,True,True,valid,valid,4.21503334419759,-8.18642028951901,712.500628160648,4.21484854196638,8.18743343916118,0.0985332188442953,4.21504221200823,-8.18643751254407,712.502127157248,4.21492450885981,8.18746293020284,0.0970363135749039,8.86781063691444e-06,-1.72230250630179e-05,0.00149899659948005,7.59668934264823e-05,2.94910416620553e-05,-0.00149690526939139,0.0014991217682065,0.00149912176822528
2113.70488524437,1429,baseline_local_before,common,True,True,valid,valid,4.21705867231137,-8.08957758355652,712.510368399825,4.21734342548413,8.09067369618731,0.0881019386163189,4.21706780301693,-8.08959509897586,712.511911115468,4.21742161232604,8.09070383743359,0.0865613737726108,9.13070555785822e-06,-1.75154193335914e-05,0.00154271564292685,7.81868419039711e-05,3.01412462775374e-05,-0.00154056484370813,0.00154284208998511,0.00154284208998961
2113.71704658866,1430,baseline_local_before,common,True,True,valid,valid,4.21827920290343,-7.99270318135667,712.517519907557,4.21891842542751,7.99386107046883,0.0802204136356295,4.21828859407082,-7.99272097553525,712.519106187406,4.21899882285974,7.99389184701789,0.0786363436740203,9.39116738862822e-06,-1.77941785866054e-05,0.0015862798489934,8.0397432220991e-05,3.07765490603629e-05,-0.0015840699616092,0.0015864074464459,0.00158640744651315
2113.7204246819,1431,baseline_local_before,common,True,True,valid,valid,4.21863151403986,-7.89579587906071,712.52187874644,4.21950105305751,7.89699268905406,0.075089520443953,4.21864116295207,-7.895813938434,712.523508436312,4.21958365146756,7.89702408607989,0.0734620991545398,9.6489122096699e-06,-1.80593732839185e-05,0.00162968987274326,8.25984100529809e-05,3.13970258289942e-05,-0.00162742128941318,0.00162981849412509,0.00162981849413039
2113.71538931131,1432,baseline_local_before,common,True,True,valid,valid,4.21815214035928,-7.79885810238461,712.523562343635,4.21913306302811,7.80007193866468,0.072593609218643,4.21816204422977,-7.79887641345497,712.525235289713,4.21921785275033,7.80010394141118,0.0709229900246555,9.90387048993568e-06,-1.83110703559919e-05,0.00167294607865642,8.47897222229221e-05,3.20027464990602e-05,-0.00167061919398748,0.00167307560021661,0.00167307560023374
2113.69971513748,1433,baseline_local_before,common,True,True,valid,valid,4.21662110111412,-7.70188329575572,712.521863404491,4.21756303003869,7.70308647506821,0.0734293385331739,4.21663125649488,-7.70190184510022,712.52357945406,4.21765000079595,7.703119068863,0.0717156737277946,1.0155380761212e-05,-1.85493445039597e-05,0.00171604956904048,8.69707572661582e-05,3.25937947867061e-05,-0.00171366480537927,0.00171617986625643,0.00171617986623594
2113.6746519208,1434,baseline_local_before,common,True,True,valid,valid,4.21416196519569,-7.60487708125743,712.517179172109,4.21493218268578,7.60604517141069,0.077205455641888,4.21417236875231,-7.60489585551669,712.518938172564,4.21502132431939,7.60607834164583,0.0754488974125707,1.04035566179661e-05,-1.87742592583362e-05,0.00175900045519484,8.91416336088469e-05,3.31702351328289e-05,-0.00175655822931731,0.00175913140730778,0.00175913140734954
2113.65300801396,1435,baseline_local_before,common,True,True,valid,valid,4.21204086967773,-7.50788358445549,712.51358040117,4.21268763121881,7.50902546902315,0.0799124757145364,4.21205152103499,-7.50790257029936,712.515382196768,4.21277893638574,7.50905920109425,0.0781131795175725,1.06513572601941e-05,-1.89858438703894e-05,0.00180179559799853,9.13051669257925e-05,3.37320710990241e-05,-0.00179929619696395,0.00180192710469815,0.00180192710466792
2113.63569629192,1436,baseline_local_before,common,True,True,valid,valid,4.21034803564155,-7.41090537962433,712.511357180335,4.21093249337943,7.41203231633522,0.0812646713559388,4.210358934716,-7.41092456378887,712.513201615584,4.21102595503939,7.41206659570615,0.0794227924094457,1.08990744500659e-05,-1.91841645378332e-05,0.00184443524926792,9.34616599508331e-05,3.42793709364742e-05,-0.00184187894649313,0.00184456721502224,0.00184456721500931
2113.60139608383,1437,baseline_local_before,common,True,True,valid,valid,4.20697597589393,-7.31387232966954,712.503733621396,4.20725804567252,7.31494012109241,0.0879359739532219,4.20698711724165,-7.31389169902066,712.505620547277,4.20735365171983,7.31497493340988,0.0860516607710906,1.11413477226208e-05,-1.936935111857e-05,0.00188692588108097,9.56060473100706e-05,3.48123174731541e-05,-0.00188431318213134,0.00188705818195545,0.00188705818195519
2113.55289033055,1438,baseline_local_before,common,True,True,valid,valid,4.20219989141011,-7.21679560373027,712.491594467209,4.20197882141121,7.21776729327062,0.0990549707954642,4.20221127002331,-7.21681514519138,712.493523734373,4.20207656016113,7.21780262423612,0.0971283722409453,1.13786132063254e-05,-1.95414611123823e-05,0.00192926716374586,9.77387499148108e-05,3.53309655061196e-05,-0.00192659855451893,0.00192939968141619,0.00192939968141206
2113.50381311774,1439,baseline_local_before,common,True,True,valid,valid,4.19736750048415,-7.11972035801332,712.479272823731,4.19663517607545,7.12059445203117,0.110353758829774,4.19737911475095,-7.11974005853557,712.481244279498,4.1967350390866,7.12063028734668,0.108385027244935,1.16142668025176e-05,-1.97005222419833e-05,0.00197145576726143,9.98630111510579e-05,3.58353155043289e-05,-0.00196873158483868,0.00197158840634609,0.00197158840633
2113.53293138742,1440,baseline_local_before,common,True,True,valid,valid,4.20026393094635,-7.02289345948068,712.491799474573,4.2001250380202,7.02387332144769,0.0971780868370615,4.20027580070697,-7.02291330586787,712.493812944976,4.20022703732874,7.02390964649361,0.0951673967897477,1.18697606286133e-05,-1.98463871941001e-05,0.00201347040308519,0.000101999308540712,3.63250459223252e-05,-0.0020106900473138,0.00201360319685932,0.00201360319682673
2113.50777095556,1441,baseline_local_before,common,True,True,valid,valid,4.1977954860045,-6.92589541433299,712.487075648208,4.19748311525212,6.92683986280872,0.100993406886118,4.19780759560221,-6.92591539382163,712.489130996518,4.19758722909994,6.92687666370291,0.0989408941582042,1.2109597707699e-05,-1.99794886404092e-05,0.00205534830990928,0.00010411384781861,3.68008941968867e-05,-0.00205251272791429,0.0020554810865999,0.00205548108660028
2113.50946974754,1442,baseline_local_before,common,True,True,valid,valid,4.19798181345809,-6.82898047408229,712.490886149285,4.19787537783514,6.82995935580384,0.0964027889853014,4.19799416933742,-6.82900057375457,712.492983216829,4.19798160556084,6.82999661833028,0.0943086122676959,1.2355879329462e-05,-2.00996722785618e-05,0.00209706754435501,0.000106227725694907,3.72625264351001e-05,-0.00209417671760548,0.00209720026467833,0.00209720026467276
2113.51110881567,1443,baseline_local_before,common,True,True,valid,valid,4.19816225235017,-6.73206430203409,712.494676409203,4.19826085196005,6.73307745137821,0.0918321175378196,4.19817485362486,-6.73208450911194,712.496815045251,4.19836918593429,6.73311516152559,0.0896964272608329,1.26012746850535e-05,-2.02070778509977e-05,0.00213863604813014,0.000108333974246477,3.77101473780783e-05,-0.00213569027698668,0.0021387686327606,0.00213876863274332
2113.49114143848,1444,baseline_local_before,common,True,True,valid,valid,4.19620712449856,-6.6350831216108,712.49159896133,4.19620543829935,6.63607433174482,0.0940258865995247,4.19621996392588,-6.63510342343695,712.493779021521,4.19631586482791,6.63611247567477,0.0918488265465385,1.28394273266608e-05,-2.03018261535348e-05,0.00218006019110817,0.000110426528550533,3.81439299470543e-05,-0.00217706005298623,0.00218019252633657,0.00218019252633981
2113.45216426253,1445,baseline_local_before,common,True,True,valid,valid,4.19237315615977,-6.53804731298224,712.482479158821,4.19200255522079,6.53896713185946,0.102171177967762,4.19238622691618,-6.53806769695586,712.484700498522,4.19211506101592,6.53900569578781,0.0999528922135369,1.30707564114374e-05,-2.03839736236944e-05,0.00222133970089544,0.000112505795122786,3.85639283511097e-05,-0.00221828575422478,0.00222147167837632,0.00222147167839311
2113.40658757091,1446,baseline_local_before,common,True,True,valid,valid,4.1878870498107,-6.44099500907563,712.471261120149,4.1870542502621,6.44182626415656,0.112383197129475,4.18790034855872,-6.44101546262859,712.47352359181,4.18716882538803,6.44186523430797,0.110123832818999,1.32987480121471e-05,-2.04535529624295e-05,0.00226247166051508,0.000114575125927274,3.89701514116325e-05,-0.00225936431047558,0.00226260319525128,0.00226260319535553
2113.36297091842,1447,baseline_local_before,common,True,True,valid,valid,4.18359480607251,-6.34395129336385,712.46066496573,4.18232745385213,6.34469907419564,0.121982726802344,4.18360833203916,-6.34397180397198,712.46296841997,4.18244409085311,6.34473843682376,0.11968243302374,1.35259666533827e-05,-2.05106081301309e-05,0.00230345424040479,0.00011663700098552,3.93626281205428e-05,-0.00230029377860319,0.00230358526528943,0.00230358526527064
2113.32616195083,1448,baseline_local_before,common,True,True,valid,valid,4.17997547916216,-6.24692942068643,712.452231017971,4.17836969948047,6.24761142319836,0.129452598560533,4.1799892331519,-6.24694997587954,712.454575304613,4.17848839244082,6.24765116460429,0.127111525270379,1.37539897453465e-05,-2.05551931165004e-05,0.00234428664202824,0.00011869296035627,3.97414059243317e-05,-0.00234107329015387,0.00234441710200851,0.00234441710197969
2113.29388344288,1449,baseline_local_before,common,True,True,valid,valid,4.17680396755248,-6.14992225837288,712.445235530639,4.1749237098304,6.15055025520518,0.135505671511169,4.17681794975298,-6.14994284575183,712.447620500632,4.1750444522687,6.15059036177025,0.133123967513257,1.39822004987522e-05,-2.05873789456135e-05,0.00238496999247673,0.000120742438305399,4.01065650716959e-05,-0.00238170399791215,0.00238509983168778,0.00238509983158788
2113.26466965675,1450,baseline_local_before,common,True,True,valid,valid,4.17393539180997,-6.05292525979503,712.439212685722,4.17182389644941,6.0535072112353,0.140600756875074,4.17394960200755,-6.05294586702915,712.441638190916,4.17194668152365,6.05354766941675,0.13817857005472,1.42101975724174e-05,-2.06072341226715e-05,0.00242550519351425,0.000122785074239573,4.04581814450466e-05,-0.002422186820354,0.00242563435652982,0.00242563435653408
2113.25079727173,1451,baseline_local_before,common,True,True,valid,valid,4.17258292074718,-5.95597064585021,712.43806327765,4.17045684921094,5.95654643730409,0.140895684983434,4.17259736288454,-5.95599126064633,712.44052916714,4.17058167410796,5.95658723357405,0.138433166164873,1.44421373606818e-05,-2.0614796114593e-05,0.002465889490054,0.000124824897021369,4.07962699604525e-05,-0.00246251881856097,0.00246601794849696,0.00246601794850037
2113.2554423511,1452,baseline_local_before,common,True,True,valid,valid,4.17306038371554,-5.85906472676235,712.442796450208,4.17118126262467,5.85968250279898,0.135396460945799,4.17307506307075,-5.85908533688642,712.445302572792,4.17130812585193,5.85972362368631,0.132893761311607,1.4679355202496e-05,-2.06101240740608e-05,0.00250612258355432,0.000126863227265517,4.11208873298818e-05,-0.00250269963419214,0.00250625031959788,0.00250625031965933
2113.26810023189,1453,baseline_local_before,common,True,True,valid,valid,4.17432971623997,-5.76217809812026,712.450074492455,4.17281068534434,5.76285868667423,0.127390617688093,4.17434463477426,-5.76219869142682,712.45262070025,4.17293958224451,5.76290011882351,0.124847884955102,1.49185342879221e-05,-2.05933065604569e-05,0.00254620779560355,0.000128896900164932,4.14321492883118e-05,-0.00254273273299077,0.00254633477479547,0.00254633477478699
2113.28128764033,1454,baseline_local_before,common,True,True,valid,valid,4.17565141798972,-5.665290808167,712.457519642681,4.17449990690561,5.66603557696194,0.119220179018498,4.17566657517544,-5.6653113725907,712.460105790294,4.17463083044624,5.66607730711825,0.116637558308639,1.51571857243127e-05,-2.05644236945801e-05,0.00258614761264653,0.00013092354062394,4.17301563100381e-05,-0.00258262070985893,0.00258627378871579,0.00258627378876008
2113.28926113248,1455,baseline_local_before,common,True,True,valid,valid,4.17645788656918,-5.56838852058819,712.463306824985,4.17560018562545,5.56918390042624,0.112682798231162,4.17647327984568,-5.56840904413865,712.465932769022,4.17573312683276,5.56922591542601,0.110060432575779,1.53932765067921e-05,-2.05235504644463e-05,0.00262594403704952,0.000132941207304782,4.20149997673036e-05,-0.00262236565538387,0.00262606935452993,0.00262606935463289
2113.29458996654,1456,baseline_local_before,common,True,True,valid,valid,4.17700301623027,-5.47147818274719,712.468252398423,4.17640170927401,5.47231728571891,0.106974387032324,4.17701864388269,-5.47149865349115,712.470917995303,4.17653666001071,5.47235957245412,0.104312419689222,1.56276524228005e-05,-2.04707439630525e-05,0.00266559688066081,0.000134950736693895,4.22867352067868e-05,-0.00266196734310142,0.00266572129170836,0.00266572129170458
2113.30775004625,1457,baseline_local_before,common,True,True,valid,valid,4.17832211669065,-5.37458525565876,712.475685331011,4.17808778720246,5.37548843906453,0.0988159907776662,4.17833798080465,-5.37460566170473,712.478390434921,4.17822474302798,5.37553098445068,0.096114567405607,1.5864114003783e-05,-2.04060459765287e-05,0.00270510391044354,0.000136955825517759,4.25453861421232e-05,-0.00270142337205925,0.00270522739212852,0.00270522739213051
2113.30554199219,1458,baseline_local_before,common,True,True,valid,valid,4.17812242719113,-5.27765410135697,712.478233384234,4.17803790256395,5.2785813860002,0.0954690962003042,4.17813852135096,-5.27767443092129,712.480977855887,4.17817685083702,5.27862417711401,0.0927283555585063,1.60941598315034e-05,-2.03295643244061e-05,0.00274447165304537,0.000138948273061601,4.2791113807894e-05,-0.00274074064179786,0.00274459413530232,0.00274459413531587
2113.28597387671,1459,baseline_local_before,common,True,True,valid,valid,4.17620707720745,-5.18068210992818,712.475263466223,4.17602703792562,5.1815883351357,0.0975573029953694,4.17622339400149,-5.18070235129108,712.478047167299,4.17616796505338,5.18163135912571,0.0947773828327172,1.63167940412379e-05,-2.02413628969111e-05,0.00278370107582759,0.000140927127752377,4.3023990006219e-05,-0.00277992016265216,0.0027838224853793,0.00278382248531989
2113.2647960484,1460,baseline_local_before,common,True,True,valid,valid,4.17413267326563,-5.0837072554193,712.471780747017,4.17383432033945,5.08458822424654,0.100150634613556,4.17414921103506,-5.0837273968918,712.474603535595,4.17397721831483,5.0846314682626,0.0973316765334857,1.65377694276714e-05,-2.0141472494295e-05,0.0028227885781007,0.000142897975379697,4.32440160658132e-05,-0.00281895808006993,0.00282290887798166,0.00282290887799884
2113.2422631979,1461,baseline_local_before,common,True,True,valid,valid,4.17192439194402,-4.98673031343141,712.467866175068,4.17148852514029,4.98758249143343,0.103169360094967,4.17194114910725,-4.98675034338545,712.470727909656,4.17163338605254,4.98762594268984,0.100311505277887,1.67571632294639e-05,-2.00299540429327e-05,0.00286173458755457,0.000144860912250522,4.34512564133627e-05,-0.0028578548170799,0.00286185374384935,0.00286185374383261
2113.22463490069,1462,baseline_local_before,common,True,True,valid,valid,4.17020083320508,-4.88976511412559,712.465508860286,4.16969668488258,4.89060124633833,0.10465424137692,4.17021781062481,-4.88978502098332,712.468409398287,4.16984350321332,4.89064489209054,0.101757632215481,1.69774197287254e-05,-1.99068577373396e-05,0.00290053800051737,0.000146818330740928,4.36457522070555e-05,-0.0028966091614393,0.0029006559961862,0.00290065599616041
2113.21578846872,1463,baseline_local_before,common,True,True,valid,valid,4.16934515006402,-4.79281931074706,712.465940861494,4.16889672825705,4.79366222578142,0.103391714445365,4.16936235022988,-4.79283908298565,712.468880059836,4.16904550009194,4.793706053336,0.100456493879733,1.72001658613752e-05,-1.97722385939514e-05,0.00293919834223288,0.000148771834894035,4.38275545810995e-05,-0.00293522056563233,0.00293931517229936,0.0029393151723334
2113.21246646345,1464,baseline_local_before,common,True,True,valid,valid,4.16903542147073,-4.69588493982906,712.46812706453,4.16872071500957,4.69674899463229,0.100401341833503,4.16905284569928,-4.69590456599295,712.47110478149,4.16887143532266,4.69679299137412,0.0974276514062922,1.74242285506665e-05,-1.96261638887307e-05,0.00297771695989013,0.000150720313094155,4.39967418266463e-05,-0.0029736904272113,0.00297783261505191,0.00297783261500015
2113.21654656529,1465,baseline_local_before,common,True,True,valid,valid,4.16945721099146,-4.59896513683779,712.472664180444,4.16938073789028,4.5998695720559,0.0950953650009296,4.16947486145731,-4.59898460552951,712.475680274336,4.16953340251453,4.59991372542826,0.0920833462548671,1.76504658488952e-05,-1.94686917209808e-05,0.00301609389202895,0.000152664624245347,4.41533723645193e-05,-0.00301201874606249,0.00301620837052687,0.003016208370524
2113.22905531526,1466,baseline_local_before,common,True,True,valid,valid,4.17071198589013,-4.50206100332196,712.479878512062,4.17099277149468,4.50302773020171,0.0871523714127989,4.17072986531188,-4.50208030320353,712.482932841461,4.17114737681807,4.5030720277095,0.084102165656077,1.78794217431388e-05,-1.92998815693457e-05,0.00305432939842376,0.000154605323388068,4.42975077898922e-05,-0.00305020575672188,0.00305444270419763,0.00305444270425157
2113.23677517474,1467,baseline_local_before,common,True,True,valid,valid,4.17149352499341,-4.40514547181919,712.485569836261,4.17206385875616,4.40616202563141,0.0807095249029999,4.1715116306801,-4.40516459163402,712.488662263572,4.17222039593411,4.40620645489228,0.0776212693746174,1.8105686696579e-05,-1.91198148309368e-05,0.00309242731077575,0.000156537177950611,4.44292608641206e-05,-0.00308825552838243,0.00309253941860757,0.00309253941864713
2113.21989859641,1468,baseline_local_before,common,True,True,valid,valid,4.16984428937854,-4.3081810955769,712.48344349156,4.17035660796352,4.30918349395551,0.0819670099613177,4.16986261015741,-4.30820002415736,712.486573884618,4.17051505992109,4.30922804272047,0.0788408360987205,1.83207788646556e-05,-1.89285804657047e-05,0.00313039305717666,0.000158451957574357,4.45487649685106e-05,-0.00312617386259717,0.0031305038946656,0.00313050389466378
2113.17774318159,1469,baseline_local_before,common,True,True,valid,valid,4.1656969180709,-4.21116978583511,712.473282769754,4.16579402236112,4.21209227269361,0.09113830979868,4.16571544209805,-4.21118851207108,712.476450996991,4.16595437137979,4.21213692877611,0.0879743484110804,1.85240271539655e-05,-1.8726235968991e-05,0.00316822723686982,0.000160349018663908,4.46560825029252e-05,-0.00316396138759956,0.00316833673020078,0.00316833673016488
2113.13139742613,1470,baseline_local_before,common,True,True,valid,valid,4.16113558974915,-4.11415352927515,712.461789487769,4.16075823424188,4.11498519839085,0.101622213752648,4.16115431396571,-4.11417204208253,712.464995412822,4.16092047116448,4.11502994959109,0.0984206008348565,1.87242165576862e-05,-1.85128073750818e-05,0.00320592505283912,0.00016223692260553,4.47512002352823e-05,-0.00320161291779186,0.00320603318210279,0.00320603318204144
2113.08564373106,1471,baseline_local_before,common,True,True,valid,valid,4.15663292563398,-4.01714143996704,712.450483404895,4.15578943139927,4.01788382333845,0.111921773319182,4.15665184902617,-4.01715972831347,712.453726890705,4.15595354908062,4.01792865750268,0.108682645652038,1.89233921883414e-05,-1.82883464345807e-05,0.0032434858102306,0.000164117681343612,4.48341642300676e-05,-0.00323912766714329,0.00324359256990678,0.00324359256992381
2113.03392216563,1472,baseline_local_before,common,True,True,valid,valid,4.15154071971211,-3.92012197014292,712.437280118626,4.1501467375656,3.92075954028544,0.124090113474495,4.15155983836097,-3.92014002306363,712.440561030249,4.15031272605279,3.92080444534479,0.120813605598642,1.91186488658346e-05,-1.80529207143287e-05,0.0032809116221415,0.000165988487182744,4.49050593456235e-05,-0.00327650787585299,0.00328101699218153,0.0032810169921472
2112.99396189582,1473,baseline_local_before,common,True,True,valid,valid,4.14761082585948,-3.82312612840658,712.427812982299,4.14583245941757,3.82368946318708,0.132578410491874,4.14763014374164,-3.82314393497116,712.431131180924,4.14600031647235,3.8237344270754,0.129264661161187,1.93178821605855e-05,-1.78065645823899e-05,0.00331819862492466,0.000167857054783838,4.49638883264214e-05,-0.00331374933068673,0.00331830263369171,0.00331830263368501
2112.98091489822,1474,baseline_local_before,common,True,True,valid,valid,4.14634026136783,-3.72617756969138,712.426895980122,4.14455763985405,3.72673664641737,0.132644890374763,4.14635978954193,-3.72619511900951,712.43025132377,4.14472737017115,3.72678165708268,0.129294041827848,1.95281741017794e-05,-1.75493181280295e-05,0.00335534364819523,0.000169730317104211,4.50106653140381e-05,-0.00335084854691559,0.00335544636756939,0.00335544636746031
2112.99209592212,1475,baseline_local_before,common,True,True,valid,valid,4.14746364240515,-3.62926845420703,712.433675828239,4.1460189601475,3.62988626671514,0.125130006214135,4.14748339110614,-3.62928573545256,712.437068176154,4.1461905676535,3.62993131217963,0.12174219943131,1.97487009900854e-05,-1.7281245525691e-05,0.00339234791476883,0.000171607506004534,4.50454644891352e-05,-0.00338780678282546,0.00339244941413637,0.00339244941417648
2113.01362073328,1476,baseline_local_before,common,True,True,valid,valid,4.14960914041898,-3.53237376400169,712.443741219279,4.14864847006229,3.53307720245709,0.114378866572679,4.14962911379028,-3.53239076642538,712.447170434632,4.14882195277419,3.533122270852,0.110954238338877,1.99733712955563e-05,-1.70024236880728e-05,0.00342921535241203,0.000173482711900874,4.50683949040354e-05,-0.00342462823380174,0.00342931566805836,0.00342931566807428
2113.03306832537,1477,baseline_local_before,common,True,True,valid,valid,4.1515494535977,-3.43547312426178,712.453145533621,4.15104340483604,3.43625677825691,0.104278882879726,4.15156965009874,-3.43548983718723,712.456611483106,4.15121875525027,3.43630185781515,0.100817566205478,2.01965010351302e-05,-1.67129254475817e-05,0.00346594948507573,0.000175350414231445,4.50795582374042e-05,-0.00346131667424743,0.0034660486225135,0.00346604862253334
2113.04534643888,1478,baseline_local_before,common,True,True,valid,valid,4.15278137327837,-3.33855922109376,712.460270580525,4.15262861219604,3.33940443632368,0.0964239782708773,4.15280178891898,-3.33857563390702,712.463773132554,4.15280582043877,3.33944951535467,0.0929261043423821,2.04156406029554e-05,-1.64128132600361e-05,0.00350255202977223,0.000177208242732263,4.50790309916016e-05,-0.00349787392849521,0.00350264998252493,0.00350264998250952
2113.05228777602,1479,baseline_local_before,common,True,True,valid,valid,4.15348596736424,-3.24163563416435,712.465698601485,4.15361104573264,3.2425285215814,0.0902406511062281,4.15350659892938,-3.24165173630536,712.46923762451,4.1537901027061,3.24257358844877,0.0867063511062725,2.06315651425371e-05,-1.61021410156614e-05,0.0035390230249277,0.000179056973458103,4.50668673686039e-05,-0.00353429999995569,0.00353911979330934,0.00353911979339005
2113.04706643894,1480,baseline_local_before,common,True,True,valid,valid,4.15298870503321,-3.14469348133498,712.467260450003,4.15321973556633,3.14560239872875,0.0878655256524326,4.15300954591891,-3.14470926230671,712.470835814588,4.15340062888177,3.14564744187644,0.0842949285014356,2.08408856918751e-05,-1.5780971737378e-05,0.00357536458409413,0.000180893315445019,4.50431476917146e-05,-0.00357059715099695,0.00357546015091484,0.00357546015100633
2113.02182306349,1481,baseline_local_before,common,True,True,valid,valid,4.15051296223022,-3.04772365705361,712.462458633925,4.15056702009567,3.04859652170116,0.091758658578442,4.15053400180283,-3.04773910642186,712.466070212967,4.15074973344331,3.04864152965506,0.0881518906840029,2.10395726103485e-05,-1.54493682500423e-05,0.00361157904262654,0.000182713347641084,4.50079538953929e-05,-0.00360676789443914,0.00361167336946937,0.00361167336946145
2112.99068482313,1482,baseline_local_before,common,True,True,valid,valid,4.14745477724179,-2.95074735333101,712.455782428055,4.14724852723409,2.95156882443635,0.0974981073803747,4.14747601156926,-2.95076246070142,712.459430091551,4.14743305086892,2.95161378573841,0.0938552983518548,2.12343274705873e-05,-1.51073704106608e-05,0.00364766349593992,0.000184523634828793,4.49613020609974e-05,-0.00364280902851988,0.00364775658575466,0.00364775658573313
2112.9749850072,1483,baseline_local_before,common,True,True,valid,valid,4.14592214609315,-2.85379248877892,712.454010698898,4.14567363761643,2.85460270649617,0.098406643050339,4.14594358182666,-2.85380724379195,712.457694312283,4.14585997216197,2.85464760968587,0.0947279275247865,2.14357335135418e-05,-1.47550130309426e-05,0.00368361338576051,0.000186334545539069,4.49031896962993e-05,-0.00367871552555243,0.00368370530537322,0.00368370530542912
2112.97725923359,1484,baseline_local_before,common,True,True,valid,valid,4.14616557584638,-2.7568601772424,712.4579490928,4.1461286777196,2.7577058755309,0.0936906795457162,4.14618722114777,-2.7568745695932,712.461668521452,4.14631682530584,2.7577507092019,0.089976192287736,2.16453013983653e-05,-1.43923508018062e-05,0.00371942865274377,0.000188147586243304,4.48336709997221e-05,-0.00371448725798018,0.00371951947994436,0.00371951947998147
2112.98349271715,1485,baseline_local_before,common,True,True,valid,valid,4.14680024724998,-2.65993146048438,712.463144343438,4.14703083879628,2.66082292601447,0.0877367087928178,4.14682210340376,-2.65994547993735,712.466899456565,4.14722079485425,2.66086767886104,0.0839865804329065,2.18561537792539e-05,-1.40194529705262e-05,0.00375511312745402,0.000189956057965901,4.47528465699065e-05,-0.00375012835991129,0.00375520290217415,0.00375520290224709
2112.97968186811,1486,baseline_local_before,common,True,True,valid,valid,4.14644242184024,-2.56298981756552,712.465146588576,4.14679854332047,2.56390091749777,0.0849278904775019,4.14646448298585,-2.56300345395204,712.468937259166,4.14699029631249,2.5639455783121,0.08114224755127,2.20611456072106e-05,-1.36363865221867e-05,0.00379067058941018,0.000191752992023453,4.46608143231941e-05,-0.00378564292623196,0.00379075931214344,0.0037907593122244
2112.97011397406,1487,baseline_local_before,common,True,True,valid,valid,4.14551573468742,-2.46604126707889,712.465318136303,4.14591599366404,2.46695701823357,0.0839223454930789,4.14553799704809,-2.46605451028037,712.469144236815,4.14610953411054,2.46700157585354,0.0801013151561847,2.22623606660477e-05,-1.3243201477664e-05,0.00382610051178744,0.000193540446495888,4.45576199652464e-05,-0.00382103033689418,0.00382618819733007,0.00382618819733066
2112.96622164547,1488,baseline_local_before,common,True,True,valid,valid,4.14514987833553,-2.36909863537678,712.467291901153,4.14567440051993,2.37003378786877,0.0811416102869771,4.14517234404719,-2.36911147531946,712.471153301877,4.14586972475093,2.37007823115935,0.0772853221275227,2.24657116572047e-05,-1.28399426779779e-05,0.00386140072487251,0.000195324231007987,4.44432905801762e-05,-0.00385628815945438,0.00386148742460392,0.00386148742456123
2112.96988224238,1489,baseline_local_before,common,True,True,valid,valid,4.14553036390102,-2.27216308831622,712.471664485873,4.14628580011391,2.27313727513874,0.0759980160539726,4.14555303617764,-2.27217551497954,712.47556105718,4.1464829055399,2.27318159301874,0.0721065996308425,2.26722766276666e-05,-1.24266633121373e-05,0.00389657130665455,0.000197105425989719,4.43178799915955e-05,-0.00389141642313007,0.00389665708036159,0.00389665708032513
2112.96682102233,1490,baseline_local_before,common,True,True,valid,valid,4.14524665463616,-2.17521979850249,712.473899789445,4.14613798173806,2.17621552725777,0.0729596858648165,4.14526952918403,-2.1752318019304,712.477831405506,4.14633685843959,2.17625970874163,0.0690332666019913,2.28745478629833e-05,-1.20034279111891e-05,0.00393161606041303,0.000198876701524853,4.41814838598731e-05,-0.00392641926282522,0.00393170092628105,0.00393170092624177
2112.9270445779,1491,baseline_local_before,common,True,True,valid,valid,4.1413350273591,-2.07824184078987,712.46446673886,4.14184347140722,2.07916361256015,0.0814148965631603,4.14135808363984,-2.07825341109921,712.468433281208,4.14204409356605,2.07920764679543,0.0774535918039874,2.30562807388424e-05,-1.15703093341857e-05,0.00396654234759808,0.000200622158821773,4.40342352856504e-05,-0.00396130475917289,0.00396662623137453,0.00396662623138774
2112.8544575274,1492,baseline_local_before,common,True,True,valid,valid,4.13418161298613,-1.9812374323,712.444606938725,4.13384359991174,1.98199990985142,0.100140686187046,4.13420483206325,-1.98124855965459,712.448608288406,4.13404594328805,1.9820437860287,0.09614461383444,2.32190771249918e-05,-1.112735458908e-05,0.00400134968037946,0.000202343376308534,4.38761772878493e-05,-0.00399607235260646,0.00400143251951542,0.00400143251950287
2112.78604921699,1493,baseline_local_before,common,True,True,valid,valid,4.12744146559888,-1.88424191202772,712.426074655132,4.12631601433465,1.88485596017113,0.117558911434116,4.12746484834466,-1.88425258661874,712.430110685182,4.12652007411893,1.88489966744278,0.1135281982788,2.33827457707392e-05,-1.06745910186667e-05,0.00403603004974684,0.000204059784273625,4.37072716570341e-05,-0.00403071315531633,0.0040361118991119,0.00403611189904265
2112.74454620481,1494,baseline_local_before,common,True,True,valid,valid,4.12335979317599,-1.78727284704223,712.416090390574,4.12182694673514,1.78780842647151,0.126557223920258,4.12338335308881,-1.78728305910099,712.420160969381,4.12203273052316,1.78785195399198,0.122492001962655,2.3559912826876e-05,-1.02120587546217e-05,0.00407057880659067,0.000205783788025826,4.35275204706542e-05,-0.00406522195760317,0.00407065979618803,0.00407065979627769
2112.74350821972,1495,baseline_local_before,common,True,True,valid,valid,4.12327598607906,-1.69033696304618,712.41896169679,4.12190730296148,1.69089928954747,0.122892561231538,4.12329974460013,-1.69034670285173,712.423066690239,4.12211482617185,1.69094262649849,0.118792965327202,2.37585210731694e-05,-9.73980555563081e-06,0.00410499344968684,0.000207523210370653,4.33369510171033e-05,-0.00409959590433573,0.00410507375732858,0.00410507375731695
2112.76751592755,1496,baseline_local_before,common,True,True,valid,valid,4.12566665968093,-1.59341805573271,712.429789559575,4.12481588946045,1.5940722494708,0.111390519579004,4.12569063015731,-1.59342731362798,712.433928837625,4.12502515960802,1.59411538513127,0.107256680154364,2.39704763851378e-05,-9.25789527528309e-06,0.00413927805016101,0.000209270147571772,4.31356604657651e-05,-0.00413383942463952,0.00413935780875582,0.00413935780871532
2112.78220754862,1497,baseline_local_before,common,True,True,valid,valid,4.12713697616851,-1.49648995129628,712.437656309024,4.12667246785594,1.49721177723691,0.102805239013037,4.12716115282736,-1.49649871769469,712.441829749903,4.12688347372513,1.49725470102392,0.0986372773763833,2.41766588535697e-05,-8.76639841096427e-06,0.00417344087929905,0.000211005869182657,4.29237870109844e-05,-0.00416796163665367,0.00417352011299561,0.00417352011291879
2112.77792708576,1498,baseline_local_before,common,True,True,valid,valid,4.12673285895686,-1.39954783375131,712.439493600704,4.12638654174733,1.40028794404229,0.100159126645167,4.12675723038066,-1.39955609912117,712.443701085275,4.12659926660141,1.40033064544939,0.0959571612213495,2.4371423801739e-05,-8.26536985876203e-06,0.00420748457077025,0.000212724854087298,4.27014071000542e-05,-0.00420196542381746,0.00420756327295345,0.00420756327304441
2112.75552032888,1499,baseline_local_before,common,True,True,valid,valid,4.12453786690587,-1.30259465604586,712.435570088226,4.12405361349014,1.30330590154157,0.103187572713523,4.12456242190334,-1.30260241090459,712.439811497613,4.12426804083016,1.30334837011356,0.0989517216767126,2.45549974744463e-05,-7.75485873094617e-06,0.00424140938650908,0.00021442734001198,4.24685719879747e-05,-0.00423585103681035,0.00424148755387803,0.00424148755388939
2112.70892131329,1500,baseline_local_before,common,True,True,valid,valid,4.11995278785534,-1.20562951111302,712.423958612704,4.11898878787423,1.2062489697946,0.113788902200554,4.1199775114662,-1.20563674602963,712.428233829831,4.11920489751651,1.20629119514259,0.109519281758367,2.47236108572579e-05,-7.2349166133634e-06,0.00427521712629186,0.000216109642288131,4.22253479905876e-05,-0.00426962044218726,0.00427529473579208,0.00427529473578678
2112.64481386542,1501,baseline_local_before,common,True,True,valid,valid,4.11363818482997,-1.10865884184708,712.406783467174,4.11194707366806,1.10914097783529,0.129870652475233,4.11366306567579,-1.10866554743675,712.411092373925,4.11216484896069,1.10918294960805,0.125567380034681,2.48808458236383e-05,-6.70558966930912e-06,0.00430890675045248,0.000217775292632894,4.19717727586644e-05,-0.00430327244055206,0.00430898380195571,0.00430898380194272
2112.59767323732,1502,baseline_local_before,common,True,True,valid,valid,4.10899998751431,-1.01170046307903,712.394998250548,4.10682140170119,1.01208939003595,0.140643220001152,4.10902503431251,-1.01170662999492,712.399340721664,4.10704084574807,1.01213109786177,0.136306421005088,2.50467982008118e-05,-6.16691589572227e-06,0.00434247111581954,0.000219444046877015,4.17078258250214e-05,-0.00433679899606432,0.00434254772739215,0.00434254772739567
2112.59318292141,1503,baseline_local_before,common,True,True,valid,valid,4.10857517779556,-0.914762640027467,712.396762162828,4.10651151686183,0.915169250614459,0.138069519608734,4.10860041476478,-0.914768258967268,712.401138067949,4.10673264802413,0.915210684124403,0.133699325290536,2.52369692219645e-05,-5.61893980099981e-06,0.00437590512103725,0.000221131162298605,4.14335099447882e-05,-0.00437019431819863,0.00437598150195131,0.00437598150196061
2112.63696137071,1504,baseline_local_before,common,True,True,valid,valid,4.11291881797638,-0.817841885667045,712.413860494756,4.11165185855431,0.818391684440804,0.120390934729812,4.1129442732856,-0.817846947380884,712.418269702893,4.11187469911137,0.818432833313217,0.115987477129352,2.54553092267074e-05,-5.06171383862775e-06,0.00440920813628054,0.00022284055705768,4.11488724134657e-05,-0.00440345760046057,0.00440928452050413,0.00440928452048908
2112.6911444366,1505,baseline_local_before,common,True,True,valid,valid,4.11829061739757,-0.720919780395976,712.434264270493,4.11796732287228,0.721639820929636,0.0994563556541834,4.11831629702862,-0.720924275696502,712.438706659521,4.11819187333548,0.721680674977953,0.0950197569609372,2.56796310500462e-05,-4.49530052559766e-06,0.00444238902821326,0.000224550463201467,4.08540483167741e-05,-0.0044365986932462,0.00444246552368921,0.00444246552363681
2112.69622057676,1506,baseline_local_before,common,True,True,valid,valid,4.11881098494764,-0.623978438748807,712.439064135415,4.11873759682514,0.624741010897796,0.0938921397652166,4.11883685885022,-0.623982358510456,712.44353959666,4.11896382231198,0.624781560107302,0.089422507121526,2.5873902578688e-05,-3.91976164837438e-06,0.0044754612450788,0.000226225486841258,4.05492095065796e-05,-0.0044696326436906,0.00447553775311619,0.00447553775303402
2112.63426712155,1507,baseline_local_before,common,True,True,valid,valid,4.11270914503631,-0.527020028406764,712.422564878197,4.11193868928434,0.527650809284828,0.109308328727252,4.11273517152436,-0.527023363551552,712.427073307243,4.11216654347892,0.527691043723252,0.104805764499588,2.60264880465044e-05,-3.33514478800812e-06,0.00450842904638193,0.000227854194577048,4.02344384244913e-05,-0.00450256422766415,0.00450850540285038,0.0045085054029315
2112.55580130219,1508,baseline_local_before,common,True,True,valid,valid,4.10497639387757,-0.430062913738447,712.400818895708,4.1032755949915,0.430518961283917,0.129892793279396,4.10500256152703,-0.43006565522451,712.405360177585,4.10350506133699,0.430558870968719,0.125357411733603,2.6167649461506e-05,-2.74148606305147e-06,0.00454128187743663,0.000229466345487594,3.99096848022751e-05,-0.00453538154579292,0.00454135809554351,0.00454135809561098
2112.52289822698,1509,baseline_local_before,common,True,True,valid,valid,4.10174489173969,-0.333118427823289,712.393548086722,4.09975732508418,0.333518214209513,0.136218728988183,4.1017712274769,-0.333120566649473,712.398122093582,4.09998842475906,0.333557789093459,0.131650658972262,2.63357372105588e-05,-2.1388261841615e-06,0.00457400686002529,0.000231099674884661,3.95748839459031e-05,-0.00456807001592097,0.00457408317602449,0.00457408317606133
2112.54422590137,1510,baseline_local_before,common,True,True,valid,valid,4.10387058019292,-0.236181566413608,712.403505494301,4.10236222603597,0.236666096364953,0.125574229135395,4.10389711698186,-0.236183093630477,712.408112097044,4.10259498619429,0.236705326442284,0.120973601018363,2.6536788945819e-05,-1.52721686966228e-06,0.00460660274256952,0.000232760158326073,3.92300773315313e-05,-0.0046006281170321,0.00460667942898222,0.00460667942899197
2112.59522664547,1511,baseline_local_before,common,True,True,valid,valid,4.10892773533291,-0.139243781190861,712.422889751692,4.10831772066718,0.139890209141438,0.105643895661501,4.10895449138722,-0.139244687902882,712.427528827079,4.10855215398982,0.139929084508267,0.101010833296868,2.67560543001366e-05,-9.06712020853906e-07,0.00463907538664898,0.000234433322646055,3.88753668296715e-05,-0.00463306236463268,0.00463915263292563,0.00463915263291571
2112.6321297586,1512,baseline_local_before,common,True,True,valid,valid,4.11259239911424,-0.0423004205269341,712.437794298237,4.11268155323832,0.0430720823033282,0.0901262371392022,4.1126193652674,-0.0423006978896066,712.442465732898,4.11291764549535,0.0431105931875742,0.0854608532964676,2.69661531620002e-05,-2.77362672509995e-07,0.00467143466096331,0.000236092257026144,3.85108842460014e-05,-0.00466538384273463,0.00467151250046447,0.00467151250047374
2112.60887852311,1513,baseline_local_before,common,True,True,valid,valid,4.11031423265606,0.0546455369748355,712.433584296014,4.11025270439085,-0.053905085021527,0.0934372110128834,4.11034137012907,0.0546458977603379,712.438287986796,4.11049041222694,-0.0538669482626517,0.08873960692938,2.71374730180796e-05,3.60785502341587e-07,0.00470369078288968,0.000237707836092227,3.81367588753179e-05,-0.00469760408350339,0.00470376907954135,0.00470376907947923
2112.52045333385,1514,baseline_local_before,common,True,True,valid,valid,4.10159765554268,0.151585942897921,712.408665605628,4.10046471362926,-0.15104619198272,0.117147181970836,4.10162492153815,0.151586950588577,712.413401450799,4.1007039897382,-0.151008438938551,0.112417457287734,2.72659954667631e-05,1.00769065594641e-06,0.00473584517021663,0.000239276108935371,3.77530441690865e-05,-0.00472972468310218,0.00473592376693433,0.00473592376697485
2112.4912635088,1515,baseline_local_before,common,True,True,valid,valid,4.0987330329618,0.248526207406414,712.402566587897,4.09736541818397,-0.248033127222717,0.122319002084964,4.0987604644106,0.248527870709166,712.407334459912,4.09760629375235,-0.24799576764378,0.117557285794874,2.74314487942462e-05,1.66330275172544e-06,0.00476787201523621,0.000240875568387366,3.7359578937135e-05,-0.00476171629009059,0.00476795121667909,0.00476795121670706
2112.43461591005,1516,baseline_local_before,common,True,True,valid,valid,4.0931561817631,0.345460604345772,712.38774298627,4.09116598786607,-0.345085601771745,0.136084974340065,4.09318375984927,0.34546293192427,712.392542776381,4.09140843923102,-0.345048645211457,0.131291374165698,2.75780861747066e-05,2.32757849777387e-06,0.00479979011151954,0.000242451364947271,3.6956560287571e-05,-0.00479360017436647,0.00479986990272648,0.00479986990275772
2112.42705753446,1517,baseline_local_before,common,True,True,valid,valid,4.09242845065582,0.442400724180569,712.388513947513,4.09050902906476,-0.442016164744259,0.134489614082213,4.09245620645353,0.442403724644756,712.393345531429,4.09075308170754,-0.441979620829542,0.129664255506896,2.77557977073073e-05,3.00046418744149e-06,0.00483158391659799,0.000244052642784709,3.65439147165247e-05,-0.0048253585753173,0.00483166457136876,0.00483166457140199
2112.4451212585,1518,baseline_local_before,common,True,True,valid,valid,4.09423167873921,0.539347275947252,712.397423827664,4.09274489583952,-0.538886546148477,0.124877038899172,4.0942596284595,0.539350957860413,712.402287086583,4.09299056063895,-0.538850424414671,0.120020041258044,2.79497202875234e-05,3.68191316046929e-06,0.00486325891927208,0.000245664799429335,3.61217338067377e-05,-0.00485699764112724,0.00486334062751399,0.00486334062751597
2112.47532710433,1519,baseline_local_before,common,True,True,valid,valid,4.09723440772653,0.636299750049777,712.410190370062,4.09635173634223,-0.63573128469447,0.111465456654628,4.09726255895024,0.636304121929643,712.415085188529,4.09659901570547,-0.63569559460396,0.106576935552084,2.81512237148007e-05,4.37187986590537e-06,0.00489481846773288,0.00024727936323643,3.56900905096325e-05,-0.00488852110254356,0.00489490137150781,0.00489490137143303
2112.51528680325,1520,baseline_local_before,common,True,True,valid,valid,4.10120081856807,0.733258939847186,712.426055151006,4.10106001155136,-0.732557381061695,0.0950019399463145,4.10122917743574,0.733264010165409,712.430981414586,4.1013089064922,-0.732522132022464,0.0900820099064958,2.8358867670164e-05,5.07031822216675e-06,0.00492626357902282,0.000248894940838795,3.52490392305782e-05,-0.00491993003981861,0.00492634781389917,0.00492634781385271
2112.47825855017,1521,baseline_local_before,common,True,True,valid,valid,4.09756187811349,0.830193929767514,712.417457582107,4.09707530568859,-0.829559491375226,0.102635095478036,4.09759039246874,0.830199706969993,712.422415194726,4.09732575980467,-0.829524692619195,0.0976838500687336,2.85143552511968e-05,5.77720247907365e-06,0.00495761261856842,0.000250454116070387,3.47987560305185e-05,-0.00495124540930192,0.00495769798599236,0.00495769798604263
2112.51159006357,1522,baseline_local_before,common,True,True,valid,valid,4.10087357109144,0.927155768761839,712.431214056078,4.10103512577905,-0.926405492367543,0.0882483646371384,4.10090228766659,0.927162261217127,712.436202891783,4.10128718011959,-0.926371153293852,0.0832659317050002,2.87165751435836e-05,6.49245528849818e-06,0.00498883570503494,0.000252054340542429,3.43390736912141e-05,-0.00498243293213818,0.00498892257762086,0.00498892257765375
2112.50480484962,1523,baseline_local_before,common,True,True,valid,valid,4.10022225940543,1.02410304288563,712.432222965144,4.10046516597412,-1.02334126189661,0.0864186662798829,4.10025115048434,1.02411025894368,712.437242921202,4.10071878825421,-1.02330739169575,0.0814051471425046,2.88910789096875e-05,7.21605804554493e-06,0.00501995605827688,0.000253622280084187,3.38702008608749e-05,-0.00501351913737835,0.00502004438157323,0.00502004438150904
2112.54037815332,1524,baseline_local_before,common,True,True,valid,valid,4.10375557012935,1.12107184824876,712.446689719098,4.10467818533875,-1.12018841571145,0.0713322573640198,4.10378466408747,1.12107979619226,712.451740676398,4.10493339857544,-1.12015502364071,0.066287772212263,2.9093958120896e-05,7.94794349845418e-06,0.00505095729988625,0.000255213236691532,3.33920707369373e-05,-0.00504448515175682,0.0050510473442128,0.00505104734415207
2112.4979378283,1525,baseline_local_before,common,True,True,valid,valid,4.09958188797069,1.21800219348637,712.436366827553,4.10008202480713,-1.21720000246524,0.0806650428203284,4.09961113060955,1.21801088159146,712.441448691985,4.10033877064582,-1.21716709757073,0.0755896831710743,2.92426388588396e-05,8.68810509113693e-06,0.00508186443255454,0.00025674583869062,3.29048945131305e-05,-0.0050753596492541,0.00508195599409916,0.00508195599420583
2112.47461134195,1526,baseline_local_before,common,True,True,valid,valid,4.09729652696088,1.31494099836517,712.432116046848,4.09764416023501,-1.31417035115968,0.0840164892658777,4.09732593057145,1.3149504348345,712.437228705003,4.09790244587967,-1.31413794257198,0.0789103688953219,2.94036105765727e-05,9.43646933837528e-06,0.00511265815509887,0.000258285644662237,3.2408587699706e-05,-0.0051061203705558,0.00511275141486142,0.00511275141478638
2112.45902502537,1527,baseline_local_before,common,True,True,valid,valid,4.09577582606433,1.41188357128489,712.430323331196,4.09608024477627,-1.41112434964393,0.0849466243505503,4.09580539523377,1.41189376428038,712.435466672493,4.09634006986141,-1.41109244642974,0.0798098538637078,2.95691694436329e-05,1.01929954976487e-05,0.00514334129650251,0.000259825085137777,3.19032141922193e-05,-0.00513677048684258,0.00514343639265102,0.00514343639257254
2112.43638420105,1528,baseline_local_before,common,True,True,valid,valid,4.09355826407342,1.50882094796785,712.426287880917,4.09371975165383,-1.5080915078105,0.0880860108560455,4.09358799308882,1.50883190561357,712.431461798257,4.09398110568013,-1.50806011897016,0.0829186969181137,2.97290153978835e-05,1.09576457205662e-05,0.00517391733933437,0.000261354026299898,3.13888403411511e-05,-0.00516731393793179,0.00517401435237873,0.00517401435246418
2112.39634236693,1529,baseline_local_before,common,True,True,valid,valid,4.08962182253835,1.60574479433231,712.416722437456,4.08939450452014,-1.60509039654678,0.0966728086187914,4.08965169828589,1.60575652471428,712.42192682629,4.08965736970902,-1.60505953102173,0.0914750550160761,2.98757475496458e-05,1.17303819735515e-05,0.00520438883438601,0.000262865188879857,3.0865525054935e-05,-0.00519775360271524,0.00520448780396637,0.00520448780406881
2112.34287562966,1530,baseline_local_before,common,True,True,valid,valid,4.08435941099077,1.70265587627599,712.402890690631,4.08355359809172,-1.70211143900849,0.109462223411242,4.0843894229727,1.7026683874368,712.408125446081,4.08381795926312,-1.70208110569943,0.10423413437934,3.00119819325317e-05,1.25111608100248e-05,0.0052347554494645,0.000264361171403493,3.03333090618807e-05,-0.00522808903190253,0.00523485643202396,0.00523485643204128
2112.30122995377,1531,baseline_local_before,common,True,True,valid,valid,4.08026482625411,1.7995727377266,712.392813729374,4.07904746170592,-1.79910752960132,0.11855298522562,4.08029498187258,1.79958603765472,712.398078742016,4.07931332135834,-1.79907773739203,0.113294670339769,3.01556184716389e-05,1.32999281174939e-05,0.00526501264187118,0.000265859652422762,2.97922092906688e-05,-0.00525831488585027,0.00526511579820204,0.00526511579827788
2112.30914711952,1532,baseline_local_before,common,True,True,valid,valid,4.08106585535154,1.89652886930454,712.398481855205,4.08013699563767,-1.89601402275483,0.112133853734008,4.0810961893157,1.89654296592557,712.403777008673,4.08040438323833,-1.89598478052305,0.106845430728868,3.03339641636313e-05,1.4096621028914e-05,0.00529515346840981,0.000267387600665359,2.92422317800245e-05,-0.00528842300514043,0.00529525911718385,0.00529525911721113
2112.37531596422,1533,baseline_local_before,common,True,True,valid,valid,4.08762096640942,1.99353843787731,712.42265647256,4.08780344810288,-1.99282248404463,0.0874846077164193,4.0876515203288,1.99355333906635,712.427981649378,4.08807239996271,-1.99279380062668,0.082166195745458,3.05539193838911e-05,1.49011890335782e-05,0.00532517681835998,0.000268951859830224,2.8683417948816e-05,-0.00531841197096128,0.0053252853195132,0.0053252853195144
2112.41385483742,1534,baseline_local_before,common,True,True,valid,valid,4.09144705859027,2.09052885176284,712.438052106306,4.0923505517776,-2.08968364320687,0.0714832140457702,4.09147781229413,2.09054456539772,712.443407206484,4.09262104327215,-2.08965552729871,0.0661349120275645,3.07537038617411e-05,1.57136348826192e-05,0.00535510017857632,0.000270491494546832,2.81159081678695e-05,-0.00534830201820569,0.00535521153935217,0.00535521153931918
2112.36649537086,1535,baseline_local_before,common,True,True,valid,valid,4.08678779937119,2.18743961687123,712.426153518758,4.08719874564678,-2.18668854682985,0.0823684812764895,4.08681868971421,2.1874561508249,712.43153845415,4.08747070975037,-2.18666100702558,0.0769903743745317,3.08903430239482e-05,1.65339536635223e-05,0.00538493539215779,0.000271964103589539,2.75398042779429e-05,-0.00537810690195784,0.00538504937420535,0.00538504937427202
2112.27856233716,1536,baseline_local_before,common,True,True,valid,valid,4.07812099393458,2.28430581497464,712.401363211689,4.07746619753499,-2.28375439769884,0.105953037205268,4.07815199007889,2.28432317705703,712.406777885627,4.07773959911545,-2.28372744259932,0.100545220542813,3.09961443107909e-05,1.73620823891163e-05,0.00541467393782114,0.000273401580457744,2.69550995239953e-05,-0.00540781666245493,0.00541479049047943,0.00541479049052799
2112.20519189537,1537,baseline_local_before,common,True,True,valid,valid,4.07089311979179,2.38118079669641,712.3811996872,4.06937829492162,-2.38079116381776,0.124979960775818,4.07092423120499,2.38119899464401,712.386643992714,4.06965313865058,-2.38076480203471,0.119542541571604,3.11114132029999e-05,1.81979475994964e-05,0.00544430551462938,0.0002748437289668,2.63617830533747e-05,-0.00543741920421326,0.00544442482012124,0.00544442482006183
2112.18468675017,1538,baseline_local_before,common,True,True,valid,valid,4.06888690515864,2.47810881940041,712.377830284777,4.06725875460778,-2.47774351702519,0.127463529084707,4.0689181699829,2.47812786088241,712.38330410801,4.06753507349422,-2.47771775715942,0.121996622724282,3.12648242628555e-05,1.90414819951634e-05,0.00547382323281909,0.000276318886434979,2.57598657738001e-05,-0.00546690636042513,0.00547394563833281,0.00547394563832544
2112.21143811941,1539,baseline_local_before,common,True,True,valid,valid,4.07154815515466,2.57509029369498,712.389472621795,4.07047413537421,-2.57462645589268,0.115159460569089,4.07157960797906,2.57511018634017,712.394975850575,4.07075195895312,-2.57460130649079,0.109663180592861,3.14528244036438e-05,1.98926451919768e-05,0.00550322878075349,0.000277823578912262,2.51494018872478e-05,-0.00549627997622792,0.00550335461430655,0.00550335461427836
2112.23961824179,1540,baseline_local_before,common,True,True,valid,valid,4.0743506279423,2.6720766929957,712.40156795621,4.07385088107435,-2.6715106120273,0.102409146996024,4.07438226946931,2.67209744442202,712.407100487774,4.07413020544923,-2.67148608154805,0.0968835960313754,3.16415270065207e-05,2.07514263168562e-05,0.00553253156397204,0.000279324374879764,2.45304792465539e-05,-0.00552555096464857,0.00553266096144273,0.00553266096139487
2112.24785861373,1541,baseline_local_before,common,True,True,valid,valid,4.07518365778821,2.76904179008094,712.407327199113,4.07497646651462,-2.76842532463674,0.0959003523660158,4.07521547258785,2.76906340788203,712.41288893529,4.07525727187839,-2.76840142147701,0.0903456277285386,3.18147996400953e-05,2.16178010958856e-05,0.00556173617678724,0.000280805363765069,2.3903159726224e-05,-0.00555472463747719,0.0055618691831959,0.00556186918324768
2112.25169315934,1542,baseline_local_before,common,True,True,valid,valid,4.07558152735191,2.8660028692763,712.411685420315,4.07560459893426,-2.86534748620515,0.0907716763636017,4.07561351156152,2.8660253609958,712.417276260425,4.07588687692317,-2.86532421873233,0.0851878783944358,3.19842096070388e-05,2.24917194984187e-05,0.00559084010967581,0.000282277988908675,2.32674728164461e-05,-0.00558379796916597,0.00559097683764385,0.00559097683761752
2112.27000418305,1543,baseline_local_before,common,True,True,valid,valid,4.07740935039599,2.96298433248433,712.420641908958,4.0778671355907,-2.96225239641246,0.0811133567660818,4.07744151452469,2.96300770561203,712.426261749216,4.07815089205934,-2.96222977296553,0.0755005895515524,3.21641287008845e-05,2.33731276941818e-05,0.00561984025796392,0.000283756468647312,2.26234469358211e-05,-0.00561276721452941,0.00561998090382033,0.00561998090373506
2112.30553719401,1544,baseline_local_before,common,True,True,valid,valid,4.08093842015222,3.05999180991107,712.435069354906,4.08207417248263,-3.05913854271346,0.0660657090375025,4.0809707769905,3.06001607189446,712.440718091533,4.08235941556491,-3.05911657158904,0.0604240767611373,3.23568382825101e-05,2.42619833832336e-05,0.00564873662676746,0.000285243082274178,2.19711244242582e-05,-0.00564163227636527,0.00564888140142856,0.00564888140148296
2112.33219647408,1545,baseline_local_before,common,True,True,valid,valid,4.08359106470523,3.15699076425512,712.446676447501,4.08527938485014,-3.15603924950424,0.0537963201936691,4.08362360711247,3.15701592252329,712.452353982179,4.08556610301335,-3.15601793893586,0.0481259206908362,3.25424072382674e-05,2.51582681691787e-05,0.00567753467805687,0.000286718163209798,2.1310568381061e-05,-0.00567039950283288,0.00567768367974692,0.00567768367973829
2112.31995120645,1546,baseline_local_before,common,True,True,valid,valid,4.0824006374056,3.25393642306176,712.445920577249,4.08409183537741,-3.25298784767227,0.0537054469351688,4.08243333484883,3.25396248503139,712.451626817795,4.08437999399461,-3.25296720583085,0.0480063708662328,3.2697443226759e-05,2.60619696366149e-05,0.00570624054557811,0.000288158617195222,2.06418414232523e-05,-0.00569907606893594,0.00570639373974969,0.00570639373981497
2112.26856669784,1547,baseline_local_before,common,True,True,valid,valid,4.07734402756731,3.35082338689255,712.432727257745,4.07848509961131,-3.34997954759673,0.0658665078570948,4.07737684887751,3.35085035994487,712.438462112439,4.07877466344088,-3.34995958261392,0.0601388453909522,3.28213101932207e-05,2.69730523201339e-05,0.00573485469340085,0.000289563829568351,1.99649828132031e-05,-0.00572766246614265,0.00573501204343775,0.00573501204340429
2112.21012912691,1548,baseline_local_before,common,True,True,valid,valid,4.0715909531387,3.44769595917726,712.417292201923,4.07208222361526,-3.44697520403148,0.0802359158634545,4.07162389182743,3.44772385062936,712.423055573466,4.07237318182164,-3.44695592402047,0.0744797638471937,3.29386887294447e-05,2.78914520981388e-05,0.00576337154279827,0.000290958206377923,1.92800110112579e-05,-0.00575615201626078,0.00576353315516205,0.00576353315519104
2112.17899012566,1549,baseline_local_before,common,True,True,valid,valid,4.06853443696735,3.54460757325593,712.410529604234,4.06876150618681,-3.54393892089612,0.0860622705977221,4.06856751351024,3.5446363903561,712.416321389411,4.06905387460649,-3.54392033394975,0.0802777329976152,3.30765428966373e-05,2.88171001781024e-05,0.00579178517659784,0.000292368419685829,1.85869463784627e-05,-0.00578453760010689,0.00579195131322866,0.00579195131319796
2112.17497348785,1550,baseline_local_before,common,True,True,valid,valid,4.06815688788359,3.64156148276727,712.412382990834,4.06850284649764,-3.6408744139327,0.0834011731445798,4.06819012293806,3.6415912327247,712.418203087012,4.06879664117483,-3.64085652809988,0.077588353352553,3.32350544711701e-05,2.97499574317683e-05,0.00582009617801305,0.000293794677190817,1.78858328148124e-05,-0.00581281979202686,0.00582026710298891,0.00582026710297219
2112.16994304955,1551,baseline_local_before,common,True,True,valid,valid,4.06767921410193,3.73851425859277,712.413912982706,4.06812968281723,-3.73781142015757,0.0810586615297098,4.06771260627721,3.73854494860465,712.419761293009,4.06842489802776,-3.73779424342817,0.0752176562007207,3.33921752844191e-05,3.06900118847153e-05,0.00584831030300847,0.000295215210527999,1.71767294041558e-05,-0.00584100532898901,0.00584848615579064,0.00584848615573621
2112.15398447216,1552,baseline_local_before,common,True,True,valid,valid,4.06612216137269,3.83544879701355,712.411969605137,4.06652270348057,-3.83475861751006,0.0821377404607802,4.06615570135063,3.83548043424995,712.417846035012,4.06681932568487,-3.83474215782776,0.0762686435737123,3.35399779407553e-05,3.16372363990958e-05,0.00587642987522941,0.000296622204302821,1.64596823006846e-05,-0.00586909688706783,0.00587661075138859,0.00587661075136138
2112.13781286776,1553,baseline_local_before,common,True,True,valid,valid,4.06454408839992,3.93238248643729,712.409957257101,4.06489163666842,-3.9317055303853,0.0832847841563762,4.06457777533948,3.93241507802155,712.415861710502,4.06518966072865,-3.93168979565929,0.0773876915616256,3.36869395560768e-05,3.25915842585012e-05,0.0059044534016266,0.000298024060235491,1.57347260021368e-05,-0.00589709259475057,0.00590463944650654,0.00590463944649829
2112.12211336941,1554,baseline_local_before,common,True,True,valid,valid,4.06301266581235,4.02931653134554,712.408093615947,4.06331383161209,-4.02865158163611,0.0842853609120766,4.06304649942596,4.02935008436391,712.4140259972,4.06361325295997,-4.02863657973548,0.0783603681140903,3.38336136094242e-05,3.35530183743771e-05,0.00593238125361495,0.000299421347882856,1.50019006310842e-05,-0.00592499279798631,0.00593257261706032,0.00593257261706758
2112.09800108522,1555,baseline_local_before,common,True,True,valid,valid,4.06065035004545,4.12623463058804,712.403555851306,4.06078623279415,-4.12560357421849,0.0879202175831324,4.06068432285646,4.12626915209992,712.409516066857,4.0610870397744,-4.12558931296807,0.08196741764732,3.39728110052562e-05,3.45215118722209e-05,0.00596021555077186,0.000300806980249035,1.42612504134831e-05,-0.00595279993581244,0.00596041234297865,0.00596041234298756
2112.06540630758,1556,baseline_local_before,common,True,True,valid,valid,4.05745029838849,4.22313556173598,712.396321918695,4.05730101692482,-4.22256046616843,0.0942110794253495,4.05748440277155,4.22317105876547,712.402309875482,4.05760319775573,-4.22254695335378,0.0882305649171258,3.41043830598409e-05,3.54970294935697e-05,0.00598795678729402,0.000302180830907162,1.35128146494523e-05,-0.00598051450822368,0.00598815911900705,0.00598815911894477
2112.03755235672,1557,baseline_local_before,common,True,True,valid,valid,4.05471854086545,4.3200437199104,712.390592983005,4.05435101113745,-4.31951226719947,0.0990194124790378,4.05475277991556,4.3200801994322,712.396608586053,4.05465456466112,-4.31949951057238,0.0930112783574941,3.4239050111573e-05,3.64795218015246e-05,0.0060156030476719,0.000303553523664846,1.27566270951007e-05,-0.00600813412154366,0.00601581109204926,0.00601581109209069
2112.02968898043,1558,baseline_local_before,common,True,True,valid,valid,4.05396114806234,4.4169897812343,712.39121376607,4.05365769866569,-4.41645000060098,0.0975726981033631,4.05399553745862,4.41702725017058,712.397256918153,4.05396263619501,-4.41643800787912,0.0915370421382704,3.43893962799768e-05,3.74689362834246e-05,0.00604315208306616,0.000304937529321592,1.19927218591442e-05,-0.0060356559650927,0.00604336608611704,0.00604336608614152
2112.04823165759,1559,baseline_local_before,common,True,True,valid,valid,4.05581172899358,4.51398926431735,712.400222531411,4.05594531756418,-4.51337250221916,0.0878630276151853,4.05584628993724,4.51402772954677,712.406293134684,4.0562516559008,-4.51336128108179,0.0817999484436314,3.45609436633865e-05,3.84652294247445e-05,0.00607060327297404,0.000306338336621081,1.12211373739513e-05,-0.00606307917155391,0.00607082351337483,0.00607082351340727
2112.08509206772,1560,baseline_local_before,common,True,True,valid,valid,4.05947157393695,4.611028954434,712.415050072963,4.06030092370083,-4.61028758553378,0.072421290901957,4.05950632122317,4.61106842280813,712.421148031577,4.06060867333618,-4.61027714361671,0.0663308848797897,3.47472862207709e-05,3.94683741307134e-05,0.00609795861407747,0.000307749635354071,1.0441917074111e-05,-0.00609040602216737,0.00609818533544675,0.00609818533553592
2112.12187725306,1561,baseline_local_before,common,True,True,valid,valid,4.06312415529274,4.70807258461933,712.429853014405,4.06464817356221,-4.70720681012563,0.0570037713672491,4.06315908860871,4.70811306297562,712.435978236331,4.06495733006589,-4.7071971550193,0.0508861303590038,3.49333159705978e-05,4.04783562908406e-05,0.00612522192557208,0.000309156503682573,9.65510633044175e-06,-0.0061176410082453,0.00612545528686657,0.00612545528680212
2112.13604591787,1562,baseline_local_before,common,True,True,valid,valid,4.06454295338615,4.80507180351951,712.437469031264,4.06644208528804,-4.8041404465716,0.0486660753939532,4.06457805356812,4.80511329868799,712.443621428985,4.06675262559968,-4.8041315858221,0.0425212859108797,3.51001819671737e-05,4.14951684852838e-05,0.00615239772093901,0.000310540311637908,8.8607495003501e-06,-0.00614478948307351,0.00615263777484074,0.00615263777491611
2112.12253788114,1563,baseline_local_before,common,True,True,valid,valid,4.06322803982454,4.90201260241353,712.436289859276,4.06511122020867,-4.90108764951861,0.048992531140243,4.06326328320931,4.90205512119776,712.44246934663,4.06542311683359,-4.90107959063446,0.0428206781397193,3.52433847750078e-05,4.25187842338914e-05,0.00617948735464324,0.000311896624921815,8.05888415200684e-06,-0.0061718530005237,0.00617973412934399,0.00617973412942052
2112.09319131076,1564,baseline_local_before,common,True,True,valid,valid,4.06034873966662,4.99891780151531,712.43007694016,4.06199214937127,-4.99804045275649,0.0542777641267094,4.06038411227557,4.99896135067227,712.436283429339,4.06230538441584,-4.99803320321311,0.048078934646469,3.53726089477036e-05,4.354915695437e-05,0.0062064891785667,0.00031323504457248,7.24954337627537e-06,-0.00619882948024042,0.00620674275882292,0.00620674275881683
2112.05496797338,1565,baseline_local_before,common,True,True,valid,valid,4.05659275393479,5.09580117996936,712.421042452626,4.057870934625,-5.09499452930924,0.0623425668711661,4.05662824751743,5.09584576621483,712.42727585506,4.05818549588398,-5.09498809654711,0.0561168489641659,3.54935826374358e-05,4.45862454672152e-05,0.0062334024332813,0.000314561258981882,6.43276213452282e-06,-0.00622571790700022,0.00623366293786651,0.00623366293792214
2112.00990515389,1566,baseline_local_before,common,True,True,valid,valid,4.05216137197023,5.19266630869749,712.409833883793,4.05297765456884,-5.19194815059664,0.0725491066610857,4.05219697991639,5.19271193871204,712.416094111035,4.05329353148119,-5.19194254201998,0.0662965883308289,3.56079461631964e-05,4.56300145508237e-05,0.00626022724236464,0.000315876912353019,5.60857665909964e-06,-0.00625251833025686,0.00626049480074077,0.00626049480073962
2111.96897491626,1567,baseline_local_before,common,True,True,valid,valid,4.04813828012957,5.28953820241074,712.399937309254,4.04855099932207,-5.28889779857644,0.0814632374132316,4.04817400513583,5.28958488282833,712.406224271422,4.04886819055977,-5.28889302155464,0.0751840085160893,3.57250062599235e-05,4.66804175927038e-05,0.00628696216836033,0.000317191237698466,4.77702179679795e-06,-0.00627922889714227,0.00628723696418808,0.00628723696419314
2111.95209760219,1568,baseline_local_before,common,True,True,valid,valid,4.0464907682605,5.38646528168208,712.39768133528,4.04683965301215,-5.38584009548623,0.0828505995381192,4.04652663017012,5.3865130190778,712.403994939517,4.04715817424349,-5.38583615735416,0.0765447536696229,3.58619096179069e-05,4.77373957235017e-05,0.00631360423722072,0.000318521231342572,3.93813207288929e-06,-0.00630584586849636,0.00631388655265228,0.0063138865527449
2111.9492215924,1569,baseline_local_before,common,True,True,valid,valid,4.04622605115316,5.48342606897667,712.399872343912,4.04670883095032,-5.4827797027956,0.0798572256799162,4.04626206141132,5.4834748699052,712.40621249965,4.04702868955642,-5.48277661084896,0.073524853773506,3.60102581584698e-05,4.88009285302127e-05,0.00634015573791658,0.000319858606104617,3.09194663294932e-06,-0.00633237190641012,0.00634044580848654,0.0063404458083896
2111.95789308101,1570,baseline_local_before,common,True,True,valid,valid,4.04710179425907,5.5804162707399,712.405730811825,4.04788153859681,-5.57971870713139,0.0732510160628408,4.04713796234205,5.58046614172634,712.412097429442,4.04820274003425,-5.57971646862859,0.0668922080171797,3.6168082975685e-05,4.98709864436009e-05,0.00636661761768664,0.000321201437444074,2.23850280001159e-06,-0.00635880804566114,0.0063669156689368,0.00636691566897785
2112.00505276909,1571,baseline_local_before,common,True,True,valid,valid,4.05177885285673,5.67750564806652,712.423816590958,4.05339923690766,-5.67665680882501,0.054599557164579,4.05181521178214,5.67755659556684,712.430209576693,4.05372180996533,-5.67665543098918,0.0482144080702938,3.63589254126495e-05,5.09475003163118e-05,0.00639298573548785,0.000322573057673026,1.3778358249894e-06,-0.00638514909428523,0.00639329212795699,0.00639329212786492
2112.0587262623,1572,baseline_local_before,common,True,True,valid,valid,4.05709954291525,5.77461680518286,712.443971683679,4.05965257816147,-5.77359975320476,0.0339095692497722,4.05713609821343,5.77466883566349,712.450390949843,4.05997652444045,-5.77359924321983,0.0274981668992496,3.65552981813622e-05,5.20304806324035e-05,0.00641926616458477,0.00032394627898924,5.09984933394492e-07,-0.00641140235052262,0.00641958110413155,0.00641958110409415
2045.89265920222,1600,height_roi,common,True,True,valid,valid,-2.29104885599933,8.24669199998449,692.094243279409,-3.19233802110321,-8.41214525818532,20.0581024358112,-2.29107246736206,8.24677698971991,692.101375946256,-3.19204222811544,-8.41217186749681,20.0509754086926,-2.3611362726772e-05,8.4989735420038e-05,0.0071326668465872,0.000295792987763832,-2.66093114866806e-05,-0.00712702711859947,0.0071332122564789,0.0071332122565027
2046.08178387582,1601,height_roi,common,True,True,valid,valid,-2.27343061752266,8.34159372623787,692.153911563969,-3.17203115739405,-8.50655544851518,19.9985088841188,-2.27345412390212,8.34167997503994,692.161068163497,-3.17173418753354,-8.50658312097323,19.991357943527,-2.35063794518098e-05,8.62488020736407e-05,0.00715659952800252,0.000296969860510643,-2.76724580476895e-05,-0.00715094059182775,0.00715715783044778,0.00715715783051037
2046.17042990029,1602,height_roi,common,True,True,valid,valid,-2.26517640606365,8.43614417216873,692.183421040643,-3.16242935303676,-8.60086120617397,19.9686264901117,-2.26519990423745,8.43623168587469,692.190601517309,-3.16213130546876,-8.60088994807021,19.9614516871515,-2.3498173799652e-05,8.75137059637154e-05,0.00718047666623534,0.000298047567998339,-2.87418962425789e-05,-0.00717480296020767,0.0071810483891458,0.00718104838914167
2046.18903966248,1603,height_roi,common,True,True,valid,valid,-2.26345062930211,8.53044357847669,692.191903859763,-3.16029095069674,-8.69508802607955,19.9594587094854,-2.26347418716715,8.53053236284686,692.199108153615,-3.1599918959322,-8.69511784366481,19.9522601009603,-2.35578650387147e-05,8.8784370174011e-05,0.0072042938516006,0.000299054764543172,-2.98175852542215e-05,-0.00719860852507281,0.00720487942561168,0.00720487942562798
2046.19597668946,1604,height_roi,common,True,True,valid,valid,-2.26281297580883,8.62470169479087,692.19688103498,-3.15939655303028,-8.78930224944734,19.9537445573841,-2.26283660450252,8.62479175545287,692.204109077357,-3.15909650526748,-8.78933314891098,19.9465222113384,-2.36286936972085e-05,9.00606619946842e-05,0.0072280423768234,0.000300047762792133,-3.08994636384341e-05,-0.0072223460456371,0.00722864204668896,0.00722864204672908
2046.17721602321,1605,height_roi,common,True,True,valid,valid,-2.26457092804178,8.71886404274424,692.194141599562,-3.16124088802823,-8.88348386454893,19.9556325403883,-2.26459465266528,8.71895538533112,692.201393324467,-3.16093987529599,-8.88351585206399,19.9483865215815,-2.37246234973121e-05,9.13425868791506e-05,0.00725172490433579,0.000301012732236927,-3.19875150580629e-05,-0.00724601880676801,0.00725233896161106,0.00725233896161259
2046.15650652349,1606,height_roi,common,True,True,valid,valid,-2.26651052790052,8.81301826597043,692.190815854613,-3.16329294218431,-8.97766215386767,19.958098158596,-2.26653435027764,8.81311089604741,692.198091192825,-3.16299096940173,-8.9776952355657,19.9508285360488,-2.38223771167334e-05,9.26300769776844e-05,0.00727533821225279,0.000301972782573046,-3.30816980333992e-05,-0.00726962254725549,0.00727596687317074,0.00727596687318772
2046.16348294914,1607,height_roi,common,True,True,valid,valid,-2.26586918838425,8.9072786315578,692.195801159352,-3.16239449738566,-9.07187855989692,19.9523760320457,-2.26589308090602,8.90737255460938,692.203100037565,-3.16209154025166,-9.07191274186225,19.9450828801812,-2.38925217739272e-05,9.39230515779599e-05,0.00729887821228203,0.000302957133992976,-3.41819653222331e-05,-0.00729315186447366,0.00729952159733361,0.00729952159734226
2046.19172978401,1608,height_roi,common,True,True,valid,valid,-2.26324491517345,9.00162348597285,692.207171619596,-3.15922919521596,-9.1661271923811,19.9403634608112,-2.26326885636332,9.00171870747341,692.214493966024,-3.15892523548749,-9.16616248067543,19.933046852256,-2.39411898639297e-05,9.52215005618484e-05,0.00732234642828189,0.000303959728473302,-3.52882943293054e-05,-0.00731660855524296,0.00732300467912686,0.00732300467915355
2046.22055724263,1609,height_roi,common,True,True,valid,valid,-2.26056641172297,9.0959738038004,692.218715552134,-3.15600194834862,-9.26037986830435,19.9281799805071,-2.26059040059756,9.09607032924365,692.226061298701,-3.15569698808929,-9.26041626897839,19.920839983267,-2.39888745929839e-05,9.65254432472307e-05,0.0073457465670117,0.000304960259335019,-3.64006740340983e-05,-0.00733999724013756,0.00734641989366675,0.00734641989366731
2046.22051420808,1610,height_roi,common,True,True,valid,valid,-2.26057937657255,9.19021223826512,692.221589900776,-3.15585167320193,-9.35459162114427,19.9245375056929,-2.26060344169671,9.19031007318337,692.228958984417,-3.15554574376948,-9.3546291402463,19.9171741814431,-2.40651241538714e-05,9.78349182538807e-05,0.00736908364092415,0.000305929432446561,-3.75191020314247e-05,-0.00736332424980901,0.00736977235119011,0.00736977235119781
2046.17490963638,1611,height_roi,common,True,True,valid,valid,-2.26483987434337,9.28426802195305,692.210782940555,-3.16055728879801,-9.44873270450672,19.9343734744217,-2.26486406135924,9.28436717189318,692.218175301215,-3.16025043847561,-9.44877134807495,19.9269868810659,-2.41870158639301e-05,9.91499401248319e-05,0.00739236065999194,0.000306850322392194,-3.86435682280251e-05,-0.00738659335581815,0.00739306511872847,0.00739306511874029
2046.11463261396,1612,height_roi,common,True,True,valid,valid,-2.27046800775895,9.378261249675,692.195569852581,-3.16682646611286,-9.54284729611502,19.9485502812279,-2.27049233155239,9.37836172010164,692.202985425935,-3.16651871264951,-9.54288707014038,19.9411404823142,-2.43237934349771e-05,0.000100470426639632,0.00741557335311427,0.000307753463356875,-3.97740253639256e-05,-0.00740979891372717,0.00741629382569047,0.00741629382570393
2046.08583009243,1613,height_roi,common,True,True,valid,valid,-2.27316192476182,9.47237974791284,692.189805716412,-3.16974126764399,-9.63700981874567,19.953418281743,-2.27318635361643,9.4724815441752,692.197244431596,-3.16943258252578,-9.63705072915717,19.9459853494357,-2.44288546116245e-05,0.000101796262363507,0.00743871518488959,0.000308685118206142,-4.0910411495787e-05,-0.00743293230732434,0.00743945178422952,0.00743945178418656
2046.10618047416,1614,height_roi,common,True,True,valid,valid,-2.27127383123912,9.56670073448218,692.198797775429,-3.16741790331719,-9.73125405029694,19.9437488801348,-2.27129831518047,9.56680386187107,692.206259559444,-3.1671082398864,-9.73129610298269,19.9362928895548,-2.44839413481301e-05,0.000103127388893398,0.00746178401425368,0.000309663430790863,-4.2052685747862e-05,-0.00745599057995605,0.00746253679368455,0.0074625367936876
2046.1440115124,1615,height_roi,common,True,True,valid,valid,-2.26775607314572,9.66109750856364,692.21303738711,-3.16323153332209,-9.82553111803182,19.9289097115128,-2.2677805940174,9.66120197241455,692.220522172299,-3.16292087646768,-9.82557431888085,19.9214307310148,-2.45208716829204e-05,0.000104463850910008,0.00748478518835327,0.000310656854409785,-4.32008490349745e-05,-0.00747898049803553,0.00748555430713635,0.0074855543071001
2046.15452738106,1616,height_roi,common,True,True,valid,valid,-2.26678464627739,9.75538264212475,692.219074688909,-3.16195622226764,-9.91976368109615,19.9221512550438,-2.2668092315548,9.75548844784777,692.226582414886,-3.16164460213907,-9.9198080360126,19.9146493436756,-2.45852774019006e-05,0.000105805723014996,0.00750772597746163,0.000311620128574219,-4.43549164561574e-05,-0.00750191136819467,0.00750851174598135,0.00750851174597169
2046.13950243592,1617,height_roi,common,True,True,valid,valid,-2.26819424136131,9.8495603619666,692.217442021752,-3.16340299071781,-10.0139516091853,19.9229490885316,-2.26821891695807,9.84966751494995,692.224972628329,-3.16309043589561,-10.0139971240499,19.9154243052163,-2.46755967627799e-05,0.000107152983352066,0.00753060657677906,0.000312554822198052,-4.55148645510661e-05,-0.00752478331526163,0.00753140930112983,0.00753140930114771
2046.11889062822,1618,height_roi,common,True,True,valid,valid,-2.27012464434374,9.94371361271634,692.214130663379,-3.1654452134498,-10.1081288083127,19.9254007548074,-2.27014941589095,9.94382211828754,692.22168408784,-3.1651317323654,-10.108175488966,19.9178531618993,-2.47715472116994e-05,0.000108505571194684,0.00755342446109353,0.000313481084400991,-4.66806532664066e-05,-0.00754759290805396,0.007554244381669,0.00755424438176136
2046.09645164013,1619,height_roi,common,True,True,valid,valid,-2.27222535091002,10.0378580816643,692.210269500542,-3.16768218848099,-10.2023017258276,19.9283941023441,-2.27225022021349,10.0379679451243,692.217845680101,-3.16736778574758,-10.2023495780842,19.9208237624409,-2.48693034685665e-05,0.000109863459936577,0.00757617955866863,0.000314402733412322,-4.78522565856565e-05,-0.00757033990316813,0.00757701690424884,0.0075770169042135
2046.06036189571,1620,height_roi,common,True,True,valid,valid,-2.27559854304376,10.1319415769368,692.202308598968,-3.17137395210051,-10.2964472261735,19.935426463806,-2.27562352416081,10.1320528035938,692.209907473094,-3.17105864446945,-10.2964962558369,19.9278334367017,-2.49811170465186e-05,0.000111226656924757,0.00759887412652915,0.000315307631062467,-4.90296633763876e-05,-0.00759302710434895,0.00759972916729628,0.00759972916737661
2046.02146168984,1621,height_roi,common,True,True,valid,valid,-2.27923362918496,10.2260105167948,692.193502854134,-3.17536517842059,-10.3905850862435,19.9432911858754,-2.27925872505059,10.2261231119156,692.201124361169,-3.1750489715827,-10.3906352990851,19.9356755329918,-2.50958656300426e-05,0.000112595120821624,0.00762150703428688,0.000316206837887023,-5.02128415647007e-05,-0.00761565288360089,0.0076223800047878,0.00762238000478086
2046.0121331038,1622,height_roi,common,True,True,valid,valid,-2.28011209726315,10.3202095269212,692.193574413934,-3.17620504168856,-10.4847803555952,19.9424101653207,-2.28013727713506,10.3203234956837,692.20121848791,-3.17588790788397,-10.4848317573324,19.9347719538894,-2.51798719164142e-05,0.000113968762478933,0.00764407397605282,0.000317133804585978,-5.14017372381659e-05,-0.00763821143129917,0.00764496500032137,0.00764496500043209
2046.0204018876,1623,height_roi,common,True,True,valid,valid,-2.27935018912136,10.4144881348656,692.198928124022,-3.17516964795215,-10.5790119881431,19.9363252644324,-2.27937543448596,10.4146034824551,692.206594701277,-3.17485157153429,-10.5790645844823,19.9286645588371,-2.52453645992468e-05,0.000115347589561665,0.00766657725489495,0.000318076417855195,-5.25963392146167e-05,-0.00766070559529908,0.00766748649820291,0.00766748649821706
2046.0146640772,1624,height_roi,common,True,True,valid,valid,-2.27989391904069,10.5087044263953,692.200075322111,-3.1756269430809,-10.6732157347177,19.934384566678,-2.27991924431186,10.5088211580498,692.20776434416,-3.17530794106584,-10.6732695313753,19.9267014246552,-2.53252711699403e-05,0.000116731654495439,0.00768902204833921,0.000319002015061187,-5.37966575429039e-05,-0.00768314202275633,0.00768994978581574,0.00768994978578014
2045.99878072529,1625,height_roi,common,True,True,valid,valid,-2.28138337263389,10.6028744428205,692.198175203033,-3.17716546734908,-10.7673981486185,19.9354460622943,-2.2814087883013,10.6029925637526,692.205886611302,-3.17684555283653,-10.7674531512863,19.9277405418437,-2.54156674128758e-05,0.000118120932102173,0.00771140826907413,0.000319914512555641,-5.50026677608173e-05,-0.00770552045059958,0.00771235476382509,0.00771235476384566
2045.98577667493,1626,height_roi,common,True,True,valid,valid,-2.28260441130702,10.6970573812927,692.197138340345,-3.17839719073469,-10.8615864187794,19.9356571085781,-2.2826299142389,10.6971768966693,692.204872074837,-3.17807636328038,-10.8616426331151,19.9279292697331,-2.550293188186e-05,0.000119515376550083,0.00773373449226256,0.000320827454316941,-5.62143356983569e-05,-0.0077278388449713,0.00773469996325507,0.00773469996320665
2045.96782276779,1627,height_roi,common,True,True,valid,valid,-2.28428683486181,10.791216944442,692.194614129563,-3.18015643760922,-10.9557634876561,19.9373334945047,-2.28431243016944,10.791337859431,692.202370131926,-3.17983470492998,-10.9558209193051,19.9295833952855,-2.55953076329085e-05,0.000120914988963605,0.00775600236363516,0.000321732679246622,-5.74316490116189e-05,-0.00775009921926539,0.00775698705806856,0.00775698705810842
2045.93117123842,1628,height_roi,common,True,True,valid,valid,-2.28771209286497,10.885287608757,692.186475112707,-3.1839081943061,-11.0498976152655,19.9445415603579,-2.2877378002657,10.8854099285417,692.194253327087,-3.1835855785984,-11.0499562698681,19.9367692556366,-2.57074007325997e-05,0.000122319784697567,0.0077782143797549,0.000322615707702312,-5.86546026202228e-05,-0.0077723047213567,0.00777921859428097,0.00777921859436335
2045.89368429035,1629,height_roi,common,True,True,valid,valid,-2.29121512943033,10.9793521606449,692.178084249037,-3.18774892969236,-11.144027691902,19.9519977795251,-2.29124094984063,10.9794758903523,692.185884617455,-3.18742543446571,-11.1440875750596,19.9442033271365,-2.58204102983051e-05,0.000123729707416587,0.00780036841808851,0.000323495226655979,-5.98831575633341e-05,-0.00779445238856624,0.00780139238802908,0.00780139238801991
2045.87386697531,1630,height_roi,common,True,True,valid,valid,-2.29307112856482,11.0734993874979,692.174997067812,-3.18970678836096,-11.2381970325482,19.9542288816087,-2.29309704319985,11.0736245321965,692.182819530102,-3.18938239754132,-11.2382581498214,19.9464123424566,-2.59146350378714e-05,0.000125144698584378,0.00782246228993699,0.000324390819638865,-6.11172732227772e-05,-0.0078165391521452,0.00782350618593602,0.00782350618597384
2045.87765359879,1631,height_roi,common,True,True,valid,valid,-2.29272702422361,11.1677602017642,692.178995029473,-3.18914948660657,-11.3324219681875,19.9494797627535,-2.292753007802,11.1678867664924,692.186839525126,-3.18882417764518,-11.3324843251099,19.941641198374,-2.59835783893436e-05,0.00012656472819117,0.00784449565378509,0.000325308961386384,-6.23569223812126e-05,-0.00783856437954,0.00784555962561124,0.00784555962556658
2045.91103365272,1632,height_roi,common,True,True,valid,valid,-2.28962447379418,11.2621667627316,692.191876608082,-3.18543870724326,-11.4267199373528,19.9359785491723,-2.28965049440877,11.2622947524977,692.199743076251,-3.18511245098751,-11.4267835394304,19.9281180217388,-2.60206145865638e-05,0.000127989766049552,0.00786646816868597,0.000326256255746671,-6.36020776418889e-05,-0.00786052743353594,0.00786755234501471,0.00786755234504768
2045.96782878414,1633,height_roi,common,True,True,valid,valid,-2.28433913027712,11.3566922757372,692.211787722129,-3.17923254822069,-11.5210793210776,19.9155518455498,-2.28436516239373,11.3568216955477,692.219676103383,-3.17890532182099,-11.5211441738034,19.9076694155326,-2.60321166050126e-05,0.000129419810592779,0.00788838125413349,0.000327226399694069,-6.48527258242382e-05,-0.00788243001716182,0.00788948578609744,0.00788948578604191
2046.01304970216,1634,height_roi,common,True,True,valid,valid,-2.28013243351797,11.4511658102276,692.228223397657,-3.17425957840195,-11.6154151728841,19.898549108066,-2.28015848908059,11.4512966651567,692.236133638115,-3.17393139620093,-11.6154812817729,19.890644828715,-2.60555626234726e-05,0.000130854929079049,0.00791024045759059,0.000328182201023708,-6.61088887774497e-05,-0.00790427935100979,0.00791136562179444,0.00791136562175229
2045.99260076182,1635,height_roi,common,True,True,valid,valid,-2.28204743507585,11.5453149900859,692.22493998197,-3.17628516557434,-11.7095880725584,19.9009735834866,-2.28207358455772,11.5454472853223,692.232872035983,-3.17595610001644,-11.7096554431725,19.8930474972052,-2.61494818643015e-05,0.000132295236422664,0.00793205401248542,0.000329065557895802,-6.73706140279506e-05,-0.00792608628137259,0.00793320027996067,0.00793320027988646
2045.91579842567,1636,height_roi,common,True,True,valid,valid,-2.28921546843907,11.6391788133955,692.204735231013,-3.18431623670559,-11.8036141185402,19.9200689903528,-2.28924177280997,11.6393125540944,692.212689052026,-3.18398635078193,-11.8036827564154,19.9121211408744,-2.63043709045618e-05,0.000133740698833762,0.0079538210135297,0.000329885923655127,-6.86378751950656e-05,-0.0079478494783416,0.00795498882524167,0.00795498882531659
2045.84418560565,1637,height_roi,common,True,True,valid,valid,-2.29589936905452,11.7330636514616,692.186088450131,-3.19179389821563,-11.8976484273104,19.9376295466031,-2.29592582295439,11.7331988426181,692.194063983256,-3.19146318902722,-11.8977183378911,19.9296599889597,-2.64538998626662e-05,0.000135191156504177,0.00797553312531818,0.000330709188407496,-6.99105806987177e-05,-0.0079695576434915,0.00797672270363352,0.00797672270356219
2045.81197537482,1638,height_roi,common,True,True,valid,valid,-2.29891038540224,11.8271456652474,692.179270743216,-3.19507266577257,-11.9917830897,19.9435361264184,-2.29893694617153,11.8272823117602,692.187267929203,-3.19474109335367,-11.9918542783696,19.9355449216686,-2.65607692915282e-05,0.000136646512796545,0.00799718598671006,0.000331572418897252,-7.11886695938801e-05,-0.00799120474982828,0.0079983974301079,0.00799839743006873
2045.82352848351,1639,height_roi,common,True,True,valid,valid,-2.29784232079608,11.921452225068,692.185590629567,-3.19368815393977,-12.0860347654824,19.9364995299486,-2.2978689406668,11.9215903318102,692.193609409085,-3.19335567322488,-12.0861072375994,19.9284867394599,-2.66198707215004e-05,0.00013810674221304,0.00801877951812457,0.000332480714895667,-7.24721170417553e-05,-0.00801279048869219,0.00802001290834723,0.00802001290829398
2045.85471515357,1640,height_roi,common,True,True,valid,valid,-2.29494417849435,12.0158629298123,692.197804077395,-3.1902114902819,-12.180342346627,19.92365656863,-2.29497083573039,12.0160025017013,692.205844395072,-3.18987808203408,-12.1804161075619,19.9156222486507,-2.66572360341222e-05,0.000139571889057777,0.00804031767677316,0.000333408247819023,-7.37609349492629e-05,-0.00803431997928783,0.00804157318339385,0.00804157318345247
2045.86368273199,1641,height_roi,common,True,True,valid,valid,-2.29411702502509,12.1101603212801,692.203345551325,-3.1891025030529,-12.2745912253091,19.9173868662207,-2.29414374365994,12.1103013633229,692.211407358212,-3.18876819347128,-12.2746662804693,19.9093310645314,-2.67186348508197e-05,0.000141042042789863,0.00806180688709901,0.000334309581621284,-7.50551601989002e-05,-0.00805580168923825,0.00806308483324836,0.00806308483334822
2045.83678071201,1642,height_roi,common,True,True,valid,valid,-2.29663331070416,12.2042694001023,692.198116322563,-3.19181590554665,-12.36873995087,19.9217285440052,-2.29666012999148,12.2044119173279,692.206199572109,-3.19148073592792,-12.3688163056654,19.9136513053111,-2.68192873216222e-05,0.00014251722556935,0.00808324954562067,0.000335169618725928,-7.63547953326338e-05,-0.00807723869411348,0.00808455030601785,0.00808455030597071
2045.79956206679,1643,height_roi,common,True,True,valid,valid,-2.30011114049093,12.2983221011112,692.189788568888,-3.19562863816462,-12.4628576604985,19.9291229440928,-2.30013807180206,12.2984660984742,692.197893211412,-3.19529262209125,-12.46293532029,19.9210243174732,-2.69313111309621e-05,0.000143997363025505,0.008104642523449,0.000336016073369194,-7.76597915894683e-05,-0.00809862661958505,0.00810596638094283,0.0081059663808977
2045.7764788419,1644,height_roi,common,True,True,valid,valid,-2.30227137664725,12.3924486116971,692.18570359331,-3.19793511039125,-12.5570144520564,19.9323373538643,-2.30229840439096,12.3925940940796,692.193829576191,-3.1975982346418,-12.5570934221568,19.924217392543,-2.70277437066646e-05,0.000145482382473361,0.00812598288109712,0.000336875749443521,-7.89701003469645e-05,-0.00811996132131299,0.00812733002937763,0.00812733002940885
2045.77087236941,1645,height_roi,common,True,True,valid,valid,-2.30280264855528,12.4866687611064,692.186864405128,-3.19837934906384,-12.6512219449593,19.9303835827444,-2.30282975331185,12.4868157333697,692.195011675791,-3.19804159659028,-12.6513022306599,19.9222423400727,-2.71047565703064e-05,0.000146972263278755,0.0081472706627892,0.000337752473562603,-8.02857006068081e-05,-0.00814124267174066,0.00814864128347466,0.00814864128350798
2045.77377048135,1646,height_roi,common,True,True,valid,valid,-2.30254122840474,12.5809357260217,692.19057732215,-3.19791740857351,-12.7454553640001,19.92591546071,-2.30256840058278,12.5810841930377,692.198745829784,-3.19757877206717,-12.7455369705886,19.9177529878348,-2.71721780378265e-05,0.000148467016012788,0.00816850763453658,0.000338636506338474,-8.16065884929884e-05,-0.00816247287525584,0.00816990194296024,0.00816990194298549
2045.78081136942,1647,height_roi,common,True,True,valid,valid,-2.30189365481025,12.6752265668611,692.195532853991,-3.19701405779699,-12.839702487938,19.9202231061533,-2.30192088961003,12.6753765335013,692.2037225489,-3.19667453468628,-12.8397854206925,19.9120394528958,-2.72347997789524e-05,0.000149966640281107,0.00818969490865129,0.000339523110710616,-8.29327544984437e-05,-0.00818365325756076,0.00819111313707149,0.00819111313708096
2045.78518106043,1648,height_roi,common,True,True,valid,valid,-2.30149503788753,12.7695040464697,692.199685229609,-3.19639537847661,-12.9339428245547,19.9153220378674,-2.30152233809289,12.7696555176122,692.207896063541,-3.19605497370108,-12.9340270887479,19.9071172522634,-2.73002053536864e-05,0.000151471142448401,0.00821083393236677,0.000340404775524661,-8.42641931484422e-05,-0.00820478560399351,0.00821227633930523,0.0082122763392951
2045.76849587262,1649,height_roi,common,True,True,valid,valid,-2.30305889638627,12.8636652491959,692.197514923865,-3.19802033327734,-13.0281186364045,19.9166501807811,-2.30308628541039,12.8638182297551,692.205746851612,-3.19767907224907,-13.0282042373207,19.9084243069046,-2.73890241193619e-05,0.000152980559169791,0.00823192774669224,0.000341261028275142,-8.56009162042426e-05,-0.0082258738764267,0.00823339466058124,0.0082333946605974
2045.71860718727,1650,height_roi,common,True,True,valid,valid,-2.30771747689961,12.9576393083011,692.18537470435,-3.20318335610134,-13.1221889100318,19.9278008714322,-2.30774499198941,12.9577938032134,692.193627682858,-3.20284127795566,-13.1222758529596,19.9195539505837,-2.75150897945942e-05,0.000154494912251835,0.00825297850803963,0.000342078145681768,-8.69429278260725e-05,-0.00824692084847811,0.0082544703047647,0.00825447030472065
2045.65200051665,1651,height_roi,common,True,True,valid,valid,-2.31393399637336,13.0515155061476,692.168214712743,-3.21012754062814,-13.2162024101897,19.9438971765285,-2.31396165649037,13.0516715202978,692.176488697152,-3.20978466631431,-13.216290700381,19.9356292526325,-2.76601170110524e-05,0.000156014150203276,0.00827398440935667,0.000342874313837171,-8.82901913090706e-05,-0.00826792389602815,0.00827550140495511,0.00827550140495934
2045.60307848454,1652,height_roi,common,True,True,valid,valid,-2.31850208465565,13.145487976927,692.156363248109,-3.2151872341883,-13.3102687322194,19.954763476258,-2.31852987005138,13.1456455151014,692.164658189308,-3.2148435461747,-13.3103583748621,19.9464745992198,-2.77853957344476e-05,0.000157538174317295,0.00829494119955143,0.000343688013593635,-8.96426427505759e-05,-0.00828887703823966,0.00829648358092747,0.00829648358096031
2045.58293753862,1653,height_roi,common,True,True,valid,valid,-2.32038780946168,13.2396226057249,692.1531508938,-3.21718039768453,-13.4044264997161,19.9571183937639,-2.32041568767331,13.2397816726702,692.161466741669,-3.21683586578322,-13.4045174999672,19.9488086150673,-2.78782116285292e-05,0.000159066945352393,0.00831584786874373,0.000344531901305345,-9.10002511673724e-05,-0.00830977869668459,0.00831741578038978,0.00831741578043341
2045.56667992473,1654,height_roi,common,True,True,valid,valid,-2.32191160591891,13.3337789088777,692.151103104463,-3.21875984701277,-13.4985964094165,19.9583259810499,-2.32193957249989,13.3339395093961,692.159439812814,-3.21841446884781,-13.498688772456,19.9499953469933,-2.79665809812535e-05,0.000160600518421816,0.00833670835140765,0.000345378164958277,-9.23630394762398e-05,-0.0083306340566196,0.00833830203294407,0.00833830203298019
2045.53524550796,1655,height_roi,common,True,True,valid,valid,-2.32484973657959,13.4278463427883,692.144498130019,-3.22195628269047,-13.5927147513024,19.9640234314724,-2.32487780874025,13.4280084817231,692.152855655772,-3.22161007738196,-13.5928084823259,19.9556719842813,-2.80721606542578e-05,0.000162138934761913,0.00835752575380866,0.000346205308503045,-9.37310234849775e-05,-0.00835144719110303,0.00835914551888795,0.00835914551890216
2045.56271141768,1656,height_roi,common,True,True,valid,valid,-2.32229879252053,13.5222575511403,692.155573517218,-3.21887742306576,-13.6870321505374,19.9523018016946,-2.32232690309936,13.5224212331298,692.163951807673,-3.21853032587742,-13.6871272546145,19.9439295969843,-2.81105788246805e-05,0.000163681989587161,0.00837829045553917,0.000347097188335255,-9.51040771504097e-05,-0.00837220471032651,0.0083799363336326,0.00837993633360387
2045.5470290184,1657,height_roi,common,True,True,valid,valid,-2.32376894865563,13.6164170093202,692.153694711573,-3.22039571883557,-13.7812038321059,19.9533429563228,-2.32379714669143,13.6165822392646,692.162093728469,-3.22004778046832,-13.7813003144498,19.9449500300797,-2.81980357970113e-05,0.000165229944432355,0.00839901689539602,0.000347938367251999,-9.64823438316387e-05,-0.00839292624311838,0.00840068930939049,0.00840068930936637
2045.54452031851,1658,height_roi,common,True,True,valid,valid,-2.3240113932876,13.7106543940805,692.155769419097,-3.22051049589561,-13.8754210799691,19.9504890277168,-2.32403966362019,13.7108211767223,692.16418911698,-3.22016170323776,-13.875518945694,19.942075425986,-2.82703325935607e-05,0.00016678264182346,0.00841969788302777,0.000348792657852925,-9.78657249035564e-05,-0.0084136017308083,0.0084213970398492,0.00842139703985885
2045.54404813051,1659,height_roi,common,True,True,valid,valid,-2.32406403764674,13.8049046284091,692.158454277041,-3.22040834017152,-13.9696461831714,19.9470339741224,-2.32409237780488,13.8050729685125,692.166894612478,-3.22005869269722,-13.9697454373968,19.9385997403646,-2.83401581429032e-05,0.000168340103360975,0.00844033543671685,0.000349647474308767,-9.92542254500961e-05,-0.00843423375783914,0.00844206158703319,0.00844206158704339
2045.54094469547,1660,height_roi,common,True,True,valid,valid,-2.32436188634077,13.8991398192904,692.160348014659,-3.22058656906534,-14.0638627183839,19.944358365137,-2.32439029921485,13.8993097216244,692.168808945345,-3.22023607155438,-14.0639633662251,19.9359035414436,-2.84128740792866e-05,0.000169902333977845,0.00846093068662412,0.000350497510964942,-0.000100647841151158,-0.0084548236933415,0.00846268410011636,0.00846268410013098
2045.53346866369,1661,height_roi,common,True,True,valid,valid,-2.32506722339314,13.9933490737781,692.160927857606,-3.22123071391765,-14.1580640716914,19.9429772562448,-2.32509571390814,13.9935205431092,692.169409341969,-3.2208793731497,-14.1581661182549,19.934501883887,-2.84905150000903e-05,0.000171469331158747,0.00848148436284646,0.000351340767952735,-0.000102046563519309,-0.00847537235779328,0.00848326531697447,0.00848326531705794
2045.53850471973,1662,height_roi,common,True,True,valid,valid,-2.32460649982714,14.087635037627,692.165262688744,-3.22054181808385,-14.2523113989503,19.9378966329353,-2.32463505340122,14.0878080786689,692.173764683428,-3.22018962143108,-14.2524148493044,19.9294007558375,-2.85535740807141e-05,0.0001730410418741,0.00850199468425217,0.000352196652769976,-0.000103450354099976,-0.00849587709785737,0.00850380339141362,0.00850380339141747
2045.55363112688,1663,height_roi,common,True,True,valid,valid,-2.32320538126696,14.1819843489642,692.17262560328,-3.21877787133984,-14.3465972881143,19.9298326519131,-2.32323398602533,14.1821589664297,692.181148065765,-3.21842480884145,-14.3467021473198,19.9213163130456,-2.86047583686333e-05,0.000174617465491522,0.00852246248416577,0.000353062498387402,-0.000104859205450225,-0.00851633886748004,0.00852429916682122,0.00852429916688091
2045.55475395918,1664,height_roi,common,True,True,valid,valid,-2.32310931219433,14.2762490351464,692.175783301103,-3.21850597565929,-14.4408329727105,19.9259117888374,-2.32313798420407,14.2764252338079,692.184326192603,-3.21815206510097,-14.4409392458569,19.9173750261859,-2.86720097348869e-05,0.000176198661492322,0.00854289150004206,0.000353910558320791,-0.000106273146450064,-0.00853676265148806,0.00854475647598835,0.0085447564759207
2045.52208954096,1665,height_roi,common,True,True,valid,valid,-2.32616205583366,14.370304051141,692.168796337308,-3.22183401666011,-14.5349420235024,19.931985802559,-2.32619083434612,14.3704818358199,692.177359622176,-3.22147929884818,-14.5350497157029,19.9234286499382,-2.87785124624129e-05,0.000177784678925264,0.00856328486725033,0.000354717811930527,-0.000107692200487008,-0.00855715262082413,0.00856517853360446,0.00856517853358724
2045.46661657095,1666,height_roi,common,True,True,valid,valid,-2.3313402837392,14.4642141508208,692.154961104993,-3.22759207965808,-14.6289622127419,19.9448070055134,-2.33136919545773,14.4643935263033,692.163544746582,-3.22723658290807,-14.6290713290824,19.936229498296,-2.89117185343635e-05,0.000179375482534994,0.00858364158898439,0.000355496750010786,-0.000109116340468063,-0.00857750721741013,0.00858556430174195,0.00858556430176539
2045.4354044795,1667,height_roi,common,True,True,valid,valid,-2.33425749443967,14.5582737942033,692.148408084899,-3.23076529306833,-14.7230723391384,19.9504535558024,-2.33428651111908,14.5584547651393,692.157012040766,-3.230408991062,-14.7231828846158,19.9418557376149,-2.90166794134628e-05,0.000180970935943492,0.00860395586687446,0.000356302006331077,-0.00011054547747591,-0.00859781818746796,0.00860590779676751,0.0086059077968022
2045.45676484704,1668,height_roi,common,True,True,valid,valid,-2.33227550976434,14.6526658946752,692.157635948209,-3.22833754806917,-14.8173857522613,19.9405522167347,-2.33230456971605,14.6528484656285,692.166260172657,-3.22798038122409,-14.8174977318136,19.9319341359511,-2.90599517027701e-05,0.000182570953317196,0.00862422444822641,0.00035716684508813,-0.00011197955229747,-0.00861808078354898,0.00862620565296088,0.00862620565295884
2045.47454473376,1669,height_roi,common,True,True,valid,valid,-2.33062713146172,14.747037700469,692.165787930529,-3.22629125252872,-14.9116876769739,19.9317108726281,-2.33065623865321,14.7472218761548,692.17443238586,-3.22593322649453,-14.9118010956245,19.9230725666913,-2.91071914899632e-05,0.000184175685788546,0.00864445533136404,0.000358026034195547,-0.000113418650606434,-0.0086383059367563,0.0086464660924438,0.00864646609248346
2045.4304035902,1670,height_roi,common,True,True,valid,valid,-2.33474921324343,14.841013180362,692.15534971065,-3.23084211083643,-15.0057454412621,19.9411853372226,-2.33477844049788,14.8411989656558,692.164014367398,-3.23048329968076,-15.0058603041275,19.9325268322676,-2.92272544526462e-05,0.000185785293810525,0.00866465674857864,0.00035881115567804,-0.000114862865466137,-0.00865850495495124,0.00866669758203714,0.0086666975820215
2045.3730122447,1671,height_roi,common,True,True,valid,valid,-2.34010588584127,14.9349000789325,692.140933011715,-3.23680448196526,-15.0997471892045,19.9545796041663,-2.34013524894316,14.9350874785691,692.149617834423,-3.23644490304256,-15.0998635013097,19.9459009348687,-2.93631018872809e-05,0.000187399636633501,0.00868482270789173,0.000359578922697779,-0.00011631210517038,-0.00867866929752381,0.00868689393759787,0.0086868939376074
2045.36208957434,1672,height_roi,common,True,True,valid,valid,-2.34113226469431,15.0290860913566,692.140464689124,-3.23781628448639,-15.1939338799767,19.9542313901746,-2.34116170876026,15.0292751098963,692.14916963493,-3.23745588488568,-15.1940516462325,19.9455326017713,-2.94440659498463e-05,0.000189018539753505,0.00870494580601644,0.000360399600708661,-0.000117766255826268,-0.00869878840330784,0.00870704751606843,0.00870704751616329
2045.38860711455,1673,height_roi,common,True,True,valid,valid,-2.33866975245861,15.1235176834914,692.151234361386,-3.23483944824575,-15.2882741644471,19.9428110323736,-2.33869923295003,15.1237083255146,692.159959389151,-3.23447818531335,-15.2883933897705,19.9340921679183,-2.9480491415157e-05,0.000190642023213172,0.00872502776462625,0.000361262932397466,-0.000119225323366834,-0.008718864455318,0.00872716007495496,0.00872716007497651
2045.42241969705,1674,height_roi,common,True,True,valid,valid,-2.33552732638987,15.2180004661287,692.16419314825,-3.23108534847099,-15.3826477208154,19.9292338527429,-2.33555683435538,15.2181927362973,692.172938221326,-3.23072321490357,-15.3827684101681,19.9204949492066,-2.9507965515041e-05,0.000192270168662745,0.00874507307685235,0.000362133567417544,-0.000120689352684167,-0.00873890353625484,0.00874723622964844,0.00874723622960242
2045.46154102683,1675,height_roi,common,True,True,valid,valid,-2.33189002762937,15.3125221451207,692.178744965704,-3.22676553359122,-15.4770471340176,19.9140871329829,-2.33191955643047,15.3127160480987,692.18751004821,-3.22640252436182,-15.477169292357,19.9053282264711,-2.95288011002981e-05,0.000193902978018912,0.00876508250553343,0.00036300922939958,-0.000122158339436851,-0.00875890651184363,0.0087672767518647,0.00876727675186201
2045.51084423065,1676,height_roi,common,True,True,valid,valid,-2.32730363456845,15.4071159463593,692.196353087276,-3.22136071048295,-15.5714936526158,19.895929181799,-2.32733317169684,15.4073114867929,692.205138143188,-3.22099681470693,-15.5716172848829,19.8871503088186,-2.95371283924872e-05,0.00019554043361758,0.00878505591197154,0.000363895776015255,-0.000123632267097662,-0.00877887298042879,0.00878728148403129,0.00878728148404113
2045.54498642683,1677,height_roi,common,True,True,valid,valid,-2.32413002446375,15.5016127006764,692.20940880436,-3.21757111298763,-15.665880386867,19.8822564544065,-2.32415958771139,15.5018098832825,692.218213801479,-3.21720634987903,-15.666005498042,19.873457646288,-2.95632476388086e-05,0.000197182606070712,0.00880499711934135,0.00036476310860678,-0.000125111174995141,-0.00879880811851308,0.00880725435293868,0.00880725435297067
2045.5295612216,1678,height_roi,common,True,True,valid,valid,-2.32557607663632,15.5957777530875,692.207581155221,-3.21906303649763,-15.760057243787,19.883247539042,-2.32560572526011,15.5959765826817,692.216406066334,-3.21869746647057,-15.760183838908,19.8744288202779,-2.9648623798284e-05,0.000198829594131311,0.00882491111349282,0.000365570027064166,-0.000126595121066941,-0.00881871876413243,0.00882720048539992,0.00882720048544424
2045.46228566766,1679,height_roi,common,True,True,valid,valid,-2.3318544274843,15.6895894935834,692.190184971291,-3.22607958900418,-15.854008221878,19.8995775502551,-2.33188422389482,15.6897899749874,692.199029769948,-3.22571327558915,-15.8541363059833,19.8907389444352,-2.97964105175907e-05,0.000200481403942021,0.00884479865669618,0.000366313415032238,-0.000128084105213588,-0.00883860581996032,0.00884712065572189,0.00884712065570926
2045.37942111492,1680,height_roi,common,True,True,valid,valid,-2.33958518915679,15.7832898817746,692.168108420177,-3.23475668974185,-15.9478861580335,19.9205189579985,-2.33961515242212,15.7834920197026,692.176973075664,-3.23438965336118,-15.9480157360883,19.9116604949114,-2.99632653284476e-05,0.000202137927985291,0.00886465548705928,0.000367036380662711,-0.000129578054806956,-0.00885846308710825,0.0088670104569381,0.00886701045689453
2045.31597408652,1681,height_roi,common,True,True,valid,valid,-2.34550605916089,15.877118119037,692.151861050507,-3.24136467822601,-16.0418442298254,19.9357172165801,-2.34553616613173,15.8773219180979,692.160745528044,-3.24099689730914,-16.0419753067232,19.9268389319686,-3.01069708386059e-05,0.000203799060905396,0.0088844775373218,0.000367780916867844,-0.000131076897780247,-0.00887828461145546,0.00888686567908476,0.00888686567907666
2045.28619521856,1682,height_roi,common,True,True,valid,valid,-2.34828941339407,15.9711752938026,692.145719937122,-3.24438572809438,-16.1359485164219,19.9409583005473,-2.34831962348861,15.9713807585604,692.154624200588,-3.24401716371577,-16.136081097022,19.9320602322749,-3.02100945366313e-05,0.000205464757767615,0.00890426346654749,0.000368564378611325,-0.000132580600176624,-0.00889806827240136,0.00890668492191055,0.00890668492184607
2045.29355996847,1683,height_roi,common,True,True,valid,valid,-2.34761159900427,16.0654897410573,692.150727860003,-3.2434498125055,-16.2302188171881,19.9352147702427,-2.3476418671473,16.0656968760628,692.159651873345,-3.24308042124769,-16.2303529063364,19.9262969563064,-3.02681430337515e-05,0.00020713500546421,0.00892401334226633,0.000369391257802221,-0.000134089148339456,-0.00891781393636393,0.00892646823799418,0.00892646823803512
2045.32687938213,1684,height_roi,common,True,True,valid,valid,-2.34451516698226,16.1599875905582,692.16352628316,-3.23974883506347,-16.324608752418,19.9217956055851,-2.34454546142541,16.1601964003933,692.172470012294,-3.2393785867343,-16.3247443549753,19.9128580814178,-3.02944431589403e-05,0.000208809835143597,0.00894372913376174,0.000370248329165435,-0.000135602557293169,-0.00893752416732241,0.00894621764315163,0.00894621764324267
2045.36395850778,1685,height_roi,common,True,True,valid,valid,-2.34106823896857,16.2545155434147,692.177452670716,-3.23564719996692,-16.4190195581288,19.907265092555,-2.34109855484244,16.2547260327268,692.186416084939,-3.23527609107477,-16.4191566789934,19.8983078890068,-3.03158738712561e-05,0.000210489312035378,0.00896341422355817,0.000371108892153416,-0.00013712086458284,-0.0089572035482206,0.00896593661285728,0.00896593661284726
2045.37784013152,1686,height_roi,common,True,True,valid,valid,-2.33978298560036,16.3488828777326,692.184413869841,-3.23401698153942,-16.5133267575246,19.899597075488,-2.33981335097697,16.3490950512498,692.193396942432,-3.23364504132284,-16.5134654016433,19.8906202179579,-3.0365376604724e-05,0.000212173517244452,0.00898307259103603,0.000371940216574274,-0.000138644118734987,-0.00897685753011501,0.0089856292396993,0.00898562923964414
2045.35829877853,1687,height_roi,common,True,True,valid,valid,-2.34161243227294,16.4430138019463,692.181339555269,-3.23594774427286,-16.6074796907699,19.9018166464168,-2.34164288794572,16.4432276644288,692.190342261307,-3.23557501459841,-16.6076198631067,19.8928201579339,-3.0455672781482e-05,0.000213862482528526,0.009002706038018,0.000372729674445793,-0.000140172336777766,-0.00899648848292145,0.00900529736968212,0.00900529736974568
2045.31954300404,1688,height_roi,common,True,True,valid,valid,-2.3452324107556,16.5370061509026,692.172495567357,-3.23992561840273,-16.7015412755055,19.9097208745992,-2.345262980334,16.5372217070682,692.181517880571,-3.23955212403068,-16.701682980993,19.9007047803121,-3.05695783988646e-05,0.000215556165645836,0.00902231321367708,0.000373494372045258,-0.00014170548750414,-0.00901609428706251,0.00902493959455483,0.0090249395944981
2045.27822846174,1689,height_roi,common,True,True,valid,valid,-2.34909072572633,16.6309777372439,692.162882421074,-3.24417603498869,-16.7955883935268,19.9183829624609,-2.34912141247113,16.6311949917602,692.171924313537,-3.24380178042515,-16.795731637061,19.909347290082,-3.06867447954495e-05,0.000217254516364562,0.00904189246375608,0.000374254563535459,-0.000143243534235893,-0.00903567237890002,0.00904455419173969,0.00904455419173572
2045.23923006654,1690,height_roi,common,True,True,valid,valid,-2.35273310222696,16.7249636161445,692.15396361398,-3.24817963691008,-16.8896441207838,19.9263609823332,-2.35276390340642,16.7251825736648,692.163025057639,-3.24780462068046,-16.8897889072474,19.9173057599729,-3.08011794634133e-05,0.000218957520246477,0.00906144365865202,0.000375016229614999,-0.00014478646360061,-0.00905522236030265,0.00906414101210114,0.00906414101208944
2045.20534536242,1691,height_roi,common,True,True,valid,valid,-2.35589888585334,16.8189844802753,692.146578889934,-3.25163842589199,-16.9837222763394,19.9328275620436,-2.35592979525973,16.8192051454446,692.155659856873,-3.25126264304292,-16.9838686106058,19.9237528178277,-3.09094063974946e-05,0.000220665169294421,0.00908096693876814,0.000375782849076245,-0.000146334266439396,-0.00907474421592269,0.00908370018502062,0.00908370018503564
2045.19879055023,1692,height_roi,common,True,True,valid,valid,-2.35651804028847,16.9132039428511,692.147397209798,-3.2521857935351,-17.0779318855698,19.9312119986787,-2.3565490241485,16.9134263202463,692.156497669759,-3.2518092116802,-17.0780797724634,19.922117764309,-3.09838600252021e-05,0.000222377395200368,0.00910045996056397,0.000376581854904856,-0.000147886893635985,-0.00909423436974066,0.00910322927313742,0.00910322927309453
2045.15009255707,1693,height_roi,common,True,True,valid,valid,-2.36106398358942,17.0071128263814,692.135563466771,-3.25722259417836,-17.171934477437,19.9420621066027,-2.36109509417583,17.0073369207968,692.144683398888,-3.25684526647041,-17.1720839219227,19.9329484005433,-3.11105864092553e-05,0.000224094415411713,0.00911993211684603,0.00037732770794463,-0.000149444485746386,-0.00911370605945194,0.00912273796573623,0.00912273796574218
2109.08855197579,1778,baseline_local_after,common,True,True,valid,valid,3.76810468152231,25.7366750388493,712.111510356378,3.76337755016634,-25.7377104220828,0.189870451941374,3.76816142353259,25.7370625946109,712.122233688678,3.76391449099682,-25.7380101993513,0.179157604379952,5.67420102801641e-05,0.000387555761598435,0.0107233323000173,0.000536940830485833,-0.00029977726849495,-0.0107128475614218,0.0107304834346209,0.0107304834346086
2109.19377219677,1779,baseline_local_after,common,True,True,valid,valid,3.77850116178711,25.8349212242282,712.147742663447,3.77542182923445,-25.8356567721493,0.15333789564761,3.77855815852876,25.8353109306931,712.158485044928,3.77595987821428,-25.8359585441404,0.142606012467581,5.69967416490513e-05,0.000389706464943629,0.0107423814805543,0.000538048979834116,-0.000301771991079391,-0.0107318831800285,0.0107495990451334,0.0107495990450379
2109.37975251675,1780,baseline_local_after,common,True,True,valid,valid,3.79686396602412,25.9341117402194,712.209619793951,3.79657297989293,-25.9343375301869,0.0915360579695061,3.79692133637234,25.9345036028288,712.220381231353,3.79711225608189,-25.9346413022863,0.080785137715111,5.73703482200649e-05,0.00039186260941193,0.0107614374016975,0.000539276188966653,-0.000303772099435662,-0.0107509202543952,0.010768722422468,0.010768722422495
2109.51764285564,1781,baseline_local_after,common,True,True,valid,valid,3.81048608019999,26.032761159882,712.256234063975,3.81230463537988,-26.032602129469,0.044773426437132,3.81054375468067,26.0331551846728,712.267014580567,3.81284507041758,-26.0329079075231,0.0340034427033515,5.76744806815022e-05,0.000394024790800529,0.0107805165921491,0.000540435037706288,-0.00030577805405585,-0.0107699837337805,0.0107878691072467,0.0107878691072064
2109.51786631346,1782,baseline_local_after,common,True,True,valid,valid,3.81052901766963,26.1298188753501,712.259131618069,3.81251282890142,-26.1296328789577,0.0410872218375289,3.81058679482471,26.1302150687895,712.269931248807,3.81305422309926,-26.1299406691473,0.0302981306321044,5.77771550829276e-05,0.000396193439403447,0.0107996307378926,0.00054139419783894,-0.00030779018958782,-0.0107890912054245,0.0108070500838994,0.0108070500839604
2109.49806961417,1783,baseline_local_after,common,True,True,valid,valid,3.80859708662553,26.2266432910616,712.25567011565,3.81046333613667,-26.2264823824388,0.0436669678182398,3.80865493708743,26.2270416591205,712.266488881344,3.81100566109046,-26.2267921905642,0.0328587469884951,5.78504618959919e-05,0.000398368058860399,0.0108187656943528,0.000542324953784146,-0.00030980812544712,-0.0108082208297446,0.0108262521186035,0.0108262521185596
2109.50070565939,1784,baseline_local_after,common,True,True,valid,valid,3.80887802805839,26.3237303131674,712.25933122556,3.81094349221175,-26.3235361882326,0.0392284155425386,3.80893598490195,26.3241308616513,712.27016914222,3.81148678168208,-26.3238480199683,0.0284010505286005,5.79568435661315e-05,0.000400548483987961,0.0108379166605346,0.000543289470336106,-0.000311831735746892,-0.0108273650139381,0.0108454707424083,0.0108454707424366
2109.51021564007,1785,baseline_local_after,common,True,True,valid,valid,3.80983706750489,26.420899482519,712.265174048498,3.81219877777772,-26.4206542822093,0.0326401009242545,3.80989514100121,26.4213022173293,712.276031134571,3.81274304285344,-26.4209681433054,0.0217935737110793,5.80734963206986e-05,0.000402734810361238,0.0108570860726331,0.000544265075717476,-0.000313861096124413,-0.0108465272131752,0.0108647082725224,0.0108647082724967
2109.47911927104,1786,baseline_local_after,common,True,True,valid,valid,3.80679051214775,26.517590038198,712.258120156287,3.8088748880918,-26.5173993321893,0.0387597017381722,3.80684864236733,26.5179949654791,712.268996436658,3.80942007002001,-26.5177152285862,0.0278939847311221,5.81302195850064e-05,0.000404927281095979,0.0108762803715763,0.00054518192821007,-0.000315896396969606,-0.0108657170070501,0.0108839707803053,0.0108839707802696
2109.42421355844,1787,baseline_local_after,common,True,True,valid,valid,3.80139546845632,26.6139961493247,712.243504245883,3.80286618827682,-26.6139218387635,0.0523306577509857,3.80145362005243,26.6144032751731,712.254399743849,3.80341225279144,-26.614239776367,0.0414457260470726,5.81515961104451e-05,0.000407125848340684,0.0108954979651799,0.000546064514615807,-0.000317937603465879,-0.010884931703913,0.0109032568058244,0.0109032568057746
2109.39049038291,1788,baseline_local_after,common,True,True,valid,valid,3.79809000563594,26.7106508183538,712.235614043237,3.79924619366098,-26.7106378481094,0.0592744033225472,3.79814820988777,26.7110601486868,712.246528776952,3.79979317282488,-26.7109578326879,0.0483702401364781,5.820425182268e-05,0.000409330332946212,0.0109147337149125,0.000546979163900119,-0.000319984578524668,-0.0109041631860691,0.0109225615642049,0.0109225615642421
2109.38257959485,1789,baseline_local_after,common,True,True,valid,valid,3.79733063504985,26.8076121403575,712.235919303308,3.7985367841315,-26.8075934240892,0.0581426716244096,3.79738893029259,26.8080236810968,712.246853290836,3.7990847170524,-26.8079154614165,0.0472192605792543,5.82952427414796e-05,0.000411540739332139,0.0109339875284604,0.000547932920895278,-0.000322037327322278,-0.0109234110451553,0.0109418850015884,0.0109418850015621
2109.38096556067,1790,baseline_local_after,common,True,True,valid,valid,3.79719236436075,26.9046492491187,712.238222793453,3.79853734576011,-26.9046084296998,0.0550419703428133,3.79725076005312,26.905063006303,712.2491760558,3.79908624282991,-26.9049325256423,0.0440992908287399,5.83956923687623e-05,0.000413757184276164,0.010953262347698,0.000548897069805321,-0.00032409594255256,-0.0109426795140735,0.0109612299091811,0.0109612299091362
2109.35635375977,1791,baseline_local_after,common,True,True,valid,valid,3.79478569746573,27.001410123452,712.233222077816,3.79594465506013,-27.0014069916787,0.0591385979704455,3.79484415938719,27.0018261032843,712.244194640172,3.7964944832227,-27.0017331522332,0.048176623241261,5.84619214651916e-05,0.000415979832315116,0.0109725623563008,0.000549828162569099,-0.00032616055451129,-0.0109619747291845,0.0109806002422484,0.0109806002421977
2109.31224238873,1792,baseline_local_after,common,True,True,valid,valid,3.7904557840297,27.0979340751011,712.222028264837,3.7911532774069,-27.0980193265446,0.0693377299564872,3.79051428301226,27.0983522837977,712.233020152458,3.79170400865656,-27.0983475577203,0.0583564334252742,5.84989825607174e-05,0.000418208696583378,0.0109918876211168,0.00055073124966043,-0.000328231175771521,-0.010981296531213,0.0109999960963684,0.0109999960963872
2109.28266945481,1793,baseline_local_after,common,True,True,valid,valid,3.78755992192134,27.1946314810694,712.215449864354,3.78800122145407,-27.1947673349046,0.0749890229855055,3.78761847963718,27.1950519247152,712.226461098707,3.78855287840464,-27.1950976426107,0.0639883841281517,5.85577158349615e-05,0.000420443645868573,0.0110112343530773,0.000551656950570134,-0.000330307706153832,-0.0110006388573538,0.0110194139519225,0.0110194139518297
2109.29859384894,1794,baseline_local_after,common,True,True,valid,valid,3.78915149051058,27.2918810994409,712.223317081248,3.7899790691007,-27.291949306479,0.0664060756345179,3.7892101752098,27.2923037840017,712.234347680379,3.79053172074402,-27.2922816965333,0.0553860794301499,5.86846992201018e-05,0.000422684560771103,0.011030599131459,0.000552651643324964,-0.000332390054254006,-0.011019996204368,0.0110388506344991,0.0110388506345236
2109.34615471959,1795,baseline_local_after,common,True,True,valid,valid,3.79386355755859,27.3895195205522,712.241229270742,3.79552416985821,-27.3894378543185,0.0479251047946718,3.79392241701603,27.3899444520855,712.252279254929,3.79607786483127,-27.3897723326123,0.0368857330771561,5.88594574346679e-05,0.00042493153322809,0.011049984186684,0.000553694973064012,-0.000334478293741114,-0.0110393717175157,0.0110583082688822,0.0110583082688839
2109.37739038467,1796,baseline_local_after,common,True,True,valid,valid,3.79696556412943,27.4869628208512,712.253956707648,3.79922861738573,-27.4867737226817,0.0345530194438197,3.7970245741431,27.4873900056714,712.265026103725,3.79978333271461,-27.4871102953096,0.023494244270637,5.90100136679261e-05,0.000427184820178894,0.011069396077005,0.000554715328881628,-0.000336572627883669,-0.0110587751731828,0.0110777930366078,0.0110777930365637
2109.35052284598,1797,baseline_local_after,common,True,True,valid,valid,3.7943364104069,27.5836948006069,712.248231644355,3.79638122131662,-27.5835493195011,0.0393635186212578,3.79439548362014,27.5841242452603,712.259320484961,3.79693687119603,-27.5838879927421,0.0282853034216259,5.90732132348393e-05,0.000429444653427424,0.0110888406069307,0.000555649879416364,-0.000338673240964482,-0.0110782151996318,0.0110973104111219,0.011097310411176
2109.27934333682,1798,baseline_local_after,common,True,True,valid,valid,3.78733666880453,27.6798782345404,712.228434224792,3.78853736057913,-27.679891564595,0.058040585470053,3.78739573824431,27.6803099455404,712.239542541343,3.78909387951212,-27.680232344705,0.0469428958102753,5.9069439778181e-05,0.000431710999951207,0.0111083165513719,0.000556518932988581,-0.000340780109983285,-0.0110976896597776,0.0111168592773174,0.0111168592772811
2109.23160432279,1799,baseline_local_after,common,True,True,valid,valid,3.78264917750502,27.7763468750314,712.216079584932,3.78333676991855,-27.7764580909862,0.0693837832761801,3.78270827842192,27.7767808585946,712.227207400746,3.78389419416665,-27.7768009839909,0.0582665973894336,5.91009169035317e-05,0.000433983563237206,0.0111278158141204,0.000557424248100347,-0.000342893004710021,-0.0111171858867465,0.0111364320787461,0.011136432078791
2109.1995279789,1800,baseline_local_after,common,True,True,valid,valid,3.77950658035702,27.8730070332554,712.208697306534,3.77990222084825,-27.8731754322183,0.0758273782939796,3.77956573639451,27.8734432956654,712.219844646406,3.78046057514367,-27.8735204441979,0.0646906724181235,5.91560374920697e-05,0.000436262409923671,0.0111473398720818,0.000558354295414176,-0.000345011979689502,-0.011136705875856,0.0111560302326047,0.011156030232599
2109.16574572027,1801,baseline_local_after,common,True,True,valid,valid,3.77619581444542,27.9696440423235,712.200772224132,3.77627536032327,-27.9698740676693,0.0828058744258442,3.7762550229865,27.9700825899783,712.211939115562,3.77683464328522,-27.9702212047968,0.0716496209196293,5.92085410797694e-05,0.000438547654738386,0.0111668914302072,0.000559282961951624,-0.000347137127509001,-0.0111562535062149,0.0111756563078348,0.0111756563078754
2109.15452043712,1802,baseline_local_after,common,True,True,valid,valid,3.77510972839657,28.0665614237945,712.200008147933,3.77519166969467,-28.0667944566107,0.0827281016223651,3.77516902373955,28.0670022630033,712.211194615822,3.77575191670428,-28.0671437249913,0.0715522770949519,5.92953429818799e-05,0.000440839208838639,0.0111864678891607,0.000560247009609327,-0.000349268380599455,-0.0111758245274132,0.0111953079002309,0.0111953079002318
2109.19109003246,1803,baseline_local_after,common,True,True,valid,valid,3.77873737098466,28.1640791529067,712.214418694593,3.7794966109192,-28.1641909758197,0.0676975772134938,3.77879682608849,28.1645222898824,712.22562476108,3.78005789585574,-28.1645423814847,0.0565021627647866,5.94551038344271e-05,0.000443136975672331,0.0112060664869205,0.000561284936537731,-0.000351405665014681,-0.0111954144487072,0.0112149824519641,0.0112149824520465
2109.26221206784,1804,baseline_local_after,common,True,True,valid,valid,3.78577312460827,28.2620365563257,712.239800493635,3.78769762018215,-28.2619373599856,0.0418561711794609,3.78583279258997,28.2624819973557,712.251026182544,3.78825999717836,-28.2622909090273,0.0306411453365172,5.96679816950996e-05,0.000445441029981453,0.0112256889093487,0.000562376996207092,-0.000353549041712142,-0.0112150258429438,0.0112346815472761,0.0112346815472738
2109.3155079484,1805,baseline_local_after,common,True,True,valid,valid,3.79105105404763,28.3597755677539,712.259521698671,3.79388904741164,-28.3595116888178,0.0215925731770312,3.79111090816275,28.3602233193793,712.270767040081,3.79445249109899,-28.359867387531,0.0103579046416371,5.98541151184406e-05,0.000447751625436865,0.011245341410131,0.000563443687347842,-0.000355698713150332,-0.0112346685353941,0.0112544110225096,0.0112544110225068
2109.30458074808,1806,baseline_local_after,common,True,True,valid,valid,3.78999432040006,28.4567048671244,712.258846944752,3.79283868332433,-28.456443264198,0.0214267874503093,3.79005426264996,28.457154936114,712.270111974243,3.79340309739798,-28.4568011190598,0.0101724362355071,5.99422498930302e-05,0.000450068989575669,0.0112650294915966,0.00056441407365071,-0.000357854861835705,-0.0112543512148022,0.0112741760060432,0.0112741760060234
2109.23654912412,1807,baseline_local_after,common,True,True,valid,valid,3.78330514396638,28.5529067937556,712.240036886622,3.7853492900194,-28.5527959202738,0.0391312702390678,3.78336508676283,28.5533591868391,712.251321638429,3.78591458851416,-28.5531559377337,0.027857198170409,5.99427964531607e-05,0.000452393083545388,0.0112847518062154,0.00056529849475595,-0.000360017459943407,-0.0112740720686588,0.0112939752066651,0.0112939752066733
2109.15769432485,1808,baseline_local_after,common,True,True,valid,valid,3.7755488802326,28.6489654675579,712.217789799817,3.77663994164415,-28.6490334588079,0.0602226129859673,3.77560880670498,28.6494201912266,712.229094301775,3.77720610895505,-28.649395645129,0.0489287914463148,5.99264723821769e-05,0.000454723668621426,0.0113045019584206,0.000566167310893206,-0.000362186321105185,-0.0112938215396525,0.0113138026023451,0.0113138026023366
2109.09116094559,1809,baseline_local_after,common,True,True,valid,valid,3.76900823434496,28.7451762569835,712.199455002191,3.76932021192342,-28.745391087594,0.0774589056866262,3.76906816319086,28.745633317603,712.210779278695,3.76988726782378,-28.7457554489421,0.0661453110931234,5.99288459026681e-05,0.000457060619464045,0.0113242765038422,0.000567055900361879,-0.000364361348172082,-0.0113135945935028,0.0113336549361584,0.0113336549361763
2109.02651749365,1810,baseline_local_after,common,True,True,valid,valid,3.7626543035573,28.8414065437247,712.181719889445,3.76221386677247,-28.8417633048993,0.0941043356024238,3.76271423747076,28.8418659477051,712.193063965762,3.76278181508729,-28.8421298474776,0.082770942781849,5.99339134681465e-05,0.000459403980446638,0.0113440763168455,0.000567948314817102,-0.000366542578362328,-0.0113333928205748,0.0113535329996283,0.0113535329997103
2108.96684054658,1811,baseline_local_after,common,True,True,valid,valid,3.75679043886184,28.9376962783848,712.165561139864,3.75566769623113,-28.9381820663295,0.1091964922947,3.75685038530575,28.9381580321119,712.176925040397,3.75623654551073,-28.9385507963238,0.0978432771512416,5.99464439168251e-05,0.000461753727087455,0.011363900532956,0.000568849279609651,-0.000368729994256967,-0.0113532151434583,0.0113734359541668,0.0113734359542413
2108.92577842623,1812,baseline_local_after,common,True,True,valid,valid,3.75276237759361,29.0342228369969,712.155311532942,3.75122014373874,-29.0347892801814,0.118465890642483,3.75282236520651,29.0346869467766,712.16669527986,3.75178992358783,-29.0351602037159,0.107092832261173,5.99876128948296e-05,0.000464109779677813,0.0113837469177724,0.000569779849087126,-0.000370923534465106,-0.0113730583813094,0.0113933616763968,0.0113933616764113
2108.90433807671,1813,baseline_local_after,common,True,True,valid,valid,3.75066923378437,29.1310016964457,712.151290240681,3.74898451982689,-29.1315978105464,0.121598000629547,3.75072929291509,29.1314681685684,712.162693855547,3.74955526153164,-29.1319709337347,0.110205078776175,6.00591307211573e-05,0.000466472122671036,0.0114036148664809,0.000570741704741806,-0.000373123188367686,-0.0113929218533713,0.0114133095709981,0.0114133095710339
2108.90271858126,1814,baseline_local_after,common,True,True,valid,valid,3.75053055424968,29.2280379883724,712.153560255625,3.7489831739418,-29.2286122733288,0.118530728231008,3.75059071571306,29.2285068291169,712.164983759503,3.7495549092315,-29.2289876022772,0.107117923192391,6.01614633759517e-05,0.000468840744414223,0.0114235038786319,0.000571735289703668,-0.000375328948415188,-0.0114128050386171,0.0114332791407547,0.0114332791407581
2108.92294821143,1815,baseline_local_after,common,True,True,valid,valid,3.75254636129226,29.3253608173923,712.16276563204,3.75144477457328,-29.325856500883,0.108629404525345,3.75260665921951,29.3258320330157,712.174209045257,3.75201753845726,-29.3262340416822,0.0971966974736915,6.02979272423809e-05,0.000471215623385035,0.0114434132166252,0.000572763883980087,-0.000377540799124887,-0.0114327070516538,0.0114532696663523,0.0114532696663761
2108.95775685459,1816,baseline_local_after,common,True,True,valid,valid,3.7559998832362,29.42287763054,712.176598665252,3.7555499125398,-29.4232568308385,0.09416800642623,3.75606034059519,29.4233512273266,712.188062008603,3.75612372889628,-29.4236365896022,0.082715377564341,6.04573589844115e-05,0.000473596786623176,0.0114633433504423,0.000573816356485679,-0.000379758763685345,-0.011452628861889,0.0114732815610306,0.0114732815609894
2108.99556871736,1817,baseline_local_after,common,True,True,valid,valid,3.7597497189694,29.5204379199362,712.191384462907,3.75999374100275,-29.5206928376503,0.0787677430338363,3.7598103407591,29.5209139042206,712.202867758222,3.76056861580546,-29.5210748205342,0.0672951707252878,6.06217896987893e-05,0.000475984284371123,0.0114832953152018,0.000574874802708791,-0.00038198288386937,-0.0114725723085485,0.0114933157677186,0.0114933157677509
2109.01315922197,1818,baseline_local_after,common,True,True,valid,valid,3.76150553573768,29.6177352641973,712.199748921296,3.76215795249619,-29.6179184638242,0.0696950333708628,3.76156629063142,29.6182136424268,712.211252192965,3.76273385554419,-29.6183026770759,0.0582024917963508,6.07548937341384e-05,0.000478378229548326,0.0115032716693122,0.000575903048009252,-0.000384213251649612,-0.011492541574512,0.0115133746567034,0.011513374656691
2108.99279511627,1819,baseline_local_after,common,True,True,valid,valid,3.75951841762079,29.7145319870182,712.196061046807,3.76004318254268,-29.7147421280928,0.0724986722875656,3.75957924632262,29.7150127657258,712.207584321075,3.76062005577695,-29.7151285780301,0.0609861325214069,6.08287018297737e-05,0.000480778707657947,0.0115232742679154,0.000576873234273023,-0.000386449937344935,-0.0115125397661586,0.0115334599383839,0.0115334599383653
2108.96257852018,1820,baseline_local_after,common,True,True,valid,valid,3.75655973504511,29.8111968438541,712.189243678741,3.75681765794573,-29.8114595442497,0.0783861386397575,3.75662062208123,29.8116800294141,712.200786977733,3.75739548690097,-29.8118482370657,0.06685357783374,6.08870361222813e-05,0.000483185559950527,0.0115432989927058,0.000577828955243831,-0.00038869281591758,-0.0115325608060175,0.0115535677239334,0.0115535677239178
2108.96105974168,1821,baseline_local_after,common,True,True,valid,valid,3.75643108811663,29.9082428207109,712.191536792909,3.75682737237171,-29.9084835025814,0.0752961609707654,3.75649207857904,29.9087284192795,712.203100133255,3.75740620284143,-29.908874444296,0.0637435644827065,6.09904624142565e-05,0.000485598568651824,0.0115633403455604,0.000578830469720515,-0.000390941714602633,-0.011552596488059,0.0115736928313156,0.0115736928312793
2108.99605846079,1822,baseline_local_after,common,True,True,valid,valid,3.75990365994324,30.0057783045175,712.20542344773,3.76095394874831,-30.0059020637024,0.0607818971204779,3.75996481147999,30.0062663221958,712.217006844557,3.76153383900236,-30.0062952602926,0.0492092523680867,6.11515367516802e-05,0.000488017678300423,0.011583396827632,0.000579890254051918,-0.000393196590199096,-0.0115726447523912,0.0115938338279956,0.0115938338279594
2109.02957138605,1823,baseline_local_after,common,True,True,valid,valid,3.76322985366569,30.1032977872313,712.218837541526,3.76491313007134,-30.1033084919598,0.0467332814166639,3.76329116422566,30.1037882303124,712.23044101446,3.7654940789416,-30.1037039495579,0.0351405686525368,6.13105599711616e-05,0.000490443081101688,0.0116034729340981,0.000580948870265274,-0.000395457598127535,-0.0115927127641271,0.0116139948998143,0.0116139948998325
2109.02188751101,1824,baseline_local_after,common,True,True,valid,valid,3.76249325579677,30.2002661235013,712.219169315913,3.76422766011178,-30.2002708649636,0.0455760251609263,3.76255466051378,30.200758998483,712.230792889316,3.76480960389026,-30.2006685898679,0.0339632170908999,6.14047170026666e-05,0.000492874981734559,0.0116235734026304,0.000581943778485083,-0.000397724904271257,-0.0116128080700264,0.0116341804581684,0.0116341804581185
2108.96754608303,1825,baseline_local_after,common,True,True,valid,valid,3.75715537180314,30.296604173315,712.204684849214,3.75828192283298,-30.2967242366985,0.0590187894659948,3.75721679681942,30.2970994867158,712.216328547712,3.75886478884101,-30.2971242352256,0.0473858581283366,6.14250162778163e-05,0.000495313400790565,0.0116436984981192,0.000582866008024041,-0.00039999852706174,-0.0116329313376582,0.0116543907225016,0.0116543907224544
2108.91394416243,1826,baseline_local_after,common,True,True,valid,valid,3.75189063440262,30.3929484736948,712.1904344646,3.75241974159351,-30.3931819429367,0.0722309382548474,3.75195208068968,30.3934462317636,712.202098306151,3.75300353160788,-30.3935842211883,0.0605778657032943,6.14462870576205e-05,0.000497758068778609,0.0116638415508987,0.000583790014374586,-0.000402278251602439,-0.0116530725515531,0.0116746194141693,0.0116746194141118
2108.91365389526,1827,baseline_local_after,common,True,True,valid,valid,3.75188318871747,30.4900140629181,712.19310984038,3.75256765782644,-30.4902223843436,0.0687643614688795,3.75194474082254,30.4905142716013,712.20479383557,3.75315245678577,-30.4906269481793,0.0570911408651682,6.15521050737478e-05,0.000500208683188674,0.0116839951898555,0.000584798959330612,-0.000404563835722627,-0.0116732206037113,0.0116948595966323,0.0116948595965458
2108.95121755078,1828,baseline_local_after,common,True,True,valid,valid,3.75560870849891,30.5875969752252,712.207803152013,3.75698306215482,-30.5876817702637,0.0534552145497855,3.75567042679046,30.5880996405384,712.219507312977,3.75756893091255,-30.5880886255997,0.0417618364251666,6.17182915529924e-05,0.000502665313277362,0.0117041609637454,0.000585868757731589,-0.00040685533600282,-0.0116933781246189,0.0117151126938645,0.011715112693911
2108.98731609248,1829,baseline_local_after,common,True,True,valid,valid,3.75918990977806,30.6851640086135,712.222030528808,3.76123342568372,-30.6851290912581,0.0386051876760121,3.75925179221381,30.6856691367756,712.233754872375,3.76182036295542,-30.6855382441751,0.0268916350755717,6.18824357427883e-05,0.000505128162078705,0.0117243435678347,0.000586937271691568,-0.000409152917040245,-0.0117135526004404,0.0117353830782214,0.0117353830782683
2109.00686789723,1830,baseline_local_after,common,True,True,valid,valid,3.76113938399932,30.7825078874146,712.231002847334,3.76361833307481,-30.7823962753595,0.028933538218098,3.76120140442355,30.7830154847152,712.242747391857,3.76420631355495,-30.7828077319968,0.017199791587359,6.20204242380851e-05,0.000507597300543949,0.0117445445229123,0.000587980480133865,-0.000411456637337437,-0.011733746630739,0.0117556721459562,0.0117556721459815
2109.0063162297,1831,baseline_local_after,common,True,True,valid,valid,3.76110624792323,30.879577457302,712.233590301157,3.7637366496268,-30.8794414168977,0.025553609455983,3.76116837434829,30.8800875300382,712.245355064994,3.76432564218407,-30.879855183402,0.0137996489712577,6.21264250590947e-05,0.00051007273613024,0.0117647638369363,0.000588992557261747,-0.000413766504280488,-0.0117539604847252,0.0117759798754803,0.0117759798755372
2108.9753859099,1832,baseline_local_after,common,True,True,valid,valid,3.75807713041341,30.9762281307882,712.226529991442,3.76042987835552,-30.9761466385449,0.0316807279799605,3.75813931420769,30.9767406853024,712.238314993847,3.76101983527146,-30.9765627211008,0.0199065321779699,6.21837942773595e-05,0.000512554514113361,0.0117850024049631,0.000589956915938217,-0.000416082555826591,-0.0117741958019906,0.0117963070763351,0.0117963070763497
2108.91017432511,1833,baseline_local_after,common,True,True,valid,valid,3.75166738046433,31.0724019027425,712.208583323014,3.75325827737037,-31.0724640744416,0.0485354571554808,3.75172956647411,31.0729169453869,712.220388583299,3.75384914441355,-31.0728824792431,0.0367410042231313,6.21860097798077e-05,0.000515042644416042,0.0118052602846319,0.000590867043179344,-0.000418404801418859,-0.0117944529323495,0.0118166537739449,0.011816653773974
2108.83771462739,1834,baseline_local_after,common,True,True,valid,valid,3.74454322449204,31.1684702098513,712.188334940724,3.7452698939778,-31.1686948874881,0.0676583901328058,3.7446054007718,31.168987746813,712.200160474174,3.74586165990134,-31.1691156205968,0.0558436642146489,6.21762797621273e-05,0.000517536961748277,0.0118255334501782,0.000591765923537935,-0.000420733108729365,-0.0118147259181569,0.0118370161686898,0.0118370161687061
2108.78804059327,1835,baseline_local_after,common,True,True,valid,valid,3.73966623894201,31.2648509391944,712.175320593723,3.73985042994819,-31.2651789050735,0.0796528457193517,3.73972844188893,31.2653709764755,712.187166411193,3.74044313160093,-31.2656019724026,0.0678178375529797,6.22029469199425e-05,0.000520037281184216,0.0118458174698617,0.000592701652742278,-0.000423067329105464,-0.0118350081663721,0.0118573900800179,0.0118573900801236
2108.76638488472,1836,baseline_local_after,common,True,True,valid,valid,3.7375521156891,31.3616202058997,712.171200804111,3.73758943411399,-31.3619786491714,0.0828824900754626,3.73761439033443,31.3621427494562,712.183066915291,3.73818311691808,-31.3624040565973,0.0710271919479055,6.22746453333711e-05,0.000522543556570554,0.0118661111802112,0.000593682804094442,-0.000425407425918678,-0.011855298127557,0.0118777743892153,0.0118777743893021
2108.74961835146,1837,baseline_local_after,common,True,True,valid,valid,3.73592011138226,31.4584571017359,712.168632004214,3.73587954067076,-31.4588333260021,0.0845837856406888,3.73598246558174,31.4589821576395,712.180518421381,3.73647421302597,-31.4592610794958,0.0727081855899314,6.23541994868582e-05,0.000525055903551674,0.0118864171674886,0.000594672355212822,-0.000427753493646321,-0.0118756000507574,0.0118981714909315,0.0118981714909027
2108.72914797068,1838,baseline_local_after,common,True,True,valid,valid,3.73392292351498,31.5552413196906,712.164886013074,3.73375210443736,-31.5556449614812,0.0874451323579706,3.73398535124169,31.5557688940465,712.176792749176,3.73434776090473,-31.5560750670418,0.0755492171300602,6.2427726709835e-05,0.000527574355903226,0.0119067361022189,0.000595656467368144,-0.000430105560567995,-0.0118959152279103,0.0119185819848652,0.0119185819848662
2108.72676947713,1839,baseline_local_after,common,True,True,valid,valid,3.73370964226334,31.6522800777837,712.166882608741,3.73366399080614,-31.6526641281577,0.0846476354786319,3.73377217282648,31.6528101765562,712.178809673374,3.73426066109733,-31.6530965916707,0.0727313967506689,6.25305631487549e-05,0.000530098772493659,0.0119270646333689,0.000596670291194812,-0.000432463512986203,-0.011916238727963,0.0119390027032615,0.0119390027032522
2108.74247288704,1840,baseline_local_after,common,True,True,valid,valid,3.73527929679688,31.7495755854956,712.174618712521,3.73561409288824,-31.7498930606357,0.0761943089711394,3.73534195963723,31.7501082146321,712.186566114814,3.73621180682538,-31.7503278879735,0.0642577388938435,6.26628403512797e-05,0.000532629136422713,0.0119474022927761,0.000597713937139588,-0.000434827337834065,-0.011936570077296,0.0119594331794596,0.0119594331794854
2108.75553825498,1841,baseline_local_after,common,True,True,valid,valid,3.73658887508478,31.8468358859709,712.181516105268,3.73726681519755,-31.8470936515179,0.068567467446087,3.7366516660525,31.8473710515218,712.193483856625,3.73786556914783,-31.8475308486376,0.0566105543907724,6.27909677111127e-05,0.000535165550896721,0.0119677513574743,0.000598753950271202,-0.000437197119673272,-0.0119569130553145,0.0119798755180019,0.0119798755179996
2108.74489039183,1842,baseline_local_after,common,True,True,valid,valid,3.73556023303847,31.9437603592682,712.180883379124,3.7362463944722,-31.9440200570086,0.0683609947402601,3.73562311358407,31.9442980673909,712.192871493282,3.736846150542,-31.9444596299548,0.0563837232094784,6.28805456037718e-05,0.000537708122667624,0.0119881141573615,0.000599756069803448,-0.000439572946191902,-0.0119772715307818,0.0120003318719996,0.0120003318720928
2108.6978507638,1843,baseline_local_after,common,True,True,valid,valid,3.73094328161998,32.0401647482881,712.168695302274,3.7311237068985,-32.0405209708396,0.0795414858665708,3.73100619227938,32.0407050051989,712.180703794187,3.73172440635529,-32.0409629257061,0.0675438382066886,6.29106594010054e-05,0.000540256910781522,0.0120084919133205,0.000600699456789755,-0.000441954866431615,-0.0119976476598822,0.0120208033555582,0.0120208033555178
2108.60903957486,1844,baseline_local_after,common,True,True,valid,valid,3.72220800736581,32.1359672784341,712.14324515543,3.72129282596622,-32.1365285898607,0.10379082901261,3.72227087956452,32.1365100903663,712.15527404031,3.72189440098758,-32.136972932756,0.0917727869071996,6.28721987112613e-05,0.000542811932191967,0.0120288848800101,0.000601575021363487,-0.000444342895264072,-0.0120180421054101,0.012041290178533,0.012041290178478
2108.52299416065,1845,baseline_local_after,common,True,True,valid,valid,3.71374602521412,32.2318028674636,712.118673477096,3.7117743066763,-32.2325620767999,0.127174580199153,3.71380886304185,32.2323482403735,712.13072276378,3.71237676174573,-32.2330088136077,0.115136134954128,6.28378277349739e-05,0.000545372909833475,0.0120492866843733,0.000602455069426355,-0.0004467368078096,-0.0120384452450253,0.0120617863438875,0.012061786343805
2108.4385522604,1846,baseline_local_after,common,True,True,valid,valid,3.70544270092802,32.3276551100422,712.094611162464,3.70243709788466,-32.3286080478242,0.150056463185365,3.70550550658615,32.3282030498753,712.106680859478,3.70304043558518,-32.3290571844202,0.137997606334125,6.28056581271075e-05,0.0005479398330408,0.0120696970139988,0.000603337700525231,-0.000449136595939592,-0.0120588568512403,0.0120822915302131,0.0120822915302269
2108.4536960721,1847,baseline_local_after,common,True,True,valid,valid,3.70695679640695,32.4249410425346,712.10215899119,3.70432326351895,-32.4258289463476,0.14178880728798,3.70701973328564,32.4254915546374,712.114249093572,3.70492764685669,-32.4262804881186,0.129709551059364,6.2936878687303e-05,0.000550512102762468,0.0120901023817623,0.000604383337737602,-0.000451541771013808,-0.0120792562286169,0.0121027930754633,0.0121027930754221
2108.52333307266,1848,baseline_local_after,common,True,True,valid,valid,3.71384317870742,32.5230195926771,712.127004062674,3.71235106485404,-32.523700866046,0.116475894050723,3.71390633672332,32.5235726826407,712.139114570976,3.71295658368225,-32.5241548185785,0.104376241873183,6.31580159025091e-05,0.000553089963631237,0.0121105083018165,0.000605518828209028,-0.000453952532531332,-0.0120996521775396,0.0121232961182678,0.0121232961182405
2108.54605656862,1849,baseline_local_after,common,True,True,valid,valid,3.71610474627458,32.6204226018411,712.136956173447,3.71509164232058,-32.6210191593837,0.105838958031427,3.71616804842164,32.6209782758411,712.149087101233,3.71569822031998,-32.6214755287419,0.0937188928563728,6.33021470539674e-05,0.000555673999926398,0.0121309277860746,0.000606577999405999,-0.000456369358239783,-0.0121200651750542,0.0121438128158735,0.0121438128159184
2108.55543756485,1850,baseline_local_after,common,True,True,valid,valid,3.71705092529634,32.7176337917893,712.142671484338,3.71632838668545,-32.7181803161766,0.0993771039247804,3.71711434967819,32.7181920557842,712.154822840248,3.71693600237066,-32.7186391082484,0.0872366160926958,6.34243818504743e-05,0.000558263994918207,0.0121513559098503,0.000607615685204621,-0.000458792071746927,-0.0121404878320845,0.0121643385265327,0.0121643385264879
2108.55705365539,1851,baseline_local_after,common,True,True,valid,valid,3.71723157068539,32.814733052958,712.14592048571,3.71668990052929,-32.8152497335411,0.0953456423491161,3.71729510452897,32.8152939128552,712.158092277177,3.71729854147502,-32.8157109541726,0.0831847238141563,6.35338435723831e-05,0.000560859897213106,0.0121717914669262,0.000608640945728212,-0.000461220631514436,-0.0121609185349598,0.0121848720915698,0.0121848720914781
2108.57132336497,1852,baseline_local_after,common,True,True,valid,valid,3.7186597939602,32.9120190948536,712.153185355374,3.71847761124654,-32.912473057353,0.0873568065109112,3.71872345829699,32.9125825564189,712.16537758665,3.71908729865563,-32.9129367122751,0.0751754539206786,6.36643367948331e-05,0.000563461565278089,0.0121922312752076,0.000609687409095727,-0.00046365492207201,-0.0121813525902326,0.0122054105031939,0.01220541050318
2108.57094374299,1853,baseline_local_after,common,True,True,valid,valid,3.71864370888532,33.0090916031912,712.15579825818,3.71861410219898,-33.0095209289548,0.0839521945613342,3.71870747948185,33.0096576723356,712.168010936682,3.71922481219659,-33.0099870240175,0.0717503993715809,6.37705965349511e-05,0.000566069144397829,0.0122126785021237,0.000610709997609149,-0.000466095062762406,-0.0122017951897533,0.0122259566971856,0.0122259566971832
2108.54520246387,1854,baseline_local_after,common,True,True,valid,valid,3.71612713549001,33.1057905016929,712.150358250256,3.71589192415999,-33.106261112582,0.0884832449706892,3.71619097015791,33.1063591843739,712.162591384365,3.71650361497747,-33.1067296536742,0.076260996871838,6.38346679044943e-05,0.000568682681013399,0.0122331341096924,0.000611690817471811,-0.00046854109216099,-0.0122222480988512,0.0122465115442003,0.0122465115441539
2108.54447898269,1855,baseline_local_after,common,True,True,valid,valid,3.71607716158402,33.2028585523473,712.152859364665,3.71598955355352,-33.2033054415862,0.085188824665579,3.71614110191479,33.2034298541976,712.165112955591,3.71660226679678,-33.2037764343304,0.0729461242669913,6.39403307678421e-05,0.000571301850300188,0.0122535909252974,0.00061271324326384,-0.000470992744155296,-0.0122427003985877,0.0122670683023527,0.012267068302292
2108.51992285252,1856,baseline_local_after,common,True,True,valid,valid,3.71367748235824,33.2995734816953,712.147793046747,3.71340088947981,-33.300058597043,0.0893516751181096,3.71374148856885,33.3001474086245,712.160067101735,3.71401458573236,-33.3005320472892,0.0770885133512138,6.40062106054273e-05,0.000573926929163804,0.0122740549874152,0.000613696252550255,-0.000473450246218476,-0.0122631617668958,0.012287632593348,0.012287632593266
2108.52625876665,1857,baseline_local_after,common,True,True,valid,valid,3.71432352256498,33.3967473233404,712.152532684365,3.71429409871145,-33.3971903922181,0.0838513500270892,3.71438764621451,33.3973238809041,712.164827202908,3.71490882946,-33.397666305526,0.0715677296614103,6.41236495346753e-05,0.000576557563697122,0.0122945185424896,0.000614730748552006,-0.000475913307909082,-0.0122836203656789,0.0123081971327367,0.0123081971327234
2108.51350593567,1858,baseline_local_after,common,True,True,valid,valid,3.71308757729943,33.4936374590068,712.151210937922,3.71303572070835,-33.4940881005403,0.0843241824643428,3.71315178645535,33.4942166530456,712.163525925703,3.713651454309,-33.4945664827037,0.072020096344545,6.42091559250879e-05,0.000579194038742514,0.0123149877813375,0.000615733600646706,-0.000478382163393576,-0.0123040861197978,0.0123287676839461,0.0123287676839423
2108.53489047289,1859,baseline_local_after,common,True,True,valid,valid,3.71521733564096,33.5910388258739,712.160725584983,3.71562503405628,-33.5914083320741,0.0741183685596525,3.71528168754238,33.5916206618807,712.173061040131,3.71624182760892,-33.5918891886012,0.0617938210741613,6.43519014200677e-05,0.000581836006844583,0.0123354551477632,0.000616793552637773,-0.000480856527090623,-0.0123245474854912,0.01234933714855,0.0123493371485415
2108.56389629841,1860,baseline_local_after,common,True,True,valid,valid,3.71809859996285,33.688557466621,712.172658835958,3.71907343038563,-33.6888260384062,0.0615291465092014,3.71816310755391,33.68914195023,712.185014759666,3.71969129687693,-33.6893093749211,0.0491841369988606,6.45075910594706e-05,0.000584483609031849,0.0123559237080144,0.000617866491296581,-0.000483336514911059,-0.0123450095103408,0.0123699083665484,0.0123699083666015
2108.49468761683,1861,baseline_local_after,common,True,True,valid,valid,3.71129644839456,33.7845995653018,712.153409565181,3.71145145189194,-33.7850224666371,0.0796686351975495,3.71136094645788,33.7851867027812,712.165785972279,3.71207022693647,-33.7855082892865,0.0673031413994067,6.4498063323537e-05,0.000587137479428179,0.0123764070979178,0.000618775044536335,-0.00048582264934538,-0.0123654937981428,0.0123904940609046,0.0123904940609431
2108.51746302843,1862,baseline_local_after,common,True,True,valid,valid,3.7135633608806,33.882026608812,712.16336193363,3.7141973892615,-33.8823647914071,0.0690314845714965,3.71362800419139,33.8826164052322,712.17575881314,3.71481722698962,-33.8828531053509,0.056645524340297,6.46433107895916e-05,0.00058979642015089,0.0123968795102201,0.000619837728116579,-0.000488313943790786,-0.0123859602311995,0.0124110700652992,0.0124110700652987
2108.42862352729,1863,baseline_local_after,common,True,True,valid,valid,3.70482608093965,33.9777650495853,712.137878563413,3.70436299366419,-33.9783085951201,0.0933144508725263,3.70489068105257,33.9783575112585,712.15029593102,3.70498370652408,-33.978799406542,0.0809080000511813,6.46001129149809e-05,0.000592461673186051,0.0124173676067585,0.00062071285988452,-0.000490811421961723,-0.0124064508213451,0.0124316612844044,0.01243166128435
2108.35933935642,1864,baseline_local_after,common,True,True,valid,valid,3.69801719029989,34.0737939591826,712.118603293565,3.69673311397282,-34.0744920474995,0.111479717788939,3.69808177981579,34.0743890915855,712.131041147009,3.69735473443348,-34.0749853618947,0.0990527800493055,6.45895158939425e-05,0.000595132402921195,0.0124378534438847,0.000621620460663053,-0.000493314395150435,-0.0124269377396331,0.0124522509079333,0.0124522509079401
2108.33652803302,1865,baseline_local_after,common,True,True,valid,valid,3.69578983725081,34.1705260274419,712.114079627935,3.69434090560227,-34.1712578999357,0.115108053973699,3.69585449456021,34.1711238358593,712.126537960904,3.69496351169496,-34.1717537226403,0.102660639087844,6.46573094025271e-05,0.000597808417438728,0.0124583329691177,0.000622606092690603,-0.000495822704607463,-0.0124474148858553,0.012472835116405,0.0124728351164309
2108.34577533603,1866,baseline_local_after,common,True,True,valid,valid,3.69672283461924,34.267746963673,712.119731307149,3.695561636136,-34.2684293234811,0.108709095713152,3.69678761402517,34.2683474534555,712.132210114786,3.69618528189377,-34.2689276598852,0.0962412109206525,6.47794059256412e-05,0.000600489782442537,0.0124788076374216,0.000623645757762858,-0.000498336404113786,-0.0124678847924997,0.0124934152417192,0.0124934152417138
2108.34629014134,1867,baseline_local_after,common,True,True,valid,valid,3.69679499778988,34.364835765389,712.122609683875,3.69579817881604,-34.3654913151344,0.105043102996547,3.69685988448789,34.3654389421196,712.135108966293,3.69642284945638,-34.36599217082,0.0925547474764699,6.48866980084151e-05,0.000603176730585631,0.0124992824181618,0.000624670640334557,-0.000500855685650947,-0.0124883555200768,0.0125139959014244,0.0125139959014927
2108.31264486909,1868,baseline_local_after,common,True,True,valid,valid,3.69349966987645,34.4614004940336,712.114642958409,3.69218484984232,-34.4621180134121,0.112064481250059,3.69356460567119,34.4620063634336,712.127162718641,3.69281048736613,-34.4626213940755,0.0995556493201093,6.49357947364315e-05,0.000605869399983305,0.0125197602320668,0.000625637523810951,-0.000503380663431585,-0.0125088319299493,0.0125345797957377,0.0125345797957186
2108.25289055705,1869,baseline_local_after,common,True,True,valid,valid,3.68763072552224,34.557560833031,712.098387423325,3.68562922395974,-34.5584081756581,0.127254153686636,3.68769566566738,34.5581694007492,712.110927662864,3.68625578373451,-34.5589140869356,0.114724841805355,6.49401451360276e-05,0.000608567718160202,0.0125402395392484,0.000626559774765667,-0.000505911277578264,-0.0125293118812806,0.0125551654545755,0.0125551654545264
2108.20078746974,1870,baseline_local_after,common,True,True,valid,valid,3.68251622875992,34.6538351826154,712.08455989182,3.67993603937359,-34.6547924725867,0.140051186443998,3.68258118598666,34.654446454064,712.097120607196,3.68056353396437,-34.6553009199189,0.127501398603385,6.49572267454879e-05,0.000611271448569539,0.0125607153764804,0.000627494590780486,-0.00050844733218014,-0.0125497878406122,0.0125757482081224,0.0125757482081759
2108.19325558841,1871,baseline_local_after,common,True,True,valid,valid,3.68179520853656,34.7507966793493,712.084878679785,3.6792655474922,-34.7517481125713,0.138907656552874,3.6818602588393,34.7514106596813,712.097459862148,3.67989405242279,-34.7522591011834,0.126337404955279,6.50503027483929e-05,0.000613980332069275,0.0125811823627373,0.000628504930581641,-0.000510988612141716,-0.0125702515975945,0.0125963229965934,0.0125963229966658
2108.20863598585,1872,baseline_local_after,common,True,True,valid,valid,3.68333266862955,34.8481144997433,712.092468839304,3.68117696126286,-34.8490005514702,0.130598499140092,3.68339785123584,34.848731194224,712.105070482223,3.68180651543546,-34.84951408668,0.118007791922992,6.51826062911809e-05,0.00061669448072621,0.0126016429182982,0.00062955417259758,-0.000513535209705651,-0.0125907072171003,0.0126168920537119,0.0126168920536947
2108.20580466092,1873,baseline_local_after,common,True,True,valid,valid,3.68307500453728,34.9451507351631,712.094277070376,3.68103607476495,-34.9460187372349,0.127987205062482,3.68314028823646,34.9457701492954,712.106899172428,3.68166664693857,-34.9465348245567,0.115376042203707,6.52836991807959e-05,0.000619414132380314,0.0126221020520916,0.000630572173619726,-0.000516087321727809,-0.0126111628587751,0.0126374600312794,0.0126374600312064
2108.1798440218,1874,baseline_local_after,common,True,True,valid,valid,3.68053747823771,35.041826170404,712.08874237685,3.67828871689622,-35.0427362333451,0.132612096639377,3.6806028232052,35.042448309699,712.101384936801,3.67892026723294,-35.0432548782997,0.119980477544459,6.53449674885564e-05,0.000622139294975455,0.0126425599507911,0.00063155033671336,-0.000518644954617287,-0.0126316190949183,0.0126580270728292,0.0126580270728047
2108.15627771616,1875,baseline_local_after,common,True,True,valid,valid,3.67823600425554,35.1385377828554,712.083966452127,3.67581116008222,-35.1394836952824,0.136489279032389,3.67830141444819,35.1391626526362,712.096629464879,3.6764436923086,-35.1400049032347,0.123837208927966,6.54101926440553e-05,0.00062486978077203,0.0126630127513181,0.000632532226383375,-0.000521207952239422,-0.0126520701044228,0.0126785895381256,0.0126785895380409
2108.1772492826,1876,baseline_local_after,common,True,True,valid,valid,3.68032459723607,35.2359481127937,712.093326111405,3.67835241339901,-35.2368141580906,0.126436375856315,3.68039014935886,35.2365757180867,712.10600956579,3.67898600364495,-35.2373379341581,0.113763869291688,6.55521227854727e-05,0.000627605292990552,0.0126834543841596,0.000633590245946891,-0.000523776067545612,-0.0126725065646269,0.0126991417268904,0.0126991417268729
2108.24672234058,1877,baseline_local_after,common,True,True,valid,valid,3.687194285658,35.3341254506448,712.118080645209,3.68635952017261,-35.3347856031978,0.101212351294635,3.68726006363676,35.3347557964235,712.130784529071,3.6869942517374,-35.3353119524534,0.0885194241291174,6.57779787585078e-05,0.000630345778738217,0.0127038838621729,0.000634731564787216,-0.000526349255672187,-0.0126929271655172,0.0127196826897073,0.0127196826897296
2108.31303659081,1878,baseline_local_after,common,True,True,valid,valid,3.69375306865719,35.4322598598666,712.14183276119,3.69401113652927,-35.4327223254395,0.0769761361407291,3.6938190673783,35.4328929514115,712.154557068781,3.69464700404894,-35.4332512532106,0.064262793845387,6.59987211095725e-05,0.000633091544919751,0.0127243075910428,0.000635867519669375,-0.00052892777111424,-0.012713342295342,0.0127402183814449,0.0127402183814941
2108.33103910089,1879,baseline_local_after,common,True,True,valid,valid,3.6955493829502,35.5296354052658,712.150247412141,3.6962180808529,-35.5300257393295,0.0678544597824384,3.69561551897041,35.5302712481249,712.162992143244,3.69685500096018,-35.5305572511656,0.0551206987931891,6.61360202176553e-05,0.000635842859068703,0.0127447311023161,0.00063692010728289,-0.000531511836129539,-0.0127337609892493,0.0127607539348168,0.0127607539348713
2108.29340386391,1880,baseline_local_after,common,True,True,valid,valid,3.69186071469341,35.6261293635797,712.140997827325,3.69215434285571,-35.626592169257,0.0761403350172714,3.69192689143934,35.6267679633248,712.153762982221,3.69279221908875,-35.6271262707275,0.0633861506823905,6.61767459280149e-05,0.000638599745080626,0.0127651548961012,0.000637876233035684,-0.000534101470492487,-0.0127541843348808,0.0127812897830217,0.0127812897830217
2108.22362776101,1881,baseline_local_after,common,True,True,valid,valid,3.6850037613396,35.7221089205274,712.121544185136,3.68446844433474,-35.7227277305349,0.0944820409711156,3.68506992264837,35.7227502825533,712.134329760515,3.6851072204407,-35.7232644270616,0.0817074340393447,6.61613087635793e-05,0.000641362025938008,0.0127855753788708,0.000638776105965633,-0.000536696526630465,-0.0127746069317709,0.0128018225396183,0.0128018225396425
2108.15444771945,1882,baseline_local_after,common,True,True,valid,valid,3.67820593867874,35.8180929153303,712.102279499079,3.6768500789292,-35.818866183001,0.112637597863795,3.67827208516008,35.8187370447929,712.115085486816,3.67748975515532,-35.8194054798059,0.0998425764373678,6.61464813385138e-05,0.000644129462592957,0.0128059877362148,0.000639676226121821,-0.000539296804909384,-0.0127950214264274,0.0128223476797994,0.0128223476797655
2108.12071239948,1883,baseline_local_after,common,True,True,valid,valid,3.67490216749533,35.9146395743998,712.09426515235,3.67322617639359,-35.9154752020669,0.119706317730447,3.67496836058135,35.9152864761998,712.107091539231,3.67386681352057,-35.9160171041587,0.106890897719268,6.61930860204052e-05,0.000646901799939315,0.0128263868804197,0.0006406371269847,-0.000541902091839574,-0.0128154200111794,0.0128428604239711,0.0128428604239301
2108.13050834835,1884,baseline_local_after,common,True,True,valid,valid,3.67588926884775,36.0118833275278,712.100067235817,3.67450769903414,-36.0126682107556,0.113159346995644,3.67595558439926,36.0125330064841,712.112914007097,3.67514937218833,-36.0132127230739,0.100323546486038,6.63155515088221e-05,0.000649678956321509,0.0128467712801239,0.000641673154191835,-0.000544512318320756,-0.0128358005096061,0.0128633593132772,0.0128633593133371
2108.17051611841,1885,baseline_local_after,common,True,True,valid,valid,3.6798544572848,36.1096153557411,712.115458304837,3.67919382686345,-36.1102709967662,0.0971626775760797,3.67992094820306,36.1102678167314,712.128325447079,3.67983658829321,-36.1108181242984,0.0843065123203814,6.64909182646056e-05,0.000652460990252735,0.0128671422423849,0.000642761429759275,-0.000547127532179559,-0.0128561652556982,0.01288384553896,0.0128838455390414
2108.22962480783,1886,baseline_local_after,common,True,True,valid,valid,3.68570277986801,36.2076602173549,712.136912347422,3.68603277128992,-36.2081369830665,0.075191076046508,3.68576947981941,36.2083154653011,712.149799848201,3.68667665407333,-36.2086867308361,0.0623145599248573,6.66999514034039e-05,0.000655247946227178,0.0128875007787883,0.00064388278341454,-0.000549747769611031,-0.0128765161216506,0.0129043200160962,0.0129043200161845
2108.27569586039,1887,baseline_local_after,common,True,True,valid,valid,3.69026616533235,36.3055000418792,712.154227266989,3.69140267192601,-36.3058318159513,0.057298452308828,3.69033305169321,36.3061580818872,712.167135117669,3.69204765307737,-36.3063841891346,0.0444015928920862,6.68863608619397e-05,0.000658040008033822,0.01290785068079,0.000644981151360469,-0.000552373183360544,-0.0128968594167418,0.0129247862510377,0.0129247862510181
2108.27503573895,1888,baseline_local_after,common,True,True,valid,valid,3.69022272752139,36.4025860646995,712.15670555989,3.69150581566271,-36.4028943033029,0.0540269755637155,3.69028971828634,36.4032469020707,712.169633755826,3.69215181305279,-36.4034493072393,0.0411097737786577,6.69907649490931e-05,0.000660837371256662,0.0129281959360696,0.000645997390080311,-0.000555003936391074,-0.0129172017850578,0.0129452479294622,0.0129452479293871
2108.24393385649,1889,baseline_local_after,common,True,True,valid,valid,3.68717824477577,36.4991773743579,712.149518224465,3.68817798551289,-36.4995412027573,0.0602807855681249,3.68724528624856,36.4998410142594,712.16246675838,3.68882494517541,-36.5000988426731,0.0473432462367782,6.70414727972357e-05,0.000663639901475221,0.0129485339151643,0.000646959662518043,-0.000557639915797381,-0.0129375393313467,0.0129657025660033,0.01296570256603
2108.2151286602,1890,baseline_local_after,common,True,True,valid,valid,3.68436023821647,36.5958043838053,712.143058838414,3.68510900984306,-36.5962178428763,0.0658172490165043,3.68442733421757,36.5964708311591,712.156027698234,3.68575693505585,-36.5967781237922,0.0528593843314411,6.70960010955568e-05,0.000666447353751209,0.0129688598200346,0.000647925212788891,-0.00056028091591287,-0.0129578646850632,0.0129861456552894,0.012986145655371
2108.20480000973,1891,baseline_local_after,common,True,True,valid,valid,3.6833636874803,36.6927321653132,712.142463773415,3.68412233565187,-36.6931472482278,0.0655745640129908,3.68343087044355,36.6934014249047,712.155452944464,3.68477125816095,-36.6937101750492,0.0525963900478246,6.71829632512555e-05,0.000669259591454363,0.0129891710492984,0.000648922509071781,-0.000562926821416454,-0.0129781739651662,0.0130065747412313,0.0130065747412287
2108.19089306891,1892,baseline_local_after,common,True,True,valid,valid,3.68201440438175,36.7896012381652,712.140731450348,3.68273234309205,-36.7900272548207,0.066452645172717,3.6820816678509,36.7902733148972,712.153740920399,3.68338225590197,-36.7905928325504,0.0534541738130656,6.7263469151424e-05,0.000672076731973448,0.0130094700510881,0.000649912809919329,-0.000565577729638278,-0.0129984713596514,0.013026992074846,0.0130269920747822
2108.1494358182,1893,baseline_local_after,common,True,True,valid,valid,3.67794931243719,36.8860167807435,712.130251924902,3.67823746227975,-36.8865253381339,0.0759509734530184,3.67801660742281,36.8866916796499,712.143281684421,3.67888831602517,-36.8870935718836,0.0629322119885956,6.7294985619526e-05,0.000674898906417809,0.0130297595185311,0.000650853745419511,-0.000568233749653757,-0.0130187614644228,0.0130474001341158,0.0130474001341153
2108.07631489635,1894,baseline_local_after,common,True,True,valid,valid,3.67076322114414,36.9819074177626,712.109720253247,3.67017445691075,-36.982580805634,0.0953555817907272,3.67083049112199,36.9825851438765,712.122770292767,3.67082619470214,-36.9831517005139,0.0823165371060668,6.72699778432317e-05,0.000677726113814003,0.0130500395197259,0.000651737791386608,-0.000570894879935224,-0.0130390446846604,0.013067798950155,0.0130677989501381
2107.99277166137,1895,baseline_local_after,common,True,True,valid,valid,3.66255028705878,37.0776203552527,712.085880296249,3.66093745219648,-37.0784856563412,0.118020523741507,3.66261751301731,37.0783009134357,712.098950603032,3.66159005447283,-37.0790592173173,0.104961207670385,6.72259585319246e-05,0.000680558182992286,0.0130703067829927,0.00065260227634667,-0.000573560976086185,-0.0130593160711214,0.013088185442279,0.0130881854422159
2107.93447313458,1896,baseline_local_after,common,True,True,valid,valid,3.65682594742545,37.173745538325,712.070053086522,3.65454545046073,-37.1747371581948,0.132789076731797,3.65689317379619,37.1744289331694,712.083143642669,3.65519896080928,-37.1753133900056,0.119709509106656,6.7226370744411e-05,0.000683394844450902,0.0130905561470627,0.000653510348556097,-0.000576231810860861,-0.013079567625141,0.013108554769224,0.0131085547691633
2107.92883578688,1897,baseline_local_after,common,True,True,valid,valid,3.65629193329396,37.2707418644903,712.070939350079,3.65408719736743,-37.2717229819192,0.131086747633958,3.65635925362608,37.2714281003726,712.084050133628,3.65474170826187,-37.2723018891208,0.117986954546382,6.73203321217564e-05,0.000686235882291442,0.0131107835495641,0.000654510894435134,-0.000578907201614243,-0.0130997930875765,0.013128903114761,0.0131289031147439
2107.95981392637,1898,baseline_local_after,common,True,True,valid,valid,3.65936674235981,37.3683487725215,712.083446144845,3.65775465585256,-37.3692242583884,0.117932520303725,3.65943422196594,37.3690378538937,712.096577135493,3.65841023163255,-37.369805845599,0.104812524924682,6.74796061210792e-05,0.000689081372293288,0.0131309906479373,0.000655575779994422,-0.000581587210561452,-0.0131199953790428,0.0131492319939646,0.0131492319940333
2107.99158075731,1899,baseline_local_after,common,True,True,valid,valid,3.66251941353773,37.4659724554799,712.096202408775,3.66151107394633,-37.4667402674335,0.104532431408188,3.66258705391846,37.4666643870044,712.109353590464,3.6621677153938,-37.4673245394464,0.0913922498071997,6.76403807311488e-05,0.000691931524514189,0.013151181689409,0.000656641447463358,-0.000584272012993381,-0.0131401816009884,0.0131695453332136,0.0131695453331787
2108.01671055704,1900,baseline_local_after,common,True,True,valid,valid,3.66501801882065,37.5634886198557,712.106851031832,3.66451967768768,-37.5641660115622,0.0932093929280882,3.66508580817183,37.5641834062138,712.120022389014,3.66517737231583,-37.564752973186,0.0800490400711169,6.77893511826788e-05,0.000694786358110377,0.0131713571819319,0.000657694628152683,-0.000586961623888271,-0.0131603528569713,0.0131898435735068,0.0131898435734398
2108.03778289258,1901,baseline_local_after,common,True,True,valid,valid,3.66711677165907,37.6609397209926,712.116210675218,3.66707109490269,-37.6615372443334,0.0831566271690463,3.66718470274955,37.6616373668171,712.129402191538,3.66772983475709,-37.6621269003347,0.0699761190320487,6.79310904807551e-05,0.000697645824516258,0.0131915163198073,0.000658739854394241,-0.000589656001309891,-0.0131805081369976,0.0132101259322257,0.0132101259322198
2108.04625374451,1902,baseline_local_after,common,True,True,valid,valid,3.66797344992803,37.7581813513872,712.121569014362,3.66820245680003,-37.7587317622017,0.0770471186433497,3.66804150013086,37.7588818613375,712.134780674116,3.668862218575,-37.7593241173682,0.0638464698628241,6.80502028234109e-05,0.000700509950327444,0.0132116597537788,0.00065976177496907,-0.000592355166503467,-0.0132006487805256,0.0132303929824564,0.0132303929824396
2108.03470101207,1903,baseline_local_after,common,True,True,valid,valid,3.66685640746626,37.8550865630506,712.120569800671,3.66707730857823,-37.8556419062347,0.0772029531038925,3.666924540685,37.8557899418052,712.133801588655,3.66773805553455,-37.8562369653692,0.0639821772133473,6.81332187397743e-05,0.000703378754607797,0.0132317879839547,0.000660746956313574,-0.00059505913444724,-0.0132207758905452,0.0132506451563786,0.0132506451564362
2108.01633640006,1904,baseline_local_after,common,True,True,valid,valid,3.66506793565032,37.9518763761869,712.117406943346,3.66518448966961,-37.9524543640276,0.0794910696953366,3.66513613944501,37.9525826283028,712.130658842157,3.66584620860228,-37.9530521318293,0.066250183485522,6.82037946915237e-05,0.000706252115911354,0.0132518988111769,0.000661718932668975,-0.000597767801707505,-0.0132408862098146,0.0132708803743577,0.0132708803744088
2108.00344715826,1905,baseline_local_after,common,True,True,valid,valid,3.66381918610456,38.0487584084762,712.115980884029,3.6639086468775,-38.0493448229967,0.0800675998569886,3.66388747016713,38.0494675383945,712.129252874192,3.6645713465984,-38.049945304066,0.0668066231804687,6.82840625731984e-05,0.000709129918263329,0.0132719901632754,0.000662699720898274,-0.000600481069248815,-0.0132609766765199,0.0132910966759051,0.0132910966759636
2108.00278929225,1906,baseline_local_after,common,True,True,valid,valid,3.6637760771708,38.1458483024828,712.118436202034,3.66401109192958,-38.1464113694439,0.0768190572714502,3.66384446345532,38.1465603145655,712.13172826273,3.66467479344019,-38.1470145683131,0.0635380118740159,6.83862845227701e-05,0.00071201208272953,0.0132920606953348,0.000663701510610792,-0.000603198869157495,-0.0132810453974344,0.0133112927778758,0.0133112927779255
2108.01295806468,1907,baseline_local_after,common,True,True,valid,valid,3.6648001582891,38.2431236901743,712.124327050188,3.66533354308708,-38.2436352851388,0.0701848109279126,3.66486866630302,38.24383858876,712.137639160317,3.66599826493225,-38.2442412063189,0.0568837187238387,6.85080139173344e-05,0.000714898585691515,0.0133121101291636,0.00066472184516897,-0.000605921180103053,-0.0133010922040739,0.0133314683897451,0.0133314683898368
2108.01995795593,1908,baseline_local_after,common,True,True,valid,valid,3.66551190911933,38.3403466727341,712.129210738001,3.66629886458267,-38.3408150405984,0.0645431252809203,3.66558053306644,38.3410644622238,712.142542877825,3.66696460008984,-38.3414236886518,0.051222005693603,6.86239471168193e-05,0.000717789489641518,0.013332139823774,0.000665735507169529,-0.000608648053443517,-0.0133211195873173,0.0133516247430123,0.013351624743007
2108.01712093316,1909,baseline_local_after,common,True,True,valid,valid,3.66525403985439,38.4374025304078,712.130970466016,3.66615560869048,-38.4378532449348,0.0619801143710674,3.66532276179518,38.4381232152149,712.144322616195,3.66682233907384,-38.4384646244333,0.048638985880757,6.87219407842221e-05,0.000720684807077987,0.0133521501786618,0.000666730383350966,-0.000611379498415943,-0.0133411284903104,0.0133717621759376,0.013371762175949
2108.00969848689,1910,baseline_local_after,common,True,True,valid,valid,3.66454418909201,38.5343802348489,712.131273262923,3.66549556504337,-38.5348252229633,0.0608529265515472,3.66461300055968,38.5351038193175,712.144645402964,3.66616328092873,-38.5354393384183,0.0474918092143071,6.88114676674623e-05,0.000723584468566685,0.0133721400416107,0.000667715885363407,-0.000614115455000785,-0.0133611173372401,0.0133918795840495,0.0133918795841038
2107.99939047085,1911,baseline_local_after,common,True,True,valid,valid,3.66354991531827,38.631308477546,712.13065874003,3.66451029451558,-38.6317552487423,0.0606297774550058,3.6636188109039,38.6320349659747,712.144050848754,3.66517898955274,-38.6323721046258,0.0472486921519248,6.88955856356088e-05,0.000726488428696825,0.0133921087243607,0.000668695037155942,-0.000616855883443179,-0.0133810853030809,0.0134119762944858,0.0134119762944162
2107.98024105094,1912,baseline_local_after,common,True,True,valid,valid,3.66168415677591,38.7280840153102,712.12723625127,3.66252863672946,-38.7285555566044,0.0631739126774846,3.66175312017516,38.7288134120046,712.140648307801,3.66319829369728,-38.7291751573926,0.0497728794978229,6.89633992476679e-05,0.000729396694438833,0.0134120565307967,0.000669656967822618,-0.000619600788212438,-0.0134010331796617,0.0134320525562395,0.013432052556244
2107.95138388872,1913,baseline_local_after,common,True,True,valid,valid,3.65886155309513,38.8246907050734,712.120730868719,3.65945300170968,-38.8252122541798,0.068756285266204,3.65893056634587,38.825423014311,712.134162851822,3.66012360171491,-38.8258346043239,0.0553353245832113,6.90132507399355e-05,0.000732309237626794,0.0134319831028051,0.000670600005236111,-0.000622350144077188,-0.0134209606829927,0.0134521080029241,0.0134521080029597
2107.92313637584,1914,baseline_local_after,common,True,True,valid,valid,3.65609909875005,38.9213063830986,712.114417827,3.65644607063652,-38.9218763654954,0.074149136005758,3.65616816269451,38.9220416090512,712.127869713637,3.65711761349059,-38.9225014693555,0.0607082708376083,6.90639444682617e-05,0.000735225952595897,0.0134518866364033,0.000671542854071561,-0.000625103860137699,-0.0134408651681497,0.0134721409251997,0.0134721409252276
2107.89777929336,1915,baseline_local_after,common,True,True,valid,valid,3.65362159204313,39.0179708151855,712.109021099572,3.65376484526594,-39.0185817296315,0.0786389817646977,3.65369071170745,39.0187089619742,712.122492865943,3.6544373349259,-39.0192095915234,0.0651782360769175,6.91196643192171e-05,0.00073814678866313,0.0134717663712536,0.000672489659962139,-0.000627861891942416,-0.0134607456877802,0.0134921505836263,0.0134921505835505
2107.86347572505,1916,baseline_local_after,common,True,True,valid,valid,3.65026235137744,39.1144778943458,712.100783339854,3.65007551154553,-39.1151529986457,0.0859287231014605,3.650331510078,39.1152189661384,712.114274963222,3.650748930328,-39.1157836229232,0.0724481188271966,6.91587005547944e-05,0.000741071792560888,0.0134916233681679,0.000673418782461965,-0.000630624277548009,-0.0134806042742639,0.0135121379298794,0.0135121379298506
2107.81368930638,1917,baseline_local_after,common,True,True,valid,valid,3.64537723747906,39.2107121743636,712.087630034126,3.64464165207943,-39.2114917091238,0.098062826884302,3.64544640643995,39.211456175338,712.101141492124,3.64531597023742,-39.2121251001478,0.0845623850451602,6.9168960887378e-05,0.0007440009744073,0.0135114579977653,0.000674318157990683,-0.000633391024017271,-0.0135004418391418,0.0135321032740829,0.0135321032740499
2107.75631074607,1918,baseline_local_after,common,True,True,valid,valid,3.63974407980708,39.3068099900759,712.072066189179,3.63835252241304,-39.3077136890152,0.112572594401968,3.63981324465393,39.30755692432,712.08559745795,3.63902772452002,-39.3083498510686,0.0990523381519779,6.91648468489348e-05,0.000746934244133968,0.0135312687715441,0.000675202106975803,-0.00063616205347472,-0.0135202562499899,0.0135520452002221,0.0135520452002248
2107.69349497557,1919,baseline_local_after,common,True,True,valid,valid,3.63357534585056,39.4028082386474,712.054776049726,3.63145102603645,-39.4038502340223,0.128783701446082,3.63364449611933,39.4035581101984,712.068327104668,3.6321271005388,-39.4044891713436,0.115243654861274,6.91502687777401e-05,0.000749871551008141,0.0135510549422406,0.000676074502351298,-0.000638937321326694,-0.0135400465848079,0.0135719629807301,0.0135719629807954
2107.62267848849,1920,baseline_local_after,common,True,True,valid,valid,3.62661850527833,39.4986610770005,712.034946300979,3.62364845468743,-39.499862159208,0.147497687897271,3.62668762572534,39.4994138898773,712.048517117349,3.62432538525038,-39.5005038760185,0.133937874980347,6.91204470117945e-05,0.000752812876804398,0.0135708163692243,0.000676930562946154,-0.000641716810470427,-0.0135598129169239,0.0135918564512315,0.0135918564513412
2107.57193431258,1921,baseline_local_after,common,True,True,valid,valid,3.62163991681433,39.5948631394183,712.0214862604,3.6181074692116,-39.5961711636481,0.159934286815883,3.62170904404666,39.5956188974081,712.035076809386,3.61878529111702,-39.5968156639705,0.146354737954653,6.91272323254388e-05,0.000755757989750805,0.0135905489867127,0.000677821905412657,-0.000644500322430019,-0.0135795488612303,0.0136117218041495,0.0136117218042248
2107.58490398526,1922,baseline_local_after,common,True,True,valid,valid,3.62293966767211,39.6921894056257,712.028244897398,3.61974418563554,-39.6934388537046,0.152445077867583,3.62300891928287,39.6929481121743,712.041855144156,3.62042301479972,-39.69408614127,0.138845833109258,6.92516107605456e-05,0.000758706548573684,0.0136102467579349,0.000678829164172612,-0.000647287565357146,-0.0135992447583249,0.0136315534046681,0.0136315534046279
2107.65997558832,1923,baseline_local_after,common,True,True,valid,valid,3.63035921435614,39.7906195993975,712.054711737333,3.62837735664885,-39.7916491318301,0.125533073783345,3.63042870545924,39.7913812579238,712.06834164679,3.62905730650121,-39.7922992103442,0.111914173289961,6.94911031020595e-05,0.000761658526279518,0.0136299094568813,0.000679949852354866,-0.000650078514098595,-0.013618900493384,0.0136513510147108,0.0136513510146397
2107.743463099,1924,baseline_local_after,common,True,True,valid,valid,3.63860875791582,39.8892069934395,712.083850441257,3.63795937661868,-39.8899947369903,0.095987851863697,3.63867850440492,39.8899716076989,712.097499984755,3.63864046175521,-39.890647610443,0.0823493249446301,6.9746489097966e-05,0.000764614259402663,0.0136495434975359,0.000681085136527315,-0.000652873452679614,-0.0136385269190669,0.0136711205550075,0.0136711205550432
2107.78736706078,1925,baseline_local_after,common,True,True,valid,valid,3.64295763528511,39.9870967386236,712.1004253444,3.64308186996417,-39.9877455455548,0.0788244650267416,3.64302756383605,39.9878643126694,712.11409449893,3.64376401610558,-39.9884012181875,0.0651663313501558,6.99285509333514e-05,0.000767574045845265,0.0136691545301346,0.000682146141414819,-0.000655672632760229,-0.0136581336765857,0.0136908672291711,0.0136908672291818
2107.78092339635,1926,baseline_local_after,common,True,True,valid,valid,3.64234443758204,40.0840911849682,712.101017978196,3.64253136539238,-40.0847318927451,0.0774119313725805,3.64241445449994,40.0848617228922,712.114706721631,3.64321447794855,-40.0853903688306,0.0637342088145942,7.00169178942112e-05,0.000770537923983738,0.0136887434350683,0.000683112556174592,-0.000658476085504844,-0.0136777225579863,0.0137105918140762,0.0137105918140988
2107.73904976249,1927,baseline_local_after,common,True,True,valid,valid,3.63823938484149,40.1804511005888,712.090363273497,3.63798870020767,-40.1811757847249,0.0870839229681906,3.63830942385338,40.1812246063411,712.104071581321,3.63867271187589,-40.1818370684139,0.0733866330202773,7.00390118941741e-05,0.000773505752341919,0.0137083078235491,0.000684011668212747,-0.000661283688998537,-0.0136972899479133,0.0137302920579743,0.0137302920579569
2107.67380622029,1928,baseline_local_after,common,True,True,valid,valid,3.63183133194074,40.2763885560631,712.072290014388,3.63081304014876,-40.277257948143,0.104067119820797,3.63190134901732,40.277165033472,712.086017860068,3.63149790575735,-40.2779220434806,0.0903502869847443,7.00170765806085e-05,0.000776477408820142,0.0137278456800232,0.000684865608590712,-0.000664095337619131,-0.0137168328360531,0.01374996605712,0.0137499660571036
2107.6267028749,1929,baseline_local_after,common,True,True,valid,valid,3.62721124039759,40.3726479019637,712.05997373042,3.62568142225475,-40.3736148730286,0.115376730523053,3.62728126897509,40.3734273545281,712.073721081691,3.62636717376312,-40.3742817837779,0.101640388498822,7.00285775043774e-05,0.000779452564323435,0.0137473512716042,0.000685751508363808,-0.000666910749238525,-0.0137363420242309,0.0137696084652606,0.0137696084652152
2107.62028101087,1930,baseline_local_after,common,True,True,valid,valid,3.62660024540624,40.4696382532484,712.060568019082,3.62513319077803,-40.4705971117519,0.113962675824268,3.62667036129206,40.47042068427,712.074334840376,3.62581990232622,-40.4712668415055,0.100206863510834,7.01158858213979e-05,0.000782431021605134,0.0137668212944391,0.000686711548198105,-0.000669729753639103,-0.013755812313434,0.0137892161885306,0.0137892161885932
2107.63047298789,1931,baseline_local_after,common,True,True,valid,valid,3.62762650157682,40.5669294917461,712.066434031343,3.62645670864248,-40.5678370809922,0.107353207420147,3.62769673574842,40.5677149046562,712.080220289686,3.62714440970181,-40.5685096334513,0.0935779591169421,7.02341716047883e-05,0.000785412910111916,0.0137862583427477,0.000687701059327139,-0.000672552459029419,-0.0137752483032045,0.0138087915970664,0.013808791597098
2107.63738387823,1932,baseline_local_after,common,True,True,valid,valid,3.62832944140037,40.6641630115555,712.071257435355,3.62741053275404,-40.6650278667436,0.101771262438319,3.62839978758878,40.6649514098857,712.08506309982,3.62809921567851,-40.6657032456926,0.0879766087289227,7.034618841395e-05,0.000788398330165307,0.0138056644658491,0.000688682924462114,-0.00067537894894798,-0.0137946537093967,0.0138283365542223,0.0138283365542389
2107.6383035779,1933,baseline_local_after,common,True,True,valid,valid,3.62844197560083,40.7612891224126,712.074178011981,3.6276893090572,-40.7621268209017,0.0980646160869583,3.62851242241005,40.762080509674,712.088003051517,3.62837896107319,-40.7628050301058,0.0842505874529706,7.04468092180832e-05,0.000791387261415366,0.0138250395361865,0.000689652015985587,-0.000678209204103553,-0.0138140286339876,0.0138478509064613,0.0138478509064877
2107.64378616214,1934,baseline_local_after,common,True,True,valid,valid,3.62900419471701,40.8584993463374,712.078545566069,3.62848213536805,-40.8592980424694,0.0929319384189284,3.62907475058446,40.8592937259274,712.092389947829,3.6291727634351,-40.8599790855947,0.0790985680235963,7.05558674538587e-05,0.000794379589976302,0.0138443817592133,0.000690628067054888,-0.000681043125283054,-0.0138333703953322,0.013867332957647,0.0138673329577086
2107.66713824868,1935,baseline_local_after,common,True,True,valid,valid,3.63132750570029,40.9560373146033,712.0885837625,3.63128829808335,-40.9567505858174,0.0822106670030962,3.63139820420096,40.9568346897854,712.102447451505,3.63197993417794,-40.9574344664136,0.0683579912644063,7.06985006662109e-05,0.000797375182166604,0.0138636890047792,0.000691636094586556,-0.00068388059627722,-0.0138526757386899,0.0138867807025375,0.0138867807024734
2107.70830467343,1936,baseline_local_after,common,True,True,valid,valid,3.63540660635857,41.0539043621759,712.104275557872,3.63610173773662,-41.054485925359,0.0659175792620772,3.63547748110154,41.0547047361738,712.118158518697,3.63679441384923,-41.0551726469397,0.0520456350466247,7.08747429727374e-05,0.00080037399794719,0.0138829608252991,0.000692676112606705,-0.000686721580684946,-0.0138719442154525,0.0139061936935514,0.0139061936935662
2107.73698800802,1937,baseline_local_after,common,True,True,valid,valid,3.63825556989707,41.1515468073335,712.116004159942,3.63950874833892,-41.1520291069115,0.0535303355211454,3.63832659731154,41.1523501835436,712.129906360491,3.64020243948656,-41.1527186731356,0.0396391538096168,7.10274144735124e-05,0.000803376210150475,0.0139022005488414,0.000693691147638731,-0.000689566224103544,-0.0138911817115286,0.0139255749730073,0.0139255749729928
2107.71596500278,1938,baseline_local_after,common,True,True,valid,valid,3.63620556461845,41.2482782632802,712.111953252358,3.63731487636275,-41.2487904777498,0.0566943492243581,3.63627665051553,41.2490846453207,712.125874664697,3.63800948720165,-41.249482892464,0.0427839536743022,7.10858970744965e-05,0.000806382040565268,0.0139214123389593,0.000694610838891663,-0.000692414714229983,-0.0139103955500559,0.0139449283508893,0.0139449283509455
2107.65755155683,1939,baseline_local_after,common,True,True,valid,valid,3.6304705672144,41.3443193897635,712.096032606384,3.63090801333836,-41.3449586905622,0.0715564517101939,3.63054164037656,41.3451287811254,712.109973200548,3.63160347138205,-41.3456539575025,0.057626869038927,7.10731621618166e-05,0.000809391361819678,0.0139405941635005,0.000695458043693975,-0.000695266940333283,-0.0139295826712669,0.013964251909873,0.0139642519099491
2107.61841157079,1940,baseline_local_after,common,True,True,valid,valid,3.6266352233676,41.4407125790203,712.086228833202,3.62667289735095,-41.441428890583,0.0803901976109955,3.62670631992485,41.4415249827535,712.100188571698,3.6273692370157,-41.4421270131064,0.0664414668647169,7.10965572543465e-05,0.000812403733235101,0.0139597384959416,0.000696339664756351,-0.000698122523338895,-0.0139487307462787,0.0139835386587695,0.0139835386586688
2107.62771645188,1941,baseline_local_after,common,True,True,valid,valid,3.6275742206488,41.5380006664247,712.091800645408,3.62789607051809,-41.5386681167269,0.0740707431809824,3.62764543237203,41.5388160853319,712.105779486676,3.62859338162302,-41.5393690979759,0.0601029099624384,7.12117232266607e-05,0.000815418907215815,0.0139788412683401,0.000697311104936205,-0.000700981248989763,-0.013967833218544,0.0140027848055028,0.0140027848055151
2107.62882715464,1942,baseline_local_after,common,True,True,valid,valid,3.62770568696267,41.6351383111078,712.094770284333,3.62819596083169,-41.6357782027726,0.0703158387443636,3.62777699810887,41.6359567483493,712.108768193386,3.62889422608427,-41.6364820461938,0.0563289372740883,7.13111462085081e-05,0.000818437241534298,0.0139979090532734,0.000698265252580654,-0.000703843421213435,-0.0139869014702754,0.01402199638645,0.0140219963865256
2107.57641887665,1943,baseline_local_after,common,True,True,valid,valid,3.62256283613542,41.7312809391188,712.080751247785,3.62246582812724,-41.7320323499198,0.0833039855467632,3.62263414444012,41.7321023981331,712.094768194758,3.62316494402961,-41.732739059196,0.0692980410527753,7.13083046965934e-05,0.000821459014289871,0.0140169469724469,0.000699115902371261,-0.000706709276208528,-0.014005944493988,0.0140411780921284,0.0140411780921224
2107.56430137157,1944,baseline_local_after,common,True,True,valid,valid,3.62139068224484,41.8281714937772,712.079519532755,3.62127520863725,-41.8289297403545,0.0836897326624921,3.62146206420665,41.8289959772981,712.09355547572,3.62197524973518,-41.8296393185626,0.0696647904305792,7.13819618121114e-05,0.000824483520894148,0.0140359429651653,0.000700041097921655,-0.000709578208095252,-0.014024942231913,0.0140603187510835,0.014060318751034
2107.53319984674,1945,baseline_local_after,common,True,True,valid,valid,3.618347738321,41.9247069664482,712.072261060342,3.61794571030141,-41.9255213869151,0.0900151313742299,3.61841915737838,41.9255344775856,712.086315964223,3.61864663850063,-41.926233837452,0.075971224782279,7.14190573787299e-05,0.000827511137394765,0.0140549038810605,0.000700928199222517,-0.000712450536866527,-0.0140439065919509,0.0140794246498256,0.0140794246498707
2107.5541575551,1946,baseline_local_after,common,True,True,valid,valid,3.62043506263698,42.0222162004315,712.081524753543,3.62048143579929,-42.0229515358935,0.0800572293458117,3.62050661814223,42.0230467417506,712.095598574067,3.62118334837121,-42.0236668616865,0.0659944070486063,7.15555052597239e-05,0.000830541319025713,0.0140738205238904,0.000701912571926755,-0.000715325793038346,-0.0140628222972055,0.0140984872667822,0.0140984872667813
2107.51937311888,1947,baseline_local_after,common,True,True,valid,valid,3.61702920408777,42.1186811535205,712.073094702524,3.61673690608818,-42.1194822540627,0.0875373198589386,3.61710078905332,42.119514728305,712.087187408188,3.61743969474326,-42.1202004586535,0.0734556085089935,7.15849655485989e-05,0.000833574784500968,0.014092705664325,0.000702788655075892,-0.000718204590775429,-0.0140817113499452,0.0141175183467189,0.0141175183467594
2107.54117575288,1948,baseline_local_after,common,True,True,valid,valid,3.619199805411,42.2162092944509,712.082623989389,3.6193677233799,-42.2169291355936,0.0773176734917342,3.61927152812891,42.2170459051476,712.096735534459,3.62007149425484,-42.2176502218031,0.0632171236048862,7.17227179150015e-05,0.000836610696687501,0.01411154507025,0.000703770874942222,-0.000721086209452437,-0.0141005498868481,0.0141365047262672,0.0141365047263236
2107.51572835445,1949,baseline_local_after,common,True,True,valid,valid,3.61671409429231,42.3128486425027,712.07715485507,3.61667505077345,-42.3136100091515,0.0818796888523821,3.61678586381783,42.3136882922486,712.091285206048,3.61737971151602,-42.3143339803908,0.0677603297949645,7.17695255203488e-05,0.000839649745962845,0.0141303509775526,0.000704660742570695,-0.000723971239288801,-0.0141193590574176,0.014155457651009,0.0141554576510163
2107.51611375809,1950,baseline_local_after,common,True,True,valid,valid,3.61677412427545,42.409975244532,712.079883744262,3.61689279330949,-42.4107110233384,0.0783621764282998,3.61684599001767,42.4108179359039,712.094032858254,3.61759839135978,-42.4114378825352,0.0642240532391725,7.18657422273949e-05,0.00084269137194326,0.0141491139927439,0.000705598050295464,-0.00072685919680282,-0.0141381231891273,0.0141743684237752,0.0141743684237252
2107.43545520306,1951,baseline_local_after,common,True,True,valid,valid,3.60884784074552,42.5055665685827,712.056888717403,3.60797993700591,-42.5064873493175,0.100196892800568,3.6089196462481,42.5064123048688,712.071056564045,3.60868631470614,-42.5072171000084,0.0860400287816674,7.18055025847875e-05,0.000845736286144927,0.0141678466422945,0.000706377700225858,-0.000729750690950937,-0.0141568640189007,0.014193248549063,0.0141932485490801
2107.35787582397,1952,baseline_local_after,common,True,True,valid,valid,3.60122546787146,42.6012103919359,712.034871065814,3.5994144656491,-42.6023081734763,0.121068424926648,3.60129721846229,42.6020591757854,712.049057604021,3.60012162648326,-42.6030408186468,0.106892861337769,7.17505908292004e-05,0.000848783849534129,0.0141865382064452,0.000707160834160447,-0.000732645170465673,-0.0141755635888785,0.0142120881102477,0.0142120881102502
2107.30455428362,1953,baseline_local_after,common,True,True,valid,valid,3.59599363945282,42.6973103219403,712.020551552537,3.59358197575241,-42.6985220833101,0.134353102267141,3.59606538142315,42.6981621558081,712.034756738199,3.59428996399134,-42.6992576257759,0.120158885224555,7.17419703315514e-05,0.000851833867763219,0.0142051856612397,0.000707988238929147,-0.000735542465747585,-0.0141942170425864,0.0142308842845013,0.0142308842844508
2107.30686807632,1954,baseline_local_after,common,True,True,valid,valid,3.59624361822561,42.7944682015556,712.023886793811,3.59401663613122,-42.7956494113241,0.13023811523351,3.59631545878627,42.7953230876298,712.038110578587,3.59472555671473,-42.796387853669,0.116025297808733,7.18405606590089e-05,0.000854886074215244,0.0142237847766182,0.000708920583512906,-0.000738442344818679,-0.0142128174247773,0.0142496331404566,0.014249633140555
2107.36014223099,1955,baseline_local_after,common,True,True,valid,valid,3.60151486628756,42.8926018580836,712.043393575836,3.60019193298396,-42.8936201269911,0.110185192125869,3.60158690400914,42.8934597985406,712.057635911531,3.60090188222664,-42.8943614717857,0.0959538268623419,7.20377215728263e-05,0.00085794045698151,0.0142423356944619,0.000709949242683194,-0.000741344794597865,-0.0142313652635266,0.0142683347765182,0.0142683347765455
2107.42207959294,1956,baseline_local_after,common,True,True,valid,valid,3.60764009981206,42.9909071587793,712.065649675824,3.60734351644754,-42.9917399791815,0.0874226334527748,3.60771235156206,42.9917681560491,712.079910518891,3.60805450925126,-42.9924842292123,0.07317276458582,7.22517500033604e-05,0.000860997269825248,0.0142608430671771,0.000710992803718113,-0.000744250030784599,-0.0142498688669548,0.0142869934416125,0.0142869934416122
2107.4556902349,1957,baseline_local_after,common,True,True,valid,valid,3.61097427282915,43.0886744821493,712.078914853941,3.61130409251278,-43.0893954585999,0.0735211099422486,3.61104668365763,43.0895385388779,712.093194164805,3.61201607221176,-43.0901426168366,0.0592527745239977,7.24108284777536e-05,0.000864056728609341,0.0142793108647083,0.000711979698976961,-0.000747158236720225,-0.0142683354182509,0.0143056127491734,0.0143056127492033
2107.45044773817,1958,baseline_local_after,common,True,True,valid,valid,3.61047977409325,43.1856973717405,712.079847035302,3.61088738078962,-43.1864074690444,0.0717744627087313,3.61055226835182,43.1865644906022,712.094144775156,3.61160027007476,-43.187157538479,0.0574876960984056,7.24942585756949e-05,0.000867118861741289,0.0142977398538733,0.0007128892851469,-0.000750069434538148,-0.0142867666103257,0.014324193361825,0.0143241933618414
2107.42174205184,1959,baseline_local_after,common,True,True,valid,valid,3.60767315043571,43.2822678257301,712.073330772816,3.60782720936305,-43.2830280211072,0.0773687157275162,3.60774568216425,43.2831380092444,712.087646900517,3.60854096047919,-43.2837810045956,0.0630635569460765,7.25317285357185e-05,0.000870183514258827,0.0143161277010222,0.000713751116144579,-0.000752983488396808,-0.0143051587814398,0.0143427330921309,0.0143427330921202
2107.39244934916,1960,baseline_local_after,common,True,True,valid,valid,3.60480874047446,43.3788253406472,712.066627016526,3.60470091021927,-43.3796371690808,0.0831477866965997,3.60488130816,43.3796985911254,712.080961487726,3.60541551967025,-43.3803930692974,0.0688242799593581,7.25676855397595e-05,0.000873250478193199,0.0143344712003,0.000714609450980674,-0.000755900216546479,-0.0143235067372416,0.0143612289536404,0.0143612289535614
2107.356623739,1961,baseline_local_after,common,True,True,valid,valid,3.60130065473852,43.4752545682891,712.057848665618,3.6008386483862,-43.476135013673,0.0909715310953061,3.60137324524815,43.476130888038,712.072201436207,3.60155410107818,-43.4768938332854,0.0766297198597385,7.25905096299329e-05,0.000876319748876142,0.0143527705893121,0.000715452691977703,-0.000758819612393324,-0.0143418112355675,0.0143796811255945,0.0143796811256461
2107.30352786183,1962,baseline_local_after,common,True,True,valid,valid,3.59609095640035,43.5713460496105,712.043588168953,3.5950309056197,-43.572339992083,0.104198312923472,3.59616353555124,43.5722254409656,712.057959195618,3.59574716546573,-43.5731017337812,0.0898382389082144,7.25791508893181e-05,0.000879391355148584,0.0143710266653443,0.000716259846029743,-0.000761741698255491,-0.0143600740152579,0.0143980903006159,0.0143980903006468
2107.24773077667,1963,baseline_local_after,common,True,True,valid,valid,3.59061532278117,43.6673812682393,712.0284696978,3.58891905972607,-43.668495731809,0.118270733046302,3.59068788478939,43.6682637333862,712.042858935027,3.58963611891104,-43.6692603981511,0.103892441441417,7.25620082207001e-05,0.000882465146979428,0.0143892372273058,0.000717059184971447,-0.000764666342107034,-0.0143782916048849,0.0144164544172398,0.0144164544172486
2107.21676239371,1964,baseline_local_after,common,True,True,valid,valid,3.58758617717693,43.7638971095303,712.021229806405,3.5856041706022,-43.7650675955701,0.124578348318209,3.58765877021459,43.7647826504132,712.035637204973,3.5863220750468,-43.765835188903,0.110181890435911,7.25930376574979e-05,0.00088554088292625,0.014407398567073,0.000717904444599071,-0.000767593332874128,-0.0143964578822988,0.0144347700319384,0.0144347700318728
2107.22038309276,1965,baseline_local_after,common,True,True,valid,valid,3.58796500864521,43.861087657316,712.024965468042,3.58618549436941,-43.862224313405,0.120068858074205,3.58803770022819,43.8619762757628,712.039390977138,3.58690430924752,-43.8629948359724,0.105654287681318,7.26915829867281e-05,0.000888618446850842,0.0144255090953038,0.000718814878112539,-0.0007705225674286,-0.0144145703928871,0.0144530356489221,0.0144530356488666
2107.23878526688,1966,baseline_local_after,common,True,True,valid,valid,3.58980025348943,43.9585691516155,712.033390854608,3.58843184969124,-43.9596335847805,0.110937334042092,3.58987307245328,43.9594608495462,712.047834425304,3.58915160161952,-43.9604070389028,0.0965047012912237,7.28189638437016e-05,0.000891697930704538,0.0144435706955619,0.000719751928279777,-0.000773454122295902,-0.0144326327508679,0.0144712529602247,0.0144712529602307
2107.24870204926,1967,baseline_local_after,common,True,True,valid,valid,3.59079948404811,44.0558864411876,712.039122170624,3.58972234786443,-44.0569007066492,0.104460999238313,3.59087241354399,44.0567812206379,712.053583756255,3.59044301792238,-44.0576770947439,0.0900103499751594,7.29294958730087e-05,0.000894779450270278,0.0144615856307837,0.000720670057951622,-0.000776388094742231,-0.0144506492631535,0.0144894240027851,0.0144894240027948
2107.2400264591,1968,baseline_local_after,common,True,True,valid,valid,3.58996681927022,44.1528394255075,712.03895169621,3.58891841462355,-44.1538518388911,0.103801295479911,3.59003982246823,44.1537372885357,712.053431250813,3.58963996396108,-44.1546311633927,0.089332673954118,7.30031980107348e-05,0.000897863028150425,0.0144795546028718,0.000721549337526994,-0.000779324501621659,-0.0144686215257934,0.0145075493789194,0.0145075493789257
2107.22096541524,1969,baseline_local_after,common,True,True,valid,valid,3.5881108924586,44.249587628223,712.035483980078,3.58694454373457,-44.2506251827851,0.10639127491379,3.58818394858199,44.2504885767808,712.049981456253,3.58766694947423,-44.2514074460332,0.0919047275299363,7.30561233912574e-05,0.000900948557799097,0.0144974761750518,0.000722405739658427,-0.000782263248154891,-0.0144865473838536,0.0145256277298835,0.014525627729869
2107.21624679863,1970,baseline_local_after,common,True,True,valid,valid,3.58766812842282,44.3466186923128,712.036566688774,3.58658625735535,-44.3476441354579,0.104496505890097,3.58774126546419,44.3475227281293,712.051082035782,3.58730954519057,-44.3484293395969,0.0899920845738507,7.31370413693533e-05,0.00090403581651799,0.0145153470082278,0.000723287835221242,-0.000785204138963991,-0.0145044213162464,0.0145436559555579,0.0145436559554882
2107.22786326706,1971,baseline_local_after,common,True,True,valid,valid,3.5888348663926,44.4439739715707,712.042832260849,3.58806802901689,-44.4449448731014,0.0974936581061456,3.58890811638826,44.4448810963121,712.057365427269,3.58879222865017,-44.4457330202181,0.0829714156465116,7.32499956512811e-05,0.000907124741409859,0.0145331664198238,0.000724199633282296,-0.000788147116757898,-0.0145222424596341,0.0145616333920558,0.0145616333919962
2107.22423660755,1972,baseline_local_after,common,True,True,valid,valid,3.58849971371003,44.5410283955318,712.044258935294,3.58783265494342,-44.5419843696625,0.0952599070221822,3.58857304627993,44.5419386110365,712.058809872888,3.58855773386614,-44.5427754619903,0.0807198902314212,7.3332569899609e-05,0.000910215504752898,0.0145509375938673,0.000725078922720002,-0.000791092327744991,-0.014540016790761,0.0145795629149684,0.0145795629149437
2107.20060381293,1973,baseline_local_after,common,True,True,valid,valid,3.58619336862418,44.6376851773291,712.039335054397,3.58534358740429,-44.6386782137351,0.0992851224713149,3.58626674383176,44.6385984854191,712.053903714992,3.58606950356377,-44.63947225349,0.0847273776691964,7.33752075818828e-05,0.000913308089998566,0.0145686605951596,0.000725916159488804,-0.000794039754843823,-0.0145577448021186,0.0145974445409222,0.014597444540963
2107.18701379001,1974,baseline_local_after,common,True,True,valid,valid,3.58487655563812,44.7345411401462,712.037597111968,3.58398577599469,-44.7355451567242,0.100170378188295,3.58494999304934,44.7354575423827,712.052183443467,3.58471254660529,-44.7363421458938,0.0855949582820585,7.34374112187908e-05,0.000916402236569525,0.0145863314986627,0.000726770610590677,-0.000796989169622009,-0.0145754199062367,0.0146152746365382,0.0146152746364902
2107.18414890766,1975,baseline_local_after,common,True,True,valid,valid,3.58461648531035,44.8316112247919,712.039261618005,3.58383606310526,-44.832598366904,0.0977022756989072,3.58469000591787,44.8325307226816,712.053865567775,3.58456370678264,-44.8333983074256,0.083109234193671,7.35206075255235e-05,0.000919497889690035,0.0146039497699348,0.000727643677372214,-0.000799940521659437,-0.0145930415052362,0.0146330526730295,0.014633052673074
2107.16613280773,1976,baseline_local_after,common,True,True,valid,valid,3.58286360565774,44.9283784076529,712.036116410617,3.58197958260979,-44.929388050723,0.0999745392921341,3.58293717903853,44.9293010028329,712.050737928514,3.5827080667169,-44.9301909446442,0.0853639249050957,7.35733807935013e-05,0.000922595179957852,0.0146215178966713,0.000728484107114014,-0.000802893921196812,-0.0146106143870384,0.0146507808840049,0.0146507808839579
2107.12534706295,1977,baseline_local_after,common,True,True,valid,valid,3.57886736558767,45.0246877771882,712.025743898595,3.57755823700604,-45.025779088694,0.109369915950424,3.57894094602993,45.0256134712978,712.040382934856,3.5782875136495,-45.0265849380613,0.0947417763327394,7.35804422595798e-05,0.000925694109561448,0.0146390362604052,0.000729276643461674,-0.000805849367303324,-0.0146281396176846,0.0146684595748639,0.0146684595748823
2107.09441881627,1978,baseline_local_after,common,True,True,valid,valid,3.57584242231495,45.121192857337,712.018498591614,3.57424729958474,-45.1223402359973,0.115683217340347,3.57591602902181,45.1221216517365,712.033155092296,3.57497738553379,-45.1231490426125,0.101037607226999,7.36067068554114e-05,0.000928794399577271,0.0146565006820083,0.000730085949044224,-0.000808806615268054,-0.0146456101133481,0.0146860848841919,0.0146860848842058
2107.09550245106,1979,baseline_local_after,common,True,True,valid,valid,3.57597139322664,45.218341610079,712.021410849406,3.57454213195492,-45.2194618993678,0.111985432016695,3.5760450897127,45.2192735059237,712.036084757614,3.5752730881135,-45.2202736648518,0.0973224110788351,7.36964860585942e-05,0.000931895844686892,0.0146739082078966,0.000730956158577101,-0.000811765483952342,-0.01466302093786,0.0147036540741129,0.0147036540741007
2107.10334757715,1980,baseline_local_after,common,True,True,valid,valid,3.57676654224895,45.3156279733138,712.026467585745,3.57559853909965,-45.3167036170575,0.106174093055074,3.57684034176914,45.3165629718837,712.041158846987,3.57633037627012,-45.3175183431362,0.0914937163109926,7.37995201944841e-05,0.000934998569867673,0.0146912612419783,0.000731837170469873,-0.000814726078658623,-0.0146803767440815,0.0147211693005307,0.0147211693005514
2107.08944100887,1981,baseline_local_after,common,True,True,valid,valid,3.57541865499137,45.4124754392523,712.02462013831,3.57420477862162,-45.4135629597004,0.107167418439644,3.57549251377003,45.4134135419741,712.039328700829,3.5749374507554,-45.414380648224,0.0924697356217621,7.38587786561773e-05,0.000938102721761425,0.0147085625184218,0.000732672133771928,-0.000817688523639504,-0.0146976828178822,0.0147386330164667,0.0147386330164085
2107.05473576114,1982,baseline_local_after,common,True,True,valid,valid,3.57202167262193,45.5089005326023,712.016171049214,3.57046824919358,-45.5100539752834,0.114667250630418,3.57209554863732,45.5098417408436,712.030896860655,3.57120171196754,-45.5108746280481,0.0999523121457742,7.38760153939921e-05,0.000941208241286517,0.0147258114407123,0.000733462773958138,-0.00082065276470189,-0.0147149384846443,0.0147560446328455,0.0147560446328907
2107.02217389457,1983,baseline_local_after,common,True,True,valid,valid,3.56883593762683,45.6053671130996,712.00840102775,3.56697317425398,-45.6065809187701,0.12149783817199,3.56890983474079,45.6063114280163,712.023144032717,3.56770742904625,-45.607404537385,0.106765699523294,7.38971139626621e-05,0.000944314916615951,0.0147430049664763,0.0007342547922633,-0.00082361861493041,-0.0147321386486965,0.0147734013309982,0.0147734013310151
2107.01856235415,1984,baseline_local_after,common,True,True,valid,valid,3.568502370984,45.7024217358618,712.009816739315,3.56673889386357,-45.7036207038518,0.119275107995577,3.56857634692103,45.7033691583715,712.024576878973,3.56747399570691,-45.7044472897162,0.104525830533134,7.3975937027182e-05,0.000947422509732121,0.0147601396580512,0.000735101843339692,-0.000826585864437845,-0.0147492774624425,0.0147906999353101,0.0147906999352797
2107.01533526368,1985,baseline_local_after,common,True,True,valid,valid,3.56820668957136,45.7994847866267,712.011353153387,3.56654786798804,-45.8006679287598,0.11693342777437,3.56828074480761,45.8004353177929,712.026130371626,3.56728381484626,-45.8014974833963,0.102167067564096,7.40552362499258e-05,0.000950531166239443,0.0147772182381232,0.000735946858220871,-0.000829554636553098,-0.0147663602102739,0.0148079428866108,0.0148079428865968
2105.01065677032,2191,other,common,True,True,valid,valid,3.37553289141098,65.7679933946844,711.874887254543,3.37527493506186,-65.7696246241014,0.0813619670180969,3.37561070004178,65.7695093975442,711.891296518521,3.37608791004275,-65.7710062739526,0.0649607969830868,7.78086308041992e-05,0.0015160028598018,0.0164092639778346,0.000812974980888725,-0.00138164985115452,-0.0164011700350102,0.0164793283585289,0.0164793283585243
2104.95433694124,2192,other,common,True,True,valid,valid,3.37001288220959,65.8635629616681,711.8593124773,3.3690981573426,-65.8653184624331,0.0958920407814503,3.37009054355735,65.8650807757676,711.875717148605,3.369910780225,-65.8667019610521,0.0794954372566963,7.76613477619925e-05,0.00151781409947205,0.016404671304258,0.000812622882399694,-0.00138349861907727,-0.016396603524754,0.0164749212904414,0.0164749212904331
2104.91432850808,2193,other,common,True,True,valid,valid,3.36609860242414,65.9596081672051,711.848910615371,3.36475727894526,-65.9614455854691,0.105322566537666,3.36617615226095,65.9611277771315,711.865310541034,3.36556957861094,-65.9628309186958,0.0889306840600739,7.75498368126293e-05,0.00151960992643296,0.0163999256628813,0.000812299665682303,-0.00138533322676437,-0.0163918824775919,0.0164703609569959,0.0164703609570413
2104.95865538716,2194,other,common,True,True,valid,valid,3.37048546942427,66.058134115564,711.865257077264,3.36990772900761,-66.0598344455853,0.0883838833626669,3.37056309535957,66.0596555060258,711.881652106078,3.37071988610228,-66.0612215993663,0.0719968815083121,7.76259353005848e-05,0.00152139046183208,0.0163950288140313,0.000812157094671306,-0.00138715378096776,-0.0163870018543548,0.0164656498364353,0.0164656498363443
2104.99244930502,2195,other,common,True,True,valid,valid,3.37383573266979,66.156354191351,711.878261875242,3.37387288712904,-66.1579447933472,0.0747394887271184,3.37391341040542,66.1578773466549,711.894651852646,3.37468487045299,-66.1593337532546,0.0583575209374203,7.76777356237268e-05,0.00152315530390013,0.0163899774037191,0.000811983323956156,-0.00138895990735932,-0.0163819677896981,0.0164607835537933,0.0164607835538088
2105.00673894724,2196,other,common,True,True,valid,valid,3.37526616505964,66.2540020266011,711.885078877653,3.3756428850528,-66.2555335639819,0.0671951967736959,3.37534385029783,66.255526930913,711.901463648279,3.37645464339071,-66.2569243154537,0.0508184164007162,7.76852381920712e-05,0.00152490431182173,0.0163847706265869,0.000811758337903257,-0.00139075147177437,-0.0163767803729797,0.0164557611991154,0.0164557611990516
2105.01840392873,2197,other,common,True,True,valid,valid,3.37643826984866,66.351574331556,711.891062121633,3.37711745706024,-66.353053630778,0.0604728503205934,3.37651595597902,66.353100968989,711.90744153018,3.37792897684917,-66.3544461591992,0.0441014123395007,7.76861303628529e-05,0.00152663743308779,0.0163794085470954,0.000811519788932458,-0.00139252842113535,-0.0163714379810926,0.01645058300911,0.0164505830091295
2105.02776367031,2198,other,common,True,True,valid,valid,3.37738347935174,66.4490802237386,711.896312892316,3.37833254210466,-66.4505132819814,0.0544726020125381,3.37746116047881,66.4506085782995,711.912686783016,3.37914381047506,-66.4519075726339,0.0381066618964496,7.768112707085e-05,0.00152835456090372,0.0163738907000379,0.000811268370398466,-0.00139429065247043,-0.0163659401160885,0.0164452485137235,0.0164452485136519
2105.00263415696,2199,other,common,True,True,valid,valid,3.37493358674906,66.5455646454463,711.890621872698,3.375665660891,-66.5470410504128,0.0592591432034624,3.3750111852428,66.5470947009123,711.906990088114,3.37647659323587,-66.5484370883629,0.0428988548821962,7.75984937395613e-05,0.00153005546593477,0.0163682154166054,0.000810932344876392,-0.00139603795008725,-0.0163602883212661,0.0164397556909908,0.0164397556910377
2104.92276738584,2200,other,common,True,True,valid,valid,3.36709570136962,66.6404216700208,711.867567042074,3.36683816741419,-66.6420835909763,0.0811635632039724,3.36717309456249,66.6419534099726,711.883929423427,3.36764863407393,-66.643481361105,0.0648090799359125,7.73931928725879e-05,0.00153173995182954,0.0163623813523373,0.00081046665974327,-0.00139777012867626,-0.01635448326806,0.0164341029723453,0.0164341029723082
2104.82032328844,2201,other,common,True,True,valid,valid,3.35703615101433,66.7346011636056,711.837351583855,3.35547038731414,-66.7365072296664,0.110127256213559,3.35711328800284,66.7361345716272,711.853707972984,3.35628033034905,-66.7379067168526,0.0937787338490352,7.71369885033124e-05,0.00153340802158652,0.0163563891287595,0.000809943034916216,-0.00139948718614846,-0.0163485223645239,0.0164282913173301,0.0164282913173385
2104.73790946603,2202,other,common,True,True,valid,valid,3.34894873898488,66.829369557648,711.813489779321,3.34635745446306,-66.8314677473744,0.132827366121319,3.34902566379192,66.8309046173812,711.829840019237,3.34716691081706,-66.8328689365453,0.116484963591574,7.69248070398021e-05,0.00153505973321444,0.0163502399161644,0.000809456354005533,-0.00140118917092025,-0.0163424025297445,0.0164223223426715,0.0164223223426513
2104.73077374697,2203,other,common,True,True,valid,valid,3.34827022985944,66.926377426683,711.813501443236,3.34571569723361,-66.9284722717752,0.13199216624696,3.34834710942526,66.9279141218973,711.829845378814,3.34652482672817,-66.9298751479705,0.115656046124286,7.68795658179222e-05,0.00153669521426991,0.0163439355778792,0.00080912949456291,-0.00140287619528578,-0.0163361201226735,0.0164161984887813,0.0164161984887089
2104.77834616601,2204,other,common,True,True,valid,valid,3.35297604322907,67.0250199724952,711.83086255006,3.35123024503406,-67.0269694210402,0.114053216914954,3.35305299853572,67.0265582867863,711.847200025068,3.35203916152895,-67.0283739691349,0.0977235408199704,7.69553066470863e-05,0.00153831429111051,0.0163374750079583,0.0008089164948899,-0.00140454809466917,-0.0163296760949834,0.0164099184218911,0.0164099184218879
2104.81642028689,2205,other,common,True,True,valid,valid,3.35674723478284,67.1233833669697,711.845210570599,3.35567610169297,-67.1252120890343,0.0990846666961716,3.35682424387414,67.1249232835605,711.861541425732,3.35648477611538,-67.1266182935556,0.0827615929224521,7.70090912984855e-05,0.00153991659080077,0.0163308551335604,0.000808674422415834,-0.00140620452128815,-0.0163230737737194,0.0164034783780789,0.016403478378059
2104.80608204007,2206,other,common,True,True,valid,valid,3.35575352825428,67.220300307267,711.844202556828,3.35467377600796,-67.2221340333329,0.0992547185004469,3.35583048268875,67.2218418090941,711.860526630565,3.3554820927871,-67.22354187854,0.0829384036869669,7.69544344696449e-05,0.00154150182707724,0.0163240737368824,0.000808316779142615,-0.00140784520708337,-0.0163163148134799,0.0163968757156673,0.0163968757156702
2104.76121839881,2207,other,common,True,True,valid,valid,3.35136175298575,67.3161812185513,711.832243013267,3.34978607900644,-67.3181096165224,0.110221275406047,3.35143857531111,67.3177242884902,711.848560144095,3.35059395353005,-67.3195190866132,0.0939118775704628,7.68223253584388e-05,0.0015430699389043,0.0163171308273604,0.000807874523609087,-0.00140947009087711,-0.0163093978355846,0.0163901105836178,0.0163901105835911
2104.71037486196,2208,other,common,True,True,valid,valid,3.3463815996912,67.4118794565215,711.818386052622,3.34422557441335,-67.4139180619969,0.123058432419271,3.34645827595556,67.4134240774609,711.834696079772,3.3450329855392,-67.4153291411767,0.106756111678465,7.66762643578112e-05,0.00154462093938434,0.0163100271495296,0.00080741112585514,-0.00141107917973216,-0.016302320740806,0.0163831840224754,0.0163831840224585
2104.66073203087,2209,other,common,True,True,valid,valid,3.34151980401144,67.5076103322166,711.804909110864,3.33880033521062,-67.5097560338245,0.135520996895025,3.34159633622306,67.5091564869675,711.821211873419,3.33960727773399,-67.5111687062216,0.119225914229446,7.65322116214051e-05,0.00154615475084086,0.0163027625549148,0.000806942523361442,-0.00141267239716569,-0.0162950826655788,0.016376095951566,0.0163760959515926
2104.61597242951,2210,other,common,True,True,valid,valid,3.33713874744135,67.6034849609185,711.792979963582,3.33392470478251,-67.6057250858625,0.14645772031372,3.33721514577797,67.6050326321998,711.809275300337,3.33473118164698,-67.607139335516,0.130170037358198,7.63983366236509e-05,0.00154767128125854,0.0162953367555474,0.000806476864468664,-0.00141424965350723,-0.0162876829555216,0.0163688461131921,0.0163688461131186
2104.61555817723,2211,other,common,True,True,valid,valid,3.33712178329543,67.7006947474312,711.795112732196,3.33403887089588,-67.7029141607175,0.143531583185336,3.33719814545149,67.7022439180499,711.811400483442,3.33484497254096,-67.7043299717422,0.127251463999073,7.63621560642136e-05,0.00154917061877313,0.0162877512460682,0.00080610164507533,-0.00141581102469956,-0.0162801191862627,0.0163614364112307,0.0163614364112315
2104.64522588253,2212,other,common,True,True,valid,valid,3.34006525178566,67.7988144213568,711.806784175558,3.33753790740147,-67.8009350228714,0.131201768331493,3.34014164369444,67.8003650739506,711.823064180535,3.33834369249026,-67.8023523792211,0.114929376602049,7.63919087733989e-05,0.00155065259383491,0.0162800049765792,0.000805785088793698,-0.00141735634974793,-0.0162723917294443,0.0163538656356207,0.016353865635622
2104.68211108446,2213,other,common,True,True,valid,valid,3.34371915664708,67.897155982285,711.820743693708,3.34184919264748,-67.8991590377627,0.116616244972306,3.34379559347604,67.8987080992708,711.837015790103,3.34265466905866,-67.9005779231834,0.100351743665897,7.64368289609685e-05,0.00155211698580615,0.0162720963955962,0.00080547641118045,-0.00141888542076174,-0.0162645013064093,0.0163461319838678,0.0163461319838183
2104.72180241346,2214,other,common,True,True,valid,valid,3.34764940627642,67.9955866869756,711.835592427956,3.3464763908923,-67.9974649156083,0.101154071315023,3.34772589339455,67.9971402506378,711.851856452781,3.3472815566855,-67.9988853137191,0.0848976236371755,7.64871181342386e-05,0.00155356366224169,0.0162640248253183,0.000805165793195783,-0.00142039811079542,-0.0162564476778471,0.0163382347225901,0.0163382347225844
2104.75707034767,2215,other,common,True,True,valid,valid,3.3511444704937,68.0938874686992,711.849037467021,3.35060594517374,-68.0956523634341,0.0870757153131763,3.35122099725142,68.0954424611725,711.865293256439,3.35141078236806,-68.0970742577111,0.0708274846002723,7.65267577182982e-05,0.00155499247325963,0.01625578941821,0.000804837194323227,-0.00142189427694461,-0.0162482307129039,0.0163301729184271,0.0163301729183719
2104.77527067065,2216,other,common,True,True,valid,valid,3.35295977060778,68.1916733866158,711.857068136993,3.35281481475515,-68.1933692788031,0.0783351167384581,3.35303629838862,68.1932297898514,711.873315525994,3.35361927737825,-68.1947926525486,0.0620952662484342,7.65277808354448e-05,0.00155640323556838,0.0162473890006822,0.000804462623108293,-0.00142337374553847,-0.0162398504900239,0.016321945253934,0.0163219452538536
2104.75266201794,2217,other,common,True,True,valid,valid,3.35075843659618,68.2882194948992,711.852153816033,3.35043104044575,-68.289952374825,0.0823563888583294,3.35083487433485,68.2897772905966,711.86839263776,3.35123503004639,-68.2913772111049,0.0661250813463994,7.64377386670567e-05,0.00155779569746528,0.0162388217272564,0.00080398960063377,-0.00142483627996626,-0.01623130751193,0.0163135496214818,0.0163135496213875
2104.69520390034,2218,other,common,True,True,valid,valid,3.34512719139098,68.3837022085707,711.836185168762,3.34412547178288,-68.3855625863973,0.0972756540957107,3.34520346133567,68.3852613783381,711.852415256099,3.34492890319816,-68.3869888681882,0.0810530531746281,7.62699446874571e-05,0.00155916976741821,0.0162300873369077,0.000803431415278055,-0.00142628179082749,-0.0162226009210826,0.0163049858151347,0.0163049858151
2104.63399383426,2219,other,common,True,True,valid,valid,3.33912694554924,68.4790663495961,711.819026009032,3.3373979265059,-68.4810639730887,0.1133686457664,3.33920303877066,68.4806268750998,711.835247196079,3.33820078338099,-68.4824916834151,0.0971549169140644,7.60932214198817e-05,0.00156052550362062,0.0162211870468809,0.00080285687508308,-0.00142771032638223,-0.0162137288523354,0.0162962553746465,0.0162962553746246
2104.60653585196,2220,other,common,True,True,valid,valid,3.33644859167911,68.5754577944874,711.812570377314,3.3344685452392,-68.5775050258139,0.118909537678292,3.33652458206734,68.5770196575035,711.828782499899,3.33527089403291,-68.5789341477964,0.102704848354279,7.59903882232571e-05,0.00156186301609296,0.016212122584534,0.000802348793712326,-0.00142912198248268,-0.0162046893240131,0.0162873604158592,0.0162873604158369
2104.63006070256,2221,other,common,True,True,valid,valid,3.33878769805668,68.6734083030989,711.822282370247,3.33727603363956,-68.6753727655147,0.108511465868105,3.3388636973989,68.6749714854067,711.838485264868,3.33807797869994,-68.6768032822713,0.092315984557672,7.59993422172478e-05,0.00156318230773422,0.0162028946216424,0.000801945060381115,-0.00143051675654249,-0.016195481310433,0.0162783017832721,0.0162783017832698
2104.66448757052,2222,other,common,True,True,valid,valid,3.34219984987919,68.7716959196848,711.835450985095,3.3413103775638,-68.773549311048,0.0947056429130271,3.34227588137573,68.7732604027185,711.851644485502,3.34211193461752,-68.7749812053742,0.0785195368865743,7.60314965391196e-05,0.00156448303368961,0.0161935004066436,0.000801557053719648,-0.00143189432623103,-0.0161861060264528,0.0162690762912691,0.0162690762912782
2104.65797871351,2223,other,common,True,True,valid,valid,3.341583211026,68.8687307376849,711.835635321591,3.34073816947065,-68.870579370266,0.0937004992590573,3.34165918357795,68.8702965024415,711.851819257877,3.34153923989602,-68.8720126245502,0.0775239343233807,7.59725519428045e-05,0.00156576475663428,0.0161839362853016,0.000801070425367811,-0.00143325428416574,-0.0161765649356767,0.0162596797258884,0.016259679725863
2104.60966831446,2224,other,common,True,True,valid,valid,3.33685258664853,68.9644808304508,711.822560780409,3.33546199366827,-68.9664332650583,0.105766796159173,3.33692840740699,68.966047857794,711.83873498201,3.33626247706593,-68.9678678615606,0.0895999386993935,7.5820758463685e-05,0.00156702734324199,0.0161742016011885,0.000800483397654261,-0.00143459650234945,-0.0161668574597797,0.0162501114124726,0.0162501114125199
2104.54091182351,2225,other,common,True,True,valid,valid,3.33011001915451,69.059598269076,711.803001244268,3.32788530919379,-69.0617076035825,0.124226456834322,3.33018564244875,69.0611665398807,711.819165541389,3.32868515232956,-69.0631435245682,0.108069474581271,7.56232942320523e-05,0.00156827080468247,0.016164297121918,0.000799843135773415,-0.00143592098574175,-0.016156982253051,0.0162403723370216,0.0162403723370045
2104.54922503233,2226,other,common,True,True,valid,valid,3.33095206592157,69.1570863423767,711.807882237717,3.32898077246616,-69.1591524629562,0.118591129200013,3.33102766070319,69.1586558380453,711.824036466403,3.32978013677463,-69.1605896911704,0.102444193656993,7.55947816228897e-05,0.00156949566859055,0.0161542286861049,0.000799364308470274,-0.00143722821411529,-0.0161469355430199,0.0162304693606719,0.0162304693606669
2104.53902328014,2227,other,common,True,True,valid,valid,3.32997205382913,69.2540044550045,711.806890192682,3.32799284287826,-69.2560754488493,0.118745832391141,3.33004757857518,69.2555751562039,711.823034182405,3.32879167923601,-69.257513966355,0.102609112207915,7.55247460433317e-05,0.00157070119941238,0.0161439897226501,0.000798836357752464,-0.00143851750573276,-0.0161367201832263,0.0162203948906965,0.0162203948907698
2104.51529622078,2228,other,common,True,True,valid,valid,3.32766103328913,69.350504446946,711.801607531501,3.32548298351621,-69.3526154447683,0.12313052893353,3.32773645751557,69.3520763342562,711.81774111154,3.32628125381906,-69.3540552335434,0.107004193447438,7.54242264346949e-05,0.00157188731016333,0.0161335800389679,0.000798270302844628,-0.00143978877518691,-0.0161263354860921,0.0162101487779591,0.0162101487779586
2104.55505177379,2229,other,common,True,True,valid,valid,3.33159738418417,69.4489683478597,711.816456173546,3.33011628494475,-69.4509545184798,0.107668449140306,3.33167284655771,69.45054140228,711.832579177954,3.33091412028343,-69.4523955608826,0.0915526704909553,7.54623735423898e-05,0.00157305442023414,0.0161230044076319,0.000797835338673281,-0.00144104240281706,-0.0161157786493504,0.0161997365999376,0.0161997365999948
2104.55702865124,2230,other,common,True,True,valid,valid,3.33181592500776,69.5462654611366,711.819322561648,3.33049859805251,-69.5482249128381,0.10401928335807,3.33189134171503,69.5478396628518,711.835434817153,3.3312959069326,-69.5496671904724,0.0879142310462839,7.54167072725132e-05,0.00157420171528599,0.0161122555053907,0.00079730888008811,-0.0014422776342542,-0.0161050523117865,0.0161891499527041,0.0161891499526663
2104.50553312898,2231,other,common,True,True,valid,valid,3.32677216340643,69.641903701402,711.805229387735,3.32486395102569,-69.6439752959137,0.11709005138664,3.32684741638244,69.6434790303547,711.821330719361,3.32566060765905,-69.6454187901545,0.100995895085589,7.52529760061904e-05,0.00157532895275381,0.0161013316262597,0.000796656633362147,-0.00144349424084567,-0.016094156301051,0.0161783869547793,0.016178386954746
2104.47674542665,2232,other,common,True,True,valid,valid,3.32396319414603,69.7382442340981,711.798336659616,3.32178449666868,-69.7403690155809,0.123062154783952,3.32403833250311,69.7398206706563,711.814426897221,3.32258054249349,-69.7418137081895,0.106979066818326,7.51383570758435e-05,0.00157643655812478,0.0160902376055674,0.000796045824806413,-0.00144469260854407,-0.016083087965626,0.0161674532378514,0.0161674532378614
2104.42817997932,2233,other,common,True,True,valid,valid,3.31920806493271,69.8339675297367,711.785170876055,3.31647974560815,-69.8361968609199,0.13521872141996,3.31928304464414,69.8355450538422,711.801249845999,3.31727512886012,-69.8376427332601,0.119146873443015,7.49797114343309e-05,0.00157752410552803,0.0160789699444877,0.000795383251976034,-0.0014458723401134,-0.0160718479769457,0.0161563448445614,0.0161563448445335
2104.40288239717,2234,other,common,True,True,valid,valid,3.3167426865494,69.9304127457505,711.779382678846,3.31379302886323,-69.9326862203243,0.140101966687325,3.31681755787643,69.9319913375488,711.795450210146,3.31458779209055,-69.9341332539414,0.124041531917442,7.48713270275481e-05,0.00157859179823561,0.016067531300564,0.00079476322731864,-0.00144703361705467,-0.0160604347698836,0.0161450648767874,0.0161450648767377
2104.38789168,2235,other,common,True,True,valid,valid,3.31529155340893,70.0271783258093,711.776861646046,3.31226593772864,-70.0294691928145,0.141764226140481,3.31536633816219,70.028757965237,711.792917566352,3.31306009499607,-70.0309173690566,0.125715377890515,7.47847532562851e-05,0.00157963942776007,0.0160559203056891,0.000794157267428375,-0.00144817624212124,-0.0160488482499659,0.0161336118195429,0.0161336118195551
2104.41998127103,2236,other,common,True,True,valid,valid,3.31847324088035,70.1254149759692,711.789269067416,3.31603594898131,-70.1276010036453,0.128708905650797,3.318548041175,70.1269956431381,711.805313206751,3.316829594684,-70.1290503040159,0.112671818455738,7.48002946497905e-05,0.00158066716886651,0.0160441393345536,0.000793645702692913,-0.00144930037060931,-0.016037087195059,0.0161219884247999,0.0161219884247439
2104.44998222589,2237,other,common,True,True,valid,valid,3.32144952146555,70.2235899143518,711.801013229599,3.31957104075335,-70.2256765332352,0.116307464616057,3.32152433182653,70.225171588882,711.817045413863,3.32036416161935,-70.2271269387801,0.100282312316494,7.48103609873318e-05,0.00158167453017199,0.0160321842637359,0.000793120865999697,-0.00145040554488673,-0.0160251522995623,0.0161101900415819,0.016110190041613
2104.51007318497,2238,other,common,True,True,valid,valid,3.32738712714288,70.3227115030402,711.822299298297,3.32649205264588,-70.3246205853348,0.0944988568112421,3.32746201231012,70.3242941646935,711.838319355444,3.32728470563981,-70.3260720772246,0.0784858143383644,7.48851672423001e-05,0.0015826616533019,0.0160200571477844,0.000792652993929721,-0.00145149188979588,-0.0160130424728777,0.0160982190541496,0.0160982190540791
2104.48690855503,2239,other,common,True,True,valid,valid,3.32513150979828,70.4192259170909,711.817180418508,3.32404487915491,-70.421173662405,0.098722304412945,3.32520628724207,70.4208095445932,711.833188167085,3.32483687379808,-70.4226262208513,0.0827215450344738,7.47774437863669e-05,0.00158362750224228,0.0160077485771808,0.0007919946431727,-0.00145255844633141,-0.0160007593784712,0.0160860648463877,0.0160860648463991
2104.46844935417,2240,other,common,True,True,valid,valid,3.32333899144451,70.5158870784814,711.813552581903,3.32212715219307,-70.5178612784013,0.101475789129381,3.3234136706739,70.5174716511417,711.829547846821,3.3229184901382,-70.5193148841471,0.0854874883481216,7.46792293933041e-05,0.00158457266037715,0.0159952649173647,0.000791337945130977,-0.00145360574578035,-0.0159883007812596,0.0160737347023022,0.0160737347022898
2104.39277431369,2241,other,common,True,True,valid,valid,3.3159160831181,70.6107467241968,711.791778713616,3.31377157284212,-70.6128959559341,0.12211913317617,3.31599053882843,70.6123322206849,711.80776131425,3.3145621208154,-70.614350589128,0.10614346599175,7.44557103349308e-05,0.00158549648811857,0.015982600634743,0.000790547973274158,-0.00145463319387318,-0.0159756671844207,0.0160612224259651,0.0160612224258971
2104.35692563653,2242,other,common,True,True,valid,valid,3.31241251939975,70.706855905546,711.782634070169,3.3098973112628,-70.709076762888,0.130311609786531,3.31248683765481,70.7084423052231,711.798603833305,3.31068714747876,-70.7105324043096,0.114348753257673,7.4318255056216e-05,0.00158639967715146,0.0159697631358995,0.000789836215957962,-0.00145564142165711,-0.0159628565288585,0.016048536436555,0.0160485364366164
2104.34548550844,2243,other,common,True,True,valid,valid,3.31131084231714,70.8037331331232,711.781228491712,3.30876930866388,-70.8059622496797,0.130874304665099,3.311385075466,70.8053204151126,711.797185242499,3.30955847758289,-70.807418879884,0.114924435975695,7.42331488567949e-05,0.00158728198938718,0.0159567507866996,0.00078916891901315,-0.00145663020438747,-0.015949868689404,0.0160356749263341,0.0160356749263727
2104.3297110498,2244,other,common,True,True,valid,valid,3.30978267925542,70.9004732480722,711.778447157234,3.3071536010901,-70.9027218883618,0.132793355288186,3.30985681710183,70.9020613911335,711.794390717979,3.30794208456258,-70.9041794875637,0.116856651664079,7.41378464175213e-05,0.00158814306134047,0.0159435607447449,0.000788483472476287,-0.00145759920188482,-0.0159367036241065,0.0160226347404204,0.0160226347403388
2104.30078920722,2245,other,common,True,True,valid,valid,3.3069608540439,70.9967968133294,711.7714954507,3.30405865682773,-70.9990991238694,0.13882393909455,3.30703486729238,70.9983857960225,711.787425642462,3.30484641756803,-71.0005576720939,0.122900578154145,7.40132484824407e-05,0.00158898269314989,0.0159301917623225,0.00078776074029463,-0.00145854822450531,-0.0159233609404055,0.0160094145284719,0.0160094145285075
2104.27498683333,2246,other,common,True,True,valid,valid,3.30444603019401,71.093217580691,711.765531747551,3.30131467735056,-71.0955654718753,0.143880494432096,3.30451992488435,71.0948073815988,711.781448392303,3.30210171341376,-71.097024949163,0.127970654464661,7.38946903418025e-05,0.00158980090778016,0.0159166447518828,0.00078703606319408,-0.00145947728775297,-0.0159098399674349,0.0159960153634984,0.0159960153634467
2104.26946744323,2247,other,common,True,True,valid,valid,3.30392699788587,71.1902805366088,711.765998458556,3.30085263092667,-71.1926213569639,0.142597409104269,3.30400081721613,71.1918711343531,711.781901379336,3.30163897753659,-71.1940817433859,0.126701268996953,7.38193302614043e-05,0.00159059774435377,0.0159029207796948,0.00078634660992094,-0.00146038642198221,-0.0158961401073157,0.0159824384811302,0.0159824384811534
2104.27150693536,2248,other,common,True,True,valid,valid,3.30415173999039,71.2875840277258,711.768860772421,3.30124095901847,-71.2898981622946,0.138952538846979,3.3042254995075,71.2891754006976,711.784749790722,3.30202662370627,-71.2913594377034,0.123070277794568,7.37595171100836e-05,0.00159137297181644,0.0158890183005269,0.000785664687803944,-0.00146127540885743,-0.0158822610524112,0.0159686821922246,0.0159686821923142
2104.27084171772,2249,other,common,True,True,valid,valid,3.30411035995131,71.3848024870898,711.770864131686,3.30132494288295,-71.3870969688661,0.136154512839653,3.30418405296536,71.3863946134655,711.786739067621,3.30210991090341,-71.3885591129112,0.120286310421193,7.36930140434744e-05,0.00159212637565531,0.0158749359349031,0.000784968020461463,-0.00146214404509237,-0.01586820241846,0.0159547449993302,0.0159547449993714
2104.27381366491,2250,other,common,True,True,valid,valid,3.30442687844687,71.4821376136333,711.774019549992,3.30181809002778,-71.4844030096395,0.132220692458191,3.3045005119813,71.4837304715283,711.789880223781,3.30260236034005,-71.4858660019084,0.116366728760454,7.36335344377892e-05,0.00159285789496266,0.0158606737895752,0.00078427031227335,-0.00146299226896929,-0.0158539636977366,0.015940627065152,0.0159406270651731
2104.28493195772,2251,other,common,True,True,valid,valid,3.30554500155232,71.5797337411054,711.779756953744,3.30322773626088,-71.5819489102435,0.12574131968745,3.30561859233922,71.5813273085595,711.795603185573,3.30401131752138,-71.5834127302485,0.109901775268099,7.3590786902944e-05,0.00159356745402306,0.0158462318289594,0.000783581260499489,-0.00146382000502854,-0.0158395444193502,0.0159263283907988,0.0159263283907967
2104.29914814234,2252,other,common,True,True,valid,valid,3.30696799114918,71.6774306521687,711.786475521381,3.30498590963871,-71.6795875606906,0.118294625991325,3.30704154498373,71.6790249070539,711.802307130515,3.30576879953672,-71.6810521877838,0.102469681837533,7.35538345497666e-05,0.00159425488521947,0.0158316091342385,0.000782889898005124,-0.00146462709318484,-0.0158249441537919,0.0159118479940241,0.0159118479940301
2104.30695042014,2253,other,common,True,True,valid,valid,3.30775987989051,71.7749244590683,711.791158927049,3.30602242072867,-71.7770397706358,0.112854388701408,3.30783338205495,71.7765193790418,711.806975731383,3.30680459639966,-71.7785051839654,0.0970442262528195,7.35021644349132e-05,0.00159491997347061,0.0158168043348041,0.000782175670991592,-0.0014654133295835,-0.015810162448588,0.0158971843939558,0.0158971843940226
2104.29991179705,2254,other,common,True,True,valid,valid,3.30709141202162,71.8719443671142,711.791134730245,3.30538909351236,-71.8740566271477,0.112055363537706,3.30716482969689,71.8735399296237,711.806936546366,3.30617051394996,-71.8755228056634,0.0962601647335077,7.34176752685833e-05,0.00159556250949322,0.0158018161212112,0.000781420437597546,-0.00146617851569886,-0.0157951988041987,0.0158823361822281,0.0158823361821978
2104.28763130307,2255,other,common,True,True,valid,valid,3.30590714624303,71.9687963628221,711.789446937132,3.30416594025425,-71.9709191927114,0.112896489056538,3.30598046733885,71.9703925452858,711.805233582046,3.30494658517889,-71.9723861153299,0.0971164363437538,7.3321095811707e-05,0.00159618246372872,0.0157866449141011,0.000780644924638807,-0.00146692261846226,-0.0157800527127847,0.0158673038694203,0.0158673038694412
2104.28097859025,2256,other,common,True,True,valid,valid,3.30527667158923,72.0658289078178,711.789542504233,3.30357593494793,-72.0679477055377,0.111979421899605,3.30534990739577,72.0674256876424,711.805313795538,3.30435580746354,-72.0694153511592,0.096214698181484,7.32358065391736e-05,0.0015967798246237,0.0157712913051,0.000779872515614954,-0.00146764562154544,-0.0157647237181209,0.0158520881502094,0.0158520881501377
2104.24891136587,2257,other,common,True,True,valid,valid,3.30214542516985,72.1620442976779,711.781577488824,3.30012647146188,-72.1642250627355,0.119009294812827,3.30221852032308,72.1636416518238,711.797333240548,3.30090550792501,-72.1656934098435,0.103260083578562,7.30951532319501e-05,0.0015973541459573,0.0157557517235318,0.00077903646312194,-0.00146834710793087,-0.0157492112342652,0.0158366851185028,0.0158366851184756
2104.21971926093,2258,other,common,True,True,valid,valid,3.29929715269657,72.2583503702376,711.774523055364,3.29700050067769,-72.2605856469039,0.125141457953987,3.29937011264314,72.2599482758332,711.790263083851,3.29777869829837,-72.2620546741305,0.109407943099086,7.29599465678632e-05,0.00159790559567341,0.0157400284870164,0.000778197620682874,-0.00146902722657671,-0.0157335148549009,0.0158210973771915,0.0158210973771938
2104.2085429132,2259,other,common,True,True,valid,valid,3.29822160347735,72.3552357590494,711.773180244359,3.29590141300506,-72.3574787809342,0.125642553557327,3.29829446607263,72.3568341932643,711.788904367052,3.29667880141876,-72.3589484669439,0.109924919331092,7.28625952808315e-05,0.0015984342149693,0.0157241226936549,0.00077738841370234,-0.00146968600972741,-0.0157176342262346,0.0158053261713413,0.0158053261713465
2104.21814440191,2260,other,common,True,True,valid,valid,3.29919052936812,72.4527919884898,711.778424857995,3.29713993343085,-72.454988818102,0.119649106225893,3.29926333825912,72.4543909284078,711.79413289222,3.29791654805353,-72.4564591414745,0.103947537255635,7.28088909993652e-05,0.0015989399179972,0.0157080342253266,0.000776614622679972,-0.0014703233724731,-0.0157015689702575,0.0157893714004075,0.0157893714003932
2104.22691512108,2261,other,common,True,True,valid,valid,3.30007773657843,72.5503230328441,711.783404789706,3.29828495734717,-72.5524758373262,0.113916613545712,3.3001504890883,72.5519224551953,711.799096550117,3.29906078719769,-72.5539467763093,0.0982312950554842,7.27525098676018e-05,0.00159942235113419,0.0156917604111868,0.000775829850518051,-0.00147093898310402,-0.0156853184902275,0.0157732301570442,0.0157732301570998
2104.20795536041,2262,other,common,True,True,valid,valid,3.29823633282332,72.64695778155,711.779589835463,3.29631000654852,-72.6491385729938,0.116855049132823,3.29830896884414,72.6485576626397,711.795265133378,3.29708498312273,-72.6506101054381,0.101186167112132,7.26360208247456e-05,0.0015998810897031,0.0156752979146404,0.000774976574206221,-0.00147153244421361,-0.0156688820206909,0.0157568988130736,0.0157568988130048
2104.1738601476,2263,other,common,True,True,valid,valid,3.29490569634052,72.7431010159727,711.770974138968,3.29263219370033,-72.7453491026946,0.124526591224935,3.29497818281271,72.7447013321135,711.78663278649,3.29340627555048,-72.7468212064512,0.108874332088021,7.24864721846075e-05,0.00160031614083778,0.0156586475224003,0.000774081850153152,-0.00147210375654083,-0.0156522591369139,0.0157403782759516,0.0157403782759457
2104.14097607136,2264,other,common,True,True,valid,valid,3.29169430885578,72.8392814824486,711.762741387765,3.28909066943885,-72.8415937289716,0.13182061975283,3.29176664765012,72.8408822100097,711.778383198255,3.28986385006879,-72.843066381938,0.116185170223844,7.23387943413201e-05,0.00160072756116847,0.0156418104896829,0.0007731806299347,-0.00147265296641308,-0.0156354495289861,0.0157236699603307,0.0157236699602689
2104.12025118619,2265,other,common,True,True,valid,valid,3.28967934518154,72.9358552216411,711.75836303889,3.2869170856622,-72.9382000682937,0.135314593916746,3.28975156146105,72.9374563369946,711.773987826446,3.28768938187773,-72.9396732483643,0.119696141023951,7.22162795190329e-05,0.00160111535348051,0.0156247875557938,0.000772296215529877,-0.00147318007057606,-0.0156184528927952,0.0157067747080636,0.0157067747080464
2104.13764664531,2266,other,common,True,True,valid,valid,3.29141511817538,73.0336688450814,711.766071005117,3.28903206967884,-73.0359473294392,0.126892577357467,3.29148729220946,73.0352703247839,711.781678586301,3.28980355344721,-73.0374210146727,0.111291308134696,7.21740340803301e-05,0.00160147970248659,0.0156075811836445,0.000771483768374992,-0.00147368523356306,-0.0156012692227705,0.0156896952402755,0.0156896952403115
2104.1939625442,2267,other,common,True,True,valid,valid,3.29698058137608,73.1327534555386,711.786119763608,3.29552590090232,-73.1348645313577,0.106303637418819,3.29705279486268,73.1343552760471,711.801709954739,3.29629664560705,-73.1363386997154,0.0907197392066337,7.22134865971391e-05,0.00160182050854019,0.0155901911311958,0.00077074470473093,-0.0014741683577455,-0.015583898212185,0.015672431312226,0.0156724313121669
2104.23610036075,2268,other,common,True,True,valid,valid,3.30115121801007,73.2313811052248,711.801672043332,3.30042481695301,-73.2333615894083,0.0901478002678004,3.30122343973404,73.2329832422499,711.817244654365,3.30119478289247,-73.2348362181571,0.0745814617158658,7.22217239688128e-05,0.00160213702517353,0.0155726110328942,0.00076996593946177,-0.00147462874873838,-0.0155663385519347,0.0156549759950842,0.0156549759951264
2104.21443408728,2269,other,common,True,True,valid,valid,3.29904349774924,73.3279279141654,711.796989449199,3.29814493782935,-73.3299434894871,0.0939417714687352,3.29911559144579,73.3295303426836,711.812544283865,3.29891398007872,-73.3314185552105,0.0783931827462538,7.2093696549036e-05,0.00160242851821124,0.0155548346655223,0.000769042249366692,-0.00147506572335487,-0.0155485887224813,0.015637322537084,0.0156373225371353
2104.13722230494,2270,other,common,True,True,valid,valid,3.29147029579274,73.4226559460286,711.774691591522,3.28961570686624,-73.4248508461867,0.115102908703193,3.29154214313616,73.424258640965,711.790228453807,3.29038369843324,-73.4263263254149,0.0995722605267702,7.1847343417808e-05,0.00160269493639476,0.0155368622855576,0.000767991566995363,-0.00147547922823321,-0.0155306481764228,0.01561947127083,0.0156194712708129
2104.06552495807,2271,other,common,True,True,valid,valid,3.28444011604271,73.5175589682324,711.754142348763,3.28170730805489,-73.5199188757617,0.13454012583054,3.28451172818946,73.5191619051213,711.769661049147,3.28247425159044,-73.5213947455811,0.119027608224314,7.16121467498887e-05,0.00160293688894342,0.0155187003845185,0.0007669435355524,-0.00147586981942993,-0.0155125176062256,0.0156014293125327,0.015601429312537
2104.03825997561,2272,other,common,True,True,valid,valid,3.28178180730846,73.613914486229,711.747681235678,3.27879769323949,-73.6163240476582,0.140087684686478,3.28185327754748,73.6155176409701,711.763181588805,3.27956367363121,-73.6178002854862,0.124593487188918,7.14702390185451e-05,0.00160315474103356,0.0155003531269813,0.000765980391719268,-0.00147623782802953,-0.01549419749756,0.0155832012173328,0.015583201217298
2104.05158664286,2273,other,common,True,True,valid,valid,3.28311722777869,73.7116020067304,711.754089653061,3.28045449557221,-73.7139558462943,0.132946975758159,3.28318864096741,73.7132053550666,711.769571472806,3.28121958925025,-73.7154324293981,0.11747128829802,7.14131887158409e-05,0.00160334833617526,0.015481819745446,0.000765093678040785,-0.00147658310383747,-0.0154756874601389,0.0155647861649661,0.0155647861650142
2104.07985841483,2274,other,common,True,True,valid,valid,3.28592314642771,73.8097831695534,711.765235831349,3.28379262512199,-73.8120424943375,0.121135220176711,3.28599453309452,73.8113866867886,711.780698928165,3.28455685408847,-73.8135193995733,0.10567823367478,7.13866668164975e-05,0.00160351723522467,0.0154630968156653,0.000764228966481539,-0.00147690523574795,-0.0154569865019312,0.0155461804540697,0.0155461804540367
2104.08050626516,2275,other,common,True,True,valid,valid,3.28601116845082,73.9070577040077,711.767621516788,3.28402301964059,-73.9092942449584,0.117960599611706,3.28608246945163,73.9086613647718,711.783065695507,3.28478631606324,-73.9107714485541,0.102522506592209,7.13010008079884e-05,0.00160366076404728,0.0154441787185533,0.000763296422647386,-0.00147720359564119,-0.0154380930194975,0.0155273780133503,0.015527378013382
2104.04657853022,2276,other,common,True,True,valid,valid,3.28269728035373,74.0031927251014,711.759042253702,3.2803635665978,-74.0054962634148,0.12559656310475,3.28276842214852,74.0047965037933,711.774467317725,3.28112584819872,-74.0069737413793,0.110177556878511,7.11417947840687e-05,0.00160377869190143,0.0154250640235887,0.000762281600927395,-0.00147747796447106,-0.0154190062262387,0.0155083773290236,0.0155083773290244
2104.02120331861,2277,other,common,True,True,valid,valid,3.28022493277512,74.099608119061,711.753173735931,3.27766628054117,-74.1019564591503,0.130559977489156,3.28029593259888,74.1012119905104,711.768579493442,3.27842755594068,-74.103434187884,0.115160250651911,7.09998237629073e-05,0.00160387144941865,0.015405757511644,0.000761275399511874,-0.00147772873373242,-0.015399726837245,0.0154891836166019,0.0154891836165165
2104.01250862796,2278,other,common,True,True,valid,valid,3.27939376854983,74.1965737600349,711.752593058712,3.27684548505455,-74.1989236049425,0.13031001513059,3.27946466060544,74.1981776990566,711.76797931848,3.27760577985002,-74.2004015608263,0.114929760452583,7.08920556076187e-05,0.00160393902169176,0.0153862597684338,0.000760294795476568,-0.00147795588377164,-0.0153802546780071,0.0154697975336,0.015469797533606
2104.00735268462,2279,other,common,True,True,valid,valid,3.27891078131574,74.2936566594548,711.753133146164,3.27642274013416,-74.295998832313,0.128955080226547,3.27898157216369,74.2952606405641,711.768499714878,3.27718205221509,-74.2974769914451,0.113594491320896,7.07908479520292e-05,0.00160398110932647,0.0153665687139437,0.000759312080930385,-0.00147815913213378,-0.0153605889056507,0.0154502168523158,0.0154502168523473
2104.00313376146,2280,other,common,True,True,valid,valid,3.27851999373335,74.3907710161488,711.7539690385,3.27610535794413,-74.3931030948778,0.127308517961183,3.27859068446507,74.3923750136985,711.769315722057,3.27686367970096,-74.3945814332007,0.111967788987499,7.06907317256089e-05,0.0016039975497506,0.0153466835572544,0.000758321756826774,-0.0014783383228405,-0.0153407289736833,0.0154304407430786,0.0154304407431435
2104.0017518563,2281,other,common,True,True,valid,valid,3.27840834217548,74.4879800283823,711.755703195869,3.27610708437629,-74.4902946579283,0.124776345751457,3.27847893783975,74.4895840166234,711.771029799947,3.27686441214291,-74.491773151284,0.109455671267483,7.05956642721439e-05,0.00160398824111496,0.0153266040780409,0.000757327766621074,-0.00147849335576211,-0.0153206744839736,0.0154104689932029,0.0154104689932853
2104.00470827194,2282,other,common,True,True,valid,valid,3.27872354001904,74.585333971286,711.758811672819,3.27659681739265,-74.5876198986249,0.120889205098138,3.27879404876962,74.5869379243629,711.774118002833,3.27735315059305,-74.5890985227514,0.105588780064068,7.05087505821211e-05,0.00160395307682393,0.0153063300135727,0.0007563332004068,-0.00147862412647726,-0.01530042503407,0.0153903013434097,0.0153903013433992
2104.01229094248,2283,other,common,True,True,valid,valid,3.27949392611553,74.682842994989,711.763385804212,3.27760696046229,-74.6850882192231,0.115557041655279,3.2795643566675,74.6844468869228,711.778671665161,3.27836229906257,-74.6865669497385,0.100277061472298,7.04305519718673e-05,0.00160389193378307,0.0152858609483246,0.000755338600278321,-0.00147873051531633,-0.0152799801829815,0.0153699373690793,0.0153699373691081
2104.01355946623,2284,other,common,True,True,valid,valid,3.27964308424844,74.7801430704961,711.7659565064,3.27790672285809,-74.7823639957648,0.11220012457602,3.27971342252558,74.7817468750239,711.781221701369,3.27866104397013,-74.7838428080186,0.0969407855385498,7.03382771436445e-05,0.00160380452783215,0.0152651949691744,0.000754321112033551,-0.00147881225376523,-0.0152593390374705,0.0153493750323469,0.0153493750323072
2103.99299314711,2285,other,common,True,True,valid,valid,3.27764393271953,74.8767154164077,711.761602268365,3.27575001436869,-74.8789687445166,0.115670732255808,3.27771413246606,74.8783191069094,711.776846597857,3.2765032628412,-74.8804476135224,0.100432231802415,7.01997465246684e-05,0.00160369050169606,0.0152443294912246,0.000753248472506129,-0.00147886900573724,-0.0152385004533926,0.0153286115766126,0.015328611576575
2103.94749028981,2286,other,common,True,True,valid,valid,3.27319139937071,74.9724535871123,711.749339867531,3.27078800814051,-74.9748040706539,0.126938279267051,3.27326140808375,74.9740571367824,711.764563131071,3.27154012253768,-74.9762829712479,0.111720815531953,7.00087130356408e-05,0.00160354967013632,0.0152232635396103,0.000752114397172932,-0.00147890059393774,-0.0152174637350981,0.0153076459836555,0.0153076459836975
2103.88636864722,2287,other,common,True,True,valid,valid,3.26720242801107,75.067666162936,711.732124415192,3.26406915011846,-75.070154357949,0.14308924926263,3.26727221269903,75.0692695449653,711.74732641302,3.26482008852817,-75.0716332649577,0.127893020540682,6.97846879620379e-05,0.00160338202931598,0.0152019978281714,0.000750938409716184,-0.00147890700874598,-0.0151962287219476,0.0152864790518398,0.0152864790519416
2103.83548623323,2288,other,common,True,True,valid,valid,3.26222103248731,75.1632173621686,711.718154821842,3.25850230777607,-75.1658166914573,0.156040068872812,3.26229061376967,75.1648205499964,711.733335357252,3.25925208198024,-75.167295579931,0.140865272808242,6.95812823670039e-05,0.00160318782781133,0.0151805354092858,0.000749774204173548,-0.00147888847372712,-0.0151747960645707,0.0152651140866578,0.0152651140865792
2103.82020173967,2289,other,common,True,True,valid,valid,3.260741730085,75.2599590058179,711.715470538115,3.2569397576556,-75.2625770644732,0.157864344524569,3.26081118085947,75.2615619731401,711.730629417512,3.25768843180148,-75.2640559096931,0.142711177988758,6.94507744700701e-05,0.00160296732222776,0.0151588793970632,0.000748674145874872,-0.00147884521996389,-0.0151531665358107,0.0152435544483861,0.0152435544484652
2103.82807029784,2290,other,common,True,True,valid,valid,3.26154013669079,75.3574777307872,711.720125610458,3.25798152064229,-75.3600544235486,0.152452499291826,3.26160950387828,75.3590804509954,711.735262638159,3.25872913283268,-75.3615332005088,0.137321160083957,6.93671874967272e-05,0.00160272020823982,0.0151370277014848,0.00074761219038777,-0.00147877696025489,-0.0151313392078691,0.0152217979065589,0.0152217979065876
2103.83133964241,2291,other,common,True,True,valid,valid,3.26188610822422,75.4548433143017,711.72332122635,3.2585059022074,-75.4573905912741,0.148479592694457,3.26195538139363,75.4564457602395,711.73843620234,3.25925243305641,-75.4588692744563,0.133370280378472,6.92731694136306e-05,0.00160244593789116,0.015114975989718,0.000746530849013993,-0.00147868318215671,-0.0151093123159853,0.0151998398322356,0.0151998398321729
2103.83004426956,2292,other,common,True,True,valid,valid,3.26178302822805,75.552056317103,711.725068286119,3.25851677074414,-75.5545860391585,0.145934882613346,3.26185219705808,75.5536584614811,711.740161009898,3.25926220095392,-75.5560646029151,0.130847797241358,6.91688300236137e-05,0.00160214437812556,0.0150927237789347,0.000745430209782683,-0.00147856375654953,-0.015087085371988,0.0151776797305328,0.0151776797304955
2103.84613233805,2293,other,common,True,True,valid,valid,3.26339011667453,75.6498561186491,711.732325632824,3.26048301870092,-75.6523231669851,0.137957369835135,3.26345921594217,75.6514579343891,711.747395906587,3.26122737414737,-75.6538015858574,0.122892710786118,6.90992676339874e-05,0.00160181573993157,0.0150702737627171,0.000744355446450129,-0.00147841887233824,-0.0150646590490169,0.0151553205065653,0.0151553205065374
2103.88273200393,2294,other,common,True,True,valid,valid,3.26701522731622,75.7483506130782,711.746085446363,3.26475665331141,-75.7507017447447,0.123568804450201,3.26708429804842,75.7499520730273,711.761133072358,3.2654999661165,-75.7521799931996,0.108526771329593,6.90707321977513e-05,0.00160145994908589,0.0150476259950665,0.000743312805091989,-0.00147824845491584,-0.0150420331206078,0.0151327622337091,0.0151327622337145
2103.91692948341,2295,other,common,True,True,valid,valid,3.27040415615263,75.8467679562698,711.759082763891,3.26876017561631,-75.849009414528,0.109932000814752,3.27047319228209,75.8483690327857,711.774107540596,3.26950243068599,-75.8504874665734,0.0949127948900923,6.90361294610753e-05,0.00160107651588248,0.0150247767054452,0.000742255069681619,-0.00147805204541385,-0.0150192059246592,0.0151100008949494,0.0151100008949285
2103.93730927259,2296,other,common,True,True,valid,valid,3.27243371624993,75.9447214345144,711.767697713812,3.27120931156344,-75.9468891025517,0.100615951113127,3.27250268839723,75.9463220996363,711.782699437528,3.27195047041728,-75.948366931895,0.0856197747864371,6.89721472992844e-05,0.00160066512192714,0.0150017237158409,0.000741158853834634,-0.00147782934328688,-0.0149961763266901,0.0150870341829028,0.0150870341828896
2103.96615354344,2297,other,common,True,True,valid,valid,3.27529617313521,76.0429644074279,711.778995650303,3.27461073994056,-76.0450363165445,0.0886546206810408,3.2753650975138,76.04456463342,711.79397412015,3.27535080977166,-76.0465138970948,0.0736816755760401,6.89243785911842e-05,0.00160022599209242,0.0149784698470512,0.00074006983109598,-0.00147758055031488,-0.0149729451050007,0.0150638651333167,0.0150638651333226
2103.99997101814,2298,other,common,True,True,valid,valid,3.27864807728469,76.1413795170463,711.791869687758,3.27857175427601,-76.1433427618198,0.0751393298662606,3.27871696291042,76.1429792759861,711.806824701892,3.2793107350438,-76.1448200673076,0.0601898182504783,6.88856257329284e-05,0.00159975893983244,0.0149550141336476,0.000738980767785336,-0.0014773054878674,-0.0149495116157823,0.0150404927323744,0.0150404927322894
2104.0065478906,2299,other,common,True,True,valid,valid,3.27931972149435,76.2388727755104,711.796104299134,3.27946804744237,-76.2407980965213,0.0701420423865784,3.27938851180408,76.2404720388079,711.81103565034,3.28020587335238,-76.2422751000536,0.0552161689607829,6.87903097276177e-05,0.00159926329754967,0.0149313512057461,0.000737825910000822,-0.00147700353228686,-0.0149258734257955,0.0150169112679984,0.0150169112679914
2103.9530309923,2300,other,common,True,True,valid,valid,3.27407849114457,76.3343228650556,711.781281170729,3.27360337864121,-76.3363663095183,0.083934705287902,3.27414706311456,76.3359216034215,711.796188646156,3.27433991725242,-76.3378429835488,0.0690326774134746,6.85719699919929e-05,0.00159873836591373,0.0149074754270941,0.000736538611207038,-0.00147667403044238,-0.0149020278744274,0.0149931147560181,0.0149931147560536
2103.86764785647,2301,other,common,True,True,valid,valid,3.26570227738261,76.4286837468009,711.75635299752,3.26415404003277,-76.4309280563126,0.107690479814551,3.2657705658102,76.4302819312624,711.771236387995,3.26488921683202,-76.4324043735813,0.0928125037651171,6.82884275868822e-05,0.00159818446149984,0.0148833904755747,0.000735176799253168,-0.00147631726873954,-0.0148779760494335,0.01496910715209,0.0149691071521202
2103.78196877241,2302,other,common,True,True,valid,valid,3.25729752316587,76.5230281681844,711.731331416171,3.25467200141518,-76.5254741077988,0.131538422385802,3.25736552707376,76.5246257701604,711.74619051687,3.25540580624515,-76.526950041402,0.116684702963312,6.80039078924111e-05,0.00159760197593073,0.0148591006998231,0.000733804829962992,-0.0014759336032597,-0.01485371942249,0.0149448931147891,0.0149448931147655
2103.71306651831,2303,other,common,True,True,valid,valid,3.25054370758779,76.6179390435101,711.711629205924,3.24707761652006,-76.6205430576636,0.150141794613091,3.25061146051013,76.6195360345802,711.726463814248,3.24781007379987,-76.6220185808402,0.135312535941125,6.77529223409579e-05,0.00159699107008748,0.0148346083242359,0.000732457279809751,-0.00147552317663724,-0.0148292586719663,0.014920475028293,0.0149204750283504
2103.67663541436,2304,other,common,True,True,valid,valid,3.24698437879866,76.7139550022409,711.7022210979,3.24313581558406,-76.7166328014571,0.158595728140199,3.24705194577073,76.7155513541326,711.717031013344,3.24386698129625,-76.7181078875766,0.143791133658965,6.75669720733296e-05,0.00159635189166352,0.0148099154438341,0.000731165712188897,-0.00147508611942726,-0.0148045944812338,0.0148958551319234,0.0148958551319549
2103.67275899649,2305,other,common,True,True,valid,valid,3.24662748635632,76.8110830276975,711.703132761999,3.24285569206527,-76.81375011217,0.15687487850721,3.24669493225577,76.8126787120206,711.717917783729,3.24358562202014,-76.8152247344867,0.142095151979106,6.74458994560645e-05,0.00159568432312085,0.0147850217299492,0.000729929954871977,-0.00147462231677764,-0.0147797265281042,0.0148710330832622,0.0148710330832026
2103.69479286671,2306,other,common,True,True,valid,valid,3.24881941671751,76.9090996121731,711.712257698284,3.24548989208711,-76.9116887303086,0.147056124996993,3.24888679272923,76.9106946003001,711.727017624049,3.24621862835238,-76.9131628618515,0.132301470989091,6.73760117182454e-05,0.00159498812708136,0.0147599257650199,0.000728736265273255,-0.00147413154290632,-0.014754654007902,0.0148460073838519,0.0148460073839068
2103.73183849454,2307,other,common,True,True,valid,valid,3.25248820034803,77.0076341483427,711.726141067993,3.24981270251834,-77.0101063372176,0.132545759519985,3.25255553551039,77.009228411328,711.740875693396,3.25054026494121,-77.0115799507147,0.117816383754757,6.73351623521334e-05,0.00159426298525034,0.0147346254028662,0.000727562422873973,-0.00147361349712583,-0.0147293757652278,0.0148207757642108,0.0148207757641552
2103.74923324585,2308,other,common,True,True,valid,valid,3.25422392656825,77.1054974945345,711.733793060085,3.25192515191027,-77.1079037775715,0.124179250444399,3.25429118029837,77.1070910026754,711.748502174613,3.25265149051248,-77.1093768450443,0.10947536164133,6.72537301231735e-05,0.0015935081409566,0.0147091145287277,0.000726338602206056,-0.00147306747281561,-0.0147038888030693,0.0147953317461535,0.0147953317461133
2103.73559200764,2309,other,common,True,True,valid,valid,3.25290644284995,77.2022953350464,711.731603512358,3.25054642950426,-77.2047162963826,0.125516088642485,3.25297355199052,77.2038880582867,711.746286903063,3.25127147164646,-77.2061887895185,0.110837896948283,6.7109140569066e-05,0.00159272324025039,0.014683390705045,0.000725042142200039,-0.00147249313599218,-0.0146781916942018,0.014769672763937,0.0147696727639865
2103.69796875119,2310,other,common,True,True,valid,valid,3.24922974382138,77.298266664364,711.721809074913,3.24647006262824,-77.3007645741852,0.134351060958579,3.24929665962553,77.2998585726256,711.73646652943,3.24719375009329,-77.3022364646456,0.119698776580776,6.69158041510798e-05,0.00159190826168754,0.0146574545171916,0.000723687465047362,-0.00147189046040808,-0.014652284377803,0.0147437994615368,0.0147437994615539
2103.64580687881,2311,other,common,True,True,valid,valid,3.24412297646726,77.3937341473953,711.707404278325,3.24075845823786,-77.3963467562334,0.147731703845011,3.24418966926671,77.395325210628,711.722035585315,3.24148075191397,-77.3978180156986,0.13310553682129,6.66927994519284e-05,0.00159106323273761,0.0146313069900543,0.000722293676105323,-0.00147125946519111,-0.0146261670237209,0.014717712946558,0.0147177129464546
2103.6519741416,2312,other,common,True,True,valid,valid,3.24475414555806,77.4912123140935,711.711491038051,3.24160769161261,-77.4937882097719,0.142880425942622,3.24482073083176,77.492802503473,711.726095998026,3.24232869792075,-77.4952588110513,0.128280580959313,6.65852737014028e-05,0.00159018937949895,0.0146049599758271,0.000721006308140204,-0.00147060127933685,-0.0145998449833087,0.014691425790469,0.0146914257904333
2103.70529845357,2313,other,common,True,True,valid,valid,3.25002435396722,77.5903224715916,711.730527740632,3.24776126092393,-77.5927392410849,0.123289064376991,3.25009092437555,77.5919117579742,711.745106151958,3.24848106339306,-77.594209156686,0.108715747248311,6.65704083262497e-05,0.00158928638266786,0.0145784113254877,0.000719802469127728,-0.00146991560116305,-0.0145733171286793,0.0146649357175715,0.014664935717628
2103.74722212553,2314,other,common,True,True,valid,valid,3.2541732690912,77.6890434371614,711.745949284204,3.25263265802006,-77.6913306819086,0.107262092345195,3.25423980068526,77.6906317901695,711.760500934855,3.25335122322127,-77.6927998831902,0.0927155140512923,6.65315940593381e-05,0.00158835300810267,0.0145516506514696,0.000718565201211163,-0.00146920128158001,-0.0145465782939027,0.0146382317379447,0.0146382317379808
2103.76034751534,2315,other,common,True,True,valid,valid,3.25548912864693,77.7867705376444,711.752238783274,3.25426460925292,-77.789003032492,0.100238979045344,3.25555556316876,77.788357926421,711.766763457686,3.25498186932388,-77.7904714903624,0.0857193525725961,6.64345218281959e-05,0.00158738877662756,0.0145246744115184,0.000717260070963732,-0.00146845787044469,-0.0145196264727474,0.0146113101203989,0.0146113101204094
2103.73809224367,2316,other,common,True,True,valid,valid,3.25332421775662,77.8832715064429,711.747308678123,3.25191649829282,-77.8855411197272,0.104278018894433,3.25339048426022,77.8848578998505,711.761806158987,3.25263237261783,-77.8870088048285,0.089785558402582,6.62665036008647e-05,0.00158639340756395,0.0144974808646339,0.000715874325010191,-0.00146768510133199,-0.0144924604918515,0.0145841690443264,0.0145841690443356
2103.68686267734,2317,other,common,True,True,valid,valid,3.24830892773042,77.9787644416873,711.733190635735,3.24630912760825,-77.9811464061856,0.117376092482914,3.24837496829154,77.980349808558,711.747660706263,3.24702354860346,-77.9826132891253,0.102911012197865,6.60405611272452e-05,0.00158536687067112,0.0144700705284322,0.000714420995208798,-0.00146688293972375,-0.0144650802850492,0.0145568090791951,0.0145568090792648
2103.64031249285,2318,other,common,True,True,valid,valid,3.24375415438096,78.0744166500624,711.720555433984,3.24122826106757,-78.0768988240756,0.129012179196252,3.24381997762149,78.0760009597424,711.734997882789,3.24194122787057,-78.0783648759311,0.114574690923064,6.58232405292836e-05,0.00158430968001255,0.0144424488048571,0.000712966803007475,-0.00146605185550186,-0.0144374882731881,0.0145292359517662,0.0145292359518199
2103.64675194025,2319,other,common,True,True,valid,valid,3.24441218927907,78.1719117254346,711.724719457958,3.24210779884037,-78.1743565533497,0.124084781763372,3.24447789864708,78.1734949481005,711.739134081866,3.24281940568796,-78.1758217459614,0.109675093340115,6.57093680094256e-05,0.00158322266588584,0.0144146239083511,0.000711606847588087,-0.00146519261167555,-0.0144096884232567,0.0145014583456295,0.0145014583456348
2103.70686462522,2320,other,common,True,True,valid,valid,3.25035044524383,78.2712804500625,711.745900016636,3.24902482695297,-78.273548596662,0.102379583085963,3.25041614492368,78.2728625557935,711.760286612344,3.24973516881157,-78.275012901774,0.0879979025148714,6.56996798507059e-05,0.00158210573096085,0.014386595708288,0.000710341858606967,-0.00146430511203732,-0.0143816805710912,0.0144734761223973,0.0144734761224155
2103.76074312627,2321,other,common,True,True,valid,valid,3.25567573468296,78.3704375820413,711.76510370078,3.25524091550263,-78.3725452342155,0.0826234951429115,3.25574141104353,78.3720185395864,711.779462053824,3.2559499691412,-78.3740086223332,0.0682700363109916,6.56763605761945e-05,0.00158095754510157,0.0143583530442584,0.000709053638566104,-0.00146338811774172,-0.0143534588319199,0.0144452775081449,0.0144452775080692
2103.74080643058,2322,other,common,True,True,valid,valid,3.25373893745065,78.4670188089691,711.760900752785,3.25315327571088,-78.469157625447,0.0859456888267687,3.25380444498036,78.4685985855477,711.775230635806,3.25386088557221,-78.4706200656517,0.0716206726106066,6.55075297117946e-05,0.00157977657853792,0.0143298830207641,0.000707609861336778,-0.00146244020471897,-0.0143250162161621,0.0144168489158807,0.0144168489158188
2103.67025777698,2323,other,common,True,True,valid,valid,3.24682298997448,78.5618270448805,711.740648887467,3.24537227430114,-78.5641284380076,0.105091726369437,3.24688822922954,78.5634056080137,711.75495007662,3.24607833100714,-78.5655898996537,0.0907953721944068,6.52392550550829e-05,0.00157856313325055,0.0143011891528886,0.000706056706000879,-0.00146146164610172,-0.0142963541750305,0.0143881940810081,0.0143881940810175
2103.61769604683,2324,other,common,True,True,valid,valid,3.24167684239888,78.6572606464819,711.726099617493,3.23961484828724,-78.6596779222086,0.118615206724257,3.24174184792706,78.658837964957,711.740371901029,3.240319376859,-78.6611383758173,0.104347727922004,6.50055281825601e-05,0.00157731847508558,0.0142722835361155,0.000704528571766616,-0.00146045360870062,-0.0142674788022532,0.0143593257719788,0.0143593257719277
2103.6049258709,2325,other,common,True,True,valid,valid,3.24044522349615,78.7540871504373,711.724165359073,3.23833334510853,-78.7565170140782,0.119700630355169,3.24051007195009,78.75566319337,711.738408528938,3.23903641279531,-78.7579764304691,0.105462238449377,6.48484539396144e-05,0.00157604293265479,0.0142431698645851,0.00070306768678563,-0.00145941639092939,-0.014238391905792,0.0143302478847707,0.0143302478847101
2103.5983146131,2326,other,common,True,True,valid,valid,3.23981948362491,78.8511298025424,711.724182487225,3.23774456160818,-78.8535562756618,0.11886205021608,3.23988418604992,78.852704538215,711.738396328701,3.2384461698191,-78.8550146248757,0.104652960455383,6.47024250173267e-05,0.00157473567257682,0.0142138414757937,0.00070160821091747,-0.00145834921393373,-0.0142090897606977,0.0143009534067237,0.0143009534066429
2103.56750828028,2327,other,common,True,True,valid,valid,3.23681365666876,78.9473214367068,711.716527324882,3.23443425609215,-78.9498073419557,0.125588200978882,3.23687816537238,78.9488948326143,711.730711617028,3.2351343472785,-78.951264593297,0.111408632206007,6.4508703625954e-05,0.00157339590747085,0.0141842921456146,0.00070009118634573,-0.00145725134129293,-0.0141795687728745,0.0142714357976565,0.0142714357976196
2103.52717733383,2328,other,common,True,True,valid,valid,3.23287098540901,79.0431757382676,711.705851378639,3.23005267321099,-79.0457458106629,0.135292816691162,3.23293528128383,79.0447477620679,711.720005902755,3.23075121848087,-79.0472019335805,0.121142986787618,6.42958748180433e-05,0.00157202380033539,0.0141545241161793,0.000698545269877116,-0.00145612291765929,-0.0141498299035447,0.0142416974319722,0.0142416974320005
2103.51119926572,2329,other,common,True,True,valid,valid,3.23132390058046,79.1398862859317,711.702894997947,3.22841021470077,-79.1424773157227,0.137386126664751,3.23138802983307,79.1414569058743,711.717019541367,3.22910725068114,-79.1439322802079,0.123266250405095,6.41292526135651e-05,0.00157061994265462,0.0141245434203938,0.000697035980373073,-0.00145496448512006,-0.0141198762596559,0.0142117446641816,0.0142117446641463
2103.52763453126,2330,other,common,True,True,valid,valid,3.23296521914089,79.2377408483721,711.710213445267,3.23041341415673,-79.2402687025292,0.129348661478389,3.23302924315873,79.2393100327554,711.724307796525,3.23110899269387,-79.2417224786119,0.115258953118087,6.40240178397811e-05,0.00156918438331388,0.0140943512576541,0.000695578537147412,-0.00145377608274089,-0.0140897083603022,0.0141815787582988,0.0141815787583209
2103.54890459776,2331,other,common,True,True,valid,valid,3.23508218595742,79.3357686102664,711.71906357351,3.232960425981,-79.3382207468888,0.119800983386199,3.23514611287774,79.3373363266542,711.733127515398,3.23365454546719,-79.3396733039118,0.105741660536069,6.39269203213111e-05,0.00156771638772568,0.0140639418885939,0.000694119486190914,-0.00145255702294378,-0.0140593228501302,0.0141511936870793,0.0141511936871137
2103.54626357555,2332,other,common,True,True,valid,valid,3.2348470541084,79.4329526019929,711.720331594159,3.23281791653798,-79.4353911053835,0.11772914065466,3.23491083703952,79.4345188171679,711.734364903349,3.2335105201173,-79.4368424119585,0.103700424585099,6.37829311274096e-05,0.00156621517503197,0.0140333091898128,0.000692603579324214,-0.00145130657499237,-0.0140287160695607,0.0141205830281079,0.0141205830280856
2103.51804026961,2333,other,common,True,True,valid,valid,3.23209541559898,79.5292304823702,711.71348760057,3.22979789445893,-79.5317217759608,0.123655639237995,3.23215900475746,79.5307951629226,711.727490052828,3.23048892234605,-79.5331718005143,0.109657751993723,6.3589158473043e-05,0.00156468055243408,0.0140024522580688,0.00069102788712172,-0.00145002455349186,-0.0139978872442725,0.014089745847663,0.014089745847597
2103.49245709181,2334,other,common,True,True,valid,valid,3.2296035327408,79.6256004422056,711.707479444571,3.22707482406885,-79.6281376819682,0.128758043944345,3.22966693239181,79.6271635552094,711.721450820735,3.22776427070011,-79.6295863933691,0.114791204920721,6.33996510073231e-05,0.00156311300384004,0.0139713761639086,0.000689446631263024,-0.00144871140085456,-0.0139668390236238,0.0140586874811256,0.0140586874811324
2103.47915011644,2335,other,common,True,True,valid,valid,3.22831924762937,79.7224051672257,711.705362024389,3.22573249885137,-79.7249564947262,0.130024259500033,3.2283824803078,79.7239666798341,711.719302106779,3.22642037698086,-79.7264038619103,0.116088687429283,6.32326784271164e-05,0.00156151260848958,0.0139400823895812,0.000687878129490116,-0.00144736718416993,-0.0139355720707499,0.0140274094909361,0.0140274094909184
2103.44890731573,2336,other,common,True,True,valid,valid,3.2253690954304,79.8186071441962,711.697874166424,3.22248530673496,-79.821216534171,0.136585687499519,3.22543212815258,79.8201670227528,711.711782731011,3.22317157336939,-79.8226625253166,0.122681604976151,6.30327221822213e-05,0.00155987855660555,0.0139085645868136,0.000686266634431831,-0.00144599114562993,-0.0139040825233678,0.0139959052262077,0.0139959052262938
2103.4341134727,2337,other,common,True,True,valid,valid,3.22393859917814,79.9153575294889,711.695282816263,3.22097567791839,-79.9179848879192,0.13831923968246,3.2240014604127,79.9169157409374,711.709159645095,3.22166035172738,-79.919429471755,0.124446865977689,6.2861234556344e-05,0.00155821144845447,0.0138768288320534,0.00068467380899051,-0.00144458383579149,-0.0138723737047712,0.013964181067539,0.0139641810675806
2103.32461753488,2338,other,common,True,True,valid,valid,3.21319343391913,80.0087308656574,711.662668817182,3.20881528566626,-80.0116220271412,0.169654881343149,3.2132559441359,80.0102873742252,711.676513669231,3.20949817649506,-80.0130651698686,0.155814449490094,6.25102167717273e-05,0.00155650856784462,0.0138448520485781,0.000682890828798577,-0.00144314272739621,-0.0138404318530547,0.0139322128427609,0.0139322128427162
2103.24610708654,2339,other,common,True,True,valid,valid,3.20549652658552,80.1032018788126,711.639877969687,3.20014030666173,-80.1062764086347,0.19130506014119,3.20555874405412,80.1047566514995,711.653690629096,3.20082146304495,-80.1077180790212,0.177496788650615,6.22174685962484e-05,0.00155477268687321,0.0138126594093819,0.000681156383215864,-0.00144167038642706,-0.013808271490575,0.0139000269453276,0.0139000269452588
2103.22406466305,2340,other,common,True,True,valid,valid,3.20335334747103,80.1996850393281,711.634985538528,3.19781558592775,-80.2027963798392,0.195307583672047,3.20341537790762,80.2012380436137,711.648765794421,3.19849510402205,-80.2042365470914,0.181531688201858,6.2030436587257e-05,0.00155300428566818,0.0137802558929252,0.000679518094301557,-0.00144016725224105,-0.0137758954701894,0.0138676285846163,0.0138676285846029
2103.2462579757,2341,other,common,True,True,valid,valid,3.20556061571809,80.297749898218,711.644113380892,3.20046525625739,-80.3007832469903,0.185486219128961,3.20562254117822,80.2993011011764,711.657861019592,3.20114320845707,-80.3022218799322,0.171742917077722,6.19254601370578e-05,0.00155120295839595,0.0137476386996696,0.000677952199673371,-0.0014386329419267,-0.013743302051239,0.0138350148246181,0.0138350148246479
2103.29475036263,2342,other,common,True,True,valid,valid,3.21035451382627,80.3967597040227,711.661576682855,3.206072510607,-80.399646807527,0.167446121660987,3.21041638225304,80.3983090721745,711.675291486609,3.20674893504539,-80.4010838744627,0.153735632976009,6.18684267639225e-05,0.00154936815182793,0.0137148037539419,0.000676424438388779,-0.00143706693566514,-0.0137104886849784,0.0138021813993755,0.0138021813993061
2103.36471498013,2343,other,common,True,True,valid,valid,3.21726064585407,80.4965448556509,711.685846453704,3.21409490943393,-80.4992299801199,0.14269484340025,3.21732249583324,80.4980923552696,711.699528203374,3.21476983483431,-80.5006654491173,0.12901738899609,6.18499791702476e-05,0.00154749961866685,0.0136817496697859,0.000674925400382165,-0.00143546899745672,-0.01367745440416,0.0137691268610752,0.0137691268610837
2103.43739178777,2344,other,common,True,True,valid,valid,3.22443406700731,80.5964344731009,711.710976381332,3.22242287924634,-80.5989105750503,0.11709541330822,3.22449590193707,80.5979800698663,711.724624853379,3.22309629898247,-80.6003444136202,0.103451216924441,6.18349297569765e-05,0.00154559676542476,0.0136484720472936,0.000673419736131109,-0.00143383856989487,-0.0136441963837797,0.0137358466118978,0.0137358466118647
2103.41788607836,2345,other,common,True,True,valid,valid,3.22254013142891,80.6930163382385,711.706880643005,3.22038285843554,-80.6955227270088,0.120312422311713,3.2226017786095,80.6945599953373,711.720495592952,3.22105458902142,-80.6969549003399,0.106701720740602,6.1647180582991e-05,0.00154365709879301,0.0136149499475096,0.000671730585885655,-0.00143217333109646,-0.0136107015711104,0.0137023187704388,0.0137023187704909
2103.45250928402,2346,other,common,True,True,valid,valid,3.22597066683013,80.7915461987131,711.719944500772,3.22443096600533,-80.7939423657054,0.106610090321283,3.22603222559247,80.7930878827845,711.733525715062,3.22510109709849,-80.7953728421859,0.0930331016195396,6.15587623449265e-05,0.00154168407142663,0.0135812142900704,0.000670131093158943,-0.00143047648056438,-0.0135769887017432,0.013668575670132,0.0136685756701541
2103.46186059713,2347,other,common,True,True,valid,valid,3.22691533422727,80.8891688956122,711.724995002611,3.22563658569281,-80.8915204568207,0.100808924005491,3.22697675657567,80.8907085711843,711.738542250084,3.22630505898301,-80.8929492028719,0.0872658772343584,6.14223483981213e-05,0.00153967557216106,0.0135472474728431,0.000668473290190263,-0.00142874605124632,-0.013543046771133,0.0136345989182977,0.0136345989183308
2103.43449962139,2348,other,common,True,True,valid,valid,3.22424866714999,80.9854682130333,711.718404712435,3.22271281670049,-80.9878704872787,0.10648561135713,3.22430988436953,80.9870058441837,711.731917758832,3.22337955304013,-80.9892974688967,0.0929767377498365,6.12172195428862e-05,0.00153763115044114,0.0135130463967243,0.000666736339638874,-0.00142698161799615,-0.013508873607293,0.0136003852894983,0.0136003852894876
2103.42509654164,2349,other,common,True,True,valid,valid,3.22334850754726,81.0824148860222,711.717506595395,3.22180887540673,-81.0848212638192,0.106549825714751,3.2234095518485,81.0839504380569,711.730985217942,3.22247389698712,-81.0862464481344,0.0930753495402996,6.10443012378781e-05,0.00153555203472422,0.0134786225464723,0.000665021580388725,-0.00142518431518113,-0.0134744761744514,0.0135659467862855,0.0135659467863647
2103.34522199631,2350,other,common,True,True,valid,valid,3.2155165162864,81.176812159895,711.69426553024,3.21297876341557,-81.1794055933233,0.128644310224672,3.2155772576244,81.1783455957084,711.707709486044,3.21364192943365,-81.1808289452194,0.115204468604134,6.0741337996717e-05,0.00153343581347087,0.0134439558042914,0.000663166018071593,-0.00142335189605092,-0.0134398416205386,0.0135312624160466,0.0135312624160748
2103.28694054484,2351,other,common,True,True,valid,valid,3.2098088155378,81.2719855400215,711.677869757953,3.2065775789405,-81.2747099775321,0.143989363802802,3.20986929309412,81.273516824707,711.691278824014,3.20723891854134,-81.2761314639287,0.1305843815461,6.04775563202153e-05,0.00153128468554087,0.0134090660608308,0.000661339600839028,-0.00142148639659467,-0.0134049822567022,0.0134963529498422,0.0134963529498099
2103.24827346206,2352,other,common,True,True,valid,valid,3.20603048902218,81.3678659734125,711.667691088994,3.20238245006338,-81.3706705072098,0.153204362336623,3.20609073806817,81.3693950718773,711.681065041486,3.20304198844881,-81.3720900948472,0.139834464903174,6.02490459877814e-05,0.00152909846481464,0.0133739524920884,0.000659538385427538,-0.00141958763738614,-0.0133698974334493,0.0134612175275225,0.0134612175275131
2103.23161031306,2353,other,common,True,True,valid,valid,3.20441638175989,81.4645426890735,711.66448647049,3.20066190963244,-81.4673702131114,0.155542928602699,3.20447644163087,81.466069566152,711.677825085746,3.20131967607124,-81.4687878686557,0.142208341476703,6.0059870977458e-05,0.00152687707846155,0.0133386152560888,0.000657766438799001,-0.00141765554434414,-0.0133345871259962,0.0134258563135019,0.013425856313517
2103.23224121332,2354,other,common,True,True,valid,valid,3.20450319619898,81.5618473358765,711.666762687577,3.20088620760735,-81.5646529710202,0.152477362667696,3.20456309737432,81.5633719561436,711.680065740477,3.2015422224561,-81.5660686608902,0.139178312389959,5.9901175344379e-05,0.00152462026701983,0.013303052900369,0.000656014848750885,-0.001415689869944,-0.0132990502777375,0.0133902677934174,0.0133902677934175
2103.23777848482,2355,other,common,True,True,valid,valid,3.20507257975328,81.6593313902695,711.670592922696,3.20166223423915,-81.6621024115915,0.147879528982116,3.2051323300628,81.6608537178314,711.683860184872,3.20231649508195,-81.6635161017637,0.134616244328868,5.97503095263185e-05,0.00152232756197179,0.0132672621757592,0.000654260842793519,-0.00141369017219972,-0.0132632846532488,0.0133544485826169,0.0133544485826443
2103.24252226949,2356,other,common,True,True,valid,valid,3.20556393869349,81.7567878327286,711.674170347243,3.20234898534765,-81.7595263102912,0.143530976139459,3.20562353561548,81.7583078313933,711.687401588554,3.20300147934806,-81.7609379664584,0.130303687194782,5.95969219907566e-05,0.00151999866477581,0.0132312413117006,0.000652494000405568,-0.00141165616710737,-0.0132272889446767,0.0133183968398034,0.0133183968397351
2103.24081066251,2357,other,common,True,True,valid,valid,3.20542039484688,81.8540100351571,711.675700102839,3.20230970466718,-81.8567327360288,0.141201458072032,3.20547982568775,81.8555276684301,711.688895091351,3.20296040874658,-81.8581423235958,0.128010396260493,5.94308408756739e-05,0.00151763327306753,0.0131949885125096,0.000650704079404818,-0.00140958756701082,-0.0131910618115398,0.0132821106990428,0.013282110699128
2103.22756744921,2358,other,common,True,True,valid,valid,3.20414267572362,81.9508117784549,711.673572992233,3.20097350389285,-81.953548646476,0.142477672376458,3.20420191878067,81.9523270095506,711.686731494319,3.2016223858967,-81.9549561305707,0.129323070411942,5.92430570480751e-05,0.00151523109570917,0.0131585020866396,0.00064888200385127,-0.00140748409461366,-0.0131546019645157,0.0132455884043447,0.0132455884043085
2103.20233042538,2359,other,common,True,True,valid,valid,3.2016853474157,82.047174675379,711.667642567378,3.1982884310526,-82.0499568536153,0.147504031398739,3.20174438033042,82.0486874673432,711.680764348781,3.19893545814288,-82.0513621992018,0.134386122597448,5.90329147152069e-05,0.00151279196413157,0.0131217814027877,0.000647027090280972,-0.00140534558653371,-0.0131179088012914,0.013208829304458,0.0132088293043761
2103.16698665917,2360,other,common,True,True,valid,valid,3.19823406571534,82.1431662659211,711.658507198547,3.19446677121771,-82.1460199977922,0.155690545357061,3.19829286967407,82.1446765816953,711.671592024932,3.19511191409427,-82.1474231697315,0.142609563270639,5.88039587321454e-05,0.00151031577425442,0.0130848263850112,0.000645142876564364,-0.00140317193933015,-0.0130809820864215,0.0131718333260564,0.0131718333259947
2103.13622106612,2361,other,common,True,True,valid,valid,3.19523312289085,82.2393234125527,711.650821952372,3.19115998535936,-82.2422368239308,0.162447249439765,3.19529170534493,82.2408312153334,711.663869592402,3.19180324109497,-82.2436377873138,0.14940342579996,5.85824540828561e-05,0.00150780278067941,0.0130476400302086,0.000643255735610637,-0.00140096338301987,-0.0130438236398049,0.0131346035907923,0.0131346035908318
2103.11924327165,2362,other,common,True,True,valid,valid,3.1935882160089,82.3359845908454,711.647505977959,3.18940368478627,-82.338921904381,0.164895804220464,3.1936466006699,82.3374898439411,711.660516202064,3.19004506677673,-82.3403206243964,0.151889369722085,5.83846609996108e-05,0.00150525309565808,0.0130102241045051,0.000641381990462264,-0.0013987200154304,-0.0130064344983793,0.0130971419363186,0.0130971419363114
2103.11963710189,2363,other,common,True,True,valid,valid,3.19365175861932,82.433283217855,711.649695150637,3.18960083484254,-82.4361993551163,0.161916199727216,3.19370997532374,82.4347858845343,711.662667729703,3.19024036262298,-82.4375957969092,0.148947384881353,5.82167044145265e-05,0.00150266667931476,0.0129725790663997,0.000639527780435856,-0.00139644179293441,-0.0129688148458627,0.0130594488385914,0.0130594488386482
2103.14142198861,2364,other,common,True,True,valid,valid,3.19581908202404,82.5313693792323,711.658663672768,3.1922034749816,-82.5342088280037,0.152252027629402,3.19587716742477,82.5328694227393,711.67159837827,3.19284117492291,-82.5356029566897,0.13932106266725,5.80854007323772e-05,0.00150004350693678,0.0129347055020617,0.000637699941307801,-0.00139412868600175,-0.0129309649621518,0.0130215249053844,0.013021524905351
2103.1634875834,2365,other,common,True,True,valid,valid,3.19801408495525,82.6294685962676,711.667720081822,3.19483770661678,-82.632230636798,0.142501192273812,3.1980720382675,82.630965979102,711.680616679682,3.19547356744088,-82.633622416794,0.129608311302263,5.79533122539999e-05,0.00149738283438694,0.0128965978595943,0.000635860824097279,-0.00139177999598417,-0.0128928809715489,0.0129833643671897,0.0129833643671959
2103.15610697865,2366,other,common,True,True,valid,valid,3.19731305350937,82.726485033439,711.667440964221,3.19416043368861,-82.7292461089603,0.141955394092861,3.19737082184734,82.7279797170894,711.680299212556,3.1947943917189,-82.7306355037358,0.129100836689872,5.7768337965225e-05,0.00149468365033556,0.0128582483355331,0.000633958030292092,-0.0013893947754724,-0.0128545574029886,0.0129449591213603,0.0129449591213341
2103.13566832244,2367,other,common,True,True,valid,valid,3.19532776609287,82.8230197066964,711.663021221264,3.19201462876296,-82.8258137224471,0.145492367589782,3.19538532566192,82.82451165296,711.675840881658,3.19264664954004,-82.827200695752,0.13267637117292,5.7559569047072e-05,0.0014919462635703,0.0128196603938022,0.000632020777082687,-0.0013869733048324,-0.0128159964168617,0.0129063127720427,0.012906312771973
2103.12865507603,2368,other,common,True,True,valid,valid,3.1946628848138,82.9200494970108,711.66285593848,3.19137857134543,-82.9228416156199,0.144834361980884,3.19472025815459,82.9215386683035,711.675636778598,3.19200866697133,-82.9242261317729,0.132057159960141,5.73733407898125e-05,0.00148917129274651,0.0127808401177845,0.000630095625901106,-0.00138451615293889,-0.0127772020207431,0.0128674316378888,0.012867431637837
2103.1256159991,2369,other,common,True,True,valid,valid,3.1943888706396,83.0172265084141,711.663949123646,3.19118938813761,-83.0200064249729,0.142935489690217,3.19444606366639,83.0187128667293,711.676690908368,3.19181755397977,-83.0213884478928,0.130197317516831,5.71930267923015e-05,0.00148635831520494,0.0127417847223796,0.000628165842165629,-0.00138202291995526,-0.0127381721733855,0.0128283128272957,0.0128283128273112
2103.11704810709,2370,other,common,True,True,valid,valid,3.19357110749056,83.1141992969459,711.663288409979,3.1903783994504,-83.1169813731447,0.142766022418073,3.19362810960102,83.1156828038445,711.675990901332,3.19100461424825,-83.1183608663416,0.130067117659564,5.70021104606688e-05,0.00148350689860877,0.0127024913525702,0.00062621479785463,-0.00137949319690733,-0.0126989047585084,0.0127889533786365,0.0127889533785621
2103.11137938499,2371,other,common,True,True,valid,valid,3.19303848540198,83.2112796542612,711.663545398609,3.18989339339203,-83.2140563755287,0.141691691370625,3.19309530062621,83.2127602714016,711.676208360264,3.19051765057651,-83.2154333025964,0.129032290603845,5.68152242226283e-05,0.00148061714038761,0.0126629616547689,0.000624257184483668,-0.00137692706776704,-0.0126594007667791,0.0127493550015779,0.0127493550015777
2103.12186466157,2372,other,common,True,True,valid,valid,3.19409461980297,83.308960021639,711.668921793392,3.19122498057228,-83.3116894679081,0.135569489170052,3.19415127492641,83.3104377109297,711.681544991953,3.19184729643823,-83.3130637926668,0.122949827059529,5.66551234353341e-05,0.00147768929073777,0.0126231985613003,0.000622315865953738,-0.00137432475868593,-0.0126196621105237,0.0127095207368723,0.0127095207369571
2103.1412255615,2373,other,common,True,True,valid,valid,3.19602372431225,83.4069719986125,711.677110540879,3.19355470083285,-83.4096311409711,0.126674224080489,3.19608023337303,83.4084467215985,711.689693740681,3.19417507883881,-83.4110028268957,0.114094536991161,5.65090607782537e-05,0.00147472298598927,0.0125831998017247,0.000620378005962152,-0.00137168592463865,-0.0125796870893282,0.0126694482282963,0.0126694482283778
2103.15867893398,2374,other,common,True,True,valid,valid,3.19776527444059,83.5049154962456,711.684693450508,3.19566990464849,-83.5075092954898,0.118376331291529,3.19782163289425,83.5063872139943,711.697236412663,3.19628832954462,-83.5088783056043,0.105836857978261,5.63584536603656e-05,0.00147171774864319,0.0125429621546118,0.000618424896131842,-0.001369010114459,-0.012539473313268,0.0126291341357591,0.0126291341357912
2103.17630504072,2375,other,common,True,True,valid,valid,3.19952386689038,83.6028677641495,711.69232996073,3.19780453675728,-83.6053957812895,0.110025584807886,3.19958007376469,83.6043364376383,711.704832446411,3.19842099686511,-83.6067620785272,0.0975265641245642,5.62068743050759e-05,0.00146867348877322,0.0125024856816935,0.000616460107828232,-0.00136629723775172,-0.0124990206833218,0.0125885785238166,0.0125885785237467
2103.19383020699,2376,other,common,True,True,valid,valid,3.20127258433068,83.7008186168391,711.69993331374,3.19992781869987,-83.7032811232987,0.101707530597878,3.20132863818186,83.7022842068838,711.712395083581,3.20054230184554,-83.704644670436,0.0892492019199835,5.60538511753528e-05,0.00146559004471669,0.0124617698407974,0.000614483145668032,-0.00136354713730213,-0.0124583286778943,0.0125477808308247,0.0125477808308242
2103.20448158681,2377,other,common,True,True,valid,valid,3.20234524506119,83.7985151174354,711.705356325235,3.20127800870911,-83.8009299668201,0.0955393680395673,3.20240113297759,83.7999775844865,711.717777137612,3.20189049116128,-83.8022907262863,0.0831219724852872,5.58879163978787e-05,0.00146246705109832,0.0124208123766039,0.000612482452162055,-0.00136075946616643,-0.0124173955542801,0.0125067387207674,0.0125067387208026
2103.19557841122,2378,other,common,True,True,valid,valid,3.20149453392499,83.8954822670195,711.704578740858,3.20042887038097,-83.8979002327659,0.0954852212444166,3.20155022171048,83.8969415709697,711.716958350284,3.201039306972,-83.8992581664641,0.0831090028422068,5.56877854869242e-05,0.00145930395017047,0.012379609426489,0.000610436591024666,-0.00135793369827297,-0.0123762184022098,0.0124654481949447,0.0124654481949011
2103.15515339375,2379,other,common,True,True,valid,valid,3.19754340008352,83.9912696093346,711.693806759145,3.19603450908958,-83.993772530476,0.105285941476495,3.19759883374457,83.9927257095302,711.706144916385,3.19664283470619,-83.995127599794,0.0929511471190381,5.54336610458783e-05,0.00145610019561104,0.0123381572401513,0.000608325616603622,-0.00135506931799512,-0.0123347943574572,0.0124239053744438,0.0124239053744443
2103.07672183961,2380,other,common,True,True,valid,valid,3.18985436279254,84.0856301809879,711.670985652393,3.18736599697108,-84.0883167218247,0.126967603554476,3.1899094780024,84.0870830363933,711.683282105855,3.1879721360715,-84.0896688877873,0.114674482028249,5.51152098560159e-05,0.00145285540536122,0.0122964534619996,0.000606139100426617,-0.00135216596254395,-0.012293121526227,0.0123821078277637,0.0123821078277454
2102.98560810089,2381,other,common,True,True,valid,valid,3.18091859689451,84.1795092336035,711.644144759792,3.17727185299731,-84.1824123103506,0.152613001293616,3.18097337227743,84.1809588038177,711.656399264062,3.17787577322461,-84.1837615345668,0.140361797130709,5.47753829174269e-05,0.00144957021426251,0.0122545042705724,0.000603920227298715,-0.00134922421617034,-0.0122512041629079,0.0123400619555223,0.0123400619555857
2102.9193463251,2382,other,common,True,True,valid,valid,3.1744273418,84.2743146668639,711.625181468874,3.16997281012471,-84.277369773969,0.170490838051137,3.174481818681,84.2757609125382,711.637393788185,3.17057454219205,-84.278716019021,0.15828178894742,5.4476881001353e-05,0.00144624567433027,0.0122123193111747,0.00060173206734504,-0.00134624505197678,-0.012209049103717,0.0122977777358014,0.0122977777357463
2102.88300480694,2383,other,common,True,True,valid,valid,3.17087858571358,84.3702400918821,711.615700914381,3.16603829447977,-84.3733695800232,0.179018356587562,3.17093281340138,84.3716829736941,711.627870813991,3.16663787712193,-84.3747128085111,0.166851699571112,5.42276877992798e-05,0.00144288181196828,0.0121698996096029,0.000599582642159646,-0.00134322848789736,-0.0121666570164507,0.0122552562222601,0.0122552562221859
2102.8527226299,2384,other,common,True,True,valid,valid,3.1679257528158,84.4663912582835,711.60813975524,3.16278512383355,-84.4695794105368,0.185653305215965,3.16797974066156,84.4678307359919,711.62026699353,3.16338255555966,-84.4709195841983,0.173529282402001,5.39878457579412e-05,0.00143947770838793,0.0121272382899633,0.000597431726113484,-0.00134017366150374,-0.0121240228139641,0.0122124902989516,0.012212490299029
2102.82061938941,2385,other,common,True,True,valid,valid,3.16479391866037,84.5624720144954,711.600000293212,3.15932721339837,-84.5657235663608,0.192858518457342,3.16484766293066,84.563908047447,711.612084625948,3.15992247952876,-84.567060646543,0.180777373992896,5.37442702883695e-05,0.00143603295158812,0.0120843327356397,0.000595266130389405,-0.00133708018219636,-0.012081144464446,0.0121694772587112,0.0121694772587168
2102.82354409993,2386,other,common,True,True,valid,valid,3.16510643199989,84.6598721250444,711.60296116947,3.15980767302384,-84.6630961811997,0.18911832785443,3.16515998947295,84.6613046736546,711.615002362157,3.16040081976631,-84.6644301302386,0.177080298857163,5.3557473057797e-05,0.00143254861023934,0.0120411926864108,0.00059314674247446,-0.00133394903889439,-0.0120380289972672,0.0121262271640808,0.0121262271641068
2102.86598235369,2387,other,common,True,True,valid,valid,3.16930445582374,84.7587655703712,711.618444344649,3.16473095219665,-84.7618595915771,0.173030576642759,3.16935788999452,84.760194595073,711.630442163735,3.16532203251124,-84.7631903718185,0.161035899588683,5.34341707840724e-05,0.00142902470182094,0.01199781908565,0.000591080314585213,-0.00133078024133226,-0.0119946770540764,0.0120827409812927,0.0120827409812756
2102.90669899434,2388,other,common,True,True,valid,valid,3.1733333834483,84.857598469065,711.633381168588,3.16946082088492,-84.8605669289816,0.157481534353792,3.17338668991648,84.8590239287714,711.64533536867,3.17004981937326,-84.8618945013483,0.145530454530331,5.33064681853546e-05,0.00142545970639674,0.0119542000820729,0.000588998488339598,-0.00132757236669079,-0.0119510798234614,0.0120390064605159,0.0120390064604524
2102.9136326164,2389,other,common,True,True,valid,valid,3.17404022824002,84.9551568783103,711.637609052516,3.17039200199986,-84.9580874673434,0.152492010737774,3.17409335057906,84.9565787306886,711.64951937867,3.17097885086281,-84.9594117915905,0.140584780624977,5.31223390427549e-05,0.001421852378229,0.0119103261538385,0.000586848862944578,-0.00132432424713613,-0.0119072301127972,0.0119950137665277,0.011995013766503
2102.88958595693,2390,other,common,True,True,valid,valid,3.17170050045809,85.0515425898866,711.632015994268,3.16783952495838,-85.0545157271811,0.157186431718969,3.17175338737661,85.0529607925201,711.643882191734,3.16842416153412,-85.0558367629786,0.145323303862938,5.28869185125735e-05,0.00141820263345949,0.0118661974657925,0.000584636575737818,-0.00132103579750265,-0.0118631278560315,0.0119507630732469,0.0119507630732319
2102.8494489342,2391,other,common,True,True,valid,valid,3.16777855037913,85.1473165611353,711.621321814673,3.16347779668128,-85.1503740174983,0.166910846471524,3.16783117513786,85.1487310719413,711.63314363232,3.16406018299811,-85.1516917248202,0.155092070890078,5.26247587289141e-05,0.00141451080597221,0.0118218176464779,0.000582386316828831,-0.00131770732194525,-0.0118187755814461,0.0119062581297409,0.0119062581297788
2102.79631653428,2392,other,common,True,True,valid,valid,3.16257885957869,85.2425943122781,711.606507891183,3.1576549747459,-85.2457698225272,0.1806975829968,3.16263120070026,85.2440050891126,711.618285078218,3.1582350781039,-85.2470841612836,0.168923409604758,5.23411215760383e-05,0.00141077683448998,0.0117771870354773,0.000580103357997075,-0.00131433875642983,-0.0117741733920411,0.0118614992871203,0.0118614992871248
2102.7378230691,2393,other,common,True,True,valid,valid,3.15685224446381,85.3376644987967,711.589994222485,3.1512295785038,-85.3409719815119,0.19616040767346,3.15690429291999,85.339071499615,711.601726529786,3.15180737871438,-85.3422829116985,0.18443108527606,5.20484561832291e-05,0.00140700081836087,0.0117323073005764,0.000577800210585622,-0.00131093018661943,-0.0117293223974002,0.0118164882659705,0.0118164882659654
2102.70487010479,2394,other,common,True,True,valid,valid,3.15363710332455,85.4337027219,711.581574123952,3.14767586416002,-85.4370759025319,0.203642584339377,3.15368889941877,85.4351059055797,711.593261310856,3.14825139069601,-85.4383833849973,0.191958355489987,5.17960942114648e-05,0.00140318367968462,0.0116871869036004,0.000575526535989468,-0.00130748246537848,-0.0116842288493899,0.011771233792343,0.0117712337924202
2102.74488154054,2395,other,common,True,True,valid,valid,3.15759624326048,85.5325195262918,711.596276722247,3.15232552231003,-85.5357690632019,0.188324531855642,3.15764790208628,85.5339188532437,711.607918561566,3.15289887996323,-85.5370730602177,0.176685628983478,5.16588257988282e-05,0.00139932695189771,0.0116418393190543,0.000573357653202322,-0.00130399701576778,-0.0116389028721642,0.0117257497535666,0.0117257497535675
2102.87852660567,2396,other,common,True,True,valid,valid,3.17076312230463,85.6349134062076,711.640656217713,3.16750371425842,-85.6377962879163,0.143743360134067,3.17081479027283,85.6363088374688,711.652252488193,3.16807503937234,-85.6390967623316,0.132150011138378,5.16679681981103e-05,0.00139543126114461,0.0115962704799131,0.000571325113924104,-0.00130047441534487,-0.0115933489956888,0.0116800422527841,0.0116800422527748
2102.97701213881,2397,other,common,True,True,valid,valid,3.18047373055028,85.7359770075622,711.673894167562,3.17872977582896,-85.7385844670204,0.110148312345814,3.18052534952767,85.73736849947,711.685444609969,3.1792989987061,-85.7398813772959,0.0986007739453498,5.16189773915876e-05,0.00139149190772514,0.011550442407497,0.000569222877139453,-0.00129691027544254,-0.011547538400464,0.0116340721184372,0.01163407211842
2101.04505364224,2603,other,common,True,True,valid,valid,2.99584897937025,105.706334816481,711.449657285526,2.99156874195515,-105.710108666165,0.162602145692517,2.99582133502124,105.705359405894,711.443092347585,2.99124683717514,-105.709187019227,0.169167017696736,-2.7644349013034e-05,-0.000975410587344072,-0.00656493794133439,-0.000321904780015814,0.000921646938110143,0.00656487200421907,0.00663706261816981,0.00663706261818465
2101.08095537126,2604,other,common,True,True,valid,valid,2.99940341780571,105.805404991458,711.462776508132,2.99574330514164,-105.809068148131,0.148845636122701,2.99937511890577,105.804406734087,711.456063968629,2.99541412955832,-105.808124863225,0.155558114219957,-2.82988999451561e-05,-0.000998257370696365,-0.00671253950292794,-0.000329175583317465,0.000943284905773112,0.00671247809725628,0.00678642064598532,0.00678642064598541
2101.06713035703,2605,other,common,True,True,valid,valid,2.99807119384906,105.902133328243,711.460142481948,2.99432993126094,-105.905814803394,0.150626400451188,2.99804228207724,105.901112065533,711.453281546377,2.99399349088118,-105.904849728472,0.157487281487192,-2.89117718197396e-05,-0.00102126271059433,-0.00686093557101231,-0.000336440379754777,0.000965074921978726,0.00686088103600468,0.00693658780123067,0.00693658780124425
2101.0359274447,2606,other,common,True,True,valid,valid,2.99503126465744,105.998040703665,711.452002413386,2.99096374292777,-106.001785589199,0.157837752198134,2.99500175393278,105.996996280847,711.444992314892,2.99062001726573,-106.000798575775,0.164847804120882,-2.95107246648385e-05,-0.00104442281825357,-0.00701009849319689,-0.00034372566204155,0.000987013424420979,0.00701005192274806,0.0070875362990591,0.00708753629905039
2101.06023191288,2607,other,common,True,True,valid,valid,2.99744605902363,106.096569204222,711.461444026058,2.99383494953701,-106.100233514423,0.147708443468446,2.99741589351348,106.095501476205,711.454284064883,2.99348385143262,-106.099224423138,0.154868363999526,-3.01655101471177e-05,-0.00106772801640886,-0.00715996117571649,-0.000351098104388825,0.00100909128528315,0.00715992053108039,0.00723919865128692,0.00723919865125459
2101.06761027873,2608,other,common,True,True,valid,valid,2.99819755209932,106.194299910405,711.46552272897,2.99480411804577,-106.19792756493,0.142868536606784,2.99816674441099,106.19320872117,711.458212133954,2.99444562550962,-106.19689624608,0.150179097945056,-3.08076883297481e-05,-0.00109118923526808,-0.00731059501606524,-0.000358492536150834,0.00103131885008168,0.00731056133827224,0.00739164680905027,0.007391646809044
2101.02549369447,2609,other,common,True,True,valid,valid,2.99408512779161,106.289688663491,711.453921507283,2.99021135457355,-106.293408073706,0.15349367477279,2.9940537245411,106.288573851595,711.44645947305,2.98984547805673,-106.292354372446,0.1609556848681,-3.14032505084327e-05,-0.00111481189648543,-0.00746203423375391,-0.00036587651682396,0.00105370126016169,0.00746201009530978,0.00754491528344774,0.00754491528340343
2100.96797058359,2610,other,common,True,True,valid,valid,2.98845890621556,106.384344502161,711.437439286927,2.98388750737827,-106.38819564133,0.16893296659498,2.98842692185741,106.383205910304,711.429825038055,2.98351422654543,-106.387119406713,0.176547201997209,-3.19843581428891e-05,-0.00113859185690046,-0.00761424887150497,-0.000373280832832279,0.00107623461772732,0.0076142354022295,0.00769897397664004,0.00769897397664907
2100.95622972026,2611,other,common,True,True,valid,valid,2.98733159085824,106.481167465471,711.435457724991,2.98270808393309,-106.48503157983,0.170070343788325,2.98729897630774,106.480004944569,711.427690543157,2.98232731753269,-106.483932668655,0.177837521099264,-3.26145505029629e-05,-0.00116252090143121,-0.00776718183431058,-0.000380766400397192,0.00109891117526217,0.00776717731093868,0.00785376547920888,0.00785376547920474
2100.98810949456,2612,other,common,True,True,valid,valid,2.9904906824784,106.580060837504,711.447291842854,2.98643009424746,-106.583824782762,0.157581351385261,2.99045738810837,106.578874237591,711.439371005806,2.98604176030993,-106.582703050979,0.165502191111614,-3.32943700276367e-05,-0.00118659991281334,-0.0079208370481183,-0.000388333937529239,0.00112173178332853,0.00792083972635282,0.00800929381475094,0.0080092938147714
2101.02876072936,2613,other,common,True,True,valid,valid,2.99451187773737,106.67937451808,711.46190355533,2.99113785835738,-106.683015546833,0.14235280639241,2.99447788936199,106.678163683468,711.453828304594,2.99074190869506,-106.681870844967,0.150428066860059,-3.39883753781578e-05,-0.00121083461154115,-0.00807525073616944,-0.000395949662319595,0.00114470186575488,0.00807526046764906,0.00816559551521944,0.00816559551514336
2101.05210169032,2614,other,common,True,True,valid,valid,2.99683210421937,106.777869191809,711.47103093468,2.99390051041748,-106.781432218216,0.132533447703281,2.996797436216,106.776633962273,711.462800483577,2.99349692411277,-106.780264392487,0.140763916729611,-3.46680033689317e-05,-0.00123522953576582,-0.00823045110291787,-0.000403586304713599,0.0011678257297234,0.00823046902632996,0.00832269903540959,0.0083226990353931
2101.04268335178,2615,other,common,True,True,valid,valid,2.99593299774142,106.874807100615,711.469779627972,2.99298180468731,-106.878377121561,0.132950604518783,2.99589768315494,106.873547312889,711.461393171706,2.99257057865912,-106.877186015294,0.141337088880846,-3.53145864822046e-05,-0.00125978772588553,-0.00838645626629386,-0.000411226028198541,0.00119110626722829,0.00838648436206313,0.00848062267411832,0.00848062267414533
2101.01572150923,2616,other,common,True,True,valid,valid,2.99330986414725,106.970908993954,711.462969673211,2.99009161817176,-106.974531532403,0.138850292195912,2.99327392045464,106.969624486287,711.454426419273,2.98967273433742,-106.973316990339,0.147393585686018,-3.59436926098411e-05,-0.00128450766729316,-0.00854325393822819,-0.000418883834335304,0.00121454206427529,0.00854329349010641,0.00863935412802513,0.00863935412809639
2100.99955890057,2617,other,common,True,True,valid,valid,2.99174802003776,107.067524285173,711.459579385222,2.9884149530266,-107.071171335538,0.141377177805907,2.99171143235697,107.066214899364,711.450878566901,2.98798836213323,-107.069933205757,0.150078046967565,-3.65876807890686e-05,-0.00130938580896611,-0.00870081832113101,-0.000426590893368939,0.00123812978112881,0.00870086916165747,0.00879886750169795,0.00879886750175869
2101.00512813218,2618,other,common,True,True,valid,valid,2.992321788367,107.165176208089,711.463071786298,2.98918029577364,-107.168791404025,0.13711565183246,2.99228452796559,107.163841786938,711.454212645631,2.98874593512388,-107.167529535536,0.145974853841608,-3.72604014100553e-05,-0.00133442115023286,-0.00885914066668647,-0.000434360649762766,0.00126186848873999,0.00885920200914825,0.00895915406139665,0.00895915406139629
2101.02714077942,2619,other,common,True,True,valid,valid,2.99451151463223,107.263614940327,711.471771793888,2.99179342335797,-107.267155633632,0.127717836342299,2.99447355783599,107.262255325192,711.462753565392,2.99135123497035,-107.265869874063,0.136736136126842,-3.79567962416338e-05,-0.0013596151347457,-0.00901822849630207,-0.000442188387623332,0.00128575956915711,0.00901829978454316,0.00912022144712096,0.00912022144707678
2101.05314099044,2620,other,common,True,True,valid,valid,2.99709319327928,107.362246998925,711.48173388961,2.99485468832184,-107.365702853515,0.117075209361133,2.99705453085127,107.360862028596,711.472555792854,2.99440462796759,-107.364393048049,0.126253387446241,-3.86624280035441e-05,-0.00138497032865814,-0.0091780967552495,-0.000450060354246773,0.00130980546609294,0.0091781780851079,0.00928208476816086,0.0092820847681664
2101.06278145313,2621,other,common,True,True,valid,valid,2.99806715518624,107.460098958542,711.486512258781,2.99607747301164,-107.46351242695,0.111545330806734,2.9980278034131,107.458688467977,711.477173490046,2.99561952091572,-107.462178417128,0.120884192159565,-3.9351773131191e-05,-0.0014104905647514,-0.00933876873568806,-0.000457952095921144,0.00133400982161902,0.00933886135283046,0.00944476752990597,0.00944476752989321
2101.03036580421,2622,other,common,True,True,valid,valid,2.99490799706124,107.555937582476,711.477966420113,2.99257398265481,-107.559417784611,0.119157255888581,2.99486800644047,107.554501401893,711.468466146458,2.99210815190886,-107.558059407475,0.128657636233356,-3.99906207708689e-05,-0.00143618058240236,-0.00950027365433925,-0.000465830745945084,0.00135837713578724,0.00950038034477529,0.0096082991950892,0.00960829919508599
2100.97126326896,2623,other,common,True,True,valid,valid,2.98912635285133,107.650494497837,711.460965803408,2.9860716223832,-107.654110675074,0.135108256716421,2.98908575648729,107.649032459051,711.451303204722,2.985597909278,-107.652727769156,0.14477097817371,-4.05963640424112e-05,-0.0014620387859452,-0.00966259868607722,-0.000473713105201057,0.00138290591797841,0.00966272145728908,0.00977266692589913,0.00977266692593039
2100.92769920081,2624,other,common,True,True,valid,valid,2.98487188155998,107.745792820047,711.448886592468,2.98131552032204,-107.749504668124,0.146205268116546,2.98483065798883,107.744304760749,711.439060889739,2.98083386847727,-107.748097077497,0.156031109256332,-4.12235711455544e-05,-0.00148805929774198,-0.00982570272913108,-0.000481651844765452,0.00140759062712448,0.00982584113978646,0.00993782943995661,0.00993782943994586
2100.92114317417,2625,other,common,True,True,valid,valid,2.98425415070521,107.842865750611,711.44852887193,2.98071796587331,-107.846577275115,0.145741259231045,2.98421224830293,107.841351511235,711.43853930638,2.98022828968563,-107.845144846428,0.155730977038161,-4.19024022777492e-05,-0.00151423937614936,-0.0099895655500859,-0.00048967618767648,0.00143242868730908,0.00998971780711599,0.0101037664550929,0.0101037664550807
2100.93951771781,2626,other,common,True,True,valid,valid,2.98608629779039,107.941137415089,711.45606685461,2.98292178454195,-107.944783953194,0.1374896200482,2.98604367910436,107.939596833543,711.445912652853,2.98242401191022,-107.94332653069,0.147643986755952,-4.26186860238431e-05,-0.00154058154579673,-0.0101542017574729,-0.000497772631725013,0.00145742250349201,0.0101543667077522,0.0102704927429561,0.010270492742906
2100.96166230366,2627,other,common,True,True,valid,valid,2.9882889849794,108.039592809547,711.464797905139,2.98554925603743,-108.043164590389,0.128061237871066,2.98824564052429,108.038025719716,711.454478269338,2.98504334170358,-108.04168201449,0.138381051422584,-4.33444551082296e-05,-0.00156708983099918,-0.0103196358012383,-0.000505914333849944,0.001482575899729,0.0103198135515186,0.0104380329732382,0.0104380329732071
2100.97828624211,2628,other,common,True,True,valid,valid,2.98994921085496,108.137784930343,711.471779016332,2.98755636406169,-108.141296285186,0.120358845793589,2.98990514410568,108.136191163921,711.461293136374,2.98704227516447,-108.13978839422,0.130844916993283,-4.40667492767055e-05,-0.00159376642204734,-0.0104858799572867,-0.000514088897226372,0.00150789096579729,0.0104860711996935,0.0106063995665383,0.0106063995664893
2100.99196553696,2629,other,common,True,True,valid,valid,2.99132009998054,108.235837236938,711.477826122214,2.98923255622707,-108.239295814865,0.11357767940035,2.99127531104332,108.234216625316,711.467173188184,2.98871025654854,-108.237762446859,0.124230818709293,-4.4788937221707e-05,-0.00162061162200189,-0.0106529340304178,-0.000522299678529237,0.00153336800632076,0.0106531393089426,0.0107755923983184,0.0107755923982275
2100.99401605595,2630,other,common,True,True,valid,valid,2.99154819955822,108.33333029028,711.480188172459,2.98960190968407,-108.336766270497,0.11043115472944,2.9915027014899,108.331682662719,711.469367362614,2.98907137541377,-108.335207261443,0.121252185017852,-4.54980683173289e-05,-0.00164762756065784,-0.0108208098445175,-0.000530534270296812,0.00155900905426165,0.0108210302884117,0.010945623433321,0.0109456234334072
2100.96133595705,2631,other,common,True,True,valid,valid,2.98836318270342,108.429146821076,711.471546912195,2.98606830614148,-108.432650316741,0.118137425351506,2.98831702383489,108.427472002312,711.460557377261,2.98552954747315,-108.431065498331,0.1291271986114,-4.61588685234382e-05,-0.00167481876405873,-0.0109895349340832,-0.000538758668326977,0.00158481841015146,0.0109897732598938,0.0111165204358658,0.0111165204358077
2100.90305412561,2632,other,common,True,True,valid,valid,2.98266237881095,108.523723710976,711.454794819175,2.97965783953789,-108.527361147024,0.1338436162996,2.98261559602836,108.522021526442,711.443635716748,2.97911085553995,-108.525750351591,0.145002977140507,-4.67827825927358e-05,-0.00170218453439475,-0.0111591024270865,-0.000546983997942618,0.00161079543244114,0.0111593608409066,0.0112882765644755,0.0112882765645044
2100.86890526116,2633,other,common,True,True,valid,valid,2.97933324672332,108.61946389937,711.445686322556,2.97595931783158,-108.623172677536,0.142010810606052,2.97928580214564,108.617734181959,711.434356861453,2.97540403517629,-108.621535744456,0.153340549060431,-4.74445776799115e-05,-0.00172971741183403,-0.0113294611023775,-0.000555282655284373,0.00163693308077484,0.0113297384543785,0.011460840378569,0.0114608403785594
2100.88994187117,2634,other,common,True,True,valid,valid,2.98142701955563,108.71787408834,711.454056900636,2.97846182826779,-108.721511061059,0.132938020357983,2.98137882510512,108.716116675475,711.442556321515,2.97789812490823,-108.719847833974,0.144438892368385,-4.81944505064114e-05,-0.00175741286557241,-0.0115005791213889,-0.000563703359553358,0.00166322708508915,0.0115008720104015,0.0116341799372567,0.0116341799373133
2100.93922568485,2635,other,common,True,True,valid,valid,2.9862967472471,108.81765592221,711.471374247452,2.98413858424659,-108.821147818377,0.115040809639822,2.98624775369201,108.815870646241,711.459701759781,2.98356637554465,-108.819458136114,0.126713604084216,-4.89935550849196e-05,-0.0017852759691408,-0.0116724876713761,-0.000572208701939303,0.0016896822635033,0.0116727944443937,0.011808326684711,0.0118083266846426
2100.95105506107,2636,other,common,True,True,valid,valid,2.98748587982195,108.915625761751,711.476826074668,2.98560651962149,-108.919069755845,0.108846841260743,2.98743614165836,108.913812443319,711.464980813406,2.98502582122258,-108.91735344613,0.120692426189748,-4.97381635855554e-05,-0.00181331843197086,-0.011845261261783,-0.000580698398913171,0.00171630971519221,0.0118455849290058,0.0119833556227185,0.0119833556226648
2100.92437939346,2637,other,common,True,True,valid,valid,2.98489100889104,109.011727654141,711.470079068195,2.98274738579667,-109.015223650535,0.114684911333711,2.98484058495912,109.009886112887,711.458060164082,2.98215821749658,-109.013480540129,0.126704159217184,-5.0423931913901e-05,-0.00184154125449254,-0.0120189041136882,-0.000589168300088261,0.00174311040602504,0.0120192478834724,0.0121592710661018,0.012159271066054
2100.89773590863,2638,other,common,True,True,valid,valid,2.98229935003248,109.1078295106,711.46334107355,2.97989186429455,-109.111377435537,0.12051412303083,2.98224823805472,109.105959571905,711.451147697165,2.97929418661862,-109.109607356617,0.132707863754263,-5.1111977761753e-05,-0.00186993869529317,-0.0121933763848574,-0.000597677675926889,0.00177007892089875,0.0121937407234327,0.0123360330261078,0.0123360330260912
2100.87327612936,2639,other,common,True,True,valid,valid,2.97992232960443,109.204035985536,711.457293610357,2.9772817213386,-109.207630183832,0.125662273788294,2.97987052368368,109.202137474431,711.444924932219,2.97667549119322,-109.205832968223,0.138031337141001,-5.18059207537114e-05,-0.00189851110481243,-0.0123686781383867,-0.000606230145372422,0.0017972156096846,0.0123690633527076,0.0125136416426045,0.0125136416426293
2100.85247761011,2640,other,common,True,True,valid,valid,2.97790513107181,109.300419287958,711.452404668801,2.97508297448968,-109.304050271727,0.129667768498621,2.97785262263377,109.298492029015,711.439859858651,2.9744681460719,-109.302225750801,0.142212984928619,-5.25084380469387e-05,-0.00192725894279988,-0.0125448101499614,-0.00061482841778826,0.00182452092580832,0.0125452164299986,0.0126920977725215,0.0126920977725331
2100.8460137099,2641,other,common,True,True,valid,valid,2.97729657153525,109.397499954159,711.452055045198,2.97449494751881,-109.401130547827,0.129196018459425,2.9772433332876,109.395543773089,711.439333282423,2.97387145675861,-109.399278554017,0.141918207933486,-5.32382476476911e-05,-0.00195618107052553,-0.0127217627756409,-0.000623490760204959,0.00185199380945278,0.0127221894740615,0.0128713917977574,0.0128713917977906
2100.85971774161,2642,other,common,True,True,valid,valid,2.97866987380692,109.495564331463,711.45809248402,2.97617312201214,-109.499142226931,0.122424518461344,2.97861586718772,109.493579054311,711.445192952383,2.97554089377732,-109.49726259297,0.135324496065095,-5.40066191954125e-05,-0.001985277152869,-0.0128995316372311,-0.000632228234820786,0.00187963396139423,0.0128999776037517,0.0130515193961679,0.0130515193961097
2100.8826656267,2643,other,common,True,True,valid,valid,2.98095161129285,109.594081826523,711.46705685701,2.9788900337862,-109.597583053012,0.112766087290993,2.98089681567538,109.592067276752,711.45397872567,2.97824901020698,-109.59567560917,0.125844683523724,-5.47956174674624e-05,-0.00201454977052151,-0.0130781313391708,-0.000641023579220246,0.00190744384268271,0.0130785962327309,0.013232495330141,0.013232495330092
2100.89788328111,2644,other,common,True,True,valid,valid,2.98247375037258,109.692224332615,711.473571367269,2.98073828428221,-109.695668953679,0.105524035518101,2.98241817501909,109.690180330001,711.46031378362,2.98008843637186,-109.693733526714,0.11878210399243,-5.55753534885461e-05,-0.00204400261408466,-0.013257583648965,-0.000649847910352719,0.00193542696564464,0.0132580684743289,0.0134143415610161,0.0134143415610282
2100.90551323444,2645,other,common,True,True,valid,valid,2.98325025743703,109.78999779635,711.477681038406,2.98173384389709,-109.793405506844,0.100653962909746,2.98319391190035,109.787924159942,711.464243147409,2.98107514285012,-109.791441922809,0.11409235968415,-5.63455366799914e-05,-0.00207363640798519,-0.0134378909962152,-0.000658701046972965,0.00196358403479735,0.0134383967744043,0.0135970606087561,0.013597060608724
2100.910037525,2646,other,common,True,True,valid,valid,2.9837215772188,109.887620598691,711.480805615607,2.98238036166017,-109.8909994662,0.0967555306593795,2.98366446330176,109.885517147586,711.467186564816,2.98171277104487,-109.889007551176,0.110375108857397,-5.71139170362223e-05,-0.00210345110419041,-0.013619050790453,-0.000667590615307745,0.00199191502332496,0.0136195781980177,0.0137806499476686,0.0137806499477243
2100.89374601841,2647,other,common,True,True,valid,valid,2.98214725098622,109.984224724996,711.477334856267,2.98068761989007,-109.987628763416,0.0993623366344991,2.98208940392765,109.98209127438,711.463533770139,2.98001113564169,-109.985608339761,0.113163973980249,-5.78470585623769e-05,-0.00213345061565917,-0.013801086127387,-0.000676484248380405,0.00202042365499722,0.0138016373457504,0.0139651328710898,0.013965132871104
2100.84046848118,2648,other,common,True,True,valid,valid,2.97693829323414,110.079014670752,711.462146776759,2.97483860952125,-110.082539841691,0.113526414963189,2.97687978054879,110.076851032103,711.448162758069,2.97415325884643,-110.080490728232,0.127511012316745,-5.85126853476226e-05,-0.00216363864961977,-0.0139840186898255,-0.000685350674814345,0.00204911345946357,0.0139845973535557,0.0141505312500225,0.014150531250038
2100.78435470164,2649,other,common,True,True,valid,valid,2.97145084599292,110.173661611943,711.446059656758,2.96867108397985,-110.177315278421,0.128577302158646,2.97139167220888,110.171467602082,711.431891845251,2.96797683281897,-110.175237299026,0.142745720584344,-5.91737840403006e-05,-0.00219400986152607,-0.0141678115077184,-0.000694251160879844,0.00207797939496857,0.0141684184256974,0.0143368080034375,0.0143368080033855
2100.75806808472,2650,other,common,True,True,valid,valid,2.96889450165951,110.269769389104,711.439419404593,2.96585521996193,-110.273474183949,0.134310405443443,2.96883460780874,110.26754483006,711.425066975973,2.96515197243491,-110.271367167402,0.148663467196229,-5.98938507656577e-05,-0.00222455904312824,-0.0143524286197589,-0.000703247527013673,0.00210701654772549,0.0143530617527858,0.014523927068634,0.0145239270686658
2100.75408385694,2651,other,common,True,True,valid,valid,2.96852968239785,110.366971894185,711.439842045511,2.96554530992576,-110.370669974221,0.133077108313501,2.9684690221305,110.364716605966,711.425304164595,2.96483298226974,-110.368533747367,0.147615647108182,-6.06602673447476e-05,-0.00225528821921728,-0.0145378809158956,-0.000712327656025025,0.00213622685336645,0.0145385387946817,0.0147118994743893,0.0147118994743387
2100.7262506187,2652,other,common,True,True,valid,valid,2.96582141941029,110.463001373814,711.432709411781,2.96255560561054,-110.466754614756,0.139295921026019,2.96576003704421,110.460715167253,711.417985186403,2.9618342020848,-110.464588995739,0.154020831635307,-6.13823660802204e-05,-0.00228620656129408,-0.0147242253781315,-0.000721403525737685,0.00216561901667944,0.0147249106092886,0.014900782570784,0.0149007825708548
2100.65995854139,2653,other,common,True,True,valid,valid,2.9593343512514,110.557135417825,711.413394704718,2.95524476555159,-110.56104358779,0.157530486710812,2.95927232253195,110.554818100239,711.398483222394,2.95451432090049,-110.558848391402,0.172442685639339,-6.20287194443847e-05,-0.00231731758614728,-0.0149114823238961,-0.000730444651104278,0.002195196388044,0.0149121989285277,0.0150905968554252,0.0150905968554723
2100.60377705097,2654,other,common,True,True,valid,valid,2.95384099342712,110.651762823076,711.397281807838,2.94907017409236,-110.655799700206,0.172607019161887,2.95377829736616,110.649414209971,711.382182211264,2.94833062889721,-110.653574748975,0.187707363395248,-6.26960609606542e-05,-0.00234861310501344,-0.0150995965749416,-0.000739545195145297,0.00222495123061606,0.0151003442333604,0.0152812869562446,0.0152812869562829
2100.59473273158,2655,other,common,True,True,valid,valid,2.95297903613998,110.748711091011,711.396096597914,2.94819154343191,-110.752754421362,0.172959726321665,2.95291557403162,110.746331004116,711.380808072117,2.94744276253197,-110.750499543694,0.188249027024085,-6.34621083626108e-05,-0.00238008689471769,-0.0152885257966773,-0.000748780899940016,0.00225487766789456,0.0152893007024204,0.0154728104137959,0.0154728104138297
2100.62879610062,2656,other,common,True,True,valid,valid,2.95635251217092,110.847787379753,711.40856269319,2.95215608559165,-110.851725362433,0.159847514770377,2.9562881901425,110.84537563944,711.39308441663,2.95139793835987,-110.84944038543,0.175326589897168,-6.4322028424435e-05,-0.00241174031216929,-0.0154782765595201,-0.000758147231778139,0.00228497700297225,0.015479075126791,0.0156651739189091,0.0156651739189198
2100.65747913718,2657,other,common,True,True,valid,valid,2.95919747062693,110.946601495108,711.419323791853,2.95551620665011,-110.950448093507,0.148417012495088,2.95913229472273,110.94415791196,711.40365488224,2.95474865955264,-110.948132834978,0.164086745242457,-6.51759042029632e-05,-0.002443583147965,-0.0156689096135096,-0.000767547097467514,0.00231525852889547,0.0156697327473694,0.0158584386045992,0.0158584386046179
2100.64062204957,2658,other,common,True,True,valid,valid,2.95756785615363,111.043166537248,711.415660062923,2.95375957797317,-111.047039887234,0.151214432152074,2.95750191940467,111.040690913441,711.399799586319,2.95298268206028,-111.044694157007,0.167075761271576,-6.59367489652674e-05,-0.00247562380725697,-0.0158604766040753,-0.000776895912892428,0.00234573022787288,0.0158613291195024,0.0160526564467798,0.0160526564467879
2100.58278074861,2659,other,common,True,True,valid,valid,2.95191143701118,111.137702172426,711.399014859594,2.94739822224095,-111.141708589333,0.166816168790774,2.95184482606569,111.135194310121,711.382961884423,2.94661202229218,-111.139332197199,0.182870030390518,-6.66109454967589e-05,-0.00250786230549238,-0.0160529751709646,-0.000786199948770161,0.00237639213463581,0.0160538615997439,0.0162478251529543,0.016247825152947
2100.59156405926,2660,other,common,True,True,valid,valid,2.95280110990481,111.235534140303,711.403469203147,2.94852228758549,-111.239500823696,0.161606369532933,2.95273367697382,111.23299386149,711.387222927405,2.94772659998688,-111.237093598216,0.177853559624509,-6.74329309884314e-05,-0.00254027881253194,-0.016246275742219,-0.000795687598611039,0.00240722548021211,0.0162471900915762,0.0164438146163776,0.0164438146164136
2100.57542401552,2661,other,common,True,True,valid,valid,2.95124202289749,111.332131747828,711.400028792191,2.9468461261512,-111.336123353964,0.164183594200381,2.95117381953487,111.329558856248,711.383588299086,2.94604096128561,-111.333685106387,0.180625032538842,-6.82033626189238e-05,-0.002572891580499,-0.0164404931057334,-0.000805164865582242,0.00243824757657762,0.016441438338461,0.016640740258274,0.0166407402582599
2100.57933044434,2662,other,common,True,True,valid,valid,2.95165254735108,111.429723478412,711.402935947311,2.94742216357239,-111.433688022102,0.160499890694041,2.95158352537715,111.427117785721,711.386300373133,2.94660743456877,-111.431218571162,0.177136439476385,-6.90219739327702e-05,-0.00260569269109112,-0.0166355741785083,-0.000814729003622006,0.00246945094025364,0.0166365487823441,0.016838548829455,0.0168385488294858
2100.64654120803,2663,other,common,True,True,valid,valid,2.95828309981734,111.530460684479,711.425891567588,2.95511076988406,-111.53423397296,0.137041277913795,2.95821311045516,111.527822010105,711.409060100583,2.95428629170398,-111.531733144733,0.153873742867972,-6.99893621773917e-05,-0.00263867437404031,-0.0168314670054315,-0.000824478180085464,0.0025008282263741,0.0168324649541773,0.0170371882221793,0.0170371882222647
2100.67284777761,2664,other,common,True,True,valid,valid,2.960894742887,111.629170884542,711.435891164046,2.95820367686881,-111.632859024766,0.126361891785791,2.96082387351417,111.626499026872,711.418862860174,2.95736949446106,-111.630326625373,0.143391221533534,-7.08693728284082e-05,-0.00267185767036437,-0.0170283038718253,-0.000834182407750461,0.00253239939260652,0.0170293297477428,0.0172367914250278,0.0172367914250429
2100.6681702435,2665,other,common,True,True,valid,valid,2.96046189937298,111.726342240458,711.436075744581,2.95781514075318,-111.730025615329,0.125363617275866,2.96039021740223,111.723636998955,711.418849669155,2.9569712795408,-111.727461451891,0.142590750194131,-7.16819707524685e-05,-0.00270524150251106,-0.0172260754258104,-0.000843861212381114,0.0025641634379383,0.0172271329182649,0.0174373491238648,0.0174373491238143
2100.65234273672,2666,other,common,True,True,valid,valid,2.95893345853358,111.822958544674,711.432727410762,2.95617372415616,-111.826666088053,0.127850079519476,2.95886098688308,111.820219721891,711.415302651233,2.95532016610456,-111.824069970596,0.145275929853142,-7.24716505056122e-05,-0.00273882278318638,-0.0174247595297174,-0.000853558051602477,0.00259611745642019,0.0174258503336659,0.0176388391637972,0.0176388391637973
2100.65565657616,2667,other,common,True,True,valid,valid,2.9592858667167,111.920528299798,711.435440504278,2.95668300685398,-111.924210369772,0.124357814067935,2.95921255661862,111.917755703545,711.417816183995,2.95581966392376,-111.921582113288,0.14198325694565,-7.33100980840895e-05,-0.00277259625356407,-0.0176243202829482,-0.00086334293022361,0.00262825648317744,0.0176254428777156,0.017841225568657,0.0178412255686695
2100.66872006655,2668,other,common,True,True,valid,valid,2.96059630880993,112.018585438699,711.441240398201,2.95828774600477,-112.02221675491,0.117820857455968,2.96052213268586,112.015778874202,711.423415626361,2.95741455069004,-112.019556171924,0.135646783115817,-7.41761240670158e-05,-0.00280656449734806,-0.0178247718397415,-0.00087319531473895,0.00266058298601024,0.0178259256598494,0.0180445226457781,0.0180445226457672
2100.66948607564,2669,other,common,True,True,valid,valid,2.96069839188261,112.116030308793,711.443143899739,2.95851066116476,-112.119642781917,0.115127157942652,2.96062337537784,112.113189576098,711.425117754914,2.95762759775687,-112.116949680023,0.133154489641015,-7.50165047644913e-05,-0.00284073269499174,-0.0180261448246029,-0.000883063407890461,0.0026931018945362,0.018027331698363,0.0182487612444773,0.0182487612445205
2100.64924621582,2670,other,common,True,True,valid,valid,2.95873639457883,112.212426077196,711.438392666643,2.95637323034766,-112.216074208296,0.118997456575585,2.95866058592367,112.209550973781,711.420164213485,2.95548030507616,-112.213348392633,0.137227132506837,-7.58086551568837e-05,-0.002875103415235,-0.0182284531579171,-0.000892925271500644,0.00272581566348151,0.0182296759312521,0.0184539554332092,0.0184539554331921
2100.63511434197,2671,other,common,True,True,valid,valid,2.95737459962579,112.309126297409,711.435574795197,2.95492207355425,-112.312794252617,0.120960781511485,2.95729798083071,112.306216625454,711.417143130663,2.95401922794342,-112.310035532762,0.139393704594227,-7.66187950840269e-05,-0.0029096719552939,-0.0184316645336366,-0.000902845610838199,0.00275871985463993,0.0184329230827416,0.0186600728510824,0.0186600728510813
2100.64957356453,2672,other,common,True,True,valid,valid,2.95882221601229,112.407257353778,711.441811482812,2.95668343299795,-112.410870977793,0.113993021380452,2.95874471160324,112.404312919331,711.423175730764,2.95577055235114,-112.408079166973,0.132630065052467,-7.75044090515209e-05,-0.00294443444663273,-0.0186357520485672,-0.000912880646808389,0.00279181081977242,0.0186370436720154,0.018867086567873,0.0188670865679183
2100.68084907532,2673,other,common,True,True,valid,valid,2.96192232254682,112.50623299379,711.453373479105,2.96033436388194,-112.509748673138,0.101772554872241,2.96184388481646,112.5032535998,711.434532746029,2.9594113604624,-112.50692358162,0.120614611194924,-7.84377303570949e-05,-0.00297939399014524,-0.0188407330758764,-0.000923003419543988,0.00282509151749366,0.0188420563226828,0.0190750141248304,0.019075014124814
2100.6974593699,2674,other,common,True,True,valid,valid,2.96358142608724,112.604476540984,711.460289176491,2.96233744078235,-112.607932327991,0.0941350380803669,2.96350208743346,112.601461983159,711.441242525347,2.96140430492665,-112.60507375916,0.113183046244558,-7.93386537782936e-05,-0.00301455782503979,-0.0190466511440945,-0.000933135855703426,0.00285856883056113,0.0190480081641908,0.0192838993283861,0.0192838993283862
2100.67516976595,2675,other,common,True,True,valid,valid,2.96141797464014,112.700769548001,711.454881868752,2.95996934589278,-112.704266366092,0.0986525516855181,2.96133783212695,112.697719616182,711.435628327799,2.95902613098299,-112.70137411775,0.117907488489436,-8.01425131897737e-05,-0.00304993181893565,-0.0192535409531729,-0.000943214909788992,0.00289224834229174,0.0192549368039181,0.0194937771136864,0.0194937771137976
2100.63551932573,2676,other,common,True,True,valid,valid,2.95754861824783,112.796189125362,711.443974389362,2.9556504786566,-112.799772020152,0.108595297670945,2.95746771522374,112.793103613006,711.424513012247,2.95469718555121,-112.796845893507,0.128058112116264,-8.09030240866981e-05,-0.00308551235620769,-0.019461377115249,-0.000953293105389719,0.0029261266450078,0.0194628144453191,0.019704622072538,0.019704622072507
2100.62035545707,2677,other,common,True,True,valid,valid,2.95608544877539,112.892837179982,711.440821696343,2.95408303899093,-112.896442640986,0.110888984741791,2.95600371813182,112.889715888532,711.421151589634,2.95311956057445,-112.893482444801,0.130560567953012,-8.17306435685339e-05,-0.00312129145008555,-0.0196701067088725,-0.000963478416480257,0.00296019618538423,0.0196715832112204,0.019916381151025,0.0199163811509761
2100.63527491689,2678,other,common,True,True,valid,valid,2.95757835555879,112.990998509676,711.447196304082,2.95589582957615,-112.994548509661,0.103785227740559,2.9574957129641,112.98784124107,711.427316579788,2.95492204177107,-112.991554053148,0.123666464632151,-8.26425946871545e-05,-0.00315726860644361,-0.0198797242936735,-0.000973787805072845,0.00299445651380381,0.0198812368915924,0.0201290489801223,0.0201290489800682
2100.6626868844,2679,other,common,True,True,valid,valid,2.9602988914569,113.089791047237,711.457526709177,2.95911236158868,-113.093253188691,0.092779578184718,2.96021529804668,113.086597598994,711.437436453745,2.958128184593,-113.090224276852,0.112871381279433,-8.3593410222349e-05,-0.00319344824343659,-0.0200902554324784,-0.000984176995686425,0.00302891183906695,0.020091803094715,0.0203426513238558,0.0203426513238683
2100.68429389596,2680,other,common,True,True,valid,valid,2.96244907716614,113.18829401176,711.466017291098,2.9616766352341,-113.191683362484,0.0835886757448634,2.96236454349747,113.185064176751,711.445715564044,2.96068203741035,-113.188619795895,0.103891986716576,-8.45336686694509e-05,-0.00322983500949192,-0.0203017270537202,-0.000994597823741117,0.00306356658900597,0.0203033109717126,0.0205572153146635,0.0205572153145879
2100.67772346735,2681,other,common,True,True,valid,valid,2.96183033701404,113.285377767621,711.465581163635,2.96107456596902,-113.288767436134,0.0832028588267804,2.96174493654114,113.282111333108,711.445066991597,2.96006957703962,-113.285669010031,0.103718655058287,-8.5400472896513e-05,-0.00326643451271025,-0.0205141720380198,-0.00100498892940237,0.00309842610249689,0.020515796231507,0.0207727740581769,0.0207727740582131
2100.63579019904,2682,other,common,True,True,valid,valid,2.9577366066272,113.380675810683,711.453942405543,2.95649876381846,-113.384157545143,0.0938670731798084,2.95765043549663,113.377372561504,711.433214802407,2.95548343560361,-113.381024052442,0.114596345826726,-8.61711305657487e-05,-0.00330324917948133,-0.0207276031359243,-0.00101532821484795,0.00313349270146546,0.0207292726469177,0.0209893404461852,0.0209893404461468
2100.60868826509,2683,other,common,True,True,valid,valid,2.9551003728737,113.476720532635,711.447000404141,2.95358955723154,-113.480255867253,0.0998985515553841,2.95501338736588,113.473380263637,711.42605844928,2.95256380476129,-113.477087110342,0.120842220010445,-8.69855078202697e-05,-0.00334026899794537,-0.020941954860632,-0.00102575247025527,0.00316875691031271,0.020943668455061,0.0212068488192365,0.0212068488192472
2100.61683812737,2684,other,common,True,True,valid,valid,2.95592813759186,113.574546768226,711.451222920621,2.95464139483683,-113.578044266919,0.0949176140943564,2.95584023393115,113.571169277989,711.430065719228,2.95360507430271,-113.57484005171,0.116076569238658,-8.7903660709987e-05,-0.00337749023645983,-0.0211572013934074,-0.00103632053411928,0.00320421520888203,0.0211589551443012,0.0214252733506984,0.0214252733507141
2100.63672530651,2685,other,common,True,True,valid,valid,2.95790930519404,113.672968621429,711.459161967698,2.95701209639107,-113.676397846166,0.0862707704483228,2.95782044484329,113.669553702707,711.437788590708,2.95596512762184,-113.673157973023,0.107645940351858,-8.88603507576136e-05,-0.00341491872170252,-0.0213733769900273,-0.00104696876923072,0.00323987314328633,0.0213751699035356,0.0216446485301933,0.0216446485301413
2100.63413789868,2686,other,common,True,True,valid,valid,2.95768200318606,113.770254025834,711.459980890502,2.95685733872834,-113.773673289601,0.0846470815399698,2.95759224701211,113.766801463084,711.438390359224,2.95579973863206,-113.770397550998,0.106239448367887,-8.97561739461317e-05,-0.00345256274991357,-0.021590531278207,-0.00105760009628142,0.00327573860326424,0.0215923668279174,0.0218650242759547,0.0218650242760423
2100.60537922382,2687,other,common,True,True,valid,valid,2.95488296519226,113.866212582393,711.452508745697,2.95376172358801,-113.869689788182,0.0912015689838199,2.95479238701113,113.86272215839,711.430700073421,2.95269352164929,-113.866377974977,0.113012123504063,-9.05781811293416e-05,-0.00349042400300448,-0.0218086722760518,-0.00106820193872181,0.00331181320512997,0.0218105545202434,0.0220864087296209,0.0220864087295348
2100.56333822012,2688,other,common,True,True,valid,valid,2.95077883582138,113.961495168988,711.440828432021,2.94917366665794,-113.965064781355,0.101906956625271,2.95068747316833,113.957966668506,711.41880064709,2.94809485679171,-113.961716686282,0.123936672928608,-9.13626530509859e-05,-0.00352850048193432,-0.0220277849309696,-0.00107880986623599,0.00334809507306488,0.0220297163033365,0.0223087868731232,0.0223087868731417
2100.51262259483,2689,other,common,True,True,valid,valid,2.94582248611437,114.05633418721,711.426399730255,2.94361102845769,-114.060018715297,0.115323353297754,2.94573036377751,114.052767395223,711.404151864759,2.94252159201235,-114.056634131258,0.137573201159171,-9.21223368588464e-05,-0.00356679198711163,-0.0222478654960696,-0.00108943644534065,0.00338458403813036,0.022249847861417,0.0225321550397532,0.0225321550397606
2100.54292291403,2690,other,common,True,True,valid,valid,2.94882671166286,114.155288453069,711.43762979115,2.94715130499936,-114.158877753941,0.103430359949357,2.94873358112533,114.151683173947,711.415161000894,2.94605095583859,-114.155456492224,0.12590117316131,-9.31305375364566e-05,-0.00360527912143027,-0.0224687902561982,-0.00110034916076529,0.00342126171642576,0.0224708132119531,0.0227563891339876,0.0227563891339194
2100.52518290281,2691,other,common,True,True,valid,valid,2.94711053693031,114.251801470614,711.433642782436,2.94529370966346,-114.255420170712,0.106547274058698,2.94701654063443,114.248157478982,711.41095203964,2.94418254398759,-114.25196201436,0.129240087556241,-9.39962958783624e-05,-0.00364399163217399,-0.0226907427959304,-0.00111116567586578,0.00345815635172642,0.0226928134975424,0.0229816735454592,0.0229816735453807
2100.52514356375,2692,other,common,True,True,valid,valid,2.94713363496994,114.349215074255,711.435260795841,2.94542492543898,-114.352817268902,0.104135485962843,2.94703871482415,114.345532158748,711.412347162785,2.94430284315288,-114.349322014232,0.127051235621479,-9.49201457935978e-05,-0.00368291550728372,-0.022913633055623,-0.001122082286102,0.0034952546695024,0.0229157496586367,0.0232079179651171,0.0232079179651853
2100.52079564333,2693,other,common,True,True,valid,valid,2.94673338077308,114.446409713093,711.435512834609,2.94507197478432,-114.450006589493,0.103071091924221,2.94663754632789,114.442687656578,711.412375340018,2.94393894186258,-114.44647402733,0.126210750216728,-9.58344451902349e-05,-0.0037220565153433,-0.0231374945918787,-0.00113303292174294,0.00353256216349962,0.0231396582925072,0.0234351561747199,0.0234351561747461
2100.50781589746,2694,other,common,True,True,valid,valid,2.94548497510054,114.543164278842,711.433029605806,2.94374909636273,-114.546778238634,0.104704753597389,2.94538825002979,114.539402862382,711.409667269653,2.94260509249674,-114.543208158068,0.12806930238321,-9.6725070749315e-05,-0.00376141646025019,-0.0233623361531272,-0.00114400386598845,0.00357008056596442,0.0233645487858212,0.0236633970523775,0.0236633970523653
2100.50169253349,2695,other,common,True,True,valid,valid,2.94491028154864,114.640268446838,711.432716673567,2.94319655280104,-114.643881715439,0.104197674386683,2.94481264062107,114.636467454251,711.409128535487,2.94204150970735,-114.640273908157,0.127788073674424,-9.76409275645906e-05,-0.00380099258626387,-0.023588138080413,-0.00115504309369641,0.00360780728215104,0.0235903992877411,0.0238926209632221,0.0238926209631445
2100.51716631651,2696,other,common,True,True,valid,valid,2.94645772632329,114.738476379519,711.439242876655,2.94507063111039,-114.742032944803,0.0969445399988444,2.94635909591732,114.734635597279,711.41542799524,2.94390443301355,-114.738387204989,0.120761728669436,-9.86304059669152e-05,-0.0038407822397204,-0.0238148814146371,-0.00116619809683982,0.00364573981363492,0.0238171886705913,0.0241228089774628,0.0241228089774044
2100.48113834858,2697,other,common,True,True,valid,valid,2.94294463936114,114.834052272604,711.429455673985,2.94115789122963,-114.837685740405,0.105782843871566,2.942845182895,114.830171469385,711.405412999645,2.93998065430609,-114.834001845332,0.129827879636537,-9.94564661325192e-05,-0.00388080321931739,-0.0240426743397393,-0.00117723692353167,0.00368389507308109,0.0240450357649706,0.0243540697753471,0.0243540697753438
2100.50151824951,2698,other,common,True,True,valid,valid,2.94497415354264,114.93251307942,711.437533084896,2.94358310009003,-114.936077139515,0.0969996259690333,2.94487368296959,114.92859204825,711.413261721921,2.9423945963023,-114.93235488955,0.121273396883453,-0.000100470573044298,-0.00392103116988096,-0.0242713629755826,-0.0011885037877235,0.00372224996561954,0.0242737709144194,0.0245862490116673,0.0245862490117078
2100.52744072676,2699,other,common,True,True,valid,valid,2.94754835773502,115.031260286689,711.44736488779,2.94663110671639,-115.0347405706,0.0864858806316988,2.94744684924079,115.027298807994,711.422863864576,2.94543126869221,-115.030979754127,0.110989358020788,-0.00010150849423729,-0.00396147869508923,-0.0245010232144978,-0.00119983802417067,0.00376081647328874,0.0245034773890893,0.0248194229583084,0.0248194229583932
2100.53607115149,2700,other,common,True,True,valid,valid,2.94842345126384,115.129123744594,711.451718453897,2.94773610676777,-115.132565118753,0.0813758441281607,2.94832095731262,115.1251215926,711.4269867629,2.94652494172547,-115.128765518253,0.106110038686211,-0.000102493951217753,-0.00400215199337595,-0.0247316909969868,-0.00121116504230656,0.00379960050021566,0.0247341945580501,0.025053627784386,0.0250536277843434
2100.51630398631,2701,other,common,True,True,valid,valid,2.94650810834932,115.225531249552,711.447076035468,2.94565015979072,-115.229007390696,0.085139433818199,2.94640472073229,115.221488194974,711.422112649953,2.9444277133755,-115.225168785293,0.110105377202103,-0.000103387617029327,-0.00404305457809073,-0.0249633855156617,-0.00122244641521974,0.00383860540253522,0.0249659433839042,0.0252888828484835,0.0252888828484527
2100.50608819723,2702,other,common,True,True,valid,valid,2.94553132781634,115.322428278721,711.445457619981,2.94463740643099,-115.325914420388,0.0859201754099104,2.94542701094404,115.318344100457,711.420261566471,2.9434035994228,-115.322036596958,0.11111884030106,-0.000104316872301169,-0.00408417826373864,-0.0251960535102853,-0.00123380700818387,0.00387782343094045,0.0251986648911497,0.0255251348006823,0.025525134800652
2100.51749742031,2703,other,common,True,True,valid,valid,2.94667948845584,115.420436717822,711.450687351651,2.94605448126394,-115.423876773873,0.0799459223184158,2.9465741640592,115.416311196908,711.425257672352,2.94480919250885,-115.419959521295,0.105378263804027,-0.000105324396645123,-0.00412552091445662,-0.0254296792988953,-0.00124528875508645,0.00391725257796338,0.0254323414856117,0.0257623680062375,0.0257623680061416
2100.54015281796,2704,other,common,True,True,valid,valid,2.94893278986173,115.51902542007,711.459478017536,2.94873523421519,-115.52239022647,0.0704591628145863,2.94882641382692,115.514858334298,711.433813737069,2.94747837589169,-115.518433330529,0.0961261551058215,-0.00010637603480923,-0.00416708577132852,-0.0256642804675948,-0.00125685832350086,0.00395689594067505,0.0256669922912351,0.0260006002162596,0.0260006002163221
2100.54848664999,2705,other,common,True,True,valid,valid,2.94977881532647,115.616879276995,711.463731154779,2.9498066953534,-115.620205995929,0.0654482280959883,2.94967143252379,115.612670397174,711.437831257111,2.9485382667122,-115.616209235756,0.0913508900540592,-0.000107382802684075,-0.00420887982171791,-0.0258998976677276,-0.00126842864119681,0.00399676017346451,0.0259026619580709,0.0262398723247416,0.0262398723246912
2100.54326346517,2706,other,common,True,True,valid,valid,2.94929264596341,115.714035807565,711.463688786538,2.94935472030079,-115.717359619113,0.0646744007570987,2.94918429990966,115.709784903823,711.437552254047,2.94807471916899,-115.713322773174,0.0908137527784447,-0.000108346053749653,-0.00425090374139359,-0.0261365324907956,-0.00128000113180349,0.00403684593906917,0.026139352021346,0.0264801860289608,0.0264801860289735
2100.53758224845,2707,other,common,True,True,valid,valid,2.94876147425715,115.811168904937,711.463500016073,2.94885122461062,-115.81449100812,0.0640450005691946,2.94865216277452,115.806875749763,711.437125848239,2.94755960393312,-115.810413857099,0.0904220438994798,-0.000109311482630048,-0.00429315517331474,-0.026374167833751,-0.00129162067749888,0.00407715102053885,0.0263770433302852,0.0267215242691217,0.0267215242691462
2100.52259886265,2708,other,common,True,True,valid,valid,2.94731621807058,115.907821941606,711.460363471398,2.94730240509848,-115.91116647867,0.0663233173514755,2.94720597103656,115.90348630449,711.43375065177,2.94599914912898,-115.907048800384,0.0929390706106688,-0.000110247034021516,-0.0043356371164549,-0.0266128196275304,-0.00130325596949632,0.00411767828629195,0.0266157532591933,0.0269639031325503,0.0269639031326269
2100.47870957851,2709,other,common,True,True,valid,valid,2.94303057122249,116.002980887355,711.44806995886,2.94250551278583,-116.006422853887,0.0776341519853077,2.94291949102991,115.99860253207,711.421217438404,2.94119067675967,-116.002264420703,0.10448966963736,-0.000111080192574775,-0.00437835528525454,-0.0268525204564867,-0.001314836026161,0.00415843318393172,0.0268555176520522,0.0272073554150185,0.0272073554150454
2100.43972313404,2710,other,common,True,True,valid,valid,2.93922681649581,116.098390258032,711.437328422463,2.93825960741873,-116.101916943438,0.087414147672348,2.93911488376466,116.093968955861,711.410235200951,2.93693312710854,-116.097717534834,0.114510429909501,-0.000111932731150954,-0.00442130217065539,-0.0270932215119046,-0.00132648031018334,0.00419940860413703,0.027096282237153,0.0274518322469317,0.027451832246924
2100.42448681593,2711,other,common,True,True,valid,valid,2.9377568045757,116.195025995417,711.434108062769,2.93668229802664,-116.19857580127,0.0897752256373678,2.93764392936171,116.19056152157,711.406773166611,2.93534403990564,-116.194335200431,0.117113242851701,-0.000112875213992503,-0.00446447384740623,-0.0273348961575266,-0.00133825812100241,0.00424060083977906,0.0273380172143334,0.0276973070079181,0.0276973070079376
2100.50216162205,2712,other,common,True,True,valid,valid,2.94541643008034,116.296473331896,711.460314524026,2.94554475486057,-116.299805252127,0.0631094106030332,2.9453022606155,116.291965478274,711.432737084539,2.94419432854386,-116.29552325807,0.0906900165290381,-0.000114169464839442,-0.00450785362212969,-0.027577439486663,-0.00135042631671212,0.0042819940566261,0.0275806059260049,0.0279436745541063,0.0279436745540637
2100.52213639021,2713,other,common,True,True,valid,valid,2.9474064375869,116.394937041846,711.468244367777,2.94792389073388,-116.398200762043,0.0544718143106593,2.94729118290246,116.390385561749,711.440423281772,2.94656145555979,-116.393877137106,0.0822961223706216,-0.000115254684437183,-0.00455148009712047,-0.0278210860049057,-0.0013624351740873,0.00432362493640426,0.0278243080599623,0.0281911702703015,0.0281911702703164
2100.48082959652,2714,other,common,True,True,valid,valid,2.94337451558404,116.490223626541,711.456762015576,2.94341683351338,-116.493578132958,0.0649826459764427,2.9432584041111,116.485628271319,711.428696170698,2.94204256778953,-116.489212637605,0.0930517796338108,-0.000116111472944436,-0.00459535522146837,-0.0280658448785971,-0.00137426572384669,0.00436549535308473,0.0280691336573682,0.028439803449305,0.0284398034492636
2100.46754926443,2715,other,common,True,True,valid,valid,2.94209667954898,116.586962601799,711.454155735967,2.94205903920072,-116.590335199244,0.0667380406835036,2.94197960186414,116.582323144585,711.425844155996,2.94067278982228,-116.585927614604,0.0950529721005751,-0.000117077684841149,-0.00463945721395476,-0.0283115799705911,-0.00138624937844156,0.00440758464041835,0.0283149314170714,0.0286894376183218,0.0286894376183142
2100.44500097632,2716,other,common,True,True,valid,valid,2.93990816028318,116.683219433766,711.448612656034,2.93965980947324,-116.68663417474,0.0713903591621374,2.93979014904512,116.67853563739,711.420054304201,2.93826156256008,-116.682184272136,0.0999521274367225,-0.000118011238064764,-0.00468379637595717,-0.0285583518333397,-0.00139824691315482,0.00444990260382383,0.0285617682745851,0.0289401336310072,0.0289401336310799
2100.32644450665,2717,other,common,True,True,valid,valid,2.92828622084048,116.77448178058,711.412660911678,2.92647330851326,-116.778187713214,0.106038290271613,2.92816764958629,116.769753384612,711.383854611649,2.92506338446473,-116.773695241853,0.134848089371189,-0.000118571254184907,-0.00472839596858421,-0.0288063000285774,-0.00140992404852369,0.00449247136141651,0.0288097990995766,0.0291920315996414,0.0291920315996286
2100.21972008049,2718,other,common,True,True,valid,valid,2.91782784115847,116.866350890025,711.380458368774,2.91461728504301,-116.870317308516,0.136988041839459,2.91770866689704,116.861577660824,711.351403110774,2.91319559561498,-116.86578204303,0.166046880478916,-0.000119174261432153,-0.00477322920055201,-0.0290552579996302,-0.00142168942802812,0.00453526548596983,0.0290588386394575,0.0294449645428665,0.0294449645428895
2100.16796812415,2719,other,common,True,True,valid,valid,2.91277071778251,116.961075076858,711.365664710126,2.90893759201159,-116.965159401918,0.150765444005515,2.91265072434702,116.956256791254,711.336359550788,2.90750387893507,-116.960581126865,0.18007425671999,-0.000119993435489629,-0.00481828560393183,-0.0293051593374685,-0.00143371307651563,0.00457827505343289,0.0293088127144756,0.0296988659443426,0.0296988659443903
2100.19232819974,2720,other,common,True,True,valid,valid,2.91519094547279,117.059763111606,711.374971969378,2.91180826957843,-117.063767955611,0.140769288331285,2.91506982608517,117.054899551349,711.345415997717,2.91036218551565,-117.059146460204,0.170328973210985,-0.000121119387616719,-0.00486356025653834,-0.0295559716610114,-0.00144608406277769,0.00462149540682333,0.0295596848797004,0.0299537034288174,0.0299537034287765
2100.2716460824,2721,other,common,True,True,valid,valid,2.92301069369838,117.161321393573,711.401682479705,2.92085329689989,-117.16510422283,0.113606208846363,2.92288821955278,117.156412334305,711.371874749807,2.91939457084105,-117.16043929046,0.143417702413899,-0.000122474145607399,-0.00490905926783114,-0.0298077298974704,-0.00145872605883568,0.00466493236950782,0.0298114935675358,0.0302095121518367,0.0302095121518709
2100.3534963131,2722,other,common,True,True,valid,valid,2.93107988613657,117.263019741333,711.429195628543,2.93018350598167,-117.266573981926,0.085651346118425,2.9309560371495,117.2580649442,711.399135108641,2.92871207158075,-117.261865382193,0.115715680126186,-0.000123848987071185,-0.00495479713282521,-0.0300605199020083,-0.00147143440091924,0.00470859973337667,0.0300643340077613,0.0304663783534914,0.0304663783534505
2100.37050756812,2723,other,common,True,True,valid,valid,2.93277855149409,117.36133701233,711.436172933082,2.93222889036558,-117.364830853887,0.0779534545820297,2.93265358514974,117.356336219738,711.40585848001,2.93074495357142,-117.360078338561,0.108271784645694,-0.000124966344349886,-0.00500079259205677,-0.0303144530719237,-0.00148393679415904,0.00475251532654397,0.0303183300636647,0.0307244138786382,0.0307244138786635
2100.34930032492,2724,other,common,True,True,valid,valid,2.93072194987325,117.457657128516,711.431044348293,2.9299800272891,-117.461189719031,0.0821970965608898,2.93059601964315,117.452610088898,711.40047485837,2.92848369191226,-117.456393045587,0.112770534145739,-0.000125930230096216,-0.00504703961745179,-0.0305694899225273,-0.00149633537684224,0.00479667344436052,0.0305734375848488,0.030983579222654,0.0309835792226538
2100.32887041569,2725,other,common,True,True,valid,valid,2.92874175703614,117.554016751379,711.426160716057,2.92781847805935,-117.557586084706,0.0861991379697429,2.92861485681894,117.548923222657,711.395335145964,2.92630969120348,-117.552745019612,0.117028727020966,-0.000126900217200188,-0.00509352872191471,-0.0308255700933842,-0.0015087868558652,0.00484106509402693,0.0308295890512227,0.0312438139491362,0.0312438139491373
2100.3186121881,2726,other,common,True,True,valid,valid,2.9277610126265,117.650908208128,711.424497314615,2.92679974860861,-117.654487910355,0.0870246869781113,2.92763309650756,117.645767949923,711.393414633952,2.92527841818321,-117.649602221674,0.118111456736187,-0.000127916118936255,-0.00514025820496045,-0.0310826806628484,-0.00152133042539049,0.00488568868088635,0.0310867697580761,0.0315051052075018,0.0315051052075913
2100.32990705967,2727,other,common,True,True,valid,valid,2.92889799912564,117.748929653476,711.429658751292,2.92820260751504,-117.752463828613,0.0811180514451735,2.9287689715816,117.743742427697,711.398317946099,2.92666859260743,-117.747533286561,0.112463012489684,-0.000129027544033544,-0.00518722577922404,-0.0313408051931674,-0.0015340149076053,0.00493054205220744,0.0313449610445105,0.0317674366222368,0.0317674366222272
2100.36635935307,2728,other,common,True,True,valid,valid,2.93250696865749,117.848273104847,711.442786885476,2.93243214625062,-117.851696504883,0.0673528467272035,2.93237671637955,117.843038673629,711.411186945695,2.93088528835533,-117.846720879869,0.0989570049405302,-0.000130252277941612,-0.00523443121787182,-0.0315999397810174,-0.00154685789528486,0.00497562501307414,0.0316041582133266,0.032030804391936,0.0320308043918962
2100.40251618624,2729,other,common,True,True,valid,valid,2.93608705962445,117.947604895238,711.455820567946,2.93662860224108,-117.950918293607,0.0536807981658285,2.93595557695393,117.942323013005,711.423960439364,2.93506884841501,-117.945897348693,0.0855452084238095,-0.000131482670525873,-0.00528188223265147,-0.0318601285825935,-0.00155975382606499,0.00502094491361049,0.031864410257981,0.03229525291605,0.0322952529160612
2100.41859573126,2730,other,common,True,True,valid,valid,2.93769437241602,118.045884947341,711.46249396074,2.93856910505255,-118.049140435297,0.0462827174865197,2.93756174015872,118.04055536223,711.430372553747,2.93699648714331,-118.044073927546,0.078408473946638,-0.000132632257301424,-0.00532958511024617,-0.0321214069936104,-0.00157261790924679,0.00506650775056983,0.0321257564601183,0.0325608178031849,0.0325608178031495
2100.42035931349,2731,other,common,True,True,valid,valid,2.93789494156873,118.143413749506,711.464631598403,2.93890092121294,-118.146648475269,0.0433588478815636,2.93776121726993,118.138036210324,711.432247830137,2.93731544813332,-118.141536162358,0.0757470369130715,-0.000133724298793325,-0.00537753918192152,-0.0323837682656176,-0.0015854730796292,0.00511231291046954,0.0323881890315079,0.0328274923946745,0.0328274923946601
2100.40857729316,2732,other,common,True,True,valid,valid,2.93676444317636,118.240229999249,711.46247741871,2.9377105868829,-118.243479113224,0.0446685763165533,2.93662968248285,118.234804254113,711.429830204841,2.93611226558297,-118.238320752153,0.0773202856785247,-0.000134760693506486,-0.00542574513664817,-0.0326472138694953,-0.00159832129993021,0.0051583610702437,0.0326517093619714,0.0330952782761067,0.033095278276024
2100.37154078484,2733,other,common,True,True,valid,valid,2.93315234651383,118.335714853991,711.452322885291,2.93368245680493,-118.339043879964,0.0538701415306377,2.93301665896124,118.330240646847,711.419411119017,2.9320713470621,-118.333839223747,0.086786483874107,-0.000135687552583974,-0.00547420714471514,-0.0329117662734006,-0.00161110974283218,0.00520465621613653,0.0329163423434693,0.0333641980903202,0.0333641980902297
2100.32668408751,2734,other,common,True,True,valid,valid,2.92877193844218,118.430784706502,711.439690490735,2.9287756929536,-118.434213938519,0.0655159925755697,2.92863535759571,118.425261785235,711.406513091749,2.92715177983854,-118.428962743893,0.0986980506545478,-0.0001365808464735,-0.00552292126657505,-0.0331773989864814,-0.00162391311506127,0.00525119462555779,0.0331820580789781,0.0336342253835671,0.0336342253836391
2100.28909894824,2735,other,common,True,True,valid,valid,2.92510615528704,118.526235216374,711.429360230951,2.92468604987493,-118.529745799778,0.0748909790826247,2.92496864689038,118.520663332243,711.395916141927,2.92304925173516,-118.524447826663,0.108339809625477,-0.000137508396659491,-0.0055718841305179,-0.0334440890239875,-0.00163679813977069,0.00529797311500602,0.0334488305428522,0.0339053372194921,0.0339053372194132
2100.26436859369,2736,other,common,True,True,valid,valid,2.92270351172904,118.622362246078,711.423100151075,2.92204076092647,-118.625920845671,0.0802510284941036,2.92256501512756,118.6167411511,711.389388321875,2.92039097005969,-118.620575854687,0.113967679862412,-0.00013849660148324,-0.00562109497768404,-0.0337118291993193,-0.00164979086678585,0.00534499098446872,0.0337166513683087,0.0341775265053052,0.0341775265052967
2100.25090709329,2737,other,common,True,True,valid,valid,2.9214081156273,118.719083576322,711.42040775696,2.92066156210325,-118.722660972342,0.0820918064947591,2.92126857609353,118.713413021262,711.386427132518,2.91899867650723,-118.717268722896,0.116077332249347,-0.000139539533776656,-0.00567055506007819,-0.0339806244414831,-0.00166288559602634,0.0053922494455918,0.0339855257545878,0.0344507982985008,0.0344507982985113
2100.25425034761,2738,other,common,True,True,valid,valid,2.92176386797341,118.816693585753,711.423036215835,2.92117041103122,-118.820246199715,0.0786839085742486,2.92162320373671,118.81097332215,711.388785748348,2.9194943020132,-118.814806451932,0.11293935380229,-0.000140664236703891,-0.00572026360313771,-0.0342504674863449,-0.00167610901801396,0.00543974778327083,0.034255445228041,0.0347251454302215,0.0347251454303245
2100.2724121213,2739,other,common,True,True,valid,valid,2.92357564261608,118.915089282605,711.430356561611,2.92334417892543,-118.918578687271,0.0706477544596282,2.92343377937157,118.909319060641,711.395835197718,2.92165472500157,-118.913091199961,0.105174170146256,-0.000141863244511597,-0.0057702219642124,-0.0345213638925088,-0.00168945392385922,0.00548748730932402,0.0345264156866278,0.035000573590949,0.0350005735909664
2100.27591493726,2740,other,common,True,True,valid,valid,2.923947108259,119.012710223861,711.43303297262,2.92387087634954,-119.016174453636,0.0671925682690926,2.92380410960733,119.006889784413,711.398239605741,2.92216809141705,-119.010638976743,0.101991064813888,-0.000142998651673665,-0.00582043944842781,-0.0347933668786027,-0.00170278493248333,0.0055354768930016,0.0347984965447949,0.03527713626042,0.0352771362604358
2100.25432452559,2741,other,common,True,True,valid,valid,2.92185299968691,119.109000998625,711.427760699098,2.921578099836,-119.112505154367,0.0715783106289791,2.92170898063654,119.103130078624,711.392694201736,2.91986204821041,-119.106921434059,0.106650021660812,-0.000144019050372535,-0.00587092000060352,-0.0350664973616404,-0.00171605162559274,0.00558372030776866,0.0350717110318328,0.035554854525849,0.0355548545258938
2100.23624798656,2742,other,common,True,True,valid,valid,2.92010417755543,119.205477083964,711.42360005535,2.91968010218018,-119.209012061291,0.074867520033763,2.91995911833862,119.199555427717,711.388259346947,2.91795071564023,-119.203379850726,0.110213526196617,-0.000145059216811738,-0.00592165624718177,-0.0353407084029413,-0.00172938653994947,0.0056322105645279,0.0353460061628539,0.0358336814367139,0.0358336814367746
2100.24684722722,2743,other,common,True,True,valid,valid,2.9211729129745,119.303475813862,711.428519958315,2.92100395598677,-119.306967241701,0.0691992977388054,2.92102667147619,119.297503172195,711.392904,2.91926104595546,-119.301286300217,0.104820632500946,-0.000146241498310662,-0.00597264166704292,-0.0356159583150202,-0.00174291003131088,0.00568094148354703,0.0356213347621406,0.036113575311176,0.0361135753111377
2100.28204745054,2744,other,common,True,True,valid,valid,2.92465893166571,119.402784282631,711.441230175434,2.92509194304536,-119.406168356999,0.0558463579753834,2.92451138243314,119.396760404429,711.405337919283,2.92333533718525,-119.400438442066,0.0917440646103387,-0.000147549232564881,-0.00602387820210026,-0.035892256150305,-0.00175660586010906,0.00572991493257291,0.0358977066349553,0.036394545345819,0.0363945453458565
2100.30664440989,2745,other,common,True,True,valid,valid,2.92710319134989,119.501532162414,711.450581112952,2.92798860603439,-119.504836396235,0.0458071560026383,2.92695437940464,119.495456785395,711.414411446903,2.92621829943554,-119.499057254682,0.0819823495824039,-0.00014881194524996,-0.00607537701915817,-0.0361696660498865,-0.00177030659884991,0.00577914155307724,0.0361751935797656,0.0366766559691621,0.0366766559691304
2100.29168173671,2746,other,common,True,True,valid,valid,2.92566028526423,119.598175671367,711.447401158308,2.92644018718856,-119.601502694678,0.0481290208932705,2.92551040043219,119.59204852374,711.410952916259,2.92465631717737,-119.595674064267,0.0845828770302433,-0.000149884832042257,-0.00612714762660005,-0.0364482420486638,-0.00178387001119518,0.0058286304109032,0.0364538561369727,0.0369599614710163,0.0369599614710142
2100.23557245731,2747,other,common,True,True,valid,valid,2.9201743901911,119.692625140083,711.431188060001,2.92026849949091,-119.696081696622,0.0633074399363522,2.92002363473028,119.686445948553,711.394460069729,2.91847121553863,-119.69020331366,0.100041140930443,-0.000150755460815333,-0.00617919153040702,-0.0367279902716291,-0.00179728395227841,0.00587838296179655,0.0367337009940911,0.0372444681069726,0.0372444681070082
2100.16326364875,2748,other,common,True,True,valid,valid,2.91309710596732,119.786206321686,711.409844078995,2.91227697638456,-119.789834434435,0.0835472704316089,2.91294556121225,119.779974819393,711.372835209517,2.91046630900905,-119.783906041328,0.120561951917693,-0.000151544755064403,-0.00623150229353087,-0.0370088694779724,-0.0018106673755085,0.00592839310651527,0.0370146814860846,0.0375301346478356,0.0375301346478586
2100.11614925414,2749,other,common,True,True,valid,valid,2.90849547998583,119.881127107499,711.39647857637,2.90711633854305,-119.884861431435,0.0959167837411314,2.90834301908613,119.874843039113,711.359187768144,2.90529211348892,-119.878882781535,0.133213500570832,-0.000152460899704554,-0.00628406838592355,-0.0372908082259755,-0.00182422505413626,0.00597864990007224,0.0372967168297009,0.0378168895858899,0.0378168895858804
2100.11225514114,2750,other,common,True,True,valid,valid,2.90814020683989,119.97835372588,711.396799055676,2.90681139982324,-119.982082170344,0.094785772612795,2.90798660787957,119.972016840764,711.359225279675,2.9049733492328,-119.976053021443,0.132365544859454,-0.000153598960320522,-0.00633688511643982,-0.0375737760006132,-0.00183805059044317,0.00602914890127693,0.0375797722466586,0.0381047024468611,0.0381047024467786
2100.12603957951,2751,other,common,True,True,valid,valid,2.90952182259846,120.076525955357,711.402716719228,2.90849255631408,-120.080202678314,0.0881334141535035,2.90936699024759,120.070135994417,711.364858898677,2.90664053664777,-120.07412278014,0.125997315327254,-0.000154832350875989,-0.00638996093938715,-0.0378578205510394,-0.00185201966630899,0.00607989817333987,0.0378639011737505,0.0383936212246054,0.0383936212246008
2100.13369524479,2752,other,common,True,True,valid,valid,2.91030132220374,120.174372007119,711.406692226132,2.90948512515956,-120.178012915147,0.0833969072240279,2.91014528264539,120.167928703194,711.368549238939,2.90761911223713,-120.171882009732,0.121546061609934,-0.000156039558346865,-0.00644330392509573,-0.0381429871927139,-0.00186601292242727,0.00613090541537531,0.0381491543859056,0.0386836914706761,0.038683691470678
2100.145633623,2753,other,common,True,True,valid,valid,2.91150162295139,120.27244872959,711.412022752944,2.91095882571531,-120.276042724752,0.0773237396774675,2.91134434861809,120.265951817811,711.373593493384,2.90907874239339,-120.269860556285,0.115759252787257,-0.000157274333299817,-0.00649691177883938,-0.0384292595607576,-0.00188008332192169,0.00618216846673647,0.0384355131097891,0.0389748968987221,0.0389748968986609
2100.18093378842,2754,other,common,True,True,valid,valid,2.91499733733366,120.371779447986,711.424750731518,2.91505730212517,-120.375265943562,0.0639533090635496,2.91483869961296,120.365228668511,711.386034126374,2.91316297177423,-120.369032260994,0.102676249366027,-0.000158637720698351,-0.00655077947531879,-0.0387166051436907,-0.00189433035094311,0.00623368256835022,0.0387229403024776,0.039267205038214,0.0392672050381829
2100.22347737849,2755,other,common,True,True,valid,valid,2.91920492621989,120.471502530199,711.439771922206,2.91996975645099,-120.474862744167,0.0483207084577089,2.91904487929151,120.464897617415,711.400766866687,2.9180610837347,-120.468577290936,0.0873321797206472,-0.000160046928373792,-0.00660491278408415,-0.0390050555191692,-0.00190867271629713,0.00628545323115759,0.0390114712629384,0.0395606476685874,0.0395606476685869
2100.24884067476,2756,other,common,True,True,valid,valid,2.92172454180805,120.570307470269,711.449350912126,2.92295193122827,-120.573585975276,0.0380565978865661,2.92156316958026,120.563648150116,711.4100562541,2.92102894828614,-120.567248486761,0.0773577570450925,-0.000161372227790224,-0.00665932015267856,-0.0392946580260514,-0.00192298294212634,0.0063374885149301,0.0393011591585264,0.0398552723648465,0.0398552723648503
2100.27123484015,2757,other,common,True,True,valid,valid,2.92395248398634,120.668955690176,711.457988394371,2.92560051373286,-120.672160197276,0.0287212411963083,2.92378979581782,120.662241692084,711.418403005161,2.92366317928101,-120.665770412154,0.0683132183889938,-0.000162688168519054,-0.00671399809191087,-0.0395853892099467,-0.00193733445184563,0.00638978512259314,0.0395919771926856,0.040151055736074,0.0401510557360246
2100.32730594277,2758,other,common,True,True,valid,valid,2.92948985165942,120.769417863998,711.477291727784,2.93203340764846,-120.772461017379,0.00886443245792634,2.92932565835927,120.762648928013,711.43741454424,2.93008148499022,-120.766018684405,0.0487482833884769,-0.000164193300145055,-0.00676893598537731,-0.0398771835447178,-0.00195192265824318,0.00644233297438745,0.0398838509305506,0.0404479322249366,0.0404479322248619
2100.39543259144,2759,other,common,True,True,valid,valid,2.93621230683307,120.870534667019,711.500413534874,2.93982140425711,-120.873385192315,-0.0147591837392156,2.93604653336319,120.863710525628,711.460243451773,2.93785476884772,-120.866890053031,0.025417643833066,-0.000165773469873454,-0.00682414139146204,-0.0401700831010885,-0.00196663540938857,0.00649513928408396,0.0401768275722816,0.0407459441284938,0.0407459441285382
2100.39163145423,2760,other,common,True,True,valid,valid,2.93586625857693,120.967782806251,711.500750242036,2.9395264156289,-120.970627318537,-0.0159061688298152,2.93569929091286,120.960903164488,711.460285994759,2.93754539632817,-120.964079088337,0.0245649183860905,-0.00016696766407831,-0.00687964176326261,-0.0404642472765318,-0.00198101930073591,0.0065482301993427,0.0404710872159058,0.0410452513288441,0.04104525132888
2100.31353962421,2761,other,common,True,True,valid,valid,2.92821949130876,121.061025539239,711.477553399087,2.93088289873725,-121.064056783888,0.00616187248465394,2.92805173717213,121.054090100185,711.436793714557,2.92888784574985,-121.057455176284,0.0469285117856089,-0.000167754136626286,-0.0069354390539047,-0.0407596845296894,-0.00199505298739666,0.00660160760391193,0.0407666393009549,0.0413458624203267,0.0413458624202315
2100.22425054014,2762,other,common,True,True,valid,valid,2.91947293677248,121.153658211259,711.450810292716,2.92098169778965,-121.156905233229,0.0317282479591086,2.91930446033466,121.146666696966,711.409754012765,2.91897262326632,-121.150249979761,0.072791601458448,-0.000168476437816256,-0.00699151429246569,-0.0410562799504532,-0.00200907452332189,0.00665525346802553,0.0410633534993394,0.0416476623567499,0.0416476623566754
2100.15998189151,2763,other,common,True,True,valid,valid,2.91318541090201,121.24763511848,711.431991972591,2.91389236695712,-121.25103301204,0.0494771602977835,2.91301607387932,121.240587261704,711.390638004898,2.91186908374859,-121.244323854411,0.0908383151793259,-0.00016933702269073,-0.00704785677642406,-0.0413539676934533,-0.00202328320852985,0.0067091576284497,0.0413611548815425,0.0419505852659939,0.0419505852660037
2100.13274544477,2764,other,common,True,True,valid,valid,2.91053672574502,121.343608396468,711.42490131077,2.91096403932827,-121.347061109296,0.0556571716772396,2.9103663187336,121.336503933062,711.383248583902,2.90892629017288,-121.340297792139,0.0973171910463861,-0.000170407011414575,-0.00710446340642079,-0.0416527268685059,-0.00203774915539157,0.0067633171568815,0.0416600193691465,0.0422546103333714,0.0422546103333415
2100.12365429103,2765,other,common,True,True,valid,valid,2.90967092818789,121.440561276067,711.423556050711,2.9100744080451,-121.444021751897,0.0561695534545379,2.9094993451056,121.433399935031,711.381603455529,2.90802203720851,-121.437204013299,0.0981295427666282,-0.000171583082293925,-0.00716134103599586,-0.0419525951822379,-0.00205237083658716,0.00681773859803059,0.0419599893120903,0.0425597754777055,0.0425597754777053
2100.11422461271,2766,other,common,True,True,valid,valid,2.9087718779163,121.537495650915,711.422102265666,2.90914669164606,-121.540964778593,0.0567890101840476,2.90859911674898,121.530277154414,711.379848655552,2.90707964567703,-121.534092350113,0.0990501170502966,-0.000172761167313684,-0.00721849650034301,-0.0422536101140167,-0.00206704596902796,0.00687242848009362,0.0422611068662491,0.0428661183898628,0.0428661183898496
2100.10940026492,2767,other,common,True,True,valid,valid,2.90832532631127,121.634679276708,711.42210566464,2.90873635367595,-121.63814512151,0.0559710153779633,2.90815135644568,121.627403347631,711.379549899994,2.90665455086727,-121.631217735372,0.0985343791127207,-0.000173969865590706,-0.00727592907625763,-0.0425557646460675,-0.0020818028086822,0.00692738613734889,0.0425633637347573,0.0431736321618688,0.0431736321618581
2100.11403544992,2768,other,common,True,True,valid,valid,2.90880821921131,121.732375905717,711.425103569635,2.90938878853479,-121.735813941815,0.0521990386072275,2.90863298114129,121.725042267675,711.382244517845,2.90729211862849,-121.728831330909,0.0950657902438934,-0.000175238070020622,-0.00733363804182829,-0.0428590517898328,-0.00209666990630097,0.0069826109051121,0.0428667516366659,0.0434823099160257,0.0434823099159621
2100.11811232567,2769,other,common,True,True,valid,valid,2.90923626944084,121.830043249091,711.427923353524,2.90997845000927,-121.833454935303,0.0486027822551023,2.90905976132826,121.82265162153,711.384759860306,2.90786685938569,-121.826416828534,0.0917740770938735,-0.000176508112577967,-0.00739162756049438,-0.0431634932182305,-0.0021115906235849,0.00703810676927219,0.0431712948387712,0.0437921735006051,0.0437921735006771
2100.11913754046,2770,other,common,True,True,valid,valid,2.90936448933979,121.927545845783,711.429775356793,2.91022519121583,-121.930939108465,0.0459612259080586,2.90918672415558,121.920095946423,711.386306260526,2.9080986407204,-121.923845233067,0.0894382272549592,-0.000177765184205203,-0.00744989935994056,-0.0434690962679269,-0.00212655049543287,0.00709387539744455,0.0434770013469006,0.0441032303951112,0.0441032303950911
2100.12286219001,2771,other,common,True,True,valid,valid,2.90975795531268,122.025195826952,711.432480970699,2.91077518504393,-122.028563674759,0.0424776146951444,2.90957891213181,122.017687374516,711.388705118438,2.90863360204902,-122.021413758903,0.0862614756615585,-0.000179043180869254,-0.00750845243575782,-0.0437758522608647,-0.00214158299491629,0.00714991585624603,0.0437838609664141,0.0444154720295271,0.044415472029483
2100.11251321435,2772,other,common,True,True,valid,valid,2.90876860786971,122.122081321901,711.430728070393,2.9097438518874,-122.125460271314,0.0433922333671717,2.90858836605807,122.114514028607,711.386644273924,2.90758726237414,-122.118254036952,0.0874841468428258,-0.000180241811639004,-0.00756729329346228,-0.0440837964683851,-0.00215658951326247,0.0072062343623287,0.0440919134756541,0.0447289338791564,0.0447289338790686
2100.0726993084,2773,other,common,True,True,valid,valid,2.9048842181974,122.21736280191,711.419642358616,2.90540193587645,-122.220829291396,0.0535134830557809,2.90470295188585,122.209736373833,711.375249396678,2.90323045901404,-122.213566454607,0.0979146792369647,-0.00018126631154658,-0.00762642807700331,-0.0443929619378878,-0.00217147686241503,0.00726283678891093,0.0444011961811839,0.0450436491895157,0.0450436491894955
2100.01244211104,2774,other,common,True,True,valid,valid,2.89899141347211,122.311527981237,711.402081667597,2.89876330691488,-122.315135042895,0.0700222036019795,2.89880924563096,122.303842126461,711.3573783336,2.89657701142091,-122.307815321649,0.114733895720292,-0.000182167841154879,-0.00768585477595707,-0.0447033339968357,-0.00218629549397065,0.00731972124575009,0.0447116921183124,0.0453596033844223,0.0453596033843463
2099.95053542405,2775,other,common,True,True,valid,valid,2.89293683622279,122.405598783444,711.38399820421,2.8919396270942,-122.409350699085,0.0870466831560179,2.89275377728403,122.397853215435,711.338983325859,2.88973847079825,-122.401973816452,0.132070045102182,-0.00018305893875814,-0.0077455680092271,-0.0450148783513669,-0.0022011562959463,0.00737688263266989,0.0450233619461642,0.0456767622248883,0.0456767622249068
2099.91926456243,2776,other,common,True,True,valid,valid,2.88989219557927,122.501336160081,711.375615216157,2.88855779354907,-122.505153479983,0.0945018816621541,2.88970805701449,122.4935306024,711.33028768283,2.88634153828487,-122.497719168624,0.139838016725207,-0.000184138564781389,-0.00780555768095326,-0.0453275333269403,-0.00221625526419444,0.00743431135879291,0.045336135063053,0.0459950640311176,0.0459950640311646
2099.94811271131,2777,other,common,True,True,valid,valid,2.89275377156059,122.600353587483,711.386268152733,2.89192974725227,-122.60408040155,0.0831785110746068,2.89256817776928,122.592487773025,711.34062691085,2.88969797052634,-122.596588402992,0.128828457109989,-0.000185593791315775,-0.00786581445771617,-0.0456412418832315,-0.00223177672593522,0.00749199855796689,0.0456499460353825,0.046314451770287,0.0463144517702665
2100.01780343615,2778,other,common,True,True,valid,valid,2.89962816402535,122.701605838244,711.409854039314,2.89989035655628,-122.705136221413,0.0590969917484472,2.89944085225551,122.69367949264,711.363897995538,2.89764274682786,-122.697586270244,0.105061831438093,-0.000187311769836107,-0.00792634560404792,-0.0459560437756181,-0.0022476097284212,0.00754995116908219,0.0459648396896455,0.0466349654212422,0.0466349654212548
2100.09497284144,2779,other,common,True,True,valid,valid,2.90723787705913,122.803273974348,711.43580863469,2.90869175514593,-122.806588525904,0.03267874145115,2.90704878939774,122.795286810975,711.38953662704,2.90642820242985,-122.798980345022,0.0789596353230309,-0.000189087661394804,-0.00798716337270378,-0.0462720076498044,-0.00226355271608725,0.00760818088259896,0.0462808938718808,0.0469566739114848,0.0469566739113957
2100.14697103202,2780,other,common,True,True,valid,valid,2.91237477560023,122.90357193183,711.453791344894,2.91466539336073,-122.906735943858,0.0141245992763288,2.9121840601701,122.895523651855,711.407202143197,2.91238599044346,-122.899069244506,0.0607227853037102,-0.00019071543013327,-0.00804827997491486,-0.0465892016965199,-0.00227940291726725,0.00766669935130437,0.0465981860273814,0.0472796457013895,0.0472796457013479
2100.14789184928,2781,other,common,True,True,valid,valid,2.91249284954725,123.001077120292,711.455595823778,2.91489987194003,-123.004223097667,0.0115300425943587,2.91230082310523,122.992967414818,711.408688142359,2.91260487758423,-122.996497581483,0.0584468218289658,-0.000192026442021209,-0.00810970547374268,-0.0469076814191567,-0.00229499435579328,0.00772551618362627,0.046916779234607,0.0476039365299382,0.0476039365299284
2100.11358347535,2782,other,common,True,True,valid,valid,2.90914925748148,123.096651671376,711.446241198298,2.91117582417783,-123.099871010869,0.0199438175593514,2.90895614154284,123.088480235906,711.399013780075,2.90886540328196,-123.092086383654,0.0671804581880906,-0.000193115938636357,-0.00817143547011767,-0.0472274182236561,-0.00231042089586708,0.00778462721463313,0.0472366406287392,0.0479295178723944,0.0479295178723459
2100.09075000882,2783,other,common,True,True,valid,valid,2.90693325019893,123.19285343109,711.440519705763,2.90874112578565,-123.19611637618,0.024773583278261,2.90673896861272,123.184619976478,711.392971385672,2.90641515000604,-123.188272358335,0.072331248111027,-0.00019428158621082,-0.00823345461158453,-0.0475483200907547,-0.00232597577960547,0.00784401784558497,0.047557664832766,0.0482562976577009,0.0482562976577656
2100.08112865686,2784,other,common,True,True,valid,valid,2.90601546687392,123.289779239679,711.438981351356,2.90779090557307,-123.293051529066,0.02547675300832,2.90581993066512,123.281483476532,711.391110965673,2.90544923381462,-123.28514784073,0.0733566029470012,-0.000195536208793534,-0.00829576314728797,-0.0478703856834954,-0.00234167175845101,0.00790368833649779,0.0478798499386812,0.0485842746790714,0.0485842746791125
2100.06715797633,2785,other,common,True,True,valid,valid,2.9046703390757,123.386465816652,711.436064225483,2.90635195032037,-123.389758742956,0.0275400873222225,2.90447357272908,123.378107448484,711.387870572205,2.90399455311765,-123.381795097491,0.0757433266433054,-0.000196766346615806,-0.00835836816796132,-0.0481936532779628,-0.00235739720271511,0.00796364546459927,0.0482032393210829,0.0489134874211893,0.0489134874211888
2100.06068054959,2786,other,common,True,True,valid,valid,2.9040614877559,123.483563843759,711.435518945237,2.90575487812348,-123.486857980739,0.027263636148291,2.90386343811558,123.475142577368,711.387000844216,2.90338164942792,-123.478834094613,0.0757914437945146,-0.00019804964031378,-0.00842126639089713,-0.048518101020818,-0.00237322869556067,0.00802388612622451,0.0485278076462237,0.049243914120963,0.0492439141210052
2100.08157389611,2787,other,common,True,True,valid,valid,2.90614204088426,123.582168263695,711.443640873901,2.90823312055803,-123.585392623802,0.0184370576340598,2.90594252163498,123.573683812113,711.394797183836,2.90584382303677,-123.577308219396,0.0672905677283779,-0.00019951924927808,-0.00848445158192135,-0.0488436900652687,-0.00238929752126182,0.0080844044052526,0.0488535100943182,0.0495755159909489,0.0495755159909448
2100.11553817987,2788,other,common,True,True,valid,valid,2.90950703354611,123.681495068489,711.455901472181,2.91218007898216,-123.684615754432,0.00552770197623431,2.90930595042122,123.672947138811,711.406731020197,2.90977456584287,-123.676470548452,0.0547080843520007,-0.000201083124891976,-0.00854792967776064,-0.0491704519843097,-0.00240551313929416,0.00814520597990054,0.0491803823757664,0.0499083248019843,0.0499083248020299
2100.12668079138,2789,other,common,True,True,valid,valid,2.91062959234166,123.779567404244,711.460932853885,2.91356272037688,-123.782643625833,-0.000250075450253462,2.91042709114039,123.770955689734,711.411434390069,2.91114108119805,-123.774437321783,0.0492584368603275,-0.000202501201268745,-0.00861171450939935,-0.0494984638161213,-0.00242163917882721,0.00820630405006284,0.049508512310581,0.0502424178725884,0.0502424178725652
2100.09304944426,2790,other,common,True,True,valid,valid,2.9073525402288,123.875171201746,711.451781998199,2.90991427989996,-123.878319116712,0.00796288104731957,2.90714891868977,123.866495386668,711.401954223689,2.90747675385225,-123.870051409495,0.0578008367206166,-0.000203621539026422,-0.0086758150785613,-0.0498277745092537,-0.00243752604770719,0.00826770721663195,0.0498379556732971,0.0505778443743264,0.0505778443742586
2100.04723901302,2791,other,common,True,True,valid,valid,2.90287887278186,123.970100325347,711.438772859529,2.90489743073745,-123.973351534546,0.0199820607959964,2.90267421212751,123.961360104702,711.388614540439,2.90244404360547,-123.965022129275,0.0701506985711831,-0.000204660654344657,-0.00874022064431301,-0.0501583190897463,-0.00245338713197185,0.00832940527078563,0.0501686377751867,0.0509145393458835,0.0509145393458706
2100.02771495469,2792,other,common,True,True,valid,valid,2.90098813694866,124.066478482206,711.434087726545,2.90283414295852,-124.069764808972,0.0237896625000076,2.90078225568813,124.057673564097,711.383597707333,2.90036466158965,-124.061373423216,0.0742901309811259,-0.000205881260531893,-0.00880491810852391,-0.0504900192113382,-0.00246948136887681,0.00839138575601339,0.0505004684811183,0.051252424429997,0.0512524244299709
2100.02591644228,2793,other,common,True,True,valid,valid,2.90083906733943,124.163835657821,711.435015012056,2.90276241724123,-124.167111134314,0.0220606391610545,2.90063183964353,124.154965746399,711.384192117189,2.90027666319208,-124.158657481855,0.0728941094488391,-0.000207227695902201,-0.0088699114223374,-0.050822894866883,-0.00248575404915385,0.00845365245976382,0.0508334702877846,0.0515915197935504,0.0515915197934936
2100.02844023891,2794,other,common,True,True,valid,valid,2.90111470267169,124.261432447294,711.437309863656,2.90317628812332,-124.264685872593,0.0189825236943761,2.90090609362788,124.252497240913,711.386152887061,2.90067417240659,-124.256169661665,0.070150201514366,-0.000208609043811592,-0.00893520638176426,-0.0511569765945978,-0.0025021157167302,0.00851621092789401,0.0511676778199899,0.0519318561686188,0.0519318561686233
2100.03927569091,2795,other,common,True,True,valid,valid,2.90220703802464,124.359490351802,711.442235757811,2.90452400812343,-124.362700176597,0.0133088892573596,2.90199698415541,124.350489549384,711.390743499541,2.9020054134899,-124.354121115955,0.0648119729333985,-0.000210053869231341,-0.00900080241753187,-0.0514922582701729,-0.00251859463352844,0.00857906064121039,0.0515030836760388,0.0522734275569301,0.0522734275569783
2100.07377042621,2796,other,common,True,True,valid,valid,2.90562418621431,124.458861133746,711.454653635075,2.9085301277076,-124.461965995649,0.000244393265234066,2.90541251460509,124.449794439043,711.402824925726,2.9059948289501,-124.453323798625,0.05208404566838,-0.000211671609222641,-0.00906669470305133,-0.0518287093486833,-0.00253529875750047,0.00864219702337721,0.0518396524031459,0.0526162034972002,0.0526162034972084
2100.13238529861,2797,other,common,True,True,valid,valid,2.91141167645185,124.559573561029,711.474710211887,2.91524670987623,-124.562510895881,-0.0203557253516919,2.91119820763511,124.550440677144,711.422543881114,2.91269447519873,-124.553805275168,0.0318216593037732,-0.000213468816742335,-0.00913288388483124,-0.0521663307732751,-0.00255223467750199,0.00870562071310133,0.0521773846554652,0.052960185076492,0.0529601850764685
2100.16729333997,2798,other,common,True,True,valid,valid,2.91486980239355,124.658975651162,711.487257411895,2.91929956773253,-124.661806963627,-0.0335478313020303,2.91465469537576,124.649776262403,711.434752184384,2.91673049876698,-124.65303761398,0.0189685692980675,-0.000215107017794036,-0.0091993887588302,-0.052505227511233,-0.00256906896554199,0.00876934964662723,0.0525164006000978,0.0533054775850619,0.0533054775849955
2100.10111051053,2799,other,common,True,True,valid,valid,2.90839386428611,124.752764692872,711.467783897062,2.91199260986461,-124.755752245684,-0.0151513032312778,2.90817783801649,124.743498453278,711.414938327143,2.90940735998574,-124.746918832987,0.0377055925047216,-0.000216026269617142,-0.00926623959428241,-0.0528455699193273,-0.00258524987886943,0.00883341269789639,0.0528568957359994,0.053652251804247,0.0536522518043172
2099.98067606799,2800,other,common,True,True,valid,valid,2.89658761781505,124.843532515872,711.431128439421,2.89859029827089,-124.846817036475,0.0201954030516163,2.89637106619673,124.834199095803,711.377941178231,2.89598920047365,-124.837919242137,0.0733941617195342,-0.000216551618320349,-0.00933342006881333,-0.0531872611895778,-0.00260109779724615,0.00889779433737203,0.0531987586679179,0.0540004109024431,0.0540004109024031
2099.88443838805,2801,other,common,True,True,valid,valid,2.8871597992287,124.935637328951,711.402137760781,2.88790769293383,-124.939156039894,0.0479808343840205,2.88694255212843,124.926236427437,711.348607626566,2.88529052423477,-124.930193572628,0.101522631358421,-0.000217247100270601,-0.0094009015148373,-0.0535301342156345,-0.00261716869906792,0.00896246726613015,0.0535417969744003,0.0543497876236705,0.0543497876237225
2099.84438590705,2802,other,common,True,True,valid,valid,2.88325246439749,125.030862926007,711.390939344487,2.88353778819859,-125.03447010133,0.0582141013543378,2.88303411372205,125.02139425349,711.337065223498,2.88090409094204,-125.025442680704,0.112100033323486,-0.000218350675440959,-0.00946867251757055,-0.053874120988894,-0.00263369725655593,0.00902742062639561,0.0538859319691483,0.054700313971571,0.0547003139715737
2099.83255884051,2803,other,common,True,True,valid,valid,2.88211818158182,125.12765838035,711.388677679887,2.88233885321876,-125.131280824295,0.0596312038916267,2.88189851771995,125.118121635867,711.33445839588,2.87968836522958,-125.122188158983,0.113862438957426,-0.000219663861870334,-0.00953674448268771,-0.0542192840074449,-0.00265048798917888,0.00909266531195385,0.0542312350657994,0.0550520526939755,0.0550520526939549
2099.8237528652,2804,other,common,True,True,valid,valid,2.88128071178129,125.22462185237,711.387371359109,2.88147926858565,-125.228251740262,0.0601058684915188,2.88105970835994,125.21501672443,711.332805678532,2.87881190817359,-125.21909352888,0.114683640292355,-0.000221003421343458,-0.00960512793935209,-0.0545656805767294,-0.00266736041206883,0.00915821138256945,0.0545777718008367,0.0554050613396035,0.0554050613395554
2099.8309482336,2805,other,common,True,True,valid,valid,2.8820152808176,125.322478105814,711.391130673053,2.88241727609433,-125.326073947875,0.0555832353261394,2.88179281399448,125.312804287026,711.336217388626,2.87973286537523,-125.316849892922,0.110508746860773,-0.000222466823124545,-0.00967381878780316,-0.0549132844274709,-0.0026844107190982,0.00922405495363421,0.0549255115346341,0.0557593137335725,0.0557593137335611
2099.85576125979,2806,other,common,True,True,valid,valid,2.88448073552437,125.421319515127,711.400467598822,2.8853345197792,-125.424835628189,0.0455582148466647,2.88425666701017,125.411576697861,711.345205504743,2.88263286650264,-125.415545431914,0.100832666989618,-0.000224068514198983,-0.00974281726568904,-0.0552620940788984,-0.00270165327656002,0.00929019627491812,0.0552744521429531,0.0561148085353294,0.0561148085353311
2099.88538935781,2807,other,common,True,True,valid,valid,2.8874193512931,125.520432825777,711.411328242851,2.88879277079183,-125.523856729804,0.0340300174904087,2.88719363719064,125.51062069654,711.35571610277,2.88607377563487,-125.514500088844,0.0896546459089222,-0.000225714102464192,-0.00981212923696262,-0.0556121400811662,-0.00271899515696106,0.00935664096013511,0.0556246284185136,0.0564715764914188,0.056471576491348
2099.91084503382,2808,other,common,True,True,valid,valid,2.8899481236903,125.619315919023,711.42086652113,2.8917822990603,-125.622658444677,0.023806347353343,2.88972078786125,125.609434159868,711.364903076263,2.88904592938491,-125.613235051398,0.0797824131944935,-0.000227335829042108,-0.00988175915476575,-0.0559634448668476,-0.00273636967538948,0.00942339327868069,0.0559760658411506,0.0568296402147387,0.0568296402147497
2099.93042551726,2809,other,common,True,True,valid,valid,2.89189971467985,125.717872905129,711.428543079812,2.89411175084127,-125.721149300647,0.0154192909132007,2.89167079461641,125.707921196467,711.372227064984,2.89135798733944,-125.711658845825,0.0717480623331994,-0.00022892006343822,-0.00995170866218587,-0.0563160148282122,-0.00275376350182199,0.00949045482123267,0.0563287714199987,0.0571890062496621,0.0571890062496656
2099.95193984732,2810,other,common,True,True,valid,valid,2.89404137652551,125.816540534876,711.436830907804,2.89665849165138,-125.819745793594,0.0064292042740135,2.89381085029994,125.806518559227,711.380161072782,2.8938872563246,-125.810187969994,0.0631119318243236,-0.000230526225564187,-0.01002197564911,-0.0566698350227171,-0.00277123532678303,0.00955782360009039,0.0566827275503101,0.0575496597709665,0.0575496597709278
2099.97795521654,2811,other,common,True,True,valid,valid,2.89662537337458,125.915463018738,711.44654309092,2.89971098963156,-125.918585474434,-0.00396603991043776,2.89639319882835,125.905370458699,711.38951818883,2.89692218442126,-125.908959974868,0.0530718900581633,-0.000232174546227704,-0.0100925600383732,-0.0570249020897791,-0.00278880521030089,0.00962549956558689,0.057037929968601,0.0579115975560766,0.0579115975560263
2099.99871843925,2812,other,common,True,True,valid,valid,2.89869337163248,126.014093622405,711.454590762771,2.90217337469575,-126.017146908109,-0.0127192147896267,2.89845958212066,126.003930155748,711.397209522284,2.89936697588443,-126.007453420765,0.0446751917384063,-0.000233789511820071,-0.0101634666566497,-0.0573812404873024,-0.00280639881132316,0.00969348734403752,0.057394406528033,0.0582748442458519,0.0582748442458864
2100.00396835804,2813,other,common,True,True,valid,valid,2.89923704348456,126.111855351146,711.457723933248,2.90289260762489,-126.114879718879,-0.0166241278038797,2.89900175376472,126.101620650544,711.399985057111,2.90006867165346,-126.105117927058,0.041128059005473,-0.000235289719843657,-0.0102347006020835,-0.0577388761367956,-0.00282393597142772,0.00976179182129044,0.0577521868093527,0.0586394259454062,0.0586394259453084
2099.99631028506,2814,other,common,True,True,valid,valid,2.89851235313607,126.208892602107,711.456767628784,2.90216138759067,-126.211921546595,-0.0164946704047679,2.89827565961387,126.198586340244,711.398669822838,2.89931995270499,-126.202091133585,0.0416165964981019,-0.000236693522204678,-0.0103062618626524,-0.0580978059466588,-0.00284143488568134,0.0098304130106186,0.0581112669028698,0.0590053397009172,0.0590053397009583
2099.97371782176,2815,other,common,True,True,valid,valid,2.89632019571058,126.305089725717,711.451080113962,2.89975203471591,-126.308161997867,-0.0116977414196526,2.8960822128065,126.294711573434,711.392622076619,2.89689315682538,-126.298262645171,0.0467739136288401,-0.000237982904083278,-0.0103781522837068,-0.0584580373432573,-0.00285887789053163,0.00989935269649322,0.0584716550484927,0.059372593094054,0.059372593094057
2099.94287947938,2816,other,common,True,True,valid,valid,2.89331784315228,126.400821317239,711.442779882029,2.89641614995037,-126.403958316523,-0.00432327254986831,2.89307863392712,126.390370947053,711.383960324223,2.89353983421742,-126.39398970722,0.0545100638755684,-0.00023920922516707,-0.0104503701863621,-0.0588195578059185,-0.00287631573294789,0.00996860930261789,0.0588333364254368,0.0597411737294238,0.0597411737294512
2099.92189826816,2817,other,common,True,True,valid,valid,2.89128408605579,126.497106111494,711.437600241636,2.89418780964136,-126.500282278786,-2.73162260100435e-05,2.89104356893396,126.486583202304,711.378417913341,2.89129391848735,-126.490244102017,0.0591689492806609,-0.000240517121836259,-0.0105229091908541,-0.0591823282953783,-0.00289389115400951,0.0100381767689157,0.0591962655066709,0.0601110426526341,0.0601110426526735
2099.92197500914,2818,other,common,True,True,valid,valid,2.89131943995201,126.59457681195,711.439088308685,2.89432547184262,-126.597737535428,-0.00230921072807178,2.89107744109319,126.583981046329,711.379541983532,2.89141377657734,-126.587629483815,0.0572512037678052,-0.000241998858819148,-0.010595765620991,-0.0595463251520414,-0.00291169526527568,0.0101080516129883,0.059560414495877,0.060482176313814,0.0604821763137649
2099.93717715889,2819,other,common,True,True,valid,valid,2.89284100179712,126.692901449644,711.445365286009,2.89616257740971,-126.696007505694,-0.00931549074221039,2.89259739260714,126.682232506871,711.385453721894,2.89323289383783,-126.685829268692,0.0506103104269187,-0.000243609189982674,-0.0106689427726963,-0.0599115641151684,-0.00292968357187817,0.0101782370018242,0.059925801169129,0.0608545906242943,0.0608545906243615
2099.94436269999,2820,other,common,True,True,valid,valid,2.89357488794694,126.790775334824,711.449102118514,2.89709890262083,-126.793847528453,-0.0138158405051172,2.89332972747183,126.78003288373,711.388824017326,2.89415123148774,-126.783598785528,0.0464766494538935,-0.000245160475111472,-0.010742451094103,-0.0602781011888283,-0.00294767113308581,0.0102487429248299,0.0602924899590107,0.0612283418205848,0.0612283418206429
2099.92543533444,2821,other,common,True,True,valid,valid,2.89174293736326,126.887174853212,711.444567561519,2.8951010906753,-126.890280931296,-0.0101562013328476,2.89149643525165,126.876358554109,711.383921580186,2.89213558116187,-126.879961353765,0.0505043312589351,-0.000246502111612479,-0.0108162991024301,-0.060645981332982,-0.00296550951343022,0.0103195775309644,0.0606605325917826,0.0616034750757185,0.0616034750757662
2099.88547695428,2822,other,common,True,True,valid,valid,2.88784457338424,126.982384041234,711.433371338828,2.89074023999619,-126.985578566294,7.54101369011551e-05,2.88759690099632,126.971493555448,711.372356143081,2.88775700342766,-126.975187826413,0.061105328689564,-0.000247672387926556,-0.0108904857865042,-0.0610151957463358,-0.00298323656853228,0.0103907398811174,0.0610299185526628,0.0619799817218549,0.0619799817218877
2099.87220202386,2823,other,common,True,True,valid,valid,2.8865680777589,127.07910040561,711.430624413876,2.8893774793761,-127.082314173574,0.001971549320956,2.88631901086639,127.068135413347,711.369238778726,2.88637623678564,-127.071851961586,0.0633720701302991,-0.000249066892506367,-0.0109649922634532,-0.061385635149918,-0.00300124259046441,0.0104622119874733,0.0614005208093431,0.062357752464416,0.0623577524644388
2099.90002109855,2824,other,common,True,True,valid,valid,2.88932932964209,127.178143511635,711.440890328301,2.89263189093493,-127.181269940501,-0.00896990209844262,2.88907851880693,127.167103698326,711.379133060952,2.88961223971483,-127.170735951611,0.0528023994529576,-0.000250810835159321,-0.0110398133092389,-0.0617572673488667,-0.00301965122010728,0.0105339888896481,0.0617723015514002,0.0627367552107795,0.062736755210765
2099.93146498501,2825,other,common,True,True,valid,valid,2.89244685612921,127.277395087819,711.452303190434,2.89629364826515,-127.280424783369,-0.0210428651788561,2.89219426259551,127.266280122329,711.390173007839,2.89325549213138,-127.269818696955,0.0411024998048788,-0.00025259353369611,-0.0111149654890852,-0.0621301825955243,-0.00303815613376912,0.010606086413631,0.0621453649837349,0.0631170804986258,0.0631170804986114
2099.93058178574,2826,other,common,True,True,valid,valid,2.89238795493201,127.374816267386,711.453476676374,2.89632304707181,-127.377833095483,-0.0230143198903079,2.89213384531209,127.363625802395,711.390972207622,2.89326659086258,-127.367154575455,0.0395054927919318,-0.000254109619917564,-0.0111904649905625,-0.0625044687518539,-0.00305645620922945,0.0106785200273833,0.0625198126822397,0.0634988164642099,0.0634988164642185
2099.90046545118,2827,other,common,True,True,valid,valid,2.88945660396386,127.470578469062,711.445390571962,2.89306769099867,-127.473658270733,-0.0158508278657337,2.88920122331857,127.459312157417,711.382510450253,2.88999311820636,-127.462906981138,0.0470448117096112,-0.000255380645283854,-0.011266311644718,-0.0628801217084174,-0.00307457279231471,0.010751289595504,0.0628956395753448,0.063881959138831,0.0638819591388157
2099.87250161171,2828,other,common,True,True,valid,valid,2.88673681459747,127.566460933076,711.437985020686,2.8900541987042,-127.569598134281,-0.00935869447823734,2.8864801421745,127.555118439901,711.374727951152,2.88696143049965,-127.55877375085,0.0539140673263319,-0.000256672422969118,-0.0113424931748938,-0.0632570695340746,-0.00309276820455295,0.0108243834305739,0.0632727618045692,0.0642664366383727,0.0642664366383957
2099.86810861528,2829,other,common,True,True,valid,valid,2.88633305592151,127.663681571956,711.438042966408,2.88968906652213,-127.666815042605,-0.0102295661115477,2.88607488507228,127.652262570597,711.374407703198,2.8865778405641,-127.655917248894,0.0534215558996038,-0.000258170849227302,-0.011419001358604,-0.063635263210017,-0.00311122595803681,0.0108977937114929,0.0636511220111515,0.0646522000246189,0.0646522000245832
2099.89099289477,2830,other,common,True,True,valid,valid,2.88860951946334,127.762454321452,711.446738218227,2.89238875387036,-127.765513317206,-0.0196214781919934,2.88834960758314,127.750958486,711.382723522525,2.8892587722127,-127.754541797454,0.044409233360966,-0.000259911880200026,-0.0114958354522656,-0.0640146957026673,-0.00312998165766487,0.0109715197523315,0.0640307115529595,0.0650392424066895,0.0650392424066534
2099.92186867446,2831,other,common,True,True,valid,valid,2.89167131658932,127.861684678799,711.457963317193,2.89598642326874,-127.864648478702,-0.0315091944412416,2.89140958591033,127.850111674165,711.393567901732,2.8928375504643,-127.853602908367,0.0329023918434359,-0.00026173067898716,-0.0115730046341866,-0.0643954154614903,-0.00314887280443799,0.0110455703345309,0.0644115862846775,0.0654276124558215,0.0654276124557671
2099.93855916709,2832,other,common,True,True,valid,valid,2.89333931286944,127.960109969663,711.464694684035,2.89799019759566,-127.963015379799,-0.038963659546539,2.89307587994469,127.948459450186,711.399917205451,2.89482248980775,-127.951895424227,0.0258301514862751,-0.000263432924747953,-0.011650519477783,-0.0647774785840056,-0.00316770778790953,0.0111199555720134,0.0647938110328141,0.0658173664978275,0.0658173664978261
2099.93988205865,2833,other,common,True,True,valid,valid,2.89349724965426,128.05766088299,711.466557623029,2.89826713321495,-128.060547778473,-0.0416152047854439,2.89323224372216,128.045932501431,711.40139673225,2.89508065902335,-128.049353101479,0.0235621872958518,-0.000265005932091888,-0.0117283815589815,-0.0651608907793388,-0.00318647419160101,0.0111946769939095,0.0651773920812957,0.0662085103992986,0.0662085103992731
2099.9245088771,2834,other,common,True,True,valid,valid,2.89201456281107,128.154259594041,711.463131328356,2.89666792775521,-128.157171296694,-0.0390486700300698,2.89174812736338,128.142453001513,711.397585670201,2.89346276970468,-128.145901560493,0.0265136661529368,-0.000266435447693336,-0.0118065925282167,-0.0655456581548606,-0.00320515805052679,0.01126973620066,0.0655623361830067,0.0666010504266184,0.066601050426663
2099.8966473937,2835,other,common,True,True,valid,valid,2.8893047627691,128.250144282148,711.455748594116,2.89366543716494,-128.253113197513,-0.0325789009519895,2.88903700614901,128.238259130536,711.389816820824,2.89044164301941,-128.241768065034,0.0333697333943519,-0.000267756620092818,-0.0118851516122049,-0.0659317732915952,-0.00322379414553353,0.0113451324796756,0.0659486343463414,0.0669949793031314,0.0669949793030911
2099.86371412873,2836,other,common,True,True,valid,valid,2.88609666621628,128.345737259768,711.446758469554,2.89009307551331,-128.348776553362,-0.0245233331045256,2.885827631774,128.333773203177,711.380439248815,2.88685062880147,-128.337355689624,0.0418129351043035,-0.000269034442285321,-0.0119640565915802,-0.0663192207389329,-0.00324244671183749,0.0114208637381523,0.0663362682088291,0.0673902817109187,0.0673902817109282
2099.83014956117,2837,other,common,True,True,valid,valid,2.88282661739455,128.441291870222,711.43756733378,2.88644980982651,-128.444403188514,-0.0162694225252835,2.88255630895965,128.429248563708,711.370859341634,2.8831886549703,-128.432906259421,0.0504558051253525,-0.000270308434894506,-0.0120433065144425,-0.0667079921458935,-0.00326115485620448,0.0114969290926012,0.066725227650636,0.0677869494415214,0.0677869494415087
2099.798912853,2838,other,common,True,True,valid,valid,2.87978537153277,128.536977411672,711.429112317134,2.88306812374087,-128.540154725481,-0.00874169425208038,2.8795137660086,128.524854510614,711.362014234453,2.8797881784794,-128.528581397222,0.0583738123855255,-0.00027160552417449,-0.0121229010574382,-0.0670980826814684,-0.00327994526146824,0.0115733282591464,0.0671155066376059,0.0681849778113799,0.068184977811353
2099.7845800668,2839,other,common,True,True,valid,valid,2.87840505305642,128.633629106497,711.426009280343,2.88158567656506,-128.636828579986,-0.00649393211585902,2.87813199303896,128.621426271816,711.358519821795,2.87828672598005,-128.62517852401,0.0610131332325636,-0.000273060017456306,-0.0122028346816592,-0.0674894585481525,-0.00329895058501251,0.011650055975764,0.0675070653484227,0.0685843331320195,0.0685843331319697
2099.79147991538,2840,other,common,True,True,valid,valid,2.87911093294189,128.731497264545,711.429628894967,2.88248877332603,-128.734663835178,-0.010878392608106,2.87883621831093,128.719214158201,711.361746783957,2.87917056021733,-128.722936723907,0.0570215005267301,-0.000274714630964734,-0.0122831063436877,-0.0678821110096806,-0.00331821310870595,0.01172711127046,0.067899893134836,0.0689850068109687,0.0689850068109491
2099.81192080677,2841,other,common,True,True,valid,valid,2.88114732102948,128.830143410073,711.437535489477,2.88491326918752,-128.833241964846,-0.0194921787478961,2.88087081974699,128.817779689684,711.369259428222,2.88157560341861,-128.821437466531,0.0488018355002851,-0.00027650128249368,-0.0123637203890041,-0.0682760612555739,-0.00333766576891037,0.0118044983152572,0.0682940142481812,0.0693870202227447,0.0693870202227379
2099.828441903,2842,other,common,True,True,valid,valid,2.88279861549644,128.928566847296,711.444199534808,2.88689734359871,-128.931607563359,-0.0268801247665351,2.88252035658593,128.916122161652,711.375528179554,2.88354019387171,-128.919725337799,0.0418093571262261,-0.000278258910509699,-0.0124446856439135,-0.068671355254196,-0.00335714972700174,0.0118822255598445,0.0686894818927613,0.0697904195520065,0.0697904195519737
2099.82118071616,2843,other,common,True,True,valid,valid,2.88211312293406,129.025625806482,711.443330589785,2.88620920132283,-129.028670383576,-0.0268363587136946,2.88183332282621,129.013099794325,711.374262544176,2.88283272120019,-129.016710080954,0.042249998376974,-0.000279800107845229,-0.0125260121569113,-0.0690680456089012,-0.00337648012263969,0.0119603026219579,0.0690863570906686,0.0701952576239214,0.0701952576239077
2099.81049330533,2844,other,common,True,True,valid,valid,2.88109098383677,129.122487673012,711.44137526593,2.88513603766829,-129.125545009247,-0.0257208013015315,2.88080967027371,129.109879981245,711.371909181968,2.88174019438124,-129.11350628751,0.0437637817177574,-0.000281313563061492,-0.012607691767613,-0.0694660839620838,-0.0033958432870449,0.0120387217371842,0.0694845830192889,0.07060148617455,0.070601486174584
2099.81649588048,2845,other,common,True,True,valid,valid,2.88170877832551,129.220309554667,711.444704213261,2.88593810642159,-129.223336368573,-0.0298184613205876,2.8814257882374,129.207619838391,711.374838791383,2.88252267875237,-129.211218893471,0.0400656413621618,-0.000282990088106505,-0.0126897162756734,-0.0698654218783759,-0.00341542766922487,0.01211747510186,0.0698841026827495,0.0710090568645331,0.0710090568644661
2099.82201677561,2846,other,common,True,True,valid,valid,2.88227925901321,129.318104763021,711.447879312709,2.88668601084714,-129.321102314666,-0.033764333246836,2.88199459088329,129.305332668529,711.377613207611,2.88325093691785,-129.308905743514,0.0365206358331989,-0.000284668129916454,-0.0127720944915666,-0.0702661050984261,-0.00343507392928899,0.0121965711518612,0.0702849690800349,0.0714180156497558,0.0714180156497193
2099.78892074525,2847,other,common,True,True,valid,valid,2.87905530479065,129.413675495233,711.438823373245,2.88309485255899,-129.416743964517,-0.0256435468332938,2.87876932411921,129.400820650191,711.368155139794,2.87964043266425,-129.40446793682,0.045043751688695,-0.000285980671442587,-0.0128548450425399,-0.0706682334514426,-0.00345441989473727,0.0122760276967426,0.0706872985219889,0.0718284626395396,0.0718284626395214
2099.72684088349,2848,other,common,True,True,valid,valid,2.87298367305049,129.507572442936,711.420587867687,2.87624726428573,-129.510787016421,-0.00846652478560372,2.87269665847217,129.494634478255,711.349516081951,2.87277371289211,-129.498431174757,0.0626245411275477,-0.000287014578317812,-0.012937964681953,-0.0710717857358532,-0.00347355139362548,0.0123558416634353,0.0710910659131514,0.0722403767650934,0.0722403767651033
2099.67170825601,2849,other,common,True,True,valid,valid,2.867594885341,129.601865654279,711.404551880365,2.87018045906003,-129.605208316652,0.00654059234534543,2.86730677059539,129.588844216438,711.333075207512,2.86668765007981,-129.592772318439,0.078036759022325,-0.000288114745613299,-0.0130214378414735,-0.0714766728525547,-0.00349280898021931,0.0124359982134479,0.0714961666769796,0.0726536689757449,0.0726536689757621
2099.62826472521,2850,other,common,True,True,valid,valid,2.86335470836944,129.696829824915,711.392216604623,2.86542704979079,-129.700270265093,0.0178967753305415,2.86306537965305,129.683724561644,711.320333719741,2.86191481008546,-129.687753768914,0.0897993640959385,-0.000289328716387427,-0.0131052632714557,-0.0718828848820294,-0.00351223970532288,0.0125164961783355,0.071902588765397,0.0730683294970084,0.0730683294970929
2099.5974277854,2851,other,common,True,True,valid,valid,2.86035315865486,129.79251942585,711.383872165907,2.86208997241424,-129.796024956381,0.0253157844460929,2.86006249120519,129.779329984367,711.311581744273,2.85855811790561,-129.783427620309,0.0976261159476053,-0.000290667449672544,-0.0131894414834619,-0.072290421633852,-0.00353185450863691,0.0125973360711384,0.0723103315015123,0.0734843582962529,0.0734843582962932
2099.61895897985,2852,other,common,True,True,valid,valid,2.86249641637862,129.891235721708,711.392108387157,2.86463601475723,-129.894670536187,0.0163769246120182,2.86220388973162,129.877961767043,711.319409205079,2.86108397059234,-129.88199203528,0.0890962007083544,-0.000292526647001079,-0.0132739546652658,-0.0726991820771445,-0.0035520441648913,0.0126785009072421,0.0727192760963362,0.0739016543724195,0.0739016543724121
2099.68435907364,2853,other,common,True,True,valid,valid,2.86894978327439,129.992493732539,711.414234926188,2.87211068374967,-129.995744060011,-0.00626565775883137,2.8686549528043,129.979134924986,711.341125736709,2.86853794979433,-129.982984064779,0.0668637914687906,-0.000294830470090268,-0.0133588075534874,-0.0731091894793963,-0.00357273395534463,0.0127599952325568,0.073129449227622,0.0743202411903478,0.0743202411903102
2099.73141971231,2854,other,common,True,True,valid,valid,2.87360163035214,130.092695757847,711.43055368009,2.87752522179401,-130.095809167715,-0.0231785015141668,2.87330466680867,130.079251727365,711.357033072389,2.87393190532474,-130.082967319676,0.0503625408724702,-0.000296963543469086,-0.0134440304820487,-0.0735206077006296,-0.00359331646926364,0.0128418480389314,0.0735410423866369,0.0747402829779115,0.074740282977899
2099.71520739794,2855,other,common,True,True,valid,valid,2.8720367405122,130.189234291536,711.426834280317,2.87583075058571,-130.192374909519,-0.0203223539655255,2.87173827005377,130.175704645521,711.352900722861,2.87221740841807,-130.179450828618,0.0536318427722335,-0.000298470458431677,-0.013529646015229,-0.0739335574552342,-0.00361334216763964,0.0129240809018825,0.073954196737759,0.0751619007469767,0.0751619007470275
2099.64401805401,2856,other,common,True,True,valid,valid,2.8650703634186,130.282582509756,711.405704354252,2.8679595218537,-130.285892939811,-0.000289486004362516,2.86477093889842,130.268966858198,711.331356333205,2.8643266383648,-130.27288624844,0.0740794052948104,-0.000299424520179947,-0.0136156515574157,-0.0743480210466032,-0.00363288348889057,0.0130066913706912,0.0743688912991729,0.0755850769393165,0.0755850769393302
2099.56600439548,2857,other,common,True,True,valid,valid,2.85743395086091,130.375529162851,711.382413549506,2.85932203385398,-130.37902710422,0.0218753042033768,2.85713364425837,130.361827137576,711.307649674156,2.85566961855002,-130.3659374456,0.0966602855680776,-0.000300306602545319,-0.0137020252755633,-0.074763875350186,-0.00365241530396077,0.013089658620828,0.0747849813647008,0.0760096884488146,0.0760096884487831
2099.55156219006,2858,other,common,True,True,valid,valid,2.85604313370695,130.472162964788,711.379251204203,2.85782643656379,-130.475683551848,0.0241819896149309,2.85574129752369,130.458374230568,711.304070267509,2.85415378843033,-130.462510600641,0.0993842405847545,-0.000301836183257631,-0.0137887342196734,-0.0751809366945508,-0.00367264813345969,0.0131729512066272,0.0752022509698236,0.0764355515367841,0.0764355515367863
2099.50699609518,2859,other,common,True,True,valid,valid,2.85169301180406,130.567044739719,711.366549579217,2.85294675994491,-130.570666105743,0.0358998931712904,2.85138995223952,130.553168915233,711.290950124491,2.84925411951457,-130.557409492563,0.111520885751702,-0.00030305956453347,-0.0138758244865471,-0.0755994547263299,-0.00369264043033724,0.01325661318009,0.0756209925804114,0.0768629163198972,0.0768629163199064
2099.4827477932,2860,other,common,True,True,valid,valid,2.849338942927,130.663105321309,711.360279970598,2.85034954598425,-130.666774783735,0.0412721796499227,2.84903444919405,130.649142048601,711.284260672277,2.84663664320094,-130.653434161488,0.117313231519006,-0.000304493732949496,-0.0139632727081676,-0.0760192983210572,-0.00371290278331315,0.013340622247199,0.0760410518690833,0.0772916516732691,0.0772916516732396
2099.48864227533,2861,other,common,True,True,valid,valid,2.84994598629533,130.76091931203,711.363552779768,2.85113835804433,-130.764558711858,0.037230182759231,2.84963974185345,130.746868237046,711.287112336599,2.8474048182945,-130.751133737151,0.113692582542967,-0.000306244441884207,-0.0140510749844509,-0.0764404431682806,-0.00373353974983104,0.0134249747069646,0.0764623997837361,0.0777217334189092,0.0777217334188713
2099.47467911243,2862,other,common,True,True,valid,valid,2.84860230599157,130.857577330232,711.360537003737,2.84969642152425,-130.861238175338,0.0393923633130271,2.84829451243399,130.843438073524,711.283673978686,2.84594238171982,-130.847728480498,0.116277558686306,-0.000307793557579039,-0.0141392567076934,-0.0768630250508977,-0.00375403980443423,0.0135096948395415,0.0768851953732792,0.0781532976725555,0.078153297672575
2099.52265182137,2863,other,common,True,True,valid,valid,2.8533430457563,130.957846108225,711.377130105292,2.85521207088448,-130.961367788083,0.0222088905363762,2.85303304727483,130.943618329518,711.299843278384,2.85143682112858,-130.947773042831,0.0995180736275643,-0.00030999848146962,-0.0142277787069531,-0.0772868269074252,-0.00377524975590404,0.0135947452517655,0.0773091830911881,0.0785861272707266,0.0785861272707002
2099.53637975454,2864,other,common,True,True,valid,valid,2.85471972291951,131.056121315122,711.38287938902,2.85688079263197,-131.059592648134,0.0157236743032172,2.85440787075482,131.041804625886,711.305167279813,2.85308461738702,-131.04591247607,0.0934583429249187,-0.000311852164694315,-0.0143166892358977,-0.0777121092073685,-0.00379617524494336,0.0136801720639141,0.0777346686217015,0.0790204831667578,0.079020483166799
2099.51101431251,2865,other,common,True,True,valid,valid,2.85225584903711,131.152115269676,711.376249170155,2.85415771383693,-131.155637652751,0.0214518256374276,2.85194255195711,131.137709277744,711.298110281696,2.85034095429449,-131.141871673973,0.0996134966983391,-0.000313297079996389,-0.0144059919320512,-0.0781388884587386,-0.00381675954243832,0.0137659787783093,0.0781616710609114,0.0794563820481014,0.079456382048038
2099.53990125656,2866,other,common,True,True,valid,valid,2.85512178411361,131.25127812475,711.386795642812,2.85752930886803,-131.254710868478,0.0102338147479486,2.85480645901805,131.236782483251,711.308228728234,2.85369132655975,-131.240858746331,0.0888237105515373,-0.000315325095565644,-0.0144956414987689,-0.0785669145773227,-0.00383798230828347,0.0138521221466306,0.0785898958035887,0.0798935737001234,0.0798935737001593
2099.51036924124,2867,other,common,True,True,valid,valid,2.85224857392006,131.347027394526,711.378843450072,2.85433802612441,-131.350522016256,0.0172662428250305,2.85193184023549,131.332441699462,711.29984695437,2.8504793700856,-131.336583359484,0.0962859478034943,-0.000316733684570192,-0.0145856950633458,-0.0789964957021994,-0.00385865603881541,0.0139386567722397,0.0790197049784638,0.0803323667890811,0.0803323667890076
2099.51871699095,2868,other,common,True,True,valid,valid,2.85309672619596,131.444991651864,711.382883887885,2.85540212924706,-131.448449923277,0.0124669796650778,2.85277817203657,131.430315546271,711.303456515339,2.85152232986119,-131.43442438553,0.0919177726713087,-0.000318554159389528,-0.0146761055933382,-0.0794273725458652,-0.0038797993858779,0.0140255377464769,0.0794507930062309,0.080772501890674,0.0807725018906277
2099.50373598933,2869,other,common,True,True,valid,valid,2.85165304608638,131.541590768605,711.37953639762,2.8538454198455,-131.545073202197,0.0149565348621081,2.85133291852234,131.526823863816,711.299676683128,2.84994465819574,-131.530960406815,0.0948398937213142,-0.000320127564037875,-0.0147669047888428,-0.0798597144928408,-0.00390076164975994,0.014112795382033,0.0798833588592061,0.0812141487524067,0.0812141487523699
2099.5408205092,2870,other,common,True,True,valid,valid,2.85532439704973,131.641240915123,711.392673288254,2.85813778189339,-131.644612491674,0.0011828682140731,2.85500212290211,131.626382859502,711.312379971095,2.85421542880082,-131.63041209735,0.0815000295506252,-0.000322274147617208,-0.0148580556209481,-0.0802933171593168,-0.00392235309256961,0.0142003943239501,0.0803171613365521,0.0816571029237998,0.0816571029237519
2099.54229685664,2871,other,common,True,True,valid,valid,2.85549753589081,131.738806087654,711.394534096828,2.8584298141637,-131.74215916651,-0.00146598473872928,2.85517349655132,131.72385648424,711.313805673131,2.85448618315952,-131.727870788606,0.0792865017106124,-0.000324039339488547,-0.0149496034134415,-0.080728423697451,-0.0039436310041765,0.014288377904478,0.0807524864493416,0.0821016080012316,0.0821016080012406
2099.52396175265,2872,other,common,True,True,valid,valid,2.85372432146739,131.835208927776,711.390120484569,2.85649609572635,-131.838594901101,0.00207543774718033,2.85339873005117,131.820167386427,711.308955490787,2.85253133404193,-131.824218161464,0.0832647240710003,-0.00032559141621169,-0.0150415413494898,-0.0811649937820675,-0.00396476168442206,0.0143767396371288,0.0811892863238199,0.082547623779136,0.0825476237791208
2099.51857420802,2873,other,common,True,True,valid,valid,2.85322313479844,131.93237131248,711.389805260154,2.85601690403642,-131.935756611425,0.00157346355706522,2.8528958439196,131.917237458689,711.308202320754,2.85203080270992,-131.921291146821,0.0832009203263624,-0.000327290878843645,-0.0151338537908714,-0.0816029394001134,-0.0039861013265039,0.0144654646043705,0.0816274567692972,0.082995062314703,0.0829950623147482
2099.53065547347,2874,other,common,True,True,valid,valid,2.85443816086793,132.030560717843,711.395020009961,2.85750017277811,-132.033900047729,-0.00438430898316255,2.85410897030171,132.015334178471,711.312977759875,2.85349247053093,-132.019345496203,0.0776826759704363,-0.0003291905662266,-0.0152265393722075,-0.0820422500856921,-0.00400770224718627,0.0145545515266292,0.0820669849535989,0.0834439132999257,0.0834439132999983
2099.55187249184,2875,other,common,True,True,valid,valid,2.85655077383121,132.129289186002,711.403126301211,2.86000978822306,-132.132558862846,-0.0131948450912205,2.85621957379955,132.113969582667,711.320643350054,2.85598031299711,-132.117914857408,0.0693130551696868,-0.000331200031661094,-0.0153196033351151,-0.0824829511567486,-0.00402947522594843,0.0146440054381287,0.0825079002609073,0.0838942022510067,0.0838942022510036
2099.56930580735,2876,other,common,True,True,valid,valid,2.8582917048222,132.227797260015,711.410033305594,2.86209431823913,-132.231007106806,-0.0208221769804595,2.85795852977502,132.212384206646,711.327108224501,2.858043040334,-132.216273273093,0.062128070671406,-0.000333175047178447,-0.0154130533689454,-0.0829250810929807,-0.00405127790512694,0.0147338337130805,0.0829502476518655,0.0843459678588339,0.084345967858903
2099.56746724248,2877,other,common,True,True,valid,valid,2.85813922121797,132.325171844051,711.410836535894,2.86201363402989,-132.328371855321,-0.0224275688674425,2.85780428210934,132.309664945444,711.32746784983,2.85794069800182,-132.313547810215,0.0609665123580498,-0.000334939108632692,-0.0155068986066453,-0.0833686860639773,-0.00407293602807357,0.0148240451061099,0.0833940812254923,0.0847992565099322,0.0847992565099528
2099.55296370387,2878,other,common,True,True,valid,valid,2.85674242555933,132.421800000021,711.407628046491,2.8605099961607,-132.425023034839,-0.0200750086956987,2.85640586141914,132.406198863264,711.323814296074,2.85641547541556,-132.410108397385,0.0637643734100948,-0.000336564140192674,-0.0156011367566862,-0.0838137504164251,-0.0040945207451486,0.0149146374539555,0.0838393821057934,0.0852540527035993,0.0852540527036494
2099.55123046041,2879,other,common,True,True,valid,valid,2.85660030039481,132.519180959095,711.408461970398,2.86044103657817,-132.522393906966,-0.0217106507138851,2.85626196069322,132.503485203503,711.324201765462,2.85632471835584,-132.507388307869,0.0625754173720452,-0.000338339701592805,-0.0156957555926738,-0.0842602049367542,-0.00411631822233005,0.0150055990972078,0.0842860680859303,0.0857102873251656,0.0857102873251495
2099.57979774475,2880,other,common,True,True,valid,valid,2.85943521065188,132.618351576013,711.418889398435,2.86377631078618,-132.621475858602,-0.032811192931149,2.85909474029464,132.602560829166,711.334181396477,2.85963778010454,-132.606378936443,0.0519228893901982,-0.000340470357240719,-0.0157907468473297,-0.0847080019575515,-0.00413853068163661,0.0150969221588184,0.0847340823213472,0.0861679128312921,0.0861679128313615
2099.61626440287,2881,other,common,True,True,valid,valid,2.86304637177427,132.717992063261,711.431817268235,2.86799918136638,-132.721007199871,-0.0463786713420404,2.86270366987847,132.702105940028,711.346660061245,2.86383827426193,-132.705818581056,0.0388048303994992,-0.000342701895791553,-0.0158861232336847,-0.0851572069904023,-0.00416090710445616,0.0151886188153583,0.0851835017415397,0.0866269949749581,0.0866269949750138
2099.628215909,2882,other,common,True,True,valid,valid,2.86424888844352,132.8161864135,711.436980829395,2.86946766320577,-132.819155999841,-0.0522859088146106,2.86390423054418,132.800204510534,711.351372914415,2.86528458749781,-132.803875293337,0.0333485293804188,-0.000344657899334244,-0.0159819029664447,-0.0856079149792777,-0.00418307570796372,0.0152807065037734,0.0856344381950294,0.0870876289641397,0.0870876289642296
2099.6078440845,2883,other,common,True,True,valid,valid,2.86227546070418,132.912469262283,711.431907151434,2.86730433527404,-132.915477149443,-0.0480930879988364,2.86192921834817,132.896391170871,711.345846999971,2.86309939355199,-132.900103959062,0.0379938335386214,-0.000346242356018767,-0.0160780914113445,-0.0860601514636983,-0.004204941722044,0.0153731903806147,0.0860869215374578,0.087549840531867,0.0875498405318983
2099.55838254094,2884,other,common,True,True,valid,valid,2.85744392977454,133.007028008362,711.417620642657,2.8618726543456,-133.010149656845,-0.0348108566832934,2.85709644238988,132.99085332027,711.331106732156,2.85764611737854,-132.994683586827,0.0517300877070284,-0.000347487384665168,-0.016174688092093,-0.0865139105009121,-0.00422653696706021,0.0154660700181921,0.0865409443903218,0.0880136239028869,0.0880136239028386
2099.50309687853,2885,other,common,True,True,valid,valid,2.85204038197178,133.101237920538,711.401489231674,2.85578680091829,-133.104488441698,-0.0197083945743088,2.85169171884778,133.084966238792,711.314520103458,2.85153867247147,-133.088929107021,0.0672880361830721,-0.000348663124003057,-0.0162716817459625,-0.0869691282157419,-0.0042481284468181,0.0155593346770502,0.0869964307573809,0.0884789153155828,0.0884789153155536
2099.51600509882,2886,other,common,True,True,valid,valid,2.85333678211963,133.199488139362,711.406950007742,2.85736239970274,-133.202690675817,-0.0259087921740502,2.85298613238249,133.183119105817,711.319524414808,2.85309181375245,-133.187037728553,0.0615443372842037,-0.000350649737139275,-0.0163690335454874,-0.0874255929346646,-0.0042705859502874,0.015652947263419,0.0874531294582539,0.0889455030590592,0.0889455030590771
2099.50993925333,2887,other,common,True,True,valid,valid,2.8527690360419,133.296613819661,711.406401408497,2.8568062530574,-133.299817593029,-0.0261803134308138,2.85241661934469,133.280147028343,711.318517850032,2.85251336169213,-133.284070639504,0.0617310271377391,-0.000352416697217528,-0.0164667913171854,-0.0878835584642275,-0.00429289136527444,0.0157469535249106,0.087911340568553,0.0894136413649925,0.0894136413650057
2099.53897404671,2888,other,common,True,True,valid,valid,2.85564991005123,133.39582435236,711.416966116192,2.86019360594517,-133.398938335539,-0.0374162614089073,2.85529529901228,133.379259425511,711.328623245942,2.85587792179779,-133.383097009024,0.0509546190836545,-0.00035461103895118,-0.0165649268486447,-0.0883428702496758,-0.00431568414738592,0.0158413265150159,0.0883708804925618,0.0898831757029142,0.0898831757029422
2099.52905255556,2889,other,common,True,True,valid,valid,2.85470335229458,133.492722324182,711.415193933861,2.85920416082421,-133.495847566363,-0.0364805668310737,2.85434700855281,133.476058842796,711.326390187596,2.85486607488216,-133.479911460669,0.0523514402894989,-0.000356343741769738,-0.0166634813854785,-0.0888037462647162,-0.00433808594205232,0.0159361056940099,0.0888320071205726,0.0903543244310674,0.0903543244311015
2099.53390330076,2890,other,common,True,True,valid,valid,2.8552081832765,133.590498656831,711.418098117805,2.85987434481715,-133.593596854702,-0.0401585890980414,2.85484992263168,133.573736230024,711.328832085273,2.85551360978076,-133.5775655905,0.0491359483892211,-0.000358260644825581,-0.016762426807162,-0.0892660325314409,-0.00436073503639278,0.0160312642024394,0.0892945374872625,0.0908269335993425,0.0908269335992918
2099.55961489677,2891,other,common,True,True,valid,valid,2.85776266639976,133.689517736163,711.42760680121,2.86288828281456,-133.692534793326,-0.0503526557187115,2.85740222744286,133.672655975426,711.33787708799,2.85850457496241,-133.676407993534,0.0394057965843331,-0.00036043895690252,-0.0168617607361625,-0.0897297132200947,-0.00438370785215625,0.0161267997924881,0.0897584523030446,0.091300987540802,0.0913009875407598
2099.54839664698,2892,other,common,True,True,valid,valid,2.85668869989698,133.786339560028,711.425419947869,2.86175296283151,-133.789371272635,-0.0490078018955273,2.85632652711275,133.769378044028,711.335224987134,2.85734665589698,-133.773148528755,0.0412161537720976,-0.000362172784236225,-0.0169615160003218,-0.0901949607348342,-0.00440630693453414,0.0162227438798652,0.090223955667625,0.0917766589940662,0.0917766589940306
2099.46910706162,2893,other,common,True,True,valid,valid,2.84892676181797,133.879102962996,711.401677029093,2.8529697656284,-133.882325893399,-0.0263954882033204,2.84856369122344,133.862041251842,711.311015158354,2.84854162019459,-133.866006779164,0.0642956726240982,-0.000363070594524117,-0.0170617111533318,-0.0906618707388134,-0.00442814543380621,0.0163191142346761,0.0906911608274186,0.0922540438875047,0.0922540438875828
2099.43581068516,2894,other,common,True,True,valid,valid,2.84568379014469,133.974603891378,711.39249700934,2.84935402795847,-133.977898757297,-0.0181510308430006,2.84531925513061,133.95744160712,711.301366900363,2.84490341837708,-133.961482905639,0.0730086397225023,-0.00036453501407463,-0.0171622842581485,-0.0911301089770404,-0.0044506095813901,0.0164158516575981,0.0911596705655029,0.0927328078346668,0.0927328078346668
2099.47591546178,2895,other,common,True,True,valid,valid,2.84965217737485,134.07448429917,711.406557182862,2.85398455073247,-134.077660743692,-0.0328356066498827,2.84928526061983,134.057221078381,711.314957587821,2.84951050460025,-134.061147801411,0.0587937820853313,-0.00036691675501066,-0.0172632207886068,-0.0915995950408615,-0.00447404613222346,0.016512942281139,0.091629388735214,0.0932128705252183,0.0932128705252791
2099.48423194885,2896,other,common,True,True,valid,valid,2.85049752882456,134.172469632817,711.410550742786,2.85504376470666,-134.175610109991,-0.0375883382347411,2.85012861787464,134.15510505252,711.318480099187,2.85054659906868,-134.158999666911,0.0545123503559353,-0.000368910949919421,-0.0173645802968565,-0.0920706435992997,-0.00449716563797864,0.0166104430799976,0.0921006885906763,0.0936945471036827,0.0936945471036922
2099.54175573587,2897,other,common,True,True,valid,valid,2.85617763281631,134.273398186092,711.430124833504,2.86163154526758,-134.276375077901,-0.0577130460349053,2.85580610048839,134.255931867599,711.337581818183,2.85711057418922,-134.259666766177,0.0348602392183466,-0.000371532327923418,-0.0174663184926374,-0.0925430153214393,-0.0045209710783638,0.0167083117242157,0.0925732852532519,0.0941775982001085,0.0941775982001289
2099.57027468085,2898,other,common,True,True,valid,valid,2.85900810125257,134.372596910211,711.440513464461,2.86496065535522,-134.375485453333,-0.0687752600722433,2.8586343016189,134.355028429912,711.347496518061,2.86041616258165,-134.358678862131,0.0242721989004622,-0.000373799633668792,-0.0175684802985074,-0.0930169463995298,-0.00454449277356161,0.0168065912017425,0.0930474589727055,0.094662260397997,0.0946622603980528
2099.57128331065,2899,other,common,True,True,valid,valid,2.85913553304127,134.470151382193,711.442189154457,2.86519873421156,-134.47302294309,-0.0712411453021105,2.85875980673657,134.452480316067,711.348696718844,2.86063099011843,-134.456117661155,0.0222820626291877,-0.000375726304690627,-0.0176710661268373,-0.0934924356130296,-0.00456774409312999,0.0169052819348963,0.0935232079312982,0.0951485326485468,0.0951485326484833
2099.54301577806,2900,other,common,True,True,valid,valid,2.85638638502022,134.565952202061,711.434592627619,2.86214733227407,-134.568882728273,-0.0645588812302549,2.85600910061621,134.548178123826,711.340623136068,2.85755663476057,-134.551878342162,0.0294416607486028,-0.000377284404012634,-0.0177740782350782,-0.093969491550979,-0.00459069751349972,0.0170043861107843,0.0940005419788577,0.0956364237253658,0.095636423725399
2099.47824573517,2901,other,common,True,True,valid,valid,2.85005084713147,134.659562393243,711.415436272766,2.85499476842338,-134.662646569985,-0.0464714357934781,2.84967247187267,134.641684871225,711.320988133328,2.85038151283126,-134.645542661068,0.0480080549818922,-0.000378375258800467,-0.017877522017443,-0.0944481394376453,-0.00461325559212611,0.0171039089169653,0.0944794907753703,0.0961259590566124,0.0961259590567055
2099.44919934869,2902,other,common,True,True,valid,valid,2.84722536721778,134.75531110787,711.407591081875,2.85185595866207,-134.758456286872,-0.0395437570459762,2.8468454417332,134.737329750489,711.312662918869,2.84721962434442,-134.74125247484,0.0554160394149221,-0.000379925484575772,-0.0179813573808758,-0.0949281630055339,-0.00463633431765942,0.0172038120318234,0.0949597964608984,0.0966169223699338,0.0966169223698761
2099.35799533129,2903,other,common,True,True,valid,valid,2.83829337012865,134.847325782966,711.380064012632,2.84173417444805,-134.850693176362,-0.0131974812613862,2.83791269994421,134.829240141461,711.284654150133,2.83707549092262,-134.833389026187,0.082244334809161,-0.000380670184438436,-0.0180856415045412,-0.0954098624981725,-0.00465868352542742,0.0173041501751641,0.0954418160705472,0.0971096143558417,0.0971096143557315
2099.31156298518,2904,other,common,True,True,valid,valid,2.83376018648562,134.942023341605,711.366712455881,2.83664245289885,-134.945496839526,-0.000837009736073924,2.83337819289599,134.923833027501,711.270819541115,2.83196078133078,-134.928091973816,0.0950881545828679,-0.000381993589624763,-0.0181903141039754,-0.095892914766182,-0.00468167156806487,0.0174048657094374,0.0959251643189418,0.097603711756562,0.0976037117565248
2099.33329686522,2905,other,common,True,True,valid,valid,2.8359235613217,135.040815889692,711.374941731273,2.83920830913689,-135.044218725855,-0.00976865364475543,2.83553934971161,135.022520527289,711.278564482089,2.83450269826493,-135.026712779418,0.0866411027606091,-0.000384211610088059,-0.0182953624026538,-0.0963772491849113,-0.00470561087195875,0.0175059464365575,0.0964097564053645,0.0980991440556759,0.0980991440556932
2099.42106422782,2906,other,common,True,True,valid,valid,2.84457442372794,135.143584208918,711.404077925357,2.84919266523843,-135.146745136705,-0.0393275841721561,2.84418711409704,135.125183420637,711.307215052464,2.84446217808128,-135.129137742528,0.0575680159587364,-0.000387309630897725,-0.0184007882801609,-0.096862872893098,-0.00473048715715407,0.0176073941776167,0.0968956001308925,0.0985959185929415,0.0985959185929914
2099.51311123371,2907,other,common,True,True,valid,valid,2.85364653242754,135.246618777486,711.434570270166,2.85965866142261,-135.249526688515,-0.0702245759316611,2.85325605038346,135.228112149018,711.337220292839,2.85490315721446,-135.231817444418,0.0271583471718486,-0.000390482044081431,-0.0185066284682307,-0.0973499773263029,-0.00475550420814841,0.017709244096352,0.0973829231035097,0.0990942271725229,0.099094227172535
2099.47238057852,2908,other,common,True,True,valid,valid,2.84967294230719,135.341660186616,711.423016853554,2.85520660598567,-135.344659473707,-0.059638137095817,2.84928103887596,135.32304722222,711.325177863956,2.85042774839552,-135.326847899583,0.0382340972963675,-0.0003919034312303,-0.0186129643960555,-0.0978389895983582,-0.0047788575901464,0.0178115741234137,0.0978722343921845,0.0995944974259918,0.0995944974260098
2099.46371418238,2909,other,common,True,True,valid,valid,2.84884981283609,135.438632282348,711.421615566111,2.85435709853645,-135.441639790356,-0.0590680326812389,2.84845605799834,135.419912581352,711.323286162592,2.8495543950736,-135.423725497018,0.0392948972182694,-0.000393754837754834,-0.0187197009964279,-0.0983294035194149,-0.00480270346285039,0.0179142933377818,0.0983629298995083,0.100096222929498,0.100096222929538
2099.39024204016,2910,other,common,True,True,valid,valid,2.84165959373951,135.531693242304,711.399692789929,2.84622664889216,-135.534877061116,-0.0382508099115739,2.84126485484528,135.512866345922,711.300871267216,2.84140088951883,-135.516859603751,0.0606045615870698,-0.000394738894228475,-0.0188268963816824,-0.0988215227133651,-0.00482575937333252,0.0180174573647776,0.0988553714986438,0.100599707740874,0.100599707740906
2099.33082211018,2911,other,common,True,True,valid,valid,2.83585029848972,135.62559714355,711.382219198698,2.83967524961166,-135.628920830414,-0.0218232235135929,2.83545438928339,135.606662638244,711.282904093823,2.83482618260632,-135.610799807471,0.077526046076855,-0.000395909206333034,-0.0189345053059355,-0.0993151048743357,-0.00484906700533827,0.0181210229432338,0.0993492695904479,0.101104709541546,0.101104709541579
2099.26385131478,2912,other,common,True,True,valid,valid,2.82929950726581,135.71904028218,711.362354558225,2.83227587514346,-135.722523422159,-0.00303649841839615,2.82890253235695,135.699997740551,711.262544338365,2.82740353622529,-135.704298418799,0.0968082086781124,-0.000396974908863257,-0.0190425416286359,-0.099810219859819,-0.00487233891816174,0.0182250033603566,0.0998447070965085,0.101611298432911,0.101611298432832
2099.20250746608,2913,other,common,True,True,valid,valid,2.82330180411646,135.812818562999,711.344271114419,2.82550890606548,-135.816446566598,0.0139928998243022,2.82290368964149,135.793667564379,711.243964285514,2.82061315439762,-135.798117174394,0.11433453707059,-0.000398114474962519,-0.0191509986202902,-0.100306828904763,-0.00489575166786693,0.0183293922041514,0.100341637246288,0.102119435800532,0.102119435800599
2099.19058489799,2914,other,common,True,True,valid,valid,2.82215894544729,135.909582569591,711.341832754223,2.82429348115032,-135.913227289038,0.0155863879917888,2.82175901514097,135.89032271852,711.241027958117,2.8193735801923,-135.89479312366,0.116426285090256,-0.000399930306323348,-0.0192598510714674,-0.100804796105763,-0.00491990095801498,0.0184341653783235,0.100839897098467,0.102628985795775,0.102628985795737
2099.22059944272,2915,other,common,True,True,valid,valid,2.82513563621671,136.008885448905,711.352669691717,2.82778877703987,-136.012438146994,0.00408202740891284,2.82473330701236,135.989516344652,711.251365545489,2.82284408224569,-135.993898819043,0.105421543017655,-0.000402329204343133,-0.0193691042528314,-0.10130414622779,-0.00494469479418314,0.0185393279507196,0.101339515608743,0.103139973391926,0.103139973391923
2099.27855953574,2916,other,common,True,True,valid,valid,2.8308577334035,136.109884962071,711.372353226555,2.8344234348064,-136.11327317667,-0.0161507110661887,2.83045260765201,136.090406194636,711.27054830157,2.82945348481148,-136.094628287853,0.0856898357546925,-0.000405125751491209,-0.0194787674350039,-0.101804924984435,-0.00496994999492273,0.0186448888174766,0.101840546820881,0.103652444538216,0.103652444538198
2099.34816473722,2917,other,common,True,True,valid,valid,2.83772424393597,136.211596415355,711.395723583716,2.84236668850327,-136.214789947684,-0.0400210318323388,2.83731614535969,136.19200756394,711.293416397742,2.83737124068881,-136.196039089348,0.0623220224455281,-0.00040809857628199,-0.0195888514146247,-0.102307185974041,-0.00499544781445849,0.0187508583361762,0.102343054277867,0.104166453074487,0.104166453074552
2099.35159114003,2918,other,common,True,True,valid,valid,2.8380892612725,136.309298051085,711.398139400875,2.84287530614033,-136.312468538661,-0.0432168427373654,2.8376791009283,136.2895986465,711.295328220938,2.83785519288751,-136.293611255815,0.0596304948030593,-0.000410160344197497,-0.0196994045849408,-0.102811179937135,-0.0050201132528187,0.0188572828462839,0.102847337540425,0.10468225013141,0.104682250131385
2099.30747911334,2919,other,common,True,True,valid,valid,2.83378390844582,136.40411327468,711.385502134782,2.83804321084018,-136.4073840167,-0.0315606827266492,2.83337234870716,136.384302857575,711.282185283248,2.83299901857749,-136.38841986374,0.0717926473841999,-0.000411559738662248,-0.0198104171050204,-0.103316851533464,-0.00504419226268737,0.018964152960109,0.103353330110849,0.105199780503959,0.105199780503951
2099.29667297006,2920,other,common,True,True,valid,valid,2.83275067803595,136.500949394406,711.383408978937,2.83695278643583,-136.504234024521,-0.0303077222553156,2.8323372478851,136.481027553583,711.279585034117,2.83188398081416,-136.485162601899,0.0735530029154461,-0.000413430150848715,-0.0199218408230024,-0.103823944820078,-0.00506880562166856,0.0190714226222326,0.103860725170762,0.105718788227398,0.105718788227366
2099.30887883902,2921,other,common,True,True,valid,valid,2.83397820618268,136.59918462192,711.388600468817,2.83844752009638,-136.602423471813,-0.0362420738592846,2.83356257397348,136.579150938967,711.284267974318,2.83335370444208,-136.583244373051,0.0681274898264519,-0.000415632209192385,-0.0200336829529704,-0.10433249449909,-0.00509381565430544,0.0191790987624074,0.104369563685736,0.106239308220621,0.106239308220683
2099.29354387522,2922,other,common,True,True,valid,valid,2.83250006012542,136.695745179998,711.385070745844,2.83684820611184,-136.699009684852,-0.0335717027277269,2.83208261130699,136.675599204324,711.280228080026,2.83172969271698,-136.679722472645,0.0713083403741166,-0.000417448818430532,-0.0201459756746942,-0.1048426658175,-0.00511851339486213,0.0192872122068479,0.104880043101844,0.106761506054951,0.106761506054991
2099.25503820181,2923,other,common,True,True,valid,valid,2.82874563628541,136.790893701241,711.374203696434,2.83264586699865,-136.794243960972,-0.0236619825541311,2.82832669934171,136.770634983668,711.268849248547,2.82750291173533,-136.774848199342,0.0817301674253486,-0.00041893694369799,-0.0202587175735687,-0.105354447886498,-0.00514295526332376,0.019395761630193,0.10539214997948,0.107285371022135,0.107285371022115
2099.23464040458,2924,other,common,True,True,valid,valid,2.82677018366755,136.887143020409,711.369068585492,2.83047775340483,-136.890532084883,-0.019407608935694,2.8263494967159,136.866771136182,711.263200875874,2.82531002824873,-136.871027361199,0.086498117797646,-0.000420686951648985,-0.0203718842267051,-0.105867709617655,-0.00516772515609887,0.019504723683184,0.10590572673334,0.107810772115525,0.107810772115607
2099.24296618998,2925,other,common,True,True,valid,valid,2.82761649542103,136.985142883276,711.373026102956,2.83153631832188,-136.988496274905,-0.0241244112107779,2.8271936389591,136.964657413288,711.266643684614,2.82634333925184,-136.968882181917,0.0822963224137538,-0.000422856461925303,-0.0204854699885004,-0.106382418342037,-0.00519297907003846,0.0196140929878368,0.106420733624532,0.108337676828226,0.108337676828243
2099.26601457596,2926,other,common,True,True,valid,valid,2.82990918400664,137.08404252379,711.3816436278,2.83424878088736,-137.087322072432,-0.0334389879044465,2.82948393633053,137.06344303924,711.274745006286,2.82903025935405,-137.067598193586,0.0734982390897585,-0.000425247676110185,-0.0205994845504449,-0.106898621514119,-0.00521852153330826,0.0197238788469178,0.106937226994205,0.108866132846487,0.108866132846591
2099.28166374564,2927,other,common,True,True,valid,valid,2.83147502033928,137.182492729921,711.387917293716,2.83613001429472,-137.185717634031,-0.0404410042714289,2.83104748027519,137.161778787077,711.28050089994,2.83088597861009,-137.165883538451,0.0670142916088707,-0.000427540064088294,-0.0207139428433152,-0.107416393775907,-0.00524403568463327,0.0198340955797676,0.1074552958803,0.109396215064522,0.109396215064562
2099.27536952496,2928,other,common,True,True,valid,valid,2.83088509615853,137.279603546584,711.387242058778,2.83554603650569,-137.282830724561,-0.0405868925519144,2.83045557790323,137.258774691367,711.279306273088,2.8302767278686,-137.262885971439,0.0673881079690091,-0.000429518255300021,-0.0208288552169051,-0.107935785689961,-0.0052693086370823,0.0199447531220471,0.107975000520923,0.109927974274465,0.109927974274548
2099.2407823801,2929,other,common,True,True,valid,valid,2.827515642363,137.374983775429,711.377607680959,2.83178355644111,-137.378286611675,-0.0318932242626033,2.82708455856791,137.354039548466,711.26915085962,2.82648931332621,-137.358230755107,0.076603145162494,-0.000431083795084053,-0.0209442269631381,-0.108456821338905,-0.00529424311489635,0.020055856568348,0.108496369425097,0.110461434769158,0.110461434769231
2099.1835886687,2930,other,common,True,True,valid,valid,2.82192548506452,137.468977911137,711.360815150397,2.82548160141046,-137.472415038245,-0.0161369187645732,2.8214931700141,137.447917855358,711.251835665184,2.82016268469924,-137.452247634504,0.0928824648067348,-0.000432315050423959,-0.0210600557782072,-0.108979485212785,-0.00531891671121798,0.0201674037419366,0.109019383571308,0.1109965812218,0.110996581221852
2099.11987370253,2931,other,common,True,True,valid,valid,2.81569499222469,137.562568332898,711.3419576433,2.81844735027063,-137.566156665269,0.00165685358251721,2.81526154514262,137.54139200023,711.232453916246,2.81310378827305,-137.545877279209,0.111200835738146,-0.000433447082071048,-0.021176332667693,-0.109503727053834,-0.00534356199757724,0.0202793860600252,0.109543982155628,0.111533363529961,0.11153336352996
2099.06553467363,2932,other,common,True,True,valid,valid,2.81038577102305,137.656728498389,711.326067866645,2.81246652926433,-137.660443727438,0.0165225619311968,2.80995105430788,137.635435449779,711.216038370046,2.80709811595645,-137.640051932526,0.126592666221086,-0.00043471671516615,-0.0212930486093228,-0.110029496599168,-0.00536841330788462,0.0203917949119443,0.110070104289889,0.112071731581018,0.112071731580993
2099.03723011911,2933,other,common,True,True,valid,valid,2.80763395132123,137.752481143912,711.318418687987,2.80941008330177,-137.756255770821,0.0232576975241727,2.80719757451755,137.731070949969,711.20786194757,2.80401636245506,-137.735751149745,0.133855382721663,-0.000436376803675476,-0.0214101939434386,-0.11055674041711,-0.00539372084671186,0.0205046210757871,0.11059768519749,0.112611632085973,0.112611632086019
2099.05085782707,2934,other,common,True,True,valid,valid,2.80900092408146,137.850805188345,711.324042082671,2.81106349186933,-137.854530497116,0.0168974060532037,2.80856225057633,137.829277428998,711.212956675702,2.80564376365555,-137.833912641466,0.128024068348282,-0.000438673505135601,-0.0215277593464975,-0.111085406968868,-0.00541972821378067,0.0206178556500163,0.111126662295078,0.113153013651268,0.113153013651252
2099.09421229362,2935,other,common,True,True,valid,valid,2.81328793815975,137.950956567846,711.339074702387,2.81605596039608,-137.954555487122,0.00125344257241977,2.81284650782171,137.92931081429,711.227459163877,2.81060969939641,-137.933823980097,0.112910528340763,-0.00044143033803401,-0.0216457535554184,-0.111615538510478,-0.00544626099967616,0.0207315070255163,0.111657085768343,0.113695918768921,0.113695918768902
2099.11873671412,2936,other,common,True,True,valid,valid,2.81572542645607,138.049954955982,711.348145361696,2.81893340174603,-138.053476320269,-0.00850812307498927,2.81528151441818,138.028190746923,711.235998061434,2.81346080965947,-138.032630713931,0.103681030777352,-0.000443912037887628,-0.0217642090592562,-0.112147300261654,-0.00547259208656214,0.0208456063379856,0.112189153852341,0.114240512997141,0.114240512997135
2099.11505922675,2937,other,common,True,True,valid,valid,2.81539262526214,138.147221413442,711.348286704134,2.81864290658041,-138.150738363075,-0.00945950255254502,2.81494665457023,138.125338280209,711.235605977203,2.81314433131373,-138.129778202398,0.103263405350162,-0.000445970691909992,-0.0218831332321088,-0.112680726930989,-0.00549857526668518,0.0209601606771912,0.112722907902707,0.114786831263906,0.114786831263954
2099.09558162093,2938,other,common,True,True,valid,valid,2.81350776118906,138.243515563735,711.343424798113,2.81657753926286,-138.247069080554,-0.0054743612377024,2.81305996977909,138.221513044457,711.230209018308,2.81105314553442,-138.22599391699,0.107783939663932,-0.000447791409977416,-0.0220025192780895,-0.113215779804364,-0.00552439372844304,0.0210751635643192,0.113258300901634,0.115334835017178,0.115334835017244
2099.07410079986,2939,other,common,True,True,valid,valid,2.81142614885307,138.339685126025,711.337927487783,2.81428712650424,-138.343280414693,-0.000862264698980653,2.81097656434268,138.317562766656,711.224175072845,2.8087368708954,-138.322089807162,0.112933014770078,-0.000449584510387346,-0.0221223593690638,-0.113752414937153,-0.00555025560883848,0.021190607531139,0.113795279469059,0.115884480472237,0.115884480472164
2099.05539284274,2940,other,common,True,True,valid,valid,2.80961694104914,138.436024200189,711.333306731563,2.81230815299881,-138.439654080838,0.00288499687042076,2.80916551714538,138.41378154869,711.219016112971,2.80673191887027,-138.418347590154,0.117218823426697,-0.000451423903759185,-0.0222426514989706,-0.114290618591781,-0.00557623412854014,0.0213064906841964,0.114333826556276,0.11643575407639,0.116435754076369
2099.01637334935,2941,other,common,True,True,valid,valid,2.80581263967412,138.531109450735,711.322254981582,2.80804769362213,-138.534826600069,0.012977510293581,2.80535969055327,138.508746038671,711.207424509484,2.80244572079496,-138.513403771315,0.127851549975503,-0.000452949120844703,-0.0223634120639815,-0.114830472097537,-0.00560197282717212,0.0214228287532876,0.114874039681922,0.116988737424561,0.116988737424561
2098.95453896001,2942,other,common,True,True,valid,valid,2.79976755010785,138.624783869662,711.303980442647,2.80122479172328,-138.628647450119,0.0301965331417478,2.79931343378819,138.602299225655,711.188608455516,2.79559736329267,-138.607107825534,0.145612465640056,-0.000454116319666742,-0.0224846440066244,-0.115371987131766,-0.00562742843061415,0.021539624585472,0.115415932498308,0.117543442405218,0.117543442405261
2098.91801942885,2943,other,common,True,True,valid,valid,2.79620908061094,138.720016857794,711.293718298592,2.79724532470106,-138.723961239429,0.039510057934649,2.79575340024853,138.697410541266,711.17780329725,2.79159197693727,-138.702304390717,0.155469366705915,-0.000455680362407396,-0.022606316528055,-0.115915001342387,-0.0056533477637899,0.0216568487115865,0.115959308771266,0.118099706721756,0.118099706721756
2098.94408116117,2944,other,common,True,True,valid,valid,2.79879725272561,138.819114548012,711.303263783039,2.80029459439765,-138.822977485107,0.0292800940628695,2.79833901468347,138.796386142372,711.186804395117,2.79461427306271,-138.801203006925,0.145784108970588,-0.000458238042148729,-0.0227284056397536,-0.116459387921964,-0.00568032133494256,0.0217744781818112,0.116504014907719,0.118657403646746,0.118657403646702
2099.02403786965,2945,other,common,True,True,valid,valid,2.80667933133419,138.921548137589,711.329868660773,2.80939748088739,-138.925189895173,0.00221817169801852,2.80621766646124,138.898697219726,711.212863483241,2.80368925472924,-138.903297375906,0.119268258862007,-0.000461664872944301,-0.0228509178637353,-0.117005177531496,-0.00570822615814848,0.021892519267027,0.117050087163989,0.119216564079187,0.119216564079104
2099.08464438468,2946,other,common,True,True,valid,valid,2.81266119585941,139.022791812094,711.350348244198,2.81632737628444,-139.026262562721,-0.0188001558345832,2.81219639576761,138.99981790877,711.232795619073,2.81059146221653,-139.004251542718,0.0987976767783039,-0.000464800091795503,-0.022973903323674,-0.117552625125768,-0.00573591406791252,0.0220110200024806,0.117597832612887,0.119777443398205,0.119777443398132
2099.06172946095,2947,other,common,True,True,valid,valid,2.8104387228001,139.118868265456,711.344386256076,2.81387540501761,-139.122384594223,-0.0137294087162445,2.8099721157394,139.095770858748,711.226284299069,2.80811304540319,-139.100254571,0.104418115386011,-0.000466607060692681,-0.0230974067079046,-0.11810195700707,-0.0057623596144154,0.0221300232228998,0.118147524102255,0.120340268271594,0.120340268271535
2099.02135219425,2948,other,common,True,True,valid,valid,2.80650098235411,139.21386093886,711.332895137454,2.80946193469881,-139.217468135441,-0.00320319968557214,2.80603284765018,139.190639553945,711.21424218976,2.80367333414001,-139.195218647768,0.115495689382215,-0.000468134703934808,-0.0232213849145353,-0.118652947694613,-0.0057886005587946,0.0222494876732355,0.118698889067787,0.120904813237814,0.120904813237842
2099.00739468029,2949,other,common,True,True,valid,valid,2.80515846793038,139.310489163418,711.3297663313,2.80801609129539,-139.314118731376,-0.000927810341181612,2.80468837630208,139.287143354104,711.210560884645,2.80220075324847,-139.291749345418,0.118323934829618,-0.000470091628293812,-0.0233458093144918,-0.119205446655315,-0.00581533804692214,0.0223693859574041,0.1192517451708,0.121470927842758,0.121470927842808
2099.0152878901,2950,other,common,True,True,valid,valid,2.80596230361482,139.408472750749,711.333553218343,2.80902457717401,-139.412068042937,-0.0054759277870744,2.8054898943473,139.385002066766,711.213793746733,2.80318207279784,-139.389578320931,0.114330185429367,-0.00047240926751746,-0.023470683983561,-0.119759471609314,-0.00584250437616873,0.0224897220060996,0.119806113216441,0.122038630020638,0.122038630020694
2099.020077819,2951,other,common,True,True,valid,valid,2.80646132548052,139.506264738963,711.336356426806,2.80968444265779,-139.509833812753,-0.00905346732213275,2.80598664187099,139.482668711932,711.216041314608,2.803814742698,-139.487223299559,0.111308633669069,-0.000474683609526405,-0.0235960270311182,-0.120315112198568,-0.00586969995979558,0.0226105131943655,0.120362100991201,0.122608009687526,0.122608009687568
2099.00163299718,2952,other,common,True,True,valid,valid,2.80467804014428,139.602613549387,711.331803121536,2.80773438915951,-139.606216662778,-0.00537250574768677,2.80420145765156,139.578891695897,711.210930679486,2.80183779288819,-139.583484888827,0.115547291293979,-0.000476582492713984,-0.0237218534899455,-0.120872442050768,-0.00589659627132022,0.0227317739518185,0.120919797041665,0.123179140730836,0.123179140730811
2098.97420918383,2953,other,common,True,True,valid,valid,2.80201280730487,139.698402803741,711.324406243103,2.80477575282901,-139.702063248805,0.00111416862853275,2.80153447087502,139.674554648915,711.202974829205,2.79885233135606,-139.679209752673,0.122593312387039,-0.000478336429856174,-0.0238481548262541,-0.121431413898222,-0.00592342147294289,0.0228534961319156,0.121479143758506,0.12375197604757,0.123751976047647
2098.97754546441,2954,other,common,True,True,valid,valid,2.80236903774206,139.796104490703,711.32674524166,2.80527215301308,-139.799742519737,-0.00200529713038122,2.80188843400247,139.772129586009,711.204753352218,2.79932132599172,-139.776766865215,0.120034676164209,-0.000480603739582364,-0.0239749046939721,-0.121991889442029,-0.00595082702136551,0.0229756545213036,0.122039973294591,0.124326377429232,0.124326377429188
2099.0031677247,2955,other,common,True,True,valid,valid,2.80491438570351,139.895194865425,711.336137695991,2.80827178723472,-139.898752702645,-0.0120842470843172,2.80443113568987,139.871092755509,711.213583795594,2.80229310716911,-139.875654446962,0.11051807632191,-0.000483250013645353,-0.024102109915475,-0.122553900397179,-0.00597868006560986,0.0230982556826405,0.122602323406227,0.12490237682092,0.12490237682091
2098.99408505112,2956,other,common,True,True,valid,valid,2.80405075015353,139.992125003982,711.334542753272,2.80737312846296,-139.995692648503,-0.0113221586602776,2.80356542556468,139.967895192697,711.211425101255,2.80136708836231,-139.972471309774,0.111844283372989,-0.000485324588851199,-0.0242298112850676,-0.12311765201764,-0.00600604010065098,0.023221338728888,0.123166442033266,0.12548017984209,0.125480179842023
2098.93720813096,2957,other,common,True,True,valid,valid,2.7984924846181,140.086074140593,711.317817246153,2.80110601754953,-140.089775528928,0.00436898871225821,2.79800588568515,140.061716121205,711.194134051446,2.79507333646554,-140.066430615095,0.12810137855854,-0.000486598932951665,-0.0243580193882451,-0.123683194707155,-0.0060326810839868,0.023344913832716,0.123732389846282,0.126059837140969,0.1260598371409
2098.87161549926,2958,other,common,True,True,valid,valid,2.79207841989548,140.17947506645,711.298332467342,2.79386022446768,-140.183332800322,0.02278271278783,2.7915906964992,140.154988358204,711.174082075229,2.7878009778683,-140.15986384419,0.147082714091084,-0.000487723396286999,-0.0244867082464282,-0.124250392113709,-0.00605924659937784,0.0234689561323194,0.124300001303254,0.126641212467614,0.126641212467671
2098.84545174241,2959,other,common,True,True,valid,valid,2.78953719378928,140.275333061457,711.291327230605,2.79104303059659,-140.279244919293,0.0288831416081621,2.78904767924707,140.250717216363,711.166508156962,2.78495648585529,-140.255651485034,0.153752210766356,-0.000489514542204805,-0.0246158450939902,-0.124819073643721,-0.00608654474130077,0.0235934342594248,0.124869069158194,0.127224135286725,0.127224135286806
2098.86200150847,2960,other,common,True,True,valid,valid,2.79119119146308,140.373858347288,711.297840435981,2.79302308929835,-140.377713597558,0.0216451675112239,2.79069915382316,140.34911291882,711.172451207269,2.7869084490593,-140.353995250721,0.147084747414056,-0.000492037639916898,-0.024745428467412,-0.125389228712265,-0.00611464023904773,0.023718346837228,0.125439579902832,0.127808595204437,0.127808595204481
2098.89084417373,2961,other,common,True,True,valid,valid,2.79405265077313,140.473154246727,711.308243501031,2.79638384104537,-140.476921026918,0.0105691273964794,2.79355787009041,140.448278765894,711.182282532384,2.79024081445326,-140.453077311498,0.136580795254872,-0.000494780682719131,-0.0248754808334297,-0.125960968647405,-0.00614302659211319,0.0238437154205258,0.126011667858393,0.128394703851876,0.128394703851912
2098.8933994621,2962,other,common,True,True,valid,valid,2.79433218461728,140.57080810769,711.310324554489,2.79679205510064,-140.574554584615,0.00770429642341242,2.79383510305696,140.545802076907,711.183790118841,2.7906210063693,-140.550585017179,0.134289801379623,-0.000497081560311141,-0.0250060307836861,-0.126534435648523,-0.00617104873133201,0.0239695674360973,0.126585504956211,0.128982603751523,0.128982603751579
2098.86472152174,2963,other,common,True,True,valid,valid,2.79154396508128,140.66650678515,711.302517984471,2.79369217917808,-140.670313949917,0.0145954717506811,2.79104511660228,140.641369701933,711.175408333453,2.78749356326743,-140.646218042308,0.141756588377234,-0.000498848478996727,-0.0251370832174871,-0.127109651018031,-0.00619861591064819,0.0240959076088529,0.127161116626553,0.129572316427598,0.129572316427599
2098.8541161716,2964,other,common,True,True,valid,valid,2.79053086508096,140.763335917323,711.300430655122,2.79262212330297,-140.767156922731,0.0158435702223869,2.790029933363,140.738067313214,711.172744216972,2.78639555366608,-140.742934219371,0.14358185832009,-0.000500931717954067,-0.02526860410984,-0.127686438149908,-0.00622656963688684,0.0242227033602944,0.127738288097703,0.130163665335823,0.130163665335821
2098.87785802782,2965,other,common,True,True,valid,valid,2.79289136212332,140.862318355456,711.309213850499,2.79540977419882,-140.866064159168,0.00636585378072141,2.79238774221276,140.836917772701,711.180949111127,2.78915457853094,-140.84171421471,0.134682802526754,-0.000503619910555031,-0.0254005827554806,-0.12826473937173,-0.00625519566788313,0.0243499444575832,0.128316948746033,0.130756592963529,0.130756592963502
2098.91328859329,2966,other,common,True,True,valid,valid,2.79640005185794,140.962036813071,711.321695864797,2.79951034252679,-140.965677117313,-0.00676145677982731,2.79589352835646,140.936503776617,711.192851225479,2.79322623389211,-140.941199469807,0.122135743922627,-0.00050652350148539,-0.0255330364536519,-0.128844639318459,-0.00628410863468076,0.0244776475066999,0.128897200702454,0.131351184226503,0.131351184226574
2098.93565084785,2967,other,common,True,True,valid,valid,2.79862521043783,141.060938189789,711.330040155556,2.80214310998944,-141.064506887282,-0.0158061203553643,2.79811600164119,141.035272205534,711.200613924273,2.79583023052734,-141.039901056487,0.113673036382011,-0.00050920879664007,-0.025665984255653,-0.129426231283333,-0.0063128794621008,0.0246058307946555,0.129479156737375,0.131947532699997,0.131947532700009
2098.93372303993,2968,other,common,True,True,valid,valid,2.79846445540138,141.158315548815,711.330694192604,2.80204748385917,-141.161875631772,-0.017262866640408,2.79795298143525,141.132516113212,711.200684633008,2.79570617534832,-141.137141128371,0.112800003607617,-0.000511473966132048,-0.025799435603659,-0.130009559595351,-0.00634130851085501,0.0247345034005946,0.130062870248025,0.13254568295219,0.132545682952175
2098.91982003301,2969,other,common,True,True,valid,valid,2.79712741517199,141.254940127055,711.327556171468,2.80060669524336,-141.25852265693,-0.0149779969474366,2.79661388285893,141.229006744206,711.196961589582,2.79423708827298,-141.233658998907,0.115670292349591,-0.000513532313063614,-0.0259333828490185,-0.130594581886157,-0.00636960697038091,0.0248636580228094,0.130648289297028,0.133145592790188,0.133145592790269
2098.87704624981,2970,other,common,True,True,valid,valid,2.79295456691645,141.349747239915,711.315278114976,2.79592305147962,-141.353427084541,-0.00367467516082343,2.79243948787867,141.323679400265,711.184096751216,2.78952557819065,-141.328433776759,0.127560818017969,-0.000515079037775923,-0.026067839649329,-0.131181363759652,-0.00639747328896334,0.024993307781557,0.131235493178792,0.133747328078883,0.133747328078835
2098.73008295894,2971,other,common,True,True,valid,valid,2.77854883410446,141.437991130438,711.270022150969,2.77953786676109,-141.442038418556,0.0401678708035433,2.77803407895673,141.41178826759,711.138251961856,2.77311430419241,-141.41691491136,0.17199269761295,-0.000514755147731805,-0.0262028628489759,-0.131770189113013,-0.00642356256867771,0.0251235071957296,0.131824826809407,0.134351173173975,0.134351173173954
2098.25686001778,2972,other,common,True,True,valid,valid,2.73211135834235,141.505674084254,711.121538543918,2.7265237366528,-141.510934375015,0.185864995510201,2.73160282722323,141.479335465741,710.989176650716,2.72007984986843,-141.485679959526,0.318282301865452,-0.000508531119122413,-0.0263386185136483,-0.132361893201505,-0.0064438867843748,0.0252544154893144,0.132417306355251,0.134957964570429,0.134957964570369
2098.10729764402,2973,other,common,True,True,valid,valid,2.71745815562067,141.593720392221,711.075482284673,2.7098554263344,-141.599354683137,0.230497542546686,2.71695005614502,141.567245763739,710.942528230183,2.7033854081949,-141.573969108801,0.363507527903039,-0.000508099475649448,-0.0264746284824184,-0.132954054489801,-0.00647001813949544,0.0253855743364682,0.133009985356352,0.135565278458889,0.135565278458811
2097.95437537506,2974,other,common,True,True,valid,valid,2.70247705122024,141.681543545169,711.02836797973,2.69281208972665,-141.687560503329,0.276174181812621,2.70196946230556,141.654932410438,710.89482008616,2.68631594376908,-141.662043287614,0.409778529813934,-0.00050758891468039,-0.026611134731354,-0.133547893569357,-0.00649614595756276,0.0255172157152117,0.133604348001313,0.136174336844388,0.136174336844409
2097.81894180179,2975,other,common,True,True,valid,valid,2.6892140863269,141.770458372888,710.986789293035,2.67773341477882,-141.776812655254,0.316388942186109,2.68870670679446,141.743710249989,710.852645958535,2.67121076823051,-141.751163329368,0.450589243478817,-0.000507379532443508,-0.0267481228992779,-0.134143334500322,-0.00652264654831924,0.0256493258864054,0.134200301292708,0.136785063890361,0.136785063890305
2097.66999045014,2976,other,common,True,True,valid,valid,2.67462625881156,141.858509660876,710.940939713442,2.66113966955718,-141.865236251653,0.360817910171363,2.67411935247162,141.831624043611,710.806199217092,2.65459070872794,-141.839454323499,0.495615899841937,-0.000506906339940105,-0.0268856172650942,-0.134740496350219,-0.00654896082923528,0.0257819281535774,0.134797989670574,0.137397579041502,0.13739757904158
2097.52165111899,2977,other,common,True,True,valid,valid,2.66010031187723,141.946588323839,710.895288219624,2.64461662174644,-141.953685600869,0.40505154449761,2.65959388540916,141.919564715345,710.759948891111,2.63804127834228,-141.927770587273,0.540448895489135,-0.000506426468077859,-0.0270236084930957,-0.135339328512828,-0.00657534340415822,0.0259150135956645,0.135397350991525,0.138011831833574,0.138011831833609
2097.52360022068,2978,other,common,True,True,valid,valid,2.66031970464239,142.044152891893,710.897154503733,2.64495510648759,-142.051231626436,0.402399297614579,2.65981099265414,142.016990907073,710.761215238887,2.63835056831188,-142.025183151348,0.53839699228331,-0.000508711988242982,-0.0271619848207934,-0.135939264845774,-0.00660453817570783,0.0260484750872934,0.135997694668731,0.138627255379675,0.138627255379659
2097.58098083735,2979,other,common,True,True,valid,valid,2.66597754779452,142.145223643754,710.916545613634,2.65151250807832,-142.152140285783,0.38245522162515,2.665465512524,142.117922825673,710.780004949198,2.64487767272809,-142.125957904263,0.519054678983252,-0.000512035270516797,-0.0273008180812724,-0.136540664436325,-0.00663483535023346,0.0261823815203854,0.136599457358102,0.139244209548326,0.139244209548303
2097.60814473033,2980,other,common,True,True,valid,valid,2.66867093891288,142.244387584004,710.926381959002,2.65467993819542,-142.251220398713,0.371938867687959,2.66815612918002,142.216947409906,710.789238103816,2.64801527355344,-142.22490360268,0.509141905885031,-0.000514809732866439,-0.0274401740979044,-0.1371438551854,-0.00666466464198123,0.0263167960322903,0.137203038197072,0.139863022985699,0.139863022985714
2097.4138456583,2981,other,common,True,True,valid,valid,2.64963686414567,142.329529740669,710.866197262992,2.63300151524723,-142.33685228752,0.430512804513796,2.64912342526183,142.301949540575,710.728447689901,2.62631104907423,-142.310400427703,0.568322139168913,-0.000513438883840145,-0.0275802000932401,-0.137749573091128,-0.00669046617299784,0.0264518598168877,0.137809334655117,0.140484433100107,0.140484433100149
2097.26461234689,2982,other,common,True,True,valid,valid,2.6350262232148,142.417512682795,710.820266347162,2.61638131279147,-142.425208206047,0.475022561806895,2.63451333152642,142.389791987688,710.681909543222,2.60966415434932,-142.398620825824,0.61343967125174,-0.000512891688381423,-0.0277206951078597,-0.138356803940155,-0.00671715844215015,0.0265873802223098,0.138417109444845,0.141107424296815,0.141107424296841
2097.26103651524,2983,other,common,True,True,valid,valid,2.63470359546759,142.514718311631,710.820379269472,2.61609968612985,-142.522409654871,0.474100525869062,2.63418851174068,142.486856728881,710.681414108174,2.60935304835083,-142.495686370849,0.613126416007617,-0.000515083726907672,-0.0278615827501199,-0.138965161297733,-0.00674663777902396,0.0267232840222675,0.139025890138555,0.14173160959748,0.141731609597414
2097.3363430202,2984,other,common,True,True,valid,valid,2.64211857553272,142.616928700798,710.845426307803,2.62466611187783,-142.624411622197,0.448575739413172,2.64159979405817,142.588925786298,710.705851406867,2.61788842851153,-142.597552001596,0.588211727307339,-0.000518781474553531,-0.028002914499325,-0.139574900935486,-0.0067776833662947,0.0268596206009306,0.139635987894167,0.142357245427922,0.142357245427901
2097.40540677309,2985,other,common,True,True,valid,valid,2.64892169498675,142.718749972247,710.868500095585,2.63253280006902,-142.726040634981,0.424997944481106,2.64839931613538,142.690605215525,710.728313743056,2.62572409454952,-142.699044181358,0.565245748979578,-0.0005223788513673,-0.0281447567212751,-0.140186352528303,-0.00680870551949653,0.0269964536237239,0.140247804498472,0.142984662274504,0.142984662274493
2097.46300971508,2986,other,common,True,True,valid,valid,2.6546009120049,142.819849682643,710.887950536972,2.63911422113979,-142.826977766294,0.40499531871933,2.65407513774694,142.79156256794,710.747150997953,2.63227461736951,-142.799843978104,0.545856686181878,-0.000525774257964073,-0.0282871147033177,-0.140799539018758,-0.00683960377027404,0.0271337881899854,0.140861367462549,0.143613883328541,0.143613883328502
2097.50768703222,2987,other,common,True,True,valid,valid,2.65901232848941,142.920133087925,710.903313933335,2.64424582549426,-142.927132070406,0.38902541193147,2.65848339184077,142.891703097056,710.761899464379,2.63737547800655,-142.899860443753,0.530502098667966,-0.000528936648642286,-0.0284299908688013,-0.141414468955873,-0.00687034748771254,0.027271626653004,0.141476686736496,0.144244917362276,0.14424491736224
2097.58733350039,2988,other,common,True,True,valid,valid,2.66685498099807,143.022646089784,710.929733411253,2.65330105365424,-143.029425407506,0.362146282667936,2.66632219139794,142.994072740666,710.787702453033,2.64639920258868,-143.002015473084,0.504239819412305,-0.000532789600132144,-0.0285733491183464,-0.142030958220516,-0.00690185106555674,0.0274099344216268,0.142093536744369,0.144877580175937,0.144877580175997
2097.59720078111,2989,other,common,True,True,valid,valid,2.66785141490092,143.120723222654,710.934088887316,2.65452743620756,-143.127463607835,0.357038024041913,2.66731610866313,143.092005950218,710.791439469019,2.64759532809196,-143.099914816727,0.49975044401674,-0.000535306237791744,-0.0287172724351876,-0.142649418297651,-0.00693210811560618,0.0275487911084156,0.142712419974828,0.14551228411905,0.145512284119016
2097.56135162711,2990,other,common,True,True,valid,valid,2.66436228230501,143.215888540421,710.923987883829,2.65062442646781,-143.222708410185,0.366194233068654,2.66382534368748,143.187026796764,710.780718124398,2.64366286025233,-143.195020229899,0.509527459452784,-0.000536938617529792,-0.0288617436569609,-0.143269759431064,-0.00696156621548027,0.0276881802861624,0.143333226384129,0.146148939501572,0.146148939501509
2097.53167918324,2991,other,common,True,True,valid,valid,2.66147926012577,143.311445061219,710.91583879968,2.64741445556309,-143.318328426906,0.373424485164833,2.66094056768048,143.282438337802,710.771947018392,2.64042323448446,-143.290500362677,0.517380195659712,-0.000538692445291478,-0.0290067234168703,-0.143891781287493,-0.00699122107862848,0.0278280642291122,0.143955710494879,0.146787345895419,0.14678734589533
2097.54484188557,2992,other,common,True,True,valid,valid,2.6627989885438,143.409732522467,710.921232082965,2.64901035102873,-143.416568454597,0.367292250404375,2.66225769748698,143.380580338614,710.776716741518,2.64198856210009,-143.388600038356,0.511871947824488,-0.000541291056825433,-0.0291521838524602,-0.14451534144689,-0.00702178892863969,0.0279684162412934,0.144579697420113,0.147427360869301,0.147427360869331
2097.55761003494,2993,other,common,True,True,valid,valid,2.66408003678512,143.507996349189,710.926499352302,2.65056195444958,-143.514785879921,0.361284360364266,2.66353614623153,143.478698189036,710.781358740176,2.64350952001276,-143.486676609819,0.506489757635336,-0.000543890553588167,-0.0292981601532176,-0.145140612126625,-0.00705243443682235,0.028109270101595,0.14520539727107,0.148069157132028,0.148069157131995
2097.48146167397,2994,other,common,True,True,valid,valid,2.65663716104646,143.600580732996,710.903651819599,2.64213752295431,-143.607554159198,0.383017965417253,2.65609242823447,143.571136008931,710.757883872439,2.63505610584315,-143.579303464541,0.528851208236688,-0.000544732811994741,-0.0294447240646036,-0.145767947159356,-0.00708141711115928,0.0282506946570891,0.145833242819435,0.148713089296572,0.148713089296614
2097.40126040578,2995,other,common,True,True,valid,valid,2.64879713932135,143.692900146905,710.879523149093,2.63325888652183,-143.700067962973,0.406015765131656,2.64825165168283,143.663308337245,710.733126134916,2.62614849634352,-143.67167533627,0.552478591869658,-0.000545487638524023,-0.0295918096596495,-0.146397014177182,-0.00711039017831183,0.0283926267032086,0.146462826738002,0.149358824699751,0.14935882469972
2097.37952286005,2996,other,common,True,True,valid,valid,2.64669288442214,143.788953169515,710.873877070962,2.63093915044857,-143.796163978932,0.410776414359702,2.64614547815763,143.759213801493,710.726849504645,2.62379855790443,-143.767628959585,0.557870260357163,-0.000547406264512773,-0.0297393680226605,-0.147027566317774,-0.00714059254413968,0.0285350193464637,0.14709384599746,0.150006116279748,0.150006116279667
2097.33637866378,2997,other,common,True,True,valid,valid,2.64248868163405,143.883634471527,710.86146244745,2.62621802300358,-143.890943717647,0.422215786430797,2.64193978469998,143.853747007345,710.713802523683,2.61904757459503,-143.862265782654,0.569942478684425,-0.000548896934069898,-0.0298874641821953,-0.147659923767151,-0.00717044840855152,0.0286779349926007,0.147726692253627,0.150655284972041,0.150655284972076
2097.34398719668,2998,other,common,True,True,valid,valid,2.64326332547818,143.981563395022,710.865091136668,2.62719024332474,-143.988839661979,0.417824842769051,2.64271191344753,143.951527353784,710.716797336485,2.6199888474675,-143.960018342892,0.566185856735046,-0.000551412030646681,-0.0300360412381622,-0.148293800183069,-0.007201395857237,0.0288213190870295,0.148361013965996,0.1513060441662,0.151306044166211
2097.43393799663,2999,other,common,True,True,valid,valid,2.65211610672984,144.084771553863,710.894750669902,2.6373999083187,-144.091801614425,0.387748559948136,2.65156050101868,144.054586479475,710.74582160058,2.63016582558898,-144.062836466563,0.536745215477822,-0.000555605711163754,-0.0301850743879584,-0.148929069321866,-0.00723408272971682,0.0289651478612143,0.148996655529686,0.151958267634868,0.151958267634882
