u,v,Xc_mm,Yc_mm,Zc_mm,Xg_mm,Yg_mm,Zg_mm
2135.969973,0.000000,6.408839,-147.044041,713.499270,6.400281,147.048577,0.334498
2135.993725,1.000000,6.411235,-146.949239,713.512071,6.403282,146.953883,0.321043
2136.035069,2.000000,6.415392,-146.855588,713.530478,6.408294,146.860385,0.302075
2136.057145,3.000000,6.417620,-146.760668,713.542743,6.411103,146.765569,0.289147
2136.032458,4.000000,6.415166,-146.662680,713.540103,6.408570,146.667563,0.290873
2135.976695,5.000000,6.409602,-146.562658,713.527557,6.402485,146.567441,0.302339
2135.915169,6.000000,6.403460,-146.462262,713.513174,6.395743,146.466931,0.315611
2135.867099,7.000000,6.398666,-146.362750,713.503078,6.390538,146.367340,0.324668
2135.839251,8.000000,6.395896,-146.264562,713.499425,6.387643,146.269125,0.327390
2135.832784,9.000000,6.395266,-146.167772,713.502585,6.387191,146.172364,0.323414
2135.843973,10.000000,6.396404,-146.072134,713.511370,6.388756,146.076801,0.313907
2135.862881,11.000000,6.398315,-145.976996,713.522614,6.391203,145.981759,0.301982
2135.859158,12.000000,6.397960,-145.880380,713.526645,6.391064,145.885179,0.297150
2135.811262,13.000000,6.393183,-145.780886,713.516596,6.385879,145.785605,0.306161
2135.743268,14.000000,6.386394,-145.680086,713.500141,6.378397,145.684674,0.321471
2135.698049,15.000000,6.381886,-145.580772,713.490943,6.373518,145.585288,0.329646
2135.673766,16.000000,6.379473,-145.482821,713.488415,6.371030,145.487320,0.331262
2135.642351,17.000000,6.376346,-145.384408,713.483614,6.367728,145.388871,0.335113
2135.621523,18.000000,6.374279,-145.286684,713.482185,6.365634,145.291138,0.335649
2135.634209,19.000000,6.375566,-145.191134,713.491435,6.367370,145.195667,0.325686
2135.650921,20.000000,6.377257,-145.095842,713.501966,6.369565,145.100465,0.314461
2135.635505,21.000000,6.375732,-144.998467,713.502258,6.368090,145.003095,0.313305
2135.588603,22.000000,6.371055,-144.899052,713.492514,6.363018,144.903604,0.322017
2135.539240,23.000000,6.366132,-144.799481,713.481985,6.357665,144.803950,0.331501
2135.502831,24.000000,6.362505,-144.700750,713.475583,6.353792,144.705170,0.336927
2135.543335,25.000000,6.366577,-144.606991,713.493689,6.358704,144.611563,0.318255
2135.524666,26.000000,6.364726,-144.509406,713.492938,6.356857,144.513975,0.318125
2135.470416,27.000000,6.359314,-144.409525,713.480846,6.350946,144.413998,0.329145
2135.437281,28.000000,6.356015,-144.311009,713.475481,6.347446,144.315441,0.333551
2135.430598,29.000000,6.355364,-144.214199,713.478545,6.346968,144.218660,0.329669
2135.423434,30.000000,6.354665,-144.117357,713.481454,6.346435,144.121845,0.325940
2135.413608,31.000000,6.353699,-144.020343,713.483514,6.345598,144.024851,0.323046
2135.416825,32.000000,6.354038,-143.924168,713.489729,6.346251,143.928730,0.316067
2135.431599,33.000000,6.355534,-143.828733,713.499625,6.348224,143.833379,0.305467
2135.413167,34.000000,6.353707,-143.731163,713.498938,6.346403,143.735807,0.305274
2135.355780,35.000000,6.347981,-143.631093,713.485836,6.340133,143.635633,0.317288
2135.299861,36.000000,6.342403,-143.531121,713.473200,6.334031,143.535561,0.328844
2135.271861,37.000000,6.339618,-143.432941,713.469460,6.331118,143.437354,0.331653
2135.277588,38.000000,6.340209,-143.336923,713.476466,6.332057,143.341396,0.323895
2135.303049,39.000000,6.342774,-143.242166,713.489760,6.335250,143.246751,0.309955
2135.328230,40.000000,6.345312,-143.147388,713.502964,6.338411,143.152084,0.296103
2135.334672,41.000000,6.345974,-143.051408,713.510195,6.339431,143.056167,0.288125
2135.317609,42.000000,6.344284,-142.953924,713.509933,6.337767,142.958684,0.287513
2135.303688,43.000000,6.342908,-142.856642,713.510672,6.336461,142.861411,0.285918
2135.296714,44.000000,6.342228,-142.759802,713.513623,6.335949,142.764599,0.282148
2135.291873,45.000000,6.341761,-142.663097,713.517253,6.335680,142.667927,0.277711
2135.252804,46.000000,6.337868,-142.564211,713.509972,6.331502,142.568985,0.284001
2135.160377,47.000000,6.328637,-142.461930,713.485686,6.321230,142.466508,0.307012
2135.094789,48.000000,6.322091,-142.361364,713.469953,6.314023,142.365816,0.321614
2135.086877,49.000000,6.321317,-142.264468,713.472598,6.313403,142.268945,0.318144
2135.115112,50.000000,6.324159,-142.169867,713.486761,6.316912,142.174464,0.303350
2135.136837,51.000000,6.326350,-142.074850,713.498849,6.319677,142.079549,0.290596
2135.135878,52.000000,6.326272,-141.978390,713.503706,6.319851,141.983132,0.284951
2135.122741,53.000000,6.324975,-141.881157,713.504681,6.318635,141.885910,0.283124
2135.104425,54.000000,6.323159,-141.783595,713.504004,6.316827,141.788346,0.282921
2135.077976,55.000000,6.320530,-141.685519,713.500734,6.314090,141.690246,0.285269
2135.061949,56.000000,6.318944,-141.588103,713.500784,6.312543,141.592834,0.284351
2135.078850,57.000000,6.320652,-141.492769,713.511326,6.314756,141.497589,0.273117
2135.083943,58.000000,6.321179,-141.396686,713.518105,6.315622,141.401565,0.265583
2135.044250,59.000000,6.317225,-141.297773,713.510608,6.311372,141.302594,0.272087
2134.989826,60.000000,6.311796,-141.197933,713.498415,6.305439,141.202657,0.283207
2134.953938,61.000000,6.308223,-141.099265,713.492129,6.301624,141.103941,0.288521
2134.937391,62.000000,6.306584,-141.001817,713.492005,6.300017,141.006496,0.287774
2134.932615,63.000000,6.306124,-140.905110,713.495631,6.299755,140.909822,0.283341
2134.933001,64.000000,6.306180,-140.808728,713.500900,6.300082,140.813486,0.277291
2134.923015,65.000000,6.305198,-140.711691,713.502863,6.299225,140.716469,0.274493
2134.881141,66.000000,6.301025,-140.612651,713.494662,6.294726,140.617364,0.281689
2134.819885,67.000000,6.294914,-140.512396,713.480283,6.288013,140.516995,0.294959
2134.789210,68.000000,6.291862,-140.414063,713.475649,6.284793,140.418628,0.298648
2134.794781,69.000000,6.292437,-140.318005,713.482564,6.285712,140.322629,0.290981
2134.808639,70.000000,6.293840,-140.222464,713.492119,6.287577,140.227169,0.280717
2134.802807,71.000000,6.293274,-140.125687,713.495398,6.287193,140.130423,0.276625
2134.758755,72.000000,6.288884,-140.026518,713.486495,6.282446,140.031184,0.284512
2134.681387,73.000000,6.281161,-139.925268,713.466973,6.273893,139.929778,0.302839
2134.589946,74.000000,6.272031,-139.823145,713.442967,6.263735,139.827462,0.325577
2134.503083,75.000000,6.263359,-139.721314,713.420420,6.254100,139.725450,0.346880
2134.543433,76.000000,6.267412,-139.627426,713.438407,6.258989,139.631712,0.328325
2134.548682,77.000000,6.267954,-139.531345,713.445208,6.259870,139.535690,0.320770
2134.518915,78.000000,6.264994,-139.433081,713.440850,6.256753,139.437393,0.324188
2134.579612,79.000000,6.271082,-139.340450,713.465318,6.263965,139.344966,0.299260
2134.608710,80.000000,6.274010,-139.245847,713.479716,6.267569,139.250484,0.284235
2134.592448,81.000000,6.272401,-139.148419,713.479657,6.265994,139.153059,0.283425
2134.555949,82.000000,6.268766,-139.049734,713.473147,6.262109,139.054323,0.288958
2134.533406,83.000000,6.266528,-138.951917,713.471084,6.259816,138.956493,0.290119
2134.535996,84.000000,6.266805,-138.855660,713.477029,6.260394,138.860288,0.283405
2134.533633,85.000000,6.266585,-138.759095,713.481395,6.260405,138.763761,0.278245
2134.505583,86.000000,6.263796,-138.660936,713.477573,6.257484,138.665575,0.281136
2134.498052,87.000000,6.263060,-138.564049,713.480288,6.256906,138.568714,0.277598
2134.521901,88.000000,6.265463,-138.469104,713.493003,6.259910,138.473875,0.264227
2134.524583,89.000000,6.265748,-138.372846,713.498971,6.260498,138.377669,0.257491
2134.466261,90.000000,6.259931,-138.272817,713.485496,6.254120,138.277533,0.269874
2134.428466,91.000000,6.256168,-138.174059,713.478561,6.250086,138.178722,0.275826
2134.349880,92.000000,6.248324,-138.072786,713.458626,6.241395,138.077289,0.294561
2134.322714,93.000000,6.245624,-137.974689,713.455077,6.238574,137.979167,0.297184
2134.320724,94.000000,6.245442,-137.878144,713.459548,6.238628,137.882662,0.291919
2134.350614,95.000000,6.248448,-137.783561,713.474179,6.242321,137.788202,0.276665
2134.400400,96.000000,6.253445,-137.690199,713.495149,6.248286,137.695014,0.255177
2134.418696,97.000000,6.255292,-137.594894,713.506083,6.250656,137.599802,0.243558
2134.407092,98.000000,6.254148,-137.497749,713.507486,6.249611,137.502672,0.241311
2134.382542,99.000000,6.251710,-137.399809,713.504761,6.247089,137.404713,0.243123
2134.362352,100.000000,6.249707,-137.302138,713.503425,6.245065,137.307034,0.243569
2134.346418,101.000000,6.248130,-137.204727,713.503444,6.243526,137.209627,0.242683
2134.307579,102.000000,6.244262,-137.105914,713.496161,6.239372,137.110757,0.248977
2134.222088,103.000000,6.235729,-137.004246,713.474010,6.229892,137.008911,0.269893
2134.113408,104.000000,6.224876,-136.901165,713.444469,6.217766,136.905592,0.298074
2134.025846,105.000000,6.216137,-136.799385,713.421658,6.208051,136.803628,0.319638
2133.996467,106.000000,6.213216,-136.701164,713.417386,6.204978,136.705376,0.322972
2134.032314,107.000000,6.216817,-136.606927,713.433896,6.209349,136.611277,0.305869
2134.086410,108.000000,6.222244,-136.513798,713.456222,6.215804,136.518334,0.283048
2134.097791,109.000000,6.223399,-136.418059,713.464935,6.217383,136.422670,0.273613
2134.047618,110.000000,6.218398,-136.318569,713.454030,6.211936,136.323094,0.283469
2133.990329,111.000000,6.212686,-136.218648,713.440857,6.205676,136.223068,0.295556
2133.991423,112.000000,6.212812,-136.122282,713.446287,6.206080,136.126750,0.289349
2134.028281,113.000000,6.216515,-136.028089,713.463114,6.210567,136.032698,0.271936
2134.023314,114.000000,6.216035,-135.931351,713.466610,6.210280,135.935992,0.267631
2133.959429,115.000000,6.209663,-135.831035,713.451329,6.203267,135.835554,0.281790
2133.880435,116.000000,6.201781,-135.729808,713.431233,6.194530,135.734166,0.300685
2133.837614,117.000000,6.197516,-135.630778,713.422663,6.189922,135.635069,0.308246
2133.844544,118.000000,6.198225,-135.534764,713.429944,6.190992,135.539118,0.300218
2133.872685,119.000000,6.201056,-135.440032,713.443984,6.194483,135.444504,0.285545
2133.891423,120.000000,6.202946,-135.344727,713.455026,6.196901,135.349293,0.273820
2133.885097,121.000000,6.202330,-135.247905,713.458080,6.196458,135.252499,0.269950
2133.864838,122.000000,6.200321,-135.150240,713.456692,6.194424,135.154826,0.270448
2133.849120,123.000000,6.198766,-135.052850,713.456750,6.192909,135.057439,0.269524
2133.825348,124.000000,6.196406,-134.954974,713.454241,6.190475,134.959546,0.271125
2133.780018,125.000000,6.191890,-134.855800,713.444859,6.185580,134.860298,0.279483
2133.734248,126.000000,6.187330,-134.756601,713.435337,6.180635,134.761025,0.287981
2133.713637,127.000000,6.185286,-134.658920,713.433831,6.178561,134.663335,0.288595
2133.712046,128.000000,6.185144,-134.562382,713.438384,6.178658,134.566838,0.283251
2133.715196,129.000000,6.185475,-134.466129,713.444446,6.179296,134.470637,0.276423
2133.704444,130.000000,6.184417,-134.369038,713.446078,6.178347,134.373563,0.273952
2133.674966,131.000000,6.181486,-134.270824,713.441740,6.175261,134.275317,0.277351
2133.650844,132.000000,6.179091,-134.172932,713.439108,6.172786,134.177407,0.279072
2133.658447,133.000000,6.179868,-134.076942,713.446584,6.173932,134.081481,0.270854
2133.688628,134.000000,6.182902,-133.982302,713.461255,6.177655,133.986964,0.255561
2133.700644,135.000000,6.184120,-133.886571,713.470135,6.179304,133.891309,0.245961
2133.689812,136.000000,6.183054,-133.789471,713.471733,6.178346,133.794226,0.243523
2133.677321,137.000000,6.181821,-133.692272,713.472801,6.177199,133.697038,0.241607
2133.662548,138.000000,6.180361,-133.594937,713.473140,6.175790,133.599709,0.240407
2133.623597,139.000000,6.176483,-133.496159,713.465773,6.171623,133.500874,0.246785
2133.560213,140.000000,6.170163,-133.395926,713.450617,6.164667,133.400521,0.260822
2133.490558,141.000000,6.163215,-133.295325,713.433463,6.156996,133.299782,0.276825
2133.496825,142.000000,6.163859,-133.199247,713.440502,6.157988,133.203766,0.269037
2133.433296,143.000000,6.157524,-133.099016,713.425297,6.151016,133.103413,0.283122
2133.391611,144.000000,6.153373,-133.000088,713.417053,6.146537,133.004421,0.290364
2133.390283,145.000000,6.153257,-132.903558,713.421667,6.146663,132.907932,0.284960
2133.413825,146.000000,6.155627,-132.808504,713.434205,6.149626,132.812984,0.271764
2133.419214,147.000000,6.156182,-132.712369,713.440957,6.150519,132.716908,0.264258
2133.400753,148.000000,6.154353,-132.614819,713.440107,6.148689,132.619354,0.264227
2133.390697,149.000000,6.153365,-132.517768,713.441935,6.147819,132.522321,0.261564
2133.407654,150.000000,6.155076,-132.422314,713.452369,6.150031,132.426956,0.250436
2133.420809,151.000000,6.156408,-132.326633,713.461591,6.151809,132.331353,0.240501
2133.410001,152.000000,6.155344,-132.229533,713.463175,6.150853,132.234270,0.238077
2133.383390,153.000000,6.152700,-132.131500,713.459722,6.148093,132.136212,0.240607
2133.346020,154.000000,6.148981,-132.032833,713.452838,6.144105,132.037492,0.246511
2133.309757,155.000000,6.145372,-131.934234,713.446306,6.140244,131.938842,0.252068
2133.265329,156.000000,6.140948,-131.835155,713.437170,6.135451,131.839692,0.260186
2133.215557,157.000000,6.135989,-131.735764,713.426331,6.130048,131.740215,0.269979
2133.188501,158.000000,6.133301,-131.637712,713.422729,6.127238,131.642138,0.272655
2133.191406,159.000000,6.133608,-131.541423,713.428673,6.127846,131.545900,0.265944
2133.196181,160.000000,6.134101,-131.445242,713.435212,6.128667,131.449776,0.258647
2133.173173,161.000000,6.131818,-131.347428,713.432896,6.126318,131.351947,0.260059
2133.129103,162.000000,6.127429,-131.248380,713.423867,6.121566,131.252828,0.268072
2133.092480,163.000000,6.123785,-131.149771,713.417210,6.117664,131.154167,0.273753
2133.075500,164.000000,6.122105,-131.052314,713.416811,6.116002,131.056710,0.273280
2133.085082,165.000000,6.123079,-130.956412,713.424875,6.117372,130.960877,0.264484
2133.118597,166.000000,6.126445,-130.861907,713.440564,6.121471,130.866504,0.248189
2133.143066,167.000000,6.128907,-130.766869,713.453370,6.124539,130.771574,0.234729
2133.135207,168.000000,6.128138,-130.669940,713.455872,6.123918,130.674669,0.231403
2133.125919,169.000000,6.127226,-130.572927,713.457918,6.123135,130.577676,0.228525
2133.122905,170.000000,6.126941,-130.476280,713.461962,6.123066,130.481065,0.223683
2133.096977,171.000000,6.124366,-130.378296,713.458701,6.120384,130.383058,0.226023
2133.019256,172.000000,6.116614,-130.277298,713.438934,6.111792,130.281902,0.244597
2132.913466,173.000000,6.106057,-130.174673,713.410223,6.099998,130.179045,0.271967
2132.831223,174.000000,6.097855,-130.073425,713.389015,6.090891,130.077627,0.291958
2132.809614,175.000000,6.095712,-129.975704,713.387126,6.088701,129.979894,0.292950
2132.834141,176.000000,6.098179,-129.880662,713.399936,6.091774,129.884959,0.279486
2132.850097,177.000000,6.099790,-129.785119,713.410015,6.093870,129.789502,0.268709
2132.831896,178.000000,6.097987,-129.687594,713.409208,6.092068,129.691974,0.268637
2132.817172,179.000000,6.096532,-129.590270,713.409507,6.090664,129.594656,0.267476
2132.835984,180.000000,6.098428,-129.494888,713.420492,6.093085,129.499366,0.255808
2132.877458,181.000000,6.102589,-129.400812,713.438698,6.098091,129.405443,0.237038
2132.885407,182.000000,6.103400,-129.304795,713.446219,6.099273,129.309491,0.228776
2132.844644,183.000000,6.099342,-129.205963,713.438215,6.094898,129.210597,0.235782
2132.793113,184.000000,6.094209,-129.106512,713.426779,6.089294,129.111056,0.246164
2132.754235,185.000000,6.090340,-129.007794,713.419373,6.085133,129.012280,0.252581
2132.711212,186.000000,6.086057,-128.908839,713.410646,6.080500,128.913257,0.260298
2132.634405,187.000000,6.078398,-128.807943,713.391152,6.072013,128.812204,0.278604
2132.575390,188.000000,6.072518,-128.708074,713.377328,6.065556,128.712226,0.291335
2132.568896,189.000000,6.071885,-128.611229,713.380236,6.065090,128.615407,0.287609
2132.582878,190.000000,6.073298,-128.515558,713.389668,6.066959,128.519817,0.277468
2132.594131,191.000000,6.074439,-128.419728,713.398229,6.068517,128.424061,0.268184
2132.596397,192.000000,6.074681,-128.323381,713.403925,6.069049,128.327763,0.261717
2132.608538,193.000000,6.075910,-128.227598,713.412766,6.070708,128.232056,0.252156
2132.644074,194.000000,6.079477,-128.133152,713.429062,6.075036,128.137747,0.235265
2132.663424,195.000000,6.081427,-128.037776,713.440199,6.077517,128.042465,0.223447
2132.625900,196.000000,6.077694,-127.939146,713.433210,6.073511,127.943781,0.229455
2132.549737,197.000000,6.070100,-127.838310,713.413907,6.065097,127.842790,0.247574
2132.472613,198.000000,6.062410,-127.737424,713.394297,6.056574,127.741747,0.265994
2132.492560,199.000000,6.064419,-127.642081,713.405618,6.059123,127.646500,0.253995
2132.482386,200.000000,6.063418,-127.545018,713.407339,6.058236,127.549454,0.251437
2132.465581,201.000000,6.061756,-127.447577,713.406946,6.056593,127.452013,0.250959
2132.410749,202.000000,6.056293,-127.347972,713.394435,6.050613,127.352310,0.262398
2132.331420,203.000000,6.048384,-127.246978,713.374117,6.041839,127.251152,0.281515
2132.271856,204.000000,6.042450,-127.147113,713.360096,6.035319,127.151176,0.294439
2132.272870,205.000000,6.042567,-127.050690,713.365375,6.035708,127.054800,0.288383
2132.322734,206.000000,6.047564,-126.957038,713.386218,6.041668,126.961321,0.267019
2132.373900,207.000000,6.052692,-126.863454,713.407476,6.047777,126.867914,0.245248
2132.408063,208.000000,6.056121,-126.768901,713.423315,6.051946,126.773494,0.228805
2132.412775,209.000000,6.056608,-126.672677,713.429768,6.052757,126.677326,0.221594
2132.380790,210.000000,6.053429,-126.574375,713.424526,6.049382,126.578985,0.225885
2132.330784,211.000000,6.048449,-126.475057,713.413539,6.043951,126.479580,0.235825
2132.282334,212.000000,6.043624,-126.375829,713.403048,6.038698,126.380270,0.245278
2132.231761,213.000000,6.038588,-126.276485,713.391878,6.033203,126.280837,0.255398
2132.194738,214.000000,6.034906,-126.177908,713.385026,6.029254,126.182207,0.261273
2132.177397,215.000000,6.033189,-126.080442,713.384443,6.027549,126.084740,0.260981
2132.188372,216.000000,6.034302,-125.984570,713.392882,6.029073,125.988940,0.251817
2132.246081,217.000000,6.040083,-125.891325,713.416212,6.035927,125.895889,0.228007
2132.269697,218.000000,6.042458,-125.796157,713.428677,6.038893,125.800827,0.214883
2132.199594,219.000000,6.035471,-125.695722,713.411276,6.031171,125.700252,0.231133
2132.138830,220.000000,6.029417,-125.595816,713.396850,6.024513,125.600231,0.244456
2132.148410,221.000000,6.030390,-125.499859,713.404838,6.025878,125.504343,0.235735
2132.204406,222.000000,6.036000,-125.406501,713.427616,6.032536,125.411175,0.212469
2132.224168,223.000000,6.037990,-125.311108,713.438847,6.035062,125.315877,0.200559
2132.177620,224.000000,6.033356,-125.212001,713.428944,6.030026,125.216692,0.209433
2132.103998,225.000000,6.026017,-125.111384,713.410413,6.021902,125.115927,0.226794
2132.055394,226.000000,6.021178,-125.012169,713.399854,6.016631,125.016629,0.236314
2132.066115,227.000000,6.022265,-124.916269,713.408197,6.018126,124.920801,0.227244
2132.096266,228.000000,6.025293,-124.821451,713.422732,6.021836,124.826105,0.212085
2132.104527,229.000000,6.026134,-124.725409,713.430289,6.023050,124.730128,0.203788
2132.107924,230.000000,6.026489,-124.629094,713.436295,6.023709,124.633865,0.197016
2132.105869,231.000000,6.026300,-124.532474,713.440563,6.023746,124.537284,0.191954
2132.080464,232.000000,6.023778,-124.434555,713.437388,6.021121,124.439341,0.194213
2132.010173,233.000000,6.016773,-124.334142,713.419907,6.013376,124.338789,0.210541
2131.901357,234.000000,6.005919,-124.231596,713.390149,6.001239,124.236003,0.238943
2131.808539,235.000000,5.996665,-124.129946,713.365491,5.990927,124.134154,0.262331
2131.792817,236.000000,5.995110,-124.032575,713.365396,5.989406,124.036786,0.261560
2131.812095,237.000000,5.997052,-123.937144,713.376452,5.991875,123.941448,0.249822
2131.803674,238.000000,5.996227,-123.840176,713.378681,5.991186,123.844502,0.246765
2131.772518,239.000000,5.993131,-123.741951,713.373664,5.987905,123.746239,0.250835
2131.753629,240.000000,5.991260,-123.644405,713.372555,5.986022,123.648687,0.251062
2131.779380,241.000000,5.993848,-123.549324,713.385668,5.989229,123.553716,0.237300
2131.800378,242.000000,5.995961,-123.453977,713.397266,5.991894,123.458468,0.225029
2131.787016,243.000000,5.994642,-123.356733,713.397914,5.990642,123.361233,0.223528
2131.748826,244.000000,5.990844,-123.258122,713.390649,5.986558,123.262565,0.229809
2131.706731,245.000000,5.986656,-123.159297,713.382139,5.982029,123.163674,0.237315
2131.698189,246.000000,5.985818,-123.062321,713.384319,5.981326,123.066719,0.234307
2131.697051,247.000000,5.985721,-122.965750,713.388856,5.981467,122.970189,0.228980
2131.679615,248.000000,5.983995,-122.868284,713.388200,5.979749,122.872720,0.228762
2131.648321,249.000000,5.980886,-122.770058,713.383125,5.976452,122.774456,0.232889
2131.617922,250.000000,5.977866,-122.671882,713.378335,5.973256,122.676244,0.236736
2131.562663,251.000000,5.972363,-122.572346,713.365623,5.967227,122.576607,0.248375
2131.518667,252.000000,5.967986,-122.473430,713.356498,5.962481,122.477620,0.256486
2131.465967,253.000000,5.962739,-122.374040,713.344598,5.956743,122.378136,0.267326
2131.468998,254.000000,5.963057,-122.277700,713.350455,5.957359,122.281847,0.260702
2131.491333,255.000000,5.965303,-122.182411,713.362460,5.960175,122.186660,0.248030
2131.491841,256.000000,5.965370,-122.085929,713.367510,5.960503,122.090222,0.242200
2131.480251,257.000000,5.964228,-121.988786,713.368704,5.959452,121.993092,0.240162
2131.507028,258.000000,5.966918,-121.893732,713.382121,5.962774,121.898152,0.226101
2131.490565,259.000000,5.965290,-121.796322,713.381760,5.961167,121.800742,0.225593
2131.516648,260.000000,5.967910,-121.701226,713.394954,5.964411,121.705756,0.211752
2131.474029,261.000000,5.963670,-121.602392,713.386255,5.959822,121.606855,0.219444
2131.492599,262.000000,5.965540,-121.506884,713.397053,5.962208,121.511439,0.207961
2131.438246,263.000000,5.960128,-121.407417,713.384612,5.956281,121.411873,0.219333
2131.393850,264.000000,5.955711,-121.308492,713.375343,5.951490,121.312876,0.227586
2131.360904,265.000000,5.952437,-121.210191,713.369721,5.948003,121.214532,0.232251
2131.352472,266.000000,5.951611,-121.113218,713.371909,5.947311,121.117580,0.229236
2131.374435,267.000000,5.953820,-121.017888,713.383781,5.950084,121.022350,0.216696
2131.400909,268.000000,5.956479,-120.922799,713.397089,5.953372,120.927374,0.202743
2131.400725,269.000000,5.956476,-120.826267,713.401902,5.953620,120.830884,0.197146
2131.376789,270.000000,5.954102,-120.728453,713.399144,5.951160,120.733050,0.198995
2131.356075,271.000000,5.952049,-120.630813,713.397412,5.949068,120.635399,0.199835
2131.344873,272.000000,5.950947,-120.533686,713.398709,5.948060,120.538286,0.197695
2131.318079,273.000000,5.948287,-120.435719,713.395037,5.945275,120.440293,0.200444
2131.261463,274.000000,5.942650,-120.336150,713.381860,5.939089,120.340619,0.212540
2131.181330,275.000000,5.934665,-120.235321,713.361190,5.930224,120.239624,0.232008
2131.093171,276.000000,5.925879,-120.134067,713.337962,5.920444,120.138184,0.253990
2131.030763,277.000000,5.919664,-120.034201,713.322938,5.913600,120.038198,0.267904
2131.042499,278.000000,5.920852,-119.938313,713.331535,5.915206,119.942384,0.258585
2131.116306,279.000000,5.928236,-119.845747,713.359908,5.923887,119.850053,0.229815
2131.169318,280.000000,5.933544,-119.752061,713.381656,5.930198,119.756548,0.207561
2131.179696,281.000000,5.934596,-119.656089,713.389818,5.931649,119.660646,0.198670
2131.175529,282.000000,5.934195,-119.559338,713.393343,5.931442,119.563927,0.194339
2131.181841,283.000000,5.934841,-119.463146,713.400207,5.932430,119.467794,0.186725
2131.197694,284.000000,5.936440,-119.367461,713.410110,5.934506,119.372194,0.176121
2131.175033,285.000000,5.934193,-119.269720,713.407739,5.932191,119.274437,0.177591
2131.107191,286.000000,5.927435,-119.169574,713.390968,5.924726,119.174157,0.193222
2131.023031,287.000000,5.919049,-119.068565,713.368998,5.915401,119.072971,0.213969
2130.963532,288.000000,5.913125,-118.968873,713.354885,5.908887,118.973167,0.226987
2130.943610,289.000000,5.911152,-118.871287,713.353381,5.906885,118.875572,0.227603
2130.951973,290.000000,5.912002,-118.775203,713.360888,5.908106,118.779553,0.219356
2130.972974,291.000000,5.914114,-118.679788,713.372421,5.910767,118.684235,0.207149
2130.981474,292.000000,5.914978,-118.583707,713.379970,5.912003,118.588219,0.198862
2130.967610,293.000000,5.913610,-118.486439,713.380391,5.910691,118.490959,0.197584
2130.946873,294.000000,5.911555,-118.388809,713.378620,5.908595,118.393317,0.198463
2130.925074,295.000000,5.909395,-118.291122,713.376510,5.906378,118.295616,0.199675
2130.907419,296.000000,5.907648,-118.193656,713.375719,5.904633,118.198147,0.199590
2130.900793,297.000000,5.907002,-118.096771,713.378441,5.904145,118.101288,0.196050
2130.892297,298.000000,5.906170,-117.999788,713.380566,5.903444,118.004325,0.193097
2130.872511,299.000000,5.904210,-117.902209,713.379092,5.901457,117.906737,0.193684
2130.852126,300.000000,5.902191,-117.804599,713.377426,5.899401,117.809117,0.194460
2130.837613,301.000000,5.900758,-117.707299,713.377630,5.898014,117.711821,0.193397
2130.822811,302.000000,5.899296,-117.609983,713.377740,5.896594,117.614510,0.192425
2130.811170,303.000000,5.898149,-117.512834,713.378856,5.895534,117.517373,0.190465
2130.815074,304.000000,5.898555,-117.416500,713.384924,5.896246,117.421092,0.183633
2130.825902,305.000000,5.899651,-117.320527,713.393197,5.897747,117.325190,0.174633
2130.816579,306.000000,5.898736,-117.223497,713.395048,5.896951,117.228178,0.171950
2130.775598,307.000000,5.894661,-117.124809,713.386809,5.892547,117.129427,0.179191
2130.696336,308.000000,5.886765,-117.024122,713.366372,5.883781,117.028575,0.198431
2130.590169,309.000000,5.876184,-116.922035,713.337361,5.871949,116.926254,0.226103
2130.574630,310.000000,5.874649,-116.824687,713.337226,5.870445,116.828909,0.225373
2130.544811,311.000000,5.871688,-116.726595,713.332539,5.867314,116.730781,0.229120
2130.561748,312.000000,5.873394,-116.630940,713.342748,5.869510,116.635214,0.218216
2130.585575,313.000000,5.875788,-116.535642,713.355152,5.872491,116.540020,0.205153
2130.531949,314.000000,5.870451,-116.436311,713.342876,5.866647,116.440592,0.216365
2130.591317,315.000000,5.876392,-116.342857,713.366601,5.873678,116.347336,0.192166
2130.573298,316.000000,5.874609,-116.245378,713.365668,5.871891,116.249852,0.192222
2130.564892,317.000000,5.873786,-116.148397,713.367796,5.871199,116.152892,0.189266
2130.564526,318.000000,5.873765,-116.051833,713.372485,5.871424,116.056369,0.183792
2130.578527,319.000000,5.875177,-115.956013,713.381750,5.873285,115.960628,0.173816
2130.530399,320.000000,5.870390,-115.856973,713.371217,5.868067,115.861505,0.183314
2130.594791,321.000000,5.876832,-115.763757,713.396537,5.875670,115.768500,0.157546
2130.657029,322.000000,5.883060,-115.670424,713.421172,5.883029,115.675371,0.132453
2130.662336,323.000000,5.883605,-115.574143,713.427663,5.883900,115.579147,0.125206
2130.595946,324.000000,5.876994,-115.474161,713.411303,5.876600,115.479034,0.140435
2130.480338,325.000000,5.865471,-115.371645,713.379259,5.863691,115.376260,0.171092
2130.394364,326.000000,5.856906,-115.270666,713.356658,5.854160,115.275098,0.192460
2130.288185,327.000000,5.846326,-115.168653,713.327620,5.842328,115.172851,0.220160
2130.284854,328.000000,5.846009,-115.071937,713.331350,5.842213,115.076169,0.215629
2130.333855,329.000000,5.850914,-114.977908,713.351754,5.848062,114.982311,0.194698
2130.373617,330.000000,5.854898,-114.883401,713.369212,5.852857,114.887949,0.176662
2130.403942,331.000000,5.857940,-114.788404,713.383664,5.856578,114.793074,0.161586
2130.434089,332.000000,5.860964,-114.693395,713.398057,5.860279,114.698186,0.146565
2130.451479,333.000000,5.862715,-114.597729,713.408385,5.862525,114.602607,0.135545
2130.388636,334.000000,5.856459,-114.497954,713.393143,5.855630,114.502711,0.149675
2130.301940,335.000000,5.847822,-114.396964,713.370300,5.846016,114.401538,0.171282
2130.258868,336.000000,5.843540,-114.298209,713.361356,5.841373,114.302713,0.179217
2130.238593,337.000000,5.841532,-114.200621,713.359676,5.839328,114.205114,0.180008
2130.222603,338.000000,5.839952,-114.103251,713.359359,5.837771,114.107745,0.179458
2130.202706,339.000000,5.837982,-114.005682,713.357797,5.835769,114.010167,0.180133
2130.187419,340.000000,5.836472,-113.908349,713.357701,5.834292,113.912836,0.179364
2130.180995,341.000000,5.835846,-113.811466,713.360429,5.833825,113.815979,0.175819
2130.176587,342.000000,5.835422,-113.714686,713.363798,5.833587,113.719229,0.171644
2130.181669,343.000000,5.835944,-113.618386,713.370189,5.834430,113.622985,0.164495
2130.204168,344.000000,5.838205,-113.522968,713.382129,5.837258,113.527668,0.151888
2130.234043,345.000000,5.841202,-113.427922,713.396419,5.840927,113.432742,0.136970
2130.244454,346.000000,5.842256,-113.331885,713.404505,5.842377,113.336775,0.128155
2130.211912,347.000000,5.839024,-113.233673,713.398902,5.838934,113.238520,0.132804
2130.153541,348.000000,5.833215,-113.134157,713.385067,5.832547,113.138894,0.145552
2130.117305,349.000000,5.829615,-113.035763,713.378284,5.828683,113.040448,0.151362
2130.142545,350.000000,5.832149,-112.940474,713.391090,5.831823,112.945266,0.137903
2130.169634,351.000000,5.834867,-112.845275,713.404484,5.835173,112.850180,0.123866
2130.136846,352.000000,5.831611,-112.747055,713.398796,5.831701,112.751917,0.128600
2130.072641,353.000000,5.825220,-112.647255,713.383095,5.824650,112.651992,0.143182
2130.008902,354.000000,5.818875,-112.547483,713.367541,5.817652,112.552096,0.157620
2129.963339,355.000000,5.814345,-112.448629,713.357779,5.812725,112.453165,0.166361
2129.949546,356.000000,5.812984,-112.351373,713.358139,5.811418,112.355915,0.165146
2129.971965,357.000000,5.815236,-112.255933,713.370036,5.814235,112.260576,0.152581
2129.989260,358.000000,5.816977,-112.160234,713.380299,5.816469,112.164964,0.141624
2126.986892,564.000000,5.520811,-92.119816,713.374126,5.527667,92.125167,-0.029327
2126.920894,565.000000,5.514252,-92.020436,713.357572,5.520410,92.025655,-0.013896
2126.781858,566.000000,5.500418,-91.918060,713.317744,5.504845,91.922957,0.024434
2126.725746,567.000000,5.494845,-91.819099,713.304339,5.498713,91.823889,0.036766
2126.726184,568.000000,5.494904,-91.722459,713.308951,5.499014,91.727290,0.031372
2126.731084,569.000000,5.495407,-91.626001,713.314983,5.499822,91.630884,0.024580
2126.733950,570.000000,5.495708,-91.529458,713.320366,5.500399,91.534389,0.018426
2126.737170,571.000000,5.496044,-91.432928,713.325860,5.501016,91.437907,0.012163
2126.740647,572.000000,5.496405,-91.336408,713.331435,5.501662,91.341436,0.005821
2126.729842,573.000000,5.495344,-91.239303,713.332458,5.500684,91.244343,0.003958
2126.692109,574.000000,5.491602,-91.141102,713.324900,5.496642,91.146083,0.010538
2126.638803,575.000000,5.486308,-91.042270,713.312378,5.490830,91.047151,0.022002
2126.614729,576.000000,5.483926,-90.944629,713.309169,5.488342,90.949488,0.024302
2126.631498,577.000000,5.485611,-90.848647,713.318973,5.490499,90.853589,0.013799
2126.629562,578.000000,5.485433,-90.751905,713.322815,5.490530,90.756881,0.009162
2126.608013,579.000000,5.483303,-90.654366,713.320407,5.488329,90.659327,0.010675
2126.568335,580.000000,5.479366,-90.556095,713.312221,5.484066,90.560992,0.017873
2126.521722,581.000000,5.474740,-90.457546,713.301824,5.479015,90.462361,0.027246
2126.486422,582.000000,5.471240,-90.359457,713.295031,5.475250,90.364220,0.033074
2126.465774,583.000000,5.469199,-90.261961,713.292904,5.473152,90.266710,0.034309
2126.469768,584.000000,5.469612,-90.165459,713.298628,5.473856,90.170257,0.027821
2126.499444,585.000000,5.472582,-90.069989,713.312533,5.477481,90.074904,0.013283
2126.511187,586.000000,5.473767,-89.973794,713.320723,5.479066,89.978780,0.004368
2126.484818,587.000000,5.471156,-89.876067,713.316768,5.476317,89.881023,0.007403
2126.443499,588.000000,5.467057,-89.777740,713.308049,5.471867,89.782629,0.015126
2126.479604,589.000000,5.470668,-89.682520,713.323997,5.476223,89.687542,-0.001423
2126.462810,590.000000,5.469011,-89.585177,713.323089,5.474563,89.590196,-0.001386
2126.463982,591.000000,5.469142,-89.488554,713.327905,5.474946,89.493615,-0.006981
2126.473985,592.000000,5.470154,-89.392282,713.335533,5.476333,89.397408,-0.015343
2126.492479,593.000000,5.472011,-89.296347,713.345865,5.478686,89.301561,-0.026366
2126.483564,594.000000,5.471138,-89.199316,713.347463,5.477921,89.204547,-0.028794
2126.430437,595.000000,5.465863,-89.100525,713.334971,5.472128,89.105657,-0.017359
2126.376995,596.000000,5.460557,-89.001725,713.322377,5.466300,89.006757,-0.005824
2126.338286,597.000000,5.456718,-88.903514,713.314478,5.462146,88.908485,0.001092
2126.315040,598.000000,5.454418,-88.805919,713.311503,5.459752,88.810869,0.003162
2126.314061,599.000000,5.454336,-88.709208,713.315623,5.459890,88.714195,-0.001747
2126.326515,600.000000,5.455591,-88.613028,713.324021,5.461555,88.618086,-0.010867
2126.315249,601.000000,5.454485,-88.515907,713.324860,5.460523,88.520976,-0.012548
2126.269958,602.000000,5.449990,-88.417442,713.314856,5.455621,88.422432,-0.003561
2126.220180,603.000000,5.445049,-88.318803,713.303422,5.450209,88.323702,0.006834
2126.187880,604.000000,5.441849,-88.220856,713.297555,5.446785,88.225711,0.011750
2126.162937,605.000000,5.439380,-88.123200,713.294031,5.444197,88.128030,0.014361
2126.142219,606.000000,5.437333,-88.025712,713.291852,5.442090,88.030527,0.015650
2126.150405,607.000000,5.438163,-87.929360,713.298880,5.443269,87.934236,0.007878
2126.201636,608.000000,5.443279,-87.834697,713.319623,5.449344,87.839745,-0.013388
2126.281392,609.000000,5.451236,-87.741146,713.349455,5.458663,87.746442,-0.043598
2126.345548,610.000000,5.457640,-87.646977,713.374316,5.466208,87.652479,-0.068917
2126.323615,611.000000,5.455471,-87.549432,713.371743,5.463962,87.554917,-0.067241
2126.249108,612.000000,5.448068,-87.449834,713.352415,5.455736,87.455164,-0.049078
2126.180815,613.000000,5.441283,-87.350484,713.335066,5.448218,87.355675,-0.032864
2126.134541,614.000000,5.436691,-87.251997,713.324733,5.443204,87.257107,-0.023552
2126.123097,615.000000,5.435567,-87.154870,713.325496,5.442151,87.159990,-0.025160
2126.143798,616.000000,5.437643,-87.058994,713.336502,5.444753,87.064207,-0.036844
2126.164409,617.000000,5.439711,-86.963111,713.347477,5.447345,86.968417,-0.048500
2126.166851,618.000000,5.439969,-86.866521,713.352662,5.447871,86.871872,-0.054457
2126.141937,619.000000,5.437504,-86.768868,713.349128,5.445286,86.774193,-0.051836
2126.092276,620.000000,5.432575,-86.670257,713.337707,5.439886,86.675493,-0.041454
2126.029949,621.000000,5.426385,-86.571160,713.322249,5.433047,86.576273,-0.027100
2125.961647,622.000000,5.419600,-86.471837,713.304887,5.425528,86.476811,-0.010872
2125.895884,623.000000,5.413069,-86.372617,713.288334,5.418298,86.377458,0.004561
2125.846023,624.000000,5.408120,-86.274014,713.276846,5.412877,86.278765,0.015009
2125.829377,625.000000,5.406479,-86.176694,713.275939,5.411232,86.181440,0.015046
2125.837863,626.000000,5.407339,-86.080341,713.283038,5.412444,86.085149,0.007206
2125.841599,627.000000,5.407726,-85.983804,713.288622,5.413116,85.988660,0.000855
2125.829050,628.000000,5.406492,-85.886640,713.289016,5.411937,85.891503,-0.000388
2125.817570,629.000000,5.405365,-85.789517,713.289750,5.410879,85.794390,-0.001966
2125.834581,630.000000,5.407073,-85.693486,713.299559,5.413060,85.698442,-0.012474
2125.860248,631.000000,5.409644,-85.597783,713.312126,5.416226,85.602845,-0.025695
2125.865841,632.000000,5.410216,-85.501309,713.318296,5.417109,85.506425,-0.032622
2125.860966,633.000000,5.409746,-85.404435,713.321129,5.416802,85.409577,-0.036265
2125.856777,634.000000,5.409344,-85.307587,713.324179,5.416573,85.312757,-0.040122
2125.846785,635.000000,5.408365,-85.210516,713.325379,5.415684,85.215700,-0.042158
2125.815838,636.000000,5.405299,-85.112649,713.319900,5.412412,85.117791,-0.037622
2125.769861,637.000000,5.400738,-85.014212,713.309632,5.407431,85.019273,-0.028374
2125.732736,638.000000,5.397058,-84.916114,713.302182,5.403457,84.921117,-0.021899
2125.710281,639.000000,5.394838,-84.818574,713.299406,5.401151,84.823558,-0.020022
2125.679148,640.000000,5.391754,-84.720707,713.293863,5.397858,84.725649,-0.015424
2125.605626,641.000000,5.384452,-84.621238,713.274815,5.389747,84.626027,0.002465
2125.489711,642.000000,5.372930,-84.520174,713.242260,5.376816,84.524700,0.033644
2125.504234,643.000000,5.374391,-84.424039,713.251259,5.378714,84.428643,0.023934
2125.526613,644.000000,5.376633,-84.328199,713.262759,5.381504,84.332899,0.011762
2125.522696,645.000000,5.376259,-84.231365,713.265881,5.381305,84.236095,0.007835
2125.559186,646.000000,5.379906,-84.136051,713.281875,5.385699,84.140914,-0.008758
2125.555246,647.000000,5.379529,-84.039213,713.284987,5.385498,84.044106,-0.012676
2125.506218,648.000000,5.374665,-83.940684,713.273733,5.380170,83.945488,-0.002457
2125.532065,649.000000,5.377253,-83.844964,713.286332,5.383355,83.849873,-0.015710
2125.533931,650.000000,5.377454,-83.748342,713.291290,5.383813,83.753296,-0.021444
2125.510951,651.000000,5.375182,-83.650791,713.288331,5.381447,83.655723,-0.019387
2125.552159,652.000000,5.379299,-83.555637,713.305821,5.386377,83.560716,-0.037452
2125.552717,653.000000,5.379370,-83.458963,713.310358,5.386687,83.464082,-0.042772
2125.526875,654.000000,5.376813,-83.361304,713.306483,5.383995,83.366395,-0.039814
2125.564352,655.000000,5.380558,-83.266003,713.322781,5.388501,83.271230,-0.056707
2125.513439,656.000000,5.375506,-83.167412,713.310915,5.382959,83.172545,-0.045885
2125.468659,657.000000,5.371065,-83.069052,713.301001,5.378114,83.074108,-0.036985
2125.448160,658.000000,5.369040,-82.971595,713.298823,5.376030,82.976636,-0.035696
2125.439767,659.000000,5.368220,-82.874588,713.300500,5.375321,82.879646,-0.038202
2125.412872,660.000000,5.365559,-82.776895,713.296281,5.372510,82.781922,-0.034905
2125.358537,661.000000,5.360167,-82.678190,713.283319,5.366579,82.683115,-0.023004
2125.300569,662.000000,5.354413,-82.579355,713.269198,5.360235,82.584167,-0.009964
2125.264197,663.000000,5.350809,-82.481320,713.261956,5.356346,82.486076,-0.003693
2125.257787,664.000000,5.350186,-82.384390,713.264259,5.355863,82.389168,-0.006813
2125.262459,665.000000,5.350667,-82.287868,713.270090,5.356639,82.292697,-0.013406
2125.258361,666.000000,5.350274,-82.191021,713.273127,5.356418,82.195878,-0.017249
2125.246547,667.000000,5.349114,-82.093891,713.273704,5.355321,82.098756,-0.018672
2125.243477,668.000000,5.348824,-81.997082,713.277065,5.355217,82.001977,-0.022834
2125.263709,669.000000,5.350853,-81.901124,713.287849,5.357761,81.906111,-0.034301
2125.306120,670.000000,5.355089,-81.805974,713.305699,5.362827,81.811111,-0.052720
2125.350478,671.000000,5.359519,-81.710891,713.324168,5.368115,81.716182,-0.071750
2125.362814,672.000000,5.360762,-81.614636,713.332434,5.369762,81.619997,-0.080738
2125.337608,673.000000,5.358269,-81.517010,713.328736,5.367141,81.522345,-0.077954
2125.307547,674.000000,5.355292,-81.419209,713.323489,5.363969,81.424504,-0.073645
2125.306520,675.000000,5.355206,-81.322465,713.327493,5.364097,81.327796,-0.078440
2125.304920,676.000000,5.355062,-81.225699,713.331312,5.364160,81.231065,-0.083053
2125.249681,677.000000,5.349580,-81.126988,713.318039,5.358125,81.132248,-0.070846
2125.194517,678.000000,5.344106,-81.028283,713.304789,5.352100,81.033438,-0.058662
2125.145477,679.000000,5.339241,-80.929803,713.293489,5.346770,80.934869,-0.048397
2125.094004,680.000000,5.334135,-80.831239,713.281414,5.341164,80.836209,-0.037368
2125.043098,681.000000,5.329085,-80.732698,713.269517,5.335623,80.737575,-0.026516
2125.001001,682.000000,5.324911,-80.634479,713.260427,5.331083,80.639284,-0.018425
2124.980230,683.000000,5.322860,-80.537030,713.258129,5.328966,80.541819,-0.017018
2124.989571,684.000000,5.323805,-80.440663,713.265423,5.330272,80.445516,-0.025050
2125.007881,685.000000,5.325642,-80.344618,713.275573,5.332597,80.349556,-0.035893
2125.009154,686.000000,5.325784,-80.247958,713.280294,5.332986,80.252939,-0.041393
2124.989135,687.000000,5.323808,-80.150535,713.278231,5.330955,80.155502,-0.040217
2124.973503,688.000000,5.322268,-80.053269,713.277563,5.329422,80.058234,-0.040414
2124.983741,689.000000,5.323302,-79.956929,713.285137,5.330829,79.961959,-0.048721
2124.993920,690.000000,5.324330,-79.860584,713.292691,5.332230,79.865679,-0.057009
2124.976794,691.000000,5.322641,-79.763264,713.291543,5.330528,79.768353,-0.056734
2124.925921,692.000000,5.317595,-79.664743,713.279643,5.324990,79.669738,-0.045877
2124.849793,693.000000,5.310036,-79.565328,713.259695,5.316582,79.570163,-0.027102
2124.772632,694.000000,5.302375,-79.465881,713.239419,5.308057,79.470554,-0.008002
2124.734406,695.000000,5.298588,-79.367822,713.231545,5.303957,79.372433,-0.001108
2124.760760,696.000000,5.301225,-79.272052,713.244242,5.307195,79.276770,-0.014457
2124.809114,697.000000,5.306051,-79.177057,713.263947,5.312933,79.181940,-0.034702
2124.836461,698.000000,5.308787,-79.081315,713.276959,5.316284,79.086307,-0.048361
2124.822539,699.000000,5.307417,-78.984113,713.276822,5.314945,78.989107,-0.049081
2124.787153,700.000000,5.303912,-78.886154,713.269846,5.311167,78.891095,-0.043069
2124.757315,701.000000,5.300959,-78.788393,713.264635,5.308020,78.793294,-0.038796
2124.734624,702.000000,5.298717,-78.690885,713.261701,5.305684,78.695765,-0.036762
2124.710228,703.000000,5.296306,-78.593317,713.258222,5.303155,78.598173,-0.034192
2124.670298,704.000000,5.292349,-78.495207,713.249792,5.298861,78.499996,-0.026751
2124.608169,705.000000,5.286184,-78.396320,713.234290,5.292044,78.400987,-0.012349
2124.543750,706.000000,5.279791,-78.297359,713.218058,5.284968,78.301895,0.002771
2124.515781,707.000000,5.277025,-78.199675,713.213436,5.282033,78.204177,0.006466
2124.519579,708.000000,5.277418,-78.103102,713.218931,5.282707,78.107652,0.000204
2124.511277,709.000000,5.276608,-78.006105,713.220571,5.282006,78.010672,-0.002264
2124.555572,710.000000,5.281029,-77.910939,713.238965,5.287281,77.915660,-0.021219
2124.523569,711.000000,5.277861,-77.813116,713.233052,5.283888,77.817792,-0.016254
2124.531152,712.000000,5.278631,-77.716669,713.239749,5.284992,77.721403,-0.023697
2124.494804,713.000000,5.275031,-77.618697,713.232449,5.281105,77.623374,-0.017368
2124.533437,714.000000,5.278889,-77.523324,713.249035,5.285736,77.528140,-0.034543
2124.548588,715.000000,5.280411,-77.427134,713.258138,5.287700,77.432028,-0.044356
2124.531811,716.000000,5.278758,-77.329839,713.257069,5.286036,77.334728,-0.044157
2124.488305,717.000000,5.274446,-77.231622,713.247484,5.281335,77.236435,-0.035578
2124.508556,718.000000,5.276476,-77.135606,713.258208,5.283879,77.140510,-0.046985
2124.462957,719.000000,5.271955,-77.037319,713.247953,5.278940,77.042143,-0.037747
2124.430371,720.000000,5.268730,-76.939483,713.241843,5.275479,76.944260,-0.032587
2124.416130,721.000000,5.267329,-76.842279,713.241575,5.274103,76.847057,-0.033177
2124.425141,722.000000,5.268240,-76.745872,713.248713,5.275369,76.750712,-0.041055
2124.443440,723.000000,5.270076,-76.649782,713.258809,5.277690,76.654707,-0.051844
2124.459796,724.000000,5.271718,-76.553623,713.268285,5.279790,76.558629,-0.062023
2124.472682,725.000000,5.273016,-76.457342,713.276655,5.281496,76.462420,-0.071113
2124.468774,726.000000,5.272643,-76.360487,713.279673,5.281294,76.365593,-0.074936
2124.430910,727.000000,5.268892,-76.262474,713.271871,5.277234,76.267519,-0.068112
2124.372021,728.000000,5.263050,-76.163747,713.257369,5.270785,76.168677,-0.054695
2124.316846,729.000000,5.257577,-76.065151,713.244051,5.264758,76.069975,-0.042441
2124.270339,730.000000,5.252967,-75.966853,713.233492,5.259715,75.971594,-0.032903
2124.232929,731.000000,5.249262,-75.868866,713.225831,5.255707,75.873548,-0.026217
2124.210053,732.000000,5.247003,-75.771374,713.222798,5.253349,75.776034,-0.024085
2124.207399,733.000000,5.246754,-75.674567,713.226205,5.253289,75.679258,-0.028292
2124.224178,734.000000,5.248438,-75.578415,713.235802,5.255437,75.583188,-0.038589
2124.252222,735.000000,5.251243,-75.482640,713.248986,5.258864,75.487524,-0.052418
2124.279490,736.000000,5.253971,-75.386836,713.261922,5.262203,75.391830,-0.066002
2124.292211,737.000000,5.255251,-75.290540,713.270223,5.263889,75.295604,-0.075024
2124.281133,738.000000,5.254165,-75.193441,713.270941,5.262872,75.198515,-0.076583
2124.248473,739.000000,5.250932,-75.095619,713.264781,5.259403,75.100645,-0.071375
2124.198276,740.000000,5.245955,-74.997210,713.253033,5.253941,75.002144,-0.060666
2124.140999,741.000000,5.240275,-74.898568,713.239029,5.247675,74.903390,-0.047738
2124.103385,742.000000,5.236549,-74.800587,713.231288,5.243643,74.805349,-0.040972
2124.105096,743.000000,5.236735,-74.703921,713.236073,5.244078,74.708726,-0.046534
2124.126791,744.000000,5.238908,-74.607920,713.247223,5.246783,74.612819,-0.058360
2124.143709,745.000000,5.240606,-74.511758,713.256850,5.248946,74.516739,-0.068688
2124.141846,746.000000,5.240436,-74.414968,713.260492,5.248975,74.419982,-0.073125
2124.113498,747.000000,5.237633,-74.317298,713.255696,5.245995,74.322276,-0.069258
2124.059897,748.000000,5.232318,-74.218792,713.242854,5.240146,74.223668,-0.057472
2124.002481,749.000000,5.226624,-74.120163,713.228795,5.233865,74.124927,-0.044490
2123.968404,750.000000,5.223251,-74.022310,713.222170,5.230234,74.027024,-0.038823
2123.962315,751.000000,5.222661,-73.925384,713.224460,5.229783,73.930119,-0.041929
2123.962236,752.000000,5.222668,-73.828655,713.228662,5.230014,73.833429,-0.046918
2123.953269,753.000000,5.221792,-73.731633,713.230032,5.229236,73.736421,-0.049119
2123.952866,754.000000,5.221768,-73.634892,713.234129,5.229430,73.639717,-0.054004
2123.968764,755.000000,5.223364,-73.538687,713.243418,5.231476,73.543590,-0.063998
2123.990875,756.000000,5.225578,-73.442682,713.254685,5.234228,73.447681,-0.075939
2123.997946,757.000000,5.226297,-73.346182,713.261159,5.235271,73.351237,-0.083163
2123.973156,758.000000,5.223848,-73.248637,713.257481,5.232695,73.253666,-0.080397
2123.930226,759.000000,5.219594,-73.150501,713.248024,5.228058,73.155455,-0.071942
2123.905348,760.000000,5.217136,-73.052956,713.244316,5.225472,73.057883,-0.069145
2123.897732,761.000000,5.216394,-72.955976,713.246106,5.224847,72.960921,-0.071760
2123.873844,762.000000,5.214034,-72.858465,713.242711,5.222373,72.863386,-0.069271
2123.820216,763.000000,5.208717,-72.759988,713.229840,5.216522,72.764807,-0.057457
2123.763199,764.000000,5.203064,-72.661406,713.215889,5.210285,72.666113,-0.044580
2123.738499,765.000000,5.200624,-72.563875,713.212232,5.207719,72.568556,-0.041833
2123.735800,766.000000,5.200371,-72.467057,713.215581,5.207652,72.471769,-0.045982
2123.738090,767.000000,5.200614,-72.370400,713.220519,5.208152,72.375156,-0.051693
2123.765273,768.000000,5.203332,-72.274546,713.233385,5.211478,72.279410,-0.065208
2123.825062,769.000000,5.209293,-72.179741,713.256637,5.218509,72.184798,-0.088945
2123.887521,770.000000,5.215519,-72.085015,713.280741,5.225843,72.090273,-0.113519
2123.926588,771.000000,5.219420,-71.989530,713.297391,5.230520,71.994928,-0.130758
2120.111356,977.000000,4.843739,-51.951154,712.919816,4.845654,51.954133,0.065764
2120.228359,978.000000,4.855363,-51.857087,712.960986,4.859144,51.860405,0.024389
2120.351063,979.000000,4.867554,-51.763141,713.003973,4.873282,51.766814,-0.018777
2120.347734,980.000000,4.867240,-51.666274,713.006838,4.873132,51.669974,-0.022445
2120.276949,981.000000,4.860233,-51.567853,712.988228,4.865334,51.571404,-0.004972
2120.202873,982.000000,4.852899,-51.469362,712.968569,4.857164,51.472755,0.013533
2120.147459,983.000000,4.847417,-51.371304,712.954850,4.851110,51.374589,0.026191
2120.111948,984.000000,4.843910,-51.273706,712.947465,4.847311,51.276934,0.032613
2120.087299,985.000000,4.841481,-51.176359,712.943537,4.844744,51.179557,0.035632
2120.074848,986.000000,4.840262,-51.079291,712.943490,4.843560,51.082492,0.034830
2120.083494,987.000000,4.841136,-50.982704,712.950158,4.844767,50.985963,0.027419
2120.121817,988.000000,4.844954,-50.886789,712.966271,4.849338,50.890183,0.010710
2120.168782,989.000000,4.849630,-50.791066,712.985134,4.854889,50.794618,-0.008707
2120.175010,990.000000,4.850264,-50.694416,712.991028,4.855822,50.698019,-0.015357
2120.139555,991.000000,4.846763,-50.596823,712.983652,4.852029,50.600369,-0.008943
2120.098115,992.000000,4.842668,-50.499096,712.974369,4.847558,50.502569,-0.000652
2120.077423,993.000000,4.840631,-50.401839,712.971690,4.845440,50.405294,0.001138
2120.070806,994.000000,4.839991,-50.304900,712.973489,4.844916,50.308372,-0.001481
2120.059611,995.000000,4.838897,-50.207857,712.973831,4.843874,50.211336,-0.002665
2120.042487,996.000000,4.837214,-50.110682,712.972283,4.842159,50.114151,-0.001989
2120.040636,997.000000,4.837047,-50.013848,712.975596,4.842176,50.017348,-0.006098
2120.063710,998.000000,4.839352,-49.917569,712.986843,4.845018,49.921164,-0.018016
2120.079989,999.000000,4.840984,-49.821136,712.995925,4.847089,49.824809,-0.027805
2120.051162,1000.000000,4.838140,-49.723699,712.990647,4.844048,49.727332,-0.023456
2119.996554,1001.000000,4.832739,-49.625693,712.977160,4.838084,49.629218,-0.011026
2119.946772,1002.000000,4.827816,-49.527796,712.965208,4.832668,49.531227,-0.000108
2119.907302,1003.000000,4.823917,-49.430131,712.956539,4.828420,49.433494,0.007580
2119.873789,1004.000000,4.820609,-49.332599,712.949764,4.824847,49.335910,0.013402
2119.841203,1005.000000,4.817393,-49.235090,712.943283,4.821380,49.238351,0.018935
2119.809885,1006.000000,4.814302,-49.137611,712.937205,4.818056,49.140825,0.024071
2119.782739,1007.000000,4.811626,-49.040224,712.932453,4.815206,49.043404,0.027902
2119.759901,1008.000000,4.809377,-48.942934,712.929071,4.812843,48.946088,0.030384
2119.740010,1009.000000,4.807420,-48.845708,712.926626,4.810815,48.848846,0.031944
2119.729329,1010.000000,4.806377,-48.748684,712.927111,4.809830,48.751830,0.030620
2119.726583,1011.000000,4.806121,-48.651833,712.930121,4.809744,48.655006,0.026810
2119.713778,1012.000000,4.804867,-48.554762,712.929927,4.808519,48.557937,0.026153
2119.667987,1013.000000,4.800342,-48.456978,712.919233,4.803555,48.460069,0.035834
2119.603936,1014.000000,4.794005,-48.358803,712.902727,4.796522,48.361761,0.051237
2119.583892,1015.000000,4.792034,-48.261580,712.900225,4.794475,48.264522,0.052853
2119.614530,1016.000000,4.795089,-48.165449,712.913853,4.798173,48.168505,0.038590
2119.643429,1017.000000,4.797971,-48.069277,712.926927,4.801673,48.072443,0.024873
2119.614863,1018.000000,4.795154,-47.971870,712.921709,4.798661,47.974997,0.029163
2119.569597,1019.000000,4.790681,-47.874108,712.911174,4.793757,47.877152,0.038687
2119.567040,1020.000000,4.790444,-47.777259,712.914232,4.793692,47.780332,0.034830
2119.582870,1021.000000,4.792030,-47.680802,712.923140,4.795711,47.683951,0.025213
2119.562308,1022.000000,4.790007,-47.583569,712.920465,4.793606,47.586699,0.027000
2119.486542,1023.000000,4.782509,-47.485166,712.900218,4.785245,47.488134,0.046086
2119.480670,1024.000000,4.781943,-47.388248,712.902215,4.784804,47.391235,0.043273
2119.443905,1025.000000,4.778314,-47.290678,712.894379,4.780863,47.293604,0.050141
2119.434006,1026.000000,4.777348,-47.193675,712.895092,4.779966,47.196610,0.048592
2119.425750,1027.000000,4.776546,-47.096707,712.896326,4.779256,47.099656,0.046530
2119.420508,1028.000000,4.776043,-46.999803,712.898519,4.778886,47.002772,0.043525
2119.421342,1029.000000,4.776142,-46.903025,712.902644,4.779205,46.906031,0.038617
2119.415314,1030.000000,4.775560,-46.806102,712.904583,4.778747,46.809128,0.035861
2119.392007,1031.000000,4.773265,-46.708819,712.901022,4.776331,46.711819,0.038520
2119.364570,1032.000000,4.770561,-46.611451,712.896146,4.773446,46.614414,0.042475
2119.366754,1033.000000,4.770794,-46.514699,712.900695,4.773918,46.517703,0.037149
2119.407617,1034.000000,4.774862,-46.418748,712.917554,4.778773,46.421893,0.019706
2119.446656,1035.000000,4.778751,-46.322756,712.933831,4.783421,46.326037,0.002834
2119.459701,1036.000000,4.780061,-46.226222,712.941834,4.785123,46.229572,-0.005891
2119.452128,1037.000000,4.779326,-46.129261,712.943273,4.784490,46.132626,-0.008154
2119.391837,1038.000000,4.773363,-46.031216,712.927931,4.777882,46.034459,0.006104
2119.347802,1039.000000,4.769013,-45.933509,712.917761,4.773116,45.936672,0.015269
2119.327949,1040.000000,4.767061,-45.836300,712.915288,4.771091,45.839446,0.016858
2119.288574,1041.000000,4.763172,-45.738693,712.906600,4.766853,45.741771,0.024565
2119.232559,1042.000000,4.757634,-45.640749,712.892614,4.760730,45.643716,0.037487
2119.196721,1043.000000,4.754097,-45.543220,712.885050,4.756894,45.546128,0.044088
2119.197460,1044.000000,4.754187,-45.446435,712.889125,4.757201,45.449380,0.039230
2119.206112,1045.000000,4.755061,-45.349809,712.895717,4.758405,45.352811,0.031894
2119.189671,1046.000000,4.753447,-45.252675,712.894321,4.756766,45.255669,0.032421
2119.145062,1047.000000,4.749041,-45.154973,712.883960,4.751936,45.157885,0.041776
2119.093477,1048.000000,4.743942,-45.057133,712.871378,4.746315,45.059946,0.053317
2119.068335,1049.000000,4.741466,-44.959828,712.867209,4.743690,44.962610,0.056574
2119.087716,1050.000000,4.743404,-44.863417,712.877209,4.746109,44.866284,0.045883
2119.119192,1051.000000,4.746541,-44.767245,712.891057,4.749899,44.770228,0.031404
2119.125722,1052.000000,4.747205,-44.670571,712.896964,4.750862,44.673606,0.024742
2119.100257,1053.000000,4.744697,-44.573259,712.892687,4.748200,44.576262,0.028106
2119.054904,1054.000000,4.740217,-44.475553,712.882080,4.743285,44.478472,0.037703
2119.021044,1055.000000,4.736876,-44.378078,712.875129,4.739673,44.380944,0.043700
2119.012115,1056.000000,4.736007,-44.281098,712.876112,4.738884,44.283975,0.041887
2119.005427,1057.000000,4.735360,-44.184162,712.877806,4.738350,44.187056,0.039373
2118.999908,1058.000000,4.734830,-44.087248,712.879871,4.737947,44.090163,0.036494
2119.005963,1059.000000,4.735447,-43.990562,712.885618,4.738856,43.993527,0.029990
2119.017808,1060.000000,4.736638,-43.893987,712.893206,4.740421,43.897018,0.021674
2119.016804,1061.000000,4.736555,-43.797160,712.896704,4.740530,43.800222,0.017384
2119.006696,1062.000000,4.735569,-43.700154,712.897303,4.739608,43.703224,0.015948
2118.999314,1063.000000,4.734854,-43.603200,712.898768,4.738995,43.606286,0.013659
2118.986766,1064.000000,4.733626,-43.506147,712.898588,4.737796,43.509234,0.012991
2118.951988,1065.000000,4.730195,-43.408662,712.891332,4.734079,43.411693,0.019289
2118.895828,1066.000000,4.724643,-43.310766,712.877270,4.727939,43.313685,0.032287
2118.843614,1067.000000,4.719483,-43.212950,712.864463,4.722247,43.215767,0.044051
2118.804627,1068.000000,4.715635,-43.115392,712.855864,4.718053,43.118143,0.051671
2118.776505,1069.000000,4.712864,-43.018045,712.850721,4.715090,43.020757,0.055888
2118.757640,1070.000000,4.711010,-42.920878,712.848523,4.713175,42.923575,0.057206
2118.757103,1071.000000,4.710973,-42.824061,712.852156,4.713337,42.826791,0.052784
2118.790294,1072.000000,4.714280,-42.727888,712.866521,4.717319,42.730739,0.037796
2118.841614,1073.000000,4.719385,-42.632056,712.886655,4.723355,42.635074,0.017128
2118.861181,1074.000000,4.721341,-42.535615,712.896682,4.725793,42.538719,0.006409
2118.831156,1075.000000,4.718381,-42.438231,712.890926,4.722614,42.441292,0.011231
2118.773815,1076.000000,4.712713,-42.340333,712.876475,4.716341,42.343278,0.024613
2118.729831,1077.000000,4.708369,-42.242691,712.866273,4.711581,42.245556,0.033811
2118.705139,1078.000000,4.705938,-42.145415,712.862210,4.709006,42.148250,0.036966
2118.676361,1079.000000,4.703102,-42.048063,712.856846,4.705968,42.050857,0.041402
2118.630223,1080.000000,4.698545,-41.950387,712.845956,4.700964,41.953096,0.051278
2118.588463,1081.000000,4.694422,-41.852797,712.836458,4.696456,41.855431,0.059783
2118.587040,1082.000000,4.694298,-41.755961,712.839794,4.696516,41.758626,0.055653
2118.621377,1083.000000,4.697718,-41.659790,712.854509,4.700627,41.662579,0.040320
2118.652232,1084.000000,4.700793,-41.563551,712.868115,4.704344,41.566454,0.026079
2118.645242,1085.000000,4.700117,-41.466607,712.869676,4.703773,41.469526,0.023697
2118.615344,1086.000000,4.697170,-41.369239,712.863946,4.700609,41.372114,0.028493
2118.602674,1087.000000,4.695931,-41.272191,712.863697,4.699395,41.275067,0.027893
2118.613607,1088.000000,4.697031,-41.175577,712.870958,4.700855,41.178516,0.019899
2118.632295,1089.000000,4.698901,-41.079103,712.880685,4.703193,41.082125,0.009476
2118.633513,1090.000000,4.699038,-40.982307,712.884852,4.703552,40.985366,0.004528
2118.610990,1091.000000,4.696822,-40.885076,712.881462,4.701222,40.888111,0.007020
2118.590200,1092.000000,4.694778,-40.787878,712.878623,4.699089,40.790893,0.008971
2118.605675,1093.000000,4.696329,-40.691340,712.887323,4.701063,40.694429,-0.000440
2118.653493,1094.000000,4.701086,-40.595386,712.906316,4.706701,40.598634,-0.019985
2118.662876,1095.000000,4.702033,-40.498732,712.913075,4.707985,40.502038,-0.027485
2118.614390,1096.000000,4.697243,-40.401031,712.901415,4.702714,40.404246,-0.016850
2118.557544,1097.000000,4.691625,-40.303184,712.887093,4.696496,40.306284,-0.003595
2118.534640,1098.000000,4.689371,-40.205950,712.883573,4.694122,40.209025,-0.000974
2118.518718,1099.000000,4.687810,-40.108842,712.882273,4.692540,40.111910,-0.000540
2118.479124,1100.000000,4.683902,-40.011312,712.873439,4.688276,40.014311,0.007313
2118.505906,1101.000000,4.686573,-39.914967,712.885727,4.691530,39.918070,-0.005630
2118.450618,1102.000000,4.681110,-39.817160,712.871895,4.685489,39.820153,0.007143
2118.379455,1103.000000,4.674073,-39.719075,712.853011,4.677650,39.721916,0.024891
2118.285034,1104.000000,4.664732,-39.620584,712.826725,4.667177,39.623213,0.049925
2118.214675,1105.000000,4.657776,-39.522525,712.808096,4.659430,39.525005,0.067421
2118.210185,1106.000000,4.657348,-39.425630,712.810425,4.659142,39.428133,0.064283
2118.235144,1107.000000,4.659838,-39.329253,712.822123,4.662189,39.331854,0.051921
2118.254188,1108.000000,4.661742,-39.232769,712.831938,4.664566,39.235453,0.041413
2118.273941,1109.000000,4.663716,-39.136294,712.841978,4.667023,39.139064,0.030683
2118.311293,1110.000000,4.667435,-39.040124,712.857616,4.671473,39.043025,0.014441
2118.335105,1111.000000,4.669812,-38.943714,712.868946,4.674390,38.946711,0.002442
2118.311611,1112.000000,4.667500,-38.846480,712.865219,4.671950,38.849451,0.005266
2118.248412,1113.000000,4.661253,-38.748561,712.848856,4.665013,38.751400,0.020531
2118.179427,1114.000000,4.654434,-38.650546,712.830652,4.657420,38.653240,0.037610
2118.134363,1115.000000,4.649985,-38.552948,712.820059,4.652537,38.555558,0.047195
2118.118359,1116.000000,4.648415,-38.455852,712.818711,4.650945,38.458455,0.047678
2118.114721,1117.000000,4.648072,-38.358968,712.821296,4.650753,38.361595,0.044287
2118.105635,1118.000000,4.647188,-38.261991,712.822147,4.649944,38.264628,0.042605
2118.089291,1119.000000,4.645585,-38.164890,712.820687,4.648313,38.167518,0.043198
2118.075054,1120.000000,4.644191,-38.067825,712.819896,4.646920,38.070450,0.043132
2118.061430,1121.000000,4.642858,-37.970771,712.819299,4.645597,37.973395,0.042875
2118.024573,1122.000000,4.639223,-37.873324,712.811308,4.641644,37.875886,0.049898
2117.976139,1123.000000,4.634440,-37.775684,712.799633,4.636379,37.778153,0.060549
2117.941828,1124.000000,4.631057,-37.678285,712.792450,4.632713,37.680699,0.066777
2117.913990,1125.000000,4.628316,-37.580997,712.787325,4.629781,37.583372,0.070978
2117.882543,1126.000000,4.625217,-37.483650,712.781051,4.626440,37.485977,0.076311
2117.847805,1127.000000,4.621792,-37.386249,712.773728,4.622726,37.388520,0.082676
2117.825269,1128.000000,4.619576,-37.289054,712.770286,4.620394,37.291300,0.085220
2117.838042,1129.000000,4.620858,-37.192447,712.778077,4.622059,37.194759,0.076705
2117.875810,1130.000000,4.624617,-37.096251,712.793819,4.626554,37.098695,0.060361
2117.913095,1131.000000,4.628328,-37.000043,712.809407,4.630995,37.002618,0.044169
2117.920027,1132.000000,4.629032,-36.903331,712.815336,4.631999,36.905958,0.037487
2117.880939,1133.000000,4.625176,-36.805861,712.806621,4.627792,36.808420,0.045223
2117.835122,1134.000000,4.620653,-36.708283,712.795764,4.622824,36.710757,0.055069
2117.804366,1135.000000,4.617623,-36.610955,712.789698,4.619560,36.613382,0.060197
2117.778415,1136.000000,4.615068,-36.513706,712.785159,4.616841,36.516099,0.063822
2117.744390,1137.000000,4.611714,-36.416328,712.778050,4.613208,36.418666,0.069977
2117.712750,1138.000000,4.608597,-36.318990,712.771699,4.609844,36.321279,0.075386
2117.692418,1139.000000,4.606599,-36.221837,712.768944,4.607761,36.224107,0.077254
2117.667818,1140.000000,4.604179,-36.124616,712.764830,4.605195,36.126855,0.080460
2117.622030,1141.000000,4.599660,-36.027055,712.753974,4.600230,36.029209,0.090305
2117.568291,1142.000000,4.594353,-35.929370,712.740588,4.594365,35.931418,0.102641
2117.514658,1143.000000,4.589057,-35.831690,712.727235,4.588512,35.833632,0.114945
2117.456006,1144.000000,4.583264,-35.733934,712.712284,4.582092,35.735757,0.128821
2117.465944,1145.000000,4.584266,-35.637273,712.719151,4.583435,35.639156,0.121216
2117.436938,1146.000000,4.581409,-35.539993,712.713628,4.580370,35.541833,0.125810
2117.458867,1147.000000,4.583598,-35.443520,712.724307,4.583070,35.445451,0.114452
2117.514242,1148.000000,4.589100,-35.347573,712.745624,4.589556,35.349681,0.092618
2117.478705,1149.000000,4.585597,-35.250189,712.738019,4.585752,35.252238,0.099262
2117.471148,1150.000000,4.584865,-35.153246,712.739314,4.585114,35.155309,0.097143
2117.496227,1151.000000,4.587367,-35.056813,712.750990,4.588171,35.058976,0.084803
2117.445275,1152.000000,4.582336,-34.959191,712.738478,4.582621,34.961254,0.096279
2117.411321,1153.000000,4.578990,-34.861837,712.731372,4.578996,34.863845,0.102432
2117.385769,1154.000000,4.576476,-34.764615,712.726937,4.576321,34.766590,0.105954
2117.372001,1155.000000,4.575129,-34.667577,712.726250,4.574981,34.669550,0.105787
2117.367809,1156.000000,4.574731,-34.570687,712.728607,4.574724,34.572683,0.102622
2117.362173,1157.000000,4.574190,-34.473775,712.730504,4.574304,34.475789,0.099911
2117.347111,1158.000000,4.572715,-34.376717,712.729401,4.572816,34.378725,0.100153
2117.318420,1159.000000,4.569890,-34.279451,712.723961,4.569787,34.281418,0.104665
2117.280955,1160.000000,4.566196,-34.182052,712.715729,4.565764,34.183955,0.111927
2117.261232,1161.000000,4.564260,-34.084926,712.713140,4.563749,34.086811,0.113633
2117.265443,1162.000000,4.564694,-33.988164,712.718163,4.564443,33.990094,0.107844
2117.259831,1163.000000,4.564155,-33.891252,712.720059,4.564025,33.893200,0.105132
2117.225555,1164.000000,4.560777,-33.793907,712.712836,4.560363,33.795799,0.111400
2117.183700,1165.000000,4.556649,-33.696450,712.703202,4.555843,33.698267,0.120043
2117.173580,1166.000000,4.555663,-33.599472,712.703660,4.554915,33.601296,0.118748
2117.188671,1167.000000,4.557175,-33.502871,712.712137,4.556840,33.504767,0.109558
2117.190899,1168.000000,4.557413,-33.406076,712.716521,4.557309,33.408011,0.104398
2117.178062,1169.000000,4.556158,-33.309055,712.716112,4.556073,33.310991,0.103957
2117.164704,1170.000000,4.554852,-33.212028,712.715535,4.554778,33.213961,0.103682
2117.159046,1171.000000,4.554309,-33.115114,712.717407,4.554354,33.117066,0.100995
2117.158360,1172.000000,4.554258,-33.018273,712.720859,4.554494,33.020257,0.096753
2117.148158,1173.000000,4.553265,-32.921291,712.721282,4.553556,32.923282,0.095493
2117.123223,1174.000000,4.550812,-32.824094,712.717018,4.550950,32.826053,0.098848
2117.084475,1175.000000,4.546992,-32.726695,712.708358,4.546782,32.728587,0.106531
2117.043164,1176.000000,4.542918,-32.629262,712.698882,4.542323,32.631079,0.115018
2117.002637,1177.000000,4.538922,-32.531843,712.689654,4.537954,32.533588,0.123261
2116.954616,1178.000000,4.534183,-32.434318,712.678042,4.532736,32.435971,0.133852
2116.916372,1179.000000,4.530413,-32.336937,712.669539,4.528625,32.338524,0.141381
2116.925550,1180.000000,4.531339,-32.240242,712.676117,4.529880,32.241886,0.134061
2116.989372,1181.000000,4.537676,-32.144329,712.700075,4.537318,32.146172,0.109627
2117.049365,1182.000000,4.543634,-32.048354,712.722815,4.544323,32.050387,0.086392
2117.009100,1183.000000,4.539664,-31.950944,712.713663,4.539983,31.952905,0.094561
2116.956725,1184.000000,4.534494,-31.853363,712.700657,4.534272,31.855221,0.106524
2117.667410,1217.000000,4.605474,-28.666449,713.046732,4.621843,28.671246,-0.262071
2117.342057,1219.000000,4.573270,-28.468520,712.950380,4.585430,28.472535,-0.168880
2117.256869,1220.000000,4.564848,-28.370557,712.926875,4.576000,28.374383,-0.146577
2117.219971,1221.000000,4.561210,-28.273211,712.918739,4.572037,28.276974,-0.139408
2117.200535,1222.000000,4.559302,-28.176087,712.916159,4.570051,28.179832,-0.137711
2117.094867,1224.000000,4.548870,-27.981006,712.889738,4.558518,27.984541,-0.113379
2116.993239,1225.000000,4.538821,-27.882864,712.860998,4.547229,27.886167,-0.085921
2116.893826,1226.000000,4.528993,-27.784757,712.832964,4.536191,27.787833,-0.059158
2116.831647,1227.000000,4.522852,-27.687118,712.816778,4.529367,27.690065,-0.044063
2116.798176,1228.000000,4.519555,-27.589837,712.809726,4.525793,27.592730,-0.037961
2116.764620,1229.000000,4.516249,-27.492557,712.802645,4.522210,27.495395,-0.031831
2116.726573,1230.000000,4.512499,-27.395224,712.794135,4.518118,27.397996,-0.024293
2116.691391,1231.000000,4.509033,-27.297929,712.786534,4.514350,27.300642,-0.017651
2116.653449,1232.000000,4.505293,-27.200602,712.778055,4.510271,27.203249,-0.010144
2116.588134,1233.000000,4.498843,-27.102946,712.760866,4.503093,27.105456,0.005940
2116.565782,1234.000000,4.496648,-27.005813,712.757344,4.500778,27.008297,0.008566
2116.476278,1235.000000,4.487803,-26.907875,712.732459,4.490864,26.910158,0.032229
2116.431603,1236.000000,4.483398,-26.810479,712.721833,4.486023,26.812679,0.041849
2116.401568,1237.000000,4.480442,-26.713262,712.715864,4.482838,26.715416,0.046885
2116.376697,1238.000000,4.477997,-26.616107,712.711536,4.480238,26.618229,0.050305
2116.372585,1239.000000,4.477607,-26.519200,712.713811,4.479986,26.521344,0.047223
2116.357648,1240.000000,4.476146,-26.422164,712.712640,4.478509,26.424301,0.047534
2116.300295,1241.000000,4.470486,-26.324630,712.697976,4.472234,26.326651,0.061131
2116.228620,1242.000000,4.463408,-26.226932,712.678756,4.464338,26.228799,0.079216
2116.160125,1243.000000,4.456645,-26.129277,712.660548,4.456803,26.130998,0.096304
2116.103195,1244.000000,4.451028,-26.031761,712.646017,4.450576,26.033367,0.109771
2116.069761,1245.000000,4.447736,-25.934521,712.638957,4.447007,25.936072,0.115881
2116.062789,1246.000000,4.447063,-25.837589,712.640312,4.446431,25.839154,0.113705
2116.078412,1247.000000,4.448627,-25.740916,712.648852,4.448411,25.742554,0.104453
2116.107081,1248.000000,4.451482,-25.644390,712.661540,4.451867,25.646135,0.091117
2116.123112,1249.000000,4.453086,-25.547716,712.670207,4.453893,25.549536,0.081740
2116.106355,1250.000000,4.451445,-25.450668,712.668445,4.452210,25.452476,0.082634
2116.054342,1251.000000,4.446314,-25.353221,712.655468,4.446539,25.354926,0.094571
2115.972843,1252.000000,4.438266,-25.255445,712.633113,4.437534,25.256971,0.115743
2115.876981,1253.000000,4.428796,-25.157514,712.606191,4.426904,25.158823,0.141412
2115.807411,1254.000000,4.421929,-25.059885,712.587629,4.419248,25.061045,0.158849
2115.814703,1255.000000,4.422668,-24.963117,712.593508,4.420285,24.964328,0.152218
2115.870282,1256.000000,4.428185,-24.866884,712.614741,4.426783,24.868272,0.130467
2115.923629,1257.000000,4.433482,-24.770620,712.635264,4.433029,24.772180,0.109415
2115.946749,1258.000000,4.435788,-24.674018,712.646174,4.435856,24.675670,0.097831
2115.925673,1259.000000,4.433720,-24.576928,712.643026,4.433685,24.578558,0.100089
2115.880839,1260.000000,4.429300,-24.479579,712.632322,4.428826,24.481125,0.109788
2115.832887,1261.000000,4.424572,-24.382200,712.620625,4.423615,24.383653,0.120465
2115.787370,1262.000000,4.420085,-24.284850,712.609701,4.418679,24.286216,0.130381
2115.752576,1263.000000,4.416659,-24.187619,712.602186,4.414956,24.188927,0.136939
2115.733107,1264.000000,4.414750,-24.090554,712.599544,4.412966,24.091844,0.138700
2115.719879,1265.000000,4.413459,-23.993558,712.598884,4.411682,23.994845,0.138508
2115.704272,1266.000000,4.411932,-23.896536,712.597467,4.410128,23.897815,0.139062
2115.681972,1267.000000,4.409743,-23.799443,712.593920,4.407818,23.800697,0.141713
2115.645965,1268.000000,4.406197,-23.702207,712.586013,4.403958,23.703399,0.148658
2115.607059,1269.000000,4.402365,-23.604942,712.577184,4.399770,23.606065,0.156511
2115.615561,1270.000000,4.403224,-23.508177,712.583428,4.400943,23.509355,0.149521
2115.665324,1271.000000,4.408166,-23.411842,712.602791,4.406782,23.413181,0.129612
2115.691587,1272.000000,4.410782,-23.315256,712.614680,4.409963,23.316696,0.117062
2115.675799,1273.000000,4.409237,-23.218232,712.613197,4.408389,23.219663,0.117682
2115.656448,1274.000000,4.407340,-23.121172,712.610578,4.406412,23.122584,0.119419
2115.656189,1275.000000,4.407332,-23.024308,712.614030,4.406594,23.025752,0.115178
2115.654257,1276.000000,4.407158,-22.927427,712.616948,4.406587,22.928898,0.111463
2115.630025,1277.000000,4.404778,-22.830317,712.612774,4.404058,22.831758,0.114733
2115.624915,1278.000000,4.404290,-22.733403,712.614679,4.403691,22.734862,0.112015
2115.642629,1279.000000,4.406061,-22.636718,712.623841,4.405905,22.638256,0.102151
2115.658913,1280.000000,4.407690,-22.540017,712.632548,4.407958,22.541630,0.092736
2115.668569,1281.000000,4.408663,-22.443248,712.639145,4.409261,22.444917,0.085398
2115.661212,1282.000000,4.407952,-22.346306,712.640330,4.408640,22.347989,0.083390
2115.633209,1283.000000,4.405199,-22.249160,712.634948,4.405684,22.250801,0.087848
2115.600388,1284.000000,4.401969,-22.151967,712.628033,4.402183,22.153555,0.093817
2115.584709,1285.000000,4.400435,-22.054945,712.626568,4.400621,22.056524,0.094419
2115.587485,1286.000000,4.400727,-21.958104,712.630971,4.401146,21.959723,0.089242
2115.607257,1287.000000,4.402702,-21.861428,712.640777,4.403592,21.863131,0.078743
2115.601578,1288.000000,4.402157,-21.764503,712.642489,4.403161,21.766222,0.076217
2115.513761,1289.000000,4.393486,-21.666782,712.618077,4.393440,21.668305,0.099416
2115.431961,1290.000000,4.385410,-21.569126,712.595579,4.384401,21.570468,0.120731
2115.325328,1291.000000,4.374877,-21.471238,712.565185,4.372554,21.472334,0.149821
2115.264574,1292.000000,4.368885,-21.373796,712.549379,4.365896,21.374766,0.164546
2115.242675,1293.000000,4.366736,-21.276727,712.545926,4.363630,21.277673,0.167105
2115.247667,1294.000000,4.367247,-21.179914,712.551022,4.364405,21.180904,0.161246
2115.261979,1295.000000,4.368681,-21.083187,712.559080,4.366233,21.084247,0.152470
2115.273759,1296.000000,4.369864,-20.986434,712.566332,4.367775,20.987556,0.144487
2115.274913,1297.000000,4.369996,-20.889580,712.570204,4.368116,20.890738,0.139833
2115.261243,1298.000000,4.368661,-20.792588,712.569361,4.366780,20.793741,0.139823
2115.246685,1299.000000,4.367239,-20.695588,712.568234,4.365344,20.696735,0.140092
2115.255038,1300.000000,4.368083,-20.598798,712.574391,4.366498,20.599999,0.133187
2115.284154,1301.000000,4.370981,-20.502197,712.587149,4.370000,20.503506,0.119783
2115.301392,1302.000000,4.372704,-20.405485,712.596129,4.372159,20.406870,0.110098
2115.282858,1303.000000,4.370888,-20.308445,712.593732,4.370273,20.309815,0.111617
2115.249453,1304.000000,4.367601,-20.211273,712.586606,4.366706,20.212587,0.117795
2115.230044,1305.000000,4.365699,-20.114227,712.583929,4.364721,20.115523,0.119590
2115.222458,1306.000000,4.364966,-20.017289,712.585010,4.364073,20.018596,0.117685
2115.199112,1307.000000,4.362674,-19.920210,712.581078,4.361643,19.921488,0.120716
2115.148539,1308.000000,4.357689,-19.822891,712.568488,4.356135,19.824069,0.132274
2115.084807,1309.000000,4.351402,-19.725459,712.551713,4.349139,19.726504,0.147954
2115.045176,1310.000000,4.347500,-19.628244,712.542600,4.344868,19.629217,0.156088
2115.062216,1311.000000,4.349203,-19.531525,712.551504,4.347004,19.532574,0.146478
2115.108495,1312.000000,4.353799,-19.435057,712.569704,4.352445,19.436259,0.127714
2115.128609,1313.000000,4.355806,-19.338358,712.579584,4.354929,19.339644,0.117144
2115.116511,1314.000000,4.354627,-19.241381,712.579220,4.353770,19.242667,0.116662
2115.112064,1315.000000,4.354205,-19.144468,712.581287,4.353477,19.145774,0.113786
2115.139635,1316.000000,4.356951,-19.047828,712.593535,4.356803,19.049237,0.100884
2115.176991,1317.000000,4.360664,-18.951266,712.608893,4.361236,18.952805,0.084918
2115.187715,1318.000000,4.361743,-18.854477,712.615781,4.362657,18.856075,0.077294
2115.148329,1319.000000,4.357864,-18.757266,712.606732,4.358413,18.758794,0.085365
2115.100818,1320.000000,4.353182,-18.659990,712.595099,4.353250,18.661426,0.095981
2115.071160,1321.000000,4.350266,-18.562865,712.589142,4.350106,18.564255,0.101007
2115.050804,1322.000000,4.348270,-18.465819,712.586142,4.348014,18.467187,0.103122
2115.024908,1323.000000,4.345726,-18.368727,712.581378,4.345295,18.370060,0.106973
2114.979523,1324.000000,4.341255,-18.271479,712.570417,4.340372,18.272725,0.116927
2114.924669,1325.000000,4.335847,-18.174156,712.556443,4.334380,18.175291,0.129848
2114.894098,1326.000000,4.332841,-18.077033,712.550190,4.331133,18.078121,0.135166
2114.908369,1327.000000,4.334271,-17.980272,712.558193,4.332954,17.981428,0.126444
2114.937451,1328.000000,4.337165,-17.883627,712.570904,4.336451,17.884890,0.113086
2114.917436,1329.000000,4.335203,-17.786588,712.568003,4.334396,17.787831,0.115103
2114.858752,1330.000000,4.329417,-17.689246,712.552806,4.327971,17.690367,0.129229
2114.813172,1331.000000,4.324926,-17.592010,712.541774,4.323027,17.593045,0.139254
2114.826376,1332.000000,4.326250,-17.495236,712.549431,4.324728,17.496337,0.130873
2114.887921,1333.000000,4.332355,-17.398836,712.572457,4.331893,17.400128,0.107355
2114.936251,1334.000000,4.337154,-17.302327,712.591282,4.337565,17.303777,0.087976
2114.943433,1335.000000,4.337882,-17.205497,712.597021,4.338585,17.206997,0.081484
2114.908424,1336.000000,4.334437,-17.108344,712.589343,4.334835,17.109784,0.088206
2114.853852,1337.000000,4.329058,-17.011044,712.575443,4.328874,17.012374,0.101055
2114.817842,1338.000000,4.325514,-16.913888,712.567444,4.325011,16.915156,0.108092
2114.810120,1339.000000,4.324768,-16.816946,712.568438,4.324346,16.818226,0.106272
2114.801118,1340.000000,4.323896,-16.719995,712.569025,4.323537,16.721282,0.104855
2114.766675,1341.000000,4.320507,-16.622855,712.561521,4.319851,16.624084,0.111406
2114.719108,1342.000000,4.315820,-16.525620,712.549842,4.314682,16.526757,0.122067
2114.678338,1343.000000,4.311806,-16.428438,712.540324,4.310281,16.429500,0.130601
2114.636444,1344.000000,4.307681,-16.331251,712.530448,4.305754,16.332235,0.139488
2114.593173,1345.000000,4.303420,-16.234056,712.520132,4.301070,16.234959,0.148807
2114.595670,1346.000000,4.303685,-16.137194,712.524367,4.301560,16.138135,0.143797
2114.640740,1347.000000,4.308160,-16.040635,712.542135,4.306862,16.041725,0.125458
2114.673797,1348.000000,4.311447,-15.943987,712.556083,4.310806,15.945194,0.110881
2114.680606,1349.000000,4.312139,-15.847148,712.561685,4.311783,15.848405,0.104524
2114.665506,1350.000000,4.310663,-15.750155,712.560319,4.310283,15.751403,0.105029
2114.627518,1351.000000,4.306924,-15.653001,712.551675,4.306197,15.654182,0.112703
2114.580226,1352.000000,4.302265,-15.555786,712.540071,4.301058,15.556875,0.123291
2114.547832,1353.000000,4.299080,-15.458676,712.533203,4.297604,15.459712,0.129215
2114.541260,1354.000000,4.298448,-15.361745,712.534544,4.297069,15.362796,0.127055
2114.543267,1355.000000,4.298665,-15.264873,712.538611,4.297502,15.265960,0.122210
2114.532184,1356.000000,4.297587,-15.167911,712.538514,4.296457,15.169000,0.121465
2114.508094,1357.000000,4.295222,-15.070861,712.534281,4.293941,15.071919,0.124795
2114.560569,1358.000000,4.300430,-14.974324,712.554390,4.300079,14.975550,0.104151
2114.529536,1359.000000,4.297379,-14.877227,712.547947,4.296778,14.878404,0.109657
2114.502428,1360.000000,4.294716,-14.780158,712.542750,4.293921,14.781295,0.113935
2114.490748,1361.000000,4.293579,-14.683192,712.542458,4.292808,14.684330,0.113384
2114.485531,1362.000000,4.293082,-14.586267,712.544219,4.292425,14.587423,0.110810
2114.470578,1363.000000,4.291621,-14.489279,712.542883,4.290942,14.490427,0.111286
2114.443637,1364.000000,4.288975,-14.392215,712.537734,4.288103,14.393324,0.115517
2114.424275,1365.000000,4.287078,-14.295200,712.534994,4.286121,14.296290,0.117376
2114.427100,1366.000000,4.287376,-14.198327,712.539306,4.286647,14.199455,0.112290
2114.437689,1367.000000,4.288441,-14.101501,712.546086,4.288050,14.102688,0.104773
2114.432681,1368.000000,4.287964,-14.004576,712.547905,4.287691,14.005782,0.102142
2114.402127,1369.000000,4.284961,-13.907492,712.541601,4.284444,13.908649,0.107511
2114.353882,1370.000000,4.280208,-13.810301,712.529672,4.279198,13.811363,0.118421
2114.311585,1371.000000,4.276044,-13.713149,712.519632,4.274624,13.714133,0.127469
2114.278909,1372.000000,4.272831,-13.616059,712.512650,4.271137,13.616988,0.133506
2114.265723,1373.000000,4.271546,-13.519088,712.511863,4.269853,13.520014,0.133442
2114.279020,1374.000000,4.272879,-13.422276,712.519494,4.271562,13.423268,0.125087
2114.322088,1375.000000,4.277156,-13.325639,712.536589,4.276635,13.326774,0.107411
2114.401494,1376.000000,4.285026,-13.229212,712.565237,4.285816,13.230585,0.078357
2114.484991,1377.000000,4.293302,-13.132801,712.595187,4.295459,13.134422,0.048020
2114.446015,1378.000000,4.289465,-13.035669,712.586193,4.291260,13.037220,0.056039
2114.464523,1379.000000,4.291314,-12.938872,712.595476,4.293558,12.940502,0.046057
2114.368413,1380.000000,4.281828,-12.841415,712.568312,4.282900,12.842826,0.071971
2114.297332,1381.000000,4.274817,-12.744108,712.549106,4.275073,12.745365,0.090048
2114.278652,1382.000000,4.272988,-12.647102,712.546560,4.273167,12.648342,0.091716
2114.297605,1383.000000,4.274881,-12.550308,712.555978,4.275515,12.551628,0.081601
2114.321412,1384.000000,4.277253,-12.453538,712.566939,4.278411,12.454951,0.069966
2114.330014,1385.000000,4.278122,-12.356681,712.573064,4.279589,12.358147,0.063095
2114.323972,1386.000000,4.277543,-12.259742,712.574531,4.279112,12.261224,0.060810
2114.297771,1387.000000,4.274970,-12.162694,712.569587,4.276356,12.164138,0.064841
2114.250620,1388.000000,4.270326,-12.065534,712.557981,4.271232,12.066887,0.075432
2114.155436,1389.000000,4.260933,-11.968121,712.531102,4.260681,11.969257,0.101066
2114.047483,1390.000000,4.250278,-11.870647,712.500165,4.248687,11.871533,0.130697
2114.024911,1391.000000,4.248065,-11.773630,712.496371,4.246342,11.774489,0.133595
2112.097039,1560.000000,4.060750,4.611166,712.436153,4.062523,-4.610251,0.051397
2111.853385,1598.000000,4.037433,8.295749,712.477811,4.042445,-8.294370,-0.021389
2111.853812,1599.000000,4.037495,8.392744,712.481056,4.042688,-8.391336,-0.025420
2111.843513,1600.000000,4.036498,8.489700,712.480890,4.041720,-8.488290,-0.026092
2111.798413,1601.000000,4.032063,8.586522,712.469660,4.036822,-8.585201,-0.015864
2111.726719,1602.000000,4.025003,8.683238,712.449977,4.028923,-8.682075,0.002692
2111.665944,1603.000000,4.019021,8.779992,712.433763,4.022256,-8.778958,0.017829
2111.632342,1604.000000,4.015722,8.876849,712.426186,4.018657,-8.875874,0.024460
2111.614951,1605.000000,4.014025,8.973769,712.423759,4.016888,-8.972811,0.026015
2111.595812,1606.000000,4.012154,9.070682,712.420776,4.014922,-9.069744,0.028119
2111.581731,1607.000000,4.010784,9.167614,712.419399,4.013527,-9.166685,0.028641
2111.597782,1608.000000,4.012389,9.264671,712.427597,4.015532,-9.263671,0.019730
2111.629107,1609.000000,4.015502,9.361794,712.440648,4.019263,-9.360684,0.006037
2111.656770,1610.000000,4.018254,9.458905,712.452535,4.022580,-9.457694,-0.006508
2111.663092,1611.000000,4.018898,9.555928,712.457638,4.023487,-9.554672,-0.012370
2111.656262,1612.000000,4.018244,9.652896,712.458559,4.022910,-9.651630,-0.014112
2111.654477,1613.000000,4.018087,9.749886,712.461082,4.022902,-9.748596,-0.017433
2111.650600,1614.000000,4.017725,9.846868,712.462939,4.022659,-9.845559,-0.020097
2111.624322,1615.000000,4.015149,9.943751,712.457674,4.019886,-9.942482,-0.015745
2111.559130,1616.000000,4.008731,10.040458,712.440040,4.012720,-10.039331,0.000793
2111.558838,1617.000000,4.008723,10.137455,712.443032,4.012881,-10.136299,-0.002990
2111.509155,1618.000000,4.003836,10.234226,712.430325,4.007466,-10.233171,0.008694
2111.555390,1619.000000,4.008422,10.331437,712.448103,4.012879,-10.330233,-0.009655
2111.537811,1620.000000,4.006706,10.428355,712.445596,4.011088,-10.427169,-0.008020
2111.544856,1621.000000,4.007422,10.525388,712.450916,4.012077,-10.524155,-0.014095
2111.492155,1622.000000,4.002238,10.622140,712.437244,4.006321,-10.621016,-0.001461
2111.458986,1623.000000,3.998982,10.718981,712.429779,4.002770,-10.717915,0.005059
2111.470961,1624.000000,4.000185,10.816039,712.436661,4.004315,-10.814913,-0.002556
2111.533071,1625.000000,4.006338,10.913343,712.459477,4.011520,-10.912026,-0.025868
2111.559933,1626.000000,4.009011,11.010479,712.471089,4.014745,-11.009065,-0.038143
2111.605728,1627.000000,4.013554,11.107713,712.488718,4.020108,-11.106151,-0.056345
2111.611328,1628.000000,4.014127,11.204751,712.493569,4.020934,-11.203146,-0.061959
2111.597371,1629.000000,4.012769,11.301691,712.492203,4.019551,-11.300094,-0.061447
2111.584323,1630.000000,4.011500,11.398636,712.491123,4.018271,-11.397045,-0.061219
2111.574480,1631.000000,4.010549,11.495597,712.491062,4.017353,-11.494003,-0.061993
2111.571756,1632.000000,4.010300,11.592595,712.493262,4.017239,-11.590979,-0.064995
2111.564648,1633.000000,4.009618,11.689570,712.494067,4.016629,-11.687945,-0.066622
2111.504213,1634.000000,4.003670,11.786266,712.477919,4.009999,-11.784770,-0.051548
2111.455744,1635.000000,3.998903,11.883020,712.465575,4.004721,-11.881622,-0.040221
2111.385174,1636.000000,3.991955,11.979654,712.446204,3.996947,-11.978410,-0.021972
2111.351696,1637.000000,3.988669,12.076482,712.438623,3.993361,-12.075297,-0.015337
2111.327424,1638.000000,3.986293,12.173357,712.433966,3.990814,-12.172208,-0.011584
2111.316254,1639.000000,3.985210,12.270304,712.433472,3.989745,-12.269155,-0.011931
2111.333281,1640.000000,3.986911,12.367406,712.441939,3.991860,-12.366185,-0.021107
2111.370462,1641.000000,3.990603,12.464623,712.456810,3.996249,-12.463277,-0.036593
2111.400640,1642.000000,3.993603,12.561804,712.469455,3.999848,-12.560351,-0.049885
2111.388315,1643.000000,3.992406,12.658749,712.468589,3.998649,-12.657300,-0.049866
2111.347915,1644.000000,3.988437,12.755534,712.458798,3.994281,-12.754162,-0.041054
2111.343757,1645.000000,3.988047,12.852524,712.460525,3.994004,-12.851135,-0.043589
2111.388964,1646.000000,3.992531,12.949800,712.477942,3.999300,-12.948265,-0.061583
2111.451327,1647.000000,3.998710,13.047181,712.500812,4.006532,-13.045456,-0.084949
2111.501648,1648.000000,4.003700,13.144498,712.519854,4.012405,-13.142613,-0.104544
2111.470048,1649.000000,4.000600,13.241336,712.512852,4.009030,-13.239505,-0.098480
2111.482313,1650.000000,4.001831,13.338433,712.519794,4.010606,-13.336542,-0.106153
2111.445262,1651.000000,3.998193,13.435236,712.511057,4.006616,-13.433413,-0.098379
2111.439362,1652.000000,3.997630,13.532225,712.512221,4.006142,-13.530389,-0.100360
2111.406089,1653.000000,3.994365,13.629048,712.504682,4.002577,-13.627271,-0.093767
2111.413527,1654.000000,3.995120,13.726118,712.510084,4.003609,-13.724294,-0.099923
2111.407517,1655.000000,3.994547,13.823107,712.511209,4.003122,-13.821270,-0.101866
2111.361173,1656.000000,3.989990,13.919846,712.499512,3.998082,-13.918102,-0.091176
2111.297660,1657.000000,3.983739,14.016474,712.482355,3.991104,-14.014867,-0.075107
2111.244737,1658.000000,3.978533,14.113165,712.468565,3.985322,-14.111667,-0.062355
2111.213611,1659.000000,3.975480,14.209990,712.461702,3.982000,-14.208545,-0.056427
2111.218205,1660.000000,3.975954,14.307041,712.466191,3.982710,-14.305556,-0.061684
2111.260683,1661.000000,3.980169,14.404337,712.482721,3.987697,-14.402714,-0.078804
2111.316355,1662.000000,3.985687,14.501724,712.503445,3.994173,-14.499928,-0.100055
2111.355129,1663.000000,3.989537,14.599006,712.518797,3.998741,-14.597081,-0.116014
2111.358722,1664.000000,3.989912,14.696061,712.522963,3.999338,-14.694099,-0.120953
2111.330317,1665.000000,3.987127,14.792906,712.516956,3.996323,-14.790990,-0.115869
2111.286160,1666.000000,3.982787,14.889645,712.505940,3.991529,-14.887816,-0.105850
2111.250417,1667.000000,3.979278,14.986438,712.497598,3.987686,-14.984673,-0.098465
2111.249646,1668.000000,3.979222,15.083464,712.500372,3.987790,-15.081673,-0.102031
2111.262244,1669.000000,3.980487,15.180581,712.507394,3.989403,-15.178730,-0.109784
2111.233447,1670.000000,3.977664,15.277418,712.501256,3.986344,-15.275614,-0.104571
2111.173684,1671.000000,3.971783,15.374041,712.485274,3.979789,-15.372364,-0.089658
2111.117533,1672.000000,3.966259,15.470684,712.470439,3.973641,-15.469126,-0.075876
2111.079657,1673.000000,3.962540,15.567451,712.461412,3.969557,-15.565963,-0.067816
2111.061228,1674.000000,3.960741,15.664351,712.458565,3.967668,-15.662883,-0.065845
2111.056584,1675.000000,3.960303,15.761347,712.460098,3.967334,-15.759864,-0.068189
2111.055130,1676.000000,3.960180,15.858367,712.462644,3.967361,-15.856859,-0.071531
2111.053023,1677.000000,3.959992,15.955383,712.464981,3.967314,-15.953853,-0.074667
2111.062695,1678.000000,3.960968,16.052484,712.471061,3.968596,-16.050901,-0.081491
2111.087948,1679.000000,3.963482,16.149698,712.482093,3.971637,-16.148022,-0.093194
2111.088837,1680.000000,3.963590,16.246740,712.485378,3.971928,-16.245033,-0.097264
2111.034550,1681.000000,3.958250,16.343380,712.471124,3.965991,-16.341786,-0.084054
2110.960568,1682.000000,3.950966,16.439871,712.450609,3.957831,-16.438443,-0.064675
2110.906329,1683.000000,3.945632,16.536503,712.436369,3.951900,-16.535188,-0.051479
2110.894845,1684.000000,3.944519,16.633448,712.435716,3.950794,-16.632135,-0.051669
2110.919384,1685.000000,3.946962,16.730663,712.446512,3.953754,-16.729258,-0.063139
2110.935987,1686.000000,3.948622,16.827821,712.454784,3.955818,-16.826345,-0.072123
2110.920239,1687.000000,3.947088,16.924736,712.452772,3.954231,-16.923274,-0.070974
2110.894317,1688.000000,3.944549,17.021574,712.447525,3.951495,-17.020152,-0.066638
2110.892124,1689.000000,3.944353,17.118592,712.449819,3.951438,-17.117148,-0.069732
2110.919986,1690.000000,3.947124,17.215842,712.461665,3.954773,-17.214297,-0.082236
2110.960922,1691.000000,3.951187,17.313196,712.477665,3.959583,-17.311517,-0.098834
2110.997807,1692.000000,3.954849,17.410523,712.492377,3.963936,-17.408720,-0.114163
2111.021843,1693.000000,3.957243,17.507754,712.503004,3.966839,-17.505861,-0.125467
2111.022674,1694.000000,3.957346,17.604805,712.506253,3.967123,-17.602882,-0.129501
2110.989714,1695.000000,3.954112,17.701591,712.498759,3.963592,-17.699726,-0.122951
2110.931378,1696.000000,3.948373,17.798173,712.483198,3.957198,-17.796432,-0.108453
2110.871696,1697.000000,3.942501,17.894740,712.467208,3.950651,-17.893126,-0.093532
2110.829826,1698.000000,3.938388,17.991445,712.456879,3.946115,-17.989914,-0.084188
2110.802376,1699.000000,3.935699,18.088265,712.451132,3.943207,-18.086777,-0.079359
2110.771556,1700.000000,3.932677,18.185056,712.444313,3.939918,-18.183620,-0.073474
2110.729309,1701.000000,3.928527,18.281751,712.433860,3.935340,-18.280398,-0.064009
2110.687572,1702.000000,3.924428,18.378448,712.423569,3.930819,-18.377176,-0.054703
2110.683985,1703.000000,3.924094,18.475457,712.425402,3.930604,-18.474167,-0.057341
2110.715936,1704.000000,3.927269,18.572762,712.438528,3.934398,-18.571361,-0.071107
2110.743918,1705.000000,3.930052,18.670037,712.450392,3.937746,-18.668535,-0.083629
2110.738024,1706.000000,3.929491,18.767031,712.451487,3.937270,-18.765517,-0.085542
2110.692186,1707.000000,3.924987,18.863690,712.439886,3.932286,-18.862268,-0.074944
2110.634557,1708.000000,3.919318,18.960245,712.424536,3.925971,-18.958946,-0.060654
2110.612243,1709.000000,3.917136,19.057097,712.420408,3.923642,-19.055828,-0.057420
2110.652338,1710.000000,3.921115,19.154482,712.436115,3.928356,-19.153081,-0.073729
2110.701787,1711.000000,3.926017,19.251951,712.454794,3.934125,-19.250394,-0.092966
2110.724942,1712.000000,3.928324,19.349199,712.465115,3.936927,-19.347554,-0.103968
2110.712334,1713.000000,3.927100,19.446139,712.464067,3.935693,-19.444499,-0.103768
2110.658302,1714.000000,3.921787,19.542717,712.449851,3.929784,-19.541191,-0.090595
2110.579795,1715.000000,3.914058,19.639077,712.427856,3.921114,-19.637728,-0.069757
2110.524200,1716.000000,3.908591,19.735634,712.413143,3.915029,-19.734401,-0.056093
2110.500590,1717.000000,3.906281,19.832469,712.408594,3.912553,-19.831271,-0.052443
2110.556501,1718.000000,3.911821,19.930011,712.429316,3.919051,-19.928639,-0.073694
2110.545279,1719.000000,3.910734,20.026958,712.428701,3.917973,-20.025588,-0.073921
2110.543670,1720.000000,3.910596,20.123991,712.431140,3.917980,-20.122599,-0.077156
2110.556645,1721.000000,3.911898,20.221157,712.438212,3.919633,-20.219704,-0.084958
2110.514150,1722.000000,3.907724,20.317822,712.427654,3.915026,-20.316452,-0.075388
2110.538260,1723.000000,3.910125,20.415092,712.438263,3.917935,-20.413631,-0.086674
2110.547912,1724.000000,3.911098,20.512231,712.444276,3.919212,-20.510718,-0.093431
2110.524097,1725.000000,3.908768,20.609065,712.439651,3.916713,-20.607586,-0.089707
2110.476143,1726.000000,3.904056,20.705674,712.427352,3.911490,-20.704293,-0.078422
2110.517366,1727.000000,3.908146,20.803109,712.443395,3.916329,-20.801593,-0.095062
2110.491171,1728.000000,3.905581,20.899918,712.438010,3.913562,-20.898444,-0.090588
2110.502424,1729.000000,3.906712,20.997078,712.444525,3.915019,-20.995546,-0.097840
2110.532331,1730.000000,3.909686,21.094415,712.456968,3.918582,-21.092778,-0.110933
2110.511261,1731.000000,3.907627,21.191273,712.453207,3.916393,-21.189664,-0.108060
2110.517920,1732.000000,3.908305,21.288394,712.458258,3.917332,-21.286740,-0.113870
2110.491722,1733.000000,3.905740,21.385202,712.452865,3.914563,-21.383590,-0.109389
2110.528461,1734.000000,3.909387,21.482613,712.467475,3.918897,-21.480878,-0.124616
2110.472207,1735.000000,3.903855,21.579133,712.452525,3.912737,-21.577516,-0.110720
2110.399643,1736.000000,3.896714,21.675490,712.432392,3.904736,-21.674035,-0.091714
2110.324778,1737.000000,3.889345,21.771820,712.411526,3.896476,-21.770532,-0.071988
2110.254815,1738.000000,3.882461,21.868192,712.392219,3.888770,-21.867059,-0.053797
2110.206033,1739.000000,3.877668,21.964766,712.379642,3.883453,-21.963734,-0.042237
2110.190365,1740.000000,3.876142,22.061664,712.377587,3.881873,-22.060645,-0.041045
2110.196397,1741.000000,3.876758,22.158775,712.382426,3.882741,-22.157713,-0.046645
2110.215414,1742.000000,3.878656,22.256017,712.391390,3.885074,-22.254879,-0.056311
2110.244432,1743.000000,3.881541,22.353362,712.403532,3.888535,-22.352120,-0.069107
2110.265087,1744.000000,3.883601,22.450626,712.413015,3.891053,-22.449303,-0.079283
2110.259585,1745.000000,3.883079,22.547629,712.414184,3.890619,-22.546294,-0.081267
2110.220547,1746.000000,3.879247,22.644294,712.404694,3.886402,-22.643033,-0.072748
2110.147065,1747.000000,3.872016,22.740607,712.384256,3.878298,-22.739510,-0.053444
2110.076225,1748.000000,3.865046,22.836941,712.364659,3.870493,-22.836002,-0.034966
2110.040495,1749.000000,3.861541,22.933630,712.356217,3.866649,-22.932756,-0.027480
2110.047253,1750.000000,3.862229,23.030753,712.361275,3.867598,-23.029835,-0.033296
2110.075892,1751.000000,3.865076,23.128103,712.373285,3.871016,-23.127083,-0.045962
2110.086663,1752.000000,3.866160,23.225272,712.379615,3.872418,-23.224197,-0.053032
2110.074139,1753.000000,3.864945,23.322200,712.378542,3.871192,-23.321131,-0.052807
2110.055317,1754.000000,3.863108,23.419062,712.375466,3.869255,-23.418015,-0.050609
2110.043968,1755.000000,3.862010,23.516002,712.374764,3.868161,-23.514957,-0.050749
2110.033495,1756.000000,3.860997,23.612950,712.374339,3.867166,-23.611906,-0.051162
2109.999770,1757.000000,3.857690,23.709653,712.366524,3.863548,-23.708669,-0.044294
2109.949735,1758.000000,3.852774,23.806181,712.353524,3.858090,-23.805300,-0.032318
2109.926933,1759.000000,3.850545,23.902996,712.349178,3.855704,-23.902147,-0.028867
2109.930499,1760.000000,3.850918,24.000092,712.353208,3.856293,-23.999207,-0.033670
2109.926238,1761.000000,3.850518,24.097105,712.354750,3.855998,-24.096204,-0.036022
2109.919140,1762.000000,3.849839,24.194088,712.355390,3.855384,-24.193179,-0.037484
2109.919353,1763.000000,3.849881,24.291150,712.358351,3.855594,-24.290214,-0.041234
2109.922542,1764.000000,3.850217,24.388246,712.362256,3.856140,-24.387274,-0.045914
2109.910920,1765.000000,3.849091,24.485181,712.361454,3.855015,-24.484213,-0.045956
2109.882105,1766.000000,3.846269,24.581928,712.355188,3.851950,-24.581008,-0.040613
2109.853585,1767.000000,3.843476,24.678676,712.349013,3.848919,-24.677803,-0.035361
2109.832521,1768.000000,3.841418,24.775505,712.345207,3.846729,-24.774660,-0.032443
2109.818447,1769.000000,3.840051,24.872411,712.343621,3.845327,-24.871576,-0.031712
2109.816226,1770.000000,3.839853,24.969448,712.345799,3.845262,-24.968592,-0.034690
2109.826922,1771.000000,3.840929,25.066631,712.352081,3.846655,-25.065720,-0.041712
2109.828996,1772.000000,3.841155,25.163719,712.355622,3.847074,-25.162776,-0.046032
2109.812018,1773.000000,3.839501,25.260593,712.353107,3.845345,-25.259667,-0.044387
2109.802073,1774.000000,3.838541,25.357546,712.352826,3.844409,-25.356619,-0.044942
2109.810441,1775.000000,3.839388,25.454707,712.358363,3.845538,-25.453732,-0.051229
2109.804437,1776.000000,3.838816,25.551706,712.359331,3.845046,-25.550720,-0.053015
2109.742991,1777.000000,3.832775,25.648071,712.342682,3.838301,-25.647217,-0.037442
2109.656457,1778.000000,3.824258,25.744143,712.318061,3.828725,-25.743488,-0.014013
2109.597255,1779.000000,3.818439,25.840524,712.302124,3.822233,-25.839996,0.000859
2109.584550,1780.000000,3.817206,25.937439,712.300958,3.820986,-25.936917,0.001176
2109.604000,1781.000000,3.819146,26.034727,712.310007,3.823365,-26.034128,-0.008572
2109.617357,1782.000000,3.820485,26.131947,712.317119,3.825056,-26.131286,-0.016412
2109.600930,1783.000000,3.818886,26.228820,712.314767,3.823388,-26.228175,-0.014926
2109.565251,1784.000000,3.815387,26.325466,712.306297,3.819549,-26.324888,-0.007411
2109.546309,1785.000000,3.813539,26.422308,712.303143,3.817598,-26.421752,-0.005135
2109.582462,1786.000000,3.817127,26.519801,712.317492,3.821860,-26.519124,-0.020106
2109.655302,1787.000000,3.824335,26.617734,712.343498,3.830261,-26.616841,-0.046563
2109.711848,1788.000000,3.829935,26.715480,712.364326,3.836824,-26.714413,-0.067918
2109.718648,1789.000000,3.830628,26.812636,712.369346,3.837776,-26.811525,-0.073696
2109.684050,1790.000000,3.827235,26.909297,712.361211,3.834058,-26.908249,-0.066511
2109.644506,1791.000000,3.823355,27.005896,712.351502,3.829783,-27.004925,-0.057776
2109.602469,1792.000000,3.819229,27.102462,712.341000,3.825226,-27.101574,-0.048260
2109.536281,1793.000000,3.812720,27.198733,712.322824,3.817945,-27.197990,-0.031181
2109.515404,1794.000000,3.810682,27.295551,712.319044,3.815775,-27.294835,-0.028288
2109.476610,1795.000000,3.806876,27.392148,712.309570,3.811584,-27.391507,-0.019783
2109.507244,1796.000000,3.809919,27.489595,712.322153,3.815223,-27.488848,-0.033014
2109.512582,1797.000000,3.810467,27.586735,712.326697,3.816010,-27.585947,-0.038323
2109.544044,1798.000000,3.813592,27.684198,712.339541,3.819743,-27.683302,-0.051811
2109.530842,1799.000000,3.812311,27.781111,712.338193,3.818438,-27.780223,-0.051314
2109.502165,1800.000000,3.809503,27.877832,712.331926,3.815388,-27.876991,-0.045970
2109.492688,1801.000000,3.808590,27.974790,712.331758,3.814503,-27.973948,-0.046636
2109.510081,1802.000000,3.810327,28.072085,712.340127,3.816649,-28.071171,-0.055714
2109.535871,1803.000000,3.812893,28.169489,712.351162,3.819742,-28.168481,-0.067419
2109.260428,1804.000000,3.785742,28.263096,712.266491,3.788862,-28.262778,0.015184
2109.109921,1805.000000,3.770919,28.358261,712.221519,3.772075,-28.358308,0.058667
2107.074475,2013.000000,3.574840,48.523147,712.136737,3.579786,-48.523213,-0.030293
2107.142141,2014.000000,3.581531,48.621779,712.160788,3.587583,-48.621645,-0.054826
2107.147656,2015.000000,3.582097,48.719068,712.165101,3.588378,-48.718895,-0.059905
2107.119380,2016.000000,3.579333,48.815622,712.158682,3.585365,-48.815498,-0.054405
2107.076692,2017.000000,3.575149,48.911859,712.147685,3.580728,-48.911823,-0.044394
2107.047702,2018.000000,3.572316,49.008394,712.141037,3.577635,-49.008408,-0.038669
2107.044786,2019.000000,3.572051,49.105498,712.142668,3.577479,-49.105496,-0.041104
2107.044743,2020.000000,3.572070,49.202666,712.145209,3.577647,-49.202640,-0.044436
2107.029616,2021.000000,3.570602,49.299503,712.142959,3.576116,-49.299492,-0.043047
2107.014841,2022.000000,3.569169,49.396347,712.140820,3.574624,-49.396350,-0.041765
2107.017604,2023.000000,3.569464,49.493578,712.144249,3.575108,-49.493550,-0.045972
2107.027170,2024.000000,3.570430,49.590961,712.149837,3.576358,-49.590884,-0.052307
2107.027088,2025.000000,3.570444,49.688132,712.152359,3.576522,-49.688031,-0.055621
2107.012690,2026.000000,3.569049,49.784985,712.150334,3.575072,-49.784898,-0.054453
2106.997749,2027.000000,3.567599,49.881827,712.148136,3.573561,-49.881754,-0.053113
2107.003298,2028.000000,3.568169,49.979124,712.152443,3.574359,-49.979013,-0.058186
2107.017572,2029.000000,3.569599,50.076618,712.159519,3.576140,-50.076445,-0.065988
2107.013433,2030.000000,3.569214,50.173702,712.160747,3.575846,-50.173516,-0.068025
2106.972996,2031.000000,3.565252,50.269973,712.150446,3.571462,-50.269868,-0.058700
2106.872125,2032.000000,3.555335,50.364883,712.120955,3.560270,-50.365016,-0.030459
2106.747952,2033.000000,3.543124,50.459260,712.084066,3.546453,-50.459692,0.005073
2106.687669,2034.000000,3.537208,50.555069,712.067463,3.539835,-50.555634,0.020610
2106.685569,2035.000000,3.537024,50.652189,712.069331,3.539770,-50.652735,0.017942
2106.725043,2036.000000,3.540936,50.750250,712.084398,3.544389,-50.750669,0.002264
2106.779387,2037.000000,3.546313,50.848652,712.104185,3.550682,-50.848907,-0.018066
2106.818382,2038.000000,3.550178,50.946712,712.119098,3.555247,-50.946841,-0.033592
2106.833421,2039.000000,3.551683,51.044230,712.126404,3.557113,-51.044296,-0.041620
2106.834623,2040.000000,3.551824,51.141435,712.129314,3.557421,-51.141474,-0.045316
2106.839682,2041.000000,3.552346,51.238729,712.133448,3.558162,-51.238731,-0.050218
2106.850744,2042.000000,3.553459,51.336162,712.139487,3.559580,-51.336111,-0.056998
2106.859033,2043.000000,3.554298,51.433533,712.144644,3.560686,-51.433437,-0.062908
2106.849961,2044.000000,3.553428,51.530507,712.144287,3.559836,-51.530410,-0.063383
2106.827192,2045.000000,3.551207,51.627165,712.139579,3.557442,-51.627104,-0.059570
2106.833296,2046.000000,3.551832,51.724489,712.144039,3.558301,-51.724388,-0.064792
2106.843057,2047.000000,3.552817,51.821898,712.149658,3.559572,-51.821748,-0.071158
2106.812140,2048.000000,3.549793,51.918367,712.142359,3.556261,-51.918273,-0.064791
2106.743014,2049.000000,3.543005,52.013948,712.122926,3.548644,-52.014010,-0.046463
2106.665411,2050.000000,3.535382,52.109326,712.100801,3.540074,-52.109566,-0.025482
2106.646448,2051.000000,3.533537,52.206065,712.097294,3.538109,-52.206330,-0.022853
2106.676883,2052.000000,3.536559,52.303955,712.109470,3.541708,-52.304117,-0.035682
2106.713883,2053.000000,3.540227,52.402002,712.123730,3.546048,-52.402045,-0.050564
2106.728387,2054.000000,3.541680,52.499527,712.130846,3.547853,-52.499508,-0.058405
2106.715898,2055.000000,3.540472,52.596420,712.129390,3.546617,-52.596410,-0.057797
2106.697494,2056.000000,3.538682,52.693174,712.126054,3.544715,-52.693188,-0.055335
2106.690563,2057.000000,3.538022,52.790198,712.126359,3.544105,-52.790206,-0.056464
2106.704599,2058.000000,3.539428,52.887716,712.133322,3.545857,-52.887664,-0.064153
2106.725599,2059.000000,3.541521,52.985402,712.142494,3.548394,-52.985271,-0.074021
2106.718762,2060.000000,3.540870,53.082430,712.142826,3.547794,-53.082294,-0.075175
2106.686616,2061.000000,3.537726,53.178859,712.135119,3.544343,-53.178782,-0.068405
2106.641504,2062.000000,3.533305,53.274978,712.123295,3.539432,-53.274994,-0.057577
2106.608359,2063.000000,3.530062,53.371378,712.115269,3.535869,-53.371457,-0.050493
2106.587822,2064.000000,3.528062,53.468078,712.111245,3.533726,-53.468186,-0.047353
2106.541725,2065.000000,3.523544,53.564165,712.099105,3.528704,-53.564370,-0.036213
2106.533947,2066.000000,3.522801,53.661167,712.099129,3.527998,-53.661368,-0.037065
2106.633019,2067.000000,3.532585,53.760732,712.133080,3.539329,-53.760652,-0.071356
2106.685505,2068.000000,3.537779,53.859186,712.152239,3.545412,-53.858947,-0.091068
2106.663804,2069.000000,3.535664,53.955861,712.147839,3.543138,-53.955654,-0.087557
2106.595234,2070.000000,3.528932,54.051404,712.128555,3.535584,-54.051352,-0.069376
2106.543169,2071.000000,3.523825,54.147342,712.114511,3.529889,-54.147401,-0.056359
2106.550268,2072.000000,3.524548,54.244707,712.119252,3.530859,-54.244724,-0.061859
2106.588125,2073.000000,3.528301,54.342819,712.133758,3.535293,-54.342714,-0.076984
2106.606333,2074.000000,3.530118,54.440459,712.142024,3.537515,-54.440283,-0.085959
2106.583796,2075.000000,3.527921,54.537109,712.137351,3.535146,-54.536968,-0.082179
2106.564576,2076.000000,3.526051,54.633840,712.133729,3.533151,-54.633725,-0.079436
2106.579928,2077.000000,3.527587,54.731413,712.141084,3.535050,-54.731235,-0.087512
2106.605749,2078.000000,3.530154,54.829245,712.151763,3.538129,-54.828977,-0.098865
2106.619879,2079.000000,3.531570,54.926794,712.158728,3.539891,-54.926465,-0.106557
2106.619453,2080.000000,3.531551,55.023987,712.161069,3.540013,-55.023636,-0.109691
2106.605685,2081.000000,3.530218,55.120853,712.159172,3.538631,-55.120514,-0.108648
2106.573434,2082.000000,3.527064,55.217264,712.151404,3.535168,-55.216985,-0.101818
2106.508097,2083.000000,3.520650,55.312856,712.133129,3.527977,-55.312724,-0.084630
2106.506723,2084.000000,3.520538,55.410025,712.135164,3.527992,-55.409873,-0.087463
2106.487483,2085.000000,3.518665,55.506752,712.131525,3.525994,-55.506626,-0.084702
2106.491920,2086.000000,3.519126,55.604065,712.135402,3.526663,-55.603905,-0.089350
2106.557607,2087.000000,3.525621,55.702902,712.158728,3.534233,-55.702548,-0.113169
2106.607449,2088.000000,3.530556,55.801351,712.177022,3.540018,-55.800844,-0.132028
2106.596168,2089.000000,3.529468,55.898281,712.175905,3.538916,-55.897779,-0.131753
2106.524549,2090.000000,3.522435,55.993704,712.155624,3.531017,-55.993365,-0.112589
2106.510992,2091.000000,3.521122,56.090574,712.153781,3.529659,-56.090247,-0.111599
2106.445881,2092.000000,3.514731,56.186152,712.135566,3.522493,-56.185971,-0.094470
2106.404889,2093.000000,3.510716,56.282331,712.125009,3.518045,-56.282233,-0.084890
2106.376636,2094.000000,3.507956,56.378827,712.118496,3.515031,-56.378779,-0.079296
2106.363705,2095.000000,3.506705,56.475708,712.116847,3.513744,-56.475670,-0.078497
2106.363249,2096.000000,3.506684,56.572904,712.119157,3.513861,-56.572843,-0.081601
2106.350856,2097.000000,3.505486,56.669798,712.117676,3.512634,-56.669747,-0.080967
2106.314685,2098.000000,3.501946,56.766090,712.108644,3.508729,-56.766110,-0.072890
2106.282325,2099.000000,3.498782,56.862477,712.100821,3.505252,-56.862557,-0.066004
2106.268987,2100.000000,3.497491,56.959345,712.099036,3.503919,-56.959437,-0.065071
2106.276970,2101.000000,3.498301,57.056756,712.104019,3.504987,-57.056803,-0.070809
2106.314463,2102.000000,3.502018,57.154920,712.118371,3.509379,-57.154847,-0.085783
2106.372980,2103.000000,3.507807,57.253625,712.139398,3.516139,-57.253377,-0.107336
2106.421516,2104.000000,3.512612,57.352082,712.157255,3.521775,-57.351684,-0.125765
2106.429486,2105.000000,3.513421,57.449503,712.162230,3.522842,-57.449061,-0.131494
2106.402950,2106.000000,3.510830,57.546041,712.156246,3.520021,-57.545645,-0.126422
2106.385335,2107.000000,3.509118,57.642806,712.153093,3.518205,-57.642433,-0.124140
2106.390765,2108.000000,3.509677,57.740165,712.157257,3.518985,-57.739754,-0.129071
2106.375977,2109.000000,3.508244,57.837003,712.154999,3.517488,-57.836607,-0.127671
2106.321999,2110.000000,3.502949,57.932828,712.140296,3.511575,-57.932549,-0.114004
2106.267505,2111.000000,3.497604,58.028635,712.125428,3.505605,-58.028475,-0.100174
2106.266298,2112.000000,3.497509,58.125821,712.127479,3.505637,-58.125641,-0.103022
2106.305811,2113.000000,3.501425,58.224065,712.142459,3.510256,-58.223759,-0.118614
2106.342907,2114.000000,3.505104,58.322251,712.156670,3.514603,-58.321825,-0.133449
2106.358654,2115.000000,3.506679,58.419884,712.164101,3.516546,-58.419394,-0.141600
2106.342845,2116.000000,3.505145,58.516696,712.161510,3.514933,-58.516224,-0.139872
2106.301450,2117.000000,3.501090,58.612838,712.150793,3.510437,-58.612451,-0.130133
2106.240858,2118.000000,3.495144,58.708475,712.133979,3.503780,-58.708222,-0.114385
2106.173349,2119.000000,3.488518,58.803926,712.114968,3.496343,-58.803825,-0.096471
2106.120010,2120.000000,3.483287,58.899744,712.100456,3.490503,-58.899759,-0.082992
2106.090470,2121.000000,3.480401,58.996185,712.093500,3.487344,-58.996254,-0.076960
2106.098045,2122.000000,3.481170,59.093603,712.098326,3.488365,-59.093629,-0.082543
2106.157128,2123.000000,3.487014,59.192382,712.119505,3.495187,-59.192232,-0.104246
2106.240491,2124.000000,3.495250,59.291810,712.148394,3.504745,-59.291420,-0.133550
2106.288203,2125.000000,3.499975,59.390301,712.165963,3.510287,-59.389764,-0.151694
2106.275939,2126.000000,3.498790,59.487206,712.164484,3.509073,-59.486677,-0.151062
2106.240012,2127.000000,3.495275,59.583482,712.155490,3.505194,-59.583023,-0.143022
2106.207845,2128.000000,3.492129,59.679855,712.147689,3.501737,-59.679458,-0.136158
2106.183280,2129.000000,3.489733,59.776429,712.142301,3.499138,-59.776073,-0.131672
2106.154345,2130.000000,3.486906,59.872886,712.135523,3.496046,-59.872581,-0.125817
2106.113261,2131.000000,3.482883,59.969015,712.124887,3.491585,-59.968795,-0.116158
2106.060416,2132.000000,3.477701,60.064827,712.110516,3.485800,-60.064721,-0.102817
2106.005691,2133.000000,3.472334,60.160585,712.095547,3.479803,-60.160598,-0.088887
2105.954952,2134.000000,3.467360,60.256446,712.081843,3.474256,-60.256568,-0.076204
2105.919352,2135.000000,3.463877,60.352712,712.072944,3.470413,-60.352903,-0.068257
2105.910877,2136.000000,3.463066,60.449706,712.072656,3.469626,-60.449897,-0.068799
2105.933190,2137.000000,3.465287,60.547532,712.082141,3.472305,-60.547642,-0.078974
2105.969504,2138.000000,3.468888,60.645740,712.096071,3.476562,-60.645732,-0.093531
2105.980270,2139.000000,3.469972,60.743259,712.101888,3.477942,-60.743201,-0.100091
2105.949097,2140.000000,3.466925,60.839643,712.094387,3.474597,-60.839642,-0.093523
2105.904477,2141.000000,3.462554,60.935658,712.082617,3.469739,-60.935751,-0.082745
2105.876349,2142.000000,3.459807,61.032120,712.076081,3.466737,-61.032263,-0.077128
2105.870417,2143.000000,3.459247,61.129186,712.076591,3.466236,-61.129322,-0.078456
2105.880577,2144.000000,3.460271,61.226691,712.082209,3.467547,-61.226778,-0.084819
2105.890859,2145.000000,3.461308,61.324202,712.087864,3.468871,-61.324239,-0.091219
2105.866899,2146.000000,3.458972,61.420776,712.082646,3.466339,-61.420852,-0.086901
2105.799815,2147.000000,3.452388,61.516165,712.063736,3.458950,-61.516393,-0.069086
2105.757525,2148.000000,3.448247,61.612231,712.052697,3.454354,-61.612547,-0.059029
2105.759318,2149.000000,3.448447,61.709508,712.055652,3.454722,-61.709796,-0.062767
2105.771809,2150.000000,3.449701,61.807081,712.062001,3.456295,-61.807313,-0.069851
2105.775473,2151.000000,3.450086,61.904412,712.065547,3.456874,-61.904612,-0.074172
2105.772359,2152.000000,3.449803,62.001556,712.066940,3.456689,-62.001742,-0.076370
2105.776800,2153.000000,3.450264,62.098911,712.070730,3.457355,-62.099062,-0.080932
2105.785595,2154.000000,3.451154,62.196387,712.075901,3.458512,-62.196493,-0.086855
2105.786205,2155.000000,3.451238,62.293638,712.078472,3.458746,-62.293720,-0.090214
2105.773730,2156.000000,3.450034,62.390526,712.076887,3.457507,-62.390617,-0.089478
2105.751862,2157.000000,3.447904,62.487151,712.072320,3.455210,-62.487277,-0.085800
2105.739715,2158.000000,3.446731,62.584047,712.070837,3.454008,-62.584181,-0.085164
2105.767004,2159.000000,3.449443,62.682046,712.081873,3.457247,-62.682086,-0.096868
2105.834327,2160.000000,3.456098,62.781168,712.105618,3.464995,-62.781011,-0.121101
2105.895840,2161.000000,3.462181,62.880135,712.127519,3.472089,-62.879795,-0.143517
2105.902676,2162.000000,3.462879,62.977572,712.132059,3.473025,-62.977192,-0.148817
2105.832376,2163.000000,3.455978,63.072840,712.112104,3.465272,-63.072620,-0.129971
2105.723699,2164.000000,3.445297,63.167021,712.079965,3.453198,-63.167061,-0.099114
2105.668857,2165.000000,3.439920,63.262714,712.064919,3.447187,-63.262873,-0.085106
2105.697989,2166.000000,3.442813,63.360775,712.076530,3.450634,-63.360837,-0.097378
2105.742222,2167.000000,3.447194,63.459268,712.092935,3.455780,-63.459192,-0.114375
2105.771845,2168.000000,3.450135,63.557351,712.104701,3.459282,-63.557175,-0.126799
2105.753524,2169.000000,3.448355,63.654076,712.101243,3.457384,-63.653926,-0.124215
2105.687602,2170.000000,3.441886,63.749447,712.082672,3.450125,-63.749446,-0.106732
2105.644916,2171.000000,3.437706,63.845475,712.071476,3.445483,-63.845562,-0.096520
2105.637717,2172.000000,3.437021,63.942513,712.071546,3.444837,-63.942595,-0.097414
2105.640527,2173.000000,3.437322,64.039836,712.074792,3.445319,-64.039889,-0.101439
2105.637808,2174.000000,3.437078,64.137002,712.076281,3.445177,-64.137040,-0.103732
2105.628308,2175.000000,3.436166,64.233975,712.075616,3.444272,-64.234015,-0.103901
2105.607421,2176.000000,3.434133,64.330621,712.071335,3.442085,-64.330693,-0.100506
2105.493954,2177.000000,3.422983,64.424606,712.037662,3.429473,-64.424950,-0.068136
2105.054009,2178.000000,3.379690,64.509189,711.900377,3.380108,-64.510653,0.066377
2104.194899,2180.000000,3.295198,64.678856,711.632549,3.283772,-64.682507,0.328757
2103.911620,2181.000000,3.267360,64.767865,711.545076,3.252078,-64.772229,0.414166
2103.810798,2182.000000,3.257469,64.862126,711.515454,3.240905,-64.866729,0.442543
2103.839211,2183.000000,3.260286,64.960121,711.526798,3.244263,-64.964628,0.430536
2103.862382,2184.000000,3.262588,65.057968,711.536479,3.247032,-65.062392,0.420168
2103.867998,2185.000000,3.263164,65.155307,711.540594,3.247827,-65.159695,0.415287
2103.807766,2186.000000,3.257264,65.250733,711.523834,3.241217,-65.255255,0.430985
2103.685997,2187.000000,3.245314,65.344363,711.487568,3.227690,-65.349178,0.465913
2103.582121,2188.000000,3.235124,65.438505,711.456975,3.216175,-65.443567,0.495248
2103.573661,2189.000000,3.234316,65.535425,711.456623,3.215387,-65.540488,0.494772
2103.623150,2190.000000,3.239205,65.634041,711.474636,3.221114,-65.638953,0.476190
2103.656996,2191.000000,3.242556,65.732204,711.487690,3.225082,-65.737005,0.462497
2103.648564,2192.000000,3.241750,65.829130,711.487342,3.224297,-65.833931,0.462015
2103.633046,2193.000000,3.240247,65.925849,711.484748,3.222715,-65.930668,0.463749
2103.674823,2194.000000,3.244379,66.024252,711.500312,3.227575,-66.028941,0.447581
2103.751295,2195.000000,3.251921,66.123683,711.526874,3.236336,-66.128151,0.420572
2103.790624,2196.000000,3.255812,66.222025,711.541661,3.240921,-66.226368,0.405170
2103.791854,2197.000000,3.255957,66.319245,711.544370,3.241222,-66.323563,0.401675
2103.744972,2198.000000,3.251370,66.415042,711.531826,3.236114,-66.419459,0.413218
2103.666759,2199.000000,3.243703,66.509907,711.509350,3.227483,-66.514505,0.434552
2103.661327,2200.000000,3.243192,66.606927,711.509943,3.227034,-66.611517,0.433143
2103.669371,2201.000000,3.244006,66.704348,711.514806,3.228102,-66.708895,0.427525
2103.632074,2202.000000,3.240362,66.800420,711.505296,3.224071,-66.805042,0.436077
2103.571932,2203.000000,3.234472,66.895809,711.488544,3.217472,-66.900565,0.451768
2103.509203,2204.000000,3.228328,66.991117,711.470971,3.210582,-66.996013,0.468268
2103.498696,2205.000000,3.227319,67.087981,711.469949,3.209563,-67.092882,0.468452
2103.513672,2206.000000,3.228815,67.185608,711.477002,3.211409,-67.190449,0.460675
2103.574412,2207.000000,3.234810,67.284610,711.498560,3.218400,-67.289271,0.438598
2103.662731,2208.000000,3.243518,67.384447,711.528860,3.228492,-67.388856,0.407903
2103.678978,2209.000000,3.245139,67.482124,711.536313,3.230481,-67.486469,0.399732
2103.620662,2210.000000,3.239428,67.577558,711.520129,3.224086,-67.582032,0.414863
2103.572250,2211.000000,3.234691,67.673286,711.507084,3.218805,-67.677864,0.426900
2103.582220,2212.000000,3.235695,67.770774,711.512543,3.220088,-67.775304,0.420694
2103.625847,2213.000000,3.240009,67.869283,711.528670,3.225155,-67.873677,0.403971
2103.666866,2214.000000,3.244066,67.967717,711.543970,3.229930,-67.971983,0.388064
2103.660398,2215.000000,3.243453,68.064714,711.544215,3.229364,-68.068975,0.386999
2103.601503,2216.000000,3.237686,68.160120,711.527839,3.222904,-68.164511,0.402320
2103.550512,2217.000000,3.232695,68.255761,711.513968,3.217333,-68.260263,0.415171
2103.403100,2218.000000,3.218225,68.348462,711.469535,3.200922,-68.353325,0.458152
2103.465390,2219.000000,3.224373,68.447548,711.491568,3.208086,-68.452227,0.435607
2103.441444,2220.000000,3.222042,68.544006,711.486267,3.205556,-68.548725,0.440010
2103.355551,2221.000000,3.213621,68.638568,711.461330,3.196062,-68.643488,0.463770
2103.349587,2222.000000,3.213058,68.735572,711.461726,3.195553,-68.740486,0.462557
2103.363162,2223.000000,3.214417,68.833176,711.468312,3.197240,-68.838032,0.455240
2103.372180,2224.000000,3.215327,68.930641,711.473454,3.198415,-68.935452,0.449348
2103.348356,2225.000000,3.213008,69.027098,711.468185,3.195898,-69.031949,0.453719
2103.304857,2226.000000,3.208755,69.122948,711.456679,3.191170,-69.127890,0.464239
2103.287355,2227.000000,3.207058,69.219597,711.453411,3.189363,-69.224562,0.466637
2103.300287,2228.000000,3.208353,69.317185,711.459787,3.190978,-69.322095,0.459527
2103.309661,2229.000000,3.209298,69.414665,711.465035,3.192193,-69.419528,0.453531
2103.301285,2230.000000,3.208498,69.511597,711.464655,3.191413,-69.516460,0.453081
2103.296385,2231.000000,3.208040,69.608637,711.465376,3.191023,-69.613491,0.451547
2103.284813,2232.000000,3.206926,69.705470,711.463981,3.189883,-69.710332,0.452099
2103.247167,2233.000000,3.203249,69.801492,711.454321,3.185812,-69.806430,0.460799
2103.215550,2234.000000,3.200165,69.897699,711.446571,3.182419,-69.902697,0.467617
2103.210722,2235.000000,3.199714,69.994740,711.447309,3.182037,-69.999729,0.466066
2103.233207,2236.000000,3.201948,70.092634,711.456702,3.184725,-70.097543,0.455982
2103.237504,2237.000000,3.202394,70.189963,711.460330,3.185369,-70.194839,0.451582
2103.236447,2238.000000,3.202313,70.287125,711.462260,3.185411,-70.291982,0.448856
2103.254612,2239.000000,3.204123,70.384891,711.470280,3.187613,-70.389679,0.440126
2103.289976,2240.000000,3.207623,70.483199,711.483751,3.191749,-70.487874,0.426022
2103.322939,2241.000000,3.210888,70.581436,711.496459,3.195616,-70.586003,0.412670
2103.341725,2242.000000,3.212758,70.679230,711.504673,3.197888,-70.683727,0.403748
2103.358858,2243.000000,3.214467,70.776974,711.512362,3.199975,-70.781405,0.395344
2103.369168,2244.000000,3.215504,70.874506,711.517888,3.201294,-70.878888,0.389074
2103.335104,2245.000000,3.212179,70.970635,711.509346,3.197625,-70.975084,0.396672
2103.275944,2246.000000,3.206386,71.065968,711.492848,3.191134,-71.070548,0.412113
2103.206077,2247.000000,3.199541,71.160956,711.472957,3.183440,-71.165696,0.430901
2103.136278,2248.000000,3.192703,71.255942,711.453087,3.175754,-71.260842,0.449668
2103.095677,2249.000000,3.188736,71.351851,711.442470,3.171351,-71.356834,0.459312
2103.134455,2250.000000,3.192571,71.450285,711.457008,3.175870,-71.455146,0.444156
2103.153968,2251.000000,3.194513,71.548109,711.465440,3.178223,-71.552898,0.435020
2103.074250,2252.000000,3.186701,71.642767,711.442422,3.169422,-71.647741,0.456891
2102.979055,2253.000000,3.177367,71.736925,711.414499,3.158882,-71.742124,0.483597
2102.947543,2254.000000,3.174293,71.833114,711.406756,3.155500,-71.838373,0.490407
2102.960268,2255.000000,3.175568,71.930719,711.413031,3.157090,-71.935924,0.483398
2102.990643,2256.000000,3.178577,72.028892,711.424897,3.160664,-72.033997,0.470876
2103.020868,2257.000000,3.181572,72.127064,711.436715,3.164221,-72.132069,0.458402
2103.012972,2258.000000,3.180820,72.224013,711.436451,3.163493,-72.229016,0.457839
2102.966709,2259.000000,3.176296,72.319725,711.424027,3.158453,-72.324827,0.469265
2102.973989,2260.000000,3.177035,72.417162,711.428569,3.159430,-72.422224,0.463964
2103.042413,2261.000000,3.183785,72.516577,711.452488,3.167281,-72.521439,0.439560
2103.100144,2262.000000,3.189484,72.615652,711.473018,3.173929,-72.620343,0.418496
2103.132181,2263.000000,3.192658,72.713901,711.485404,3.177690,-72.718487,0.405462
2103.168457,2264.000000,3.196248,72.812291,711.499132,3.181928,-72.816762,0.391104
2103.224997,2265.000000,3.201831,72.911344,711.519283,3.188443,-72.915646,0.370414
2103.149163,2266.000000,3.194399,73.006095,711.497474,3.180077,-73.010572,0.391093
2102.971878,2267.000000,3.176995,73.097535,711.443512,3.160308,-73.102451,0.443472
2102.793636,2268.000000,3.159499,73.188931,711.389254,3.140434,-73.194288,0.496143
2102.681208,2269.000000,3.148474,73.282462,711.355855,3.127959,-73.288089,0.528249
2102.675661,2270.000000,3.147952,73.379478,711.356319,3.127494,-73.385099,0.526969
2102.748147,2271.000000,3.155100,73.479051,711.381507,3.135799,-73.484462,0.501313
2102.825181,2272.000000,3.162695,73.578779,711.408136,3.144615,-73.583969,0.474236
2102.831517,2273.000000,3.163341,73.676194,711.412362,3.145486,-73.681346,0.469247
2102.764877,2274.000000,3.156816,73.771212,711.393463,3.138155,-73.776515,0.487058
2102.676403,2275.000000,3.148144,73.865506,711.367645,3.128371,-73.871017,0.511690
2102.683831,2276.000000,3.148898,73.962954,711.372212,3.129364,-73.968425,0.506364
2102.857325,2277.000000,3.165974,74.065884,711.429401,3.149021,-74.070884,0.449157
2103.017187,2278.000000,3.181712,74.168381,711.482277,3.167149,-74.172944,0.396203
