frame,model,u_px,v_px,residual_zg_mm,Xc_mm,Yc_mm,Zc_mm,Xg_mm,Yg_mm
laser 004,quadratic_graph,2135.976695,5.000000,0.302338739,6.409601579,-146.562658007,713.527556825,6.402485446,146.567441335
laser 004,quadratic_graph,2135.915169,6.000000,0.315611281,6.403459943,-146.462261922,713.513173517,6.395742779,146.466930892
laser 004,quadratic_graph,2135.867099,7.000000,0.324668431,6.398665591,-146.362749883,713.503077598,6.390537679,146.367339555
laser 004,quadratic_graph,2135.839251,8.000000,0.327390489,6.395895676,-146.264562269,713.499424919,6.387642983,146.269125334
laser 004,quadratic_graph,2135.832784,9.000000,0.323414443,6.395266105,-146.167772106,713.502584663,6.387190983,146.172364274
laser 004,quadratic_graph,2135.843973,10.000000,0.313907290,6.396403982,-146.072133500,713.511369895,6.388756107,146.076800775
laser 004,quadratic_graph,2135.862881,11.000000,0.301982436,6.398314616,-145.976996029,713.522614073,6.391203121,145.981758519
laser 004,quadratic_graph,2135.859158,12.000000,0.297150294,6.397959728,-145.880380234,713.526644541,6.391064450,145.885178947
laser 004,quadratic_graph,2135.811262,13.000000,0.306161477,6.393182826,-145.780885685,713.516595560,6.385878878,145.785605485
laser 004,quadratic_graph,2135.743268,14.000000,0.321471349,6.386394261,-145.680085576,713.500140508,6.378397321,145.684674075
laser 004,quadratic_graph,2135.698049,15.000000,0.329645821,6.381885684,-145.580771619,713.490942612,6.373517845,145.585288163
laser 004,quadratic_graph,2135.673766,16.000000,0.331261602,6.379472788,-145.482821181,713.488415301,6.371030108,145.487320321
laser 004,quadratic_graph,2135.642351,17.000000,0.335113387,6.376346057,-145.384408087,713.483613884,6.367727604,145.388871227
laser 004,quadratic_graph,2135.621523,18.000000,0.335649293,6.374279032,-145.286683592,713.482184920,6.365634485,145.291138309
laser 004,quadratic_graph,2135.634209,19.000000,0.325685545,6.375566465,-145.191133751,713.491434651,6.367369778,145.195667373
laser 004,quadratic_graph,2135.650921,20.000000,0.314461339,6.377256907,-145.095842440,713.501966326,6.369564977,145.100465451
laser 004,quadratic_graph,2135.635505,21.000000,0.313305493,6.375731537,-144.998466594,713.502258001,6.368089881,145.003095254
laser 004,quadratic_graph,2135.588603,22.000000,0.322016935,6.371054690,-144.899051967,713.492514211,6.363017899,144.903604207
laser 004,quadratic_graph,2135.539240,23.000000,0.331500621,6.366131672,-144.799480793,713.481985063,6.357664886,144.803950193
laser 004,quadratic_graph,2135.502831,24.000000,0.336926593,6.362505288,-144.700750104,713.475582832,6.353791674,144.705170412
laser 004,quadratic_graph,2135.543335,25.000000,0.318254514,6.366576766,-144.606990930,713.493689367,6.358704108,144.611562571
laser 004,quadratic_graph,2135.524666,26.000000,0.318124726,6.364725851,-144.509405840,713.492937615,6.356857152,144.513974597
laser 004,quadratic_graph,2135.470416,27.000000,0.329145165,6.359313855,-144.409524913,713.480845667,6.350945795,144.413998048
laser 004,quadratic_graph,2135.437281,28.000000,0.333550725,6.356015228,-144.311008912,713.475481355,6.347446403,144.315441443
laser 004,quadratic_graph,2135.430598,29.000000,0.329669400,6.355363947,-144.214198947,713.478545144,6.346968426,144.218659796
laser 004,quadratic_graph,2135.423434,30.000000,0.325940096,6.354664523,-144.117357157,713.481454336,6.346435445,144.121845060
laser 004,quadratic_graph,2135.413608,31.000000,0.323046210,6.353698683,-144.020343246,713.483513894,6.345598336,144.024851255
laser 004,quadratic_graph,2135.416825,32.000000,0.316066722,6.354038182,-143.924167584,713.489728660,6.346250992,143.928729679
laser 004,quadratic_graph,2135.431599,33.000000,0.305467037,6.355534334,-143.828733006,713.499625285,6.348223716,143.833379297
laser 004,quadratic_graph,2135.413167,34.000000,0.305273765,6.353707168,-143.731163002,713.498938271,6.346403378,143.735806938
laser 004,quadratic_graph,2135.355780,35.000000,0.317288332,6.347981449,-143.631092934,713.485835554,6.340133427,143.635632982
laser 004,quadratic_graph,2135.299861,36.000000,0.328843867,6.342402862,-143.531120672,713.473199741,6.334031329,143.535560650
laser 004,quadratic_graph,2135.271861,37.000000,0.331652606,6.339618324,-143.432941286,713.469459704,6.331118111,143.437353942
laser 004,quadratic_graph,2135.277588,38.000000,0.323894900,6.340208890,-143.336923081,713.476466036,6.332056964,143.341396297
laser 004,quadratic_graph,2135.303049,39.000000,0.309954792,6.342774318,-143.242166110,713.489760022,6.335249752,143.246751305
laser 004,quadratic_graph,2135.328230,40.000000,0.296103234,6.345311812,-143.147387688,713.502963939,6.338410610,143.152084125
laser 004,quadratic_graph,2135.334672,41.000000,0.288124749,6.345974005,-143.051407846,713.510194803,6.339431058,143.056166679
laser 004,quadratic_graph,2135.317609,42.000000,0.287513250,6.344283861,-142.953924498,713.509933300,6.337766624,142.958684456
laser 004,quadratic_graph,2135.303688,43.000000,0.285918490,6.342908164,-142.856641791,713.510671815,6.336461022,142.861411051
laser 004,quadratic_graph,2135.296714,44.000000,0.282148070,6.342227700,-142.759802057,713.513623032,6.335948863,142.764598715
laser 004,quadratic_graph,2135.291873,45.000000,0.277710527,6.341760697,-142.663097497,713.517252739,6.335680278,142.667927102
laser 004,quadratic_graph,2135.252804,46.000000,0.284000529,6.337868300,-142.564211327,713.509972387,6.331502061,142.568984657
laser 004,quadratic_graph,2135.160377,47.000000,0.307011972,6.328636522,-142.461930316,713.485686146,6.321229659,142.466508301
laser 004,quadratic_graph,2135.094789,48.000000,0.321613672,6.322090909,-142.361363556,713.469952798,6.314023037,142.365816139
laser 004,quadratic_graph,2135.086877,49.000000,0.318144278,6.321316575,-142.264467631,713.472598010,6.313403422,142.268945109
laser 004,quadratic_graph,2135.115112,50.000000,0.303349547,6.324159199,-142.169867355,713.486761213,6.316911989,142.174463922
laser 004,quadratic_graph,2135.136837,51.000000,0.290595572,6.326350491,-142.074850011,713.498848935,6.319677104,142.079548692
laser 004,quadratic_graph,2135.135878,52.000000,0.284951065,6.326271904,-141.978390226,713.503706270,6.319851421,141.983131892
laser 004,quadratic_graph,2135.122741,53.000000,0.283124086,6.324974699,-141.881157005,713.504681168,6.318634797,141.885909908
laser 004,quadratic_graph,2135.104425,54.000000,0.282921403,6.323159253,-141.783595379,713.504004167,6.316826613,141.788346009
laser 004,quadratic_graph,2135.077976,55.000000,0.285268718,6.320529995,-141.685518994,713.500733836,6.314089510,141.690246142
laser 004,quadratic_graph,2135.061949,56.000000,0.284351425,6.318943619,-141.588102917,713.500783645,6.312542655,141.592833735
laser 004,quadratic_graph,2135.078850,57.000000,0.273116624,6.320652140,-141.492768823,713.511326387,6.314756426,141.497589122
laser 004,quadratic_graph,2135.083943,58.000000,0.265583317,6.321179120,-141.396685792,713.518104706,6.315621572,141.401564787
laser 004,quadratic_graph,2135.044250,59.000000,0.272086585,6.317224594,-141.297772973,713.510607865,6.311371605,141.302593923
laser 004,quadratic_graph,2134.989826,60.000000,0.283207387,6.311796188,-141.197932741,713.498415048,6.305439324,141.202657242
laser 004,quadratic_graph,2134.953938,61.000000,0.288520661,6.308222610,-141.099264649,713.492128511,6.301624020,141.103941003
laser 004,quadratic_graph,2134.937391,62.000000,0.287774409,6.306584257,-141.001816944,713.492004514,6.300017469,141.006495546
laser 004,quadratic_graph,2134.932615,63.000000,0.283340827,6.306123655,-140.905110445,713.495630527,6.299755115,140.909821964
laser 004,quadratic_graph,2134.933001,64.000000,0.277290891,6.306179539,-140.808727779,713.500900370,6.300082208,140.813485658
laser 004,quadratic_graph,2134.923015,65.000000,0.274492584,6.305197640,-140.711691494,713.502863346,6.299224742,140.716468689
laser 004,quadratic_graph,2134.881141,66.000000,0.281688571,6.301025219,-140.612650950,713.494662254,6.294725613,140.617364340
laser 004,quadratic_graph,2134.819885,67.000000,0.294959372,6.294913765,-140.512395685,713.480283196,6.288013237,140.516994747
laser 004,quadratic_graph,2134.789210,68.000000,0.298648358,6.291862026,-140.414063251,713.475648770,6.284793097,140.418627676
laser 004,quadratic_graph,2134.794781,69.000000,0.290980626,6.292436565,-140.318004800,713.482563987,6.285711875,140.322629040
laser 004,quadratic_graph,2134.808639,70.000000,0.280717164,6.293840211,-140.222463768,713.492119023,6.287576931,140.227169411
laser 004,quadratic_graph,2134.802807,71.000000,0.276625201,6.293273920,-140.125687219,713.495397752,6.287193470,140.130422938
laser 004,quadratic_graph,2134.758755,72.000000,0.284511735,6.288883838,-140.026518194,713.486494590,6.282445512,140.031184367
laser 004,quadratic_graph,2134.681387,73.000000,0.302839281,6.281160938,-139.925268485,713.466973175,6.273893433,139.929778275
laser 004,quadratic_graph,2134.589946,74.000000,0.325576797,6.272030738,-139.823145045,713.442966987,6.263734988,139.827461776
laser 004,quadratic_graph,2134.503083,75.000000,0.346879848,6.263359088,-139.721314287,713.420419700,6.254099846,139.725449890
laser 004,quadratic_graph,2134.543433,76.000000,0.328325399,6.267412170,-139.627426495,713.438406607,6.258988593,139.631712457
laser 004,quadratic_graph,2134.548682,77.000000,0.320769974,6.267954266,-139.531345439,713.445207762,6.259869862,139.535690283
laser 004,quadratic_graph,2134.518915,78.000000,0.324187632,6.264993766,-139.433080868,713.440849590,6.256753213,139.437393335
laser 004,quadratic_graph,2134.579612,79.000000,0.299260253,6.271082342,-139.340450067,713.465317557,6.263965128,139.344965895
laser 004,quadratic_graph,2134.608710,80.000000,0.284234792,6.274010226,-139.245846668,713.479715524,6.267569381,139.250483505
laser 004,quadratic_graph,2134.592448,81.000000,0.283424805,6.272400522,-139.148418881,713.479656776,6.265994365,139.153058501
laser 004,quadratic_graph,2134.555949,82.000000,0.288957790,6.268766444,-139.049733659,713.473147449,6.262108653,139.054323308
laser 004,quadratic_graph,2134.533406,83.000000,0.290118749,6.266528470,-138.951916808,713.471084365,6.259816400,138.956492848
laser 004,quadratic_graph,2134.535996,84.000000,0.283405211,6.266804596,-138.855660026,713.477029400,6.260393699,138.860287948
laser 004,quadratic_graph,2134.533633,85.000000,0.278245042,6.266585264,-138.759094534,713.481394722,6.260405421,138.763761418
laser 004,quadratic_graph,2134.505583,86.000000,0.281135818,6.263796417,-138.660936209,713.477572541,6.257484212,138.665575098
laser 004,quadratic_graph,2134.498052,87.000000,0.277597835,6.263060115,-138.564049482,713.480288193,6.256905740,138.568713842
laser 004,quadratic_graph,2134.521901,88.000000,0.264227234,6.265462805,-138.469103770,713.493003243,6.259910104,138.473875377
laser 004,quadratic_graph,2134.524583,89.000000,0.257491120,6.265748136,-138.372845789,713.498971280,6.260497629,138.377669466
laser 004,quadratic_graph,2134.466261,90.000000,0.269874255,6.259931117,-138.272816634,713.485495856,6.254119767,138.277533371
laser 004,quadratic_graph,2134.428466,91.000000,0.275825688,6.256167562,-138.174058722,713.478561248,6.250085694,138.178722011
laser 004,quadratic_graph,2134.349880,92.000000,0.294560841,6.248324098,-138.072785930,713.458626211,6.241394662,138.077289451
laser 004,quadratic_graph,2134.322714,93.000000,0.297183886,6.245623916,-137.974689045,713.455076516,6.238574205,137.979166799
laser 004,quadratic_graph,2134.320724,94.000000,0.291919150,6.245441809,-137.878144294,713.459548351,6.238627878,137.882661882
laser 004,quadratic_graph,2134.350614,95.000000,0.276665431,6.248448353,-137.783561225,713.474178505,6.242321100,137.788201722
laser 004,quadratic_graph,2134.400400,96.000000,0.255177186,6.253445129,-137.690198523,713.495148845,6.248285979,137.695013779
laser 004,quadratic_graph,2134.418696,97.000000,0.243558229,6.255292225,-137.594894011,713.506082595,6.250655682,137.599801948
laser 004,quadratic_graph,2134.407092,98.000000,0.241311199,6.254148476,-137.497749324,713.507485581,6.249611496,137.502671997
laser 004,quadratic_graph,2134.382542,99.000000,0.243122855,6.251709771,-137.399809354,713.504761121,6.247089145,137.404713009
laser 004,quadratic_graph,2134.362352,100.000000,0.243569408,6.249707204,-137.302137681,713.503424924,6.245064554,137.307033671
laser 004,quadratic_graph,2134.346418,101.000000,0.242683460,6.248130356,-137.204727357,713.503443831,6.243525831,137.209626765
laser 004,quadratic_graph,2134.307579,102.000000,0.248977324,6.244262486,-137.105913631,713.496161305,6.239371992,137.110756744
laser 004,quadratic_graph,2134.222088,103.000000,0.269892531,6.235728713,-137.004245680,713.474009777,6.229892248,137.008910898
laser 004,quadratic_graph,2134.113408,104.000000,0.298074320,6.224876438,-136.901165454,713.444468653,6.217765991,136.905592344
laser 004,quadratic_graph,2134.025846,105.000000,0.319638237,6.216136845,-136.799384663,713.421657593,6.208051146,136.803628265
laser 004,quadratic_graph,2133.996467,106.000000,0.322971974,6.213215783,-136.701164340,713.417385559,6.204977736,136.705376267
laser 004,quadratic_graph,2134.032314,107.000000,0.305869150,6.216817195,-136.606926698,713.433896225,6.209349299,136.611276913
laser 004,quadratic_graph,2134.086410,108.000000,0.283048252,6.222243752,-136.513797965,713.456221780,6.215804120,136.518334024
laser 004,quadratic_graph,2134.097791,109.000000,0.273613378,6.223398742,-136.418059424,713.464934607,6.217383133,136.422670000
laser 004,quadratic_graph,2134.047618,110.000000,0.283469159,6.218397981,-136.318568851,713.454030152,6.211935623,136.323093511
laser 004,quadratic_graph,2133.990329,111.000000,0.295555863,6.212685796,-136.218648192,713.440857053,6.205675987,136.223068383
laser 004,quadratic_graph,2133.991423,112.000000,0.289348930,6.212811957,-136.122282465,713.446287344,6.206080465,136.126750328
laser 004,quadratic_graph,2134.028281,113.000000,0.271935781,6.216514584,-136.028089260,713.463113559,6.210567253,136.032697993
laser 004,quadratic_graph,2134.023314,114.000000,0.267630547,6.216034652,-135.931350973,713.466609964,6.210279796,135.935991562
laser 004,quadratic_graph,2133.959429,115.000000,0.281790140,6.209662861,-135.831035462,713.451329029,6.203266987,135.835554344
laser 004,quadratic_graph,2133.880435,116.000000,0.300684976,6.201780577,-135.729807888,713.431232774,6.194529937,135.734165682
laser 004,quadratic_graph,2133.837614,117.000000,0.308245685,6.197515590,-135.630778326,713.422662523,6.189921803,135.635069294
laser 004,quadratic_graph,2133.844544,118.000000,0.300218328,6.198225201,-135.534764240,713.429944155,6.190991906,135.539118020
laser 004,quadratic_graph,2133.872685,119.000000,0.285545417,6.201055753,-135.440031972,713.443983790,6.194482930,135.444503833
laser 004,quadratic_graph,2133.891423,120.000000,0.273819935,6.202946153,-135.344727305,713.455026114,6.196900754,135.349292734
laser 004,quadratic_graph,2133.885097,121.000000,0.269950025,6.202330300,-135.247904877,713.458079963,6.196457730,135.252498544
laser 004,quadratic_graph,2133.864838,122.000000,0.270447741,6.200321223,-135.150240172,713.456692315,6.194424329,135.154825753
laser 004,quadratic_graph,2133.849120,123.000000,0.269523751,6.198766229,-135.052849940,713.456750447,6.192909186,135.057439258
laser 004,quadratic_graph,2133.825348,124.000000,0.271125051,6.196405906,-134.954974011,713.454240598,6.190474724,134.959546066
laser 004,quadratic_graph,2133.780018,125.000000,0.279483376,6.191890046,-134.855799659,713.444859475,6.185579717,134.860298256
laser 004,quadratic_graph,2133.734248,126.000000,0.287980723,6.187330327,-134.756601456,713.435337024,6.180634576,134.761025438
laser 004,quadratic_graph,2133.713637,127.000000,0.288595430,6.185286193,-134.658919830,713.433830553,6.178560839,134.663334754
laser 004,quadratic_graph,2133.712046,128.000000,0.283251307,6.185143748,-134.562382337,713.438383695,6.178657771,134.566837760
laser 004,quadratic_graph,2133.715196,129.000000,0.276422758,6.185475329,-134.466128532,713.444446370,6.179295735,134.470636799
laser 004,quadratic_graph,2133.704444,130.000000,0.273951979,6.184416928,-134.369038378,713.446077609,6.178347011,134.373563248
laser 004,quadratic_graph,2133.674966,131.000000,0.277350762,6.181486249,-134.270824234,713.441740081,6.175261058,134.275316892
laser 004,quadratic_graph,2133.650844,132.000000,0.279072451,6.179091110,-134.172932454,713.439108028,6.172786350,134.177406850
laser 004,quadratic_graph,2133.658447,133.000000,0.270853746,6.179867870,-134.076942214,713.446584413,6.173932246,134.081481015
laser 004,quadratic_graph,2133.688628,134.000000,0.255560556,6.182902082,-133.982301826,713.461254849,6.177654934,133.986963868
laser 004,quadratic_graph,2133.700644,135.000000,0.245960988,6.184120142,-133.886570736,713.470135430,6.179304461,133.891308668
laser 004,quadratic_graph,2133.689812,136.000000,0.243523149,6.183053722,-133.789471243,713.471733259,6.178346233,133.794225504
laser 004,quadratic_graph,2133.677321,137.000000,0.241606573,6.181821426,-133.692272243,713.472801035,6.177198600,133.697038499
laser 004,quadratic_graph,2133.662548,138.000000,0.240406517,6.180360967,-133.594936757,713.473140205,6.175790460,133.599709049
laser 004,quadratic_graph,2133.623597,139.000000,0.246785193,6.176483122,-133.496158815,713.465772625,6.171622835,133.500874116
laser 004,quadratic_graph,2133.560213,140.000000,0.260822099,6.170162610,-133.395926460,713.450617484,6.164666854,133.400521079
laser 004,quadratic_graph,2133.490558,141.000000,0.276824938,6.163215466,-133.295324871,713.433463262,6.156995501,133.299782461
laser 004,quadratic_graph,2133.496825,142.000000,0.269036972,6.163858519,-133.199247094,713.440501752,6.157988250,133.203765508
laser 004,quadratic_graph,2133.433296,143.000000,0.283122448,6.157524057,-133.099016104,713.425297375,6.151016128,133.103413435
laser 004,quadratic_graph,2133.391611,144.000000,0.290363774,6.153373478,-133.000087648,713.417052795,6.146536832,133.004420814
laser 004,quadratic_graph,2133.390283,145.000000,0.284960133,6.153257204,-132.903558253,713.421666755,6.146662628,132.907932415
laser 004,quadratic_graph,2133.413825,146.000000,0.271764227,6.155627086,-132.808503622,713.434204566,6.149626320,132.812983585
laser 004,quadratic_graph,2133.419214,147.000000,0.264258031,6.156182308,-132.712369122,713.440956592,6.150518522,132.716907567
laser 004,quadratic_graph,2133.400753,148.000000,0.264227231,6.154353300,-132.614819445,713.440107021,6.148689058,132.619354204
laser 004,quadratic_graph,2133.390697,149.000000,0.261563801,6.153364522,-132.517767783,713.441934546,6.147818660,132.522320749
laser 004,quadratic_graph,2133.407654,150.000000,0.250436127,6.155076169,-132.422314200,713.452369212,6.150030760,132.426955767
laser 004,quadratic_graph,2133.420809,151.000000,0.240501010,6.156407775,-132.326633048,713.461591188,6.151808986,132.331353297
laser 004,quadratic_graph,2133.410001,152.000000,0.238077124,6.155343801,-132.229533446,713.463175158,6.150852582,132.234269912
laser 004,quadratic_graph,2133.383390,153.000000,0.240607272,6.152700017,-132.131500330,713.459721506,6.148092744,132.136211813
laser 004,quadratic_graph,2133.346020,154.000000,0.246510582,6.148980733,-132.032833400,713.452837801,6.144105144,132.037491847
laser 004,quadratic_graph,2133.309757,155.000000,0.252068209,6.145372193,-131.934233692,713.446305651,6.140243893,131.938841979
laser 004,quadratic_graph,2133.265329,156.000000,0.260185871,6.140947559,-131.835154812,713.437170310,6.135450990,131.839691649
laser 004,quadratic_graph,2133.215557,157.000000,0.269979363,6.135988890,-131.735763930,713.426330911,6.130048406,131.740215380
laser 004,quadratic_graph,2133.188501,158.000000,0.272655433,6.133300915,-131.637712358,713.422729054,6.127237793,131.642137614
laser 004,quadratic_graph,2133.191406,159.000000,0.265943836,6.133607677,-131.541422970,713.428673253,6.127845672,131.545900101
laser 004,quadratic_graph,2133.196181,160.000000,0.258647432,6.134101362,-131.445241878,713.435212129,6.128666872,131.449775748
laser 004,quadratic_graph,2133.173173,161.000000,0.260059046,6.131817998,-131.347428322,713.432896123,6.126317949,131.351946513
laser 004,quadratic_graph,2133.129103,162.000000,0.268072373,6.127429477,-131.248380149,713.423867096,6.121565870,131.252827759
laser 004,quadratic_graph,2133.092480,163.000000,0.273753193,6.123785391,-131.149770977,713.417209954,6.117663516,131.154167404
laser 004,quadratic_graph,2133.075500,164.000000,0.273279774,6.122104630,-131.052314035,713.416810865,6.116002286,131.056710460
laser 004,quadratic_graph,2133.085082,165.000000,0.264483838,6.123078677,-130.956411660,713.424874640,6.117371538,130.960877296
laser 004,quadratic_graph,2133.118597,166.000000,0.248188691,6.126444871,-130.861906751,713.440564062,6.121471448,130.866503962
laser 004,quadratic_graph,2133.143066,167.000000,0.234729223,6.128907011,-130.766869114,713.453369984,6.124539303,130.771574319
laser 004,quadratic_graph,2133.135207,168.000000,0.231402564,6.128137855,-130.669940308,713.455872275,6.123918473,130.674669240
laser 004,quadratic_graph,2133.125919,169.000000,0.228525082,6.127225864,-130.572927499,713.457917835,6.123134533,130.577676422
laser 004,quadratic_graph,2133.122905,170.000000,0.223682571,6.126940985,-130.476280025,713.461961560,6.123066406,130.481065282
laser 004,quadratic_graph,2133.096977,171.000000,0.226022919,6.124365763,-130.378296422,713.458701383,6.120383706,130.383058277
laser 004,quadratic_graph,2133.019256,172.000000,0.244596623,6.116613926,-130.277298406,713.438934318,6.111791628,130.281901859
laser 004,quadratic_graph,2132.913466,173.000000,0.271966798,6.106057360,-130.174673242,713.410222627,6.099997753,130.179045141
laser 004,quadratic_graph,2132.831223,174.000000,0.291957747,6.097854725,-130.073425008,713.389014593,6.090890904,130.077626720
laser 004,quadratic_graph,2132.809614,175.000000,0.292949619,6.095711562,-129.975704353,713.387125809,6.088701135,129.979893879
laser 004,quadratic_graph,2132.834141,176.000000,0.279485773,6.098178796,-129.880661874,713.399936302,6.091774285,129.884959432
laser 004,quadratic_graph,2132.850097,177.000000,0.268708702,6.099789574,-129.785118960,713.410014748,6.093869701,129.789502205
laser 004,quadratic_graph,2132.831896,178.000000,0.268636699,6.097986929,-129.687593891,713.409207806,6.092068473,129.691973798
laser 004,quadratic_graph,2132.817172,179.000000,0.267476439,6.096531759,-129.590270459,713.409507474,6.090663844,129.594656079
laser 004,quadratic_graph,2132.835984,180.000000,0.255808027,6.098427952,-129.494887631,713.420492289,6.093084910,129.499366350
laser 004,quadratic_graph,2132.877458,181.000000,0.237038378,6.102588991,-129.400812395,713.438697922,6.098091368,129.405443271
laser 004,quadratic_graph,2132.885407,182.000000,0.228776240,6.103399689,-129.304795164,713.446219085,6.099273183,129.309490812
laser 004,quadratic_graph,2132.844644,183.000000,0.235781983,6.099342166,-129.205963285,713.438215293,6.094897595,129.210596736
laser 004,quadratic_graph,2132.793113,184.000000,0.246163544,6.094208666,-129.106512430,713.426778888,6.089293647,129.111055611
laser 004,quadratic_graph,2132.754235,185.000000,0.252580884,6.090339756,-129.007794272,713.419373494,6.085133233,129.012280150
laser 004,quadratic_graph,2132.711212,186.000000,0.260298403,6.086056743,-128.908839457,713.410646074,6.080500027,128.913257219
laser 004,quadratic_graph,2132.634405,187.000000,0.278603904,6.078398086,-128.807942541,713.391152494,6.072013242,128.812204136
laser 004,quadratic_graph,2132.575390,188.000000,0.291334682,6.072517560,-128.708074465,713.377327538,6.065556229,128.712226255
laser 004,quadratic_graph,2132.568896,189.000000,0.287609004,6.071884834,-128.611228637,713.380236056,6.065089850,128.615407475
laser 004,quadratic_graph,2132.582878,190.000000,0.277468257,6.073298001,-128.515557976,713.389667616,6.066958936,128.519817212
laser 004,quadratic_graph,2132.594131,191.000000,0.268183764,6.074438524,-128.419728251,713.398228512,6.068516728,128.424060763
laser 004,quadratic_graph,2132.596397,192.000000,0.261716712,6.074681090,-128.323380952,713.403924561,6.069049386,128.327763311
laser 004,quadratic_graph,2132.608538,193.000000,0.252156221,6.075910382,-128.227598035,713.412766102,6.070708407,128.232055966
laser 004,quadratic_graph,2132.644074,194.000000,0.235264905,6.079477431,-128.133152410,713.429061800,6.075036092,128.137746877
laser 004,quadratic_graph,2132.663424,195.000000,0.223447042,6.081427196,-128.037776396,713.440198678,6.077517482,128.042465207
laser 004,quadratic_graph,2132.625900,196.000000,0.229455176,6.077693756,-127.939145679,713.433209702,6.073511014,127.943780593
laser 004,quadratic_graph,2132.549737,197.000000,0.247573781,6.070099586,-127.838309578,713.413906600,6.065097159,127.842789882
laser 004,quadratic_graph,2132.472613,198.000000,0.265993943,6.062409838,-127.737424148,713.394296940,6.056574113,127.741747335
laser 004,quadratic_graph,2132.492560,199.000000,0.253995379,6.064418915,-127.642080959,713.405617633,6.059122974,127.646499994
laser 004,quadratic_graph,2132.482386,200.000000,0.251437360,6.063418500,-127.545018018,713.407339025,6.058236203,127.549454393
laser 004,quadratic_graph,2132.465581,201.000000,0.250958730,6.061755559,-127.447577031,713.406946081,6.056593044,127.452013453
laser 004,quadratic_graph,2132.410749,202.000000,0.262398356,6.056293330,-127.347972183,713.394434520,6.050612617,127.352309541
laser 004,quadratic_graph,2132.331420,203.000000,0.281515363,6.048383979,-127.246977977,713.374116559,6.041838515,127.251152424
laser 004,quadratic_graph,2132.271856,204.000000,0.294439426,6.042449562,-127.147112530,713.360095723,6.035318894,127.151175568
laser 004,quadratic_graph,2132.272870,205.000000,0.288382624,6.042566867,-127.050690136,713.365374867,6.035707779,127.054799610
laser 004,quadratic_graph,2132.322734,206.000000,0.267019245,6.047564341,-126.957037691,713.386217871,6.041667760,126.961320893
laser 004,quadratic_graph,2132.373900,207.000000,0.245247917,6.052692175,-126.863453664,713.407475651,6.047776516,126.867913986
laser 004,quadratic_graph,2132.408063,208.000000,0.228805466,6.056121488,-126.768900897,713.423314968,6.051946210,126.773494023
laser 004,quadratic_graph,2132.412775,209.000000,0.221593969,6.056608373,-126.672676816,713.429768193,6.052756798,126.677325981
laser 004,quadratic_graph,2132.380790,210.000000,0.225884918,6.053428789,-126.574375308,713.424525702,6.049381705,126.578984858
laser 004,quadratic_graph,2132.330784,211.000000,0.235824926,6.048448833,-126.475056788,713.413539273,6.043951246,126.479579747
laser 004,quadratic_graph,2132.282334,212.000000,0.245278356,6.043624497,-126.375829280,713.403047647,6.038698371,126.380269693
laser 004,quadratic_graph,2132.231761,213.000000,0.255398172,6.038588235,-126.276484970,713.391878489,6.033203490,126.280837296
laser 004,quadratic_graph,2132.194738,214.000000,0.261272836,6.034905733,-126.177907850,713.385025843,6.029253994,126.182207392
laser 004,quadratic_graph,2132.177397,215.000000,0.260980955,6.033189435,-126.080441589,713.384443358,6.027549055,126.084739628
laser 004,quadratic_graph,2132.188372,216.000000,0.251816792,6.034301788,-125.984569693,713.392882191,6.029073256,125.988940011
laser 004,quadratic_graph,2132.246081,217.000000,0.228007465,6.040082908,-125.891324744,713.416212140,6.035927296,125.895889130
laser 004,quadratic_graph,2132.269697,218.000000,0.214883312,6.042458278,-125.796157144,713.428677445,6.038893264,125.800826740
laser 004,quadratic_graph,2132.199594,219.000000,0.231132773,6.035470867,-125.695721814,713.411275902,6.031170550,125.700252351
laser 004,quadratic_graph,2132.138830,220.000000,0.244456098,6.029416732,-125.595815614,713.396849690,6.024513196,125.600231425
laser 004,quadratic_graph,2132.148410,221.000000,0.235735430,6.030389717,-125.499858505,713.404837624,6.025878012,125.504342908
laser 004,quadratic_graph,2132.204406,222.000000,0.212468682,6.035999654,-125.406500569,713.427615834,6.032536379,125.411174527
laser 004,quadratic_graph,2132.224168,223.000000,0.200558647,6.037989964,-125.311107575,713.438846659,6.035062486,125.315876648
laser 004,quadratic_graph,2132.177620,224.000000,0.209432936,6.033355761,-125.212001103,713.428944286,6.030025891,125.216692449
laser 004,quadratic_graph,2132.103998,225.000000,0.226793507,6.026017137,-125.111383744,713.410413249,6.021901812,125.115926792
laser 004,quadratic_graph,2132.055394,226.000000,0.236314142,6.021177947,-125.012169303,713.399853789,6.016631057,125.016629250
laser 004,quadratic_graph,2132.066115,227.000000,0.227243755,6.022264845,-124.916269471,713.408197380,6.018125574,124.920800918
laser 004,quadratic_graph,2132.096266,228.000000,0.212084879,6.025292712,-124.821451306,713.422731624,6.021835890,124.826104885
laser 004,quadratic_graph,2132.104527,229.000000,0.203787599,6.026133944,-124.725409226,713.430289131,6.023049845,124.730127877
laser 004,quadratic_graph,2132.107924,230.000000,0.197015992,6.026489294,-124.629094292,713.436295370,6.023709050,124.633865327
laser 004,quadratic_graph,2132.105869,231.000000,0.191954441,6.026300010,-124.532474401,713.440562872,6.023746430,124.537283600
laser 004,quadratic_graph,2132.080464,232.000000,0.194212838,6.023778134,-124.434554944,713.437387648,6.021120803,124.439341434
laser 004,quadratic_graph,2132.010173,233.000000,0.210540819,6.016772534,-124.334142373,713.419906874,6.013376363,124.338789155
laser 004,quadratic_graph,2131.901357,234.000000,0.238942959,6.005919321,-124.231596037,713.390149498,6.001239292,124.236002703
laser 004,quadratic_graph,2131.808539,235.000000,0.262330891,5.996664811,-124.129945711,713.365490520,5.990927261,124.134153960
laser 004,quadratic_graph,2131.792817,236.000000,0.261559805,5.995110465,-124.032575380,713.365395781,5.989405915,124.036786114
laser 004,quadratic_graph,2131.812095,237.000000,0.249821901,5.997051686,-123.937143540,713.376451777,5.991875168,123.941447959
laser 004,quadratic_graph,2131.803674,238.000000,0.246765471,5.996226509,-123.840175957,713.378680731,5.991186150,123.844501867
laser 004,quadratic_graph,2131.772518,239.000000,0.250835111,5.993130715,-123.741950700,713.373664158,5.987904850,123.746238842
laser 004,quadratic_graph,2131.753629,240.000000,0.251061839,5.991260089,-123.644404690,713.372554956,5.986022184,123.648687020
laser 004,quadratic_graph,2131.779380,241.000000,0.237300404,5.993847760,-123.549323625,713.385668429,5.989229230,123.553716468
laser 004,quadratic_graph,2131.800378,242.000000,0.225029393,5.995960808,-123.453976941,713.397266483,5.991894377,123.458467902
laser 004,quadratic_graph,2131.787016,243.000000,0.223527996,5.994642142,-123.356733109,713.397914412,5.990641679,123.361232630
laser 004,quadratic_graph,2131.748826,244.000000,0.229809042,5.990843812,-123.258121632,713.390649490,5.986558023,123.262564996
laser 004,quadratic_graph,2131.706731,245.000000,0.237315101,5.986655582,-123.159297340,713.382139066,5.982029173,123.163674360
laser 004,quadratic_graph,2131.698189,246.000000,0.234307219,5.985818335,-123.062320651,713.384318806,5.981325897,123.066718760
laser 004,quadratic_graph,2131.697051,247.000000,0.228980268,5.985720523,-122.965750316,713.388856490,5.981466737,122.970188798
laser 004,quadratic_graph,2131.679615,248.000000,0.228762368,5.983995040,-122.868283972,713.388199534,5.979749288,122.872720342
laser 004,quadratic_graph,2131.648321,249.000000,0.232888843,5.980885610,-122.770057616,713.383125448,5.976451790,122.774455747
laser 004,quadratic_graph,2131.617922,250.000000,0.236736120,5.977865615,-122.671881816,713.378335271,5.973256332,122.676244029
laser 004,quadratic_graph,2131.562663,251.000000,0.248375393,5.972363126,-122.572345761,713.365622613,5.967226656,122.576607261
laser 004,quadratic_graph,2131.518667,252.000000,0.256486118,5.967985533,-122.473429748,713.356497658,5.962481152,122.477619877
laser 004,quadratic_graph,2131.465967,253.000000,0.267325507,5.962738950,-122.374040400,713.344598385,5.956743488,122.378136469
laser 004,quadratic_graph,2131.468998,254.000000,0.260701993,5.963057346,-122.277699540,713.350454510,5.957359064,122.281846764
laser 004,quadratic_graph,2131.491333,255.000000,0.248030280,5.965303350,-122.182411156,713.362460119,5.960175260,122.186659832
laser 004,quadratic_graph,2131.491841,256.000000,0.242199772,5.965369839,-122.085928863,713.367509966,5.960503135,122.090222102
laser 004,quadratic_graph,2131.480251,257.000000,0.240161876,5.964228270,-121.988785807,713.368703713,5.959451757,121.993092070
laser 004,quadratic_graph,2131.507028,258.000000,0.226101372,5.966917923,-121.893732381,713.382121361,5.962774291,121.898151645
laser 004,quadratic_graph,2131.490565,259.000000,0.225593265,5.965289733,-121.796321988,713.381759732,5.961167240,121.800741555
laser 004,quadratic_graph,2131.516648,260.000000,0.211752396,5.967910150,-121.701225659,713.394954064,5.964410625,121.705756401
laser 004,quadratic_graph,2131.474029,261.000000,0.219444425,5.963670037,-121.602392446,713.386255079,5.959821504,121.606855300
laser 004,quadratic_graph,2131.492599,262.000000,0.207960695,5.965540195,-121.506884181,713.397052827,5.962208231,121.511438609
laser 004,quadratic_graph,2131.438246,263.000000,0.219332967,5.960128412,-121.407416627,713.384612074,5.956281319,121.411872564
laser 004,quadratic_graph,2131.393850,264.000000,0.227585735,5.955711061,-121.308492400,713.375343079,5.951489650,121.312875789
laser 004,quadratic_graph,2131.360904,265.000000,0.232251330,5.952437113,-121.210191030,713.369721325,5.948003308,121.214531700
laser 004,quadratic_graph,2131.352472,266.000000,0.229235744,5.951610912,-121.113218039,713.371909303,5.947311434,121.117579864
laser 004,quadratic_graph,2131.374435,267.000000,0.216695667,5.953819670,-121.017888298,713.383781131,5.950084446,121.022350481
laser 004,quadratic_graph,2131.400909,268.000000,0.202742684,5.956478943,-120.922799254,713.397089494,5.953371751,120.927373546
laser 004,quadratic_graph,2131.400725,269.000000,0.197145795,5.956476336,-120.826267328,713.401901977,5.953619990,120.830884240
laser 004,quadratic_graph,2131.376789,270.000000,0.198994584,5.954101982,-120.728452722,713.399144255,5.951160391,120.733050340
laser 004,quadratic_graph,2131.356075,271.000000,0.199834866,5.952049382,-120.630812668,713.397411937,5.949068069,120.635399378
laser 004,quadratic_graph,2131.344873,272.000000,0.197695241,5.950946590,-120.533685554,713.398709386,5.948060066,120.538286136
laser 004,quadratic_graph,2131.318079,273.000000,0.200443788,5.948286927,-120.435719009,713.395036943,5.945274545,120.440292815
laser 004,quadratic_graph,2131.261463,274.000000,0.212540194,5.942649667,-120.336149862,713.381860366,5.939089475,120.340619160
laser 004,quadratic_graph,2131.181330,275.000000,0.232007577,5.934664699,-120.235320939,713.361189630,5.930223977,120.239624433
laser 004,quadratic_graph,2131.093171,276.000000,0.253990333,5.925878969,-120.134067105,713.337961543,5.920444176,120.138183880
laser 004,quadratic_graph,2131.030763,277.000000,0.267903860,5.919664448,-120.034201142,713.322937658,5.913599823,120.038198297
laser 004,quadratic_graph,2131.042499,278.000000,0.258584724,5.920851631,-119.938313049,713.331534846,5.915205874,119.942383780
laser 004,quadratic_graph,2131.116306,279.000000,0.229814736,5.928235552,-119.845746871,713.359907997,5.923886658,119.850052924
laser 004,quadratic_graph,2131.169318,280.000000,0.207561227,5.933543838,-119.752060585,713.381655708,5.930197658,119.756547771
laser 004,quadratic_graph,2131.179696,281.000000,0.198670204,5.934595687,-119.656088905,713.389817589,5.931649052,119.660646106
laser 004,quadratic_graph,2131.175529,282.000000,0.194339053,5.934195347,-119.559338000,713.393343402,5.931442429,119.563927299
laser 004,quadratic_graph,2131.181841,283.000000,0.186724796,5.934841261,-119.463145687,713.400207193,5.932430257,119.467794385
laser 004,quadratic_graph,2131.197694,284.000000,0.176121232,5.936439810,-119.367460596,713.410110241,5.934505655,119.372193550
laser 004,quadratic_graph,2131.175033,285.000000,0.177590568,5.934192952,-119.269720078,713.407738687,5.932190687,119.274436897
laser 004,quadratic_graph,2131.107191,286.000000,0.193222222,5.927435233,-119.169574145,713.390968255,5.924725585,119.174157060
laser 004,quadratic_graph,2131.023031,287.000000,0.213968662,5.919048797,-119.068564763,713.368997663,5.915400889,119.072971242
laser 004,quadratic_graph,2130.963532,288.000000,0.226986740,5.913124702,-118.968872748,713.354884597,5.908887387,118.973167056
laser 004,quadratic_graph,2130.943610,289.000000,0.227602806,5.911151581,-118.871287052,713.353380735,5.906884674,118.875572321
laser 004,quadratic_graph,2130.951973,290.000000,0.219355854,5.912002040,-118.775203143,713.360887932,5.908105608,118.779553073
laser 004,quadratic_graph,2130.972974,291.000000,0.207149224,5.914114150,-118.679787579,713.372420933,5.910766931,118.684235096
laser 004,quadratic_graph,2130.981474,292.000000,0.198861559,5.914978341,-118.583706572,713.379969524,5.912003436,118.588219090
laser 004,quadratic_graph,2130.967610,293.000000,0.197584367,5.913609940,-118.486439472,713.380390596,5.910690904,118.490958693
laser 004,quadratic_graph,2130.946873,294.000000,0.198462621,5.911555423,-118.388808746,713.378620257,5.908594962,118.393316748
laser 004,quadratic_graph,2130.925074,295.000000,0.199675054,5.909394911,-118.291122477,713.376510186,5.906377941,118.295616482
laser 004,quadratic_graph,2130.907419,296.000000,0.199590034,5.907648100,-118.193655778,713.375719255,5.904633187,118.198146574
laser 004,quadratic_graph,2130.900793,297.000000,0.196049690,5.907002276,-118.096771464,713.378441345,5.904145390,118.101287784
laser 004,quadratic_graph,2130.892297,298.000000,0.193096748,5.906169779,-117.999787915,713.380566246,5.903444406,118.004324875
laser 004,quadratic_graph,2130.872511,299.000000,0.193683638,5.904210262,-117.902209047,713.379092255,5.901456618,117.906737210
laser 004,quadratic_graph,2130.852126,300.000000,0.194459601,5.902190969,-117.804599161,713.377426062,5.899400520,117.809116957
laser 004,quadratic_graph,2130.837613,301.000000,0.193396508,5.900757851,-117.707298720,713.377629638,5.898013610,117.711821441
laser 004,quadratic_graph,2130.822811,302.000000,0.192425329,5.899295892,-117.609983148,713.377739789,5.896593711,117.614510030
laser 004,quadratic_graph,2130.811170,303.000000,0.190464764,5.898149476,-117.512833660,713.378855855,5.895534015,117.517372931
laser 004,quadratic_graph,2130.815074,304.000000,0.183633344,5.898554786,-117.416499655,713.384924053,5.896245911,117.421091817
laser 004,quadratic_graph,2130.825902,305.000000,0.174632925,5.899651280,-117.320527148,713.393197438,5.897746899,117.325190239
laser 004,quadratic_graph,2130.816579,306.000000,0.171949743,5.898736248,-117.223496882,713.395048216,5.896951206,117.228178371
laser 004,quadratic_graph,2130.775598,307.000000,0.179190585,5.894661071,-117.124809167,713.386809470,5.892547409,117.129426531
laser 004,quadratic_graph,2130.696336,308.000000,0.198430568,5.886764980,-117.024121893,713.366371512,5.883781069,117.028575353
laser 004,quadratic_graph,2130.590169,309.000000,0.226102641,5.876184095,-116.922034757,713.337360925,5.871949321,116.926254199
laser 004,quadratic_graph,2130.574630,310.000000,0.225373197,5.874648750,-116.824687016,713.337225537,5.870445128,116.828908611
laser 004,quadratic_graph,2130.544811,311.000000,0.229120259,5.871688240,-116.726594578,713.332539027,5.867313704,116.730781101
laser 004,quadratic_graph,2130.561748,312.000000,0.218215832,5.873394102,-116.630940333,713.342748313,5.869510008,116.635213618
laser 004,quadratic_graph,2130.585575,313.000000,0.205153062,5.875787676,-116.535642274,713.355151920,5.872491448,116.540020269
laser 004,quadratic_graph,2130.531949,314.000000,0.216365447,5.870451097,-116.436310905,713.342875705,5.866646981,116.440591751
laser 004,quadratic_graph,2130.591317,315.000000,0.192166321,5.876391841,-116.342857473,713.366601305,5.873678276,116.347335633
laser 004,quadratic_graph,2130.573298,316.000000,0.192222126,5.874608954,-116.245377736,713.365667678,5.871891098,116.249851519
laser 004,quadratic_graph,2130.564892,317.000000,0.189266383,5.873785518,-116.148397328,713.367795814,5.871199309,116.152891777
laser 004,quadratic_graph,2130.564526,318.000000,0.183792037,5.873764530,-116.051833427,713.372484541,5.871423656,116.056369486
laser 004,quadratic_graph,2130.578527,319.000000,0.173815899,5.875177491,-115.956012863,713.381750086,5.873285159,115.960627966
laser 004,quadratic_graph,2130.530399,320.000000,0.183314064,5.870389526,-115.856973143,713.371216845,5.868066687,115.861505353
laser 004,quadratic_graph,2130.594791,321.000000,0.157546083,5.876831933,-115.763757365,713.396537358,5.875670463,115.768499934
laser 004,quadratic_graph,2130.657029,322.000000,0.132452824,5.883059777,-115.670423738,713.421171868,5.883029220,115.675371055
laser 004,quadratic_graph,2130.662336,323.000000,0.125206011,5.883605127,-115.574143098,713.427662603,5.883899915,115.579146764
laser 004,quadratic_graph,2130.595946,324.000000,0.140435285,5.876993964,-115.474160687,713.411302875,5.876599550,115.479033805
laser 004,quadratic_graph,2130.480338,325.000000,0.171092125,5.865470902,-115.371645326,713.379258691,5.863690903,115.376259611
laser 004,quadratic_graph,2130.394364,326.000000,0.192460025,5.856906233,-115.270665766,713.356658250,5.854159943,115.275098458
laser 004,quadratic_graph,2130.288185,327.000000,0.220160054,5.846325919,-115.168652880,713.327620310,5.842327512,115.172851327
laser 004,quadratic_graph,2130.284854,328.000000,0.215628772,5.846008970,-115.071936739,713.331350483,5.842213335,115.076168955
laser 004,quadratic_graph,2130.333855,329.000000,0.194697682,5.850914237,-114.977908496,713.351753542,5.848061641,114.982310851
laser 004,quadratic_graph,2130.373617,330.000000,0.176662497,5.854897751,-114.883400667,713.369212452,5.852857478,114.887949080
laser 004,quadratic_graph,2130.403942,331.000000,0.161585712,5.857939640,-114.788404231,713.383663691,5.856578151,114.793074103
laser 004,quadratic_graph,2130.434089,332.000000,0.146565440,5.860963884,-114.693394946,713.398057460,5.860278629,114.698185807
laser 004,quadratic_graph,2130.451479,333.000000,0.135544763,5.862715027,-114.597728601,713.408385047,5.862525468,114.602607192
laser 004,quadratic_graph,2130.388636,334.000000,0.149675043,5.856458688,-114.497954011,713.393143058,5.855629539,114.502711196
laser 004,quadratic_graph,2130.301940,335.000000,0.171282432,5.847822258,-114.396964372,713.370299581,5.846016013,114.401537976
laser 004,quadratic_graph,2130.258868,336.000000,0.179217274,5.843539539,-114.298209491,713.361356262,5.841373361,114.302713206
laser 004,quadratic_graph,2130.238593,337.000000,0.180008231,5.841531792,-114.200620622,713.359675749,5.839328148,114.205113851
laser 004,quadratic_graph,2130.222603,338.000000,0.179457504,5.839951653,-114.103250832,713.359359271,5.837771106,114.107744732
laser 004,quadratic_graph,2130.202706,339.000000,0.180132656,5.837981661,-114.005682205,713.357796541,5.835768876,114.010166583
laser 004,quadratic_graph,2130.187419,340.000000,0.179364265,5.836471696,-113.908348796,713.357701396,5.834291834,113.912835655
laser 004,quadratic_graph,2130.180995,341.000000,0.175819326,5.835846133,-113.811466311,713.360429010,5.833824525,113.815978740
laser 004,quadratic_graph,2130.176587,342.000000,0.171643819,5.835421740,-113.714685660,713.363797696,5.833586849,113.719228901
laser 004,quadratic_graph,2130.181669,343.000000,0.164495114,5.835944316,-113.618386072,713.370189044,5.834430349,113.622984849
laser 004,quadratic_graph,2130.204168,344.000000,0.151888361,5.838204912,-113.522968494,713.382129223,5.837258240,113.527668192
laser 004,quadratic_graph,2130.234043,345.000000,0.136970447,5.841201646,-113.427921748,713.396418989,5.840926592,113.432741584
laser 004,quadratic_graph,2130.244454,346.000000,0.128154634,5.842256100,-113.331885478,713.404505170,5.842377223,113.336774713
laser 004,quadratic_graph,2130.211912,347.000000,0.132804354,5.839024174,-113.233673488,713.398901922,5.838933655,113.238520152
laser 004,quadratic_graph,2130.153541,348.000000,0.145551559,5.833214901,-113.134157254,713.385066596,5.832547230,113.138894015
laser 004,quadratic_graph,2130.117305,349.000000,0.151361575,5.829614565,-113.035763145,713.378283846,5.828682880,113.040447689
laser 004,quadratic_graph,2130.142545,350.000000,0.137903247,5.832148617,-112.940473853,713.391089789,5.831822667,112.945266399
laser 004,quadratic_graph,2130.169634,351.000000,0.123866161,5.834867267,-112.845274517,713.404484101,5.835173179,112.850179878
laser 004,quadratic_graph,2130.136846,352.000000,0.128599713,5.831610912,-112.747054603,713.398795774,5.831701400,112.751916697
laser 004,quadratic_graph,2130.072641,353.000000,0.143182387,5.825219734,-112.647254772,713.383094672,5.824650222,112.651991702
laser 004,quadratic_graph,2130.008902,354.000000,0.157619717,5.818875358,-112.547482900,713.367541391,5.817652406,112.552095876
laser 004,quadratic_graph,2129.963339,355.000000,0.166360899,5.814344743,-112.448628870,713.357778973,5.812725470,112.453165255
laser 004,quadratic_graph,2129.949546,356.000000,0.165145594,5.812983995,-112.351372760,713.358138526,5.811417825,112.355915346
laser 004,quadratic_graph,2129.971965,357.000000,0.152581411,5.815236246,-112.255933271,713.370035537,5.814235454,112.260576426
laser 004,quadratic_graph,2129.989260,358.000000,0.141624271,5.816977313,-112.160233893,713.380298799,5.816469360,112.164964253
laser 004,quadratic_graph,2126.986892,564.000000,-0.029327221,5.520810602,-92.119816094,713.374126182,5.527667252,92.125167165
laser 004,quadratic_graph,2126.920894,565.000000,-0.013896070,5.514251662,-92.020435981,713.357571638,5.520410115,92.025654889
laser 004,quadratic_graph,2126.781858,566.000000,0.024433911,5.500418349,-91.918060335,713.317743947,5.504844993,91.922956701
laser 004,quadratic_graph,2126.725746,567.000000,0.036766169,5.494845041,-91.819098729,713.304339115,5.498713368,91.823888698
laser 004,quadratic_graph,2126.726184,568.000000,0.031371657,5.494903887,-91.722458907,713.308950882,5.499014051,91.727289858
laser 004,quadratic_graph,2126.731084,569.000000,0.024579568,5.495407135,-91.626000703,713.314983080,5.499822221,91.630884255
laser 004,quadratic_graph,2126.733950,570.000000,0.018426360,5.495707820,-91.529457832,713.320365964,5.500398990,91.534388674
laser 004,quadratic_graph,2126.737170,571.000000,0.012163402,5.496043774,-91.432928133,713.325860399,5.501015982,91.437907177
laser 004,quadratic_graph,2126.740647,572.000000,0.005821100,5.496405337,-91.336407600,713.331435484,5.501662166,91.341435507
laser 004,quadratic_graph,2126.729842,573.000000,0.003957697,5.495344456,-91.239303371,713.332458491,5.500683736,91.244342903
laser 004,quadratic_graph,2126.692109,574.000000,0.010537927,5.491601672,-91.141102219,713.324899922,5.496642274,91.146083177
laser 004,quadratic_graph,2126.638803,575.000000,0.022001521,5.486308057,-91.042269709,713.312378246,5.490829555,91.047151493
laser 004,quadratic_graph,2126.614729,576.000000,0.024302001,5.483925783,-90.944628864,713.309169432,5.488341783,90.949487656
laser 004,quadratic_graph,2126.631498,577.000000,0.013799462,5.485611046,-90.848647245,713.318972811,5.490499454,90.853589488
laser 004,quadratic_graph,2126.629562,578.000000,0.009162223,5.485433497,-90.751904533,713.322815081,5.490529564,90.756881463
laser 004,quadratic_graph,2126.608013,579.000000,0.010675164,5.483302690,-90.654366355,713.320406735,5.488328809,90.659326841
laser 004,quadratic_graph,2126.568335,580.000000,0.017872950,5.479366494,-90.556095340,713.312220728,5.484066063,90.560992119
laser 004,quadratic_graph,2126.521722,581.000000,0.027245991,5.474739799,-90.457546405,713.301823988,5.479014630,90.462361392
laser 004,quadratic_graph,2126.486422,582.000000,0.033073618,5.471239803,-90.359457321,713.295030602,5.475249930,90.364219993
laser 004,quadratic_graph,2126.465774,583.000000,0.034309284,5.469198909,-90.261961271,713.292904193,5.473151606,90.266709805
laser 004,quadratic_graph,2126.469768,584.000000,0.027821276,5.469611855,-90.165458864,713.298627586,5.473855754,90.170257473
laser 004,quadratic_graph,2126.499444,585.000000,0.013283149,5.472582270,-90.069988798,713.312532527,5.477480740,90.074904410
laser 004,quadratic_graph,2126.511187,586.000000,0.004368045,5.473766943,-89.973794100,713.320722641,5.479066170,89.978779967
laser 004,quadratic_graph,2126.484818,587.000000,0.007402733,5.471156295,-89.876066564,713.316767913,5.476316889,89.881023336
laser 004,quadratic_graph,2126.443499,588.000000,0.015125605,5.467056971,-89.777740470,713.308048514,5.471867316,89.782629172
laser 004,quadratic_graph,2126.479604,589.000000,-0.001423255,5.470667614,-89.682519909,713.323997012,5.476223292,89.687542330
laser 004,quadratic_graph,2126.462810,590.000000,-0.001386447,5.469010504,-89.585177372,713.323089161,5.474562868,89.590195623
laser 004,quadratic_graph,2126.463982,591.000000,-0.006980981,5.469142498,-89.488553746,713.327904570,5.474945738,89.493614646
laser 004,quadratic_graph,2126.473985,592.000000,-0.015343020,5.470153925,-89.392281777,713.335532648,5.476332960,89.397408334
laser 004,quadratic_graph,2126.492479,593.000000,-0.026366146,5.472010962,-89.296346766,713.345865233,5.478685910,89.301561104
laser 004,quadratic_graph,2126.483564,594.000000,-0.028794369,5.471138474,-89.199316487,713.347462696,5.477921377,89.204547149
laser 004,quadratic_graph,2126.430437,595.000000,-0.017359278,5.465863202,-89.100525407,713.334970714,5.472128297,89.105657136
laser 004,quadratic_graph,2126.376995,596.000000,-0.005824491,5.460556769,-89.001725423,713.322377463,5.466299556,89.006757391
laser 004,quadratic_graph,2126.338286,597.000000,0.001092287,5.456717566,-88.903514435,713.314477595,5.462146494,88.908485037
laser 004,quadratic_graph,2126.315040,598.000000,0.003162476,5.454418151,-88.805919458,713.311503401,5.459751986,88.810868986
laser 004,quadratic_graph,2126.314061,599.000000,-0.001746968,5.454335945,-88.709208194,713.315622689,5.459889736,88.714194676
laser 004,quadratic_graph,2126.326515,600.000000,-0.010866652,5.455591330,-88.613027936,713.324020884,5.461555118,88.618086375
laser 004,quadratic_graph,2126.315249,601.000000,-0.012548391,5.454484819,-88.515907259,713.324859859,5.460522871,88.520975817
laser 004,quadratic_graph,2126.269958,602.000000,-0.003561320,5.449990366,-88.417442065,713.314856101,5.455621112,88.422432045
laser 004,quadratic_graph,2126.220180,603.000000,0.006833532,5.445049301,-88.318802703,713.303421658,5.450209198,88.323702401
laser 004,quadratic_graph,2126.187880,604.000000,0.011750071,5.441848592,-88.220855722,713.297554883,5.446784920,88.225710684
laser 004,quadratic_graph,2126.162937,605.000000,0.014361462,5.439380433,-88.123200241,713.294030866,5.444197242,88.128029631
laser 004,quadratic_graph,2126.142219,606.000000,0.015649636,5.437332960,-88.025712088,713.291851665,5.442089979,88.030526908
laser 004,quadratic_graph,2126.150405,607.000000,0.007877758,5.438163236,-87.929360442,713.298880199,5.443269419,87.934236014
laser 004,quadratic_graph,2126.201636,608.000000,-0.013388214,5.443279349,-87.834696676,713.319622735,5.449343793,87.839745187
laser 004,quadratic_graph,2126.281392,609.000000,-0.043597913,5.451236108,-87.741146097,713.349454708,5.458662515,87.746441902
laser 004,quadratic_graph,2126.345548,610.000000,-0.068917067,5.457640036,-87.646976764,713.374316399,5.466207658,87.652479205
laser 004,quadratic_graph,2126.323615,611.000000,-0.067240901,5.455471319,-87.549432380,713.371742908,5.463961639,87.554917025
laser 004,quadratic_graph,2126.249108,612.000000,-0.049078392,5.448067504,-87.449834079,713.352414520,5.455736361,87.455163867
laser 004,quadratic_graph,2126.180815,613.000000,-0.032863830,5.441282834,-87.350483920,713.335065880,5.448218156,87.355675044
laser 004,quadratic_graph,2126.134541,614.000000,-0.023552222,5.436690815,-87.251997335,713.324732700,5.443204188,87.257107185
laser 004,quadratic_graph,2126.123097,615.000000,-0.025159611,5.435566720,-87.154870361,713.325496408,5.442151007,87.159989716
laser 004,quadratic_graph,2126.143798,616.000000,-0.036844258,5.437643158,-87.058994004,713.336501514,5.444753226,87.064206641
laser 004,quadratic_graph,2126.164409,617.000000,-0.048499718,5.439710702,-86.963111354,713.347476953,5.447345235,86.968417032
laser 004,quadratic_graph,2126.166851,618.000000,-0.054457199,5.439969217,-86.866520553,713.352661624,5.447871019,86.871871900
laser 004,quadratic_graph,2126.141937,619.000000,-0.051835822,5.437503929,-86.768867679,713.349127761,5.445285767,86.774193374
laser 004,quadratic_graph,2126.092276,620.000000,-0.041453832,5.432574741,-86.670257387,713.337706964,5.439886318,86.675492911
laser 004,quadratic_graph,2126.029949,621.000000,-0.027099656,5.426384710,-86.571160387,713.322249365,5.433046730,86.576272716
laser 004,quadratic_graph,2125.961647,622.000000,-0.010871505,5.419600138,-86.471836953,713.304887345,5.425528013,86.476810509
laser 004,quadratic_graph,2125.895884,623.000000,0.004561224,5.413068674,-86.372616520,713.288333761,5.418298309,86.377457916
laser 004,quadratic_graph,2125.846023,624.000000,0.015009476,5.408120478,-86.274013930,713.276845844,5.412876863,86.278764606
laser 004,quadratic_graph,2125.829377,625.000000,0.015046277,5.406478739,-86.176693770,713.275938873,5.411231826,86.181440282
laser 004,quadratic_graph,2125.837863,626.000000,0.007205671,5.407338738,-86.080340770,713.283037528,5.412444099,86.085148608
laser 004,quadratic_graph,2125.841599,627.000000,0.000855375,5.407725921,-85.983803501,713.288621627,5.413116286,85.988660276
laser 004,quadratic_graph,2125.829050,628.000000,-0.000388254,5.406492021,-85.886639847,713.289015975,5.411936886,85.891503104
laser 004,quadratic_graph,2125.817570,629.000000,-0.001965696,5.405364544,-85.789517235,713.289749589,5.410878977,85.794389749
laser 004,quadratic_graph,2125.834581,630.000000,-0.012474019,5.407073209,-85.693485643,713.299559397,5.413060332,85.698441663
laser 004,quadratic_graph,2125.860248,631.000000,-0.025695166,5.409643616,-85.597782693,713.312126156,5.416225882,85.602844771
laser 004,quadratic_graph,2125.865841,632.000000,-0.032621581,5.410215735,-85.501309493,713.318295785,5.417109012,85.506425298
laser 004,quadratic_graph,2125.860966,633.000000,-0.036264708,5.409745777,-85.404435254,713.321128730,5.416801864,85.409577490
laser 004,quadratic_graph,2125.856777,634.000000,-0.040121626,5.409344116,-85.307586565,713.324178958,5.416572665,85.312757009
laser 004,quadratic_graph,2125.846785,635.000000,-0.042157786,5.408364774,-85.210516229,713.325378834,5.415683598,85.215699745
laser 004,quadratic_graph,2125.815838,636.000000,-0.037622469,5.405299403,-85.112648666,713.319900392,5.412411881,85.117790621
laser 004,quadratic_graph,2125.769861,637.000000,-0.028373577,5.400737943,-85.014211745,713.309631769,5.407431312,85.019272954
laser 004,quadratic_graph,2125.732736,638.000000,-0.021898881,5.397057767,-84.916113740,713.302182494,5.403457251,84.921117265
laser 004,quadratic_graph,2125.710281,639.000000,-0.020022259,5.394837920,-84.818574001,713.299406086,5.401151067,84.823558070
laser 004,quadratic_graph,2125.679148,640.000000,-0.015423650,5.391754318,-84.720706636,713.293863471,5.397858263,84.725648619
laser 004,quadratic_graph,2125.605626,641.000000,0.002465284,5.384451672,-84.621237995,713.274814537,5.389746517,84.626027403
laser 004,quadratic_graph,2125.489711,642.000000,0.033643759,5.372930352,-84.520173705,713.242260130,5.376816235,84.524700055
laser 004,quadratic_graph,2125.504234,643.000000,0.023933743,5.374390969,-84.424039360,713.251258845,5.378713515,84.428642580
laser 004,quadratic_graph,2125.526613,644.000000,0.011762054,5.376633499,-84.328198791,713.262759235,5.381503822,84.332899347
laser 004,quadratic_graph,2125.522696,645.000000,0.007834954,5.376258944,-84.231365500,713.265881059,5.381304900,84.236094850
laser 004,quadratic_graph,2125.559186,646.000000,-0.008758437,5.379906013,-84.136050737,713.281874995,5.385699334,84.140914183
laser 004,quadratic_graph,2125.555246,647.000000,-0.012675875,5.379529187,-84.039213476,713.284987012,5.385497707,84.044105635
laser 004,quadratic_graph,2125.506218,648.000000,-0.002456698,5.374664856,-83.940684221,713.273732768,5.380170477,83.945487569
laser 004,quadratic_graph,2125.532065,649.000000,-0.015709826,5.377252657,-83.844963606,713.286332177,5.383354871,83.849873281
laser 004,quadratic_graph,2125.533931,650.000000,-0.021443611,5.377453714,-83.748342260,713.291290094,5.383813114,83.753295749
laser 004,quadratic_graph,2125.510951,651.000000,-0.019386523,5.375181889,-83.650790935,713.288330608,5.381446810,83.655723469
laser 004,quadratic_graph,2125.552159,652.000000,-0.037452327,5.379298667,-83.555637315,713.305820856,5.386377418,83.560716186
laser 004,quadratic_graph,2125.552717,653.000000,-0.042772346,5.379369579,-83.458963029,713.310358312,5.386686840,83.464082275
laser 004,quadratic_graph,2125.526875,654.000000,-0.039813822,5.376812860,-83.361304175,713.306482806,5.383994956,83.366394973
laser 004,quadratic_graph,2125.564352,655.000000,-0.056706773,5.380558430,-83.266002691,713.322781136,5.388501415,83.271230075
laser 004,quadratic_graph,2125.513439,656.000000,-0.045884765,5.375506327,-83.167411691,713.310914513,5.382959206,83.172545254
laser 004,quadratic_graph,2125.468659,657.000000,-0.036984634,5.371064810,-83.069051809,713.301001020,5.378114333,83.074107530
laser 004,quadratic_graph,2125.448160,658.000000,-0.035696039,5.369039992,-82.971595132,713.298822670,5.376029729,82.976636289
laser 004,quadratic_graph,2125.439767,659.000000,-0.038201664,5.368220049,-82.874587568,713.300500155,5.375321262,82.879645703
laser 004,quadratic_graph,2125.412872,660.000000,-0.034905114,5.365558713,-82.776895285,713.296281309,5.372509506,82.781922163
laser 004,quadratic_graph,2125.358537,661.000000,-0.023004380,5.360166585,-82.678190484,713.283318669,5.366578583,82.683114575
laser 004,quadratic_graph,2125.300569,662.000000,-0.009963791,5.354413139,-82.579355371,713.269197732,5.360234891,82.584167199
laser 004,quadratic_graph,2125.264197,663.000000,-0.003692562,5.350808978,-82.481320316,713.261956057,5.356346040,82.486076157
laser 004,quadratic_graph,2125.257787,664.000000,-0.006813026,5.350186437,-82.384390448,713.264258503,5.355862731,82.389168380
laser 004,quadratic_graph,2125.262459,665.000000,-0.013406413,5.350666695,-82.287867624,713.270090235,5.356638982,82.292696520
laser 004,quadratic_graph,2125.258361,666.000000,-0.017249124,5.350274239,-82.191021274,713.273126672,5.356418360,82.195878265
laser 004,quadratic_graph,2125.246547,667.000000,-0.018671515,5.349113951,-82.093891198,713.273703542,5.355320658,82.098756164
laser 004,quadratic_graph,2125.243477,668.000000,-0.022833909,5.348823807,-81.997081531,713.277064882,5.355216777,82.001977250
laser 004,quadratic_graph,2125.263709,669.000000,-0.034300593,5.350852536,-81.901123962,713.287848996,5.357761471,81.906111158
laser 004,quadratic_graph,2125.306120,670.000000,-0.052720148,5.355088539,-81.805974477,713.305698739,5.362827277,81.811110952
laser 004,quadratic_graph,2125.350478,671.000000,-0.071749776,5.359518525,-81.710891490,713.324168428,5.368114605,81.716182315
laser 004,quadratic_graph,2125.362814,672.000000,-0.080738094,5.360761705,-81.614635746,713.332433956,5.369761883,81.619997444
laser 004,quadratic_graph,2125.337608,673.000000,-0.077953535,5.358268557,-81.517010240,713.328735717,5.367141429,81.522344940
laser 004,quadratic_graph,2125.307547,674.000000,-0.073645375,5.355292274,-81.419209255,713.323489205,5.363969070,81.424504291
laser 004,quadratic_graph,2125.306520,675.000000,-0.078439651,5.355205518,-81.322465058,713.327492734,5.364097103,81.327796101
laser 004,quadratic_graph,2125.304920,676.000000,-0.083052987,5.355061746,-81.225699139,713.331312402,5.364159953,81.231064685
laser 004,quadratic_graph,2125.249681,677.000000,-0.070846160,5.349579840,-81.126987586,713.318039272,5.358125443,81.132247804
laser 004,quadratic_graph,2125.194517,678.000000,-0.058661966,5.344105624,-81.028282588,713.304789198,5.352099645,81.033437667
laser 004,quadratic_graph,2125.145477,679.000000,-0.048396939,5.339241025,-80.929802905,713.293489449,5.346770092,80.934868799
laser 004,quadratic_graph,2125.094004,680.000000,-0.037368112,5.334134506,-80.831238624,713.281413572,5.341164142,80.836208983
laser 004,quadratic_graph,2125.043098,681.000000,-0.026516084,5.329084597,-80.732698301,713.269517412,5.335622784,80.737574597
laser 004,quadratic_graph,2125.001001,682.000000,-0.018424715,5.324911350,-80.634478842,713.260426693,5.331082699,80.639284024
laser 004,quadratic_graph,2124.980230,683.000000,-0.017017871,5.322860068,-80.537029548,713.258128845,5.328966304,80.541819187
laser 004,quadratic_graph,2124.989571,684.000000,-0.025049916,5.323804848,-80.440663450,713.265422831,5.330272022,80.445516015
laser 004,quadratic_graph,2125.007881,685.000000,-0.035892720,5.325642065,-80.344617566,713.275573111,5.332597050,80.349556423
laser 004,quadratic_graph,2125.009154,686.000000,-0.041393011,5.325784137,-80.247958143,713.280294337,5.332985783,80.252938879
laser 004,quadratic_graph,2124.989135,687.000000,-0.040216531,5.323807664,-80.150534975,713.278230659,5.330954597,80.155502084
laser 004,quadratic_graph,2124.973503,688.000000,-0.040414141,5.322267714,-80.053269475,713.277563353,5.329421958,80.058234380
laser 004,quadratic_graph,2124.983741,689.000000,-0.048721262,5.323301806,-79.956928678,713.285136909,5.330829407,79.961958795
laser 004,quadratic_graph,2124.993920,690.000000,-0.057008738,5.324330056,-79.860583892,713.292690505,5.332230128,79.865679059
laser 004,quadratic_graph,2124.976794,691.000000,-0.056733950,5.322641454,-79.763263933,713.291543203,5.330527515,79.768352969
laser 004,quadratic_graph,2124.925921,692.000000,-0.045877228,5.317595128,-79.664743028,713.279642662,5.324989534,79.669737964
laser 004,quadratic_graph,2124.849793,693.000000,-0.027101851,5.310036351,-79.565327625,713.259695322,5.316581670,79.570162631
laser 004,quadratic_graph,2124.772632,694.000000,-0.008002345,5.302375258,-79.465881267,713.239418676,5.308056860,79.470553649
laser 004,quadratic_graph,2124.734406,695.000000,-0.001107813,5.298587830,-79.367821547,713.231544635,5.303956623,79.372432768
laser 004,quadratic_graph,2124.760760,696.000000,-0.014456971,5.301224949,-79.272051720,713.244241981,5.307194688,79.276770071
laser 004,quadratic_graph,2124.809114,697.000000,-0.034702461,5.306050881,-79.177057035,713.263947262,5.312932853,79.181939846
laser 004,quadratic_graph,2124.836461,698.000000,-0.048361493,5.308787052,-79.081314878,713.276959471,5.316283958,79.086307395
laser 004,quadratic_graph,2124.822539,699.000000,-0.049080666,5.307417386,-78.984112729,713.276822419,5.314945150,78.989107380
laser 004,quadratic_graph,2124.787153,700.000000,-0.043069108,5.303912312,-78.886154126,713.269845751,5.311167123,78.891094957
laser 004,quadratic_graph,2124.757315,701.000000,-0.038795710,5.300959267,-78.788392938,713.264635406,5.308019583,78.793294399
laser 004,quadratic_graph,2124.734624,702.000000,-0.036761709,5.298717290,-78.690884662,713.261700721,5.305684194,78.695765370
laser 004,quadratic_graph,2124.710228,703.000000,-0.034191869,5.296305730,-78.593317471,713.258221557,5.303155034,78.598172972
laser 004,quadratic_graph,2124.670298,704.000000,-0.026750754,5.292348887,-78.495206518,713.249792355,5.298860714,78.499996316
laser 004,quadratic_graph,2124.608169,705.000000,-0.012349276,5.286183909,-78.396320379,713.234290253,5.292044083,78.400986611
laser 004,quadratic_graph,2124.543750,706.000000,0.002770773,5.279791437,-78.297358584,713.218058019,5.284967525,78.301895277
laser 004,quadratic_graph,2124.515781,707.000000,0.006465604,5.277024791,-78.199675093,713.213435832,5.282032502,78.204177227
laser 004,quadratic_graph,2124.519579,708.000000,0.000203623,5.277417944,-78.103101674,713.218931495,5.282706706,78.107652022
laser 004,quadratic_graph,2124.511277,709.000000,-0.002264016,5.276607547,-78.006105165,713.220571474,5.282006094,78.010672185
laser 004,quadratic_graph,2124.555572,710.000000,-0.021218873,5.281028960,-77.910939482,713.238965252,5.287281488,77.915660234
laser 004,quadratic_graph,2124.523569,711.000000,-0.016253871,5.277861013,-77.813116023,713.233052443,5.283887833,77.817791657
laser 004,quadratic_graph,2124.531152,712.000000,-0.023697493,5.278630714,-77.716669067,713.239748885,5.284991924,77.721402739
laser 004,quadratic_graph,2124.494804,713.000000,-0.017367699,5.275030622,-77.618696737,713.232449281,5.281104522,77.623373947
laser 004,quadratic_graph,2124.533437,714.000000,-0.034542898,5.278888876,-77.523323984,713.249034619,5.285736429,77.528140132
laser 004,quadratic_graph,2124.548588,715.000000,-0.044355555,5.280411444,-77.427134483,713.258138406,5.287700321,77.432028363
laser 004,quadratic_graph,2124.531811,716.000000,-0.044157143,5.278758044,-77.329839371,713.257069339,5.286036369,77.334727760
laser 004,quadratic_graph,2124.488305,717.000000,-0.035577623,5.274445914,-77.231622243,713.247483757,5.281335382,77.236435468
laser 004,quadratic_graph,2124.508556,718.000000,-0.046985232,5.276475754,-77.135605509,713.258208301,5.283878540,77.140509726
laser 004,quadratic_graph,2124.462957,719.000000,-0.037746844,5.271955492,-77.037319111,713.247953272,5.278939683,77.042142686
laser 004,quadratic_graph,2124.430371,720.000000,-0.032586970,5.268729719,-76.939483097,713.241842693,5.275479410,76.944259937
laser 004,quadratic_graph,2124.416130,721.000000,-0.033177007,5.267328688,-76.842278837,713.241574949,5.274103417,76.847056742
laser 004,quadratic_graph,2124.425141,722.000000,-0.041055350,5.268240435,-76.745872223,713.248713260,5.275369181,76.750711781
laser 004,quadratic_graph,2124.443440,723.000000,-0.051844468,5.270076066,-76.649781975,713.258809365,5.277690215,76.654707383
laser 004,quadratic_graph,2124.459796,724.000000,-0.062023385,5.271718484,-76.553622697,713.268285411,5.279790493,76.558628883
laser 004,quadratic_graph,2124.472682,725.000000,-0.071113284,5.273015782,-76.457342467,713.276654850,5.281496496,76.462420377
laser 004,quadratic_graph,2124.468774,726.000000,-0.074936492,5.272642572,-76.360487058,713.279672553,5.281294265,76.365592911
laser 004,quadratic_graph,2124.430910,727.000000,-0.068112004,5.268891742,-76.262473765,713.271870650,5.277233801,76.267519046
laser 004,quadratic_graph,2124.372021,728.000000,-0.054694550,5.263049753,-76.163747189,713.257369375,5.270784587,76.168677090
laser 004,quadratic_graph,2124.316846,729.000000,-0.042440671,5.257577417,-76.065151030,713.244050520,5.264757548,76.069975225
laser 004,quadratic_graph,2124.270339,730.000000,-0.032903315,5.252967393,-75.966852957,713.233492094,5.259715438,75.971594029
laser 004,quadratic_graph,2124.232929,731.000000,-0.026216743,5.249262250,-75.868866360,713.225830516,5.255706889,75.873548008
laser 004,quadratic_graph,2124.210053,732.000000,-0.024085229,5.247002631,-75.771374120,713.222797556,5.253349469,75.776034210
laser 004,quadratic_graph,2124.207399,733.000000,-0.028291822,5.246754151,-75.674566670,713.226205026,5.253289276,75.679257891
laser 004,quadratic_graph,2124.224178,734.000000,-0.038589375,5.248438357,-75.578414750,713.235801764,5.255436701,75.583187735
laser 004,quadratic_graph,2124.252222,735.000000,-0.052417601,5.251242993,-75.482640371,713.248986146,5.258863924,75.487524472
laser 004,quadratic_graph,2124.279490,736.000000,-0.066001714,5.253970556,-75.386836468,713.261922466,5.262203054,75.391829657
laser 004,quadratic_graph,2124.292211,737.000000,-0.075023994,5.255251342,-75.290539809,713.270223342,5.263889498,75.295604162
laser 004,quadratic_graph,2124.281133,738.000000,-0.076583277,5.254165061,-75.193441369,713.270940822,5.262872012,75.198514845
laser 004,quadratic_graph,2124.248473,739.000000,-0.071374584,5.250932248,-75.095618640,713.264781168,5.259402504,75.100644979
laser 004,quadratic_graph,2124.198276,740.000000,-0.060666419,5.245955354,-74.997210033,713.253033369,5.253940682,75.002143518
laser 004,quadratic_graph,2124.140999,741.000000,-0.047737632,5.240274534,-74.898567870,713.239029184,5.247674701,74.903390042
laser 004,quadratic_graph,2124.103385,742.000000,-0.040972352,5.236549377,-74.800586966,713.231287967,5.243642590,74.805349061
laser 004,quadratic_graph,2124.105096,743.000000,-0.046534317,5.236735046,-74.703921060,713.236072831,5.244077728,74.708725554
laser 004,quadratic_graph,2124.126791,744.000000,-0.058360290,5.238908127,-74.607920263,713.247222723,5.246783021,74.612819229
laser 004,quadratic_graph,2124.143709,745.000000,-0.068687595,5.240606195,-74.511757565,713.256849777,5.248945656,74.516738545
laser 004,quadratic_graph,2124.141846,746.000000,-0.073125425,5.240436477,-74.414967890,713.260492399,5.248974668,74.419981925
laser 004,quadratic_graph,2124.113498,747.000000,-0.069258176,5.237632782,-74.317297816,713.255696062,5.245994831,74.322275867
laser 004,quadratic_graph,2124.059897,748.000000,-0.057472393,5.232317790,-74.218791689,713.242853577,5.240146274,74.223667930
laser 004,quadratic_graph,2124.002481,749.000000,-0.044489690,5.226623640,-74.120162916,713.228794931,5.233864532,74.124927397
laser 004,quadratic_graph,2123.968404,750.000000,-0.038822800,5.223250527,-74.022310156,713.222170071,5.230234048,74.027023693
laser 004,quadratic_graph,2123.962315,751.000000,-0.041928809,5.222660566,-73.925383897,713.224459537,5.229782703,73.930119418
laser 004,quadratic_graph,2123.962236,752.000000,-0.046917668,5.222668243,-73.828655447,713.228662211,5.230013985,73.833428604
laser 004,quadratic_graph,2123.953269,753.000000,-0.049118821,5.221792109,-73.731633183,713.230032269,5.229235626,73.736420804
laser 004,quadratic_graph,2123.952866,754.000000,-0.054003542,5.221767584,-73.634892495,713.234129154,5.229430005,73.639716887
laser 004,quadratic_graph,2123.968764,755.000000,-0.063997611,5.223364057,-73.538686523,713.243417719,5.231476007,73.543590160
laser 004,quadratic_graph,2123.990875,756.000000,-0.075938559,5.225578423,-73.442682107,713.254684526,5.234227781,73.447681173
laser 004,quadratic_graph,2123.997946,757.000000,-0.083162981,5.226297197,-73.346181862,713.261158822,5.235271069,73.351237149
laser 004,quadratic_graph,2123.973156,758.000000,-0.080396665,5.223847571,-73.248637125,713.257481457,5.232695001,73.253665582
laser 004,quadratic_graph,2123.930226,759.000000,-0.071941699,5.219594124,-73.150500590,713.248023848,5.228058338,73.155454928
laser 004,quadratic_graph,2123.905348,760.000000,-0.069145256,5.217135860,-73.052956107,713.244315939,5.225472272,73.057883365
laser 004,quadratic_graph,2123.897732,761.000000,-0.071759500,5.216394129,-72.955975553,713.246105883,5.224846965,72.960920709
laser 004,quadratic_graph,2123.873844,762.000000,-0.069270807,5.214034359,-72.858464896,713.242710735,5.222373285,72.863385530
laser 004,quadratic_graph,2123.820216,763.000000,-0.057456935,5.208717464,-72.759988387,713.229840289,5.216521563,72.764806981
laser 004,quadratic_graph,2123.763199,764.000000,-0.044579715,5.203063821,-72.661405558,713.215889427,5.210285097,72.666113272
laser 004,quadratic_graph,2123.738499,765.000000,-0.041832729,5.200623532,-72.563874587,713.212231944,5.207719240,72.568555633
laser 004,quadratic_graph,2123.735800,766.000000,-0.045981651,5.200370744,-72.467057188,713.215581407,5.207652150,72.471768890
laser 004,quadratic_graph,2123.738090,767.000000,-0.051693351,5.200614005,-72.370400373,713.220518818,5.208151649,72.375155724
laser 004,quadratic_graph,2123.765273,768.000000,-0.065208032,5.203332363,-72.274546313,713.233384810,5.211478455,72.279410177
laser 004,quadratic_graph,2123.825062,769.000000,-0.088944836,5.209292983,-72.179740631,713.256637432,5.218508924,72.184797982
laser 004,quadratic_graph,2123.887521,770.000000,-0.113519038,5.215519499,-72.085014931,713.280740893,5.225843088,72.090272730
laser 004,quadratic_graph,2123.926588,771.000000,-0.130758437,5.219420170,-71.989530420,713.297391485,5.230520332,71.994927695
laser 004,quadratic_graph,2120.111356,977.000000,0.065764095,4.843738579,-51.951154346,712.919816416,4.845653609,51.954132506
laser 004,quadratic_graph,2120.228359,978.000000,0.024388818,4.855362812,-51.857087032,712.960985701,4.859143920,51.860405295
laser 004,quadratic_graph,2120.351063,979.000000,-0.018776512,4.867554082,-51.763140792,713.003973300,4.873282067,51.766814035
laser 004,quadratic_graph,2120.347734,980.000000,-0.022444809,4.867239994,-51.666274362,713.006838492,4.873132073,51.669974300
laser 004,quadratic_graph,2120.276949,981.000000,-0.004971595,4.860232518,-51.567853368,712.988227514,4.865334427,51.571404280
laser 004,quadratic_graph,2120.202873,982.000000,0.013533327,4.852898907,-51.469361975,712.968568563,4.857164077,51.472755286
laser 004,quadratic_graph,2120.147459,983.000000,0.026190768,4.847417213,-51.371304360,712.954849713,4.851109583,51.374588673
laser 004,quadratic_graph,2120.111948,984.000000,0.032612506,4.843910308,-51.273706469,712.947465311,4.847311339,51.276933614
laser 004,quadratic_graph,2120.087299,985.000000,0.035631875,4.841481086,-51.176359017,712.943537160,4.844744353,51.179557272
laser 004,quadratic_graph,2120.074848,986.000000,0.034830343,4.840262034,-51.079291064,712.943490402,4.843560001,51.082492187
laser 004,quadratic_graph,2120.083494,987.000000,0.027419382,4.841135984,-50.982703676,712.950157673,4.844766982,50.985962602
laser 004,quadratic_graph,2120.121817,988.000000,0.010709925,4.844954257,-50.886789161,712.966270560,4.849337994,50.890183176
laser 004,quadratic_graph,2120.168782,989.000000,-0.008707212,4.849630141,-50.791066499,712.985133945,4.854888833,50.794618110
laser 004,quadratic_graph,2120.175010,990.000000,-0.015357279,4.850264344,-50.694416381,712.991028273,4.855821724,50.698019471
laser 004,quadratic_graph,2120.139555,991.000000,-0.008943147,4.846762883,-50.596822679,712.983651763,4.852029272,50.600368664
laser 004,quadratic_graph,2120.098115,992.000000,-0.000652274,4.842667723,-50.499096113,712.974368868,4.847558409,50.502569395
laser 004,quadratic_graph,2120.077423,993.000000,0.001137883,4.840631100,-50.401839326,712.971689542,4.845439509,50.405293937
laser 004,quadratic_graph,2120.070806,994.000000,-0.001481392,4.839990895,-50.304899664,712.973489406,4.844916055,50.308372252
laser 004,quadratic_graph,2120.059611,995.000000,-0.002664726,4.838896511,-50.207856960,712.973830641,4.843873609,50.211335592
laser 004,quadratic_graph,2120.042487,996.000000,-0.001988741,4.837213925,-50.110681571,712.972283178,4.842159036,50.114150793
laser 004,quadratic_graph,2120.040636,997.000000,-0.006097642,4.837046581,-50.013847931,712.975596276,4.842175682,50.017347512
laser 004,quadratic_graph,2120.063710,998.000000,-0.018016389,4.839352087,-49.917569281,712.986842699,4.845017692,49.921164133
laser 004,quadratic_graph,2120.079989,999.000000,-0.027804654,4.840983511,-49.821136487,712.995924956,4.847089456,49.824808903
laser 004,quadratic_graph,2120.051162,1000.000000,-0.023455686,4.838139831,-49.723699465,712.990646517,4.844048004,49.727331944
laser 004,quadratic_graph,2119.996554,1001.000000,-0.011026095,4.832738503,-49.625692506,712.977159771,4.838084169,49.629217884
laser 004,quadratic_graph,2119.946772,1002.000000,-0.000107980,4.827816156,-49.527796141,712.965208443,4.832667539,49.531226982
laser 004,quadratic_graph,2119.907302,1003.000000,0.007579693,4.823916947,-49.430130859,712.956538658,4.828419860,49.433494013
laser 004,quadratic_graph,2119.873789,1004.000000,0.013401822,4.820608773,-49.332599338,712.949763937,4.824847422,49.335910310
laser 004,quadratic_graph,2119.841203,1005.000000,0.018934677,4.817392633,-49.235090176,712.943283097,4.821380074,49.238351372
laser 004,quadratic_graph,2119.809885,1006.000000,0.024071421,4.814302345,-49.137610736,712.937204665,4.818056459,49.140825448
laser 004,quadratic_graph,2119.782739,1007.000000,0.027902121,4.811625953,-49.040224463,712.932452945,4.815205691,49.043403546
laser 004,quadratic_graph,2119.759901,1008.000000,0.030384208,4.809376922,-48.942933783,712.929071174,4.812843157,48.946088446
laser 004,quadratic_graph,2119.740010,1009.000000,0.031944172,4.807420237,-48.845708439,712.926626121,4.810814591,48.848846347
laser 004,quadratic_graph,2119.729329,1010.000000,0.030619578,4.806377100,-48.748684418,712.927111211,4.809829775,48.751829546
laser 004,quadratic_graph,2119.726583,1011.000000,0.026809918,4.806121035,-48.651832816,712.930120634,4.809744198,48.655005819
laser 004,quadratic_graph,2119.713778,1012.000000,0.026153486,4.804867242,-48.554762358,712.929927048,4.808518568,48.557937027
laser 004,quadratic_graph,2119.667987,1013.000000,0.035834202,4.800341719,-48.456978127,712.919233106,4.803554619,48.460068547
laser 004,quadratic_graph,2119.603936,1014.000000,0.051237242,4.794005323,-48.358802545,712.902726536,4.796521509,48.361761154
laser 004,quadratic_graph,2119.583892,1015.000000,0.052852897,4.792033676,-48.261580207,712.900225088,4.794475471,48.264521599
laser 004,quadratic_graph,2119.614530,1016.000000,0.038589919,4.795088641,-48.165448969,712.913852972,4.798172758,48.168505120
laser 004,quadratic_graph,2119.643429,1017.000000,0.024872623,4.797971247,-48.069276833,712.926926548,4.801673057,48.072443205
laser 004,quadratic_graph,2119.614863,1018.000000,0.029162652,4.795154323,-47.971869957,712.921708555,4.798661030,47.974996886
laser 004,quadratic_graph,2119.569597,1019.000000,0.038686593,4.790681162,-47.874107527,712.911174076,4.793756522,47.877151510
laser 004,quadratic_graph,2119.567040,1020.000000,0.034829653,4.790443897,-47.777259483,712.914231700,4.793691884,47.780331735
laser 004,quadratic_graph,2119.582870,1021.000000,0.025212625,4.792030262,-47.680802304,712.923140323,4.795710869,47.683950700
laser 004,quadratic_graph,2119.562308,1022.000000,0.026999919,4.790007283,-47.583569364,712.920464670,4.793605754,47.586699118
laser 004,quadratic_graph,2119.486542,1023.000000,0.046085596,4.782509448,-47.485166428,712.900217726,4.785244986,47.488133765
laser 004,quadratic_graph,2119.480670,1024.000000,0.043272671,4.781943445,-47.388248499,712.902214945,4.784804488,47.391235429
laser 004,quadratic_graph,2119.443905,1025.000000,0.050140518,4.778313742,-47.290677617,712.894378688,4.780863330,47.293603679
laser 004,quadratic_graph,2119.434006,1026.000000,0.048591993,4.777348401,-47.193675282,712.895091607,4.779966423,47.196610428
laser 004,quadratic_graph,2119.425750,1027.000000,0.046529992,4.776546006,-47.096707427,712.896326120,4.779255640,47.099655925
laser 004,quadratic_graph,2119.420508,1028.000000,0.043524943,4.776042518,-46.999802620,712.898518572,4.778886331,47.002772307
laser 004,quadratic_graph,2119.421342,1029.000000,0.038617420,4.776141595,-46.903024614,712.902643517,4.779205459,46.906031303
laser 004,quadratic_graph,2119.415314,1030.000000,0.035861224,4.775560178,-46.806102145,712.904583220,4.778746989,46.809127957
laser 004,quadratic_graph,2119.392007,1031.000000,0.038520332,4.773265224,-46.708818782,712.901022246,4.776330552,46.711818708
laser 004,quadratic_graph,2119.364570,1032.000000,0.042474750,4.770560749,-46.611450524,712.896145569,4.773446128,46.614413797
laser 004,quadratic_graph,2119.366754,1033.000000,0.037149499,4.770793720,-46.514699090,712.900694893,4.773918006,46.517702837
laser 004,quadratic_graph,2119.407617,1034.000000,0.019705962,4.774862486,-46.418748448,712.917553553,4.778772663,46.421893390
laser 004,quadratic_graph,2119.446656,1035.000000,0.002834490,4.778750554,-46.322755638,712.933831111,4.783420802,46.326037019
laser 004,quadratic_graph,2119.459701,1036.000000,-0.005890767,4.780060773,-46.226221831,712.941834034,4.785123396,46.229571945
laser 004,quadratic_graph,2119.452128,1037.000000,-0.008153887,4.779326188,-46.129261141,712.943272972,4.784489504,46.132626280
laser 004,quadratic_graph,2119.391837,1038.000000,0.006103970,4.773363348,-46.031216254,712.927930586,4.777881652,46.034459107
laser 004,quadratic_graph,2119.347802,1039.000000,0.015268858,4.769012855,-45.933509209,712.917761484,4.773116028,45.936672105
laser 004,quadratic_graph,2119.327949,1040.000000,0.016857652,4.767060537,-45.836300129,712.915287900,4.771090542,45.839446036
laser 004,quadratic_graph,2119.288574,1041.000000,0.024564717,4.763172349,-45.738693018,712.906599671,4.766853025,45.741771085
laser 004,quadratic_graph,2119.232559,1042.000000,0.037486641,4.757634243,-45.640749191,712.892614469,4.760730209,45.643716076
laser 004,quadratic_graph,2119.196721,1043.000000,0.044087643,4.754097045,-45.543219735,712.885049819,4.756893608,45.546127974
laser 004,quadratic_graph,2119.197460,1044.000000,0.039229677,4.754186762,-45.446434882,712.889124680,4.757201145,45.449379713
laser 004,quadratic_graph,2119.206112,1045.000000,0.031893624,4.755061131,-45.349809308,712.895716671,4.758405188,45.352811328
laser 004,quadratic_graph,2119.189671,1046.000000,0.032421121,4.753447334,-45.252674882,712.894321268,4.756766129,45.255668735
laser 004,quadratic_graph,2119.145062,1047.000000,0.041775557,4.749040546,-45.154972859,712.883959940,4.751935659,45.157885181
laser 004,quadratic_graph,2119.093477,1048.000000,0.053316671,4.743942230,-45.057133403,712.871377545,4.746314960,45.059946022
laser 004,quadratic_graph,2119.068335,1049.000000,0.056574109,4.741465862,-44.959828478,712.867209312,4.743690111,44.962610241
laser 004,quadratic_graph,2119.087716,1050.000000,0.045883487,4.743403932,-44.863416895,712.877208780,4.746109271,44.866283727
laser 004,quadratic_graph,2119.119192,1051.000000,0.031404241,4.746541324,-44.767244545,712.891056515,4.749898762,44.770227936
laser 004,quadratic_graph,2119.125722,1052.000000,0.024742176,4.747205300,-44.670570848,712.896963995,4.750861994,44.673605827
laser 004,quadratic_graph,2119.100257,1053.000000,0.028106350,4.744696849,-44.573258691,712.892687419,4.748200245,44.576261927
laser 004,quadratic_graph,2119.054904,1054.000000,0.037703120,4.740216539,-44.475552749,712.882080177,4.743285317,44.478472443
laser 004,quadratic_graph,2119.021044,1055.000000,0.043700039,4.736875870,-44.378077616,712.875129490,4.739672517,44.380943686
laser 004,quadratic_graph,2119.012115,1056.000000,0.041887020,4.736007083,-44.281097546,712.876111687,4.738884116,44.283974904
laser 004,quadratic_graph,2119.005427,1057.000000,0.039373169,4.735360493,-44.184161538,712.877805762,4.738349546,44.187056007
laser 004,quadratic_graph,2118.999908,1058.000000,0.036494351,4.734829815,-44.087248193,712.879870564,4.737947362,44.090162808
laser 004,quadratic_graph,2119.005963,1059.000000,0.029990449,4.735446675,-43.990561790,712.885617501,4.738856341,43.993526680
laser 004,quadratic_graph,2119.017808,1060.000000,0.021673582,4.736637628,-43.893987443,712.893205933,4.740421245,43.897017675
laser 004,quadratic_graph,2119.016804,1061.000000,0.017383894,4.736554636,-43.797159798,712.896703835,4.740530431,43.800221902
laser 004,quadratic_graph,2119.006696,1062.000000,0.015948083,4.735568999,-43.700153614,712.897302981,4.739608156,43.703223870
laser 004,quadratic_graph,2118.999314,1063.000000,0.013659430,4.734853653,-43.603200459,712.898768403,4.738994667,43.606285957
laser 004,quadratic_graph,2118.986766,1064.000000,0.012990777,4.733626115,-43.506146626,712.898588363,4.737795865,43.509233901
laser 004,quadratic_graph,2118.951988,1065.000000,0.019288829,4.730194560,-43.408661953,712.891332079,4.734078592,43.411693104
laser 004,quadratic_graph,2118.895828,1066.000000,0.032287499,4.724643235,-43.310765760,712.877269848,4.727939103,43.313685096
laser 004,quadratic_graph,2118.843614,1067.000000,0.044050665,4.719483341,-43.212949689,712.864462601,4.722246814,43.215767481
laser 004,quadratic_graph,2118.804627,1068.000000,0.051670728,4.715634890,-43.115391933,712.855863652,4.718052973,43.118142614
laser 004,quadratic_graph,2118.776505,1069.000000,0.055887973,4.712863613,-43.018045374,712.850721057,4.715089900,43.020757225
laser 004,quadratic_graph,2118.757640,1070.000000,0.057206313,4.711010041,-42.920877767,712.848522973,4.713175380,42.923574882
laser 004,quadratic_graph,2118.757103,1071.000000,0.052783873,4.710973357,-42.824061392,712.852155932,4.713336870,42.826791485
laser 004,quadratic_graph,2118.790294,1072.000000,0.037795506,4.714280249,-42.727887754,712.866520903,4.717318850,42.730738639
laser 004,quadratic_graph,2118.841614,1073.000000,0.017127567,4.719384571,-42.632055526,712.886654694,4.723354617,42.635074406
laser 004,quadratic_graph,2118.861181,1074.000000,0.006409347,4.721341089,-42.535614733,712.896682376,4.725793482,42.538718915
laser 004,quadratic_graph,2118.831156,1075.000000,0.011231299,4.718381026,-42.438231327,712.890925685,4.722614331,42.441291655
laser 004,quadratic_graph,2118.773815,1076.000000,0.024613265,4.712713018,-42.340333039,712.876474513,4.716340864,42.343278369
laser 004,quadratic_graph,2118.729831,1077.000000,0.033811116,4.708369353,-42.242690817,712.866273250,4.711580597,42.245555926
laser 004,quadratic_graph,2118.705139,1078.000000,0.036965707,4.705938229,-42.145414617,712.862210235,4.709005646,42.148249730
laser 004,quadratic_graph,2118.676361,1079.000000,0.041401740,4.703102110,-42.048062895,712.856845677,4.705967860,42.050857363
laser 004,quadratic_graph,2118.630223,1080.000000,0.051277880,4.698545237,-41.950387494,712.845955595,4.700963772,41.953096102
laser 004,quadratic_graph,2118.588463,1081.000000,0.059783460,4.694422473,-41.852797008,712.836457645,4.696455654,41.855431149
laser 004,quadratic_graph,2118.587040,1082.000000,0.055653117,4.694298024,-41.755961423,712.839794114,4.696516199,41.758626114
laser 004,quadratic_graph,2118.621377,1083.000000,0.040320457,4.697718236,-41.659790357,712.854508835,4.700627044,41.662578703
laser 004,quadratic_graph,2118.652232,1084.000000,0.026079458,4.700793433,-41.563550780,712.868114738,4.704343599,41.566453707
laser 004,quadratic_graph,2118.645242,1085.000000,0.023696965,4.700117193,-41.466606735,712.869675924,4.703773461,41.469525687
laser 004,quadratic_graph,2118.615344,1086.000000,0.028493236,4.697170165,-41.369239108,712.863945653,4.700608510,41.372114422
laser 004,quadratic_graph,2118.602674,1087.000000,0.027893013,4.695930915,-41.272190703,712.863696632,4.699394917,41.275067229
laser 004,quadratic_graph,2118.613607,1088.000000,0.019898877,4.697031340,-41.175576513,712.870957615,4.700854738,41.178515703
laser 004,quadratic_graph,2118.632295,1089.000000,0.009476033,4.698900539,-41.079102731,712.880685430,4.703192958,41.082124769
laser 004,quadratic_graph,2118.633513,1090.000000,0.004528195,4.699037996,-40.982306641,712.884852305,4.703552311,40.985366026
laser 004,quadratic_graph,2118.610990,1091.000000,0.007020471,4.696822047,-40.885075995,712.881462308,4.701222436,40.888110891
laser 004,quadratic_graph,2118.590200,1092.000000,0.008971038,4.694777920,-40.787877940,712.878622550,4.699088834,40.790892850
laser 004,quadratic_graph,2118.605675,1093.000000,-0.000440061,4.696328653,-40.691339823,712.887322771,4.701062921,40.694429173
laser 004,quadratic_graph,2118.653493,1094.000000,-0.019984709,4.701085645,-40.595385862,712.906315542,4.706700666,40.598633873
laser 004,quadratic_graph,2118.662876,1095.000000,-0.027484898,4.702032605,-40.498731638,712.913074859,4.707984729,40.502038208
laser 004,quadratic_graph,2118.614390,1096.000000,-0.016850226,4.697242864,-40.401031428,712.901414816,4.702713542,40.404245838
laser 004,quadratic_graph,2118.557544,1097.000000,-0.003595074,4.691624602,-40.303184025,712.887093236,4.696495554,40.306284498
laser 004,quadratic_graph,2118.534640,1098.000000,-0.000974189,4.689371012,-40.205950138,712.883572784,4.694122235,40.209025054
laser 004,quadratic_graph,2118.518718,1099.000000,-0.000539711,4.687809536,-40.108842379,712.882273059,4.692539719,40.111909909
laser 004,quadratic_graph,2118.479124,1100.000000,0.007313227,4.683901677,-40.011312050,712.873438554,4.688275974,40.014310540
laser 004,quadratic_graph,2118.505906,1101.000000,-0.005630218,4.686573139,-39.914967489,712.885726602,4.691530234,39.918069778
laser 004,quadratic_graph,2118.450618,1102.000000,0.007142817,4.681109724,-39.817160190,712.871894908,4.685488856,39.820152550
laser 004,quadratic_graph,2118.379455,1103.000000,0.024890508,4.674073109,-39.719075177,712.853010611,4.677649739,39.721916263
laser 004,quadratic_graph,2118.285034,1104.000000,0.049925105,4.664731877,-39.620583921,712.826725229,4.667177097,39.623213172
laser 004,quadratic_graph,2118.214675,1105.000000,0.067421323,4.657775859,-39.522524711,712.808096491,4.659429929,39.525004779
laser 004,quadratic_graph,2118.210185,1106.000000,0.064283473,4.657347613,-39.425630423,712.810425340,4.659141889,39.428132797
laser 004,quadratic_graph,2118.235144,1107.000000,0.051921107,4.659837796,-39.329252828,712.822123311,4.662188643,39.331854173
laser 004,quadratic_graph,2118.254188,1108.000000,0.041412792,4.661741866,-39.232768523,712.831938163,4.664565600,39.235453429
laser 004,quadratic_graph,2118.273941,1109.000000,0.030683373,4.663716265,-39.136294043,712.841977581,4.667022866,39.139064348
laser 004,quadratic_graph,2118.311293,1110.000000,0.014440954,4.667434957,-39.040123783,712.857616389,4.671473264,39.043025306
laser 004,quadratic_graph,2118.335105,1111.000000,0.002441617,4.669811824,-38.943713892,712.868945611,4.674390318,38.946711368
laser 004,quadratic_graph,2118.311611,1112.000000,0.005265626,4.667500120,-38.846480281,712.865219221,4.671949724,38.849450515
laser 004,quadratic_graph,2118.248412,1113.000000,0.020531111,4.661253377,-38.748560662,712.848856462,4.665012522,38.751400254
laser 004,quadratic_graph,2118.179427,1114.000000,0.037609945,4.654433543,-38.650545758,712.830652007,4.657420381,38.653239638
laser 004,quadratic_graph,2118.134363,1115.000000,0.047195195,4.649984549,-38.552947800,712.820058585,4.652537318,38.555558247
laser 004,quadratic_graph,2118.118359,1116.000000,0.047677527,4.648415399,-38.455851898,712.818710710,4.650944974,38.458454566
laser 004,quadratic_graph,2118.114721,1117.000000,0.044287074,4.648071684,-38.358968289,712.821296301,4.650752872,38.361595363
laser 004,quadratic_graph,2118.105635,1118.000000,0.042604709,4.647188104,-38.261990974,712.822147067,4.649943807,38.264628259
laser 004,quadratic_graph,2118.089291,1119.000000,0.043197502,4.645585301,-38.164889812,712.820687066,4.648312827,38.167518400
laser 004,quadratic_graph,2118.075054,1120.000000,0.043131508,4.644191310,-38.067824957,712.819896192,4.646920394,38.070450323
laser 004,quadratic_graph,2118.061430,1121.000000,0.042874779,4.642858080,-37.970770801,712.819299060,4.645597332,37.973394531
laser 004,quadratic_graph,2118.024573,1122.000000,0.049897889,4.639222670,-37.873323942,712.811308138,4.641643502,37.875885534
laser 004,quadratic_graph,2117.976139,1123.000000,0.060548911,4.634440224,-37.775684058,712.799632550,4.636378884,37.778153360
laser 004,quadratic_graph,2117.941828,1124.000000,0.066776682,4.631057310,-37.678285092,712.792449501,4.632713450,37.680698867
laser 004,quadratic_graph,2117.913990,1125.000000,0.070977907,4.628315836,-37.580996809,712.787324757,4.629780928,37.583371899
laser 004,quadratic_graph,2117.882543,1126.000000,0.076310925,4.625216837,-37.483649603,712.781050538,4.626439796,37.485976601
laser 004,quadratic_graph,2117.847805,1127.000000,0.082676069,4.621791844,-37.386249255,712.773728077,4.622726084,37.388519585
laser 004,quadratic_graph,2117.825269,1128.000000,0.085220169,4.619575853,-37.289054177,712.770286492,4.620393844,37.291299595
laser 004,quadratic_graph,2117.838042,1129.000000,0.076705024,4.620858165,-37.192446548,712.778077229,4.622059086,37.194758965
laser 004,quadratic_graph,2117.875810,1130.000000,0.060360950,4.624617023,-37.096250954,712.793819391,4.626554246,37.098695436
laser 004,quadratic_graph,2117.913095,1131.000000,0.044168794,4.628328196,-37.000043214,712.809407240,4.630994865,37.002618497
laser 004,quadratic_graph,2117.920027,1132.000000,0.037486604,4.629031940,-36.903331115,712.815336334,4.631998806,36.905958165
laser 004,quadratic_graph,2117.880939,1133.000000,0.045223079,4.625175812,-36.805861065,712.806621225,4.627792064,36.808420050
laser 004,quadratic_graph,2117.835122,1134.000000,0.055068687,4.620653086,-36.708283177,712.795764034,4.622823525,36.710756569
laser 004,quadratic_graph,2117.804366,1135.000000,0.060197233,4.617622707,-36.610954580,712.789697728,4.619560246,36.613381583
laser 004,quadratic_graph,2117.778415,1136.000000,0.063821777,4.615068450,-36.513706074,712.785158980,4.616840976,36.516099186
laser 004,quadratic_graph,2117.744390,1137.000000,0.069976833,4.611714324,-36.416327592,712.778050179,4.613207617,36.418665783
laser 004,quadratic_graph,2117.712750,1138.000000,0.075385973,4.608596563,-36.318989817,712.771698996,4.609844293,36.321279287
laser 004,quadratic_graph,2117.692418,1139.000000,0.077254114,4.606599142,-36.221836767,712.768944212,4.607761138,36.224106944
laser 004,quadratic_graph,2117.667818,1140.000000,0.080460491,4.604178929,-36.124615702,712.764830297,4.605194788,36.126855465
laser 004,quadratic_graph,2117.622030,1141.000000,0.090305085,4.599659773,-36.027054975,712.753974421,4.600229868,36.029209156
laser 004,quadratic_graph,2117.568291,1142.000000,0.102641167,4.594353145,-35.929369741,712.740588159,4.594365018,35.931417633
laser 004,quadratic_graph,2117.514658,1143.000000,0.114944901,4.589057233,-35.831689956,712.727234804,4.588512346,35.833631829
laser 004,quadratic_graph,2117.456006,1144.000000,0.128821458,4.583264401,-35.733933833,712.712284097,4.582091762,35.735756615
laser 004,quadratic_graph,2117.465944,1145.000000,0.121216386,4.584265600,-35.637273318,712.719150785,4.583434819,35.639155539
laser 004,quadratic_graph,2117.436938,1146.000000,0.125810132,4.581409361,-35.539993000,712.713628033,4.580369825,35.541833278
laser 004,quadratic_graph,2117.458867,1147.000000,0.114451908,4.583598298,-35.443520370,712.724306540,4.583070026,35.445451277
laser 004,quadratic_graph,2117.514242,1148.000000,0.092618423,4.589100343,-35.347572831,712.745623969,4.589556156,35.349681425
laser 004,quadratic_graph,2117.478705,1149.000000,0.099262177,4.585597069,-35.250188587,712.738019232,4.585751597,35.252238202
laser 004,quadratic_graph,2117.471148,1150.000000,0.097143082,4.584865405,-35.153245702,712.739314272,4.585114174,35.155309163
laser 004,quadratic_graph,2117.496227,1151.000000,0.084802579,4.587366544,-35.056813428,712.750990400,4.588170917,35.058975683
laser 004,quadratic_graph,2117.445275,1152.000000,0.096278839,4.582336384,-34.959191160,712.738477759,4.582621350,34.961254275
laser 004,quadratic_graph,2117.411321,1153.000000,0.102431897,4.578990073,-34.861837003,712.731371508,4.578995904,34.863845216
laser 004,quadratic_graph,2117.385769,1154.000000,0.105954487,4.576476053,-34.764615292,712.726936842,4.576321479,34.766590467
laser 004,quadratic_graph,2117.372001,1155.000000,0.105787395,4.575129258,-34.667577286,712.726249506,4.574980822,34.669550085
laser 004,quadratic_graph,2117.367809,1156.000000,0.102622220,4.574730964,-34.570687366,712.728607086,4.574723988,34.572682706
laser 004,quadratic_graph,2117.362173,1157.000000,0.099910630,4.574189653,-34.473774655,712.730504015,4.574303666,34.475788766
laser 004,quadratic_graph,2117.347111,1158.000000,0.100152783,4.572714726,-34.376716815,712.729401104,4.572816404,34.378725151
laser 004,quadratic_graph,2117.318420,1159.000000,0.104665120,4.569889916,-34.279450740,712.723961371,4.569786519,34.281417812
laser 004,quadratic_graph,2117.280955,1160.000000,0.111926825,4.566196159,-34.182052311,712.715729388,4.565763591,34.183955270
laser 004,quadratic_graph,2117.261232,1161.000000,0.113632756,4.564259684,-34.084926232,712.713139934,4.563748713,34.086811250
laser 004,quadratic_graph,2117.265443,1162.000000,0.107843596,4.564693689,-33.988164161,712.718162572,4.564442619,33.990093529
laser 004,quadratic_graph,2117.259831,1163.000000,0.105132403,4.564154815,-33.891252150,712.720059219,4.564024718,33.893200287
laser 004,quadratic_graph,2117.225555,1164.000000,0.111400475,4.560777041,-33.793907169,712.712836500,4.560362623,33.795799451
laser 004,quadratic_graph,2117.183700,1165.000000,0.120043499,4.556648750,-33.696450205,712.703201810,4.555842814,33.698266897
laser 004,quadratic_graph,2117.173580,1166.000000,0.118748244,4.555663452,-33.599472050,712.703660499,4.554914579,33.601295744
laser 004,quadratic_graph,2117.188671,1167.000000,0.109558032,4.557174981,-33.502870985,712.712137331,4.556839524,33.504767293
laser 004,quadratic_graph,2117.190899,1168.000000,0.104397821,4.557412617,-33.406075826,712.716521296,4.557308675,33.408011257
laser 004,quadratic_graph,2117.178062,1169.000000,0.103957469,4.556158251,-33.309055486,712.716111790,4.556072786,33.310990815
laser 004,quadratic_graph,2117.164704,1170.000000,0.103681613,4.554852303,-33.212027606,712.715535244,4.554777890,33.213961466
laser 004,quadratic_graph,2117.159046,1171.000000,0.100995308,4.554308952,-33.115113813,712.717406761,4.554354393,33.117066236
laser 004,quadratic_graph,2117.158360,1172.000000,0.096752973,4.554258026,-33.018272887,712.720858590,4.554493553,33.020256806
laser 004,quadratic_graph,2117.148158,1173.000000,0.095492528,4.553264669,-32.921291212,712.721282042,4.553555692,32.923281844
laser 004,quadratic_graph,2117.123223,1174.000000,0.098848051,4.550812227,-32.824093558,712.717017574,4.550950395,32.826052544
laser 004,quadratic_graph,2117.084475,1175.000000,0.106531241,4.546991885,-32.726695294,712.708357996,4.546781863,32.728586667
laser 004,quadratic_graph,2117.043164,1176.000000,0.115018294,4.542917839,-32.629262129,712.698882065,4.542323344,32.631079209
laser 004,quadratic_graph,2117.002637,1177.000000,0.123260889,4.538921554,-32.531843017,712.689654446,4.537953621,32.533587836
laser 004,quadratic_graph,2116.954616,1178.000000,0.133851597,4.534183312,-32.434317974,712.678042155,4.532735955,32.435971019
laser 004,quadratic_graph,2116.916372,1179.000000,0.141381346,4.530413350,-32.336937343,712.669538579,4.528624730,32.338524052
laser 004,quadratic_graph,2116.925550,1180.000000,0.134060728,4.531339155,-32.240241732,712.676116852,4.529879569,32.241885519
laser 004,quadratic_graph,2116.989372,1181.000000,0.109626924,4.537676079,-32.144328671,712.700074999,4.537317960,32.146171757
laser 004,quadratic_graph,2117.049365,1182.000000,0.086392159,4.543634239,-32.048354433,712.722815386,4.544323466,32.050386853
laser 004,quadratic_graph,2117.009100,1183.000000,0.094561184,4.539663839,-31.950943742,712.713662642,4.539982951,31.952904514
laser 004,quadratic_graph,2116.956725,1184.000000,0.106524262,4.534494354,-31.853363387,712.700656777,4.534272099,31.855220980
laser 004,quadratic_graph,2117.667410,1217.000000,-0.262071065,4.605473624,-28.666449056,713.046731539,4.621842792,28.671245854
laser 004,quadratic_graph,2117.342057,1219.000000,-0.168879846,4.573269928,-28.468519994,712.950380237,4.585430007,28.472534830
laser 004,quadratic_graph,2117.256869,1220.000000,-0.146576762,4.564847816,-28.370557468,712.926874725,4.575999833,28.374383204
laser 004,quadratic_graph,2117.219971,1221.000000,-0.139407956,4.561210077,-28.273211244,712.918738675,4.572037141,28.276973651
laser 004,quadratic_graph,2117.200535,1222.000000,-0.137710653,4.559302293,-28.176087048,712.916159160,4.570051370,28.179831595
laser 004,quadratic_graph,2117.094867,1224.000000,-0.113378766,4.548870035,-27.981006183,712.889737750,4.558518102,27.984541017
laser 004,quadratic_graph,2116.993239,1225.000000,-0.085921153,4.538821171,-27.882863646,712.860997976,4.547228521,27.886166545
laser 004,quadratic_graph,2116.893826,1226.000000,-0.059158451,4.528992510,-27.784756565,712.832963994,4.536190508,27.787833306
laser 004,quadratic_graph,2116.831647,1227.000000,-0.044062540,4.522852034,-27.687117624,712.816778045,4.529367280,27.690065160
laser 004,quadratic_graph,2116.798176,1228.000000,-0.037960554,4.519554829,-27.589836872,712.809725721,4.525793279,27.592729946
laser 004,quadratic_graph,2116.764620,1229.000000,-0.031830747,4.516249287,-27.492557059,712.802645182,4.522209686,27.495395441
laser 004,quadratic_graph,2116.726573,1230.000000,-0.024292706,4.512499096,-27.395224296,712.794134583,4.518117880,27.397996282
laser 004,quadratic_graph,2116.691391,1231.000000,-0.017651128,4.509032713,-27.297928837,712.786534404,4.514350347,27.300641878
laser 004,quadratic_graph,2116.653449,1232.000000,-0.010143700,4.505293120,-27.200601986,712.778054975,4.510270522,27.203248886
laser 004,quadratic_graph,2116.588134,1233.000000,0.005940246,4.498843236,-27.102946222,712.760865960,4.503093293,27.105455710
laser 004,quadratic_graph,2116.565782,1234.000000,0.008565861,4.496647553,-27.005813307,712.757344196,4.500777728,27.008297224
laser 004,quadratic_graph,2116.476278,1235.000000,0.032228835,4.487803194,-26.907874561,712.732458652,4.490863933,26.910158082
laser 004,quadratic_graph,2116.431603,1236.000000,0.041849415,4.483397607,-26.810479357,712.721833468,4.486022736,26.812679177
laser 004,quadratic_graph,2116.401568,1237.000000,0.046885249,4.480441536,-26.713261731,712.715864209,4.482837995,26.715415952
laser 004,quadratic_graph,2116.376697,1238.000000,0.050304770,4.477996761,-26.616107158,712.711536372,4.480237506,26.618229212
laser 004,quadratic_graph,2116.372585,1239.000000,0.047223138,4.477607144,-26.519199623,712.713810568,4.479985614,26.521343536
laser 004,quadratic_graph,2116.357648,1240.000000,0.047533592,4.476145870,-26.422163813,712.712640077,4.478508959,26.424301396
laser 004,quadratic_graph,2116.300295,1241.000000,0.061131293,4.470485598,-26.324629814,712.697976274,4.472233565,26.326650648
laser 004,quadratic_graph,2116.228620,1242.000000,0.079215534,4.463407855,-26.226932173,712.678756406,4.464338195,26.228798973
laser 004,quadratic_graph,2116.160125,1243.000000,0.096304171,4.456645276,-26.129276952,712.660547648,4.456802927,26.130997993
laser 004,quadratic_graph,2116.103195,1244.000000,0.109771349,4.451027736,-26.031761186,712.646016568,4.450576159,26.033366563
laser 004,quadratic_graph,2116.069761,1245.000000,0.115881034,4.447735949,-25.934521500,712.638957116,4.447007236,25.936072355
laser 004,quadratic_graph,2116.062789,1246.000000,0.113704756,4.447063302,-25.837589040,712.640312130,4.446431453,25.839154232
laser 004,quadratic_graph,2116.078412,1247.000000,0.104453475,4.448627037,-25.740915930,712.648851845,4.448411393,25.742554254
laser 004,quadratic_graph,2116.107081,1248.000000,0.091117374,4.451482111,-25.644389922,712.661539699,4.451867047,25.646135323
laser 004,quadratic_graph,2116.123112,1249.000000,0.081740391,4.453086352,-25.547716369,712.670207059,4.453893168,25.549535947
laser 004,quadratic_graph,2116.106355,1250.000000,0.082633880,4.451445198,-25.450667934,712.668444763,4.452210321,25.452476338
laser 004,quadratic_graph,2116.054342,1251.000000,0.094570677,4.446314472,-25.353220945,712.655468033,4.446539447,25.354926404
laser 004,quadratic_graph,2115.972843,1252.000000,0.115742640,4.438265669,-25.255445084,712.633113076,4.437533652,25.256970854
laser 004,quadratic_graph,2115.876981,1253.000000,0.141412378,4.428795983,-25.157514093,712.606190723,4.426903961,25.158822796
laser 004,quadratic_graph,2115.807411,1254.000000,0.158848724,4.421928771,-25.059884688,712.587629417,4.419248370,25.061044745
laser 004,quadratic_graph,2115.814703,1255.000000,0.152217879,4.422667770,-24.963116962,712.593508237,4.420285301,24.964328375
laser 004,quadratic_graph,2115.870282,1256.000000,0.130467160,4.428185328,-24.866883739,712.614741171,4.426783249,24.868272158
laser 004,quadratic_graph,2115.923629,1257.000000,0.109415485,4.433482326,-24.770620142,712.635264202,4.433029085,24.772179756
laser 004,quadratic_graph,2115.946749,1258.000000,0.097830685,4.435788003,-24.674018059,712.646173692,4.435856299,24.675670198
laser 004,quadratic_graph,2115.925673,1259.000000,0.100088514,4.433719618,-24.576928108,712.643026151,4.433684644,24.578557738
laser 004,quadratic_graph,2115.880839,1260.000000,0.109788079,4.429300005,-24.479579409,712.632321652,4.428825866,24.481124688
laser 004,quadratic_graph,2115.832887,1261.000000,0.120465109,4.424571975,-24.382199742,712.620624598,4.423614553,24.383652547
laser 004,quadratic_graph,2115.787370,1262.000000,0.130380570,4.420085080,-24.284849718,712.609700953,4.418678750,24.286216379
laser 004,quadratic_graph,2115.752576,1263.000000,0.136939166,4.416659438,-24.187618513,712.602186194,4.414955718,24.188926926
laser 004,quadratic_graph,2115.733107,1264.000000,0.138699998,4.414750357,-24.090554222,712.599543516,4.412965801,24.091844257
laser 004,quadratic_graph,2115.719879,1265.000000,0.138507787,4.413458874,-23.993557546,712.598884142,4.411681637,23.994845433
laser 004,quadratic_graph,2115.704272,1266.000000,0.139061856,4.411931997,-23.896535715,712.597466956,4.410128394,23.897815253
laser 004,quadratic_graph,2115.681972,1267.000000,0.141713100,4.409742853,-23.799443203,712.593920159,4.407818225,23.800696963
laser 004,quadratic_graph,2115.645965,1268.000000,0.148657805,4.406197441,-23.702206664,712.586013479,4.403957998,23.703398969
laser 004,quadratic_graph,2115.607059,1269.000000,0.156511426,4.402365278,-23.604941778,712.577183855,4.399769994,23.606065075
laser 004,quadratic_graph,2115.615561,1270.000000,0.149521398,4.403224019,-23.508176863,712.583427622,4.400942885,23.509354503
laser 004,quadratic_graph,2115.665324,1271.000000,0.129611853,4.408165577,-23.411841539,712.602790819,4.406781735,23.413180884
laser 004,quadratic_graph,2115.691587,1272.000000,0.117061939,4.410781947,-23.315256408,712.614680489,4.409963209,23.316696299
laser 004,quadratic_graph,2115.675799,1273.000000,0.117681904,4.409237221,-23.218232205,712.613196520,4.408389146,23.219663201
laser 004,quadratic_graph,2115.656448,1274.000000,0.119418962,4.407339945,-23.121171671,712.610578201,4.406412111,23.122584488
laser 004,quadratic_graph,2115.656189,1275.000000,0.115178467,4.407331895,-23.024308137,712.614029924,4.406594110,23.025752449
laser 004,quadratic_graph,2115.654257,1276.000000,0.111463167,4.407158309,-22.927426580,712.616948341,4.406586866,22.928898023
laser 004,quadratic_graph,2115.630025,1277.000000,0.114732728,4.404778085,-22.830316980,712.612773881,4.404057713,22.831757509
laser 004,quadratic_graph,2115.624915,1278.000000,0.112015286,4.404290044,-22.733402627,712.614679042,4.403690976,22.734861996
laser 004,quadratic_graph,2115.642629,1279.000000,0.102151366,4.406060515,-22.636718454,712.623841207,4.405905318,22.638256049
laser 004,quadratic_graph,2115.658913,1280.000000,0.092736354,4.407689536,-22.540017444,712.632547520,4.407957948,22.541629535
laser 004,quadratic_graph,2115.668569,1281.000000,0.085398231,4.408662718,-22.443247698,712.639144833,4.409260996,22.444917026
laser 004,quadratic_graph,2115.661212,1282.000000,0.083389583,4.407952362,-22.346306465,712.640330281,4.408639953,22.347988742
laser 004,quadratic_graph,2115.633209,1283.000000,0.087848276,4.405198973,-22.249159867,712.634948426,4.405683965,22.250801350
laser 004,quadratic_graph,2115.600388,1284.000000,0.093817104,4.401968885,-22.151967127,712.628033127,4.402183116,22.153555267
laser 004,quadratic_graph,2115.584709,1285.000000,0.094418690,4.400435089,-22.054945097,712.626568064,4.400620818,22.056524496
laser 004,quadratic_graph,2115.587485,1286.000000,0.089241877,4.400727464,-21.958104420,712.630970729,4.401145508,21.959723096
laser 004,quadratic_graph,2115.607257,1287.000000,0.078743379,4.402701674,-21.861428465,712.640777330,4.403592234,21.863130641
laser 004,quadratic_graph,2115.601578,1288.000000,0.076217031,4.402157429,-21.764502579,712.642488585,4.403160671,21.766222007
laser 004,quadratic_graph,2115.513761,1289.000000,0.099416119,4.393485567,-21.666781723,712.618076923,4.393440338,21.668304626
laser 004,quadratic_graph,2115.431961,1290.000000,0.120730719,4.385409640,-21.569125538,712.595578945,4.384400999,21.570467577
laser 004,quadratic_graph,2115.325328,1291.000000,0.149821231,4.374877445,-21.471237535,712.565184999,4.372554417,21.472334092
laser 004,quadratic_graph,2115.264574,1292.000000,0.164545615,4.368884730,-21.373795652,712.549379198,4.365895749,21.374766110
laser 004,quadratic_graph,2115.242675,1293.000000,0.167104993,4.366735967,-21.276727160,712.545926369,4.363630120,21.277672610
laser 004,quadratic_graph,2115.247667,1294.000000,0.161245795,4.367247428,-21.179913887,712.551022171,4.364404699,21.180904286
laser 004,quadratic_graph,2115.261979,1295.000000,0.152469541,4.368680911,-21.083186980,712.559080088,4.366232967,21.084246568
laser 004,quadratic_graph,2115.273759,1296.000000,0.144487243,4.369863950,-20.986434197,712.566331788,4.367774954,20.987556378
laser 004,quadratic_graph,2115.274913,1297.000000,0.139833451,4.369995790,-20.889580387,712.570203587,4.368115506,20.890737501
laser 004,quadratic_graph,2115.261243,1298.000000,0.139822810,4.368661108,-20.792587962,712.569360553,4.366779961,20.793741425
laser 004,quadratic_graph,2115.246685,1299.000000,0.140091537,4.367238594,-20.695587596,712.568233859,4.365343975,20.696735087
laser 004,quadratic_graph,2115.255038,1300.000000,0.133187370,4.368082650,-20.598798247,712.574390817,4.366498317,20.599999371
laser 004,quadratic_graph,2115.284154,1301.000000,0.119782565,4.370980850,-20.502197290,712.587148767,4.370000220,20.503506068
laser 004,quadratic_graph,2115.301392,1302.000000,0.110098284,4.372704014,-20.405484702,712.596128754,4.372159156,20.406870216
laser 004,quadratic_graph,2115.282858,1303.000000,0.111617405,4.370888130,-20.308445389,712.593732419,4.370273364,20.309814540
laser 004,quadratic_graph,2115.249453,1304.000000,0.117794684,4.367601060,-20.211272584,712.586606061,4.366706132,20.212586664
laser 004,quadratic_graph,2115.230044,1305.000000,0.119590377,4.365698681,-20.114227430,712.583928943,4.364721362,20.115522849
laser 004,quadratic_graph,2115.222458,1306.000000,0.117685037,4.364965966,-20.017288686,712.585009994,4.364073308,20.018596200
laser 004,quadratic_graph,2115.199112,1307.000000,0.120716194,4.362674148,-19.920209530,712.581078397,4.361643335,19.921488117
laser 004,quadratic_graph,2115.148539,1308.000000,0.132274430,4.357688934,-19.822890541,712.568488192,4.356135085,19.824069343
laser 004,quadratic_graph,2115.084807,1309.000000,0.147953938,4.351402232,-19.725459153,712.551713185,4.349139328,19.726503923
laser 004,quadratic_graph,2115.045176,1310.000000,0.156087782,4.347499783,-19.628243552,712.542600301,4.344868408,19.629216993
laser 004,quadratic_graph,2115.062216,1311.000000,0.146478318,4.349203071,-19.531524555,712.551504450,4.347004095,19.532574112
laser 004,quadratic_graph,2115.108495,1312.000000,0.127714246,4.353798763,-19.435056841,712.569704400,4.352445392,19.436258588
laser 004,quadratic_graph,2115.128609,1313.000000,0.117144087,4.355806311,-19.338358345,712.579584045,4.354928702,19.339644190
laser 004,quadratic_graph,2115.116511,1314.000000,0.116662132,4.354627343,-19.241380504,712.579219913,4.353770152,19.242666617
laser 004,quadratic_graph,2115.112064,1315.000000,0.113785602,4.354205254,-19.144468178,712.581287300,4.353476563,19.145774458
laser 004,quadratic_graph,2115.139635,1316.000000,0.100883797,4.356950571,-19.047827572,712.593534551,4.356802885,19.049237327
laser 004,quadratic_graph,2115.176991,1317.000000,0.084918490,4.360664026,-18.951266455,712.608892526,4.361235621,18.952805142
laser 004,quadratic_graph,2115.187715,1318.000000,0.077294482,4.361742861,-18.854477030,712.615780594,4.362657242,18.856075335
laser 004,quadratic_graph,2115.148329,1319.000000,0.085364975,4.357864284,-18.757266144,712.606732235,4.358413057,18.758793648
laser 004,quadratic_graph,2115.100818,1320.000000,0.095981016,4.353182048,-18.659990072,712.595099134,4.353250318,18.661425622
laser 004,quadratic_graph,2115.071160,1321.000000,0.101007284,4.350266040,-18.562865145,712.589142004,4.350106110,18.564255192
laser 004,quadratic_graph,2115.050804,1322.000000,0.103121829,4.348270263,-18.465818549,712.586141505,4.348013556,18.467187289
laser 004,quadratic_graph,2115.024908,1323.000000,0.106972521,4.345726497,-18.368727368,712.581378133,4.345294651,18.370060374
laser 004,quadratic_graph,2114.979523,1324.000000,0.116927328,4.341254978,-18.271478549,712.570416618,4.340372477,18.272725097
laser 004,quadratic_graph,2114.924669,1325.000000,0.129848173,4.335847008,-18.174155928,712.556443413,4.334379975,18.175291372
laser 004,quadratic_graph,2114.894098,1326.000000,0.135166307,4.332841068,-18.077033098,712.550190101,4.331132663,18.078120614
laser 004,quadratic_graph,2114.908369,1327.000000,0.126444486,4.334270500,-17.980271905,712.558193065,4.332954435,17.981428163
laser 004,quadratic_graph,2114.937451,1328.000000,0.113085853,4.337164992,-17.883626802,712.570904268,4.336450556,17.884890331
laser 004,quadratic_graph,2114.917436,1329.000000,0.115102663,4.335203142,-17.786588437,712.568003194,4.334396346,17.787831473
laser 004,quadratic_graph,2114.858752,1330.000000,0.129229311,4.329416557,-17.689245538,712.552805798,4.327970806,17.690367451
laser 004,quadratic_graph,2114.813172,1331.000000,0.139253587,4.324926279,-17.592009719,712.541774009,4.323026739,17.593044599
laser 004,quadratic_graph,2114.826376,1332.000000,0.130872559,4.326250134,-17.495236006,712.549430993,4.324727555,17.496336796
laser 004,quadratic_graph,2114.887921,1333.000000,0.107355199,4.332355462,-17.398835685,712.572457377,4.331893042,17.400128164
laser 004,quadratic_graph,2114.936251,1334.000000,0.087976123,4.337153993,-17.302327078,712.591281726,4.337564947,17.303776858
laser 004,quadratic_graph,2114.943433,1335.000000,0.081483813,4.337882418,-17.205497335,712.597020887,4.338585083,17.206997331
laser 004,quadratic_graph,2114.908424,1336.000000,0.088205550,4.334437428,-17.108343821,712.589342587,4.334835372,17.109784227
laser 004,quadratic_graph,2114.853852,1337.000000,0.101054651,4.329057505,-17.011043863,712.575442641,4.328874160,17.012373764
laser 004,quadratic_graph,2114.817842,1338.000000,0.108092047,4.325513735,-16.913887872,712.567443906,4.325011422,16.915155561
laser 004,quadratic_graph,2114.810120,1339.000000,0.106272475,4.324767949,-16.816946440,712.568438493,4.324346440,16.818225516
laser 004,quadratic_graph,2114.801118,1340.000000,0.104855031,4.323895571,-16.719995204,712.569024779,4.323536715,16.721282325
laser 004,quadratic_graph,2114.766675,1341.000000,0.111405553,4.320506917,-16.622855045,712.561520506,4.319851069,16.624084001
laser 004,quadratic_graph,2114.719108,1342.000000,0.122066777,4.315820351,-16.525620139,712.549842316,4.314681970,16.526756772
laser 004,quadratic_graph,2114.678338,1343.000000,0.130600682,4.311806166,-16.428438285,712.540324224,4.310281272,16.429500272
laser 004,quadratic_graph,2114.636444,1344.000000,0.139487608,4.307680943,-16.331250854,712.530447722,4.305753602,16.332235261
laser 004,quadratic_graph,2114.593173,1345.000000,0.148806741,4.303419674,-16.234056159,712.520132408,4.301070379,16.234959395
laser 004,quadratic_graph,2114.595670,1346.000000,0.143796847,4.303684580,-16.137193963,712.524366574,4.301560091,16.138135098
laser 004,quadratic_graph,2114.640740,1347.000000,0.125457810,4.308159781,-16.040635459,712.542134905,4.306861726,16.041725254
laser 004,quadratic_graph,2114.673797,1348.000000,0.110880915,4.311447114,-15.943986654,712.556083210,4.310805685,15.945193846
laser 004,quadratic_graph,2114.680606,1349.000000,0.104524213,4.312138582,-15.847148399,712.561684896,4.311782749,15.848404683
laser 004,quadratic_graph,2114.665506,1350.000000,0.105029394,4.310663230,-15.750154601,712.560319189,4.310283275,15.751402956
laser 004,quadratic_graph,2114.627518,1351.000000,0.112702960,4.306924295,-15.653001266,712.551674899,4.306196662,15.654182125
laser 004,quadratic_graph,2114.580226,1352.000000,0.123290967,4.302265346,-15.555785700,712.540071399,4.301058491,15.556874846
laser 004,quadratic_graph,2114.547832,1353.000000,0.129215129,4.299079847,-15.458676118,712.533203490,4.297604277,15.459712306
laser 004,quadratic_graph,2114.541260,1354.000000,0.127055191,4.298447979,-15.361745485,712.534543990,4.297068581,15.362795891
laser 004,quadratic_graph,2114.543267,1355.000000,0.122210271,4.298664517,-15.264872958,712.538610758,4.297502482,15.265959893
laser 004,quadratic_graph,2114.532184,1356.000000,0.121465424,4.297586565,-15.167910712,712.538514445,4.296456832,15.169000106
laser 004,quadratic_graph,2114.508094,1357.000000,0.124794671,4.295222353,-15.070861005,712.534281445,4.293941032,15.071919005
laser 004,quadratic_graph,2114.560569,1358.000000,0.104150538,4.300429853,-14.974324231,712.554390264,4.300079015,14.975550046
laser 004,quadratic_graph,2114.529536,1359.000000,0.109656665,4.297378979,-14.877227432,712.547946963,4.296778297,14.878403763
laser 004,quadratic_graph,2114.502428,1360.000000,0.113934970,4.294716320,-14.780158299,712.542750385,4.293921215,14.781295349
laser 004,quadratic_graph,2114.490748,1361.000000,0.113383594,4.293579389,-14.683191712,712.542457721,4.292807855,14.684329615
laser 004,quadratic_graph,2114.485531,1362.000000,0.110809766,4.293081601,-14.586267298,712.544218600,4.292424924,14.587422859
laser 004,quadratic_graph,2114.470578,1363.000000,0.111285882,4.291621026,-14.489279447,712.542882699,4.290941544,14.490427323
laser 004,quadratic_graph,2114.443637,1364.000000,0.115517079,4.288974995,-14.392214958,712.537734061,4.288103218,14.393323946
laser 004,quadratic_graph,2114.424275,1365.000000,0.117376362,4.287078476,-14.295200245,712.534993799,4.286121462,14.296290055
laser 004,quadratic_graph,2114.427100,1366.000000,0.112289630,4.287375977,-14.198326903,712.539306251,4.286647246,14.199455253
laser 004,quadratic_graph,2114.437689,1367.000000,0.104772980,4.288441265,-14.101501270,712.546085947,4.288050493,14.102688352
laser 004,quadratic_graph,2114.432681,1368.000000,0.102141517,4.287964204,-14.004576302,712.547905445,4.287690895,14.005781521
laser 004,quadratic_graph,2114.402127,1369.000000,0.107510686,4.284960968,-13.907492260,712.541601484,4.284444001,13.908649136
laser 004,quadratic_graph,2114.353882,1370.000000,0.118420536,4.280208447,-13.810300890,712.529671812,4.279197738,13.811363383
laser 004,quadratic_graph,2114.311585,1371.000000,0.127468940,4.276044234,-13.713149194,712.519632209,4.274623802,13.714132771
laser 004,quadratic_graph,2114.278909,1372.000000,0.133506008,4.272831445,-13.616058718,712.512650212,4.271137210,13.616988403
laser 004,quadratic_graph,2114.265723,1373.000000,0.133441866,4.271545817,-13.519087761,712.511863108,4.269853167,13.520014252
laser 004,quadratic_graph,2114.279020,1374.000000,0.125086940,4.272878763,-13.422275688,712.519494057,4.271561912,13.423267877
laser 004,quadratic_graph,2114.322088,1375.000000,0.107411111,4.277155537,-13.325638627,712.536588955,4.276635198,13.326773967
laser 004,quadratic_graph,2114.401494,1376.000000,0.078356556,4.285025930,-13.229211518,712.565237170,4.285815695,13.230584560
laser 004,quadratic_graph,2114.484991,1377.000000,0.048019800,4.293301556,-13.132800641,712.595187213,4.295459300,13.134422039
laser 004,quadratic_graph,2114.446015,1378.000000,0.056039104,4.289465293,-13.035668946,712.586192641,4.291259767,13.037219981
laser 004,quadratic_graph,2114.464523,1379.000000,0.046057072,4.291313980,-12.938871725,712.595475621,4.293557696,12.940501979
laser 004,quadratic_graph,2114.368413,1380.000000,0.071971424,4.281827709,-12.841414942,712.568311538,4.282900440,12.842826135
laser 004,quadratic_graph,2114.297332,1381.000000,0.090047599,4.274817092,-12.744107976,712.549105951,4.275072624,12.745365239
laser 004,quadratic_graph,2114.278652,1382.000000,0.091715662,4.272988251,-12.647102075,712.546560212,4.273167186,12.648341751
laser 004,quadratic_graph,2114.297605,1383.000000,0.081600510,4.274880675,-12.550307694,712.555978433,4.275514863,12.551627697
laser 004,quadratic_graph,2114.321412,1384.000000,0.069966339,4.277253154,-12.453537742,712.566938966,4.278411159,12.454950693
laser 004,quadratic_graph,2114.330014,1385.000000,0.063094810,4.278122120,-12.356680948,712.573063817,4.279588975,12.358147271
laser 004,quadratic_graph,2114.323972,1386.000000,0.060810494,4.277542993,-12.259742351,712.574531122,4.279111647,12.261223931
laser 004,quadratic_graph,2114.297771,1387.000000,0.064840549,4.274970417,-12.162693911,712.569587258,4.276355865,12.164138278
laser 004,quadratic_graph,2114.250620,1388.000000,0.075432440,4.270326290,-12.065533989,712.557980990,4.271232355,12.066886619
laser 004,quadratic_graph,2114.155436,1389.000000,0.101066120,4.260932999,-11.968120638,712.531102393,4.260680752,11.969256541
laser 004,quadratic_graph,2114.047483,1390.000000,0.130697222,4.250278015,-11.870646987,712.500165184,4.248687028,11.871532948
laser 004,quadratic_graph,2114.024911,1391.000000,0.133595366,4.248064727,-11.773630464,712.496370770,4.246341625,11.774488620
laser 004,quadratic_graph,2112.097039,1560.000000,0.051396564,4.060750209,4.611165558,712.436152803,4.062523155,-4.610251468
laser 004,quadratic_graph,2111.853385,1598.000000,-0.021388687,4.037433225,8.295748697,712.477810859,4.042444944,-8.294370245
laser 004,quadratic_graph,2111.853812,1599.000000,-0.025420358,4.037495299,8.392744095,712.481055605,4.042687777,-8.391335837
laser 004,quadratic_graph,2111.843513,1600.000000,-0.026091859,4.036497984,8.489699796,712.480889538,4.041719557,-8.488289650
laser 004,quadratic_graph,2111.798413,1601.000000,-0.015864164,4.032063485,8.586522122,712.469660002,4.036822209,-8.585200641
laser 004,quadratic_graph,2111.726719,1602.000000,0.002691921,4.025002689,8.683238380,712.449976593,4.028922654,-8.682074760
laser 004,quadratic_graph,2111.665944,1603.000000,0.017829426,4.019020590,8.779992159,712.433763351,4.022256098,-8.778957996
laser 004,quadratic_graph,2111.632342,1604.000000,0.024459590,4.015722138,8.876849275,712.426185712,4.018657176,-8.875873888
laser 004,quadratic_graph,2111.614951,1605.000000,0.026015201,4.014024613,8.973769339,712.423759131,4.016888226,-8.972810566
laser 004,quadratic_graph,2111.595812,1606.000000,0.028119412,4.012154496,9.070681738,712.420775707,4.014921922,-9.069744136
laser 004,quadratic_graph,2111.581731,1607.000000,0.028641242,4.010783879,9.167614095,712.419398531,4.013526541,-9.166684519
laser 004,quadratic_graph,2111.597782,1608.000000,0.019729875,4.012388810,9.264670763,712.427596686,4.015532484,-9.263670838
laser 004,quadratic_graph,2111.629107,1609.000000,0.006037031,4.015502156,9.361793570,712.440648346,4.019262659,-9.360683569
laser 004,quadratic_graph,2111.656770,1610.000000,-0.006508306,4.018253982,9.458904547,712.452535201,4.022579520,-9.457694006
laser 004,quadratic_graph,2111.663092,1611.000000,-0.012370031,4.018898290,9.555927805,712.457637768,4.023487193,-9.554672251
laser 004,quadratic_graph,2111.656262,1612.000000,-0.014112118,4.018243745,9.652895854,712.458558660,4.022910070,-9.651629515
laser 004,quadratic_graph,2111.654477,1613.000000,-0.017432693,4.018087447,9.749886186,712.461081827,4.022902440,-9.748595948
laser 004,quadratic_graph,2111.650600,1614.000000,-0.020096889,4.017724556,9.846868085,712.462938744,4.022658592,-9.845559401
laser 004,quadratic_graph,2111.624322,1615.000000,-0.015745119,4.015149402,9.943751130,712.457674069,4.019885810,-9.942482290
laser 004,quadratic_graph,2111.559130,1616.000000,0.000792974,4.008731412,10.040458405,712.440039630,4.012720153,-10.039330656
laser 004,quadratic_graph,2111.558838,1617.000000,-0.002989738,4.008722567,10.137454647,712.443031974,4.012880837,-10.136299157
laser 004,quadratic_graph,2111.509155,1618.000000,0.008694240,4.003836361,10.234226140,712.430324814,4.007466059,-10.233171412
laser 004,quadratic_graph,2111.555390,1619.000000,-0.009654527,4.008422087,10.331436597,712.448102503,4.012878766,-10.330233110
laser 004,quadratic_graph,2111.537811,1620.000000,-0.008020298,4.006706147,10.428354916,712.445596411,4.011087859,-10.427168695
laser 004,quadratic_graph,2111.544856,1621.000000,-0.014095306,4.007421888,10.525388324,712.450915601,4.012076596,-10.524155318
laser 004,quadratic_graph,2111.492155,1622.000000,-0.001460783,4.002237671,10.622139966,712.437243716,4.006320905,-10.621015617
laser 004,quadratic_graph,2111.458986,1623.000000,0.005058827,3.998982353,10.718981424,712.429778808,4.002770114,-10.717914929
laser 004,quadratic_graph,2111.470961,1624.000000,-0.002555726,4.000184880,10.816038885,712.436660762,4.004315128,-10.814912812
laser 004,quadratic_graph,2111.533071,1625.000000,-0.025868183,4.006338338,10.913342534,712.459476793,4.011519610,-10.912026464
laser 004,quadratic_graph,2111.559933,1626.000000,-0.038142603,4.009011191,11.010479249,712.471088701,4.014745276,-11.009064887
laser 004,quadratic_graph,2111.605728,1627.000000,-0.056345280,4.013553967,11.107713091,712.488718031,4.020108443,-11.106151185
laser 004,quadratic_graph,2111.611328,1628.000000,-0.061959313,4.014127183,11.204750772,712.493569345,4.020933851,-11.203145909
laser 004,quadratic_graph,2111.597371,1629.000000,-0.061447350,4.012768935,11.301691184,712.492202534,4.019551293,-11.300094262
laser 004,quadratic_graph,2111.584323,1630.000000,-0.061218756,4.011500476,11.398635931,712.491123375,4.018271316,-11.397044594
laser 004,quadratic_graph,2111.574480,1631.000000,-0.061992571,4.010548558,11.495596913,712.491061720,4.017353124,-11.494002833
laser 004,quadratic_graph,2111.571756,1632.000000,-0.064994560,4.010299723,11.592594800,712.493261761,4.017238586,-11.590979465
laser 004,quadratic_graph,2111.564648,1633.000000,-0.066622298,4.009617934,11.689570491,712.494066902,4.016629067,-11.687945318
laser 004,quadratic_graph,2111.504213,1634.000000,-0.051548376,4.003669716,11.786265903,712.477919304,4.009999276,-11.784769652
laser 004,quadratic_graph,2111.455744,1635.000000,-0.040220973,3.998903428,11.883020486,712.465574603,4.004720517,-11.881622030
laser 004,quadratic_graph,2111.385174,1636.000000,-0.021971995,3.991954918,11.979653613,712.446204332,3.996947126,-11.978410457
laser 004,quadratic_graph,2111.351696,1637.000000,-0.015337067,3.988669310,12.076481511,712.438622740,3.993360847,-12.075297164
laser 004,quadratic_graph,2111.327424,1638.000000,-0.011583590,3.986292793,12.173357455,712.433965940,3.990813716,-12.172207976
laser 004,quadratic_graph,2111.316254,1639.000000,-0.011931393,3.985210013,12.270303976,712.433472084,3.989745437,-12.269155292
laser 004,quadratic_graph,2111.333281,1640.000000,-0.021107172,3.986911463,12.367406106,712.441938880,3.991859847,-12.366184873
laser 004,quadratic_graph,2111.370462,1641.000000,-0.036592937,3.990603089,12.464622765,712.456810471,3.996249240,-12.463276560
laser 004,quadratic_graph,2111.400640,1642.000000,-0.049884983,3.993603338,12.561804301,712.469455367,3.999848240,-12.560351348
laser 004,quadratic_graph,2111.388315,1643.000000,-0.049865851,3.992406495,12.658749195,712.468589096,3.998649338,-12.657300085
laser 004,quadratic_graph,2111.347915,1644.000000,-0.041053670,3.988437336,12.755534083,712.458797707,3.994281240,-12.754161869
laser 004,quadratic_graph,2111.343757,1645.000000,-0.043589425,3.988046996,12.852524317,712.460524751,3.994004158,-12.851134720
laser 004,quadratic_graph,2111.388964,1646.000000,-0.061582959,3.992531381,12.949800467,712.477941758,3.999299502,-12.948265061
laser 004,quadratic_graph,2111.451327,1647.000000,-0.084949015,3.998710255,13.047181384,712.500811952,4.006531828,-13.045455534
laser 004,quadratic_graph,2111.501648,1648.000000,-0.104543632,4.003700251,13.144497979,712.519854034,4.012405050,-13.142613019
laser 004,quadratic_graph,2111.470048,1649.000000,-0.098479675,4.000599788,13.241335604,712.512852223,4.009029692,-13.239504707
laser 004,quadratic_graph,2111.482313,1650.000000,-0.106152907,4.001831449,13.338432602,712.519793899,4.010606498,-13.336541639
laser 004,quadratic_graph,2111.445262,1651.000000,-0.098379092,3.998192696,13.435235794,712.511056611,4.006615675,-13.433413099
laser 004,quadratic_graph,2111.439362,1652.000000,-0.100360422,3.997630404,13.532224879,712.512220958,4.006141621,-13.530389405
laser 004,quadratic_graph,2111.406089,1653.000000,-0.093767382,3.994364859,13.629047827,712.504682235,4.002577302,-13.627270812
laser 004,quadratic_graph,2111.413527,1654.000000,-0.099923455,3.995119795,13.726118265,712.510084029,4.003608907,-13.724293788
laser 004,quadratic_graph,2111.407517,1655.000000,-0.101866415,3.994546672,13.823107281,712.511209479,4.003122290,-13.821270343
laser 004,quadratic_graph,2111.361173,1656.000000,-0.091175759,3.989990391,13.919846058,712.499511729,3.998082288,-13.918101621
laser 004,quadratic_graph,2111.297660,1657.000000,-0.075107246,3.983738857,14.016474324,712.482355463,3.991104300,-14.014867066
laser 004,quadratic_graph,2111.244737,1658.000000,-0.062354552,3.978533321,14.113164739,712.468564830,3.985321971,-14.111667113
laser 004,quadratic_graph,2111.213611,1659.000000,-0.056426825,3.975480235,14.209989759,712.461701618,3.982000145,-14.208545062
laser 004,quadratic_graph,2111.218205,1660.000000,-0.061683792,3.975954229,14.307041121,712.466190937,3.982710228,-14.305556431
laser 004,quadratic_graph,2111.260683,1661.000000,-0.078803612,3.980169083,14.404337387,712.482721078,3.987696611,-14.402714147
laser 004,quadratic_graph,2111.316355,1662.000000,-0.100055138,3.985687071,14.501723675,712.503444882,3.994172615,-14.499927557
laser 004,quadratic_graph,2111.355129,1663.000000,-0.116013972,3.989536612,14.599005593,712.518796577,3.998741284,-14.597080571
laser 004,quadratic_graph,2111.358722,1664.000000,-0.120952962,3.989911934,14.696060989,712.522963133,3.999338344,-14.694098615
laser 004,quadratic_graph,2111.330317,1665.000000,-0.115868624,3.987127287,14.792906304,712.516956050,3.996323026,-14.790989851
laser 004,quadratic_graph,2111.286160,1666.000000,-0.105849571,3.982787164,14.889645378,712.505940285,3.991529499,-14.887815844
laser 004,quadratic_graph,2111.250417,1667.000000,-0.098464682,3.979278047,14.986437842,712.497598225,3.987685875,-14.984673342
laser 004,quadratic_graph,2111.249646,1668.000000,-0.102031431,3.979222404,15.083463604,712.500372043,3.987790035,-15.081673151
laser 004,quadratic_graph,2111.262244,1669.000000,-0.109784020,3.980486957,15.180580812,712.507394466,3.989403322,-15.178729631
laser 004,quadratic_graph,2111.233447,1670.000000,-0.104570588,3.977663794,15.277417718,712.501256498,3.986343663,-15.275613530
laser 004,quadratic_graph,2111.173684,1671.000000,-0.089657890,3.971782964,15.374040533,712.485273907,3.979788553,-15.372363920
laser 004,quadratic_graph,2111.117533,1672.000000,-0.075875707,3.966259049,15.470684051,712.470438831,3.973641385,-15.469125618
laser 004,quadratic_graph,2111.079657,1673.000000,-0.067815732,3.962539756,15.567450628,712.461411777,3.969557117,-15.565962837
laser 004,quadratic_graph,2111.061228,1674.000000,-0.065844574,3.960740646,15.664350822,712.458564827,3.967667855,-15.662883086
laser 004,quadratic_graph,2111.056584,1675.000000,-0.068188999,3.960302613,15.761347320,712.460098152,3.967334458,-15.759863786
laser 004,quadratic_graph,2111.055130,1676.000000,-0.071531110,3.960179555,15.858366914,712.462644128,3.967361067,-15.856859293
laser 004,quadratic_graph,2111.053023,1677.000000,-0.074667441,3.959992034,15.955382648,712.464981253,3.967313926,-15.953852649
laser 004,quadratic_graph,2111.062695,1678.000000,-0.081491290,3.960967538,16.052483517,712.471061151,3.968596249,-16.050900505
laser 004,quadratic_graph,2111.087948,1679.000000,-0.093193558,3.963481522,16.149698465,712.482092552,3.971637244,-16.148021909
laser 004,quadratic_graph,2111.088837,1680.000000,-0.097264414,3.963589870,16.246739824,712.485378222,3.971928153,-16.245033126
laser 004,quadratic_graph,2111.034550,1681.000000,-0.084054088,3.958250256,16.343379641,712.471123887,3.965991102,-16.341786372
laser 004,quadratic_graph,2110.960568,1682.000000,-0.064675378,3.950966365,16.439871162,712.450608839,3.957831360,-16.438442567
laser 004,quadratic_graph,2110.906329,1683.000000,-0.051478756,3.945632018,16.536502948,712.436368524,3.951900195,-16.535187667
laser 004,quadratic_graph,2110.894845,1684.000000,-0.051669434,3.944518790,16.633448393,712.435716025,3.950794396,-16.632135205
laser 004,quadratic_graph,2110.919384,1685.000000,-0.063139245,3.946961977,16.730662772,712.446511559,3.953754103,-16.729257971
laser 004,quadratic_graph,2110.935987,1686.000000,-0.072122859,3.948621734,16.827820587,712.454783665,3.955818165,-16.826344830
laser 004,quadratic_graph,2110.920239,1687.000000,-0.070974300,3.947087533,16.924736359,712.452771914,3.954230946,-16.923273820
laser 004,quadratic_graph,2110.894317,1688.000000,-0.066638417,3.944548902,17.021574383,712.447525149,3.951495436,-17.020151544
laser 004,quadratic_graph,2110.892124,1689.000000,-0.069732059,3.944352985,17.118592395,712.449819145,3.951437977,-17.117147531
laser 004,quadratic_graph,2110.919986,1690.000000,-0.082236467,3.947124364,17.215842091,712.461664769,3.954772576,-17.214297018
laser 004,quadratic_graph,2110.960922,1691.000000,-0.098834454,3.951186689,17.313196162,712.477665227,3.959582889,-17.311516872
laser 004,quadratic_graph,2110.997807,1692.000000,-0.114163119,3.954849227,17.410523226,712.492377348,3.963936123,-17.408720264
laser 004,quadratic_graph,2111.021843,1693.000000,-0.125466743,3.957243211,17.507753993,712.503004183,3.966839130,-17.505860799
laser 004,quadratic_graph,2111.022674,1694.000000,-0.129501395,3.957345978,17.604805402,712.506253279,3.967122831,-17.602882365
laser 004,quadratic_graph,2110.989714,1695.000000,-0.122951320,3.954112243,17.701590785,712.498759301,3.963592279,-17.699725841
laser 004,quadratic_graph,2110.931378,1696.000000,-0.108452592,3.948373092,17.798172627,712.483197794,3.957197545,-17.796431812
laser 004,quadratic_graph,2110.871696,1697.000000,-0.093531655,3.942501310,17.894739600,712.467207818,3.950651123,-17.893126421
laser 004,quadratic_graph,2110.829826,1698.000000,-0.084188100,3.938388285,17.991445383,712.456878702,3.946115198,-17.989913504
laser 004,quadratic_graph,2110.802376,1699.000000,-0.079359229,3.935698974,18.088264890,712.451131836,3.943206761,-18.086776804
laser 004,quadratic_graph,2110.771556,1700.000000,-0.073473803,3.932677025,18.185055584,712.444312644,3.939917998,-18.183620068
laser 004,quadratic_graph,2110.729309,1701.000000,-0.064008864,3.928527086,18.281751285,712.433860447,3.935339681,-18.280398076
laser 004,quadratic_graph,2110.687572,1702.000000,-0.054702594,3.924427621,18.378448436,712.423569334,3.930819001,-18.377176217
laser 004,quadratic_graph,2110.683985,1703.000000,-0.057341294,3.924094201,18.475457492,712.425401825,3.930603511,-18.474167026
laser 004,quadratic_graph,2110.715936,1704.000000,-0.071107231,3.927268989,18.572761758,712.438527923,3.934398465,-18.571360601
laser 004,quadratic_graph,2110.743918,1705.000000,-0.083629422,3.930052084,18.670036641,712.450391669,3.937745589,-18.668535127
laser 004,quadratic_graph,2110.738024,1706.000000,-0.085541904,3.929490955,18.767031094,712.451487103,3.937269612,-18.765517366
laser 004,quadratic_graph,2110.692186,1707.000000,-0.074944339,3.924986586,18.863689627,712.439885523,3.932285747,-18.862267614
laser 004,quadratic_graph,2110.634557,1708.000000,-0.060653576,3.919318439,18.960245332,712.424535593,3.925971409,-18.958945718
laser 004,quadratic_graph,2110.612243,1709.000000,-0.057420320,3.917136489,19.057097364,712.420408471,3.923642356,-19.055828284
laser 004,quadratic_graph,2110.652338,1710.000000,-0.073728592,3.921115144,19.154481936,712.436114913,3.928355929,-19.153081044
laser 004,quadratic_graph,2110.701787,1711.000000,-0.092965599,3.926017417,19.251951293,712.454793833,3.934125312,-19.250394258
laser 004,quadratic_graph,2110.724942,1712.000000,-0.103967569,3.928324114,19.349198773,712.465114652,3.936927425,-19.347554010
laser 004,quadratic_graph,2110.712334,1713.000000,-0.103768313,3.927100231,19.446138751,712.464066898,3.935693383,-19.444499316
laser 004,quadratic_graph,2110.658302,1714.000000,-0.090595078,3.921786994,19.542717205,712.449851377,3.929784397,-19.541190884
laser 004,quadratic_graph,2110.579795,1715.000000,-0.069756785,3.914057985,19.639077371,712.427856357,3.921113672,-19.637727841
laser 004,quadratic_graph,2110.524200,1716.000000,-0.056092850,3.908591012,19.735633515,712.413142919,3.915028804,-19.734401174
laser 004,quadratic_graph,2110.500590,1717.000000,-0.052443416,3.906281322,19.832468901,712.408593597,3.912553230,-19.831270550
laser 004,quadratic_graph,2110.556501,1718.000000,-0.073693524,3.911820981,19.930010521,712.429315683,3.919050865,-19.928639302
laser 004,quadratic_graph,2110.545279,1719.000000,-0.073920510,3.910734059,20.026957819,712.428700692,3.917973025,-20.025588387
laser 004,quadratic_graph,2110.543670,1720.000000,-0.077156469,3.910596052,20.123991407,712.431139621,3.917979913,-20.122598763
laser 004,quadratic_graph,2110.556645,1721.000000,-0.084958159,3.911897667,20.221157400,712.438212458,3.919632501,-20.219703614
laser 004,quadratic_graph,2110.514150,1722.000000,-0.075388080,3.907723797,20.317822385,712.427654190,3.915025517,-20.316451776
laser 004,quadratic_graph,2110.538260,1723.000000,-0.086674065,3.910124551,20.415091516,712.438263358,3.917934510,-20.413630817
laser 004,quadratic_graph,2110.547912,1724.000000,-0.093431366,3.911098190,20.512231284,712.444276237,3.919211983,-20.510718120
laser 004,quadratic_graph,2110.524097,1725.000000,-0.089706892,3.908768238,20.609064946,712.439650904,3.916712764,-20.607586395
laser 004,quadratic_graph,2110.476143,1726.000000,-0.078422035,3.904055600,20.705674376,712.427352386,3.911489616,-20.704293246
laser 004,quadratic_graph,2110.517366,1727.000000,-0.095061908,3.908145589,20.803108595,712.443395357,3.916329498,-20.801592897
laser 004,quadratic_graph,2110.491171,1728.000000,-0.090588198,3.905580762,20.899918386,712.438009679,3.913561588,-20.898443525
laser 004,quadratic_graph,2110.502424,1729.000000,-0.097840364,3.906712461,20.997077785,712.444524861,3.915019460,-20.995546346
laser 004,quadratic_graph,2110.532331,1730.000000,-0.110933242,3.909685597,21.094414713,712.456967895,3.918582393,-21.092778174
laser 004,quadratic_graph,2110.511261,1731.000000,-0.108060407,3.907626646,21.191272967,712.453207030,3.916392617,-21.189663964
laser 004,quadratic_graph,2110.517920,1732.000000,-0.113870227,3.908304934,21.288393796,712.458258363,3.917331978,-21.286740197
laser 004,quadratic_graph,2110.491722,1733.000000,-0.109388816,3.905739812,21.385202482,712.452864971,3.914563427,-21.383589784
laser 004,quadratic_graph,2110.528461,1734.000000,-0.124616472,3.909387445,21.482613305,712.467474625,3.918897214,-21.480877770
laser 004,quadratic_graph,2110.472207,1735.000000,-0.110719514,3.903855394,21.579132507,712.452525308,3.912736759,-21.577516092
laser 004,quadratic_graph,2110.399643,1736.000000,-0.091714249,3.896713684,21.675489979,712.432391562,3.904736077,-21.674035123
laser 004,quadratic_graph,2110.324778,1737.000000,-0.071988213,3.889345275,21.771819760,712.411526363,3.896476165,-21.770532449
laser 004,quadratic_graph,2110.254815,1738.000000,-0.053796925,3.882461098,21.868191857,712.392218862,3.888769757,-21.867059341
laser 004,quadratic_graph,2110.206033,1739.000000,-0.042237217,3.877667629,21.964766481,712.379641870,3.883453378,-21.963733668
laser 004,quadratic_graph,2110.190365,1740.000000,-0.041044714,3.876142272,22.061663855,712.377586675,3.881873043,-22.060644617
laser 004,quadratic_graph,2110.196397,1741.000000,-0.046645387,3.876758485,22.158775390,712.382425938,3.882740892,-22.157713292
laser 004,quadratic_graph,2110.215414,1742.000000,-0.056310673,3.878656228,22.256017345,712.391390403,3.885073731,-22.254878620
laser 004,quadratic_graph,2110.244432,1743.000000,-0.069106502,3.881541078,22.353361644,712.403532062,3.888534977,-22.352120285
laser 004,quadratic_graph,2110.265087,1744.000000,-0.079282651,3.883600633,22.450625582,712.413014992,3.891052687,-22.449303351
laser 004,quadratic_graph,2110.259585,1745.000000,-0.081266830,3.883078601,22.547628993,712.414183877,3.890619060,-22.546293947
laser 004,quadratic_graph,2110.220547,1746.000000,-0.072748318,3.879246715,22.644293904,712.404693596,3.886401534,-22.643033293
laser 004,quadratic_graph,2110.147065,1747.000000,-0.053443600,3.872015665,22.740606770,712.384256447,3.878298003,-22.739510203
laser 004,quadratic_graph,2110.076225,1748.000000,-0.034965880,3.865045754,22.836941156,712.364658682,3.870492937,-22.836001761
laser 004,quadratic_graph,2110.040495,1749.000000,-0.027480360,3.861540829,22.933629707,712.356216926,3.866648998,-22.932756165
laser 004,quadratic_graph,2110.047253,1750.000000,-0.033296325,3.862228673,23.030752789,712.361274820,3.867598199,-23.029834598
laser 004,quadratic_graph,2110.075892,1751.000000,-0.045962106,3.865075822,23.128103227,712.373284557,3.871015878,-23.127083481
laser 004,quadratic_graph,2110.086663,1752.000000,-0.053032242,3.866159759,23.225271858,712.379615303,3.872417781,-23.224197043
laser 004,quadratic_graph,2110.074139,1753.000000,-0.052807156,3.864944843,23.322199865,712.378542193,3.871191557,-23.321130587
laser 004,quadratic_graph,2110.055317,1754.000000,-0.050608789,3.863108431,23.419061876,712.375466439,3.869254773,-23.418014527
laser 004,quadratic_graph,2110.043968,1755.000000,-0.050749001,3.862009502,23.516001603,712.374764108,3.868161024,-23.514956755
laser 004,quadratic_graph,2110.033495,1756.000000,-0.051162190,3.860997031,23.612950494,712.374338838,3.867166056,-23.611905880
laser 004,quadratic_graph,2109.999770,1757.000000,-0.044293713,3.857690041,23.709653350,712.366523519,3.863547906,-23.708669461
laser 004,quadratic_graph,2109.949735,1758.000000,-0.032317502,3.852773712,23.806180922,712.353524470,3.858089877,-23.805300192
laser 004,quadratic_graph,2109.926933,1759.000000,-0.028866677,3.850544742,23.902995599,712.349177751,3.855704006,-23.902147202
laser 004,quadratic_graph,2109.930499,1760.000000,-0.033670130,3.850917650,24.000091640,712.353208189,3.856292575,-23.999207003
laser 004,quadratic_graph,2109.926238,1761.000000,-0.036021729,3.850518239,24.097104731,712.354750291,3.855998160,-24.096204223
laser 004,quadratic_graph,2109.919140,1762.000000,-0.037483778,3.849838897,24.194087735,712.355389620,3.855383664,-24.193178746
laser 004,quadratic_graph,2109.919353,1763.000000,-0.041233577,3.849880981,24.291150295,712.358350758,3.855593853,-24.290213820
laser 004,quadratic_graph,2109.922542,1764.000000,-0.045913891,3.850216738,24.388246181,712.362256264,3.856139716,-24.387274489
laser 004,quadratic_graph,2109.910920,1765.000000,-0.045955567,3.849091013,24.485181409,712.361454131,3.855014729,-24.484213036
laser 004,quadratic_graph,2109.882105,1766.000000,-0.040612827,3.846268788,24.581927928,712.355187503,3.851950213,-24.581007603
laser 004,quadratic_graph,2109.853585,1767.000000,-0.035361238,3.843475730,24.678676120,712.349013412,3.848918979,-24.677803087
laser 004,quadratic_graph,2109.832521,1768.000000,-0.032442815,3.841418414,24.775505200,712.345207223,3.846728796,-24.774660075
laser 004,quadratic_graph,2109.818447,1769.000000,-0.031711592,3.840050829,24.872410961,712.343620790,3.845327065,-24.871575575
laser 004,quadratic_graph,2109.816226,1770.000000,-0.034690100,3.839852789,24.969448499,712.345799278,3.845262321,-24.968592033
laser 004,quadratic_graph,2109.826922,1771.000000,-0.041711550,3.840929291,25.066631258,712.352080839,3.846654600,-25.065720125
laser 004,quadratic_graph,2109.828996,1772.000000,-0.046032264,3.841155072,25.163719033,712.355621510,3.847074259,-25.162775670
laser 004,quadratic_graph,2109.812018,1773.000000,-0.044386540,3.839500973,25.260593120,712.353107045,3.845344739,-25.259667092
laser 004,quadratic_graph,2109.802073,1774.000000,-0.044941527,3.838540843,25.357546242,712.352826031,3.844408519,-25.356619267
laser 004,quadratic_graph,2109.810441,1775.000000,-0.051228999,3.839387687,25.454707452,712.358362736,3.845538013,-25.453731907
laser 004,quadratic_graph,2109.804437,1776.000000,-0.053015311,3.838816439,25.551706412,712.359331379,3.845046253,-25.550719690
laser 004,quadratic_graph,2109.742991,1777.000000,-0.037441609,3.832774781,25.648071156,712.342682002,3.838300528,-25.647217474
laser 004,quadratic_graph,2109.656457,1778.000000,-0.014012982,3.824258211,25.744143295,712.318061018,3.828725355,-25.743487907
laser 004,quadratic_graph,2109.597255,1779.000000,0.000859041,3.818438634,25.840524092,712.302123870,3.822233383,-25.839995913
laser 004,quadratic_graph,2109.584550,1780.000000,0.001175934,3.817206353,25.937438875,712.300958187,3.820985662,-25.936916991
laser 004,quadratic_graph,2109.604000,1781.000000,-0.008572239,3.819146339,26.034727048,712.310007140,3.823364501,-26.034127844
laser 004,quadratic_graph,2109.617357,1782.000000,-0.016411814,3.820485263,26.131946771,712.317119134,3.825056133,-26.131286103
laser 004,quadratic_graph,2109.600930,1783.000000,-0.014925729,3.818885787,26.228819948,712.314766928,3.823388446,-26.228175286
laser 004,quadratic_graph,2109.565251,1784.000000,-0.007411268,3.815387021,26.325466447,712.306296822,3.819549375,-26.324887872
laser 004,quadratic_graph,2109.546309,1785.000000,-0.005135284,3.813539492,26.422308122,712.303143038,3.817597984,-26.421752116
laser 004,quadratic_graph,2109.582462,1786.000000,-0.020106197,3.817127355,26.519801088,712.317492331,3.821860434,-26.519124375
laser 004,quadratic_graph,2109.655302,1787.000000,-0.046562648,3.824334996,26.617733907,712.343497719,3.830261069,-26.616841071
laser 004,quadratic_graph,2109.711848,1788.000000,-0.067917811,3.829935458,26.715479742,712.364326022,3.836824275,-26.714413162
laser 004,quadratic_graph,2109.718648,1789.000000,-0.073696285,3.830627708,26.812636145,712.369346310,3.837776207,-26.811525222
laser 004,quadratic_graph,2109.684050,1790.000000,-0.066511202,3.827235262,26.909296887,712.361210571,3.834058325,-26.908249314
laser 004,quadratic_graph,2109.644506,1791.000000,-0.057776375,3.823354905,27.005895944,712.351502117,3.829782584,-27.004924594
laser 004,quadratic_graph,2109.602469,1792.000000,-0.048259939,3.819228698,27.102462349,712.341000491,3.825225716,-27.101573716
laser 004,quadratic_graph,2109.536281,1793.000000,-0.031181276,3.812719952,27.198732899,712.322824428,3.817944983,-27.197989805
laser 004,quadratic_graph,2109.515404,1794.000000,-0.028287583,3.810681594,27.295550586,712.319043937,3.815774885,-27.294835190
laser 004,quadratic_graph,2109.476610,1795.000000,-0.019783365,3.806875710,27.392148365,712.309569680,3.811584028,-27.391507276
laser 004,quadratic_graph,2109.507244,1796.000000,-0.033013732,3.809919134,27.489595389,712.322152595,3.815223483,-27.488848051
laser 004,quadratic_graph,2109.512582,1797.000000,-0.038323450,3.810467056,27.586734574,712.326697314,3.816009933,-27.585946786
laser 004,quadratic_graph,2109.544044,1798.000000,-0.051811072,3.813592338,27.684197884,712.339541286,3.819742857,-27.683301710
laser 004,quadratic_graph,2109.530842,1799.000000,-0.051313644,3.812311183,27.781111099,712.338192704,3.818438121,-27.780222716
laser 004,quadratic_graph,2109.502165,1800.000000,-0.045969859,3.809503327,27.877831561,712.331925887,3.815387942,-27.876991229
laser 004,quadratic_graph,2109.492688,1801.000000,-0.046636084,3.808589707,27.974790151,712.331758266,3.814503265,-27.973947943
laser 004,quadratic_graph,2109.510081,1802.000000,-0.055713755,3.810327005,28.072085448,712.340126877,3.816649161,-28.071171489
laser 004,quadratic_graph,2109.535871,1803.000000,-0.067419454,3.812892809,28.169488732,712.351162494,3.819742182,-28.168481189
laser 004,quadratic_graph,2109.260428,1804.000000,0.015183698,3.785742028,28.263095621,712.266490575,3.788861933,-28.262777943
laser 004,quadratic_graph,2109.109921,1805.000000,0.058666864,3.770918695,28.358261152,712.221518994,3.772074836,-28.358308358
laser 004,quadratic_graph,2107.074475,2013.000000,-0.030292836,3.574839592,48.523146948,712.136736782,3.579786001,-48.523212657
laser 004,quadratic_graph,2107.142141,2014.000000,-0.054825614,3.581530568,48.621779355,712.160787617,3.587583235,-48.621644916
laser 004,quadratic_graph,2107.147656,2015.000000,-0.059904515,3.582096929,48.719067741,712.165100885,3.588377796,-48.718894741
laser 004,quadratic_graph,2107.119380,2016.000000,-0.054405392,3.579333255,48.815621599,712.158681911,3.585364882,-48.815497901
laser 004,quadratic_graph,2107.076692,2017.000000,-0.044394193,3.575149417,48.911859437,712.147685116,3.580728149,-48.911822520
laser 004,quadratic_graph,2107.047702,2018.000000,-0.038669257,3.572315526,49.008393981,712.141037106,3.577634826,-49.008408241
laser 004,quadratic_graph,2107.044786,2019.000000,-0.041103878,3.572051045,49.105498107,712.142667619,3.577479197,-49.105495770
laser 004,quadratic_graph,2107.044743,2020.000000,-0.044436420,3.572069686,49.202665938,712.145209155,3.577647219,-49.202639545
laser 004,quadratic_graph,2107.029616,2021.000000,-0.043046521,3.570601929,49.299502916,712.142959435,3.576115694,-49.299491693
laser 004,quadratic_graph,2107.014841,2022.000000,-0.041765494,3.569168877,49.396347238,712.140820196,3.574623789,-49.396350280
laser 004,quadratic_graph,2107.017604,2023.000000,-0.045972354,3.569464046,49.493578409,712.144248831,3.575107803,-49.493550132
laser 004,quadratic_graph,2107.027170,2024.000000,-0.052307245,3.570429614,49.590961221,712.149836512,3.576358265,-49.590883949
laser 004,quadratic_graph,2107.027088,2025.000000,-0.055621104,3.570444463,49.688131895,712.152359151,3.576521654,-49.688030723
laser 004,quadratic_graph,2107.012690,2026.000000,-0.054452788,3.569048584,49.784985500,712.150334329,3.575072010,-49.784897655
laser 004,quadratic_graph,2106.997749,2027.000000,-0.053113214,3.567599213,49.881826670,712.148135777,3.573561146,-49.881753577
laser 004,quadratic_graph,2107.003298,2028.000000,-0.058185633,3.568168975,49.979124296,712.152442633,3.574358822,-49.979012694
laser 004,quadratic_graph,2107.017572,2029.000000,-0.065987764,3.569598551,50.076618218,712.159518963,3.576139518,-50.076445434
laser 004,quadratic_graph,2107.013433,2030.000000,-0.068025294,3.569213660,50.173702126,712.160746742,3.575845562,-50.173516041
laser 004,quadratic_graph,2106.972996,2031.000000,-0.058700133,3.565251877,50.269972531,712.150446382,3.571461854,-50.269867525
laser 004,quadratic_graph,2106.872125,2032.000000,-0.030459223,3.555335325,50.364882505,712.120954887,3.560269611,-50.365015695
laser 004,quadratic_graph,2106.747952,2033.000000,0.005072915,3.543123798,50.459260316,712.084066094,3.546453301,-50.459692263
laser 004,quadratic_graph,2106.687669,2034.000000,0.020610358,3.537207621,50.555069278,712.067463186,3.539834808,-50.555633902
laser 004,quadratic_graph,2106.685569,2035.000000,0.017941693,3.537023625,50.652188536,712.069331469,3.539770235,-50.652734616
laser 004,quadratic_graph,2106.725043,2036.000000,0.002264290,3.540935502,50.750249657,712.084397858,3.544388688,-50.750669142
laser 004,quadratic_graph,2106.779387,2037.000000,-0.018066132,3.546312648,50.848652424,712.104184971,3.550682427,-50.848906665
laser 004,quadratic_graph,2106.818382,2038.000000,-0.033592491,3.550177757,50.946712023,712.119098074,3.555247297,-50.946840922
laser 004,quadratic_graph,2106.833421,2039.000000,-0.041620353,3.551682578,51.044230430,712.126403542,3.557113430,-51.044296271
laser 004,quadratic_graph,2106.834623,2040.000000,-0.045316299,3.551824033,51.141435359,712.129314059,3.557420677,-51.141474123
laser 004,quadratic_graph,2106.839682,2041.000000,-0.050218151,3.552345546,51.238729448,712.133448037,3.558162411,-51.238731119
laser 004,quadratic_graph,2106.850744,2042.000000,-0.056997633,3.553458585,51.336162348,712.139486969,3.559580418,-51.336111330
laser 004,quadratic_graph,2106.859033,2043.000000,-0.062907975,3.554298414,51.433533479,712.144644120,3.560685988,-51.433436990
laser 004,quadratic_graph,2106.849961,2044.000000,-0.063383115,3.553427566,51.530507122,712.144287010,3.559835562,-51.530410308
laser 004,quadratic_graph,2106.827192,2045.000000,-0.059569859,3.551207091,51.627165412,712.139579145,3.557441950,-51.627103892
laser 004,quadratic_graph,2106.833296,2046.000000,-0.064792390,3.551831638,51.724488858,712.144038512,3.558301194,-51.724387581
laser 004,quadratic_graph,2106.843057,2047.000000,-0.071158320,3.552816556,51.821898273,712.149657913,3.559572417,-51.821747740
laser 004,quadratic_graph,2106.812140,2048.000000,-0.064790759,3.549793231,51.918367262,712.142358658,3.556260667,-51.918273239
laser 004,quadratic_graph,2106.743014,2049.000000,-0.046463189,3.543005206,52.013947892,712.122925521,3.548644400,-52.014009719
laser 004,quadratic_graph,2106.665411,2050.000000,-0.025482326,3.535382369,52.109326460,712.100800576,3.540073564,-52.109566175
laser 004,quadratic_graph,2106.646448,2051.000000,-0.022852825,3.533537158,52.206064883,712.097293858,3.538108649,-52.206330059
laser 004,quadratic_graph,2106.676883,2052.000000,-0.035681734,3.536558793,52.303955094,712.109470294,3.541708299,-52.304117332
laser 004,quadratic_graph,2106.713883,2053.000000,-0.050564475,3.540227387,52.402002324,712.123730405,3.546047609,-52.402044567
laser 004,quadratic_graph,2106.728387,2054.000000,-0.058405444,3.541679589,52.499526827,712.130846378,3.547852695,-52.499507562
laser 004,quadratic_graph,2106.715898,2055.000000,-0.057796703,3.540472194,52.596420136,712.129389836,3.546616805,-52.596409546
laser 004,quadratic_graph,2106.697494,2056.000000,-0.055335351,3.538682015,52.693174215,712.126053779,3.544714513,-52.693187689
laser 004,quadratic_graph,2106.690563,2057.000000,-0.056463569,3.538022270,52.790197778,712.126359478,3.544104672,-52.790205500
laser 004,quadratic_graph,2106.704599,2058.000000,-0.064152899,3.539428394,52.887716306,712.133321638,3.545856837,-52.887663781
laser 004,quadratic_graph,2106.725599,2059.000000,-0.074020784,3.541520736,52.985401558,712.142494004,3.548393551,-52.985270689
laser 004,quadratic_graph,2106.718762,2060.000000,-0.075174524,3.540870275,53.082430336,712.142825625,3.547794147,-53.082293502
laser 004,quadratic_graph,2106.686616,2061.000000,-0.068405319,3.537726105,53.178858995,712.135119223,3.544343430,-53.178782005
laser 004,quadratic_graph,2106.641504,2062.000000,-0.057576787,3.533304509,53.274977628,712.123294566,3.539432068,-53.274994198
laser 004,quadratic_graph,2106.608359,2063.000000,-0.050492679,3.530062091,53.371378190,712.115268760,3.535868890,-53.371457219
laser 004,quadratic_graph,2106.587822,2064.000000,-0.047353371,3.528061915,53.468077504,712.111245080,3.533726005,-53.468186226
laser 004,quadratic_graph,2106.541725,2065.000000,-0.036213358,3.523543597,53.564165200,712.099104537,3.528703864,-53.564370069
laser 004,quadratic_graph,2106.533947,2066.000000,-0.037064668,3.522800507,53.661167059,712.099129482,3.527998183,-53.661368474
laser 004,quadratic_graph,2106.633019,2067.000000,-0.071356432,3.532584625,53.760731555,712.133080435,3.539329054,-53.760651763
laser 004,quadratic_graph,2106.685505,2068.000000,-0.091067896,3.537779359,53.859186403,712.152239346,3.545412456,-53.858946506
laser 004,quadratic_graph,2106.663804,2069.000000,-0.087557311,3.535664399,53.955861010,712.147839061,3.543138032,-53.955653889
laser 004,quadratic_graph,2106.595234,2070.000000,-0.069375622,3.528931567,54.051404497,712.128554735,3.535583551,-54.051352010
laser 004,quadratic_graph,2106.543169,2071.000000,-0.056359272,3.523825186,54.147341685,712.114510782,3.529888660,-54.147400927
laser 004,quadratic_graph,2106.550268,2072.000000,-0.061858953,3.524547860,54.244706912,712.119251643,3.530858552,-54.244724091
laser 004,quadratic_graph,2106.588125,2073.000000,-0.076984380,3.528300998,54.342819279,712.133757948,3.535293368,-54.342714445
laser 004,quadratic_graph,2106.606333,2074.000000,-0.085958847,3.530118301,54.440458654,712.142024019,3.537514724,-54.440282895
laser 004,quadratic_graph,2106.583796,2075.000000,-0.082178826,3.527921098,54.537109203,712.137350530,3.535145898,-54.536968458
laser 004,quadratic_graph,2106.564576,2076.000000,-0.079435754,3.526050741,54.633839536,712.133729062,3.533150720,-54.633725191
laser 004,quadratic_graph,2106.579928,2077.000000,-0.087512376,3.527586660,54.731413188,712.141084281,3.535050170,-54.731235376
laser 004,quadratic_graph,2106.605749,2078.000000,-0.098864760,3.530154137,54.829245135,712.151762782,3.538129029,-54.828976648
laser 004,quadratic_graph,2106.619879,2079.000000,-0.106556642,3.531569762,54.926793757,712.158727677,3.539890820,-54.926464998
laser 004,quadratic_graph,2106.619453,2080.000000,-0.109690995,3.531551179,55.023987192,712.161068939,3.540012697,-55.023636015
laser 004,quadratic_graph,2106.605685,2081.000000,-0.108647724,3.530217987,55.120853394,712.159171999,3.538631408,-55.120514499
laser 004,quadratic_graph,2106.573434,2082.000000,-0.101817679,3.527063674,55.217264001,712.151404387,3.535167812,-55.216985450
laser 004,quadratic_graph,2106.508097,2083.000000,-0.084630482,3.520649615,55.312856312,712.133129472,3.527976996,-55.312724131
laser 004,quadratic_graph,2106.506723,2084.000000,-0.087462695,3.520537629,55.410024938,712.135164296,3.527991836,-55.409872849
laser 004,quadratic_graph,2106.487483,2085.000000,-0.084701566,3.518665423,55.506751944,712.131524697,3.525993998,-55.506626404
laser 004,quadratic_graph,2106.491920,2086.000000,-0.089349993,3.519125975,55.604065473,712.135402096,3.526663351,-55.603904939
laser 004,quadratic_graph,2106.557607,2087.000000,-0.113169177,3.525621368,55.702902279,712.158728158,3.534232823,-55.702547521
laser 004,quadratic_graph,2106.607449,2088.000000,-0.132028466,3.530555910,55.801351322,712.177022394,3.540017578,-55.800843536
laser 004,quadratic_graph,2106.596168,2089.000000,-0.131753153,3.529467825,55.898281345,712.175904674,3.538916062,-55.897779461
laser 004,quadratic_graph,2106.524549,2090.000000,-0.112589086,3.522434557,55.993704037,712.155624473,3.531016814,-55.993364941
laser 004,quadratic_graph,2106.510992,2091.000000,-0.111598769,3.521122279,56.090574322,712.153781446,3.529658834,-56.090247066
laser 004,quadratic_graph,2106.445881,2092.000000,-0.094470262,3.514730651,56.186152119,712.135566406,3.522493102,-56.185970744
laser 004,quadratic_graph,2106.404889,2093.000000,-0.084890326,3.510715519,56.282330789,712.125009366,3.518044573,-56.282232596
laser 004,quadratic_graph,2106.376636,2094.000000,-0.079296498,3.507955519,56.378827202,712.118496225,3.515031092,-56.378779085
laser 004,quadratic_graph,2106.363705,2095.000000,-0.078497019,3.506705043,56.475708069,712.116846917,3.513743528,-56.475670205
laser 004,quadratic_graph,2106.363249,2096.000000,-0.081600753,3.506683580,56.572903524,712.119157382,3.513861151,-56.572843495
laser 004,quadratic_graph,2106.350856,2097.000000,-0.080967035,3.505486127,56.669798063,712.117676273,3.512634093,-56.669746910
laser 004,quadratic_graph,2106.314685,2098.000000,-0.072889879,3.501946193,56.766090297,712.108643941,3.508728593,-56.766109845
laser 004,quadratic_graph,2106.282325,2099.000000,-0.066004362,3.498781780,56.862476970,712.100820543,3.505252400,-56.862557320
laser 004,quadratic_graph,2106.268987,2100.000000,-0.065071009,3.497491303,56.959345047,712.099035535,3.503918795,-56.959436763
laser 004,quadratic_graph,2106.276970,2101.000000,-0.070809283,3.498301199,57.056755505,712.104018776,3.504986689,-57.056803172
laser 004,quadratic_graph,2106.314463,2102.000000,-0.085782544,3.502018287,57.154919917,712.118370716,3.509378599,-57.154846832
laser 004,quadratic_graph,2106.372980,2103.000000,-0.107335713,3.507806842,57.253625466,712.139397805,3.516138963,-57.253376978
laser 004,quadratic_graph,2106.421516,2104.000000,-0.125764501,3.512612369,57.352081693,712.157255253,3.521775278,-57.351683753
laser 004,quadratic_graph,2106.429486,2105.000000,-0.131494321,3.513421223,57.449503399,712.162229893,3.522841750,-57.449061480
laser 004,quadratic_graph,2106.402950,2106.000000,-0.126421537,3.510830325,57.546040842,712.156245579,3.520020893,-57.545644669
laser 004,quadratic_graph,2106.385335,2107.000000,-0.124139984,3.509118410,57.642806281,712.153092923,3.518205002,-57.642432670
laser 004,quadratic_graph,2106.390765,2108.000000,-0.129070740,3.509677013,57.740164674,712.157256971,3.518985159,-57.739753721
laser 004,quadratic_graph,2106.375977,2109.000000,-0.127671470,3.508243647,57.837002767,712.154999403,3.517487640,-57.836607048
laser 004,quadratic_graph,2106.321999,2110.000000,-0.114003775,3.502949221,57.932827635,712.140295921,3.511575322,-57.932549047
laser 004,quadratic_graph,2106.267505,2111.000000,-0.100173826,3.497604178,58.028635405,712.125427887,3.505605066,-58.028475297
laser 004,quadratic_graph,2106.266298,2112.000000,-0.103021626,3.497508872,58.125821052,712.127478923,3.505637301,-58.125640901
laser 004,quadratic_graph,2106.305811,2113.000000,-0.118613832,3.501425249,58.224065102,712.142458731,3.510256440,-58.223759059
laser 004,quadratic_graph,2106.342907,2114.000000,-0.133448778,3.505103678,58.322250621,712.156670307,3.514603452,-58.321824973
laser 004,quadratic_graph,2106.358654,2115.000000,-0.141599978,3.506678825,58.419883881,712.164101453,3.516545512,-58.419394142
laser 004,quadratic_graph,2106.342845,2116.000000,-0.139871880,3.505144926,58.516695624,712.161510425,3.514932621,-58.516223849
laser 004,quadratic_graph,2106.301450,2117.000000,-0.130133406,3.501090241,58.612837870,712.150793208,3.510437394,-58.612450591
laser 004,quadratic_graph,2106.240858,2118.000000,-0.114385051,3.495144436,58.708474680,712.133979251,3.503779791,-58.708221813
laser 004,quadratic_graph,2106.173349,2119.000000,-0.096471154,3.488517505,58.803925751,712.114968497,3.496343320,-58.803825281
laser 004,quadratic_graph,2106.120010,2120.000000,-0.082991792,3.483286761,58.899744236,712.100456449,3.490503190,-58.899759331
laser 004,quadratic_graph,2106.090470,2121.000000,-0.076960054,3.480400525,58.996185327,712.093499739,3.487343718,-58.996254129
laser 004,quadratic_graph,2106.098045,2122.000000,-0.082543127,3.481170345,59.093603082,712.098325761,3.488364540,-59.093629122
laser 004,quadratic_graph,2106.157128,2123.000000,-0.104246439,3.487014215,59.192382397,712.119505025,3.495187003,-59.192231786
laser 004,quadratic_graph,2106.240491,2124.000000,-0.133549792,3.495250488,59.291810007,712.148394138,3.504744899,-59.291419622
laser 004,quadratic_graph,2106.288203,2125.000000,-0.151693879,3.499974917,59.390301333,712.165962667,3.510287275,-59.389763859
laser 004,quadratic_graph,2106.275939,2126.000000,-0.151062352,3.498790392,59.487206070,712.164484247,3.509073256,-59.486677450
laser 004,quadratic_graph,2106.240012,2127.000000,-0.143022235,3.495274556,59.583481648,712.155490208,3.505193539,-59.583023416
laser 004,quadratic_graph,2106.207845,2128.000000,-0.136157974,3.492129242,59.679855118,712.147689053,3.501737416,-59.679457507
laser 004,quadratic_graph,2106.183280,2129.000000,-0.131672112,3.489732922,59.776429412,712.142300689,3.499137638,-59.776072667
laser 004,quadratic_graph,2106.154345,2130.000000,-0.125817140,3.486906135,59.872885748,712.135523468,3.496045597,-59.872581241
laser 004,quadratic_graph,2106.113261,2131.000000,-0.116158270,3.482882582,59.969015468,712.124887436,3.491585102,-59.968794792
laser 004,quadratic_graph,2106.060416,2132.000000,-0.102817267,3.477700600,60.064827420,712.110516129,3.485799984,-60.064721157
laser 004,quadratic_graph,2106.005691,2133.000000,-0.088887090,3.472333640,60.160585275,712.095547190,3.479803296,-60.160598319
laser 004,quadratic_graph,2105.954952,2134.000000,-0.076203672,3.467359522,60.256446460,712.081843065,3.474255723,-60.256568455
laser 004,quadratic_graph,2105.919352,2135.000000,-0.068257300,3.463876721,60.352711722,712.072944434,3.470413275,-60.352903324
laser 004,quadratic_graph,2105.910877,2136.000000,-0.068798752,3.463065685,60.449706180,712.072656216,3.469625693,-60.449896892
laser 004,quadratic_graph,2105.933190,2137.000000,-0.078974433,3.465287190,60.547532281,712.082141334,3.472305494,-60.547642085
laser 004,quadratic_graph,2105.969504,2138.000000,-0.093531079,3.468887890,60.645739964,712.096070656,3.476562227,-60.645732473
laser 004,quadratic_graph,2105.980270,2139.000000,-0.100090712,3.469972154,60.743259466,712.101887512,3.477941577,-60.743201101
laser 004,quadratic_graph,2105.949097,2140.000000,-0.093522838,3.466925326,60.839642610,712.094387386,3.474597323,-60.839642402
laser 004,quadratic_graph,2105.904477,2141.000000,-0.082745263,3.462554058,60.935658446,712.082616835,3.469738625,-60.935751358
laser 004,quadratic_graph,2105.876349,2142.000000,-0.077128107,3.459807317,61.032120297,712.076081219,3.466737369,-61.032263470
laser 004,quadratic_graph,2105.870417,2143.000000,-0.078456253,3.459246821,61.129185809,712.076591158,3.466235837,-61.129321557
laser 004,quadratic_graph,2105.880577,2144.000000,-0.084819371,3.460271339,61.226691161,712.082208733,3.467546573,-61.226777666
laser 004,quadratic_graph,2105.890859,2145.000000,-0.091219456,3.461307903,61.324201614,712.087863813,3.468871025,-61.324238568
laser 004,quadratic_graph,2105.866899,2146.000000,-0.086901407,3.458971717,61.420775697,712.082646135,3.466338963,-61.420852121
laser 004,quadratic_graph,2105.799815,2147.000000,-0.069085982,3.452388148,61.516165293,712.063736401,3.458950310,-61.516393290
laser 004,quadratic_graph,2105.757525,2148.000000,-0.059029282,3.448246812,61.612231410,712.052697367,3.454354083,-61.612546538
laser 004,quadratic_graph,2105.759318,2149.000000,-0.062767033,3.448447199,61.709508124,712.055651786,3.454722194,-61.709795813
laser 004,quadratic_graph,2105.771809,2150.000000,-0.069851472,3.449701244,61.807080797,712.062001168,3.456295017,-61.807313252
laser 004,quadratic_graph,2105.775473,2151.000000,-0.074172232,3.450085941,61.904411704,712.065547017,3.456873754,-61.904611877
laser 004,quadratic_graph,2105.772359,2152.000000,-0.076370477,3.449803079,62.001556356,712.066939754,3.456689132,-62.001741878
laser 004,quadratic_graph,2105.776800,2153.000000,-0.080931845,3.450264331,62.098910880,712.070729699,3.457355284,-62.099062122
laser 004,quadratic_graph,2105.785595,2154.000000,-0.086854604,3.451154440,62.196387458,712.075900671,3.458511740,-62.196493113
laser 004,quadratic_graph,2105.786205,2155.000000,-0.090214466,3.451238401,62.293638248,712.078471802,3.458746371,-62.293719602
