u,v,Xc_mm,Yc_mm,Zc_mm,Xg_mm,Yg_mm,Zg_mm
2136.075165,0.000000,6.419371,-147.050953,713.532794,6.412300,147.055763,0.301537
2136.073809,1.000000,6.419253,-146.954498,713.537594,6.412433,146.959350,0.295948
2136.087614,2.000000,6.420653,-146.859036,713.547224,6.414298,146.863970,0.285610
2136.103594,3.000000,6.422271,-146.763714,713.557547,6.416411,146.768737,0.274591
2136.094146,4.000000,6.421343,-146.666723,713.559764,6.415619,146.671767,0.271541
2136.065197,5.000000,6.418462,-146.568454,713.555764,6.412598,146.573468,0.274605
2136.036883,6.000000,6.415645,-146.470228,713.551965,6.409650,146.475214,0.277471
2136.011781,7.000000,6.413150,-146.372213,713.549188,6.407069,146.377180,0.279331
2135.981287,8.000000,6.410115,-146.273846,713.544692,6.403871,146.278779,0.282883
2135.942536,9.000000,6.406253,-146.174941,713.537563,6.399731,146.179819,0.289023
2135.899896,10.000000,6.402002,-146.075784,713.529193,6.395145,146.080597,0.296384
2135.869551,11.000000,6.398982,-145.977431,713.524740,6.391965,145.982211,0.299892
2135.871711,12.000000,6.399216,-145.881199,713.530645,6.392499,145.886030,0.293217
2135.902796,13.000000,6.402346,-145.786849,713.545769,6.396337,145.791807,0.277478
2135.932391,14.000000,6.405327,-145.692398,713.560416,6.400005,145.697479,0.262207
2135.939379,15.000000,6.406044,-145.596472,713.567857,6.401090,145.601618,0.254021
2135.930241,16.000000,6.405147,-145.499496,713.570157,6.400333,145.504664,0.250891
2135.908916,17.000000,6.403030,-145.401727,713.568570,6.398182,145.406885,0.251581
2135.870173,18.000000,6.399169,-145.302828,713.561431,6.394042,145.307930,0.257732
2135.817666,19.000000,6.393931,-145.203037,713.549903,6.388329,145.208049,0.268197
2135.763991,20.000000,6.388575,-145.103174,713.538002,6.382483,145.108092,0.279030
2135.720776,21.000000,6.384267,-145.003992,713.529434,6.377831,145.008843,0.286585
2135.695641,22.000000,6.381769,-144.905983,713.526627,6.375246,144.910814,0.288476
2135.692094,23.000000,6.381431,-144.809371,713.530699,6.375127,144.814239,0.283603
2135.689042,24.000000,6.381143,-144.712791,713.534927,6.375064,144.717697,0.278577
2135.674664,25.000000,6.379722,-144.615478,713.535544,6.373707,144.620392,0.277101
2135.661046,26.000000,6.378377,-144.518213,713.536402,6.372437,144.523137,0.275388
2135.652041,27.000000,6.377493,-144.421246,713.538729,6.371694,144.426192,0.272232
2135.637743,28.000000,6.376079,-144.323937,713.539368,6.370346,144.328892,0.270735
2135.618397,29.000000,6.374160,-144.226302,713.538396,6.368421,144.231252,0.270821
2135.611860,30.000000,6.373524,-144.129492,713.541506,6.367960,144.134471,0.266895
2135.584097,31.000000,6.370762,-144.031316,713.537849,6.365074,144.036268,0.269621
2135.521507,32.000000,6.364515,-143.930900,713.523090,6.358209,143.935735,0.283264
2135.517342,33.000000,6.364116,-143.834244,713.526952,6.358018,143.839114,0.278598
2135.473393,34.000000,6.359735,-143.735031,713.518132,6.353283,143.739832,0.286401
2135.453918,35.000000,6.357803,-143.637392,713.517111,6.351343,143.642188,0.286536
2135.439353,36.000000,6.356363,-143.540068,713.517654,6.349965,143.544871,0.285134
2135.402966,37.000000,6.352739,-143.441345,713.511241,6.346093,143.446099,0.290571
2135.345589,38.000000,6.347014,-143.341279,713.498137,6.339824,143.345929,0.302587
2135.289064,39.000000,6.341375,-143.241271,713.485303,6.333652,143.245820,0.314337
2135.257123,40.000000,6.338196,-143.142839,713.480303,6.330289,143.147350,0.318385
2135.264937,41.000000,6.338995,-143.046950,713.487971,6.331466,143.051527,0.309977
2135.304107,42.000000,6.342933,-142.953062,713.505630,6.336224,142.957787,0.291744
2135.329125,43.000000,6.345454,-142.858266,713.518779,6.339367,142.863101,0.277947
2135.299270,44.000000,6.342483,-142.759965,713.514438,6.336241,142.764768,0.281347
2135.259326,45.000000,6.338504,-142.661023,713.506880,6.331963,142.665767,0.287910
2135.231899,46.000000,6.335776,-142.562880,713.503310,6.329114,142.567598,0.290552
2135.210586,47.000000,6.333661,-142.465127,713.501687,6.326964,142.469836,0.291279
2135.183727,48.000000,6.330991,-142.367021,713.498296,6.324181,142.371706,0.293745
2135.163106,49.000000,6.328944,-142.269314,713.496891,6.322109,142.273990,0.294258
2135.161969,50.000000,6.328848,-142.172844,713.501694,6.322264,142.177563,0.288666
2135.161019,51.000000,6.328770,-142.076385,713.506556,6.322439,142.081147,0.283018
2135.146726,52.000000,6.327357,-141.979078,713.507164,6.321090,141.983848,0.281552
2135.122912,53.000000,6.324992,-141.881168,713.504736,6.318654,141.885921,0.283070
2135.095362,54.000000,6.322252,-141.783021,713.501116,6.315792,141.787748,0.285761
2135.056815,55.000000,6.318413,-141.684179,713.493990,6.311673,141.688851,0.291900
2135.004148,56.000000,6.313160,-141.584446,713.482363,6.305941,141.589026,0.302464
2134.957800,57.000000,6.308540,-141.485115,713.472749,6.300932,141.489620,0.311049
2134.930484,58.000000,6.305824,-141.386990,713.469198,6.298096,141.391469,0.313672
2134.929478,59.000000,6.305741,-141.290526,713.474031,6.298264,141.295048,0.308052
2134.952955,60.000000,6.308107,-141.195606,713.486665,6.301229,141.200235,0.294762
2134.987696,61.000000,6.311600,-141.101393,713.502887,6.305479,141.106158,0.277942
2135.020685,62.000000,6.314919,-141.007065,713.518551,6.309530,141.011961,0.261672
2135.036184,63.000000,6.316487,-140.911632,713.528639,6.311583,140.916614,0.250884
2135.014989,64.000000,6.314383,-140.813887,713.527031,6.309446,140.818859,0.251597
2134.952620,65.000000,6.308160,-140.713553,713.512299,6.302606,140.718407,0.265215
2134.873634,66.000000,6.300274,-140.612179,713.492270,6.293868,140.616873,0.284041
2134.823415,67.000000,6.295267,-140.512617,713.481408,6.288416,140.517226,0.293853
2134.814883,68.000000,6.294431,-140.415674,713.483830,6.287725,140.420305,0.290603
2134.810845,69.000000,6.294044,-140.319012,713.487683,6.287546,140.323678,0.285947
2134.802715,70.000000,6.293248,-140.222093,713.490231,6.286900,140.226783,0.282574
2134.777275,71.000000,6.290720,-140.124088,713.487261,6.284278,140.128758,0.284626
2134.727242,72.000000,6.285731,-140.024546,713.476452,6.278847,140.029130,0.294387
2134.696367,73.000000,6.282660,-139.926205,713.471747,6.275604,139.930754,0.298145
2134.706723,74.000000,6.283713,-139.830442,713.480180,6.277069,139.835063,0.288985
2134.734161,75.000000,6.286475,-139.735742,713.494056,6.280484,139.740480,0.274472
2134.739377,76.000000,6.287014,-139.639653,713.500850,6.281362,139.644449,0.266925
2134.715255,77.000000,6.284618,-139.541732,713.498291,6.278889,139.546511,0.268573
2134.719408,78.000000,6.285050,-139.445574,713.504743,6.279646,139.450409,0.261361
2134.769604,79.000000,6.290089,-139.352281,713.525868,6.285660,139.357292,0.239720
2134.829592,80.000000,6.296109,-139.259592,713.550115,6.292793,139.264805,0.215010
2134.840700,81.000000,6.297237,-139.163857,713.558780,6.294343,139.169144,0.205622
2134.778793,82.000000,6.291060,-139.063582,713.544171,6.287555,139.068752,0.219119
2134.696943,83.000000,6.282888,-138.962072,713.523204,6.278490,138.967074,0.238868
2134.645750,84.000000,6.277784,-138.862471,713.512008,6.272926,138.867385,0.249010
2134.632105,85.000000,6.276436,-138.765201,713.512778,6.271649,138.770124,0.247385
2134.598232,86.000000,6.273065,-138.666677,713.507100,6.268063,138.671558,0.252101
2134.519300,87.000000,6.265186,-138.565365,713.487060,6.259332,138.570085,0.270939
2134.448861,88.000000,6.258157,-138.464584,713.469726,6.251571,138.469166,0.287116
2134.497099,89.000000,6.262999,-138.371146,713.490212,6.257360,138.375898,0.266104
2134.480830,90.000000,6.261388,-138.273717,713.490139,6.255783,138.278472,0.265309
2134.448220,91.000000,6.258144,-138.175278,713.484857,6.252341,138.179993,0.269635
2134.414671,92.000000,6.254805,-138.076784,713.479274,6.248792,138.081456,0.274257
2134.385716,93.000000,6.251925,-137.978574,713.475154,6.245767,137.983215,0.277441
2134.349479,94.000000,6.248318,-137.879916,713.468712,6.241911,137.884509,0.282908
2134.318367,95.000000,6.245223,-137.781576,713.463902,6.238640,137.786132,0.286771
2134.320545,96.000000,6.245458,-137.685285,713.469699,6.239169,137.689892,0.280202
2134.347715,97.000000,6.248192,-137.590530,713.483461,6.242552,137.595252,0.265803
2134.352108,98.000000,6.248649,-137.494371,713.489962,6.243334,137.499150,0.258543
2134.344421,99.000000,6.247897,-137.397469,713.492612,6.242737,137.402273,0.255070
2134.332239,100.000000,6.246695,-137.300290,713.493828,6.241627,137.305108,0.253007
2134.281820,101.000000,6.241669,-137.200767,713.482856,6.236151,137.205498,0.262928
2134.200383,102.000000,6.233541,-137.099346,713.461999,6.227134,137.103910,0.282571
2134.128354,103.000000,6.226354,-136.998507,713.444139,6.219192,137.002928,0.299266
2134.091598,104.000000,6.222695,-136.899831,713.437519,6.215276,136.904201,0.304909
2134.089215,105.000000,6.222474,-136.803258,713.441850,6.215284,136.807667,0.299782
2134.120674,106.000000,6.225637,-136.708752,713.456965,6.219156,136.713287,0.284052
2134.154339,107.000000,6.229020,-136.614376,713.472782,6.223279,136.619044,0.267631
2134.158148,108.000000,6.229418,-136.518174,713.479084,6.223993,136.522897,0.260567
2134.149434,109.000000,6.228564,-136.421208,713.481393,6.223278,136.425953,0.257429
2134.154581,110.000000,6.229095,-136.325085,713.488118,6.224146,136.329888,0.249949
2134.177225,111.000000,6.231377,-136.230026,713.500419,6.227011,136.234933,0.236986
2134.199494,112.000000,6.233621,-136.134940,713.512599,6.229833,136.139950,0.224141
2134.202276,113.000000,6.233916,-136.038667,713.518567,6.230430,136.043729,0.217405
2134.177205,114.000000,6.231425,-135.940700,713.515656,6.227848,135.945741,0.219401
2134.149322,115.000000,6.228653,-135.842563,713.511848,6.224944,135.847576,0.222279
2134.136888,116.000000,6.227427,-135.745364,713.512962,6.223804,135.750390,0.220316
2134.126827,117.000000,6.226437,-135.648309,713.514831,6.222935,135.653353,0.217611
2134.075758,118.000000,6.221347,-135.548769,713.503629,6.217384,135.553725,0.227760
2133.981651,119.000000,6.211952,-135.446627,713.478709,6.206921,135.451383,0.251398
2133.914311,120.000000,6.205235,-135.346112,713.462320,6.199513,135.350737,0.266647
2133.925721,121.000000,6.206393,-135.250360,713.471026,6.201095,135.255060,0.257219
2133.983033,122.000000,6.212141,-135.157379,713.494361,6.207916,135.162273,0.233406
2134.008849,123.000000,6.214739,-135.062490,713.507656,6.211142,135.067496,0.219465
2133.968071,124.000000,6.210678,-134.963582,713.499726,6.206766,134.968526,0.226396
2133.916425,125.000000,6.205530,-134.864020,713.488331,6.201149,134.868874,0.236735
2133.870171,126.000000,6.200921,-134.764787,713.478653,6.196148,134.769565,0.245385
2133.806918,127.000000,6.194613,-134.664533,713.463557,6.189207,134.669191,0.259364
2133.726059,128.000000,6.186545,-134.563225,713.442849,6.180257,134.567717,0.278860
2133.657393,129.000000,6.179696,-134.462655,713.426027,6.172699,134.467013,0.294536
2133.626968,130.000000,6.176671,-134.364386,713.421389,6.169505,134.368709,0.298230
2133.609161,131.000000,6.174907,-134.266876,713.420771,6.167751,134.271197,0.297972
2133.601317,132.000000,6.174139,-134.169963,713.423326,6.167134,134.174308,0.294592
2133.629689,133.000000,6.176993,-134.075219,713.437420,6.170650,134.079683,0.279866
2133.697050,134.000000,6.183744,-133.982806,713.463939,6.178616,133.987490,0.252921
2133.766926,135.000000,6.190748,-133.890537,713.491260,6.186870,133.895447,0.225188
2133.774551,136.000000,6.191527,-133.794538,713.498740,6.188018,133.799513,0.216965
2133.742249,137.000000,6.188313,-133.696152,713.493494,6.184609,133.701087,0.221257
2133.706629,138.000000,6.184768,-133.597569,713.487189,6.180822,133.602456,0.226591
2133.673061,139.000000,6.181429,-133.499110,713.481537,6.177268,133.503954,0.231283
2133.644807,140.000000,6.178620,-133.400969,713.477577,6.174321,133.405785,0.234311
2133.630763,141.000000,6.177233,-133.303677,713.478144,6.172996,133.308500,0.232886
2133.619682,142.000000,6.176141,-133.206560,713.479655,6.172009,133.211399,0.230534
2133.585389,143.000000,6.172729,-133.108063,713.473766,6.168373,133.112856,0.235459
2133.538859,144.000000,6.168094,-133.008839,713.463976,6.163340,133.013556,0.244219
2133.511599,145.000000,6.165385,-132.910763,713.460327,6.160507,132.915454,0.246942
2133.470612,146.000000,6.161304,-132.811874,713.452301,6.156107,132.816502,0.253968
2133.461977,147.000000,6.160457,-132.714905,713.454584,6.155398,132.719555,0.250857
2133.367964,148.000000,6.151076,-132.612876,713.429658,6.144947,132.617326,0.274503
2133.309296,149.000000,6.145227,-132.512947,713.415995,6.138530,132.517288,0.287073
2133.324538,150.000000,6.146767,-132.417396,713.425883,6.140546,132.421821,0.276483
2133.418464,151.000000,6.156173,-132.326494,713.460844,6.151541,132.331209,0.241236
2133.448505,152.000000,6.159193,-132.231809,713.475446,6.155247,132.236646,0.226010
2133.460150,153.000000,6.160374,-132.136033,713.484185,6.156853,132.140945,0.216550
2133.469834,154.000000,6.161359,-132.040139,713.492297,6.158235,132.045120,0.207706
2133.405501,155.000000,6.154943,-131.939879,713.476818,6.151170,131.944737,0.222062
2133.372710,156.000000,6.151682,-131.841481,713.471391,6.147704,131.846298,0.226533
2133.335665,157.000000,6.147995,-131.742835,713.464607,6.143754,131.747599,0.232339
2133.286615,158.000000,6.143108,-131.643484,713.453995,6.138433,131.648165,0.241908
2133.227675,159.000000,6.137233,-131.543555,713.440231,6.131984,131.548127,0.254578
2133.156292,160.000000,6.130114,-131.442899,713.422501,6.124116,131.447329,0.271148
2133.091178,161.000000,6.123623,-131.342616,713.406768,6.116963,131.346920,0.285754
2133.060315,162.000000,6.120554,-131.244346,713.401948,6.113718,131.248614,0.289628
2133.068505,163.000000,6.121389,-131.148366,713.409570,6.114928,131.152700,0.281266
2133.107263,164.000000,6.125279,-131.054174,713.426932,6.119626,131.058653,0.263326
2133.160778,165.000000,6.130645,-130.960842,713.448997,6.126008,130.965504,0.240762
2133.191874,166.000000,6.133769,-130.866192,713.463916,6.129833,130.870980,0.225223
2133.185804,167.000000,6.133179,-130.769367,713.466990,6.129416,130.774183,0.221335
2133.158265,168.000000,6.130443,-130.671287,713.463221,6.126549,130.676076,0.224176
2133.117851,169.000000,6.126419,-130.572457,713.455347,6.122214,130.577185,0.231054
2133.075230,170.000000,6.122176,-130.473500,713.446768,6.117627,130.478161,0.238624
2133.042795,171.000000,6.118950,-130.375140,713.441434,6.114202,130.379760,0.243004
2133.019792,172.000000,6.116667,-130.277330,713.439105,6.111853,130.281934,0.244429
2133.004681,173.000000,6.115174,-130.179979,713.439290,6.110404,130.184589,0.243382
2133.001919,174.000000,6.114914,-130.083347,713.443408,6.110365,130.087994,0.238466
2133.007676,175.000000,6.115506,-129.987209,713.450240,6.111297,129.991914,0.230881
2133.021383,176.000000,6.116892,-129.891530,713.459605,6.113136,129.896316,0.220806
2133.043110,177.000000,6.119080,-129.796314,713.471524,6.115890,129.801200,0.208219
2133.058982,178.000000,6.120683,-129.700755,713.481576,6.117977,129.705727,0.197467
2133.043541,179.000000,6.119156,-129.603381,713.481648,6.116490,129.608356,0.196531
2132.993270,180.000000,6.114147,-129.503990,713.470617,6.111029,129.508879,0.206514
2132.917435,181.000000,6.106584,-129.403124,713.451438,6.102652,129.407859,0.224509
2132.832149,182.000000,6.098077,-129.301718,713.429247,6.093197,129.306275,0.245467
2132.791777,183.000000,6.094059,-129.202911,713.421368,6.088866,129.207406,0.252350
2132.783582,184.000000,6.093256,-129.105963,713.423742,6.088206,129.110481,0.249150
2132.757443,185.000000,6.090660,-129.007979,713.420396,6.085499,129.012473,0.251576
2132.724186,186.000000,6.087353,-128.909587,713.414780,6.081980,128.914038,0.256233
2132.729649,187.000000,6.087915,-128.813425,713.421502,6.082878,128.817935,0.248757
2132.745756,188.000000,6.089541,-128.717873,713.431615,6.084990,128.722469,0.237946
2132.728831,189.000000,6.087866,-128.620421,713.431200,6.083333,128.625016,0.237489
2132.685374,190.000000,6.083540,-128.521444,713.422328,6.078650,128.525971,0.245348
2132.641283,191.000000,6.079150,-128.422434,713.413254,6.073895,128.426890,0.253407
2132.614965,192.000000,6.076536,-128.324446,713.409841,6.071167,128.328876,0.255898
2132.583854,193.000000,6.073444,-128.226184,713.404900,6.067893,128.230577,0.259892
2132.571842,194.000000,6.072260,-128.129017,713.406044,6.066797,128.133423,0.257902
2132.609765,195.000000,6.076065,-128.034706,713.423099,6.071396,128.039255,0.240264
2132.640434,196.000000,6.079146,-127.939977,713.437841,6.075169,127.944649,0.224900
2132.656079,197.000000,6.080726,-127.844385,713.447795,6.077228,127.849142,0.214246
2132.639795,198.000000,6.079115,-127.746968,713.447572,6.075644,127.751727,0.213600
2132.589154,199.000000,6.074070,-127.647591,713.436399,6.070141,127.652262,0.223723
2132.531265,200.000000,6.068302,-127.547804,713.422915,6.063811,127.552368,0.236119
2132.558093,201.000000,6.070999,-127.452846,713.436427,6.067145,127.457524,0.221966
2132.511456,202.000000,6.066355,-127.353703,713.426526,6.062099,127.358303,0.230838
2132.464879,203.000000,6.061718,-127.254567,713.416643,6.057060,127.259089,0.239692
2132.434611,204.000000,6.058710,-127.156360,713.411955,6.053881,127.160847,0.243437
2132.441667,205.000000,6.059431,-127.060274,713.419161,6.054959,127.064823,0.235486
2132.468086,206.000000,6.062086,-126.965284,713.432535,6.058246,126.969946,0.221467
2132.482436,207.000000,6.063536,-126.869607,713.442063,6.060156,126.874350,0.211232
2132.470513,208.000000,6.062361,-126.772439,713.443216,6.059069,126.777195,0.209233
2132.420213,209.000000,6.057352,-126.673098,713.432139,6.053605,126.677766,0.219263
2132.359821,210.000000,6.051334,-126.573189,713.417844,6.046990,126.577744,0.232457
2132.323116,211.000000,6.047683,-126.474623,713.411096,6.043077,126.479126,0.238228
2132.292407,212.000000,6.044631,-126.376398,713.406257,6.039847,126.380865,0.242122
2132.255896,213.000000,6.040999,-126.277847,713.399569,6.035956,126.282262,0.247835
2132.251325,214.000000,6.040559,-126.181099,713.403057,6.035707,126.185546,0.243539
2132.289940,215.000000,6.044433,-126.086783,713.420306,6.040384,126.091374,0.225711
2132.366405,216.000000,6.052088,-125.994593,713.449616,6.049378,125.999428,0.196020
2132.416355,217.000000,6.057095,-125.900905,713.470477,6.055348,125.905913,0.174639
2132.314329,218.000000,6.046917,-125.798666,713.442901,6.043984,125.803452,0.200895
2132.194243,219.000000,6.034936,-125.695421,713.409571,6.030560,125.699938,0.232810
2132.143979,220.000000,6.029931,-125.596105,713.398490,6.025100,125.600534,0.242842
2132.153758,221.000000,6.030924,-125.500158,713.406542,6.026488,125.504657,0.234059
2132.185308,222.000000,6.034092,-125.405430,713.421530,6.030358,125.410054,0.218454
2132.188577,223.000000,6.034434,-125.309114,713.427504,6.031003,125.313791,0.211714
2132.161369,224.000000,6.031732,-125.211092,713.423765,6.028173,125.215741,0.214526
2132.136540,225.000000,6.029268,-125.113203,713.420783,6.025613,125.117831,0.216595
2132.135424,226.000000,6.029172,-125.016640,713.425357,6.025758,125.021309,0.211232
2132.149012,227.000000,6.030546,-124.920897,713.434614,6.027579,124.925645,0.201263
2132.140273,228.000000,6.029689,-124.823906,713.436756,6.026855,124.828674,0.198292
2132.103457,229.000000,6.026027,-124.725350,713.429948,6.022928,124.730065,0.204123
2132.079559,230.000000,6.023656,-124.627514,713.427256,6.020474,124.632212,0.205906
2132.108255,231.000000,6.026538,-124.532607,713.441323,6.024019,124.537423,0.191207
2132.170694,232.000000,6.032792,-124.439573,713.466144,6.031411,124.444594,0.165931
2132.206137,233.000000,6.036349,-124.345032,713.482361,6.035726,124.350189,0.149117
2132.175322,234.000000,6.033287,-124.246807,713.477458,6.032483,124.251928,0.153075
2132.103442,235.000000,6.026122,-124.146306,713.459466,6.024556,124.151282,0.169905
2132.034245,236.000000,6.019225,-124.045958,713.442329,6.016936,124.050798,0.185895
2131.984005,237.000000,6.014222,-123.946665,713.431233,6.011478,123.951418,0.195945
2131.939295,238.000000,6.009772,-123.847682,713.421897,6.006651,123.852361,0.204262
2131.890000,239.000000,6.004865,-123.748447,713.411100,6.001301,123.753042,0.214017
2131.831778,240.000000,5.999065,-123.648723,713.397457,5.994933,123.653209,0.226571
2131.774141,241.000000,5.993325,-123.549034,713.383999,5.988632,123.553414,0.238942
2131.735705,242.000000,5.989502,-123.450409,713.376659,5.984520,123.454732,0.245297
2131.727554,243.000000,5.988703,-123.353455,713.378967,5.983862,123.357800,0.242163
2131.758594,244.000000,5.991819,-123.258660,713.393762,5.987672,123.263128,0.226748
2131.799243,245.000000,5.995895,-123.164389,713.411618,5.992577,123.169007,0.208322
2131.795434,246.000000,5.995531,-123.067669,713.415307,5.992414,123.072320,0.203830
2131.738318,247.000000,5.989842,-122.968018,713.402006,5.986172,122.972564,0.216047
2131.659688,248.000000,5.982005,-122.867190,713.381850,5.977477,122.871574,0.235007
2131.591890,249.000000,5.975250,-122.766962,713.365145,5.970018,122.771213,0.250574
2131.559260,250.000000,5.972008,-122.668666,713.359644,5.966568,122.672875,0.255120
2131.568165,251.000000,5.972913,-122.572647,713.367376,5.967854,122.576923,0.246651
2131.593243,252.000000,5.975433,-122.477511,713.380260,5.970983,122.481896,0.233115
2131.596603,253.000000,5.975784,-122.381184,713.386223,5.971637,122.385621,0.226387
2131.571433,254.000000,5.973286,-122.283297,713.383093,5.969037,122.287711,0.228601
2131.544856,255.000000,5.970648,-122.185333,713.379514,5.966277,122.189722,0.231257
2131.544358,256.000000,5.970614,-122.088794,713.384244,5.966490,122.093224,0.225741
2131.573111,257.000000,5.973501,-121.993848,713.398293,5.970038,121.998396,0.211060
2131.597335,258.000000,5.975936,-121.898652,713.410898,5.973070,121.903306,0.197798
2131.600736,259.000000,5.976292,-121.802319,713.416867,5.973728,121.807025,0.191064
2131.588919,260.000000,5.975127,-121.705156,713.417984,5.972650,121.709875,0.189101
2131.574084,261.000000,5.973662,-121.607830,713.418139,5.971229,121.612553,0.188085
2131.574919,262.000000,5.973761,-121.511354,713.423286,5.971594,121.516123,0.182160
2131.584947,263.000000,5.974778,-121.415376,713.431361,5.973007,121.420215,0.173353
2131.574201,264.000000,5.973721,-121.318270,713.432815,5.972051,121.323123,0.171060
2131.530910,265.000000,5.969413,-121.219400,713.423895,5.967385,121.224184,0.178969
2131.483965,266.000000,5.964741,-121.120335,713.413810,5.962302,121.125040,0.188024
2131.527871,267.000000,5.969142,-121.026187,713.432676,5.967577,121.031049,0.168605
2131.486802,268.000000,5.965056,-120.927441,713.424461,5.963164,120.932239,0.175821
2131.428460,269.000000,5.959246,-120.827765,713.410740,5.956782,120.832454,0.188453
2131.393294,270.000000,5.955750,-120.729343,713.404404,5.953042,120.733984,0.193822
2131.395218,271.000000,5.955958,-120.632923,713.409885,5.953530,120.637612,0.187567
2131.401691,272.000000,5.956620,-120.536746,713.416816,5.954537,120.541495,0.179887
2131.392701,273.000000,5.955738,-120.439735,713.418817,5.953782,120.444504,0.177055
2131.365036,274.000000,5.952991,-120.341720,713.414865,5.950897,120.346459,0.180078
2131.324138,275.000000,5.948923,-120.242994,713.406695,5.946503,120.247670,0.187250
2131.285748,276.000000,5.945106,-120.144406,713.399324,5.942395,120.149025,0.193637
2131.264671,277.000000,5.943017,-120.046748,713.397468,5.940261,120.051355,0.194599
2131.259932,278.000000,5.942560,-119.949967,713.400816,5.939990,119.954605,0.190442
2131.256330,279.000000,5.942216,-119.853246,713.404526,5.939848,119.857917,0.185930
2131.248186,280.000000,5.941418,-119.756281,713.406788,5.939188,119.760974,0.182842
2131.226139,281.000000,5.939233,-119.658572,713.404617,5.936943,119.663251,0.184114
2131.188880,282.000000,5.935528,-119.560051,713.397598,5.932964,119.564675,0.190155
2131.162109,283.000000,5.932871,-119.462092,713.393919,5.930181,119.466690,0.192909
2131.151020,284.000000,5.931780,-119.364971,713.395237,5.929185,119.369582,0.190750
2131.154233,285.000000,5.932116,-119.268611,713.401110,5.929820,119.273274,0.184110
2131.157623,286.000000,5.932470,-119.172260,713.407039,5.930474,119.176974,0.177415
2131.149196,287.000000,5.931645,-119.075278,713.409201,5.929782,119.080013,0.174426
2131.146099,288.000000,5.931351,-118.978579,713.413060,5.929697,118.983349,0.169767
2131.156195,289.000000,5.932375,-118.882580,713.421122,5.931116,118.887420,0.160974
2131.167387,290.000000,5.933508,-118.786638,713.429532,5.932659,118.791549,0.151839
2131.161378,291.000000,5.932924,-118.689780,713.432459,5.932242,118.694719,0.148097
2131.125406,292.000000,5.929348,-118.591334,713.425836,5.928410,118.596222,0.153748
2131.066477,293.000000,5.923480,-118.491675,713.411896,5.921960,118.496452,0.166596
2130.999849,294.000000,5.916844,-118.391612,713.395501,5.914633,118.396258,0.181859
2130.938004,295.000000,5.910686,-118.291806,713.380630,5.907852,118.296334,0.195623
2130.908215,296.000000,5.907728,-118.193698,713.375973,5.904724,118.198191,0.199341
2130.910942,297.000000,5.908015,-118.097307,713.381675,5.905302,118.101850,0.192869
2130.923710,298.000000,5.909306,-118.001444,713.390576,5.907025,118.006063,0.183251
2130.927828,299.000000,5.909732,-117.905124,713.396719,5.907761,117.909796,0.176346
2130.911474,300.000000,5.908115,-117.807724,713.396338,5.906165,117.812396,0.175858
2130.892956,301.000000,5.906282,-117.710210,713.395265,5.904321,117.714877,0.176051
2130.890142,302.000000,5.906017,-117.613522,713.399195,5.904268,117.618224,0.171322
2130.903739,303.000000,5.907390,-117.517695,713.408354,5.906084,117.522476,0.161451
2130.907263,304.000000,5.907758,-117.421337,713.414302,5.906753,117.426170,0.154738
2130.863786,305.000000,5.903433,-117.322513,713.405270,5.902065,117.327275,0.162759
2130.804296,306.000000,5.897510,-117.222853,713.391134,5.895551,117.227503,0.175800
2130.760604,307.000000,5.893164,-117.124024,713.382032,5.890839,117.128603,0.183890
2130.734373,308.000000,5.890562,-117.026111,713.378492,5.888116,117.030664,0.186509
2130.712741,309.000000,5.888418,-116.928439,713.376416,5.885917,116.932978,0.187688
2130.690724,310.000000,5.886236,-116.830748,713.374217,5.883675,116.835272,0.188989
2130.675121,311.000000,5.884694,-116.733392,713.374060,5.882163,116.737918,0.188281
2130.675093,312.000000,5.884707,-116.636848,713.378864,5.882426,116.641417,0.182692
2130.697553,313.000000,5.886964,-116.541474,713.390833,5.885252,116.546144,0.170057
2130.737844,314.000000,5.891002,-116.447025,713.408484,5.890111,116.451842,0.151833
2130.761863,315.000000,5.893415,-116.351725,713.420948,5.893114,116.356648,0.138710
2130.751831,316.000000,5.892429,-116.254653,713.422560,5.892237,116.259592,0.136263
2130.710972,317.000000,5.888366,-116.155980,713.414346,5.887847,116.160855,0.143479
2130.633213,318.000000,5.880620,-116.055396,713.394372,5.879251,116.060111,0.162263
2130.560774,319.000000,5.873406,-115.955093,713.376093,5.871262,115.959662,0.179380
2130.538580,320.000000,5.871206,-115.857397,713.373824,5.868999,115.861950,0.180750
2130.536705,321.000000,5.871034,-115.760752,713.378028,5.869051,115.765344,0.175752
2130.543236,322.000000,5.871702,-115.664542,713.384909,5.870061,115.669192,0.168122
2130.549652,323.000000,5.872358,-115.568323,713.391752,5.871058,115.573033,0.160528
2130.537492,324.000000,5.871160,-115.471144,713.392675,5.869938,115.475865,0.158758
2130.559682,325.000000,5.873390,-115.375736,713.404543,5.872733,115.380557,0.146222
2130.448071,326.000000,5.862266,-115.273432,713.373772,5.860280,115.278005,0.175627
2130.360222,327.000000,5.853515,-115.172360,713.350573,5.850535,115.176746,0.197584
2130.346892,328.000000,5.852200,-115.075127,713.351117,5.849282,115.079521,0.196186
2130.406212,329.000000,5.858135,-114.981626,713.374809,5.856306,114.986217,0.172019
2130.528127,330.000000,5.870318,-114.891334,713.418450,5.870464,114.896285,0.128232
2130.574997,331.000000,5.875012,-114.797180,713.438176,5.876071,114.802295,0.107966
2130.634141,332.000000,5.880931,-114.703650,713.461814,5.883077,114.708962,0.083853
2130.593733,333.000000,5.876914,-114.605015,713.453721,5.878737,114.610264,0.090951
2130.550978,334.000000,5.872662,-114.506262,713.444880,5.874130,114.511442,0.098785
2130.441964,335.000000,5.861797,-114.404123,713.414921,5.861971,114.409062,0.127392
2130.346974,336.000000,5.852332,-114.302710,713.389431,5.851412,114.307443,0.151602
2130.295000,337.000000,5.847161,-114.203499,713.377650,5.845755,114.208140,0.162329
2130.289461,338.000000,5.846623,-114.106660,713.380663,5.845389,114.111328,0.158502
2130.319164,339.000000,5.849603,-114.011616,713.394906,5.849038,114.016404,0.143630
2130.372722,340.000000,5.854964,-113.917782,713.416751,5.855406,113.922752,0.121281
2130.436179,341.000000,5.861313,-113.824446,713.441750,5.862902,113.829624,0.095829
2130.460689,342.000000,5.863775,-113.729125,713.454336,5.865960,113.734409,0.082587
2130.401655,343.000000,5.857898,-113.629557,713.440294,5.859497,113.634729,0.095537
2130.294442,344.000000,5.847214,-113.527549,713.410897,5.847544,113.532484,0.123591
2130.205143,345.000000,5.838318,-113.426457,713.387209,5.837634,113.431201,0.146029
2130.159532,346.000000,5.833782,-113.327584,713.377443,5.832701,113.332252,0.154774
2130.141995,347.000000,5.832047,-113.230135,713.376622,5.830968,113.234800,0.154720
2130.126850,348.000000,5.830552,-113.132808,713.376561,5.829506,113.137475,0.153918
2130.101110,349.000000,5.827999,-113.034945,713.373123,5.826838,113.039587,0.156438
2130.073001,350.000000,5.825209,-112.936964,713.368929,5.823899,112.941575,0.159702
2130.067036,351.000000,5.824630,-112.840101,713.371790,5.823484,112.844738,0.156026
2130.091931,352.000000,5.827129,-112.744791,713.384483,5.826584,112.749537,0.142679
2130.100295,353.000000,5.827979,-112.648647,713.391907,5.827801,112.653456,0.134514
2130.067555,354.000000,5.824728,-112.550433,713.386232,5.824335,112.555199,0.139235
2129.968158,384.000000,5.815275,-109.648054,713.496683,5.820900,109.653821,0.004744
2126.907839,558.000000,5.512844,-92.696514,713.322048,5.517166,92.701420,0.027056
2126.923815,559.000000,5.514451,-92.600519,713.331623,5.519235,92.605506,0.016778
2126.937778,560.000000,5.515857,-92.504439,713.340555,5.521075,92.509502,0.007132
2126.958385,561.000000,5.517925,-92.408630,713.351603,5.523670,92.413787,-0.004595
2126.963247,562.000000,5.518425,-92.312169,713.357633,5.524475,92.317379,-0.011386
2126.938131,563.000000,5.515938,-92.214471,713.354109,5.521869,92.219655,-0.008775
2126.884706,564.000000,5.510632,-92.115609,713.341563,5.516042,92.120694,0.002712
2126.835639,565.000000,5.505760,-92.016930,713.330405,5.510712,92.021927,0.012833
2126.819612,566.000000,5.504179,-91.919611,713.329774,5.509140,91.924606,0.012598
2126.835409,567.000000,5.505767,-91.823599,713.339281,5.511188,91.828674,0.002386
2126.864189,568.000000,5.508649,-91.728116,713.352925,5.514712,91.733307,-0.011895
2126.886970,569.000000,5.510934,-91.632384,713.364656,5.517555,91.637674,-0.024294
2126.890719,570.000000,5.511322,-91.535871,713.370321,5.518232,91.541210,-0.030725
2126.872399,571.000000,5.509513,-91.438454,713.368951,5.516399,91.443786,-0.030235
2126.842345,572.000000,5.506535,-91.340559,713.363842,5.513231,91.345852,-0.026064
2126.816478,573.000000,5.503973,-91.242836,713.360065,5.510539,91.248101,-0.023205
2126.796739,574.000000,5.502023,-91.145364,713.358240,5.508544,91.150618,-0.022266
2126.775815,575.000000,5.499954,-91.047844,713.356036,5.506414,91.053083,-0.020954
2126.754327,576.000000,5.497829,-90.950303,713.353651,5.504221,90.955525,-0.019464
2126.712019,577.000000,5.493630,-90.851916,713.344630,5.499658,90.857069,-0.011445
2126.642309,578.000000,5.486703,-90.752422,713.326877,5.491979,90.757432,0.005166
2126.582841,579.000000,5.480796,-90.653347,713.312386,5.485466,90.658241,0.018567
2126.537387,580.000000,5.476285,-90.554843,713.302360,5.480546,90.559659,0.027575
2126.534427,581.000000,5.476005,-90.458060,713.305872,5.480460,90.462908,0.023263
2126.593341,582.000000,5.481887,-90.363775,713.329097,5.487410,90.368816,-0.000446
2126.662788,583.000000,5.488819,-90.269909,713.355679,5.495560,90.275171,-0.027457
2126.682824,584.000000,5.490830,-90.174044,713.366516,5.498089,90.179398,-0.038976
2126.644465,585.000000,5.487025,-90.075826,713.358742,5.493976,90.081120,-0.032185
2126.584713,586.000000,5.481089,-89.976751,713.344151,5.487429,89.981928,-0.018684
2126.536015,587.000000,5.476255,-89.878123,713.333081,5.482140,89.883213,-0.008648
2126.491703,588.000000,5.471857,-89.779674,713.323408,5.477350,89.784689,0.000013
2126.459078,589.000000,5.468624,-89.681697,713.317457,5.473889,89.686666,0.005012
2126.494025,590.000000,5.472119,-89.586427,713.333035,5.478113,89.591527,-0.011173
2126.478226,591.000000,5.470561,-89.489123,713.332443,5.476566,89.494221,-0.011447
2126.469908,592.000000,5.469748,-89.392119,713.334234,5.475869,89.397235,-0.014065
2126.469495,593.000000,5.469722,-89.295430,713.338541,5.476072,89.300584,-0.019160
2126.483276,594.000000,5.471110,-89.199305,713.347371,5.477889,89.204535,-0.028704
2126.515579,595.000000,5.474342,-89.103916,713.362102,5.481812,89.109270,-0.044055
2126.504402,596.000000,5.473244,-89.006793,713.362976,5.480790,89.012157,-0.045771
2126.445876,597.000000,5.467431,-88.907789,713.348760,5.474383,88.913040,-0.032640
2126.376551,598.000000,5.460543,-88.808361,713.331103,5.466747,88.813471,-0.016122
2126.322539,599.000000,5.455180,-88.709544,713.318324,5.460854,88.714553,-0.004405
2126.315652,600.000000,5.454510,-88.612598,713.320560,5.460320,88.617628,-0.007461
2126.345951,601.000000,5.457542,-88.517122,713.334643,5.464015,88.522270,-0.022174
2126.367662,602.000000,5.459719,-88.421303,713.345988,5.466733,88.426547,-0.034194
2126.368364,603.000000,5.459805,-88.324652,713.350639,5.467061,88.329938,-0.039626
2126.353422,604.000000,5.458332,-88.227383,713.350302,5.465611,88.232669,-0.040151
2126.324844,605.000000,5.455502,-88.129577,713.345619,5.462610,88.134828,-0.036400
2126.295029,606.000000,5.452548,-88.031724,713.340541,5.459468,88.036937,-0.032259
2126.284197,607.000000,5.451485,-87.934618,713.341510,5.458484,87.939842,-0.034069
2126.298504,608.000000,5.452925,-87.838499,713.350489,5.460360,87.843800,-0.043760
2126.324433,609.000000,5.455522,-87.742834,713.363170,5.463558,87.748242,-0.057094
2126.335093,610.000000,5.456599,-87.646567,713.370985,5.465019,87.652042,-0.065639
2126.313610,611.000000,5.454475,-87.549041,713.368555,5.462824,87.554499,-0.064104
2126.253082,612.000000,5.448463,-87.449989,713.353681,5.456188,87.455330,-0.050324
2126.177815,613.000000,5.440984,-87.350367,713.334110,5.447877,87.355550,-0.031923
2126.127027,614.000000,5.435943,-87.251704,713.322338,5.442350,87.256795,-0.021196
2126.102133,615.000000,5.433479,-87.154054,713.318817,5.439767,87.159119,-0.018587
2126.085858,616.000000,5.431874,-87.056740,713.318040,5.438165,87.061801,-0.018678
2126.060201,617.000000,5.429335,-86.959061,713.314272,5.435495,86.964096,-0.015827
2126.029309,618.000000,5.426275,-86.861181,713.308835,5.432230,86.866174,-0.011333
2126.016512,619.000000,5.425016,-86.764004,713.309162,5.431023,86.769003,-0.012511
2126.033402,620.000000,5.426713,-86.667977,713.318947,5.433192,86.673059,-0.022995
2126.076958,621.000000,5.431065,-86.572979,713.337228,5.438392,86.578214,-0.041839
2126.123755,622.000000,5.435740,-86.478102,713.356542,5.443962,86.483498,-0.061698
2126.138235,623.000000,5.437197,-86.381972,713.365556,5.445856,86.387445,-0.071424
2126.092852,624.000000,5.432694,-86.283531,713.355493,5.440943,86.288925,-0.062378
2125.995329,625.000000,5.422999,-86.183085,713.328814,5.430101,86.188264,-0.036982
2125.916657,626.000000,5.415183,-86.083372,713.308142,5.421403,86.088385,-0.017497
2125.871476,627.000000,5.410700,-85.984952,713.298141,5.416513,85.989886,-0.008511
2125.846549,628.000000,5.408234,-85.887311,713.294591,5.413926,85.892220,-0.005874
2125.830959,629.000000,5.406697,-85.790031,713.294015,5.412401,85.794938,-0.006163
2125.806423,630.000000,5.404270,-85.692407,713.290588,5.409859,85.697290,-0.003646
2125.773614,631.000000,5.401020,-85.594469,713.284523,5.406376,85.599305,0.001466
2125.750154,632.000000,5.398700,-85.496889,713.281436,5.403956,85.501704,0.003648
2125.752695,633.000000,5.398968,-85.400303,713.286632,5.404492,85.405163,-0.002320
2125.783430,634.000000,5.402043,-85.304790,713.300809,5.408233,85.309770,-0.017125
2125.813303,635.000000,5.405032,-85.209241,713.314710,5.411877,85.214337,-0.031660
2125.812163,636.000000,5.404934,-85.112509,713.318729,5.411994,85.117641,-0.036470
2125.773948,637.000000,5.401145,-85.014367,713.310934,5.407896,85.019439,-0.029655
2125.724171,638.000000,5.396205,-84.915789,713.299454,5.402483,84.920770,-0.019214
2125.694222,639.000000,5.393239,-84.817965,713.294289,5.399325,84.822908,-0.014988
2125.687742,640.000000,5.392610,-84.721032,713.296602,5.398835,84.725996,-0.018118
2125.670198,641.000000,5.390879,-84.623680,713.295387,5.397087,84.628638,-0.017778
2125.630744,642.000000,5.386967,-84.525501,713.287191,5.392849,84.530394,-0.010568
2125.608877,643.000000,5.384806,-84.427987,713.284597,5.390609,84.432863,-0.008871
2125.648210,644.000000,5.388736,-84.332781,713.301500,5.395327,84.337799,-0.026359
2125.731795,645.000000,5.397072,-84.239237,713.332503,5.405077,84.244511,-0.057722
2125.800747,646.000000,5.403951,-84.145134,713.358844,5.413163,84.150627,-0.084497
2125.806978,647.000000,5.404587,-84.048668,713.365198,5.414118,84.054217,-0.091605
2125.760988,648.000000,5.400024,-83.950242,713.354910,5.409135,83.955709,-0.082336
2125.707129,649.000000,5.394678,-83.851524,713.342112,5.403258,83.856889,-0.070598
2125.664076,650.000000,5.390408,-83.753213,713.332758,5.398609,83.758506,-0.062248
2125.635480,651.000000,5.387577,-83.655446,713.328008,5.395604,83.660703,-0.058430
2125.624890,652.000000,5.386538,-83.558353,713.328995,5.394646,83.563622,-0.060256
2125.635411,653.000000,5.387601,-83.462047,713.336708,5.396088,83.467382,-0.068701
2125.639734,654.000000,5.388046,-83.365509,713.342444,5.396826,83.370894,-0.075200
2125.611205,655.000000,5.385222,-83.267746,713.337710,5.393828,83.273096,-0.071398
2125.547372,656.000000,5.378884,-83.168673,713.321727,5.386817,83.173895,-0.056524
2125.469015,657.000000,5.371100,-83.069065,713.301114,5.378155,83.074122,-0.037096
2125.497779,658.000000,5.373978,-82.973435,713.314632,5.381670,82.978605,-0.051253
2125.481588,659.000000,5.372382,-82.876136,713.313825,5.380075,82.881304,-0.051314
2125.489546,660.000000,5.373190,-82.779732,713.320711,5.381226,82.784958,-0.058945
2125.507353,661.000000,5.374978,-82.683689,713.330735,5.383496,82.689001,-0.069663
2125.530864,662.000000,5.377333,-82.587855,713.342575,5.386414,82.593267,-0.082169
2125.468200,663.000000,5.371112,-82.488840,713.326954,5.379536,82.494128,-0.067652
2125.531882,664.000000,5.377465,-82.394482,713.351591,5.387021,82.399975,-0.092752
2125.493578,665.000000,5.373668,-82.296367,713.343730,5.382911,82.301799,-0.085870
2125.448105,666.000000,5.369158,-82.197991,713.333583,5.377987,82.203342,-0.076740
2125.433729,667.000000,5.367742,-82.100759,713.333343,5.376598,82.106111,-0.077359
2125.424925,668.000000,5.366882,-82.003731,713.334878,5.375842,82.009099,-0.079724
2125.404307,669.000000,5.364845,-81.906270,713.332647,5.373744,81.911624,-0.078384
2125.378668,670.000000,5.362309,-81.808627,713.328815,5.371074,81.813952,-0.075467
2125.365271,671.000000,5.360991,-81.711432,713.328882,5.369796,81.716761,-0.076388
2125.368735,672.000000,5.361351,-81.614852,713.334321,5.370435,81.620229,-0.082595
2125.367309,673.000000,5.361225,-81.518092,713.338200,5.370518,81.523504,-0.087267
2125.345592,674.000000,5.359079,-81.420594,713.335612,5.368294,81.425988,-0.085575
2125.316902,675.000000,5.356239,-81.322842,713.330801,5.365277,81.328200,-0.081695
2125.297597,676.000000,5.354333,-81.225433,713.328979,5.363328,81.230780,-0.080757
2125.295412,677.000000,5.354131,-81.128646,713.332611,5.363324,81.134025,-0.085185
2125.299785,678.000000,5.354582,-81.032095,713.338331,5.364066,81.037524,-0.091669
2125.269258,679.000000,5.351559,-80.934280,713.332930,5.360840,80.939668,-0.087208
2125.198522,680.000000,5.344535,-80.835014,713.314715,5.353044,80.840257,-0.070138
2125.143666,681.000000,5.339092,-80.736327,713.301559,5.347053,80.741465,-0.058046
2125.113321,682.000000,5.336087,-80.638526,713.296212,5.343848,80.643624,-0.053639
2125.094987,683.000000,5.334279,-80.541160,713.294690,5.342009,80.546248,-0.052996
2125.079041,684.000000,5.332707,-80.443880,713.293928,5.340441,80.448965,-0.053101
2125.058395,685.000000,5.330668,-80.346431,713.291667,5.338338,80.351502,-0.051730
2125.044970,686.000000,5.329348,-80.249243,713.291705,5.337056,80.254317,-0.052622
2125.031981,687.000000,5.328071,-80.152070,713.291882,5.335824,80.157148,-0.053650
2125.010309,688.000000,5.325930,-80.054586,713.289290,5.333605,80.059647,-0.051954
2124.991103,689.000000,5.324034,-79.957192,713.287482,5.331666,79.962241,-0.051029
2124.991160,690.000000,5.324055,-79.860485,713.291811,5.331916,79.865573,-0.056143
2124.994960,691.000000,5.324449,-79.763911,713.297331,5.332592,79.769048,-0.062430
2124.987464,692.000000,5.323719,-79.666934,713.299251,5.331984,79.672089,-0.065173
2124.960837,693.000000,5.321085,-79.569276,713.295074,5.329201,79.574400,-0.061917
2124.914519,694.000000,5.316492,-79.470920,713.284622,5.324181,79.475962,-0.052485
2124.861639,695.000000,5.311246,-79.372334,713.272078,5.318415,79.377277,-0.040995
2124.819880,696.000000,5.307107,-79.274146,713.263076,5.313913,79.279018,-0.032991
2124.814111,697.000000,5.306548,-79.177234,713.265539,5.313501,79.182130,-0.036269
2124.868032,698.000000,5.311928,-79.082431,713.287018,5.319872,79.087505,-0.058260
2124.958522,699.000000,5.320947,-78.988913,713.320149,5.330399,78.994262,-0.091717
2125.034898,700.000000,5.328563,-78.894889,713.348784,5.339324,78.900475,-0.120750
2125.052347,701.000000,5.330315,-78.798782,713.358641,5.341550,78.804452,-0.131304
2125.011709,702.000000,5.326286,-78.700629,713.349986,5.337175,78.706232,-0.123642
2124.951541,703.000000,5.320315,-78.601793,713.335107,5.330579,78.607278,-0.109854
2124.892779,704.000000,5.314483,-78.503011,713.320676,5.324144,78.508381,-0.096506
2124.845025,705.000000,5.309747,-78.404619,713.309751,5.318960,78.409902,-0.086609
2124.809740,706.000000,5.306252,-78.306666,713.302798,5.315192,78.311896,-0.080620
2124.774989,707.000000,5.302810,-78.208734,713.296014,5.311486,78.213911,-0.074798
2124.731445,708.000000,5.298494,-78.110496,713.286427,5.306781,78.115599,-0.066218
2124.683890,709.000000,5.293778,-78.012122,713.275561,5.301619,78.017139,-0.056379
2124.640226,710.000000,5.289450,-77.913887,713.265934,5.296900,77.918828,-0.047758
2124.615472,711.000000,5.287003,-77.816312,713.262330,5.294330,77.821227,-0.045066
2124.598546,712.000000,5.285335,-77.719010,713.261219,5.292650,77.723919,-0.044826
2124.583585,713.000000,5.283862,-77.621776,713.260732,5.291192,77.626685,-0.045201
2124.571397,714.000000,5.282665,-77.524639,713.261128,5.290050,77.529554,-0.046444
2124.556538,715.000000,5.281202,-77.427410,713.260671,5.288604,77.432324,-0.046848
2124.552641,716.000000,5.280830,-77.330559,713.263705,5.288403,77.335502,-0.050688
2124.565516,717.000000,5.282126,-77.234287,713.272082,5.290108,77.239301,-0.059785
2124.589797,718.000000,5.284557,-77.138406,713.284091,5.293110,77.143522,-0.072456
2124.619400,719.000000,5.287518,-77.042705,713.297795,5.296716,77.047936,-0.086796
2124.634892,720.000000,5.289074,-76.946515,713.307002,5.298718,76.951825,-0.096710
2124.605620,721.000000,5.286178,-76.848786,713.301945,5.295634,76.854058,-0.092587
2124.531459,722.000000,5.278816,-76.749519,713.282585,5.287449,76.754635,-0.074389
2124.527418,723.000000,5.278430,-76.652659,713.285564,5.287232,76.657803,-0.078174
2124.473022,724.000000,5.273034,-76.554075,713.272499,5.281293,76.559116,-0.066170
2124.466955,725.000000,5.272446,-76.457147,713.274830,5.280846,76.462210,-0.069318
2124.496503,726.000000,5.275401,-76.361433,713.288507,5.284445,76.366611,-0.083631
2124.447551,727.000000,5.270547,-76.263041,713.277172,5.279125,76.268130,-0.073330
2124.445182,728.000000,5.270327,-76.166237,713.280678,5.279097,76.171358,-0.077633
2124.478519,729.000000,5.273659,-76.070647,713.295558,5.283127,76.075892,-0.093130
2124.432578,730.000000,5.269104,-75.972361,713.285179,5.278148,75.977525,-0.083769
2124.412998,731.000000,5.267172,-75.874971,713.283197,5.276165,75.880122,-0.082671
2124.435721,732.000000,5.269448,-75.779016,713.294691,5.278988,75.784264,-0.094837
2124.503976,733.000000,5.276253,-75.684597,713.320693,5.286986,75.690061,-0.121279
2124.496436,734.000000,5.275519,-75.587611,713.322543,5.286370,75.593093,-0.123953
2124.504036,735.000000,5.276291,-75.491135,713.329216,5.287475,75.496676,-0.131374
2124.429417,736.000000,5.268883,-75.391888,713.309690,5.279238,75.397272,-0.113011
2124.391988,737.000000,5.265176,-75.293897,713.302013,5.275226,75.299221,-0.106309
2124.323580,738.000000,5.258387,-75.194868,713.284464,5.267695,75.200052,-0.089892
2124.319625,739.000000,5.258009,-75.098006,713.287450,5.267486,75.103218,-0.093684
2124.349037,740.000000,5.260950,-75.002263,713.301066,5.271069,75.007589,-0.107936
2124.347400,741.000000,5.260803,-74.905476,713.304787,5.271124,74.910837,-0.112452
2124.296995,742.000000,5.255805,-74.807059,713.292969,5.265638,74.812326,-0.101675
2124.234245,743.000000,5.249579,-74.708233,713.277217,5.258750,74.713374,-0.087026
2124.204922,744.000000,5.246679,-74.610525,713.272114,5.255659,74.615628,-0.082856
2124.214281,745.000000,5.247625,-74.514107,713.279333,5.256963,74.519272,-0.090814
2124.235646,746.000000,5.249766,-74.418087,713.290377,5.259631,74.423346,-0.102536
2124.227815,747.000000,5.249002,-74.321094,713.292117,5.258982,74.326370,-0.105101
2124.170751,748.000000,5.243342,-74.222468,713.278170,5.252740,74.227634,-0.092228
2124.091454,749.000000,5.235472,-74.123110,713.257139,5.243972,74.128106,-0.072384
2124.021835,750.000000,5.228564,-74.024078,713.239191,5.236303,74.028930,-0.055574
2123.972676,751.000000,5.223691,-73.925726,713.227760,5.230960,73.930489,-0.045177
2123.949911,752.000000,5.221443,-73.828249,713.224736,5.228614,73.832990,-0.043054
2123.960087,753.000000,5.222470,-73.731858,713.232204,5.230010,73.736663,-0.051256
2123.967897,754.000000,5.223262,-73.635387,713.238917,5.231137,73.640251,-0.058716
2123.948384,755.000000,5.221337,-73.538017,713.236925,5.229161,73.542867,-0.057608
2123.933161,756.000000,5.219839,-73.440788,713.236299,5.227672,73.445637,-0.057844
2123.947468,757.000000,5.221278,-73.344527,713.245078,5.229537,73.349451,-0.067337
2123.976362,758.000000,5.224166,-73.248742,713.258503,5.233059,73.253779,-0.081402
2123.985629,759.000000,5.225104,-73.152312,713.265674,5.234352,73.157410,-0.089312
2123.963361,760.000000,5.222905,-73.054850,713.262798,5.232062,73.059928,-0.087334
2123.923141,761.000000,5.218921,-72.956804,713.254201,5.227733,72.961815,-0.079726
2123.920490,762.000000,5.218673,-72.859984,713.257571,5.227672,72.865026,-0.083896
2124.038595,763.000000,5.230434,-72.767089,713.299413,5.241328,72.772477,-0.125927
2124.130756,764.000000,5.239615,-72.673341,713.332992,5.252039,72.679007,-0.159826
2120.780647,970.000000,4.910042,-52.644307,713.105365,4.919944,52.648780,-0.110956
2120.241534,971.000000,4.856557,-52.534853,712.937663,4.859044,52.537958,0.053283
2120.392851,972.000000,4.871587,-52.441620,712.989765,4.876426,52.445155,0.001145
2120.390872,973.000000,4.871407,-52.344789,712.993069,4.876430,52.348354,-0.002956
2120.349715,974.000000,4.867339,-52.247043,712.983900,4.871991,52.250536,0.005223
2120.333154,975.000000,4.865712,-52.149873,712.982559,4.870342,52.153358,0.005695
2120.353283,976.000000,4.867726,-52.053556,712.992897,4.872851,52.057128,-0.005330
2120.373869,977.000000,4.869785,-51.957246,713.003380,4.875413,51.960908,-0.016497
2120.372002,978.000000,4.869616,-51.860415,713.006713,4.875429,51.864107,-0.020626
2120.347999,979.000000,4.867250,-51.763070,713.002998,4.872935,51.766735,-0.017816
2120.311852,980.000000,4.863680,-51.665446,712.995415,4.869064,51.669053,-0.011200
2120.271452,981.000000,4.859687,-51.567727,712.986478,4.864711,51.571263,-0.003249
2120.231007,982.000000,4.855690,-51.470009,712.977524,4.860353,51.473475,0.004717
2120.198440,983.000000,4.852475,-51.372474,712.971078,4.856889,51.375891,0.010215
2120.184441,984.000000,4.851103,-51.275367,712.970541,4.855529,51.278783,0.009896
2120.186887,985.000000,4.851361,-51.178636,712.975238,4.856033,51.182093,0.004425
2120.193094,986.000000,4.851994,-51.081989,712.981131,4.856964,51.085498,-0.002224
2120.192021,987.000000,4.851903,-50.985175,712.984705,4.857069,50.988717,-0.006589
2120.181993,988.000000,4.850925,-50.888157,712.985427,4.856160,50.891708,-0.008148
2120.169757,989.000000,4.849727,-50.791089,712.985444,4.854999,50.794643,-0.009013
2120.163823,990.000000,4.849154,-50.694163,712.987467,4.854554,50.697737,-0.011851
2120.174688,991.000000,4.850249,-50.597617,712.994836,4.856012,50.601254,-0.019953
2120.191501,992.000000,4.851933,-50.501203,713.004098,4.858145,50.504919,-0.029918
2120.192581,993.000000,4.852057,-50.404432,713.008350,4.858494,50.408187,-0.034951
2120.176592,994.000000,4.850487,-50.307277,713.007166,4.856908,50.311025,-0.034634
2120.153073,995.000000,4.848169,-50.209953,713.003584,4.854468,50.213675,-0.031955
2120.112120,996.000000,4.844122,-50.112240,712.994450,4.850052,50.115891,-0.023811
2120.057300,997.000000,4.838700,-50.014220,712.980901,4.844065,50.017763,-0.011320
2120.020032,998.000000,4.835019,-49.916595,712.972938,4.840067,49.920076,-0.004328
2120.001155,999.000000,4.833162,-49.819382,712.970829,4.838153,49.822849,-0.003099
2119.971900,1000.000000,4.830276,-49.721939,712.965415,4.835063,49.725365,0.001384
2119.927749,1001.000000,4.825913,-49.624167,712.955257,4.830285,49.627514,0.010535
2119.890158,1002.000000,4.822200,-49.526544,712.947187,4.826251,49.529827,0.017633
2119.863470,1003.000000,4.819569,-49.429163,712.942586,4.823452,49.432412,0.021315
2119.833279,1004.000000,4.816590,-49.331707,712.936869,4.820256,49.334912,0.026096
2119.790914,1005.000000,4.812404,-49.233984,712.927276,4.815680,49.237114,0.034693
2119.771255,1006.000000,4.810471,-49.136763,712.924909,4.813678,49.139877,0.036176
2119.791876,1007.000000,4.812532,-49.040425,712.935361,4.816241,49.043627,0.025039
2119.832750,1008.000000,4.816603,-48.944526,712.952259,4.821100,48.947871,0.007557
2119.855646,1009.000000,4.818891,-48.848231,712.963434,4.823921,48.851671,-0.004291
2119.844955,1010.000000,4.817846,-48.751202,712.963916,4.822935,48.754648,-0.005613
2119.833186,1011.000000,4.816695,-48.654149,712.964053,4.821826,48.657600,-0.006595
2119.837949,1012.000000,4.817184,-48.557455,712.969452,4.822592,48.560954,-0.012757
2119.842917,1013.000000,4.817693,-48.460765,712.974915,4.823381,48.464311,-0.018982
2119.820181,1014.000000,4.815454,-48.363474,712.971557,4.821029,48.366995,-0.016523
2119.779043,1015.000000,4.811390,-48.265787,712.962340,4.816592,48.269237,-0.008297
2119.746320,1016.000000,4.808160,-48.168284,712.955801,4.813109,48.171684,-0.002706
2119.723954,1017.000000,4.805958,-48.071006,712.952558,4.810799,48.074382,-0.000360
2119.682304,1018.000000,4.801843,-47.973315,712.943175,4.806304,47.976618,0.008030
2119.623381,1019.000000,4.796016,-47.875258,712.928293,4.799852,47.878442,0.021834
2119.578112,1020.000000,4.791542,-47.777496,712.917756,4.794947,47.780597,0.031360
2119.556437,1021.000000,4.789409,-47.680239,712.914727,4.792715,47.683319,0.033495
2119.557929,1022.000000,4.789573,-47.583476,712.919071,4.793110,47.586595,0.028372
2119.580453,1023.000000,4.791823,-47.487158,712.930108,4.795887,47.490370,0.016660
2119.615072,1024.000000,4.795273,-47.391093,712.944993,4.800035,47.394430,0.001159
2119.628398,1025.000000,4.796611,-47.294575,712.953100,4.801770,47.297981,-0.007669
2119.601677,1026.000000,4.793978,-47.197210,712.948459,4.798967,47.200582,-0.003946
2119.566320,1027.000000,4.790487,-47.099665,712.941067,4.795185,47.102979,0.002484
2119.547832,1028.000000,4.788670,-47.002476,712.939044,4.793314,47.005777,0.003629
2119.522307,1029.000000,4.786155,-46.905140,712.934779,4.790647,46.908409,0.006981
2119.466647,1030.000000,4.780651,-46.807175,712.920921,4.784564,46.810335,0.019777
2119.495799,1031.000000,4.783559,-46.710984,712.934057,4.788092,46.714254,0.005998
2119.458665,1032.000000,4.779892,-46.613410,712.926094,4.784108,46.616618,0.012991
2119.411616,1033.000000,4.775243,-46.515631,712.914973,4.779001,46.518752,0.023093
2119.364553,1034.000000,4.770592,-46.417856,712.903847,4.773893,46.420888,0.033199
2119.345325,1035.000000,4.768701,-46.320659,712.901579,4.771939,46.323677,0.034586
2119.342726,1036.000000,4.768460,-46.223807,712.904603,4.771868,46.226852,0.030763
2119.336608,1037.000000,4.767870,-46.126881,712.906504,4.771399,46.129945,0.028044
2119.322080,1038.000000,4.766446,-46.029782,712.905728,4.769977,46.032843,0.027962
2119.292122,1039.000000,4.763491,-45.932367,712.900040,4.766807,45.935385,0.032715
2119.267613,1040.000000,4.761077,-45.835065,712.896085,4.764254,45.838054,0.035763
2119.270549,1041.000000,4.761385,-45.738325,712.900863,4.764811,45.741356,0.030213
2119.296984,1042.000000,4.764023,-45.642063,712.913119,4.768030,45.645197,0.017300
2119.328158,1043.000000,4.767131,-45.545893,712.926882,4.771786,45.549144,0.002904
2119.353411,1044.000000,4.769652,-45.449601,712.938760,4.774872,45.452952,-0.009636
2119.373716,1045.000000,4.771682,-45.353204,712.949063,4.777396,45.356643,-0.020625
2119.377927,1046.000000,4.772116,-45.256480,712.954241,4.778097,45.259964,-0.026569
2119.360967,1047.000000,4.770451,-45.159328,712.952679,4.776399,45.162802,-0.025878
2119.340085,1048.000000,4.768396,-45.062097,712.949867,4.774257,45.065551,-0.023956
2119.325695,1049.000000,4.766986,-44.964997,712.949120,4.772850,44.968449,-0.024067
2119.301514,1050.000000,4.764604,-44.867701,712.945255,4.770333,44.871125,-0.021108
2119.264002,1051.000000,4.760901,-44.770140,712.937146,4.766306,44.773501,-0.013971
2119.231033,1052.000000,4.757648,-44.672672,712.930482,4.762794,44.675981,-0.008256
2119.198546,1053.000000,4.754443,-44.575216,712.923970,4.759336,44.578475,-0.002692
2119.150291,1054.000000,4.749675,-44.477448,712.912438,4.754092,44.480616,0.007815
2119.097380,1055.000000,4.744445,-44.379591,712.899424,4.748321,44.382656,0.019782
2119.080121,1056.000000,4.742750,-44.282443,712.897755,4.746589,44.285497,0.020579
2119.100951,1057.000000,4.744832,-44.186047,712.908207,4.749172,44.189190,0.009443
2119.116067,1058.000000,4.746347,-44.089536,712.916840,4.751108,44.092753,0.000098
2119.095694,1059.000000,4.744344,-43.992325,712.914176,4.749022,43.995523,0.001875
2119.029802,1060.000000,4.737827,-43.894223,712.897023,4.741780,43.897284,0.017915
2118.958477,1061.000000,4.730772,-43.796019,712.878141,4.733923,43.798929,0.035659
2118.936139,1062.000000,4.728574,-43.698777,712.874848,4.731615,43.701663,0.038055
2118.947657,1063.000000,4.729732,-43.602194,712.882328,4.733142,43.605145,0.029845
2118.983637,1064.000000,4.733316,-43.506086,712.897593,4.737441,43.509165,0.013971
2119.040251,1065.000000,4.738946,-43.410373,712.919424,4.744078,43.413634,-0.008368
2119.092215,1066.000000,4.744115,-43.314565,712.939774,4.750188,43.317996,-0.029249
2119.096979,1067.000000,4.744604,-43.217840,712.945101,4.750951,43.221318,-0.035339
2119.051449,1068.000000,4.740106,-43.120145,712.934417,4.746015,43.123539,-0.025667
2119.011638,1069.000000,4.736175,-43.022563,712.925553,4.741727,43.025887,-0.017786
2119.007165,1070.000000,4.735748,-42.925661,712.927935,4.741443,42.929008,-0.020977
2119.015430,1071.000000,4.736585,-42.829003,712.934371,4.742602,42.832405,-0.028159
2119.002593,1072.000000,4.735328,-42.731939,712.934088,4.741370,42.735343,-0.028726
2118.950630,1073.000000,4.730193,-42.634131,712.921351,4.735705,42.637434,-0.017032
2118.866948,1074.000000,4.721913,-42.535724,712.898518,4.726447,42.538843,0.004602
2118.790798,1075.000000,4.714380,-42.437466,712.878082,4.718043,42.440422,0.023877
2118.747233,1076.000000,4.710078,-42.339830,712.868015,4.713330,42.342706,0.032942
2118.736606,1077.000000,4.709041,-42.242819,712.868429,4.712348,42.245701,0.031688
2118.761786,1078.000000,4.711554,-42.146481,712.880238,4.715422,42.149464,0.019217
2118.800902,1079.000000,4.715448,-42.050402,712.896480,4.720075,42.053521,0.002380
2118.808674,1080.000000,4.716235,-41.953731,712.902746,4.721178,41.956904,-0.004634
2118.776532,1081.000000,4.713066,-41.856313,712.896308,4.717758,41.859436,0.000859
2118.722974,1082.000000,4.707773,-41.758497,712.883052,4.711913,41.761515,0.013064
2118.655861,1083.000000,4.701137,-41.660432,712.865483,4.704533,41.663310,0.029516
2118.595064,1084.000000,4.695127,-41.562490,712.849922,4.697868,41.565244,0.043991
2118.583962,1085.000000,4.694043,-41.465472,712.850175,4.696832,41.468231,0.042897
2118.619838,1086.000000,4.697616,-41.369322,712.865376,4.701118,41.372209,0.027085
2118.653972,1087.000000,4.701016,-41.273136,712.880022,4.705205,41.276146,0.011820
2118.663488,1088.000000,4.701976,-41.176494,712.886832,4.706505,41.179563,0.004270
2118.661120,1089.000000,4.701758,-41.079632,712.889859,4.706458,41.082729,0.000444
2118.682314,1090.000000,4.703876,-40.983200,712.900384,4.709080,40.986386,-0.010763
2118.732770,1091.000000,4.708894,-40.887300,712.920221,4.715017,40.890652,-0.031139
2118.764421,1092.000000,4.712049,-40.791052,712.934072,4.718824,40.794521,-0.045622
2118.747541,1093.000000,4.710392,-40.693918,712.932475,4.717133,40.697377,-0.044895
2118.688160,1094.000000,4.704522,-40.596014,712.917349,4.710628,40.599353,-0.030848
2118.626751,1095.000000,4.698451,-40.498078,712.901577,4.703893,40.501291,-0.016165
2118.598190,1096.000000,4.695637,-40.400739,712.896259,4.700879,40.403911,-0.011774
2118.589866,1097.000000,4.694829,-40.303766,712.897380,4.700157,40.306950,-0.013723
2118.581721,1098.000000,4.694038,-40.206796,712.898557,4.699455,40.209993,-0.015727
2118.560939,1099.000000,4.691995,-40.109599,712.895710,4.697322,40.112776,-0.013769
2118.526945,1100.000000,4.688642,-40.012167,712.888657,4.693692,40.015290,-0.007671
2118.486578,1101.000000,4.684657,-39.914623,712.879575,4.689341,39.917675,0.000426
2118.522411,1102.000000,4.688226,-39.818437,712.894743,4.693620,39.821616,-0.015353
2118.501608,1103.000000,4.686181,-39.721242,712.891885,4.691485,39.724401,-0.013383
2118.472205,1104.000000,4.683283,-39.623896,712.886288,4.688375,39.627013,-0.008718
2118.431864,1105.000000,4.679301,-39.526358,712.877209,4.684027,39.529404,-0.000624
2118.394939,1106.000000,4.675658,-39.428884,712.869216,4.680065,39.431867,0.006400
2118.373384,1107.000000,4.673539,-39.331681,712.866113,4.677844,39.334642,0.008610
2118.376065,1108.000000,4.673821,-39.234904,712.870722,4.678368,39.237906,0.003227
2118.382892,1109.000000,4.674515,-39.138198,712.876649,4.679362,39.141252,-0.003453
2118.360952,1110.000000,4.672357,-39.040990,712.873420,4.677097,39.044020,-0.001118
2118.310783,1111.000000,4.667401,-38.943291,712.861206,4.671636,38.946225,0.010062
2118.266343,1112.000000,4.663014,-38.845695,712.850814,4.666823,38.848547,0.019449
2118.241241,1113.000000,4.660543,-38.748437,712.846575,4.664200,38.751257,0.022778
2118.215218,1114.000000,4.657981,-38.651164,712.842041,4.661473,38.653951,0.026397
2118.194633,1115.000000,4.655957,-38.553986,712.839237,4.659362,38.556753,0.028313
2118.201489,1116.000000,4.656654,-38.457280,712.845163,4.660359,38.460099,0.021633
2118.224545,1117.000000,4.658955,-38.360850,712.856243,4.663190,38.363763,0.009879
2118.234428,1118.000000,4.659952,-38.264192,712.863131,4.664529,38.267164,0.002253
2118.224006,1119.000000,4.658936,-38.167186,712.863555,4.663568,38.170165,0.000990
2118.194717,1120.000000,4.656050,-38.069859,712.857974,4.660471,38.072796,0.005641
2118.149754,1121.000000,4.651611,-37.972269,712.847404,4.655599,37.975122,0.015203
2118.097941,1122.000000,4.646493,-37.874565,712.834654,4.649951,37.877318,0.026912
2118.058557,1123.000000,4.642607,-37.777074,712.825857,4.645711,37.779758,0.034729
2118.053493,1124.000000,4.642122,-37.680164,712.827980,4.645357,37.682869,0.031794
2118.068890,1125.000000,4.643665,-37.583597,712.836612,4.647320,37.586375,0.022450
2118.047978,1126.000000,4.641609,-37.486419,712.833689,4.645172,37.489177,0.024484
2117.979047,1127.000000,4.634796,-37.388440,712.815485,4.637586,37.391052,0.041562
2117.908167,1128.000000,4.627789,-37.290435,712.796661,4.629779,37.292896,0.059252
2117.873672,1129.000000,4.624388,-37.193038,712.789413,4.626093,37.195443,0.065544
2117.885079,1130.000000,4.625535,-37.096405,712.796769,4.627604,37.098873,0.057457
2117.919005,1131.000000,4.628914,-37.000141,712.811288,4.631664,37.002732,0.042317
2117.923057,1132.000000,4.629332,-36.903381,712.816300,4.632342,36.906016,0.036537
2117.873860,1133.000000,4.624474,-36.805745,712.804369,4.626991,36.808285,0.047441
2117.810002,1134.000000,4.618164,-36.707871,712.787772,4.619979,36.710279,0.062938
2117.768577,1135.000000,4.614077,-36.610369,712.778311,4.615508,36.612703,0.071409
2117.741430,1136.000000,4.611404,-36.513103,712.773392,4.612654,36.515400,0.075408
2117.710876,1137.000000,4.608394,-36.415783,712.767388,4.609413,36.418034,0.080475
2117.680127,1138.000000,4.605365,-36.318461,712.761320,4.606151,36.320665,0.085605
2117.722069,1139.000000,4.609537,-36.222316,712.778378,4.611118,36.224664,0.067966
2117.814667,1140.000000,4.618728,-36.126985,712.811552,4.621820,36.129607,0.034458
2117.865009,1141.000000,4.623733,-36.030964,712.831283,4.627739,36.033751,0.014187
2117.855648,1142.000000,4.622822,-35.933981,712.832014,4.626897,35.936777,0.012622
2117.809603,1143.000000,4.618277,-35.836410,712.821072,4.621902,35.839119,0.022552
2117.745126,1144.000000,4.611906,-35.738548,712.804264,4.614821,35.741123,0.038257
2117.666705,1145.000000,4.604153,-35.640468,712.783019,4.606161,35.642873,0.058331
2117.576377,1146.000000,4.595222,-35.542206,712.757986,4.596153,35.544409,0.082135
2117.489843,1147.000000,4.586667,-35.444011,712.734160,4.586576,35.446022,0.104750
2117.517953,1148.000000,4.589468,-35.347631,712.746805,4.589976,35.349750,0.091456
2117.531357,1149.000000,4.590813,-35.251017,712.754769,4.591712,35.253204,0.082770
2117.491107,1150.000000,4.586842,-35.153559,712.745664,4.587373,35.155674,0.090891
2117.500029,1151.000000,4.587743,-35.056873,712.752200,4.588601,35.059045,0.083612
2117.518275,1152.000000,4.589568,-34.960331,712.761701,4.590885,34.962584,0.073412
2117.477005,1153.000000,4.585496,-34.862860,712.752267,4.586431,34.865039,0.081858
2117.492560,1154.000000,4.587054,-34.766273,712.760910,4.588409,34.768526,0.072504
2117.469651,1155.000000,4.584802,-34.669089,712.757314,4.586034,34.671316,0.075200
2117.521769,1156.000000,4.589982,-34.573064,712.777587,4.592151,34.575460,0.054395
2117.559455,1157.000000,4.593732,-34.476812,712.793268,4.596635,34.479339,0.038112
2117.565175,1158.000000,4.594316,-34.380064,712.798777,4.597500,34.382640,0.031844
2117.536083,1159.000000,4.591451,-34.282783,712.793208,4.594425,34.285316,0.036483
2117.480394,1160.000000,4.585951,-34.185097,712.779177,4.588338,34.187519,0.049455
2117.498732,1161.000000,4.587785,-34.088541,712.788696,4.590631,34.091045,0.039238
2117.460003,1162.000000,4.583965,-33.991117,712.780058,4.586465,33.993553,0.046899
2117.427292,1163.000000,4.580742,-33.893787,712.773333,4.582979,33.896171,0.052677
2117.368548,1164.000000,4.574940,-33.796065,712.758325,4.576547,33.798330,0.066611
2117.305163,1165.000000,4.568679,-33.698278,712.741840,4.569590,33.700411,0.081999
2117.262485,1166.000000,4.564469,-33.600806,712.731941,4.564977,33.602861,0.090902
2117.232045,1167.000000,4.561471,-33.503520,712.725935,4.561748,33.505529,0.095973
2117.207322,1168.000000,4.559039,-33.406321,712.721746,4.559167,33.408299,0.099254
2117.178466,1169.000000,4.556198,-33.309061,712.716240,4.556119,33.310998,0.103831
2117.126866,1170.000000,4.551105,-33.211466,712.703499,4.550496,33.213302,0.115533
2117.071993,1171.000000,4.545688,-33.113827,712.689716,4.544503,33.115552,0.128261
2117.055435,1172.000000,4.544065,-33.016756,712.688119,4.542846,33.018472,0.128990
2117.095097,1173.000000,4.548010,-32.920511,712.704403,4.547551,32.922364,0.112112
2117.177233,1174.000000,4.556161,-32.824885,712.734199,4.557063,32.826985,0.081931
2117.200826,1175.000000,4.558515,-32.728396,712.745370,4.559950,32.730590,0.070087
2117.084738,1176.000000,4.547035,-32.629868,712.712106,4.547028,32.631793,0.101997
2114.109336,1382.000000,4.256247,-12.646146,712.492731,4.254033,12.646945,0.144731
2114.706130,1383.000000,4.315285,-12.552597,712.685893,4.321694,12.554980,-0.046351
2114.626028,1384.000000,4.307380,-12.455231,712.663808,4.312844,12.457437,-0.025439
2114.477359,1385.000000,4.292694,-12.357494,712.619918,4.296243,12.359344,0.016949
2114.434938,1386.000000,4.288517,-12.260350,712.609816,4.291654,12.262120,0.026058
2114.396146,1387.000000,4.284699,-12.163228,712.600868,4.287475,12.164928,0.034032
2114.379333,1388.000000,4.283054,-12.066227,712.598908,4.285780,12.067915,0.035123
2114.362592,1389.000000,4.281417,-11.969227,712.596969,4.284093,11.970902,0.036194
2114.350655,1390.000000,4.280255,-11.872254,712.596557,4.282949,11.873928,0.035761
2114.356639,1391.000000,4.280865,-11.775374,712.601842,4.283831,11.777095,0.029716
2114.375290,1392.000000,4.282728,-11.678559,712.611154,4.286144,11.680360,0.019706
2114.375095,1393.000000,4.282728,-11.581644,712.614471,4.286328,11.583475,0.015599
2114.341593,1394.000000,4.279433,-11.484557,712.607196,4.282746,11.486332,0.021926
2114.295524,1395.000000,4.274895,-11.387409,712.595924,4.277744,11.389095,0.032189
2114.256893,1396.000000,4.271094,-11.290301,712.587015,4.273583,11.291917,0.040124
2114.223088,1397.000000,4.267769,-11.193220,712.579640,4.269967,11.194779,0.046549
2114.174154,1398.000000,4.262949,-11.096065,712.567454,4.264642,11.097528,0.057713
2114.111815,1399.000000,4.256804,-10.998849,712.551004,4.257802,11.000180,0.073075
2114.080887,1400.000000,4.253764,-10.901789,712.544541,4.254511,10.903071,0.078602
2114.113851,1401.000000,4.257042,-10.805040,712.558390,4.258441,10.806438,0.064123
2114.182230,1402.000000,4.263822,-10.708456,712.583499,4.266374,10.710063,0.038553
2114.226435,1403.000000,4.268211,-10.611750,712.600922,4.271575,10.613503,0.020554
2114.201377,1404.000000,4.265752,-10.514715,712.596319,4.268947,10.516433,0.024249
2114.154692,1405.000000,4.261154,-10.417581,712.584838,4.263876,10.419208,0.034718
2114.133038,1406.000000,4.259031,-10.320564,712.581315,4.261633,10.322167,0.037349
2114.143049,1407.000000,4.260040,-10.223694,712.587859,4.262969,10.225353,0.030065
2114.177303,1408.000000,4.263446,-10.126931,712.602112,4.267045,10.128710,0.015189
2114.216765,1409.000000,4.267366,-10.030188,712.618019,4.271709,10.032100,-0.001318
2114.246511,1410.000000,4.270327,-9.933397,712.630836,4.275276,9.935417,-0.014780
2114.266008,1411.000000,4.272273,-9.836558,712.640393,4.277684,9.838659,-0.025032
2114.274819,1412.000000,4.273163,-9.739669,712.646550,4.278884,9.741825,-0.031935
2114.251451,1413.000000,4.270871,-9.642641,712.642472,4.276447,9.644766,-0.028757
2114.191993,1414.000000,4.265010,-9.545460,712.626916,4.269931,9.547461,-0.014274
2114.114107,1415.000000,4.257327,-9.448205,712.605499,4.261332,9.450034,0.005982
2114.053447,1416.000000,4.251347,-9.351028,712.589559,4.254681,9.352730,0.020843
2114.038584,1417.000000,4.249896,-9.254045,712.588181,4.253205,9.255739,0.021361
2114.054966,1418.000000,4.251535,-9.157189,712.596737,4.255261,9.158957,0.012096
2114.064852,1419.000000,4.252531,-9.060305,712.603226,4.256582,9.062129,0.004866
2114.051006,1420.000000,4.251180,-8.963325,712.602167,4.255221,8.965143,0.005070
2114.021353,1421.000000,4.248267,-8.866282,712.596081,4.252073,8.868053,0.010226
2113.994102,1422.000000,4.245591,-8.769250,712.590757,4.249198,8.770981,0.014631
2113.989263,1423.000000,4.245131,-8.672306,712.592559,4.248854,8.674055,0.012018
2114.015561,1424.000000,4.247750,-8.575481,712.604260,4.252030,8.577329,-0.000345
2114.055260,1425.000000,4.251695,-8.478704,712.620222,4.256720,8.480686,-0.016906
2114.071816,1426.000000,4.253350,-8.381835,712.628824,4.258795,8.383891,-0.026216
2114.051750,1427.000000,4.251385,-8.284829,712.625778,4.256731,8.286863,-0.024055
2114.016596,1428.000000,4.247928,-8.187768,712.617933,4.252961,8.189742,-0.017166
2113.987406,1429.000000,4.245060,-8.090732,712.611983,4.249866,8.092659,-0.012144
2113.966136,1430.000000,4.242976,-7.993725,712.608550,4.247665,7.995627,-0.009601
2113.945284,1431.000000,4.240933,-7.896720,712.605249,4.245512,7.898599,-0.007189
2113.921239,1432.000000,4.238574,-7.799705,712.600932,4.242998,7.801552,-0.003774
2113.895026,1433.000000,4.236001,-7.702684,712.595924,4.240239,7.704493,0.000320
2113.860460,1434.000000,4.232602,-7.605636,712.588258,4.236536,7.607386,0.007032
2113.805488,1435.000000,4.227186,-7.508521,712.574103,4.230527,7.510159,0.020136
2113.727720,1436.000000,4.219516,-7.411335,712.552699,4.221943,7.412801,0.040379
2113.648092,1437.000000,4.211663,-7.314149,712.530704,4.213148,7.315438,0.061206
2113.641287,1438.000000,4.211009,-7.217204,712.531861,4.212582,7.218505,0.059228
2113.699919,1439.000000,4.216824,-7.120465,712.553821,4.219410,7.121950,0.036760
2113.717901,1440.000000,4.218621,-7.023594,712.562856,4.221644,7.025155,0.027023
2113.673309,1441.000000,4.214231,-6.926527,712.551994,4.216809,6.928002,0.036883
2113.588470,1442.000000,4.205863,-6.829339,712.528336,4.207426,6.830625,0.059348
2113.548877,1443.000000,4.201968,-6.732295,712.519062,4.203155,6.733507,0.067644
2113.528964,1444.000000,4.200019,-6.635311,712.516043,4.201108,6.636502,0.069779
2113.578176,1445.000000,4.204902,-6.538529,712.535000,4.206870,6.539879,0.050270
2113.575135,1446.000000,4.204620,-6.441593,712.537343,4.206729,6.442965,0.047124
2113.631067,1447.000000,4.210168,-6.344822,712.558434,4.213251,6.346370,0.025512
2113.666314,1448.000000,4.213671,-6.247988,712.572948,4.217436,6.249658,0.010378
2113.670253,1449.000000,4.214079,-6.151064,712.577507,4.218084,6.152775,0.005050
2113.647670,1450.000000,4.211866,-6.054068,712.573631,4.215734,6.055750,0.008029
2113.615376,1451.000000,4.208692,-5.957046,712.566666,4.212287,5.958674,0.014052
2113.580814,1452.000000,4.205294,-5.860020,712.558979,4.208584,5.861589,0.020785
2113.544162,1453.000000,4.201690,-5.762992,712.550626,4.204645,5.764495,0.028175
2113.518556,1454.000000,4.199178,-5.665993,712.545784,4.201954,5.667460,0.032106
2113.512816,1455.000000,4.198629,-5.569045,712.547257,4.201508,5.570527,0.029817
2113.512870,1456.000000,4.198653,-5.472110,712.550571,4.201716,5.473623,0.025715
2113.496822,1457.000000,4.197086,-5.375137,712.548764,4.200105,5.376638,0.026658
2113.533269,1458.000000,4.200708,-5.278287,712.563647,4.204424,5.279913,0.011161
2113.477632,1459.000000,4.195227,-5.181220,712.549250,4.198340,5.182732,0.024504
2113.419339,1460.000000,4.189484,-5.084151,712.534008,4.191956,5.085542,0.038679
2113.370715,1461.000000,4.184697,-4.987108,712.521839,4.186664,4.988402,0.049827
2113.356403,1462.000000,4.183301,-4.890143,712.520577,4.185249,4.891430,0.050232
2113.378996,1463.000000,4.185553,-4.793257,712.531048,4.188003,4.794633,0.039082
2113.391216,1464.000000,4.186780,-4.696347,712.538219,4.189585,4.697785,0.031181
2113.361530,1465.000000,4.183864,-4.599349,712.532065,4.186433,4.600739,0.036404
2113.303859,1466.000000,4.178183,-4.502296,712.517014,4.180119,4.503566,0.050392
2113.242109,1467.000000,4.172099,-4.405239,712.500665,4.173345,4.406379,0.065658
2113.214596,1468.000000,4.169399,-4.308252,712.495200,4.170438,4.309351,0.070204
2113.220768,1469.000000,4.170028,-4.211330,712.500441,4.171336,4.212475,0.064204
2113.206576,1470.000000,4.168644,-4.114370,712.499207,4.169934,4.115508,0.064581
2113.169295,1471.000000,4.164979,-4.017368,712.490632,4.165924,4.018439,0.072190
2113.140850,1472.000000,4.162186,-3.920384,712.484865,4.162912,3.921411,0.077033
2113.155935,1473.000000,4.163696,-3.823476,712.492934,4.164817,3.824572,0.068248
2113.207747,1474.000000,4.168836,-3.726626,712.512678,4.170871,3.727887,0.047962
2113.260640,1475.000000,4.174082,-3.629773,712.532765,4.177047,3.631202,0.027339
2113.290370,1476.000000,4.177039,-3.532878,712.545488,4.180607,3.534414,0.013970
2113.282255,1477.000000,4.176256,-3.435922,712.546177,4.179891,3.437467,0.012454
2113.238353,1478.000000,4.171936,-3.338912,712.535487,4.175132,3.340373,0.022146
2113.187527,1479.000000,4.166932,-3.241895,712.522595,4.169591,3.243253,0.034008
2113.153637,1480.000000,4.163602,-3.144905,712.515085,4.165963,3.146205,0.040567
2113.134027,1481.000000,4.161683,-3.047936,712.512115,4.163949,3.049215,0.042656
2113.125067,1482.000000,4.160816,-2.950982,712.512529,4.163137,2.952268,0.041411
2113.135581,1483.000000,4.161874,-2.854053,712.519132,4.164525,2.855397,0.034069
2113.158164,1484.000000,4.164125,-2.757137,712.529572,4.167277,2.758569,0.022949
2113.172960,1485.000000,4.165607,-2.660209,712.537534,4.169149,2.661709,0.014268
2113.168007,1486.000000,4.165136,-2.563256,712.539217,4.168790,2.564774,0.011774
2113.140283,1487.000000,4.162415,-2.466278,712.533659,4.165858,2.467753,0.016411
2113.106966,1488.000000,4.159142,-2.369295,712.526321,4.162295,2.370713,0.022802
2113.090777,1489.000000,4.157561,-2.272331,712.524428,4.160666,2.273737,0.023830
2113.098208,1490.000000,4.158314,-2.175391,712.530042,4.161706,2.176846,0.017462
2113.125587,1491.000000,4.161039,-2.078468,712.541997,4.164999,2.080024,0.004849
2113.140711,1492.000000,4.162553,-1.981531,712.550055,4.166908,1.983156,-0.003926
2113.123259,1493.000000,4.160847,-1.884564,712.547755,4.165136,1.886174,-0.002497
2113.093469,1494.000000,4.157922,-1.787587,712.541531,4.161971,1.789150,0.002797
2113.058220,1495.000000,4.154458,-1.690609,712.533569,4.158189,1.692109,0.009802
2113.038346,1496.000000,4.152513,-1.593643,712.530495,4.156144,1.595122,0.011993
2113.064899,1497.000000,4.155156,-1.496709,712.542180,4.159343,1.498287,-0.000354
2113.133503,1498.000000,4.161956,-1.399799,712.567234,4.167293,1.401584,-0.025870
2113.177136,1499.000000,4.166288,-1.302867,712.584348,4.172423,1.304795,-0.043565
2113.146546,1500.000000,4.163283,-1.205890,712.577861,4.169167,1.207769,-0.038012
2113.073764,1501.000000,4.156109,-1.108894,712.557958,4.161144,1.110613,-0.019243
2112.986256,1502.000000,4.147480,-1.011897,712.533372,4.151458,1.013418,0.004137
2112.891602,1503.000000,4.138146,-0.914903,712.506515,4.140966,0.916208,0.029755
2112.796529,1504.000000,4.128771,-0.817917,712.479526,4.130428,0.819004,0.055504
2112.716818,1505.000000,4.120914,-0.720943,712.457420,4.121625,0.721853,0.076442
2112.679688,1506.000000,4.117265,-0.623987,712.448849,4.117631,0.624830,0.084049
2112.709137,1507.000000,4.120193,-0.527049,712.461438,4.121156,0.527998,0.070810
2112.764050,1508.000000,4.125638,-0.430112,712.482122,4.127557,0.431233,0.049600
2112.791668,1509.000000,4.128386,-0.333165,712.494128,4.130875,0.334388,0.036937
2112.789111,1510.000000,4.128153,-0.236212,712.496540,4.130785,0.237458,0.033723
2112.786253,1511.000000,4.127889,-0.139259,712.498856,4.130662,0.140527,0.030605
2112.802348,1512.000000,4.129499,-0.042304,712.507196,4.132679,0.043644,0.021554
2112.833965,1513.000000,4.132643,0.054652,712.520469,4.136449,-0.053201,0.007642
2112.863068,1514.000000,4.135538,0.151613,712.532942,4.139935,-0.150056,-0.005481
2112.866301,1515.000000,4.135877,0.248573,712.537189,4.140499,-0.246979,-0.010501
2112.847333,1516.000000,4.134021,0.345532,712.534377,4.138555,-0.343957,-0.008568
2112.809757,1517.000000,4.130328,0.442486,712.525647,4.134510,-0.440979,-0.000805
2112.757796,1518.000000,4.125212,0.539434,712.512343,4.128840,-0.538033,0.011463
2112.699999,1519.000000,4.119521,0.636378,712.497184,4.122511,-0.635097,0.025560
2112.641908,1520.000000,4.113801,0.733317,712.481930,4.116149,-0.732158,0.039749
2112.593155,1521.000000,4.109003,0.830255,712.469643,4.110841,-0.829193,0.051015
2112.552018,1522.000000,4.104958,0.927193,712.459777,4.106394,-0.926209,0.059898
2112.507788,1523.000000,4.100608,1.024127,712.448927,4.101598,-1.023229,0.069749
2112.574200,1524.000000,4.107188,1.121114,712.473243,4.109296,-1.120013,0.044960
2112.546176,1525.000000,4.104439,1.218056,712.467541,4.106330,-1.216998,0.049740
2112.628607,1526.000000,4.112602,1.315061,712.496949,4.115837,-1.313760,0.019935
2112.688635,1527.000000,4.118553,1.412060,712.519235,4.122815,-1.410573,-0.002855
2112.686039,1528.000000,4.118316,1.509023,712.521612,4.122720,-1.507513,-0.006033
2112.650628,1529.000000,4.114836,1.605963,712.513555,4.118919,-1.604516,0.001067
2112.620079,1530.000000,4.111837,1.702905,712.507043,4.115667,-1.701508,0.006646
2112.609724,1531.000000,4.110833,1.799861,712.506950,4.114696,-1.798462,0.005902
2112.623579,1532.000000,4.112222,1.896838,712.514551,4.116458,-1.895373,-0.002423
2112.655221,1533.000000,4.115368,1.993833,712.527806,4.120230,-1.992256,-0.016316
2112.684406,1534.000000,4.118271,2.090829,712.540279,4.123724,-2.089147,-0.029440
2112.696409,1535.000000,4.119476,2.187812,712.547289,4.125278,-2.186069,-0.037181
2112.682410,1536.000000,4.118113,2.284770,712.546030,4.123895,-2.283035,-0.036777
2112.627921,1537.000000,4.112748,2.381685,712.531897,4.117938,-2.380062,-0.023691
2112.537825,1538.000000,4.103865,2.478557,712.506444,4.107961,-2.477139,0.000546
2112.461899,1539.000000,4.096384,2.575438,712.485495,4.099584,-2.574188,0.020346
2112.498413,1540.000000,4.100010,2.672447,712.500289,4.103905,-2.671073,0.004937
2112.471421,1541.000000,4.097363,2.769382,712.494893,4.101054,-2.768049,0.009415
2112.448049,1542.000000,4.095074,2.866321,712.490647,4.098613,-2.865019,0.012762
2112.453157,1543.000000,4.095598,2.963296,712.495453,4.099387,-2.961951,0.007191
2112.501787,1544.000000,4.100422,3.060331,712.514094,4.105076,-3.058831,-0.012007
2112.487962,1545.000000,4.099075,3.157284,712.512879,4.103712,-3.155791,-0.011647
2112.525268,1546.000000,4.102781,3.254311,712.527918,4.108123,-3.252691,-0.027297
2112.532554,1547.000000,4.103520,3.351297,712.533411,4.109143,-3.349629,-0.033545
2112.505567,1548.000000,4.100873,3.448232,712.528008,4.106292,-3.446605,-0.029058
2112.460832,1549.000000,4.096473,3.545137,712.516961,4.101437,-3.543598,-0.019012
2112.503199,1550.000000,4.100679,3.642182,712.533603,4.106419,-3.640502,-0.036243
2112.516252,1551.000000,4.101988,3.739181,712.540926,4.108091,-3.737439,-0.044292
2112.543107,1552.000000,4.104661,3.836207,712.552635,4.111321,-3.834365,-0.056662
2112.544617,1553.000000,4.104830,3.933191,712.556285,4.111689,-3.931316,-0.061094
2112.508891,1554.000000,4.101319,4.030109,712.548094,4.107851,-4.028298,-0.053862
2112.440782,1555.000000,4.094610,4.126965,712.529608,4.100355,-4.125302,-0.036487
2112.369562,1556.000000,4.087593,4.223811,712.510132,4.092509,-4.222304,-0.018137
2112.344009,1557.000000,4.085088,4.320739,712.505173,4.089820,-4.319270,-0.014088
2112.359621,1558.000000,4.086650,4.417747,712.513299,4.091780,-4.416208,-0.022928
2112.383128,1559.000000,4.088992,4.514774,712.523933,4.094631,-4.513144,-0.034240
2112.390438,1560.000000,4.089734,4.611770,712.529418,4.095654,-4.610092,-0.040479
2112.404710,1561.000000,4.091164,4.708782,712.537114,4.097462,-4.707038,-0.048897
2112.425324,1562.000000,4.093220,4.805810,712.546826,4.099987,-4.803983,-0.059300
2112.430850,1563.000000,4.093786,4.902807,712.551740,4.100807,-4.900938,-0.064976
2112.420176,1564.000000,4.092751,4.999770,712.551502,4.099798,-4.997899,-0.065577
2112.403362,1565.000000,4.091109,5.096719,712.549310,4.098096,-5.094863,-0.064254
2112.370539,1566.000000,4.087886,5.193630,712.542027,4.094585,-5.191830,-0.057915
2112.309189,1567.000000,4.081845,5.290472,712.525674,4.087853,-5.288803,-0.042641
2112.241154,1568.000000,4.075143,5.387294,712.507195,4.080367,-5.385772,-0.025273
2112.204465,1569.000000,4.071538,5.484187,712.498680,4.076420,-5.482732,-0.017721
2112.200294,1570.000000,4.071146,5.581159,712.500501,4.076145,-5.579686,-0.020351
2112.203493,1571.000000,4.071482,5.678150,712.504664,4.076702,-5.676640,-0.025287
2112.215679,1572.000000,4.072705,5.775166,712.511683,4.078274,-5.773595,-0.033037
2112.236839,1573.000000,4.074815,5.872207,712.521553,4.080860,-5.870552,-0.043596
2112.245600,1574.000000,4.075701,5.969218,712.527480,4.082045,-5.967511,-0.050271
2112.232009,1575.000000,4.074378,6.066170,712.526300,4.080706,-6.064469,-0.049944
2112.207962,1576.000000,4.072022,6.163093,712.521795,4.078187,-6.161426,-0.046341
2112.181274,1577.000000,4.069405,6.260007,712.516449,4.075369,-6.258381,-0.041910
2112.146688,1578.000000,4.066008,6.356898,712.508590,4.071659,-6.355332,-0.035004
2112.110975,1579.000000,4.062500,6.453783,712.500373,4.067822,-6.452282,-0.027744
2112.096640,1580.000000,4.061104,6.550729,712.498950,4.066399,-6.549236,-0.027178
2112.112269,1581.000000,4.062667,6.647763,712.507051,4.068359,-6.646200,-0.035994
2112.138097,1582.000000,4.065239,6.744830,712.518393,4.071471,-6.743171,-0.048003
2112.154954,1583.000000,4.066924,6.841873,712.526883,4.073570,-6.840141,-0.057202
2112.146055,1584.000000,4.066065,6.938838,712.527182,4.072761,-6.937101,-0.058333
2112.113767,1585.000000,4.062895,7.035731,712.520045,4.069310,-7.034049,-0.052137
2112.073499,1586.000000,4.058937,7.132596,712.510370,4.064958,-7.130990,-0.043441
2112.037578,1587.000000,4.055408,7.229472,712.502076,4.061098,-7.227931,-0.036106
2112.031737,1588.000000,4.054851,7.326444,712.503343,4.060633,-7.324890,-0.038189
2109.914951,1795.000000,3.850127,27.397508,712.448863,3.861031,-27.395726,-0.157039
2109.789917,1796.000000,3.837810,27.493064,712.411976,3.847109,-27.491581,-0.121523
2109.591612,1797.000000,3.818264,27.587708,712.351808,3.824924,-27.586714,-0.063067
2109.511872,1798.000000,3.810418,27.683800,712.329319,3.816114,-27.682988,-0.041738
2109.552795,1799.000000,3.814477,27.781383,712.345168,3.820914,-27.780438,-0.058187
2109.529609,1800.000000,3.812211,27.878173,712.340646,3.818483,-27.877261,-0.054562
2109.516213,1801.000000,3.810911,27.975084,712.339233,3.817157,-27.974180,-0.054002
2109.507388,1802.000000,3.810061,28.072052,712.339271,3.816345,-28.071145,-0.054871
2109.429480,1803.000000,3.802397,28.168151,712.317358,3.807743,-28.167420,-0.034110
2109.390665,1804.000000,3.798589,28.264738,712.307866,3.803549,-28.264082,-0.025587
2109.419656,1805.000000,3.801470,28.362181,712.319915,3.807003,-28.361423,-0.038291
2109.490501,1806.000000,3.808481,28.460159,712.345262,3.815177,-28.459190,-0.064099
2109.487587,1807.000000,3.808215,28.557203,712.347171,3.815032,-28.556215,-0.066812
2109.514430,1808.000000,3.810885,28.654629,712.358535,3.818244,-28.653545,-0.078841
2109.497406,1809.000000,3.809226,28.751495,712.355959,3.816507,-28.750429,-0.077134
2109.460455,1810.000000,3.805602,28.848105,712.347050,3.812524,-28.847108,-0.069186
2109.462801,1811.000000,3.805855,28.945219,712.350626,3.812972,-28.944190,-0.073541
2109.402375,1812.000000,3.799915,29.041521,712.334255,3.806340,-29.040623,-0.058241
2109.369778,1813.000000,3.796721,29.138181,712.326726,3.802847,-29.137341,-0.051653
2109.384739,1814.000000,3.798218,29.235459,712.334306,3.804718,-29.234554,-0.059953
2109.431306,1815.000000,3.802834,29.333153,712.351928,3.810154,-29.332101,-0.078149
2109.471460,1816.000000,3.806817,29.430768,712.367511,3.814867,-29.429585,-0.094336
2109.461099,1817.000000,3.805816,29.527722,712.367041,3.813881,-29.526539,-0.094704
2109.420492,1818.000000,3.801832,29.624276,712.356960,3.809485,-29.623172,-0.085601
2109.401979,1819.000000,3.800027,29.721120,712.353897,3.807580,-29.720038,-0.083414
2109.393409,1820.000000,3.799203,29.818096,712.353993,3.806797,-29.817010,-0.084340
2109.357615,1821.000000,3.795693,29.914708,712.345437,3.802943,-29.913689,-0.076740
2109.323799,1822.000000,3.792378,30.011345,712.337509,3.799312,-30.010388,-0.069758
2109.311491,1823.000000,3.791186,30.108269,712.336413,3.798107,-30.107317,-0.069509
2109.323464,1824.000000,3.792388,30.205520,712.343030,3.799640,-30.204511,-0.076861
2109.348797,1825.000000,3.794909,30.302954,712.353892,3.802681,-30.301852,-0.088395
2109.365860,1826.000000,3.796614,30.400278,712.362125,3.804788,-30.399106,-0.097339
2109.362625,1827.000000,3.796317,30.497329,712.363907,3.804606,-30.496139,-0.099926
2109.317079,1828.000000,3.791845,30.593803,712.352243,3.799652,-30.592705,-0.089263
2109.222172,1829.000000,3.782504,30.689597,712.324894,3.789131,-30.688720,-0.063144
2109.136594,1830.000000,3.774084,30.785513,712.300510,3.779663,-30.784832,-0.039947
2109.101472,1831.000000,3.770641,30.882117,712.292156,3.775885,-30.881502,-0.032545
2109.097270,1832.000000,3.770248,30.979147,712.293624,3.775594,-30.978516,-0.034822
2109.096575,1833.000000,3.770201,31.076226,712.296204,3.775698,-31.075571,-0.038196
2109.093649,1834.000000,3.769934,31.173275,712.298075,3.775551,-31.172601,-0.040870
2109.099054,1835.000000,3.770489,31.270440,712.302591,3.776343,-31.269726,-0.046151
2109.121668,1836.000000,3.772741,31.367848,712.312573,3.779075,-31.367049,-0.056818
2109.142212,1837.000000,3.774789,31.465230,712.321896,3.781574,-31.464351,-0.066837
2109.134009,1838.000000,3.774002,31.562209,712.322085,3.780832,-31.561326,-0.067853
2109.090104,1839.000000,3.769693,31.658685,712.310929,3.776063,-31.657890,-0.057691
2109.019580,1840.000000,3.762758,31.754780,712.291316,3.768292,-31.754142,-0.039194
2108.958745,1841.000000,3.756780,31.851008,712.274780,3.761614,-31.850502,-0.023730
2108.934627,1842.000000,3.754422,31.947755,712.269908,3.759077,-31.947286,-0.019760
2108.948940,1843.000000,3.755856,32.045050,712.277243,3.760873,-32.044518,-0.027818
2108.981337,1844.000000,3.759073,32.142607,712.290322,3.764708,-32.141964,-0.041537
2108.985212,1845.000000,3.759476,32.239757,712.294339,3.765327,-32.239078,-0.046326
2108.952996,1846.000000,3.756321,32.336388,712.286888,3.761876,-32.335767,-0.039815
2108.921802,1847.000000,3.753266,32.433031,712.279761,3.758540,-32.432465,-0.033622
2108.924050,1848.000000,3.753509,32.530159,712.283257,3.758976,-32.529561,-0.037897
2108.965613,1849.000000,3.757630,32.627859,712.299242,3.763844,-32.627127,-0.054480
2108.985822,1850.000000,3.759645,32.725253,712.308441,3.766305,-32.724442,-0.064376
2108.970345,1851.000000,3.758140,32.822126,712.306302,3.764741,-32.821330,-0.063098
2108.947669,1852.000000,3.755925,32.918893,712.301874,3.762366,-32.918130,-0.059566
2108.934265,1853.000000,3.754625,33.015796,712.300391,3.761036,-33.015042,-0.058934
2108.918299,1854.000000,3.753072,33.112661,712.298092,3.759417,-33.111922,-0.057500
2108.889075,1855.000000,3.750211,33.209329,712.291581,3.756303,-33.208640,-0.051913
2108.874213,1856.000000,3.748767,33.306208,712.289630,3.754808,-33.305532,-0.050822
2108.889857,1857.000000,3.750332,33.403542,712.297370,3.756754,-33.402800,-0.059279
2108.907391,1858.000000,3.752083,33.500907,712.305709,3.758912,-33.500093,-0.068328
2108.885429,1859.000000,3.749939,33.597681,712.301499,3.756617,-33.596898,-0.065009
2108.820078,1860.000000,3.743515,33.693803,712.283504,3.749429,-33.693164,-0.048106
2108.750524,1861.000000,3.736678,33.789856,712.264173,3.741768,-33.789372,-0.029886
2108.712618,1862.000000,3.732961,33.886383,712.254894,3.737675,-33.885972,-0.021573
2108.715452,1863.000000,3.733262,33.983525,712.258556,3.738176,-33.983081,-0.026012
2108.745049,1864.000000,3.736203,34.081075,712.270719,3.741694,-34.080528,-0.038828
2108.774820,1865.000000,3.739161,34.178632,712.282936,3.745231,-34.177981,-0.051698
2108.792211,1866.000000,3.740898,34.276002,712.291219,3.747373,-34.275281,-0.060690
2108.796537,1867.000000,3.741346,34.373175,712.295350,3.748042,-34.372416,-0.065592
2108.771548,1868.000000,3.738903,34.469898,712.290167,3.745405,-34.469179,-0.061314
2108.725514,1869.000000,3.734385,34.566295,712.278296,3.740395,-34.565670,-0.050446
2108.688090,1870.000000,3.730716,34.662822,712.269160,3.736356,-34.662269,-0.042273
2108.669820,1871.000000,3.728937,34.759644,712.266108,3.734477,-34.759112,-0.040095
2108.670959,1872.000000,3.729071,34.856768,712.269220,3.734786,-34.856207,-0.043992
2108.685036,1873.000000,3.730481,34.954094,712.276441,3.736554,-34.953471,-0.051938
2108.696526,1874.000000,3.731636,35.051381,712.282838,3.738030,-35.050703,-0.059073
2108.672909,1875.000000,3.729329,35.148120,712.278082,3.735547,-35.147477,-0.055216
2108.616063,1876.000000,3.723745,35.244336,712.262768,3.729318,-35.243815,-0.040955
2108.563268,1877.000000,3.718560,35.340611,712.248741,3.723546,-35.340202,-0.027961
2108.524425,1878.000000,3.714752,35.437103,712.239144,3.719348,-35.436769,-0.019334
2108.507954,1879.000000,3.713150,35.533948,712.236653,3.717671,-35.533631,-0.017709
2108.521626,1880.000000,3.714520,35.631271,712.243735,3.719392,-35.630892,-0.025518
2108.548751,1881.000000,3.717216,35.728810,712.255090,3.722630,-35.728336,-0.037538
2108.588392,1882.000000,3.721147,35.826554,712.270419,3.727280,-35.825950,-0.053475
2108.622459,1883.000000,3.724529,35.924212,712.283978,3.731300,-35.923494,-0.067666
2108.634928,1884.000000,3.725780,36.021526,712.290673,3.732886,-36.020751,-0.075094
2108.642369,1885.000000,3.726536,36.118762,712.295770,3.733905,-36.117942,-0.080947
2108.662877,1886.000000,3.728581,36.216211,712.305018,3.736397,-36.215311,-0.090890
2108.670371,1887.000000,3.729342,36.313451,712.310129,3.737422,-36.312506,-0.096757
2108.641583,1888.000000,3.726525,36.410103,712.303713,3.734356,-36.409208,-0.091264
2108.590343,1889.000000,3.721493,36.506388,712.290162,3.728758,-36.505601,-0.078740
2108.530987,1890.000000,3.715662,36.602537,712.274032,3.722246,-36.601879,-0.063674
2108.525571,1891.000000,3.715150,36.699565,712.275037,3.721815,-36.698895,-0.065494
2108.469173,1892.000000,3.709611,36.795757,712.259845,3.715636,-36.795208,-0.051352
2108.435191,1893.000000,3.706282,36.892313,712.251773,3.711985,-36.891827,-0.044227
2108.424066,1894.000000,3.705207,36.989245,712.250960,3.710910,-36.988762,-0.044255
2108.451861,1895.000000,3.707969,37.086821,712.262509,3.714223,-37.086240,-0.056467
2108.512381,1896.000000,3.713959,37.184943,712.284453,3.721225,-37.184179,-0.078922
2108.514026,1897.000000,3.714144,37.282092,712.287693,3.721590,-37.281298,-0.082945
2108.512214,1898.000000,3.713987,37.379184,712.289834,3.721565,-37.378370,-0.085884
2108.494443,1899.000000,3.712257,37.476010,712.286903,3.719740,-37.475217,-0.083826
2108.495524,1900.000000,3.712385,37.573151,712.289960,3.720041,-37.572330,-0.087668
2108.505714,1901.000000,3.713412,37.670447,712.295910,3.721369,-37.669573,-0.094361
2108.528719,1902.000000,3.715703,37.767960,712.305929,3.724142,-37.767002,-0.105065
2108.493145,1903.000000,3.712217,37.864487,712.297337,3.720310,-37.863595,-0.097427
2108.461667,1904.000000,3.709135,37.961081,712.290045,3.716940,-37.960245,-0.091071
2108.435299,1905.000000,3.706557,38.057759,712.284376,3.714147,-38.056967,-0.086313
2108.423570,1906.000000,3.705423,38.154686,712.283355,3.713003,-38.153899,-0.086136
2108.421711,1907.000000,3.705261,38.251781,712.285469,3.712972,-38.250973,-0.089049
2108.397291,1908.000000,3.702876,38.348490,712.280414,3.710398,-38.347721,-0.084897
2108.345597,1909.000000,3.697800,38.444731,712.266694,3.704749,-38.444071,-0.072205
2108.287584,1910.000000,3.692102,38.540859,712.250966,3.698387,-38.540324,-0.057535
2108.255018,1911.000000,3.688913,38.637422,712.243320,3.694895,-38.636947,-0.050829
2108.262965,1912.000000,3.689719,38.734683,712.248542,3.695969,-38.734162,-0.056805
2108.302405,1913.000000,3.693630,38.832492,712.263766,3.700594,-38.831842,-0.072638
2108.349459,1914.000000,3.698292,38.930437,712.281409,3.706077,-38.929640,-0.090855
2108.369819,1915.000000,3.700322,39.027922,712.290571,3.708551,-39.027047,-0.100713
2108.354648,1916.000000,3.698848,39.124790,712.288444,3.707018,-39.123929,-0.099446
2108.322995,1917.000000,3.695749,39.221369,712.281080,3.703628,-39.220564,-0.093018
2108.292146,1918.000000,3.692730,39.317960,712.273970,3.700329,-39.317210,-0.086840
2108.266797,1919.000000,3.690252,39.414646,712.268606,3.697649,-39.413937,-0.082383
2108.252177,1920.000000,3.688833,39.511519,712.266648,3.696179,-39.510824,-0.081284
2108.244143,1921.000000,3.688063,39.608509,712.266782,3.695451,-39.607809,-0.082245
2108.229941,1922.000000,3.686685,39.705390,712.264955,3.694028,-39.704702,-0.081274
2108.235404,1923.000000,3.687246,39.802620,712.269374,3.694822,-39.801892,-0.086458
2108.255332,1924.000000,3.689233,39.900109,712.278386,3.697247,-39.899304,-0.096169
2108.262214,1925.000000,3.689934,39.997367,712.283253,3.698201,-39.996519,-0.101795
2108.240295,1926.000000,3.687795,40.094112,712.278970,3.695907,-40.093296,-0.098402
2108.199898,1927.000000,3.683834,40.190524,712.268815,3.691531,-40.189788,-0.089223
2108.173812,1928.000000,3.681284,40.287191,712.263205,3.688768,-40.286498,-0.084524
2108.163264,1929.000000,3.680266,40.384137,712.262529,3.687757,-40.383446,-0.084687
2108.155139,1930.000000,3.679488,40.481126,712.262622,3.687018,-40.480431,-0.085608
2108.142209,1931.000000,3.678235,40.578029,712.261188,3.685738,-40.577342,-0.085023
2108.129831,1932.000000,3.677037,40.674942,712.259927,3.684520,-40.674262,-0.084610
2108.127213,1933.000000,3.676801,40.772031,712.261766,3.684403,-40.771333,-0.087251
2108.135444,1934.000000,3.677635,40.869320,712.267049,3.685508,-40.868575,-0.093287
2108.145136,1935.000000,3.678613,40.966636,712.272795,3.686778,-40.965842,-0.099780
2108.141816,1936.000000,3.678308,41.063716,712.274407,3.686581,-41.062905,-0.102197
2108.126073,1937.000000,3.676778,41.160569,712.272071,3.684984,-41.159774,-0.100724
2108.101323,1938.000000,3.674360,41.257255,712.266872,3.682371,-41.256499,-0.096429
2108.070185,1939.000000,3.671313,41.353822,712.259643,3.679038,-41.353122,-0.090133
2108.034583,1940.000000,3.667825,41.450305,712.250995,3.675202,-41.449672,-0.082439
2107.991174,1941.000000,3.663568,41.546641,712.239866,3.670486,-41.546096,-0.072300
2107.944084,1942.000000,3.658947,41.642905,712.227566,3.665355,-41.642458,-0.061007
2107.925076,1943.000000,3.657096,41.739690,712.224185,3.663389,-41.739267,-0.058504
2107.939488,1944.000000,3.658539,41.837097,712.231419,3.665191,-41.836612,-0.066462
2107.955641,1945.000000,3.660154,41.934540,712.239204,3.667188,-41.933987,-0.074963
2107.972136,1946.000000,3.661803,42.031991,712.247096,3.669224,-42.031371,-0.083570
2107.989545,1947.000000,3.663541,42.129461,712.255278,3.671363,-42.128771,-0.092462
2107.992303,1948.000000,3.663836,42.226658,712.258804,3.671851,-42.225936,-0.096767
2107.962032,1949.000000,3.660874,42.323233,712.251837,3.668615,-42.322564,-0.090730
2107.909835,1950.000000,3.655750,42.419390,712.237905,3.662908,-42.418832,-0.077827
2107.852911,1951.000000,3.650161,42.515455,712.222470,3.656669,-42.515020,-0.063444
2107.817389,1952.000000,3.646682,42.611922,712.213833,3.652841,-42.611554,-0.055760
2107.825948,1953.000000,3.647548,42.709227,712.219195,3.653983,-42.708812,-0.061873
2107.863530,1954.000000,3.651275,42.807088,712.233774,3.658395,-42.806551,-0.077071
2107.903825,1955.000000,3.655270,42.905005,712.249215,3.663113,-42.904338,-0.093117
2107.917099,1956.000000,3.656601,43.002408,712.256071,3.664785,-43.001682,-0.100703
2107.904219,1957.000000,3.655354,43.099311,712.254618,3.663510,-43.098593,-0.100100
2107.900489,1958.000000,3.655009,43.196389,712.256071,3.663266,-43.195656,-0.102360
2107.907233,1959.000000,3.655696,43.293670,712.260849,3.664202,-43.292895,-0.107898
2107.909865,1960.000000,3.655978,43.390873,712.264320,3.664675,-43.390067,-0.112148
2107.891297,1961.000000,3.654170,43.487666,712.261055,3.662758,-43.486883,-0.109758
2107.847598,1962.000000,3.649885,43.583970,712.249806,3.658008,-43.583276,-0.099500
2107.789043,1963.000000,3.644135,43.679981,712.233837,3.651584,-43.679414,-0.084590
2107.725419,1964.000000,3.637885,43.775889,712.216257,3.644589,-43.775463,-0.068093
2107.671668,1965.000000,3.632609,43.871986,712.201813,3.638707,-43.871675,-0.054686
2107.639769,1966.000000,3.629487,43.968507,712.194308,3.635288,-43.968254,-0.048118
2107.613930,1967.000000,3.626963,44.065146,712.188727,3.632551,-44.064936,-0.043445
2107.596615,1968.000000,3.625279,44.161952,712.185852,3.630775,-44.161762,-0.041440
2107.617583,1969.000000,3.627368,44.259513,712.195133,3.633314,-44.259243,-0.051416
2107.678982,1970.000000,3.633443,44.357876,712.217255,3.640409,-44.357423,-0.074048
2107.733739,1971.000000,3.638863,44.456115,712.237268,3.646756,-44.455494,-0.094600
2107.747803,1972.000000,3.640272,44.553550,712.244354,3.648517,-44.552868,-0.102412
2107.723214,1973.000000,3.637871,44.650217,712.239161,3.645921,-44.649574,-0.098122
2107.677478,1974.000000,3.633385,44.746461,712.227250,3.640941,-44.745912,-0.087211
2107.624124,1975.000000,3.628148,44.842549,712.212918,3.635103,-44.842115,-0.073915
2107.587629,1976.000000,3.624574,44.938972,712.203940,3.631165,-44.938607,-0.065895
2107.590816,1977.000000,3.624910,45.036189,712.207565,3.631700,-45.035792,-0.070295
2107.616734,1978.000000,3.627488,45.133866,712.218407,3.634796,-45.133377,-0.081810
2107.627116,1979.000000,3.628534,45.231232,712.224314,3.636141,-45.230692,-0.088460
2107.617072,1980.000000,3.627566,45.328187,712.223732,3.635184,-45.327648,-0.088714
2107.589747,1981.000000,3.624895,45.424792,712.217660,3.632279,-45.424299,-0.083558
2107.535125,1982.000000,3.619534,45.520841,712.202917,3.626299,-45.520466,-0.069856
2107.474434,1983.000000,3.613575,45.616763,712.186246,3.619634,-45.616520,-0.054253
2107.463906,1984.000000,3.612560,45.713703,712.185505,3.618622,-45.713464,-0.054351
2107.490547,1985.000000,3.615208,45.811403,712.196567,3.621799,-45.811070,-0.066082
2107.519303,1986.000000,3.618065,45.909150,712.208301,3.625214,-45.908717,-0.078474
2107.548930,1987.000000,3.621008,46.006917,712.220310,3.628728,-46.006383,-0.091138
2107.576180,1988.000000,3.623717,46.104640,712.231563,3.631974,-46.104011,-0.103057
2107.571165,1989.000000,3.623246,46.201701,712.232566,3.631583,-46.201060,-0.104875
2107.509531,1990.000000,3.617193,46.297592,712.215585,3.624811,-46.297087,-0.088966
2107.503124,1991.000000,3.616584,46.394622,712.216144,3.624264,-46.394109,-0.090345
2107.464181,1992.000000,3.612768,46.490978,712.206367,3.620050,-46.490542,-0.081537
2107.461452,1993.000000,3.612522,46.588084,712.208091,3.619916,-46.587631,-0.084065
2107.456882,1994.000000,3.612094,46.685152,712.209230,3.619576,-46.684686,-0.086014
2107.416705,1995.000000,3.608157,46.781478,712.199058,3.615222,-46.781092,-0.076817
2107.346663,1996.000000,3.601276,46.877177,712.179400,3.607503,-46.876948,-0.058270
2107.295774,1997.000000,3.596284,46.973271,712.165824,3.601943,-46.973151,-0.045718
2107.296081,1998.000000,3.596337,47.070438,712.168506,3.602152,-47.070292,-0.049189
2107.335582,1999.000000,3.600253,47.168430,712.183633,3.606777,-47.168157,-0.064926
2107.373216,2000.000000,3.603985,47.266387,712.198168,3.611192,-47.265992,-0.080079
2107.375034,2001.000000,3.604187,47.363591,712.201325,3.611570,-47.363167,-0.084020
2107.350649,2002.000000,3.601806,47.460242,712.196160,3.608996,-47.459857,-0.079756
2107.337480,2003.000000,3.600531,47.557129,712.194555,3.607686,-47.556754,-0.079003
2107.340115,2004.000000,3.600813,47.654352,712.197969,3.608157,-47.653946,-0.083195
2107.329211,2005.000000,3.599761,47.751288,712.197081,3.607102,-47.750886,-0.083148
2107.292223,2006.000000,3.596139,47.847667,712.187908,3.603107,-47.847337,-0.074934
2107.241231,2007.000000,3.591136,47.943744,712.174286,3.597535,-47.943522,-0.062336
2107.206131,2008.000000,3.587700,48.040158,712.165710,3.593753,-48.040003,-0.054711
2107.208897,2009.000000,3.587995,48.137384,712.169158,3.594239,-48.137197,-0.058937
2107.234773,2010.000000,3.590568,48.235108,712.179944,3.597328,-48.234829,-0.070396
2107.264724,2011.000000,3.593543,48.332922,712.192024,3.600876,-48.332542,-0.083130
2107.281284,2012.000000,3.595198,48.430451,712.199849,3.602916,-48.430004,-0.091670
2107.264065,2013.000000,3.593524,48.527251,712.196945,3.601149,-48.526824,-0.089636
2107.217442,2014.000000,3.588952,48.623413,712.184701,3.596068,-48.623083,-0.078396
2107.171821,2015.000000,3.584478,48.719593,712.172775,3.591101,-48.719357,-0.067468
2107.150656,2016.000000,3.582415,48.816303,712.168614,3.588889,-48.816098,-0.064195
2107.164557,2017.000000,3.583808,48.913777,712.175588,3.590628,-48.913511,-0.071896
2107.209510,2018.000000,3.588262,49.011932,712.192423,3.595867,-49.011525,-0.089317
2107.252915,2019.000000,3.592562,49.110058,712.208765,3.600931,-49.109514,-0.106252
2107.260905,2020.000000,3.593373,49.207411,712.213858,3.602004,-49.206823,-0.112099
2107.235045,2021.000000,3.590847,49.304021,712.208199,3.599263,-49.303476,-0.107349
2107.190775,2022.000000,3.586507,49.400224,712.196692,3.594447,-49.399770,-0.096835
2107.148102,2023.000000,3.582324,49.496460,712.185691,3.589812,-49.496092,-0.086819
2107.095722,2024.000000,3.577185,49.592478,712.171606,3.584082,-49.592222,-0.073764
2107.027130,2025.000000,3.570449,49.688133,712.152372,3.576526,-49.688032,-0.055634
2106.975926,2026.000000,3.565426,49.784169,712.138660,3.570930,-49.784177,-0.042946
2106.969094,2027.000000,3.564776,49.881189,712.139036,3.570333,-49.881190,-0.044144
2106.995523,2028.000000,3.567403,49.978951,712.149974,3.573483,-49.978860,-0.055752
2107.030038,2029.000000,3.570827,50.076897,712.163478,3.577544,-50.076692,-0.069890
2107.041407,2030.000000,3.571970,50.174328,712.169630,3.578997,-50.174069,-0.076781
2107.014999,2031.000000,3.569391,50.270915,712.163785,3.576194,-50.270700,-0.071847
2106.967278,2032.000000,3.564711,50.367020,712.151170,3.570990,-50.366906,-0.060241
2106.916554,2033.000000,3.559736,50.463056,712.137601,3.565447,-50.463049,-0.047694
2106.868672,2034.000000,3.555041,50.559151,712.124933,3.560225,-50.559245,-0.036035
2106.824040,2035.000000,3.550666,50.655317,712.113297,3.555369,-50.655504,-0.025393
2106.804714,2036.000000,3.548785,50.752053,712.109694,3.553364,-50.752266,-0.022669
2106.822879,2037.000000,3.550598,50.849639,712.117995,3.555582,-50.849780,-0.031678
2106.869686,2038.000000,3.555233,50.947878,712.135389,3.561027,-50.947874,-0.049650
2106.907477,2039.000000,3.558980,51.045917,712.149920,3.565457,-51.045790,-0.064799
2106.903474,2040.000000,3.558608,51.143006,712.151177,3.565178,-51.142866,-0.066866
2106.873541,2041.000000,3.555682,51.239503,712.144200,3.561977,-51.239417,-0.060816
2106.845194,2042.000000,3.552912,51.336035,712.137725,3.558955,-51.335999,-0.055261
2106.839091,2043.000000,3.552333,51.433076,712.138312,3.558439,-51.433031,-0.056666
2106.858407,2044.000000,3.554260,51.530701,712.146969,3.560787,-51.530583,-0.066027
2106.888502,2045.000000,3.557248,51.628577,712.159048,3.564349,-51.628357,-0.078760
2106.910159,2046.000000,3.559406,51.726263,712.168447,3.566961,-51.725961,-0.088851
2106.905885,2047.000000,3.559008,51.823351,712.169610,3.566651,-51.823037,-0.090824
2106.867460,2048.000000,3.555244,51.919649,712.159926,3.562493,-51.919411,-0.082106
2106.813695,2049.000000,3.549970,52.015588,712.145370,3.556607,-52.015466,-0.068586
2106.775848,2050.000000,3.546263,52.111894,712.135867,3.552515,-52.111846,-0.060046
2106.742723,2051.000000,3.543023,52.208307,712.127863,3.548954,-52.208322,-0.052984
2106.710024,2052.000000,3.539824,52.304728,712.119993,3.545442,-52.304804,-0.046054
2106.686619,2053.000000,3.537541,52.401365,712.115073,3.542976,-52.401478,-0.042031
2106.692274,2054.000000,3.538121,52.498681,712.119379,3.543784,-52.498756,-0.047103
2106.723728,2055.000000,3.541244,52.596604,712.131876,3.547499,-52.596573,-0.060247
2106.770990,2056.000000,3.545924,52.694902,712.149392,3.552994,-52.694724,-0.078339
2106.831462,2057.000000,3.551906,52.793516,712.171102,3.559979,-52.793158,-0.100566
2106.890318,2058.000000,3.557729,52.892098,712.192299,3.566781,-52.891563,-0.122286
2106.914770,2059.000000,3.560162,52.989873,712.202570,3.569707,-52.989251,-0.133236
2106.900524,2060.000000,3.558781,53.086735,712.200548,3.568273,-53.086125,-0.132071
2106.868624,2061.000000,3.555661,53.183177,712.192919,3.564850,-53.182627,-0.125377
2106.834248,2062.000000,3.552296,53.279559,712.184502,3.561147,-53.279074,-0.117908
2106.795843,2063.000000,3.548535,53.375842,712.174804,3.556991,-53.375434,-0.109176
2106.755618,2064.000000,3.544595,53.472080,712.164527,3.552629,-53.471752,-0.099873
2106.729509,2065.000000,3.542045,53.568652,712.158732,3.549858,-53.568369,-0.094988
2106.725518,2066.000000,3.541675,53.665753,712.159960,3.549579,-53.665456,-0.097024
2106.742230,2067.000000,3.543345,53.763351,712.167761,3.551633,-53.762987,-0.105540
2106.779068,2068.000000,3.546999,53.861435,712.181952,3.555954,-53.860951,-0.120355
2106.783772,2069.000000,3.547486,53.958749,712.185937,3.556654,-53.958230,-0.125110
2106.739089,2070.000000,3.543106,54.054873,712.174236,3.551790,-54.054447,-0.114404
2106.674645,2071.000000,3.536779,54.150518,712.156260,3.544700,-54.150235,-0.097511
2106.622982,2072.000000,3.531712,54.246467,712.142341,3.539050,-54.246295,-0.084618
2106.603349,2073.000000,3.529801,54.343188,712.138592,3.537008,-54.343044,-0.081749
2106.631137,2074.000000,3.532562,54.441061,712.149900,3.540309,-54.440821,-0.093723
2106.688579,2075.000000,3.538246,54.539659,712.170625,3.546951,-54.539245,-0.114977
2106.739478,2076.000000,3.543284,54.638103,712.189271,3.552856,-54.637534,-0.134184
2106.765251,2077.000000,3.545848,54.735938,712.199937,3.555929,-54.735279,-0.145524
2106.767618,2078.000000,3.546104,54.833205,712.203168,3.556366,-54.832515,-0.149535
2106.771598,2079.000000,3.546520,54.930512,712.206911,3.556985,-54.929788,-0.154051
2106.789207,2080.000000,3.548279,55.028154,712.214980,3.559139,-55.027362,-0.162832
2106.809360,2081.000000,3.550288,55.125862,712.223857,3.561580,-55.124994,-0.172408
2106.812990,2082.000000,3.550670,55.223166,712.227484,3.562158,-55.222264,-0.176810
2106.781374,2083.000000,3.547577,55.319600,712.219915,3.558766,-55.318757,-0.170176
2106.730813,2084.000000,3.542618,55.415565,712.206328,3.553239,-55.414830,-0.157610
2106.674652,2085.000000,3.537107,55.511387,712.190962,3.547080,-55.510775,-0.143290
2106.609940,2086.000000,3.530754,55.606993,712.172880,3.539959,-55.606526,-0.126292
2106.553151,2087.000000,3.525182,55.702792,712.157313,3.533731,-55.702448,-0.111774
2106.543421,2088.000000,3.524247,55.799757,712.156689,3.532804,-55.799416,-0.111986
2106.563738,2089.000000,3.526272,55.897473,712.165606,3.535262,-55.897055,-0.121602
2106.580363,2090.000000,3.527934,55.995098,712.173349,3.537305,-55.994614,-0.130060
2106.586721,2091.000000,3.528584,56.092469,712.177830,3.538190,-56.091945,-0.135304
2106.580053,2092.000000,3.527950,56.189515,712.178174,3.537609,-56.188985,-0.136469
2106.542461,2093.000000,3.524270,56.285785,712.168695,3.533543,-56.285329,-0.127952
2106.502914,2094.000000,3.520397,56.382003,712.158595,3.529256,-56.381627,-0.118822
2106.502968,2095.000000,3.520426,56.479217,712.161069,3.529432,-56.478817,-0.122087
2106.500464,2096.000000,3.520202,56.576367,712.162729,3.529319,-56.575950,-0.124550
2106.477386,2097.000000,3.517952,56.672997,712.157855,3.526888,-56.672617,-0.120572
2106.517071,2098.000000,3.521886,56.771216,712.172910,3.531528,-56.770709,-0.136238
2106.497766,2099.000000,3.520007,56.867942,712.169231,3.529522,-56.867462,-0.133438
2106.518115,2100.000000,3.522036,56.965676,712.178144,3.531983,-56.965120,-0.143050
2106.475321,2101.000000,3.517843,57.061804,712.167003,3.527331,-57.061336,-0.132894
2106.475801,2102.000000,3.517914,57.159034,712.169603,3.527553,-57.158541,-0.136283
2106.465350,2103.000000,3.516908,57.255985,712.168730,3.526545,-57.255496,-0.136249
2106.459129,2104.000000,3.516318,57.353044,712.169200,3.526013,-57.352548,-0.137538
2106.460417,2105.000000,3.516469,57.450296,712.172052,3.526326,-57.449774,-0.141177
2106.466728,2106.000000,3.517114,57.547678,712.176499,3.527206,-57.547116,-0.146386
2106.462173,2107.000000,3.516689,57.644782,712.177494,3.526861,-57.644209,-0.148193
2106.521033,2108.000000,3.522512,57.743520,712.198627,3.533661,-57.742771,-0.169850
2106.504105,2109.000000,3.520868,57.840309,712.195689,3.531922,-57.839580,-0.167781
2106.479864,2110.000000,3.518503,57.936908,712.190428,3.529360,-57.936219,-0.163421
2106.428419,2111.000000,3.513458,58.032801,712.176526,3.523732,-58.032223,-0.150543
2106.354108,2112.000000,3.506160,58.128098,712.155362,3.515529,-58.127690,-0.130507
2106.287255,2113.000000,3.499597,58.223583,712.136566,3.508166,-58.223325,-0.112806
2106.254102,2114.000000,3.496355,58.319940,712.128471,3.504600,-58.319745,-0.105652
2106.255458,2115.000000,3.496512,58.417195,712.131332,3.504921,-58.416973,-0.109298
2106.280221,2116.000000,3.498975,58.515061,712.141624,3.507878,-58.514752,-0.120269
2106.315599,2117.000000,3.502484,58.613208,712.155286,3.512031,-58.612784,-0.134562
2106.348433,2118.000000,3.505743,58.711292,712.168140,3.515898,-58.710760,-0.148058
2106.366784,2119.000000,3.507575,58.809000,712.176393,3.518133,-58.808397,-0.157020
2106.368151,2120.000000,3.507733,58.906264,712.179251,3.518455,-58.905634,-0.160663
2106.348336,2121.000000,3.505805,59.002972,712.175381,3.516391,-59.002371,-0.157674
2106.324207,2122.000000,3.503451,59.099565,712.170140,3.513840,-59.099003,-0.153334
2106.314175,2123.000000,3.502486,59.196529,712.169374,3.512878,-59.195971,-0.153405
2106.323957,2124.000000,3.503474,59.294018,712.174899,3.514148,-59.293410,-0.159677
2106.338594,2125.000000,3.504940,59.391636,712.181965,3.515964,-59.390968,-0.167469
2106.325960,2126.000000,3.503719,59.488534,712.180369,3.514708,-59.487875,-0.166721
2106.261167,2127.000000,3.497359,59.584044,712.162208,3.507577,-59.583531,-0.149644
2106.175899,2128.000000,3.488982,59.679005,712.137545,3.498139,-59.678690,-0.126158
2106.102009,2129.000000,3.481727,59.774262,712.116495,3.489983,-59.774117,-0.106234
2106.045624,2130.000000,3.476196,59.869982,712.101002,3.483800,-59.869960,-0.091788
2106.021065,2131.000000,3.473801,59.966549,712.095614,3.481201,-59.966568,-0.087302
2106.041593,2132.000000,3.475846,60.064323,712.104540,3.483680,-60.064266,-0.096926
2106.100225,2133.000000,3.481646,60.163122,712.125563,3.490451,-60.162890,-0.118475
2106.167354,2134.000000,3.488283,60.262156,712.149284,3.498180,-60.261726,-0.142685
2106.196670,2135.000000,3.491195,60.360178,712.160998,3.501649,-60.359649,-0.155057
2106.171973,2136.000000,3.488786,60.456747,712.155558,3.499034,-60.456259,-0.150521
2106.113468,2137.000000,3.483046,60.552402,712.139382,3.492611,-60.552043,-0.135400
2106.050916,2138.000000,3.476907,60.647942,712.121920,3.485732,-60.647723,-0.119012
2106.000920,2139.000000,3.472006,60.743819,712.108444,3.480267,-60.743707,-0.106554
2105.959196,2140.000000,3.467920,60.839917,712.097594,3.475735,-60.839890,-0.096684
2105.918450,2141.000000,3.463930,60.936038,712.087053,3.471312,-60.936095,-0.087118
2105.866480,2142.000000,3.458835,61.031852,712.072948,3.465626,-61.032020,-0.074039
2105.818099,2143.000000,3.454094,61.127759,712.059982,3.460344,-61.128031,-0.062083
2105.816122,2144.000000,3.453923,61.224931,712.061746,3.460288,-61.225185,-0.064647
2105.866530,2145.000000,3.458912,61.323536,712.080140,3.466131,-61.323636,-0.083605
2105.930153,2146.000000,3.465202,61.422509,712.102729,3.473463,-61.422421,-0.106699
2105.969995,2147.000000,3.469151,61.520835,712.117767,3.478117,-61.520621,-0.122349
2105.972037,2148.000000,3.469376,61.618127,712.120803,3.478513,-61.617885,-0.126166
2105.943108,2149.000000,3.466550,61.714567,712.114003,3.475421,-61.714377,-0.120288
2105.892100,2150.000000,3.461549,61.810397,712.100192,3.469842,-61.810317,-0.107499
2105.833753,2151.000000,3.455826,61.906021,712.084050,3.463437,-61.906070,-0.092412
2105.796530,2152.000000,3.452184,62.002225,712.074613,3.459411,-62.002348,-0.083935
2105.787996,2153.000000,3.451367,62.099221,712.074284,3.458616,-62.099343,-0.084436
2105.795156,2154.000000,3.452096,62.196653,712.078936,3.459588,-62.196734,-0.089847
2105.798844,2155.000000,3.452483,62.293989,712.082484,3.460170,-62.294038,-0.094170
2105.786129,2156.000000,3.451255,62.390871,712.080824,3.458904,-62.390930,-0.093358
2105.759345,2157.000000,3.448641,62.487360,712.074695,3.456053,-62.487466,-0.088142
2105.720190,2158.000000,3.444808,62.583502,712.064638,3.451809,-62.583687,-0.079053
2105.668380,2159.000000,3.439729,62.679288,712.050562,3.446141,-62.679585,-0.066002
2105.643627,2160.000000,3.437315,62.775828,712.045075,3.443519,-62.776167,-0.061418
2105.673367,2161.000000,3.440268,62.873895,712.056886,3.447033,-62.874134,-0.073886
2105.727845,2162.000000,3.445658,62.972661,712.076549,3.453334,-62.972735,-0.094096
2105.758796,2163.000000,3.448730,63.070770,712.088743,3.456985,-63.070741,-0.106941
2105.740896,2164.000000,3.446991,63.167506,712.085425,3.455135,-63.167501,-0.104496
2105.666599,2165.000000,3.439697,63.262650,712.064202,3.446933,-63.262816,-0.084399
2105.515799,2166.000000,3.424870,63.355627,712.018693,3.430117,-63.356162,-0.040362
2105.333689,2167.000000,3.406962,63.447706,711.963252,3.409779,-63.448692,0.013467
2105.148494,2168.000000,3.388753,63.539683,711.906839,3.389096,-63.541128,0.068254
2104.969160,2169.000000,3.371124,63.631813,711.852293,3.369076,-63.633701,0.121201
2104.803079,2170.000000,3.354802,63.724305,711.801959,3.350550,-63.726602,0.169997
2104.669330,2171.000000,3.341663,63.817705,711.761885,3.335665,-63.820326,0.208677
2104.556767,2172.000000,3.330611,63.911697,711.728535,3.323165,-63.914588,0.240729
2104.374010,2173.000000,3.312654,64.003678,711.672925,3.302770,-64.007022,0.294725
2104.182456,2174.000000,3.293834,64.095394,711.614533,3.281388,-64.099212,0.351464
2104.001749,2175.000000,3.276084,64.187405,711.559588,3.261230,-64.191670,0.404805
2103.875618,2176.000000,3.263703,64.280966,711.521950,3.247211,-64.285536,0.441084
2103.823163,2177.000000,3.258568,64.376631,711.507668,3.241477,-64.381315,0.454340
2103.835179,2178.000000,3.259773,64.474145,711.513821,3.242991,-64.478775,0.447450
2103.889519,2179.000000,3.265140,64.572879,711.533388,3.249265,-64.577346,0.427336
2103.968124,2180.000000,3.272894,64.672318,711.560649,3.258268,-64.676558,0.399638
2104.036996,2181.000000,3.279690,64.771484,711.584824,3.266177,-64.775523,0.374981
2104.073415,2182.000000,3.283296,64.869719,711.598709,3.270436,-64.873641,0.360468
2104.081180,2183.000000,3.284083,64.967128,711.603509,3.271473,-64.971007,0.354912
2104.067916,2184.000000,3.282802,65.063928,711.601640,3.270145,-65.067819,0.355931
2104.015671,2185.000000,3.277687,65.159596,711.587411,3.264433,-65.163601,0.369134
2103.934245,2186.000000,3.269702,65.254412,711.563929,3.255439,-65.258605,0.391459
2103.876840,2187.000000,3.264080,65.349921,711.548063,3.249148,-65.354241,0.406276
2103.868589,2188.000000,3.263292,65.446860,711.547778,3.248383,-65.451179,0.405733
2103.905470,2189.000000,3.266942,65.545118,711.561799,3.252694,-65.549319,0.391086
2103.972475,2190.000000,3.273556,65.644261,711.585371,3.260392,-65.648266,0.367024
2104.062237,2191.000000,3.282408,65.744078,711.616158,3.270650,-65.747828,0.335849
2104.124291,2192.000000,3.288535,65.843091,711.638160,3.277793,-65.846657,0.313334
2104.086962,2193.000000,3.284887,65.939188,711.628648,3.273757,-65.942829,0.321887
2103.989665,2194.000000,3.275340,66.033518,711.600122,3.262978,-66.037389,0.349186
2103.903233,2195.000000,3.266863,66.128161,711.575040,3.253421,-66.132234,0.373088
2103.905943,2196.000000,3.267153,66.225429,711.578220,3.253889,-66.229473,0.369129
2104.023183,2197.000000,3.278707,66.326084,711.617711,3.267237,-66.329801,0.329373
2104.088346,2198.000000,3.285141,66.425208,711.640691,3.274728,-66.428734,0.305894
2103.998007,2199.000000,3.276278,66.519728,711.614363,3.264731,-66.523466,0.331025
2103.873154,2200.000000,3.264022,66.613216,711.577094,3.250853,-66.617256,0.366943
2103.781708,2201.000000,3.255053,66.707688,711.550417,3.240733,-66.711943,0.392419
2103.777326,2202.000000,3.254645,66.804745,711.551340,3.240402,-66.808989,0.390684
2103.841408,2203.000000,3.260971,66.903844,711.573967,3.247771,-66.907900,0.367554
2103.919943,2204.000000,3.268718,67.003382,711.601176,3.256765,-67.007212,0.339906
2103.980057,2205.000000,3.274654,67.102376,711.622545,3.263689,-67.106028,0.318015
2103.978511,2206.000000,3.274526,67.199530,711.624363,3.263677,-67.203163,0.315400
2103.882540,2207.000000,3.265110,67.293851,711.596240,3.253047,-67.297712,0.342301
2103.728437,2208.000000,3.249979,67.386420,711.549689,3.235880,-67.390659,0.387369
2103.568025,2209.000000,3.234229,67.478787,711.501143,3.218006,-67.483420,0.434404
2103.575445,2210.000000,3.234982,67.576196,711.505796,3.219002,-67.580787,0.428993
2103.582887,2211.000000,3.235737,67.673607,711.510456,3.220001,-67.678157,0.423576
2103.650795,2212.000000,3.242438,67.772846,711.534281,3.227799,-67.777197,0.399264
2103.651362,2213.000000,3.242518,67.870054,711.536758,3.228024,-67.874383,0.395998
2103.548898,2214.000000,3.232466,67.964143,711.506575,3.216666,-67.968715,0.424930
2103.470514,2215.000000,3.224783,68.058954,711.484025,3.208015,-68.063708,0.446338
2103.371525,2216.000000,3.215074,68.153134,711.454945,3.197049,-68.158122,0.474183
2103.285166,2217.000000,3.206608,68.247690,711.429868,3.187503,-68.252881,0.498081
2103.265613,2218.000000,3.204709,68.344275,711.425963,3.185467,-68.349494,0.501108
2103.355649,2219.000000,3.213584,68.444201,711.456786,3.195749,-68.449164,0.469897
2103.525444,2220.000000,3.230301,68.546573,711.512892,3.215000,-68.551074,0.413761
2103.620786,2221.000000,3.239700,68.646683,711.545402,3.225881,-68.650914,0.380887
2103.639735,2222.000000,3.241587,68.744461,711.553695,3.228173,-68.748622,0.371887
2103.611584,2223.000000,3.238842,68.840797,711.547056,3.225169,-68.845009,0.377609
2103.541394,2224.000000,3.231964,68.935840,711.527089,3.217439,-68.940212,0.396470
2103.515965,2225.000000,3.229487,69.032255,711.521310,3.214741,-69.036671,0.401344
2103.430376,2226.000000,3.221096,69.126815,711.496462,3.205280,-69.131431,0.425018
2103.367689,2227.000000,3.214956,69.222075,711.478872,3.198394,-69.226832,0.441536
2103.322969,2228.000000,3.210583,69.317885,711.466976,3.193528,-69.322736,0.452440
2103.316090,2229.000000,3.209930,69.414864,711.467072,3.192916,-69.419711,0.451522
2103.365248,2230.000000,3.214787,69.513578,711.484928,3.198603,-69.518276,0.433095
2103.427868,2231.000000,3.220967,69.612716,711.507050,3.205804,-69.617229,0.410462
2103.396227,2232.000000,3.217880,69.708931,711.499294,3.202408,-69.713504,0.417285
2103.297292,2233.000000,3.208177,69.803051,711.470207,3.191447,-69.807859,0.445137
2103.221712,2234.000000,3.200770,69.897891,711.448523,3.183112,-69.902873,0.465692
2103.219653,2235.000000,3.200591,69.995018,711.450139,3.183041,-69.999984,0.463275
2103.284841,2236.000000,3.207024,70.094247,711.473067,3.190529,-70.099022,0.439848
2103.316368,2237.000000,3.210147,70.192430,711.485325,3.194234,-70.197101,0.426940
2103.284063,2238.000000,3.206995,70.288617,711.477351,3.190763,-70.293350,0.433978
2103.234526,2239.000000,3.202148,70.384261,711.463914,3.185355,-70.389101,0.446402
2103.194374,2240.000000,3.198225,70.480196,711.453451,3.181002,-70.485119,0.455894
2103.130751,2241.000000,3.191994,70.575391,711.435548,3.174011,-70.580457,0.472721
2103.036144,2242.000000,3.182718,70.669605,711.407826,3.163538,-70.674895,0.499228
2102.999103,2243.000000,3.179101,70.765628,711.398347,3.159535,-70.770992,0.507751
2103.059983,2244.000000,3.185109,70.864740,711.419895,3.166538,-70.869925,0.485684
2103.166827,2245.000000,3.195635,70.965313,711.456010,3.178708,-70.970198,0.449255
2103.288824,2246.000000,3.207652,71.066375,711.496931,3.192582,-71.070923,0.408089
2103.337198,2247.000000,3.212432,71.165115,711.514517,3.198181,-71.169515,0.389927
2103.275297,2249.000000,3.206394,71.357563,711.499398,3.191542,-71.362080,0.403186
2103.235848,2250.000000,3.202539,71.453514,711.489144,3.187268,-71.458112,0.412473
2103.235637,2251.000000,3.202542,71.550713,711.491325,3.187404,-71.555290,0.409500
2103.230023,2252.000000,3.202014,71.647741,711.491792,3.186933,-71.652311,0.408217
2103.146568,2253.000000,3.193834,71.742280,711.467586,3.177711,-71.747045,0.431258
2103.078674,2254.000000,3.187183,71.837312,711.448312,3.170239,-71.842231,0.449437
2103.052065,2255.000000,3.184591,71.933661,711.442121,3.167408,-71.938628,0.454718
2103.062427,2256.000000,3.185634,72.031196,711.447646,3.168732,-72.036115,0.448448
2103.081530,2257.000000,3.187535,72.129014,711.455940,3.171039,-72.133861,0.439448
2103.066699,2258.000000,3.186101,72.225742,711.453478,3.169532,-72.230606,0.441052
2103.010373,2259.000000,3.180588,72.321133,711.437864,3.163360,-72.326121,0.455623
2102.912068,2260.000000,3.170949,72.415164,711.408947,3.152471,-72.420386,0.483310
2102.850329,2261.000000,3.164905,72.510370,711.391617,3.145691,-72.515731,0.499572
2102.876715,2262.000000,3.167522,72.608423,711.402211,3.148816,-72.613693,0.488305
2102.897190,2263.000000,3.169558,72.706287,711.410931,3.151277,-72.711483,0.478886
2102.919137,2264.000000,3.171739,72.804201,711.420116,3.153903,-72.809319,0.469007
2103.003112,2265.000000,3.180017,72.904134,711.448957,3.163500,-72.909012,0.439749
2103.074126,2266.000000,3.187022,73.003653,711.473691,3.171642,-73.008326,0.414541
