frame,model,u_px,v_px,residual_zg_mm,Xc_mm,Yc_mm,Zc_mm,Xg_mm,Yg_mm
laser 005,quadratic_graph,2135.870173,18.000000,0.257731863,6.399169334,-145.302827671,713.561430921,6.394041975,145.307930439
laser 005,quadratic_graph,2135.817666,19.000000,0.268197161,6.393930615,-145.203037037,713.549903195,6.388328950,145.208048799
laser 005,quadratic_graph,2135.763991,20.000000,0.279029525,6.388575158,-145.103173861,713.538002197,6.382482618,145.108091563
laser 005,quadratic_graph,2135.720776,21.000000,0.286585064,6.384266949,-145.003991767,713.529433936,6.377831451,145.008842664
laser 005,quadratic_graph,2135.695641,22.000000,0.288476124,6.381768642,-144.905982769,713.526626752,6.375245880,144.910813973
laser 005,quadratic_graph,2135.692094,23.000000,0.283603486,6.381431298,-144.809371489,713.530698580,6.375126585,144.814239255
laser 005,quadratic_graph,2135.689042,24.000000,0.278577010,6.381143499,-144.712791096,713.534926880,6.375063781,144.717696703
laser 005,quadratic_graph,2135.674664,25.000000,0.277101158,6.379721965,-144.615477589,713.535544056,6.373706966,144.620391507
laser 005,quadratic_graph,2135.661046,26.000000,0.275388479,6.378376506,-144.518212974,713.536402114,6.372436917,144.523137173
laser 005,quadratic_graph,2135.652041,27.000000,0.272231509,6.377492802,-144.421245822,713.538729093,6.371693819,144.426192314
laser 005,quadratic_graph,2135.637743,28.000000,0.270734606,6.376079274,-144.323936642,713.539367736,6.370345963,144.328891620
laser 005,quadratic_graph,2135.618397,29.000000,0.270821013,6.374160458,-144.226301916,713.538396115,6.368421347,144.231252212
laser 005,quadratic_graph,2135.611860,30.000000,0.266894608,6.373523785,-144.129492444,713.541505690,6.367960013,144.134471433
laser 005,quadratic_graph,2135.584097,31.000000,0.269621485,6.370762472,-144.031315894,713.537848663,6.365073712,144.036268240
laser 005,quadratic_graph,2135.521507,32.000000,0.283263701,6.364515308,-143.930900272,713.523090409,6.358208843,143.935735192
laser 005,quadratic_graph,2135.517342,33.000000,0.278598148,6.364116036,-143.834243999,713.526951794,6.358018276,143.839113760
laser 005,quadratic_graph,2135.473393,34.000000,0.286401224,6.359734835,-143.735031262,713.518132216,6.353282949,143.739832162
laser 005,quadratic_graph,2135.453918,35.000000,0.286536137,6.357803225,-143.637391858,713.517111426,6.351343353,143.642187673
laser 005,quadratic_graph,2135.439353,36.000000,0.285133749,6.356363042,-143.540067662,713.517654140,6.349964579,143.544871179
laser 005,quadratic_graph,2135.402966,37.000000,0.290571052,6.352738843,-143.441344520,713.511240726,6.346093046,143.446098852
laser 005,quadratic_graph,2135.345589,38.000000,0.302587020,6.347014069,-143.341278643,713.498136684,6.339823978,143.345929077
laser 005,quadratic_graph,2135.289064,39.000000,0.314336957,6.341374784,-143.241270958,713.485303256,6.333652409,143.245819706
laser 005,quadratic_graph,2135.257123,40.000000,0.318384736,6.338195837,-143.142839309,713.480303151,6.330288852,143.147350430
laser 005,quadratic_graph,2135.264937,41.000000,0.309976831,6.338995247,-143.046950168,713.487970774,6.331465900,143.051527256
laser 005,quadratic_graph,2135.304107,42.000000,0.291744333,6.342932622,-142.953061975,713.505630205,6.336224394,142.957786742
laser 005,quadratic_graph,2135.329125,43.000000,0.277947200,6.345453850,-142.858265662,713.518778765,6.339366531,142.863101220
laser 005,quadratic_graph,2135.299270,44.000000,0.281347087,6.342483497,-142.759965118,713.514437646,6.336240816,142.764768438
laser 005,quadratic_graph,2135.259326,45.000000,0.287909875,6.338503537,-142.661022576,713.506879838,6.331962721,142.665767353
laser 005,quadratic_graph,2135.231899,46.000000,0.290551507,6.335776270,-142.562879530,713.503309946,6.329114320,142.567598376
laser 005,quadratic_graph,2135.210586,47.000000,0.291278555,6.333660871,-142.465126689,713.501687241,6.326964212,142.469835529
laser 005,quadratic_graph,2135.183727,48.000000,0.293744865,6.330990502,-142.367021456,713.498295712,6.324180624,142.371705823
laser 005,quadratic_graph,2135.163106,49.000000,0.294257753,6.328944388,-142.269313727,713.496890864,6.322109469,142.273989868
laser 005,quadratic_graph,2135.161969,50.000000,0.288666386,6.328848003,-142.172844230,713.501694127,6.322263588,142.177562915
laser 005,quadratic_graph,2135.161019,51.000000,0.283017680,6.328770330,-142.076385303,713.506555713,6.322439007,142.081147009
laser 005,quadratic_graph,2135.146726,52.000000,0.281551604,6.327357438,-141.979078489,713.507163546,6.321090406,141.983848429
laser 005,quadratic_graph,2135.122912,53.000000,0.283070499,6.324991810,-141.881167847,713.504735665,6.318654327,141.885921195
laser 005,quadratic_graph,2135.095362,54.000000,0.285761486,6.322252363,-141.783021160,713.501115791,6.315791522,141.787748168
laser 005,quadratic_graph,2135.056815,55.000000,0.291899884,6.318412566,-141.684179201,713.493989920,6.311672752,141.688851198
laser 005,quadratic_graph,2135.004148,56.000000,0.302464122,6.313160033,-141.584445860,713.482363001,6.305941465,141.589026037
laser 005,quadratic_graph,2134.957800,57.000000,0.311049353,6.308539928,-141.485115269,713.472748784,6.300931938,141.489620084
laser 005,quadratic_graph,2134.930484,58.000000,0.313672187,6.305824140,-141.386989761,713.469198367,6.298095870,141.391468805
laser 005,quadratic_graph,2134.929478,59.000000,0.308052203,6.305740746,-141.290526326,713.474030909,6.298264276,141.295048153
laser 005,quadratic_graph,2134.952955,60.000000,0.294761529,6.308106982,-141.195606326,713.486664524,6.301228566,141.200234732
laser 005,quadratic_graph,2134.987696,61.000000,0.277941860,6.311600356,-141.101393208,713.502887101,6.305479292,141.106157545
laser 005,quadratic_graph,2135.020685,62.000000,0.261671813,6.314918569,-141.007065411,713.518550697,6.309530047,141.011961106
laser 005,quadratic_graph,2135.036184,63.000000,0.250883785,6.316486773,-140.911632089,713.528639101,6.311583336,140.916613549
laser 005,quadratic_graph,2135.014989,64.000000,0.251596838,6.314383232,-140.813886949,713.527031000,6.309445725,140.818858522
laser 005,quadratic_graph,2134.952620,65.000000,0.265214876,6.308159829,-140.713553096,713.512298684,6.302605724,140.718407452
laser 005,quadratic_graph,2134.873634,66.000000,0.284041053,6.300274127,-140.612179245,713.492269807,6.293868331,140.616873069
laser 005,quadratic_graph,2134.823415,67.000000,0.293853206,6.295266934,-140.512617333,713.481408153,6.288416338,140.517225594
laser 005,quadratic_graph,2134.814883,68.000000,0.290603435,6.294430523,-140.415674132,713.483830345,6.287724740,140.420305465
laser 005,quadratic_graph,2134.810845,69.000000,0.285946705,6.294043725,-140.319012070,713.487683408,6.287546264,140.323678176
laser 005,quadratic_graph,2134.802715,70.000000,0.282573583,6.293247526,-140.222092563,713.490231076,6.286900447,140.226782767
laser 005,quadratic_graph,2134.777275,71.000000,0.284626248,6.290719513,-140.124088464,713.487260829,6.284277897,140.128757640
laser 005,quadratic_graph,2134.727242,72.000000,0.294386822,6.285731162,-140.024546346,713.476451814,6.278847077,140.029130390
laser 005,quadratic_graph,2134.696367,73.000000,0.298145212,6.282659529,-139.926205138,713.471746948,6.275603912,139.930753969
laser 005,quadratic_graph,2134.706723,74.000000,0.288984757,6.283712684,-139.830441522,713.480180302,6.277068690,139.835062583
laser 005,quadratic_graph,2134.734161,75.000000,0.274472328,6.286474811,-139.735742319,713.494056492,6.280484026,139.740480122
laser 005,quadratic_graph,2134.739377,76.000000,0.266924770,6.287013801,-139.639652734,713.500849563,6.281361833,139.644449353
laser 005,quadratic_graph,2134.715255,77.000000,0.268572565,6.284617668,-139.541731847,713.498291198,6.278889441,139.546510808
laser 005,quadratic_graph,2134.719408,78.000000,0.261360713,6.285050298,-139.445573628,713.504742885,6.279645735,139.450408613
laser 005,quadratic_graph,2134.769604,79.000000,0.239720083,6.290089446,-139.352280993,713.525868241,6.285659859,139.357292004
laser 005,quadratic_graph,2134.829592,80.000000,0.215010403,6.296108623,-139.259592266,713.550114699,6.292792547,139.264804828
laser 005,quadratic_graph,2134.840700,81.000000,0.205621569,6.297237268,-139.163857119,713.558780286,6.294343127,139.169143811
laser 005,quadratic_graph,2134.778793,82.000000,0.219119407,6.291060356,-139.063581738,713.544170857,6.287555051,139.068752217
laser 005,quadratic_graph,2134.696943,83.000000,0.238868446,6.282888483,-138.962071971,713.523204222,6.278489836,138.967074248
laser 005,quadratic_graph,2134.645750,84.000000,0.249009952,6.277784057,-138.862470604,713.512008192,6.272925752,138.867384582
laser 005,quadratic_graph,2134.632105,85.000000,0.247385107,6.276436094,-138.765200790,713.512778171,6.271649260,138.770124329
laser 005,quadratic_graph,2134.598232,86.000000,0.252101057,6.273064529,-138.666677278,713.507099816,6.268062945,138.671557641
laser 005,quadratic_graph,2134.519300,87.000000,0.270939186,6.265185581,-138.565365176,713.487059784,6.259331777,138.570084914
laser 005,quadratic_graph,2134.448861,88.000000,0.287116246,6.258156623,-138.464584276,713.469726025,6.251570718,138.469165521
laser 005,quadratic_graph,2134.497099,89.000000,0.266104290,6.262998837,-138.371146295,713.490212039,6.257359533,138.375898338
laser 005,quadratic_graph,2134.480830,90.000000,0.265308573,6.261388454,-138.273716869,713.490138961,6.255783197,138.278471578
laser 005,quadratic_graph,2134.448220,91.000000,0.269635204,6.258143503,-138.175278465,713.484856701,6.252341072,138.179993238
laser 005,quadratic_graph,2134.414671,92.000000,0.274257388,6.254804686,-138.076783598,713.479273912,6.248791741,138.081455977
laser 005,quadratic_graph,2134.385716,93.000000,0.277441215,6.251925440,-137.978573550,713.475153901,6.245766908,137.983215498
laser 005,quadratic_graph,2134.349479,94.000000,0.282908322,6.248317881,-137.879915982,713.468711935,6.241910696,137.884508510
laser 005,quadratic_graph,2134.318367,95.000000,0.286770690,6.245222995,-137.781575759,713.463901949,6.238639594,137.786132213
laser 005,quadratic_graph,2134.320545,96.000000,0.280202366,6.245457768,-137.685285094,713.469699489,6.239168990,137.689892223
laser 005,quadratic_graph,2134.347715,97.000000,0.265803254,6.248192285,-137.590529531,713.483460545,6.242551610,137.595252462
laser 005,quadratic_graph,2134.352108,98.000000,0.258543084,6.248648638,-137.494370821,713.489961660,6.243333816,137.499150182
laser 005,quadratic_graph,2134.344421,99.000000,0.255069931,6.247896706,-137.397468659,713.492611589,6.242736794,137.402272954
laser 005,quadratic_graph,2134.332239,100.000000,0.253006805,6.246695168,-137.300290001,713.493827612,6.241626517,137.305107503
laser 005,quadratic_graph,2134.281820,101.000000,0.262928175,6.241669133,-137.200766606,713.482856099,6.236150768,137.205497645
laser 005,quadratic_graph,2134.200383,102.000000,0.282570826,6.233541039,-137.099345948,713.461998654,6.227134146,137.103909675
laser 005,quadratic_graph,2134.128354,103.000000,0.299265705,6.226354304,-136.998507179,713.444138994,6.219191944,137.002928110
laser 005,quadratic_graph,2134.091598,104.000000,0.304908536,6.222695332,-136.899831236,713.437518668,6.215276392,136.904201288
laser 005,quadratic_graph,2134.089215,105.000000,0.299781871,6.222473833,-136.803258383,713.441850293,6.215284443,136.807667123
laser 005,quadratic_graph,2134.120674,106.000000,0.284051654,6.225636738,-136.708751777,713.456965074,6.219155540,136.713287389
laser 005,quadratic_graph,2134.154339,107.000000,0.267630778,6.229020394,-136.614375871,713.472782194,6.223278564,136.619044100
laser 005,quadratic_graph,2134.158148,108.000000,0.260567135,6.229418190,-136.518174358,713.479083603,6.223993347,136.522897384
laser 005,quadratic_graph,2134.149434,109.000000,0.257429313,6.228563537,-136.421207720,713.481392720,6.223278470,136.425952892
laser 005,quadratic_graph,2134.154581,110.000000,0.249948840,6.229095152,-136.325084915,713.488118034,6.224145889,136.329888350
laser 005,quadratic_graph,2134.177225,111.000000,0.236985896,6.231376735,-136.230025545,713.500418645,6.227010751,136.234932839
laser 005,quadratic_graph,2134.199494,112.000000,0.224141366,6.233620884,-136.134940115,713.512598828,6.229832835,136.139950284
laser 005,quadratic_graph,2134.202276,113.000000,0.217405499,6.233916018,-136.038666723,713.518566931,6.230430163,136.043728962
laser 005,quadratic_graph,2134.177205,114.000000,0.219400746,6.231425344,-135.940699595,713.515656138,6.227847563,135.945741292
laser 005,quadratic_graph,2134.149322,115.000000,0.222278665,6.228653455,-135.842562586,713.511847762,6.224943905,135.847576400
laser 005,quadratic_graph,2134.136888,116.000000,0.220315873,6.227426723,-135.745363866,713.512962054,6.223803912,135.750390055
laser 005,quadratic_graph,2134.126827,117.000000,0.217610660,6.226437326,-135.648308731,713.514831350,6.222934768,135.653353471
laser 005,quadratic_graph,2134.075758,118.000000,0.227759559,6.221346625,-135.548768956,713.503629039,6.217384090,135.553725344
laser 005,quadratic_graph,2133.981651,119.000000,0.251397655,6.211952106,-135.446627247,713.478709341,6.206920698,135.451383100
laser 005,quadratic_graph,2133.914311,120.000000,0.266647332,6.205234864,-135.346111618,713.462320071,6.199513234,135.350736699
laser 005,quadratic_graph,2133.925721,121.000000,0.257219111,6.206392575,-135.250360175,713.471026255,6.201094673,135.255059718
laser 005,quadratic_graph,2133.983033,122.000000,0.233406115,6.212140622,-135.157378907,713.494360552,6.207915771,135.162272545
laser 005,quadratic_graph,2134.008849,123.000000,0.219464584,6.214739155,-135.062490475,713.507656370,6.211141761,135.067496112
laser 005,quadratic_graph,2133.968071,124.000000,0.226396124,6.210677898,-134.963581811,713.499726062,6.206765761,134.968525855
laser 005,quadratic_graph,2133.916425,125.000000,0.236734996,6.205529939,-134.864020368,713.488330838,6.201149253,134.868874482
laser 005,quadratic_graph,2133.870171,126.000000,0.245385059,6.200921341,-134.764786870,713.478653033,6.196148339,134.769565099
laser 005,quadratic_graph,2133.806918,127.000000,0.259363559,6.194613114,-134.664533118,713.463556733,6.189207274,134.669191149
laser 005,quadratic_graph,2133.726059,128.000000,0.278860081,6.186544828,-134.563224957,713.442849170,6.180257068,134.567716899
laser 005,quadratic_graph,2133.657393,129.000000,0.294536140,6.179696076,-134.462655327,713.426026740,6.172698852,134.467012954
laser 005,quadratic_graph,2133.626968,130.000000,0.298230122,6.176670831,-134.364386470,713.421389019,6.169505008,134.368709431
laser 005,quadratic_graph,2133.609161,131.000000,0.297971543,6.174907127,-134.266875977,713.420770711,6.167751123,134.271197144
laser 005,quadratic_graph,2133.601317,132.000000,0.294592358,6.174139489,-134.169963020,713.423325782,6.167134168,134.174308345
laser 005,quadratic_graph,2133.629689,133.000000,0.279865712,6.176992634,-134.075219202,713.437420125,6.170650214,134.079683056
laser 005,quadratic_graph,2133.697050,134.000000,0.252921178,6.183744159,-133.982806086,713.463938836,6.178616150,133.987490078
laser 005,quadratic_graph,2133.766926,135.000000,0.225187733,6.190747647,-133.890536629,713.491259745,6.186869662,133.895447321
laser 005,quadratic_graph,2133.774551,136.000000,0.216964950,6.191526770,-133.794537865,713.498740247,6.188018106,133.799512996
laser 005,quadratic_graph,2133.742249,137.000000,0.221257449,6.188313480,-133.696151501,713.493493999,6.184609204,133.701086990
laser 005,quadratic_graph,2133.706629,138.000000,0.226591149,6.184768486,-133.597568530,713.487188994,6.180821598,133.602455717
laser 005,quadratic_graph,2133.673061,139.000000,0.231282992,6.181428738,-133.499109767,713.481536728,6.177268213,133.503953990
laser 005,quadratic_graph,2133.644807,140.000000,0.234310668,6.178620371,-133.400969406,713.477576777,6.174321328,133.405784506
laser 005,quadratic_graph,2133.630763,141.000000,0.232886148,6.177232804,-133.303676699,713.478144261,6.172996215,133.308499703
laser 005,quadratic_graph,2133.619682,142.000000,0.230534331,6.176141492,-133.206560269,713.479654724,6.172009213,133.211398888
laser 005,quadratic_graph,2133.585389,143.000000,0.235458708,6.172729401,-133.108062704,713.473766122,6.168372990,133.112856426
laser 005,quadratic_graph,2133.538859,144.000000,0.244219436,6.168093952,-133.008839445,713.463976417,6.163340238,133.013556366
laser 005,quadratic_graph,2133.511599,145.000000,0.246942195,6.165385153,-132.910763497,713.460326690,6.160506688,132.915453832
laser 005,quadratic_graph,2133.470612,146.000000,0.253968202,6.161304064,-132.811873889,713.452301084,6.156106602,132.816501851
laser 005,quadratic_graph,2133.461977,147.000000,0.250856681,6.160457330,-132.714905248,713.454584212,6.155398474,132.719555144
laser 005,quadratic_graph,2133.367964,148.000000,0.274502519,6.151075527,-132.612876338,713.429658256,6.144947463,132.617325643
laser 005,quadratic_graph,2133.309296,149.000000,0.287072565,6.145227422,-132.512947499,713.415995155,6.138530108,132.517288325
laser 005,quadratic_graph,2133.324538,150.000000,0.276483105,6.146767467,-132.417395835,713.425882555,6.140546310,132.421820786
laser 005,quadratic_graph,2133.418464,151.000000,0.241235934,6.156173344,-132.326494377,713.460843858,6.151541382,132.331208514
laser 005,quadratic_graph,2133.448505,152.000000,0.226009648,6.159193119,-132.231808751,713.475446305,6.155246619,132.236645574
laser 005,quadratic_graph,2133.460150,153.000000,0.216549822,6.160373852,-132.136032982,713.484184960,6.156852520,132.140944534
laser 005,quadratic_graph,2133.469834,154.000000,0.207705731,6.161358558,-132.040139203,713.492297488,6.158234600,132.045120365
laser 005,quadratic_graph,2133.405501,155.000000,0.222061694,6.154943452,-131.939878855,713.476818490,6.151169630,131.944736687
laser 005,quadratic_graph,2133.372710,156.000000,0.226532884,6.151681826,-131.841481309,713.471391107,6.147704335,131.846298016
laser 005,quadratic_graph,2133.335665,157.000000,0.232338597,6.147995005,-131.742834861,713.464606724,6.143753604,131.747599345
laser 005,quadratic_graph,2133.286615,158.000000,0.241907928,6.143108209,-131.643484093,713.453995268,6.138433013,131.648165054
laser 005,quadratic_graph,2133.227675,159.000000,0.254577756,6.137232989,-131.543554961,713.440231063,6.131984043,131.548126615
laser 005,quadratic_graph,2133.156292,160.000000,0.271147790,6.130114305,-131.442898864,713.422500923,6.124115556,131.447328778
laser 005,quadratic_graph,2133.091178,161.000000,0.285753936,6.123622563,-131.342615757,713.406767861,6.116962660,131.346920261
laser 005,quadratic_graph,2133.060315,162.000000,0.289628199,6.120554278,-131.244345815,713.401947736,6.113717654,131.248614160
laser 005,quadratic_graph,2133.068505,163.000000,0.281266171,6.121389164,-131.148365912,713.409570282,6.114928157,131.152699859
laser 005,quadratic_graph,2133.107263,164.000000,0.263326040,6.125279293,-131.054174182,713.426932440,6.119626255,131.058653385
laser 005,quadratic_graph,2133.160778,165.000000,0.240761565,6.130644631,-130.960841564,713.448996893,6.126008302,130.965504480
laser 005,quadratic_graph,2133.191874,166.000000,0.225223491,6.133769295,-130.866192085,713.463916447,6.129832507,130.870980281
laser 005,quadratic_graph,2133.185804,167.000000,0.221334704,6.133178959,-130.769366684,713.466990312,6.129415872,130.774183282
laser 005,quadratic_graph,2133.158265,168.000000,0.224175953,6.130442633,-130.671286792,713.463220706,6.126549456,130.676075822
laser 005,quadratic_graph,2133.117851,169.000000,0.231053660,6.126419435,-130.572456719,713.455346636,6.122213965,130.577184613
laser 005,quadratic_graph,2133.075230,170.000000,0.238624246,6.122175750,-130.473500204,713.446768050,6.117626712,130.478161201
laser 005,quadratic_graph,2133.042795,171.000000,0.243003767,6.118950248,-130.375139585,713.441434353,6.114201685,130.379760223
laser 005,quadratic_graph,2133.019792,172.000000,0.244428643,6.116667498,-130.277329611,713.439105128,6.111852781,130.281934461
laser 005,quadratic_graph,2133.004681,173.000000,0.243381543,6.115173541,-130.179979452,713.439289562,6.110404255,130.184589073
laser 005,quadratic_graph,2133.001919,174.000000,0.238465627,6.114913817,-130.083347176,713.443408019,6.110364598,130.087993741
laser 005,quadratic_graph,2133.007676,175.000000,0.230881090,6.115505540,-129.987208714,713.450240071,6.111296848,129.991914416
laser 005,quadratic_graph,2133.021383,176.000000,0.220806098,6.116891865,-129.891529953,713.459604538,6.113136119,129.896315503
laser 005,quadratic_graph,2133.043110,177.000000,0.208218504,6.119079833,-129.796313954,713.471523932,6.115890450,129.801200248
laser 005,quadratic_graph,2133.058982,178.000000,0.197466988,6.120682641,-129.700755458,713.481576313,6.117976743,129.705727227
laser 005,quadratic_graph,2133.043541,179.000000,0.196531261,6.119155634,-129.603380635,713.481647575,6.116490141,129.608356249
laser 005,quadratic_graph,2132.993270,180.000000,0.206513711,6.114147368,-129.503990022,713.470616800,6.111029441,129.508878683
laser 005,quadratic_graph,2132.917435,181.000000,0.224509354,6.106584317,-129.403124187,713.451437940,6.102652247,129.407859256
laser 005,quadratic_graph,2132.832149,182.000000,0.245467303,6.098077205,-129.301717735,713.429246960,6.093197275,129.306274578
laser 005,quadratic_graph,2132.791777,183.000000,0.252350177,6.094058920,-129.202910815,713.421368127,6.088866471,129.207406483
laser 005,quadratic_graph,2132.783582,184.000000,0.249150470,6.093256209,-129.105962544,713.423741673,6.088206362,129.110480886
laser 005,quadratic_graph,2132.757443,185.000000,0.251575539,6.090660332,-129.007979214,713.420395763,6.085499189,129.012473452
laser 005,quadratic_graph,2132.724186,186.000000,0.256232598,6.087353201,-128.909586831,713.414780322,6.081980012,128.914038405
laser 005,quadratic_graph,2132.729649,187.000000,0.248756708,6.087915317,-128.813424884,713.421502095,6.082877757,128.817934694
laser 005,quadratic_graph,2132.745756,188.000000,0.237946211,6.089541106,-128.717873454,713.431614605,6.084989696,128.722469230
laser 005,quadratic_graph,2132.728831,189.000000,0.237489079,6.087866001,-128.620420743,713.431199500,6.083333398,128.625016385
laser 005,quadratic_graph,2132.685374,190.000000,0.245348296,6.083539619,-128.521444381,713.422328116,6.078650428,128.525970731
laser 005,quadratic_graph,2132.641283,191.000000,0.253407360,6.079150009,-128.422434166,713.413253565,6.073895210,128.426889561
laser 005,quadratic_graph,2132.614965,192.000000,0.255897877,6.076536417,-128.324445711,713.409841304,6.071167372,128.328876461
laser 005,quadratic_graph,2132.583854,193.000000,0.259891743,6.073443947,-128.226183626,713.404900432,6.067892795,128.230577228
laser 005,quadratic_graph,2132.571842,194.000000,0.257901703,6.072259864,-128.129016511,713.406044170,6.066796716,128.133422728
laser 005,quadratic_graph,2132.609765,195.000000,0.240263930,6.076065314,-128.034706173,713.423098891,6.071396497,128.039255134
laser 005,quadratic_graph,2132.640434,196.000000,0.224900120,6.079146071,-127.939976652,713.437841379,6.075168942,127.944649446
laser 005,quadratic_graph,2132.656079,197.000000,0.214245828,6.080725621,-127.844384920,713.447795120,6.077227595,127.849142383
laser 005,quadratic_graph,2132.639795,198.000000,0.213599850,6.079114597,-127.746967764,713.447572219,6.075643906,127.751726665
laser 005,quadratic_graph,2132.589154,199.000000,0.223723185,6.074070470,-127.647590848,713.436398919,6.070140995,127.652261629
laser 005,quadratic_graph,2132.531265,200.000000,0.236119085,6.068302308,-127.547803990,713.422914890,6.063811468,127.552367754
laser 005,quadratic_graph,2132.558093,201.000000,0.221965652,6.070999108,-127.452846042,713.436426666,6.067145321,127.457523573
laser 005,quadratic_graph,2132.511456,202.000000,0.230837893,6.066355301,-127.353703384,713.426525618,6.062099205,127.358303201
laser 005,quadratic_graph,2132.464879,203.000000,0.239692442,6.061717635,-127.254566965,713.416642606,6.057060029,127.259089214
laser 005,quadratic_graph,2132.434611,204.000000,0.243437040,6.058709568,-127.156360087,713.411955495,6.053881112,127.160847264
laser 005,quadratic_graph,2132.441667,205.000000,0.235485849,6.059430652,-127.060273821,713.419160806,6.054959286,127.064823188
laser 005,quadratic_graph,2132.468086,206.000000,0.221467314,6.062086411,-126.965284325,713.432535446,6.058246012,126.969946339
laser 005,quadratic_graph,2132.482436,207.000000,0.211232261,6.063536348,-126.869607064,713.442063004,6.060156132,126.874350261
laser 005,quadratic_graph,2132.470513,208.000000,0.209232868,6.062361160,-126.772438840,713.443216495,6.059069376,126.777194732
laser 005,quadratic_graph,2132.420213,209.000000,0.219262818,6.057351527,-126.673097870,713.432138517,6.053605178,126.677766422
laser 005,quadratic_graph,2132.359821,210.000000,0.232456667,6.051333784,-126.573189226,713.417843527,6.046990056,126.577744126
laser 005,quadratic_graph,2132.323116,211.000000,0.238228046,6.047682752,-126.474623403,713.411095776,6.043076689,126.479126377
laser 005,quadratic_graph,2132.292407,212.000000,0.242121578,6.044630823,-126.376398143,713.406257461,6.039847192,126.380864807
laser 005,quadratic_graph,2132.255896,213.000000,0.247834675,6.040999321,-126.277846889,713.399569046,6.035955987,126.282262113
laser 005,quadratic_graph,2132.251325,214.000000,0.243539483,6.040558700,-126.181098534,713.403057078,6.035707432,126.185545547
laser 005,quadratic_graph,2132.289940,215.000000,0.225711116,6.044432503,-126.086782632,713.420305609,6.040384177,126.091373975
laser 005,quadratic_graph,2132.366405,216.000000,0.196020041,6.052088112,-125.994593442,713.449616066,6.049378204,125.999427765
laser 005,quadratic_graph,2132.416355,217.000000,0.174639087,6.057094984,-125.900904823,713.470476788,6.055348380,125.905913019
laser 005,quadratic_graph,2132.314329,218.000000,0.200894726,6.046917329,-125.798666269,713.442900938,6.043983750,125.803452194
laser 005,quadratic_graph,2132.194243,219.000000,0.232809772,6.034936307,-125.695421245,713.409570743,6.030560292,125.699937836
laser 005,quadratic_graph,2132.143979,220.000000,0.242842459,6.029931089,-125.596104602,713.398490423,6.025100392,125.600533833
laser 005,quadratic_graph,2132.153758,221.000000,0.234059386,6.030923962,-125.500158437,713.406541807,6.026487912,125.504656778
laser 005,quadratic_graph,2132.185308,222.000000,0.218454249,6.034091753,-125.405430270,713.421529784,6.030358294,125.410054453
laser 005,quadratic_graph,2132.188577,223.000000,0.211713625,6.034434347,-125.309114469,713.427504430,6.031003341,125.313790777
laser 005,quadratic_graph,2132.161369,224.000000,0.214526260,6.031732295,-125.211091765,713.423765471,6.028172517,125.215740756
laser 005,quadratic_graph,2132.136540,225.000000,0.216594605,6.029267938,-125.113203188,713.420783326,6.025612984,125.117831050
laser 005,quadratic_graph,2132.135424,226.000000,0.211232311,6.029172456,-125.016640316,713.425356555,6.025757740,125.021308841
laser 005,quadratic_graph,2132.149012,227.000000,0.201262711,6.030545884,-124.920897163,713.434614415,6.027579378,124.925644666
laser 005,quadratic_graph,2132.140273,228.000000,0.198292146,6.029688881,-124.823906122,713.436755798,6.026854652,124.828674401
laser 005,quadratic_graph,2132.103457,229.000000,0.204122960,6.026027055,-124.725349585,713.429948142,6.022927818,124.730065447
laser 005,quadratic_graph,2132.079559,230.000000,0.205906272,6.023655746,-124.627514481,713.427255935,6.020474201,124.632211586
laser 005,quadratic_graph,2132.108255,231.000000,0.191206591,6.026538365,-124.532607191,713.441323268,6.024018543,124.537422609
laser 005,quadratic_graph,2132.170694,232.000000,0.165930899,6.032792100,-124.439572806,713.466144010,6.031411394,124.444594486
laser 005,quadratic_graph,2132.206137,233.000000,0.149117314,6.036349116,-124.345031766,713.482360665,6.035725553,124.350189338
laser 005,quadratic_graph,2132.175322,234.000000,0.153074537,6.033286558,-124.246807176,713.477458120,6.032482561,124.251927914
laser 005,quadratic_graph,2132.103442,235.000000,0.169905157,6.026121604,-124.146305590,713.459466315,6.024556078,124.151282439
laser 005,quadratic_graph,2132.034245,236.000000,0.185895357,6.019225052,-124.045957895,713.442329091,6.016935934,124.050797845
laser 005,quadratic_graph,2131.984005,237.000000,0.195944558,6.014222453,-123.946665153,713.431232553,6.011477915,123.951417608
laser 005,quadratic_graph,2131.939295,238.000000,0.204261594,6.009772399,-123.847681654,713.421897272,6.006650631,123.852361020
laser 005,quadratic_graph,2131.890000,239.000000,0.214016763,6.004864516,-123.748447279,713.411099793,6.001300601,123.753041597
laser 005,quadratic_graph,2131.831778,240.000000,0.226570733,5.999065184,-123.648722728,713.397456642,5.994932788,123.653208722
laser 005,quadratic_graph,2131.774141,241.000000,0.238942256,5.993324521,-123.549034378,713.383999054,5.988631880,123.553413567
laser 005,quadratic_graph,2131.735705,242.000000,0.245297443,5.989501694,-123.450409107,713.376658703,5.984520380,123.454731523
laser 005,quadratic_graph,2131.727554,243.000000,0.242163067,5.988703493,-123.353455324,713.378967006,5.983861858,123.357799879
laser 005,quadratic_graph,2131.758594,244.000000,0.226747766,5.991819373,-123.258659664,713.393762071,5.987671769,123.263128485
laser 005,quadratic_graph,2131.799243,245.000000,0.208321555,5.995895100,-123.164389050,713.411618487,5.992577436,123.169007175
laser 005,quadratic_graph,2131.795434,246.000000,0.203830033,5.995530555,-123.067668675,713.415306692,5.992413832,123.072320225
laser 005,quadratic_graph,2131.738318,247.000000,0.216047065,5.989841927,-122.968017988,713.402006394,5.986171935,122.972564019
laser 005,quadratic_graph,2131.659688,248.000000,0.235007383,5.982004972,-122.867189857,713.381849890,5.977477325,122.871574294
laser 005,quadratic_graph,2131.591890,249.000000,0.250573517,5.975250182,-122.766961752,713.365144504,5.970018091,122.771212821
laser 005,quadratic_graph,2131.559260,250.000000,0.255119732,5.972007524,-122.668666152,713.359643703,5.966568420,122.672875491
laser 005,quadratic_graph,2131.568165,251.000000,0.246651174,5.972912558,-122.572647122,713.367375713,5.967853917,122.576922960
laser 005,quadratic_graph,2131.593243,252.000000,0.233115297,5.975432690,-122.477511276,713.380259918,5.970983247,122.481895752
laser 005,quadratic_graph,2131.596603,253.000000,0.226386716,5.975784039,-122.381184344,713.386222809,5.971636518,122.385620849
laser 005,quadratic_graph,2131.571433,254.000000,0.228600668,5.973286285,-122.283296855,713.383093418,5.969037030,122.287711027
laser 005,quadratic_graph,2131.544856,255.000000,0.231256888,5.970648061,-122.185333500,713.379514384,5.966277107,122.189721660
laser 005,quadratic_graph,2131.544358,256.000000,0.225741395,5.970614121,-122.088794035,713.384243920,5.966490334,122.093224138
laser 005,quadratic_graph,2131.573111,257.000000,0.211059684,5.973501275,-121.993848045,713.398293151,5.970038410,121.998396314
laser 005,quadratic_graph,2131.597335,258.000000,0.197798220,5.975936240,-121.898651695,713.410898346,5.973070188,121.903306320
laser 005,quadratic_graph,2131.600736,259.000000,0.191064199,5.976291722,-121.802318615,713.416866818,5.973727841,121.807025317
laser 005,quadratic_graph,2131.588919,260.000000,0.189101208,5.975127423,-121.705156319,713.417984406,5.972650352,121.709875421
laser 005,quadratic_graph,2131.574084,261.000000,0.188085483,5.973661730,-121.607829802,713.418138892,5.971228712,121.612553429
laser 005,quadratic_graph,2131.574919,262.000000,0.182159589,5.973760950,-121.511354272,713.423285746,5.971593626,121.516123254
laser 005,quadratic_graph,2131.584947,263.000000,0.173353469,5.974778263,-121.415376271,713.431361036,5.973006644,121.420214561
laser 005,quadratic_graph,2131.574201,264.000000,0.171060052,5.973720921,-121.318269868,713.432814645,5.972051030,121.323123307
laser 005,quadratic_graph,2131.530910,265.000000,0.178968949,5.969413435,-121.219400083,713.423895248,5.967384749,121.224183833
laser 005,quadratic_graph,2131.483965,266.000000,0.188024275,5.964741181,-121.120335088,713.413810285,5.962301951,121.125039615
laser 005,quadratic_graph,2131.527871,267.000000,0.168604878,5.969141597,-121.026186693,713.432676472,5.967577147,121.031048785
laser 005,quadratic_graph,2131.486802,268.000000,0.175821369,5.965056101,-120.927440970,713.424461163,5.963164112,120.932239130
laser 005,quadratic_graph,2131.428460,269.000000,0.188452946,5.959245858,-120.827764922,713.410740233,5.956781899,120.832454121
laser 005,quadratic_graph,2131.393294,270.000000,0.193821556,5.955750080,-120.729343206,713.404403807,5.953041995,120.733983841
laser 005,quadratic_graph,2131.395218,271.000000,0.187566507,5.955957974,-120.632922835,713.409885480,5.953530444,120.637611565
laser 005,quadratic_graph,2131.401691,272.000000,0.179886877,5.956620123,-120.536746131,713.416815567,5.954537453,120.541494802
laser 005,quadratic_graph,2131.392701,273.000000,0.177055159,5.955738191,-120.439735370,713.418816680,5.953781551,120.444503668
laser 005,quadratic_graph,2131.365036,274.000000,0.180078216,5.952991455,-120.341719811,713.414865137,5.950896567,120.346459050
laser 005,quadratic_graph,2131.324138,275.000000,0.187250212,5.948923417,-120.242994354,713.406695319,5.946503001,120.247670034
laser 005,quadratic_graph,2131.285748,276.000000,0.193637329,5.945105908,-120.144405919,713.399323544,5.942395394,120.149024567
laser 005,quadratic_graph,2131.264671,277.000000,0.194599426,5.943017140,-120.046748419,713.397467521,5.940261409,120.051355147
laser 005,quadratic_graph,2131.259932,278.000000,0.190442145,5.942559693,-119.949967317,713.400816477,5.939989828,119.954604696
laser 005,quadratic_graph,2131.256330,279.000000,0.185929789,5.942215773,-119.853246314,713.404526455,5.939847804,119.857917296
laser 005,quadratic_graph,2131.248186,280.000000,0.182842331,5.941418346,-119.756281330,713.406787735,5.939187954,119.760974068
laser 005,quadratic_graph,2131.226139,281.000000,0.184113841,5.939232750,-119.658572377,713.404617217,5.936943175,119.663250623
laser 005,quadratic_graph,2131.188880,282.000000,0.190154538,5.935528349,-119.560051342,713.397597843,5.932964316,119.564675437
laser 005,quadratic_graph,2131.162109,283.000000,0.192909303,5.932871169,-119.462092263,713.393919346,5.930181002,119.466689533
laser 005,quadratic_graph,2131.151020,284.000000,0.190750296,5.931779727,-119.364970820,713.395236754,5.929185230,119.369582126
laser 005,quadratic_graph,2131.154233,285.000000,0.184109970,5.932116220,-119.268611423,713.401110367,5.929819675,119.273274029
laser 005,quadratic_graph,2131.157623,286.000000,0.177415387,5.932470393,-119.172259975,713.407039150,5.930474250,119.176974332
laser 005,quadratic_graph,2131.149196,287.000000,0.174425942,5.931644729,-119.075278197,713.409200912,5.929781742,119.080013495
laser 005,quadratic_graph,2131.146099,288.000000,0.169767172,5.931351228,-118.978579345,713.413059899,5.929696749,118.983349466
laser 005,quadratic_graph,2131.156195,289.000000,0.160974369,5.932374968,-118.882580488,713.421121976,5.931115603,118.887419809
laser 005,quadratic_graph,2131.167387,290.000000,0.151839149,5.933508163,-118.786637756,713.429532190,5.932659369,118.791549124
laser 005,quadratic_graph,2131.161378,291.000000,0.148096917,5.932923924,-118.689780455,713.432459359,5.932242268,118.694719025
laser 005,quadratic_graph,2131.125406,292.000000,0.153748171,5.929348045,-118.591334424,713.425836207,5.928409514,118.596222084
laser 005,quadratic_graph,2131.066477,293.000000,0.166596467,5.923480232,-118.491674653,713.411895885,5.921959960,118.496451556
laser 005,quadratic_graph,2130.999849,294.000000,0.181858730,5.916844053,-118.391611545,713.395501354,5.914633076,118.396257618
laser 005,quadratic_graph,2130.938004,295.000000,0.195622584,5.910685680,-118.291805986,713.380630308,5.907851635,118.296333689
laser 005,quadratic_graph,2130.908215,296.000000,0.199340556,5.907727561,-118.193697822,713.375972897,5.904723909,118.198190692
laser 005,quadratic_graph,2130.910942,297.000000,0.192868805,5.908015413,-118.097307083,713.381675323,5.905302109,118.101849854
laser 005,quadratic_graph,2130.923710,298.000000,0.183251164,5.909305645,-118.001444413,713.390576153,5.907024692,118.006063244
laser 005,quadratic_graph,2130.927828,299.000000,0.176345828,5.909732383,-117.905123686,713.396719413,5.907761351,117.909796022
laser 005,quadratic_graph,2130.911474,300.000000,0.175858388,5.908115427,-117.807723604,713.396337684,5.906164618,117.812396078
laser 005,quadratic_graph,2130.892956,301.000000,0.176050557,5.906282455,-117.710209905,713.395265029,5.904321193,117.714876867
laser 005,quadratic_graph,2130.890142,302.000000,0.171321869,5.906017179,-117.613522027,713.399195361,5.904267587,117.618224395
laser 005,quadratic_graph,2130.903739,303.000000,0.161450530,5.907390193,-117.517695079,713.408354155,5.906084405,117.522475617
laser 005,quadratic_graph,2130.907263,304.000000,0.154737684,5.907757649,-117.421337190,713.414301763,5.906753095,117.426169634
laser 005,quadratic_graph,2130.863786,305.000000,0.162758580,5.903433055,-117.322513429,713.405269860,5.902064669,117.327275260
laser 005,quadratic_graph,2130.804296,306.000000,0.175799663,5.897510127,-117.222853422,713.391134080,5.895551303,117.227502897
laser 005,quadratic_graph,2130.760604,307.000000,0.183890123,5.893164380,-117.124024359,713.382031550,5.890838585,117.128602644
laser 005,quadratic_graph,2130.734373,308.000000,0.186509083,5.890561650,-117.026111087,713.378491815,5.888115863,117.030663680
laser 005,quadratic_graph,2130.712741,309.000000,0.187687933,5.888418008,-116.928439217,713.376416237,5.885917234,116.932978094
laser 005,quadratic_graph,2130.690724,310.000000,0.188988780,5.886235962,-116.830747931,713.374216654,5.883674694,116.835272078
laser 005,quadratic_graph,2130.675121,311.000000,0.188280680,5.884694140,-116.733391958,713.374059543,5.882163061,116.737918079
laser 005,quadratic_graph,2130.675093,312.000000,0.182692342,5.884706916,-116.636847961,713.378864057,5.882426315,116.641416639
laser 005,quadratic_graph,2130.697553,313.000000,0.170056763,5.886964343,-116.541473983,713.390833306,5.885252325,116.546143818
laser 005,quadratic_graph,2130.737844,314.000000,0.151832961,5.891001726,-116.447024852,713.408483924,5.890110539,116.451842313
laser 005,quadratic_graph,2130.761863,315.000000,0.138710309,5.893414970,-116.351725031,713.420948341,5.893114352,116.356647700
laser 005,quadratic_graph,2130.751831,316.000000,0.136262515,5.892429180,-116.254652827,713.422559973,5.892237282,116.259591937
laser 005,quadratic_graph,2130.710972,317.000000,0.143479184,5.888366213,-116.155980017,713.414346094,5.887846790,116.160855205
laser 005,quadratic_graph,2130.633213,318.000000,0.162263254,5.880620188,-116.055395756,713.394372091,5.879251101,116.060110835
laser 005,quadratic_graph,2130.560774,319.000000,0.179380218,5.873405598,-115.955092919,713.376093047,5.871262099,115.959661752
laser 005,quadratic_graph,2130.538580,320.000000,0.180749935,5.871206035,-115.857396712,713.373823697,5.868998938,115.861950243
laser 005,quadratic_graph,2130.536705,321.000000,0.175752451,5.871034440,-115.760752381,713.378027659,5.869051154,115.765343557
laser 005,quadratic_graph,2130.543236,322.000000,0.168121501,5.871701826,-115.664541533,713.384908971,5.870061224,115.669192252
laser 005,quadratic_graph,2130.549652,323.000000,0.160527781,5.872357750,-115.568323010,713.391752437,5.871058151,115.573032963
laser 005,quadratic_graph,2130.537492,324.000000,0.158757837,5.871159643,-115.471144164,713.392675127,5.869938169,115.475864923
laser 005,quadratic_graph,2130.559682,325.000000,0.146222197,5.873389975,-115.375736316,713.404542841,5.872732578,115.380557402
laser 005,quadratic_graph,2130.448071,326.000000,0.175627078,5.862266114,-115.273432369,713.373771537,5.860279645,115.278005033
laser 005,quadratic_graph,2130.360222,327.000000,0.197583670,5.853514522,-115.172360316,713.350572659,5.850535189,115.176746493
laser 005,quadratic_graph,2130.346892,328.000000,0.196185925,5.852199757,-115.075126891,713.351117088,5.849281750,115.079520781
laser 005,quadratic_graph,2130.406212,329.000000,0.172019420,5.858135146,-114.981626359,713.374809408,5.856306222,114.986217292
laser 005,quadratic_graph,2130.528127,330.000000,0.128231532,5.870318363,-114.891333689,713.418449754,5.870464211,114.896284821
laser 005,quadratic_graph,2130.574997,331.000000,0.107966119,5.875012179,-114.797179704,713.438175938,5.876071019,114.802295440
laser 005,quadratic_graph,2130.634141,332.000000,0.083852936,5.880931438,-114.703649868,713.461813918,5.883076955,114.708962202
laser 005,quadratic_graph,2130.593733,333.000000,0.090950620,5.876913587,-114.605014561,713.453721477,5.878736958,114.610263966
laser 005,quadratic_graph,2130.550978,334.000000,0.098785262,5.872661579,-114.506261504,713.444879853,5.874129539,114.511441852
laser 005,quadratic_graph,2130.441964,335.000000,0.127391850,5.861796506,-114.404123181,713.414920625,5.861971432,114.409061748
laser 005,quadratic_graph,2130.346974,336.000000,0.151601673,5.852331930,-114.302709918,713.389431428,5.851412289,114.307443265
laser 005,quadratic_graph,2130.295000,337.000000,0.162328538,5.847160683,-114.203499369,713.377649637,5.845755080,114.208139610
laser 005,quadratic_graph,2130.289461,338.000000,0.158502031,5.846623427,-114.106660055,713.380663422,5.845388786,114.111328206
laser 005,quadratic_graph,2130.319164,339.000000,0.143630228,5.849603141,-114.011615674,713.394906285,5.849038035,114.016403579
laser 005,quadratic_graph,2130.372722,340.000000,0.121281319,5.854963714,-113.917782107,713.416750634,5.855405651,113.922751941
laser 005,quadratic_graph,2130.436179,341.000000,0.095829092,5.861312599,-113.824446494,713.441749893,5.862901659,113.829624061
laser 005,quadratic_graph,2130.460689,342.000000,0.082586809,5.863774526,-113.729124754,713.454336069,5.865959566,113.734408526
laser 005,quadratic_graph,2130.401655,343.000000,0.095537054,5.857898046,-113.629556878,713.440294056,5.859496767,113.634729058
laser 005,quadratic_graph,2130.294442,344.000000,0.123591192,5.847213606,-113.527548539,713.410897011,5.847544236,113.532483534
laser 005,quadratic_graph,2130.205143,345.000000,0.146029302,5.838317696,-113.426456784,713.387209485,5.837633735,113.431201294
laser 005,quadratic_graph,2130.159532,346.000000,0.154773858,5.833781766,-113.327584416,713.377443302,5.832701327,113.332252305
laser 005,quadratic_graph,2130.141995,347.000000,0.154720030,5.832047302,-113.230135457,713.376621845,5.830967535,113.234799888
laser 005,quadratic_graph,2130.126850,348.000000,0.153917781,5.830551535,-113.132807787,713.376561276,5.829506223,113.137474981
laser 005,quadratic_graph,2130.101110,349.000000,0.156437791,5.827998581,-113.034945060,713.373123238,5.826837760,113.039587394
laser 005,quadratic_graph,2130.073001,350.000000,0.159701651,5.825209284,-112.936963841,713.368929016,5.823899380,112.941575129
laser 005,quadratic_graph,2130.067036,351.000000,0.156026040,5.824629545,-112.840100553,713.371789648,5.823483797,112.844738498
laser 005,quadratic_graph,2130.091931,352.000000,0.142678714,5.827129069,-112.744791493,713.384482764,5.826584047,112.749536517
laser 005,quadratic_graph,2130.100295,353.000000,0.134514081,5.827979134,-112.648646942,713.391907043,5.827800899,112.653455951
laser 005,quadratic_graph,2130.067555,354.000000,0.139235103,5.824727710,-112.550433001,713.386231530,5.824334618,112.555198848
laser 005,quadratic_graph,2129.968158,384.000000,0.004743805,5.815275134,-109.648053696,713.496683251,5.820900352,109.653820751
laser 005,quadratic_graph,2126.907839,558.000000,0.027055939,5.512844394,-92.696514148,713.322047642,5.517165995,92.701419665
laser 005,quadratic_graph,2126.923815,559.000000,0.016778018,5.514450953,-92.600519141,713.331622531,5.519234816,92.605506239
laser 005,quadratic_graph,2126.937778,560.000000,0.007132260,5.515857046,-92.504438500,713.340554916,5.521074637,92.509501924
laser 005,quadratic_graph,2126.958385,561.000000,-0.004595484,5.517924996,-92.408630002,713.351603340,5.523670291,92.413787061
laser 005,quadratic_graph,2126.963247,562.000000,-0.011385647,5.518424603,-92.312169122,713.357633426,5.524474730,92.317378765
laser 005,quadratic_graph,2126.938131,563.000000,-0.008775450,5.515938053,-92.214471308,713.354109433,5.521868697,92.219655381
laser 005,quadratic_graph,2126.884706,564.000000,0.002711610,5.510631746,-92.115609212,713.341563456,5.516042221,92.120693913
laser 005,quadratic_graph,2126.835639,565.000000,0.012833328,5.505759715,-92.016929968,713.330405199,5.510711651,92.021926649
laser 005,quadratic_graph,2126.819612,566.000000,0.012597809,5.504178649,-91.919611197,713.329773562,5.509139554,91.924605968
laser 005,quadratic_graph,2126.835409,567.000000,0.002386305,5.505767339,-91.823598688,713.339281022,5.511187511,91.828674489
laser 005,quadratic_graph,2126.864189,568.000000,-0.011894708,5.508649262,-91.728116011,713.352924512,5.514712391,91.733306676
laser 005,quadratic_graph,2126.886970,569.000000,-0.024293991,5.510933739,-91.632384169,713.364655503,5.517554888,91.637674053
laser 005,quadratic_graph,2126.890719,570.000000,-0.030724858,5.511322498,-91.535870744,713.370320521,5.518232264,91.541210226
laser 005,quadratic_graph,2126.872399,571.000000,-0.030234760,5.509512978,-91.438454069,713.368951474,5.516398962,91.443785609
laser 005,quadratic_graph,2126.842345,572.000000,-0.026064200,5.506534686,-91.340558925,713.363841845,5.513230759,91.345851924
laser 005,quadratic_graph,2126.816478,573.000000,-0.023205162,5.503973498,-91.242836085,713.360065203,5.510538860,91.248101447
laser 005,quadratic_graph,2126.796739,574.000000,-0.022266188,5.502022722,-91.145364065,713.358240030,5.508544041,91.150617754
laser 005,quadratic_graph,2126.775815,575.000000,-0.020954348,5.499953940,-91.047844489,713.356035925,5.506414386,91.053083405
laser 005,quadratic_graph,2126.754327,576.000000,-0.019464354,5.497829009,-90.950302756,713.353650784,5.504220542,90.955525417
laser 005,quadratic_graph,2126.712019,577.000000,-0.011445310,5.493630463,-90.851916487,713.344629965,5.499658373,90.857068612
laser 005,quadratic_graph,2126.642309,578.000000,0.005165882,5.486702989,-90.752421511,713.326876699,5.491979444,90.757431667
laser 005,quadratic_graph,2126.582841,579.000000,0.018566723,5.480795853,-90.653346575,713.312386284,5.485465762,90.658241451
laser 005,quadratic_graph,2126.537387,580.000000,0.027575088,5.476284537,-90.554842936,713.302360140,5.480546169,90.559659052
laser 005,quadratic_graph,2126.534427,581.000000,0.023263030,5.476005005,-90.458059994,713.305871991,5.480459620,90.462908095
laser 005,quadratic_graph,2126.593341,582.000000,-0.000445816,5.481887318,-90.363774889,713.329097377,5.487410450,90.368816237
laser 005,quadratic_graph,2126.662788,583.000000,-0.027457378,5.488819050,-90.269908736,713.355679370,5.495559779,90.275170789
laser 005,quadratic_graph,2126.682824,584.000000,-0.038976400,5.490829914,-90.174044398,713.366515838,5.498088936,90.179398353
laser 005,quadratic_graph,2126.644465,585.000000,-0.032184529,5.487024801,-90.075826469,713.358742478,5.493975596,90.081120092
laser 005,quadratic_graph,2126.584713,586.000000,-0.018684007,5.481089220,-89.976750593,713.344150997,5.487428974,89.981928111
laser 005,quadratic_graph,2126.536015,587.000000,-0.008648367,5.476254736,-89.878122937,713.333081012,5.482139846,89.883213156
laser 005,quadratic_graph,2126.491703,588.000000,0.000013221,5.471857195,-89.779674484,713.323407555,5.477349685,89.784688827
laser 005,quadratic_graph,2126.459078,589.000000,0.005011927,5.468623592,-89.681697257,713.317456806,5.473888797,89.686666177
laser 005,quadratic_graph,2126.494025,590.000000,-0.011172988,5.472119001,-89.586427093,713.333035410,5.478113111,89.591526708
laser 005,quadratic_graph,2126.478226,591.000000,-0.011446799,5.470560962,-89.489123402,713.332443260,5.476565780,89.494221430
laser 005,quadratic_graph,2126.469908,592.000000,-0.014064769,5.469747922,-89.392118902,713.334233541,5.475869259,89.397234831
laser 005,quadratic_graph,2126.469495,593.000000,-0.019159879,5.469722097,-89.295429541,713.338541395,5.476071768,89.300583966
laser 005,quadratic_graph,2126.483276,594.000000,-0.028704070,5.471109793,-89.199305006,713.347370923,5.477888620,89.204534917
laser 005,quadratic_graph,2126.515579,595.000000,-0.044054736,5.474342105,-89.103915841,713.362101646,5.481812183,89.109269512
laser 005,quadratic_graph,2126.504402,596.000000,-0.045771146,5.473244348,-89.006793272,713.362975705,5.480790252,89.012157349
laser 005,quadratic_graph,2126.445876,597.000000,-0.032640049,5.467431296,-88.907789222,713.348760111,5.474382838,88.913040267
laser 005,quadratic_graph,2126.376551,598.000000,-0.016122343,5.460543147,-88.808360683,713.331102734,5.466747463,88.813470541
laser 005,quadratic_graph,2126.322539,599.000000,-0.004404947,5.455180131,-88.709544294,713.318324014,5.460853898,88.714552873
laser 005,quadratic_graph,2126.315652,600.000000,-0.007460885,5.454509653,-88.612597752,713.320559581,5.460319712,88.617627876
laser 005,quadratic_graph,2126.345951,601.000000,-0.022174292,5.457541994,-88.517121776,713.334642712,5.464014541,88.522270361
laser 005,quadratic_graph,2126.367662,602.000000,-0.034194248,5.459719263,-88.421302823,713.345988464,5.466732721,88.426547478
laser 005,quadratic_graph,2126.368364,603.000000,-0.039625914,5.459804506,-88.324651678,713.350638514,5.467061493,88.329937628
laser 005,quadratic_graph,2126.353422,604.000000,-0.040151179,5.458331929,-88.227382588,713.350302193,5.465610980,88.232669044
laser 005,quadratic_graph,2126.324844,605.000000,-0.036399629,5.455501522,-88.129576683,713.345619366,5.462609589,88.134828088
laser 005,quadratic_graph,2126.295029,606.000000,-0.032258952,5.452547992,-88.031723561,713.340541105,5.459467513,88.036936680
laser 005,quadratic_graph,2126.284197,607.000000,-0.034068879,5.451484730,-87.934618002,713.341510463,5.458484303,87.939842307
laser 005,quadratic_graph,2126.298504,608.000000,-0.043759678,5.452924700,-87.838499199,713.350489142,5.460360053,87.843800210
laser 005,quadratic_graph,2126.324433,609.000000,-0.057093563,5.455522014,-87.742833888,713.363170271,5.463557589,87.748241892
laser 005,quadratic_graph,2126.335093,610.000000,-0.065638715,5.456598915,-87.646567222,713.370984630,5.465018559,87.652042407
laser 005,quadratic_graph,2126.313610,611.000000,-0.064103671,5.454475024,-87.549040903,713.368554565,5.462823736,87.554499466
laser 005,quadratic_graph,2126.253082,612.000000,-0.050324447,5.448463212,-87.449989395,713.353680875,5.456188314,87.455329541
laser 005,quadratic_graph,2126.177815,613.000000,-0.031923221,5.440984129,-87.350366807,713.334109948,5.447876993,87.355550111
laser 005,quadratic_graph,2126.127027,614.000000,-0.021196378,5.435942688,-87.251704343,713.322338483,5.442349722,87.256794607
laser 005,quadratic_graph,2126.102133,615.000000,-0.018586842,5.433479474,-87.154053830,713.318816585,5.439767078,87.159118541
laser 005,quadratic_graph,2126.085858,616.000000,-0.018678251,5.431874416,-87.056739772,713.318039652,5.438164506,87.061801383
laser 005,quadratic_graph,2126.060201,617.000000,-0.015826873,5.429335302,-86.959061491,713.314272032,5.435495046,86.964095538
laser 005,quadratic_graph,2126.029309,618.000000,-0.011332935,5.426275044,-86.861181199,713.308835138,5.432230301,86.866174025
laser 005,quadratic_graph,2126.016512,619.000000,-0.012510783,5.425016316,-86.764004176,713.309162415,5.431023099,86.769002935
laser 005,quadratic_graph,2126.033402,620.000000,-0.022994830,5.426713161,-86.667977040,713.318947428,5.433191535,86.673059102
laser 005,quadratic_graph,2126.076958,621.000000,-0.041838654,5.431064977,-86.572979135,713.337228313,5.438392287,86.578214000
laser 005,quadratic_graph,2126.123755,622.000000,-0.061698355,5.435739714,-86.478101784,713.356541588,5.443961813,86.483497896
laser 005,quadratic_graph,2126.138235,623.000000,-0.071424090,5.437196862,-86.381971800,713.365555917,5.445856324,86.387444910
laser 005,quadratic_graph,2126.092852,624.000000,-0.062377653,5.432693568,-86.283531064,713.355492536,5.440943054,86.288925108
laser 005,quadratic_graph,2125.995329,625.000000,-0.036981963,5.422999349,-86.183085028,713.328813866,5.430100888,86.188264083
laser 005,quadratic_graph,2125.916657,626.000000,-0.017496907,5.415182516,-86.083371859,713.308142106,5.421402903,86.088385065
laser 005,quadratic_graph,2125.871476,627.000000,-0.008511270,5.410700073,-85.984951520,713.298140689,5.416513230,85.989886166
laser 005,quadratic_graph,2125.846549,628.000000,-0.005874295,5.408233966,-85.887311481,713.294591280,5.413926460,85.892220346
laser 005,quadratic_graph,2125.830959,629.000000,-0.006163234,5.406697348,-85.790030540,713.294015420,5.412401249,85.794937951
laser 005,quadratic_graph,2125.806423,630.000000,-0.003646214,5.404270225,-85.692407340,713.290587976,5.409858878,85.697289969
laser 005,quadratic_graph,2125.773614,631.000000,0.001465712,5.401019632,-85.594468800,713.284523445,5.406375910,85.599305074
laser 005,quadratic_graph,2125.750154,632.000000,0.003647992,5.398699703,-85.496889282,713.281436250,5.403955844,85.501703557
laser 005,quadratic_graph,2125.752695,633.000000,-0.002319738,5.398967926,-85.400303053,713.286631652,5.404491805,85.405163085
laser 005,quadratic_graph,2125.783430,634.000000,-0.017125400,5.402042657,-85.304790370,713.300808733,5.408233201,85.309769633
laser 005,quadratic_graph,2125.813303,635.000000,-0.031660060,5.405031701,-85.209241228,713.314710391,5.411876679,85.214337471
laser 005,quadratic_graph,2125.812163,636.000000,-0.036470234,5.404933567,-85.112508881,713.318729421,5.411994035,85.117641257
laser 005,quadratic_graph,2125.773948,637.000000,-0.029654957,5.401144779,-85.014367020,713.310933984,5.407895988,85.019438881
laser 005,quadratic_graph,2125.724171,638.000000,-0.019213598,5.396205201,-84.915788716,713.299453553,5.402483477,84.920769917
laser 005,quadratic_graph,2125.694222,639.000000,-0.014987520,5.393239427,-84.817965301,713.294289496,5.399325316,84.822907513
laser 005,quadratic_graph,2125.687742,640.000000,-0.018117991,5.392609745,-84.721032008,713.296601611,5.398835307,84.725996390
laser 005,quadratic_graph,2125.670198,641.000000,-0.017778415,5.390878786,-84.623679843,713.295387290,5.397087392,84.628637547
laser 005,quadratic_graph,2125.630744,642.000000,-0.010568486,5.386967037,-84.525500568,713.287190976,5.392848572,84.530394478
laser 005,quadratic_graph,2125.608877,643.000000,-0.008870986,5.384805860,-84.427987250,713.284596721,5.390609145,84.432863194
laser 005,quadratic_graph,2125.648210,644.000000,-0.026359160,5.388736180,-84.332781209,713.301499954,5.395327217,84.337798686
laser 005,quadratic_graph,2125.731795,645.000000,-0.057721710,5.397071637,-84.239236745,713.332502998,5.405076688,84.244511101
laser 005,quadratic_graph,2125.800747,646.000000,-0.084497103,5.403951068,-84.145134010,713.358844295,5.413163079,84.150627109
laser 005,quadratic_graph,2125.806978,647.000000,-0.091604678,5.404586818,-84.048668392,713.365198186,5.414118022,84.054216725
laser 005,quadratic_graph,2125.760988,648.000000,-0.082335784,5.400023942,-83.950241890,713.354909562,5.409135141,83.955709313
laser 005,quadratic_graph,2125.707129,649.000000,-0.070598423,5.394677901,-83.851523507,713.342112419,5.403257674,83.856889498
laser 005,quadratic_graph,2125.664076,650.000000,-0.062248362,5.390407708,-83.753213298,713.332757652,5.398608950,83.758506017
laser 005,quadratic_graph,2125.635480,651.000000,-0.058430112,5.387576670,-83.655446320,713.328008348,5.395603939,83.660703443
laser 005,quadratic_graph,2125.624890,652.000000,-0.060256296,5.386537958,-83.558353197,713.328995182,5.394646033,83.563621648
laser 005,quadratic_graph,2125.635411,653.000000,-0.068700572,5.387600620,-83.462047404,713.336707603,5.396088228,83.467382204
laser 005,quadratic_graph,2125.639734,654.000000,-0.075200250,5.388046357,-83.365508773,713.342443851,5.396825723,83.370893755
laser 005,quadratic_graph,2125.611205,655.000000,-0.071397573,5.385222017,-83.267746207,713.337710472,5.393828114,83.273095722
laser 005,quadratic_graph,2125.547372,656.000000,-0.056524093,5.378883745,-83.168672899,713.321726580,5.386816861,83.173894912
laser 005,quadratic_graph,2125.469015,657.000000,-0.037096250,5.371100242,-83.069065025,713.301114447,5.378154803,83.074121674
laser 005,quadratic_graph,2125.497779,658.000000,-0.051253176,5.373978464,-82.973434993,713.314632351,5.381670418,82.978605482
laser 005,quadratic_graph,2125.481588,659.000000,-0.051313913,5.372382377,-82.876136466,713.313825243,5.380075451,82.881303609
laser 005,quadratic_graph,2125.489546,660.000000,-0.058945038,5.373189838,-82.779731691,713.320711421,5.381225743,82.784958423
laser 005,quadratic_graph,2125.507353,661.000000,-0.069663165,5.374977612,-82.683689158,713.330734706,5.383495690,82.689001142
laser 005,quadratic_graph,2125.530864,662.000000,-0.082168836,5.377333187,-82.587854621,713.342574541,5.386414124,82.593266719
laser 005,quadratic_graph,2125.468200,663.000000,-0.067652273,5.371111524,-82.488840137,713.326953644,5.379535594,82.494127701
laser 005,quadratic_graph,2125.531882,664.000000,-0.092751526,5.377465430,-82.394482424,713.351591423,5.387020809,82.399974798
laser 005,quadratic_graph,2125.493578,665.000000,-0.085870310,5.373668319,-82.296367194,713.343729823,5.382911475,82.301798510
laser 005,quadratic_graph,2125.448105,666.000000,-0.076740008,5.369157781,-82.197990938,713.333582693,5.377987195,82.203342500
laser 005,quadratic_graph,2125.433729,667.000000,-0.077359236,5.367742394,-82.100758628,713.333343296,5.376598142,82.106111487
laser 005,quadratic_graph,2125.424925,668.000000,-0.079724294,5.366881593,-82.003730753,713.334878071,5.375842476,82.009099423
laser 005,quadratic_graph,2125.404307,669.000000,-0.078383633,5.364844979,-81.906270176,713.332647041,5.373743730,81.911623851
laser 005,quadratic_graph,2125.378668,670.000000,-0.075467288,5.362308673,-81.808626803,713.328814799,5.371074170,81.813952383
laser 005,quadratic_graph,2125.365271,671.000000,-0.076388188,5.360990784,-81.711431687,713.328882061,5.369796232,81.716761074
laser 005,quadratic_graph,2125.368735,672.000000,-0.082594688,5.361350994,-81.614851710,713.334320656,5.370434974,81.620228844
laser 005,quadratic_graph,2125.367309,673.000000,-0.087266621,5.361224535,-81.518092275,713.338199810,5.370517781,81.523504398
laser 005,quadratic_graph,2125.345592,674.000000,-0.085574704,5.359078616,-81.420593603,713.335611948,5.368293877,81.425987811
laser 005,quadratic_graph,2125.316902,675.000000,-0.081695015,5.356238755,-81.322842377,713.330800874,5.365277280,81.328200483
laser 005,quadratic_graph,2125.297597,676.000000,-0.080756789,5.354332950,-81.225433312,713.328978980,5.363327511,81.230779769
laser 005,quadratic_graph,2125.295412,677.000000,-0.085185390,5.354130962,-81.128645626,713.332610934,5.363323808,81.134025051
laser 005,quadratic_graph,2125.299785,678.000000,-0.091669084,5.354581648,-81.032094612,713.338331302,5.364065540,81.037524089
laser 005,quadratic_graph,2125.269258,679.000000,-0.087208026,5.351559043,-80.934279852,713.332929545,5.360839959,80.939668395
laser 005,quadratic_graph,2125.198522,680.000000,-0.070138031,5.344535057,-80.835014163,713.314714550,5.353043858,80.840256949
laser 005,quadratic_graph,2125.143666,681.000000,-0.058046498,5.339091662,-80.736326660,713.301558758,5.347053065,80.741465077
laser 005,quadratic_graph,2125.113321,682.000000,-0.053639002,5.336087497,-80.638526238,713.296211562,5.343848343,80.643624167
laser 005,quadratic_graph,2125.094987,683.000000,-0.052996059,5.334278560,-80.541159755,713.294689948,5.342008774,80.546248491
laser 005,quadratic_graph,2125.079041,684.000000,-0.053100509,5.332707264,-80.443879698,713.293927861,5.340440582,80.448965456
laser 005,quadratic_graph,2125.058395,685.000000,-0.051730039,5.330668312,-80.346431258,713.291666985,5.338338160,80.351501775
laser 005,quadratic_graph,2125.044970,686.000000,-0.052622252,5.329347901,-80.249242561,713.291705471,5.337056412,80.254316648
laser 005,quadratic_graph,2125.031981,687.000000,-0.053649842,5.328070886,-80.152069635,713.291881548,5.335824170,80.157148418
laser 005,quadratic_graph,2125.010309,688.000000,-0.051953723,5.325929906,-80.054586190,713.289289824,5.333605023,80.059647026
laser 005,quadratic_graph,2124.991103,689.000000,-0.051029451,5.324034325,-79.957191732,713.287482477,5.331666113,79.962241038
laser 005,quadratic_graph,2124.991160,690.000000,-0.056143387,5.324055434,-79.860485392,713.291811141,5.331916446,79.865573365
laser 005,quadratic_graph,2124.994960,691.000000,-0.062429632,5.324448986,-79.763911464,713.297331107,5.332592138,79.769047850
laser 005,quadratic_graph,2124.987464,692.000000,-0.065172887,5.323718579,-79.666934040,713.299250729,5.331983948,79.672089385
laser 005,quadratic_graph,2124.960837,693.000000,-0.061916515,5.321084635,-79.569275984,713.295073611,5.329201413,79.574400413
laser 005,quadratic_graph,2124.914519,694.000000,-0.052485123,5.316491546,-79.470919924,713.284621543,5.324181004,79.475962102
laser 005,quadratic_graph,2124.861639,695.000000,-0.040995368,5.311245745,-79.372334162,713.272077842,5.318414975,79.377276978
laser 005,quadratic_graph,2124.819880,696.000000,-0.032991214,5.307106556,-79.274145993,713.263076212,5.313912890,79.279018423
laser 005,quadratic_graph,2124.814111,697.000000,-0.036269081,5.306548024,-79.177233838,713.265539237,5.313500710,79.182129673
laser 005,quadratic_graph,2124.868032,698.000000,-0.058259867,5.311928126,-79.082430598,713.287018031,5.319871823,79.087505402
laser 005,quadratic_graph,2124.958522,699.000000,-0.091717060,5.320947190,-78.988912684,713.320148747,5.330399468,78.994261780
laser 005,quadratic_graph,2125.034898,700.000000,-0.120750016,5.328562594,-78.894888580,713.348783580,5.339323752,78.900475188
laser 005,quadratic_graph,2125.052347,701.000000,-0.131304261,5.330314522,-78.798781788,713.358640681,5.341550472,78.804452290
laser 005,quadratic_graph,2125.011709,702.000000,-0.123641629,5.326286202,-78.700629360,713.349986189,5.337174674,78.706232317
laser 005,quadratic_graph,2124.951541,703.000000,-0.109853674,5.320314674,-78.601793422,713.335107328,5.330579186,78.607277913
laser 005,quadratic_graph,2124.892779,704.000000,-0.096505828,5.314483313,-78.503011099,713.320675754,5.324143731,78.508380783
laser 005,quadratic_graph,2124.845025,705.000000,-0.086608776,5.309747449,-78.404618642,713.309750846,5.318959534,78.409902206
laser 005,quadratic_graph,2124.809740,706.000000,-0.080620314,5.306252316,-78.306665708,713.302797791,5.315192494,78.311895645
laser 005,quadratic_graph,2124.774989,707.000000,-0.074798075,5.302810397,-78.208733512,713.296013686,5.311486171,78.213911205
laser 005,quadratic_graph,2124.731445,708.000000,-0.066217692,5.298493771,-78.110496413,713.286426875,5.306780645,78.115598932
laser 005,quadratic_graph,2124.683890,709.000000,-0.056378655,5.293778254,-78.012122288,713.275561104,5.301619416,78.017139171
laser 005,quadratic_graph,2124.640226,710.000000,-0.047758485,5.289449975,-77.913886799,713.265933956,5.296900442,77.918828178
laser 005,quadratic_graph,2124.615472,711.000000,-0.045065755,5.287002940,-77.816311688,713.262330120,5.294330265,77.821226840
laser 005,quadratic_graph,2124.598546,712.000000,-0.044825917,5.285334646,-77.719009593,713.261218861,5.292649547,77.723918909
laser 005,quadratic_graph,2124.583585,713.000000,-0.045200815,5.283861841,-77.621776125,713.260732297,5.291192065,77.626684715
laser 005,quadratic_graph,2124.571397,714.000000,-0.046443768,5.282664895,-77.524639017,713.261127843,5.290049626,77.529554099
laser 005,quadratic_graph,2124.556538,715.000000,-0.046847999,5.281202263,-77.427409550,713.260671132,5.288603643,77.432324150
laser 005,quadratic_graph,2124.552641,716.000000,-0.050687686,5.280830081,-77.330559178,713.263705419,5.288403180,77.335501856
laser 005,quadratic_graph,2124.565516,717.000000,-0.059784516,5.282126309,-77.234287009,713.272081815,5.290108422,77.239301468
laser 005,quadratic_graph,2124.589797,718.000000,-0.072456428,5.284557225,-77.138405922,713.284091059,5.293109724,77.143521883
laser 005,quadratic_graph,2124.619400,719.000000,-0.086796147,5.287517669,-77.042705002,713.297795050,5.296715836,77.047936329
laser 005,quadratic_graph,2124.634892,720.000000,-0.096710443,5.289074404,-76.946515327,713.307002110,5.298718484,76.951825232
laser 005,quadratic_graph,2124.605620,721.000000,-0.092587453,5.286177893,-76.848785966,713.301945123,5.295634277,76.854057755
laser 005,quadratic_graph,2124.531459,722.000000,-0.074388516,5.278815987,-76.749518529,713.282584855,5.287449318,76.754635188
laser 005,quadratic_graph,2124.527418,723.000000,-0.078174034,5.278429532,-76.652658508,713.285564198,5.287232138,76.657802795
laser 005,quadratic_graph,2124.473022,724.000000,-0.066170109,5.273034085,-76.554075156,713.272499106,5.281293268,76.559115814
laser 005,quadratic_graph,2124.466955,725.000000,-0.069317679,5.272446108,-76.457146793,713.274830247,5.280845773,76.462209777
laser 005,quadratic_graph,2124.496503,726.000000,-0.083630667,5.275400867,-76.361433290,713.288507121,5.284444995,76.366611418
laser 005,quadratic_graph,2124.447551,727.000000,-0.073329506,5.270547021,-76.263040889,713.277172398,5.279124586,76.268129543
laser 005,quadratic_graph,2124.445182,728.000000,-0.077632619,5.270326908,-76.166237296,713.280677790,5.279097115,76.171357883
laser 005,quadratic_graph,2124.478519,729.000000,-0.093129965,5.273658580,-76.070646723,713.295558149,5.283126711,76.075892300
laser 005,quadratic_graph,2124.432578,730.000000,-0.083768665,5.269104267,-75.972360686,713.285178558,5.278148259,75.977524603
laser 005,quadratic_graph,2124.412998,731.000000,-0.082671497,5.267172192,-75.874971486,713.283196543,5.276165071,75.880122443
laser 005,quadratic_graph,2124.435721,732.000000,-0.094836978,5.269448029,-75.779015542,713.294691267,5.278988440,75.784263792
laser 005,quadratic_graph,2124.503976,733.000000,-0.121278952,5.276253313,-75.684596696,713.320692890,5.286985665,75.690060920
laser 005,quadratic_graph,2124.496436,734.000000,-0.123953118,5.275518863,-75.587610647,713.322543099,5.286370332,75.593093262
laser 005,quadratic_graph,2124.504036,735.000000,-0.131373598,5.276290532,-75.491135042,713.329216230,5.287475356,75.496675505
laser 005,quadratic_graph,2124.429417,736.000000,-0.113010792,5.268883315,-75.391887536,713.309690054,5.279237696,75.397271510
laser 005,quadratic_graph,2124.391988,737.000000,-0.106308785,5.265175780,-75.293896985,713.302012886,5.275226060,75.299221407
laser 005,quadratic_graph,2124.323580,738.000000,-0.089892120,5.258386973,-75.194867697,713.284464375,5.267694655,75.200051810
laser 005,quadratic_graph,2124.319625,739.000000,-0.093683532,5.258009169,-75.098006430,713.287449995,5.267486400,75.103218223
laser 005,quadratic_graph,2124.349037,740.000000,-0.107936099,5.260950280,-75.002262888,713.301065528,5.271069253,75.007589325
laser 005,quadratic_graph,2124.347400,741.000000,-0.112451873,5.260803063,-74.905476477,713.304787210,5.271124282,74.910836616
laser 005,quadratic_graph,2124.296995,742.000000,-0.101674591,5.255805058,-74.807058853,713.292969203,5.265638230,74.812325564
laser 005,quadratic_graph,2124.234245,743.000000,-0.087025640,5.249579405,-74.708232508,713.277217142,5.258749772,74.713373605
laser 005,quadratic_graph,2124.204922,744.000000,-0.082856477,5.246678563,-74.610525180,713.272113920,5.255659159,74.615627782
laser 005,quadratic_graph,2124.214281,745.000000,-0.090814374,5.247624976,-74.514107452,713.279333330,5.256963189,74.519272372
laser 005,quadratic_graph,2124.235646,746.000000,-0.102535624,5.249765540,-74.418087207,713.290376774,5.259631239,74.423345728
laser 005,quadratic_graph,2124.227815,747.000000,-0.105101202,5.249002276,-74.321094446,713.292116936,5.258982196,74.326370458
laser 005,quadratic_graph,2124.170751,748.000000,-0.092228389,5.243342378,-74.222468358,713.278169852,5.252739667,74.227633523
laser 005,quadratic_graph,2124.091454,749.000000,-0.072384034,5.235471634,-74.123109857,713.257138907,5.243971612,74.128106221
laser 005,quadratic_graph,2124.021835,750.000000,-0.055573659,5.228563797,-74.024077504,713.239190918,5.236303413,74.028930289
laser 005,quadratic_graph,2123.972676,751.000000,-0.045176993,5.223690861,-73.925726156,713.227760070,5.230959614,73.930488679
laser 005,quadratic_graph,2123.949911,752.000000,-0.043053758,5.221442655,-73.828248845,713.224736033,5.228613989,73.832989882
laser 005,quadratic_graph,2123.960087,753.000000,-0.051256305,5.222470090,-73.731857816,713.232204197,5.230010087,73.736663205
laser 005,quadratic_graph,2123.967897,754.000000,-0.058715928,5.223262275,-73.635387076,713.238917471,5.231137402,73.640250642
laser 005,quadratic_graph,2123.948384,755.000000,-0.057608181,5.221337451,-73.538016816,713.236925345,5.229160998,73.542867339
laser 005,quadratic_graph,2123.933161,756.000000,-0.057844081,5.219839245,-73.440788046,713.236298540,5.227671861,73.445636695
laser 005,quadratic_graph,2123.947468,757.000000,-0.067336779,5.221277506,-73.344527429,713.245077674,5.229537021,73.349451155
laser 005,quadratic_graph,2123.976362,758.000000,-0.081401846,5.224166388,-73.248742065,713.258502829,5.233059189,73.253778878
laser 005,quadratic_graph,2123.985629,759.000000,-0.089312244,5.225103553,-73.152311648,713.265674173,5.234351833,73.157410385
laser 005,quadratic_graph,2123.963361,760.000000,-0.087333974,5.222904742,-73.054849947,713.262797593,5.232062150,73.059928405
laser 005,quadratic_graph,2123.923141,761.000000,-0.079725877,5.218920789,-72.956803922,713.254200551,5.227733208,72.961815301
laser 005,quadratic_graph,2123.920490,762.000000,-0.083895549,5.218672785,-72.859983595,713.257570977,5.227671837,72.865025802
laser 005,quadratic_graph,2124.038595,763.000000,-0.125927291,5.230433557,-72.767089165,713.299413126,5.241328247,72.772476942
laser 005,quadratic_graph,2124.130756,764.000000,-0.159826473,5.239615258,-72.673341349,713.332991699,5.252038502,72.679007092
laser 005,quadratic_graph,2120.780647,970.000000,-0.110956131,4.910041802,-52.644306600,713.105365055,4.919943861,52.648780174
laser 005,quadratic_graph,2120.241534,971.000000,0.053282869,4.856557058,-52.534853361,712.937662591,4.859044355,52.537958034
laser 005,quadratic_graph,2120.392851,972.000000,0.001144758,4.871587194,-52.441620479,712.989765359,4.876426371,52.445154712
laser 005,quadratic_graph,2120.390872,973.000000,-0.002955661,4.871407004,-52.344789404,712.993069411,4.876429778,52.348353922
laser 005,quadratic_graph,2120.349715,974.000000,0.005222902,4.867339271,-52.247043185,712.983900011,4.871991404,52.250535930
laser 005,quadratic_graph,2120.333154,975.000000,0.005694849,4.865712177,-52.149872565,712.982559324,4.870341524,52.153357592
laser 005,quadratic_graph,2120.353283,976.000000,-0.005329830,4.867725700,-52.053555551,712.992897350,4.872851187,52.057128416
laser 005,quadratic_graph,2120.373869,977.000000,-0.016496729,4.869784638,-51.957246474,713.003379846,4.875412683,51.960908359
laser 005,quadratic_graph,2120.372002,978.000000,-0.020625832,4.869615608,-51.860414526,713.006713105,4.875428547,51.864106935
laser 005,quadratic_graph,2120.347999,979.000000,-0.017816266,4.867250046,-51.763069943,713.002997852,4.872934687,51.766735205
laser 005,quadratic_graph,2120.311852,980.000000,-0.011199594,4.863679519,-51.665446227,712.995415250,4.869064022,51.669052698
laser 005,quadratic_graph,2120.271452,981.000000,-0.003248930,4.859687090,-51.567726743,712.986477578,4.864711243,51.571263337
laser 005,quadratic_graph,2120.231007,982.000000,0.004716954,4.855690314,-51.470008800,712.977524489,4.860353429,51.473475390
laser 005,quadratic_graph,2120.198440,983.000000,0.010215239,4.852475286,-51.372474215,712.971078098,4.856888744,51.375891311
laser 005,quadratic_graph,2120.184441,984.000000,0.009896146,4.851102566,-51.275366796,712.970541190,4.855528948,51.278782750
laser 005,quadratic_graph,2120.186887,985.000000,0.004424973,4.851361473,-51.178635592,712.975237916,4.856033329,51.182093226
laser 005,quadratic_graph,2120.193094,986.000000,-0.002223573,4.851993554,-51.081989054,712.981130656,4.856964027,51.085498155
laser 005,quadratic_graph,2120.192021,987.000000,-0.006589479,4.851903343,-50.985175239,712.984704645,4.857069402,50.988716834
laser 005,quadratic_graph,2120.181993,988.000000,-0.008147752,4.850924641,-50.888157014,712.985426593,4.856159558,50.891707768
laser 005,quadratic_graph,2120.169757,989.000000,-0.009012762,4.849726878,-50.791088620,712.985444328,4.854999362,50.794642770
laser 005,quadratic_graph,2120.163823,990.000000,-0.011851411,4.849154394,-50.694163051,712.987466946,4.854553529,50.697737002
laser 005,quadratic_graph,2120.174688,991.000000,-0.019953410,4.850248683,-50.597616742,712.994836183,4.856012043,50.601254240
laser 005,quadratic_graph,2120.191501,992.000000,-0.029918364,4.851933169,-50.501202740,713.004097845,4.858144841,50.504919269
laser 005,quadratic_graph,2120.192581,993.000000,-0.034951419,4.852056646,-50.404432104,713.008349606,4.858494021,50.408186673
laser 005,quadratic_graph,2120.176592,994.000000,-0.034633675,4.850486530,-50.307276846,713.007165961,4.856908087,50.311024982
laser 005,quadratic_graph,2120.153073,995.000000,-0.031954693,4.848169313,-50.209953140,713.003583764,4.854468474,50.213675217
laser 005,quadratic_graph,2120.112120,996.000000,-0.023810664,4.844122394,-50.112240268,712.994450139,4.850052483,50.115890864
laser 005,quadratic_graph,2120.057300,997.000000,-0.011319818,4.838699826,-50.014220218,712.980901016,4.844064641,50.017763203
laser 005,quadratic_graph,2120.020032,998.000000,-0.004328468,4.835018776,-49.916595370,712.972938385,4.840066548,49.920076454
laser 005,quadratic_graph,2120.001155,999.000000,-0.003099191,4.833162331,-49.819382086,712.970828953,4.838153144,49.822849162
laser 005,quadratic_graph,2119.971900,1000.000000,0.001383568,4.830276355,-49.721939002,712.965414639,4.835063357,49.725365028
laser 005,quadratic_graph,2119.927749,1001.000000,0.010535449,4.825912720,-49.624167333,712.955257439,4.830285162,49.627513502
laser 005,quadratic_graph,2119.890158,1002.000000,0.017632780,4.822199971,-49.526543691,712.947187306,4.826250588,49.529827079
laser 005,quadratic_graph,2119.863470,1003.000000,0.021314805,4.819568861,-49.429163099,712.942586491,4.823451811,49.432412093
laser 005,quadratic_graph,2119.833279,1004.000000,0.026095754,4.816590321,-49.331706695,712.936869419,4.820256003,49.334912162
laser 005,quadratic_graph,2119.790914,1005.000000,0.034692558,4.812404281,-49.233984257,712.927276236,4.815680458,49.237114481
laser 005,quadratic_graph,2119.771255,1006.000000,0.036175869,4.810470561,-49.136762898,712.924908977,4.813678316,49.139877004
laser 005,quadratic_graph,2119.791876,1007.000000,0.025039078,4.812532271,-49.040424604,712.935361218,4.816241239,49.043627483
laser 005,quadratic_graph,2119.832750,1008.000000,0.007556812,4.816603061,-48.944526373,712.952259167,4.821099657,48.947870766
laser 005,quadratic_graph,2119.855646,1009.000000,-0.004291103,4.818890634,-48.848231436,712.963433748,4.823920541,48.851670513
laser 005,quadratic_graph,2119.844955,1010.000000,-0.005612653,4.817846451,-48.751202187,712.963915702,4.822934541,48.754648459
laser 005,quadratic_graph,2119.833186,1011.000000,-0.006595075,4.816695344,-48.654149496,712.964053192,4.821826310,48.657600144
laser 005,quadratic_graph,2119.837949,1012.000000,-0.012756920,4.817184196,-48.557455459,712.969451917,4.822591821,48.560953531
laser 005,quadratic_graph,2119.842917,1013.000000,-0.018981786,4.817693401,-48.460764511,712.974914666,4.823380532,48.464310532
laser 005,quadratic_graph,2119.820181,1014.000000,-0.016523416,4.815454400,-48.363473693,712.971557086,4.821029101,48.366995492
laser 005,quadratic_graph,2119.779043,1015.000000,-0.008297010,4.811390030,-48.265787170,712.962340432,4.816591949,48.269236808
laser 005,quadratic_graph,2119.746320,1016.000000,-0.002706485,4.808160486,-48.168284344,712.955801314,4.813108599,48.171683727
laser 005,quadratic_graph,2119.723954,1017.000000,-0.000360261,4.805958336,-48.071005807,712.952557747,4.810799083,48.074381902
laser 005,quadratic_graph,2119.682304,1018.000000,0.008030102,4.801843463,-47.973315048,712.943174668,4.806304029,47.976617619
laser 005,quadratic_graph,2119.623381,1019.000000,0.021834018,4.796015509,-47.875257611,712.928292637,4.799851543,47.878441663
laser 005,quadratic_graph,2119.578112,1020.000000,0.031360405,4.791542010,-47.777495757,712.917755699,4.794946588,47.780596844
laser 005,quadratic_graph,2119.556437,1021.000000,0.033495091,4.789408650,-47.680239371,712.914727154,4.792715412,47.683318927
laser 005,quadratic_graph,2119.557929,1022.000000,0.028372032,4.789572977,-47.583476296,712.919070907,4.793109516,47.586594645
laser 005,quadratic_graph,2119.580453,1023.000000,0.016659939,4.791823281,-47.487158252,712.930107664,4.795887006,47.490370158
laser 005,quadratic_graph,2119.615072,1024.000000,0.001158715,4.795273299,-47.391093365,712.944993329,4.800035240,47.394430321
laser 005,quadratic_graph,2119.628398,1025.000000,-0.007669201,4.796611467,-47.294574755,712.953100395,4.801770412,47.297981296
laser 005,quadratic_graph,2119.601677,1026.000000,-0.003946434,4.793977554,-47.197209792,712.948458798,4.798967003,47.200581606
laser 005,quadratic_graph,2119.566320,1027.000000,0.002483780,4.790487151,-47.099664528,712.941067081,4.795184899,47.102979111
laser 005,quadratic_graph,2119.547832,1028.000000,0.003629178,4.788669907,-47.002475552,712.939043571,4.793314495,47.005776829
laser 005,quadratic_graph,2119.522307,1029.000000,0.006980967,4.786154762,-46.905139810,712.934778899,4.790646600,46.908409442
laser 005,quadratic_graph,2119.466647,1030.000000,0.019776747,4.780650993,-46.807175318,712.920921341,4.784563809,46.810334814
laser 005,quadratic_graph,2119.495799,1031.000000,0.005998095,4.783558599,-46.710984198,712.934057302,4.788091883,46.714254427
laser 005,quadratic_graph,2119.458665,1032.000000,0.012991465,4.779892218,-46.613409517,712.926093717,4.784108383,46.616617836
laser 005,quadratic_graph,2119.411616,1033.000000,0.023092762,4.775242649,-46.515631132,712.914973245,4.779001414,46.518751710
laser 005,quadratic_graph,2119.364553,1034.000000,0.033199449,4.770591854,-46.417855621,712.903847348,4.773892977,46.420888413
laser 005,quadratic_graph,2119.345325,1035.000000,0.034585755,4.768701482,-46.320659137,712.901579341,4.771938573,46.323676622
laser 005,quadratic_graph,2119.342726,1036.000000,0.030763021,4.768460164,-46.223806695,712.904602505,4.771868345,46.226852168
laser 005,quadratic_graph,2119.336608,1037.000000,0.028044189,4.767869888,-46.126881043,712.906504383,4.771399333,46.129945328
laser 005,quadratic_graph,2119.322080,1038.000000,0.027961795,4.766445635,-46.029782083,712.905728290,4.769977343,46.032843268
laser 005,quadratic_graph,2119.292122,1039.000000,0.032715400,4.763491297,-45.932366893,712.900040012,4.766806985,45.935384785
laser 005,quadratic_graph,2119.267613,1040.000000,0.035762939,4.761077352,-45.835064918,712.896084719,4.764254029,45.838053698
laser 005,quadratic_graph,2119.270549,1041.000000,0.030212529,4.761384930,-45.738324790,712.900862873,4.764810681,45.741355916
laser 005,quadratic_graph,2119.296984,1042.000000,0.017300244,4.764022785,-45.642062517,712.913118896,4.768029903,45.645197177
laser 005,quadratic_graph,2119.328158,1043.000000,0.002903860,4.767130697,-45.545893449,712.926882388,4.771786171,45.549143978
laser 005,quadratic_graph,2119.353411,1044.000000,-0.009636326,4.769651543,-45.449600573,712.938760431,4.774871589,45.452951544
laser 005,quadratic_graph,2119.373716,1045.000000,-0.020625037,4.771681768,-45.353204360,712.949062553,4.777396358,45.356642878
laser 005,quadratic_graph,2119.377927,1046.000000,-0.026569213,4.772115938,-45.256480128,712.954240685,4.778097377,45.259964266
laser 005,quadratic_graph,2119.360967,1047.000000,-0.025877602,4.770450505,-45.159327547,712.952678535,4.776399275,45.162802153
laser 005,quadratic_graph,2119.340085,1048.000000,-0.023955624,4.768396141,-45.062096558,712.949866668,4.774256707,45.065551407
laser 005,quadratic_graph,2119.325695,1049.000000,-0.024066768,4.766985625,-44.964996833,712.949119964,4.772849756,44.968448823
laser 005,quadratic_graph,2119.301514,1050.000000,-0.021108368,4.764604152,-44.867701197,712.945255409,4.770333299,44.871124816
laser 005,quadratic_graph,2119.264002,1051.000000,-0.013971199,4.760900721,-44.770140142,712.937146327,4.766306267,44.773500659
laser 005,quadratic_graph,2119.231033,1052.000000,-0.008256466,4.757647893,-44.672672061,712.930482113,4.762794044,44.675981300
laser 005,quadratic_graph,2119.198546,1053.000000,-0.002691563,4.754442937,-44.575215508,712.923970125,4.759336456,44.578474713
laser 005,quadratic_graph,2119.150291,1054.000000,0.007815400,4.749674522,-44.477447598,712.912438326,4.754092340,44.480615696
laser 005,quadratic_graph,2119.097380,1055.000000,0.019782223,4.744444617,-44.379590669,712.899423740,4.748320841,44.382655526
laser 005,quadratic_graph,2119.080121,1056.000000,0.020579179,4.742749860,-44.282442541,712.897754857,4.746588664,44.285496993
laser 005,quadratic_graph,2119.100951,1057.000000,0.009442772,4.744831778,-44.186046664,712.908207149,4.749171797,44.189189892
laser 005,quadratic_graph,2119.116067,1058.000000,0.000097841,4.746347183,-44.089535541,712.916839771,4.751107556,44.092752655
laser 005,quadratic_graph,2119.095694,1059.000000,0.001874566,4.744343646,-43.992324849,712.914175751,4.749022376,43.995523415
laser 005,quadratic_graph,2119.029802,1060.000000,0.017915484,4.737826829,-43.894222582,712.897023155,4.741780075,43.897284048
laser 005,quadratic_graph,2118.958477,1061.000000,0.035659210,4.730771693,-43.796018870,712.878141026,4.733922596,43.798929084
laser 005,quadratic_graph,2118.936139,1062.000000,0.038055308,4.728573557,-43.698776519,712.874848010,4.731614862,43.701663038
laser 005,quadratic_graph,2118.947657,1063.000000,0.029845043,4.729732035,-43.602194471,712.882328210,4.733142481,43.605145447
laser 005,quadratic_graph,2118.983637,1064.000000,0.013971203,4.733315880,-43.506085825,712.897592517,4.737441377,43.509164952
laser 005,quadratic_graph,2119.040251,1065.000000,-0.008367684,4.738945800,-43.410373239,712.919423526,4.744078161,43.413634248
laser 005,quadratic_graph,2119.092215,1066.000000,-0.029249418,4.744114981,-43.314564926,712.939774437,4.750188435,43.317995706
laser 005,quadratic_graph,2119.096979,1067.000000,-0.035339302,4.744604037,-43.217840079,712.945100884,4.750950926,43.221317694
laser 005,quadratic_graph,2119.051449,1068.000000,-0.025667071,4.740106052,-43.120145205,712.934417402,4.746014924,43.123538653
laser 005,quadratic_graph,2119.011638,1069.000000,-0.017785920,4.736175273,-43.022563261,712.925553205,4.741726972,43.025887428
laser 005,quadratic_graph,2119.007165,1070.000000,-0.020977114,4.735748420,-42.925661370,712.927935453,4.741442717,42.929008280
laser 005,quadratic_graph,2119.015430,1071.000000,-0.028158691,4.736584594,-42.829002609,712.934370825,4.742601603,42.832405427
laser 005,quadratic_graph,2119.002593,1072.000000,-0.028726301,4.735328438,-42.731939435,712.934088278,4.741369626,42.735343192
laser 005,quadratic_graph,2118.950630,1073.000000,-0.017031913,4.730192910,-42.634131369,712.921351040,4.735704809,42.637434153
laser 005,quadratic_graph,2118.866948,1074.000000,0.004602324,4.721912842,-42.535724294,712.898517797,4.726446798,42.538843495
laser 005,quadratic_graph,2118.790798,1075.000000,0.023876573,4.714380017,-42.437466384,712.878081703,4.718042554,42.440421616
laser 005,quadratic_graph,2118.747233,1076.000000,0.032941866,4.710077840,-42.339830375,712.868015047,4.713329758,42.342706486
laser 005,quadratic_graph,2118.736606,1077.000000,0.031688417,4.709040972,-42.242818637,712.868429300,4.712348028,42.245701387
laser 005,quadratic_graph,2118.761786,1078.000000,0.019217230,4.711553787,-42.146480895,712.880237545,4.715422315,42.149463518
laser 005,quadratic_graph,2118.800902,1079.000000,0.002380279,4.715448285,-42.050401793,712.896480128,4.720075342,42.053520571
laser 005,quadratic_graph,2118.808674,1080.000000,-0.004634488,4.716235477,-41.953731073,712.902746223,4.721177721,41.956904374
laser 005,quadratic_graph,2118.776532,1081.000000,0.000858804,4.713065639,-41.856312567,712.896307805,4.717758496,41.859436436
laser 005,quadratic_graph,2118.722974,1082.000000,0.013063623,4.707772813,-41.758496500,712.883052490,4.711913345,41.761515157
laser 005,quadratic_graph,2118.655861,1083.000000,0.029516302,4.701136513,-41.660431963,712.865482659,4.704532987,41.663310103
laser 005,quadratic_graph,2118.595064,1084.000000,0.043990691,4.695126620,-41.562489598,712.849922247,4.697868329,41.565243663
laser 005,quadratic_graph,2118.583962,1085.000000,0.042896593,4.694042796,-41.465471876,712.850174830,4.696832453,41.468231259
laser 005,quadratic_graph,2118.619838,1086.000000,0.027085202,4.697615637,-41.369322140,712.865375794,4.701117536,41.372209156
laser 005,quadratic_graph,2118.653972,1087.000000,0.011820279,4.701015955,-41.273136287,712.880021695,4.705205430,41.276146395
laser 005,quadratic_graph,2118.663488,1088.000000,0.004269797,4.701975985,-41.176493833,712.886832039,4.706504831,41.179562917
laser 005,quadratic_graph,2118.661120,1089.000000,0.000444204,4.701757962,-41.079631588,712.889859029,4.706458049,41.082728690
laser 005,quadratic_graph,2118.682314,1090.000000,-0.010763105,4.703875711,-40.983199904,712.900383609,4.709080227,40.986386376
laser 005,quadratic_graph,2118.732770,1091.000000,-0.031138968,4.708894488,-40.887299852,712.920220632,4.715017273,40.890651892
laser 005,quadratic_graph,2118.764421,1092.000000,-0.045621540,4.712049171,-40.791051933,712.934071852,4.718824221,40.794520563
laser 005,quadratic_graph,2118.747541,1093.000000,-0.044894606,4.710392476,-40.693918241,712.932474888,4.717133283,40.697377054
laser 005,quadratic_graph,2118.688160,1094.000000,-0.030847887,4.704522341,-40.596014437,712.917349170,4.710627692,40.599352732
laser 005,quadratic_graph,2118.626751,1095.000000,-0.016164972,4.698451436,-40.498078201,712.901577330,4.703892615,40.501290692
laser 005,quadratic_graph,2118.598190,1096.000000,-0.011773999,4.695636962,-40.400739108,712.896258952,4.700878515,40.403911330
laser 005,quadratic_graph,2118.589866,1097.000000,-0.013722914,4.694828596,-40.303765846,712.897379950,4.700156686,40.306950491
laser 005,quadratic_graph,2118.581721,1098.000000,-0.015726613,4.694037984,-40.206795589,712.898556609,4.699455085,40.209993112
laser 005,quadratic_graph,2118.560939,1099.000000,-0.013769235,4.691994705,-40.109598722,712.895710081,4.697322026,40.112776203
laser 005,quadratic_graph,2118.526945,1100.000000,-0.007670689,4.688641814,-40.012166620,712.888657465,4.693692437,40.015289642
laser 005,quadratic_graph,2118.486578,1101.000000,0.000425923,4.684657302,-39.914622930,712.879575489,4.689341042,39.917674887
laser 005,quadratic_graph,2118.522411,1102.000000,-0.015352519,4.688225989,-39.818436929,712.894742986,4.693620489,39.821616247
laser 005,quadratic_graph,2118.501608,1103.000000,-0.013383326,4.686180718,-39.721242140,712.891884559,4.691484907,39.724401318
laser 005,quadratic_graph,2118.472205,1104.000000,-0.008718109,4.683283028,-39.623896028,712.886287866,4.688375217,39.627012660
laser 005,quadratic_graph,2118.431864,1105.000000,-0.000624413,4.679301235,-39.526358446,712.877208979,4.684026673,39.529404039
laser 005,quadratic_graph,2118.394939,1106.000000,0.006400073,4.675658138,-39.428883596,712.869216106,4.680065087,39.431867036
laser 005,quadratic_graph,2118.373384,1107.000000,0.008609974,4.673538516,-39.331681015,712.866113325,4.677844291,39.334642315
laser 005,quadratic_graph,2118.376065,1108.000000,0.003227449,4.673821054,-39.234904054,712.870721997,4.678368353,39.237906316
laser 005,quadratic_graph,2118.382892,1109.000000,-0.003452908,4.674514541,-39.138198405,712.876648849,4.679361945,39.141252415
laser 005,quadratic_graph,2118.360952,1110.000000,-0.001118376,4.672356783,-39.040989639,712.873419547,4.677097388,39.044020474
laser 005,quadratic_graph,2118.310783,1111.000000,0.010062269,4.667401227,-38.943290868,712.861205546,4.671635750,38.946225009
laser 005,quadratic_graph,2118.266343,1112.000000,0.019448890,4.663013643,-38.845694927,712.850813728,4.666823060,38.848547285
laser 005,quadratic_graph,2118.241241,1113.000000,0.022777851,4.660542689,-38.748436567,712.846574522,4.664200424,38.751257486
laser 005,quadratic_graph,2118.215218,1114.000000,0.026396637,4.657980505,-38.651163557,712.842040981,4.661473476,38.653950630
laser 005,quadratic_graph,2118.194633,1115.000000,0.028312954,4.655957285,-38.553985507,712.839236610,4.659362337,38.556752882
laser 005,quadratic_graph,2118.201489,1116.000000,0.021633187,4.656653557,-38.457279606,712.845162995,4.660358690,38.460098725
laser 005,quadratic_graph,2118.224545,1117.000000,0.009878909,4.658955356,-38.360849727,712.856243374,4.663189618,38.363762764
laser 005,quadratic_graph,2118.234428,1118.000000,0.002253029,4.659951689,-38.264191820,712.863130696,4.664528738,38.267164463
laser 005,quadratic_graph,2118.224006,1119.000000,0.000990434,4.658935670,-38.167186013,712.863555087,4.663568287,38.170165379
laser 005,quadratic_graph,2118.194717,1120.000000,0.005640615,4.656049839,-38.069859395,712.857974137,4.660471142,38.072796344
laser 005,quadratic_graph,2118.149754,1121.000000,0.015202915,4.651610746,-37.972268582,712.847404191,4.655599017,37.975122289
laser 005,quadratic_graph,2118.097941,1122.000000,0.026912365,4.646492985,-37.874564887,712.834653526,4.649951309,37.877317508
laser 005,quadratic_graph,2118.058557,1123.000000,0.034728805,4.642607057,-37.777074463,712.825856866,4.645711153,37.779758353
laser 005,quadratic_graph,2118.053493,1124.000000,0.031794212,4.642122097,-37.680164047,712.827979573,4.645357233,37.682868557
laser 005,quadratic_graph,2118.068890,1125.000000,0.022450465,4.643664730,-37.583596568,712.836611769,4.647320195,37.586374963
laser 005,quadratic_graph,2118.047978,1126.000000,0.024483653,4.641609329,-37.486418972,712.833688967,4.645171604,37.489176700
laser 005,quadratic_graph,2117.979047,1127.000000,0.041562140,4.634795707,-37.388440472,712.815485436,4.637585697,37.391052493
laser 005,quadratic_graph,2117.908167,1128.000000,0.059251641,4.627789340,-37.290434608,712.796661393,4.629779466,37.292895846
laser 005,quadratic_graph,2117.873672,1129.000000,0.065543592,4.624388348,-37.193038321,712.789413309,4.626093059,37.195443499
laser 005,quadratic_graph,2117.885079,1130.000000,0.057457253,4.625535410,-37.096404505,712.796768520,4.627603696,37.098873119
laser 005,quadratic_graph,2117.919005,1131.000000,0.042317291,4.628913790,-37.000140867,712.811287710,4.631664029,37.002731538
laser 005,quadratic_graph,2117.923057,1132.000000,0.036537341,4.629332171,-36.903381050,712.816300448,4.632341884,36.906015989
laser 005,quadratic_graph,2117.873860,1133.000000,0.047440785,4.624474405,-36.805744711,712.804368828,4.626990557,36.808285265
laser 005,quadratic_graph,2117.810002,1134.000000,0.062937981,4.618164237,-36.707871395,712.787771654,4.619979482,36.710279387
laser 005,quadratic_graph,2117.768577,1135.000000,0.071408556,4.614076888,-36.610369470,712.778311059,4.615508385,36.612703297
laser 005,quadratic_graph,2117.741430,1136.000000,0.075407622,4.611404207,-36.513103021,712.773391945,4.612653785,36.515399845
laser 005,quadratic_graph,2117.710876,1137.000000,0.080475182,4.608394046,-36.415782596,712.767387661,4.609413478,36.418033538
laser 005,quadratic_graph,2117.680127,1138.000000,0.085605050,4.605364632,-36.318460733,712.761320130,4.606151106,36.320665274
laser 005,quadratic_graph,2117.722069,1139.000000,0.067965816,4.609536682,-36.222316375,712.778377734,4.611117921,36.224663746
laser 005,quadratic_graph,2117.814667,1140.000000,0.034457539,4.618727847,-36.126984736,712.811552456,4.621820129,36.129606819
laser 005,quadratic_graph,2117.865009,1141.000000,0.014186757,4.623732838,-36.030964343,712.831282686,4.627738666,36.033751125
laser 005,quadratic_graph,2117.855648,1142.000000,0.012621961,4.622822279,-35.933980590,712.832014500,4.626897326,35.936776610
laser 005,quadratic_graph,2117.809603,1143.000000,0.022551627,4.618276967,-35.836409622,712.821072208,4.621902411,35.839119352
laser 005,quadratic_graph,2117.745126,1144.000000,0.038256769,4.611905624,-35.738547559,712.804264222,4.614820779,35.741123001
laser 005,quadratic_graph,2117.666705,1145.000000,0.058330675,4.604153162,-35.640468266,712.783019260,4.606160837,35.642873113
laser 005,quadratic_graph,2117.576377,1146.000000,0.082134515,4.595221642,-35.542205924,712.757986149,4.596153481,35.544409178
laser 005,quadratic_graph,2117.489843,1147.000000,0.104749652,4.586666585,-35.444010614,712.734160397,4.586576242,35.446022154
laser 005,quadratic_graph,2117.517953,1148.000000,0.091456013,4.589467947,-35.347631405,712.746804540,4.589976227,35.349749660
laser 005,quadratic_graph,2117.531357,1149.000000,0.082769779,4.590812637,-35.251017366,712.754769288,4.591711577,35.253204045
laser 005,quadratic_graph,2117.491107,1150.000000,0.090891305,4.586842458,-35.153559002,712.745663712,4.587373412,35.155674420
laser 005,quadratic_graph,2117.500029,1151.000000,0.083611643,4.587743162,-35.056872946,712.752199939,4.588601289,35.059045098
laser 005,quadratic_graph,2117.518275,1152.000000,0.073412447,4.589567524,-34.960330755,712.761701305,4.590884603,34.962583905
laser 005,quadratic_graph,2117.477005,1153.000000,0.081857603,4.585496327,-34.862859519,712.752267131,4.586430813,34.865038720
laser 005,quadratic_graph,2117.492560,1154.000000,0.072503957,4.587054116,-34.766273114,712.760909760,4.588409390,34.768526285
laser 005,quadratic_graph,2117.469651,1155.000000,0.075200279,4.584801757,-34.669088963,712.757314254,4.586033923,34.671315962
laser 005,quadratic_graph,2117.521769,1156.000000,0.054395446,4.589981522,-34.573064159,712.777586886,4.592151344,34.575460296
laser 005,quadratic_graph,2117.559455,1157.000000,0.038112008,4.593731859,-34.476811769,712.793267502,4.596635258,34.479339468
laser 005,quadratic_graph,2117.565175,1158.000000,0.031843706,4.594315551,-34.380064437,712.798776610,4.597500477,34.382640467
laser 005,quadratic_graph,2117.536083,1159.000000,0.036482618,4.591450566,-34.282782725,712.793208242,4.594424703,34.285316439
laser 005,quadratic_graph,2117.480394,1160.000000,0.049454805,4.585950900,-34.185096589,712.779176556,4.588338112,34.187518732
laser 005,quadratic_graph,2117.498732,1161.000000,0.039237763,4.587784523,-34.088541226,712.788696094,4.590631496,34.091044516
laser 005,quadratic_graph,2117.460003,1162.000000,0.046899456,4.583965032,-33.991117122,712.780057862,4.586464779,33.993552975
laser 005,quadratic_graph,2117.427292,1163.000000,0.052677068,4.580741773,-33.893786540,712.773333155,4.582979337,33.896170615
laser 005,quadratic_graph,2117.368548,1164.000000,0.066610800,4.574939931,-33.796064994,712.758325093,4.576547170,33.798329508
laser 005,quadratic_graph,2117.305163,1165.000000,0.081998991,4.568678671,-33.698277806,712.741839934,4.569589937,33.700410671
laser 005,quadratic_graph,2117.262485,1166.000000,0.090901850,4.564468602,-33.600805896,712.731941352,4.564976623,33.602861011
laser 005,quadratic_graph,2117.232045,1167.000000,0.095972577,4.561470733,-33.503519851,712.725934730,4.561748478,33.505529063
laser 005,quadratic_graph,2117.207322,1168.000000,0.099253858,4.559039138,-33.406320799,712.721745502,4.559167378,33.408298979
laser 005,quadratic_graph,2117.178466,1169.000000,0.103830931,4.556198263,-33.309061495,712.716240302,4.556118509,33.310997875
laser 005,quadratic_graph,2117.126866,1170.000000,0.115532830,4.551104998,-33.211466490,712.703499183,4.550495661,33.213301859
laser 005,quadratic_graph,2117.071993,1171.000000,0.128260705,4.545687808,-33.113826657,712.689716137,4.544502579,33.115552489
laser 005,quadratic_graph,2117.055435,1172.000000,0.128989672,4.544065055,-33.016755504,712.688119172,4.542845525,33.018471517
laser 005,quadratic_graph,2117.095097,1173.000000,0.112111938,4.548009786,-32.920511234,712.704403479,4.547550663,32.922363750
laser 005,quadratic_graph,2117.177233,1174.000000,0.081930787,4.556161256,-32.824885174,712.734198615,4.557063014,32.826984752
laser 005,quadratic_graph,2117.200826,1175.000000,0.070087072,4.558515005,-32.728395597,712.745370364,4.559949952,32.730589842
laser 005,quadratic_graph,2117.084738,1176.000000,0.101996986,4.547034957,-32.629867837,712.712106371,4.547028201,32.631793132
laser 005,quadratic_graph,2114.109336,1382.000000,0.144731281,4.256247241,-12.646146310,712.492731427,4.254033250,12.646945455
laser 005,quadratic_graph,2114.706130,1383.000000,-0.046351283,4.315284615,-12.552596719,712.685892635,4.321694069,12.554979932
laser 005,quadratic_graph,2114.626028,1384.000000,-0.025439342,4.307379672,-12.455231335,712.663807777,4.312843933,12.457437055
laser 005,quadratic_graph,2114.477359,1385.000000,0.016948737,4.292693697,-12.357493729,712.619917524,4.296243412,12.359343502
laser 005,quadratic_graph,2114.434938,1386.000000,0.026058114,4.288516709,-12.260349648,712.609816375,4.291653955,12.262120001
laser 005,quadratic_graph,2114.396146,1387.000000,0.034031982,4.284698741,-12.163228031,712.600868188,4.287474772,12.164928400
laser 005,quadratic_graph,2114.379333,1388.000000,0.035123490,4.283054441,-12.066227243,712.598907916,4.285779901,12.067914817
laser 005,quadratic_graph,2114.362592,1389.000000,0.036193749,4.281417284,-11.969227376,712.596969243,4.284093131,11.970902332
laser 005,quadratic_graph,2114.350655,1390.000000,0.035760769,4.280255224,-11.872253501,712.596556875,4.282949311,11.873928330
laser 005,quadratic_graph,2114.356639,1391.000000,0.029716455,4.280865424,-11.775373942,712.601841868,4.283831025,11.777095271
laser 005,quadratic_graph,2114.375290,1392.000000,0.019706093,4.282728342,-11.678558985,712.611153700,4.286144470,11.680359769
laser 005,quadratic_graph,2114.375095,1393.000000,0.015599438,4.282727521,-11.581644061,712.614471348,4.286327705,11.583475245
laser 005,quadratic_graph,2114.341593,1394.000000,0.021925827,4.279432833,-11.484557479,712.607196091,4.282746167,11.486332370
laser 005,quadratic_graph,2114.295524,1395.000000,0.032189232,4.274895476,-11.387408999,712.595923528,4.277744256,11.389094884
laser 005,quadratic_graph,2114.256893,1396.000000,0.040124202,4.271093791,-11.290301081,712.587015122,4.273583115,11.291917307
laser 005,quadratic_graph,2114.223088,1397.000000,0.046548911,4.267769427,-11.193219706,712.579640154,4.269967463,11.194778823
laser 005,quadratic_graph,2114.174154,1398.000000,0.057712669,4.262949177,-11.096065408,712.567453578,4.264642023,11.097528037
laser 005,quadratic_graph,2114.111815,1399.000000,0.073075144,4.256803677,-10.998848622,712.551004019,4.257801820,11.000179875
laser 005,quadratic_graph,2114.080887,1400.000000,0.078602198,4.253764125,-10.901789173,712.544540583,4.254511498,10.903070777
laser 005,quadratic_graph,2114.113851,1401.000000,0.064122847,4.257041859,-10.805039628,712.558389989,4.258441475,10.806437824
laser 005,quadratic_graph,2114.182230,1402.000000,0.038553219,4.263821607,-10.708455603,712.583499494,4.266374041,10.710062543
laser 005,quadratic_graph,2114.226435,1403.000000,0.020554354,4.268211323,-10.611750251,712.600922267,4.271574859,10.613503028
laser 005,quadratic_graph,2114.201377,1404.000000,0.024249069,4.265751959,-10.514715061,712.596319274,4.268947433,10.516433414
laser 005,quadratic_graph,2114.154692,1405.000000,0.034718258,4.261154106,-10.417580551,712.584838117,4.263875743,10.419208190
laser 005,quadratic_graph,2114.133038,1406.000000,0.037349356,4.259031457,-10.320564484,712.581315092,4.261633039,10.322166538
laser 005,quadratic_graph,2114.143049,1407.000000,0.030064914,4.260039884,-10.223693880,712.587859422,4.262968961,10.225352741
laser 005,quadratic_graph,2114.177303,1408.000000,0.015188913,4.263445585,-10.126931084,712.602111516,4.267044813,10.128709833
laser 005,quadratic_graph,2114.216765,1409.000000,-0.001317558,4.267366449,-10.030187730,712.618019021,4.271709420,10.032099914
laser 005,quadratic_graph,2114.246511,1410.000000,-0.014780167,4.270326659,-9.933396966,712.630836061,4.275275986,9.935417294
laser 005,quadratic_graph,2114.266008,1411.000000,-0.025031630,4.272273416,-9.836557710,712.640392803,4.277684160,9.838659499
laser 005,quadratic_graph,2114.274819,1412.000000,-0.031934798,4.273163434,-9.739669388,712.646550012,4.278884467,9.741824816
laser 005,quadratic_graph,2114.251451,1413.000000,-0.028757115,4.270871125,-9.642640867,712.642472129,4.276447435,9.644766169
laser 005,quadratic_graph,2114.191993,1414.000000,-0.014273885,4.265009887,-9.545459667,712.626915759,4.269931186,9.547460902
laser 005,quadratic_graph,2114.114107,1415.000000,0.005981749,4.257326692,-9.448204983,712.605498733,4.261332435,9.450034188
laser 005,quadratic_graph,2114.053447,1416.000000,0.020842552,4.251347229,-9.351028044,712.589559135,4.254680919,9.352730046
laser 005,quadratic_graph,2114.038584,1417.000000,0.021361260,4.249896226,-9.254044622,712.588181063,4.253205212,9.255738592
laser 005,quadratic_graph,2114.054966,1418.000000,0.012095632,4.251534671,-9.157189282,712.596736996,4.255260580,9.158956523
laser 005,quadratic_graph,2114.064852,1419.000000,0.004865654,4.252530840,-9.060305336,712.603226148,4.256581792,9.062128933
laser 005,quadratic_graph,2114.051006,1420.000000,0.005069799,4.251180406,-8.963324664,712.602167494,4.255220852,8.965142844
laser 005,quadratic_graph,2114.021353,1421.000000,0.010225964,4.248267021,-8.866281712,712.596081123,4.252073447,8.868053328
laser 005,quadratic_graph,2113.994102,1422.000000,0.014631062,4.245591198,-8.769249813,712.590757334,4.249197505,8.770981107
laser 005,quadratic_graph,2113.989263,1423.000000,0.012018192,4.245131403,-8.672306113,712.592558841,4.248854355,8.674055399
laser 005,quadratic_graph,2114.015561,1424.000000,-0.000345464,4.247750350,-8.575481103,712.604260211,4.252030060,8.577329402
laser 005,quadratic_graph,2114.055260,1425.000000,-0.016905611,4.251694508,-8.478703622,712.620222213,4.256720391,8.480685804
laser 005,quadratic_graph,2114.071816,1426.000000,-0.026216132,4.253350354,-8.381835202,712.628823759,4.258795190,8.383891028
laser 005,quadratic_graph,2114.051750,1427.000000,-0.024054530,4.251384904,-8.284828992,712.625777844,4.256730886,8.286863137
laser 005,quadratic_graph,2114.016596,1428.000000,-0.017165798,4.247927568,-8.187768456,712.617932583,4.252961331,8.189741643
laser 005,quadratic_graph,2113.987406,1429.000000,-0.012143901,4.245060028,-8.090731587,712.611982722,4.249865836,8.092659327
laser 005,quadratic_graph,2113.966136,1430.000000,-0.009601387,4.242975651,-7.993724588,712.608550163,4.247665412,7.995627483
laser 005,quadratic_graph,2113.945284,1431.000000,-0.007188511,4.240932635,-7.896719987,712.605249251,4.245512202,7.898599115
laser 005,quadratic_graph,2113.921239,1432.000000,-0.003774293,4.238573947,-7.799705156,712.600931724,4.242998124,7.801552197
laser 005,quadratic_graph,2113.895026,1433.000000,0.000320207,4.236000946,-7.702684036,712.595923553,4.240239027,7.704493337
laser 005,quadratic_graph,2113.860460,1434.000000,0.007032064,4.232602135,-7.605635911,712.588258075,4.236535984,7.607385723
laser 005,quadratic_graph,2113.805488,1435.000000,0.020135910,4.227185954,-7.508521472,712.574103014,4.230527061,7.510158685
laser 005,quadratic_graph,2113.727720,1436.000000,0.040379475,4.219516400,-7.411335471,712.552699244,4.221942506,7.412800759
laser 005,quadratic_graph,2113.648092,1437.000000,0.061205593,4.211663454,-7.314149226,712.530704095,4.213148265,7.315437749
laser 005,quadratic_graph,2113.641287,1438.000000,0.059228295,4.211009458,-7.217203540,712.531860650,4.212582234,7.218504775
laser 005,quadratic_graph,2113.699919,1439.000000,0.036760332,4.216824220,-7.120465483,712.553820760,4.219409831,7.121949693
laser 005,quadratic_graph,2113.717901,1440.000000,0.027023020,4.218620641,-7.023594011,712.562855816,4.221644474,7.025155413
laser 005,quadratic_graph,2113.673309,1441.000000,0.036883217,4.214231127,-6.926526612,712.551994171,4.216808627,6.928002368
laser 005,quadratic_graph,2113.588470,1442.000000,0.059347734,4.205863312,-6.829339483,712.528335839,4.207425568,6.830624861
laser 005,quadratic_graph,2113.548877,1443.000000,0.067644219,4.201968361,-6.732294741,712.519061879,4.203154865,6.733507467
laser 005,quadratic_graph,2113.528964,1444.000000,0.069779381,4.200018771,-6.635310790,712.516043325,4.201107622,6.636502058
laser 005,quadratic_graph,2113.578176,1445.000000,0.050269972,4.204901974,-6.538529362,712.534999704,4.206870124,6.539879022
laser 005,quadratic_graph,2113.575135,1446.000000,0.047124395,4.204620133,-6.441592536,712.537342503,4.206728983,6.442964617
laser 005,quadratic_graph,2113.631067,1447.000000,0.025511936,4.210167934,-6.344822055,712.558433991,4.213251007,6.346370000
laser 005,quadratic_graph,2113.666314,1448.000000,0.010377803,4.213671165,-6.247988139,712.572948274,4.217436055,6.249658121
laser 005,quadratic_graph,2113.670253,1449.000000,0.005049810,4.214079413,-6.151064305,712.577506789,4.218083510,6.152774842
laser 005,quadratic_graph,2113.647670,1450.000000,0.008029456,4.211865736,-6.054067545,712.573630933,4.215734065,6.055749609
laser 005,quadratic_graph,2113.615376,1451.000000,0.014051677,4.208692104,-5.957046004,712.566666117,4.212287336,5.958674314
laser 005,quadratic_graph,2113.580814,1452.000000,0.020785364,4.205294348,-5.860020409,712.558979019,4.208584370,5.861589054
laser 005,quadratic_graph,2113.544162,1453.000000,0.028174731,4.201690080,-5.762991515,712.550626277,4.204645298,5.764495046
laser 005,quadratic_graph,2113.518556,1454.000000,0.032106055,4.199177784,-5.665992810,712.545784355,4.201954281,5.667459961
laser 005,quadratic_graph,2113.512816,1455.000000,0.029817367,4.198629241,-5.569044780,712.547257330,4.201507764,5.570527234
laser 005,quadratic_graph,2113.512870,1456.000000,0.025715490,4.198653437,-5.472110480,712.550571158,4.201715828,5.473623303
laser 005,quadratic_graph,2113.496822,1457.000000,0.026657519,4.197085984,-5.375136630,712.548764184,4.200104580,5.376637912
laser 005,quadratic_graph,2113.533269,1458.000000,0.011160881,4.200707648,-5.278286914,712.563646528,4.204424428,5.279913244
laser 005,quadratic_graph,2113.477632,1459.000000,0.024503769,4.195226855,-5.181220187,712.549249672,4.198340114,5.182731937
laser 005,quadratic_graph,2113.419339,1460.000000,0.038679167,4.189483769,-5.084151337,712.534007668,4.191955932,5.085541590
laser 005,quadratic_graph,2113.370715,1461.000000,0.049827494,4.184696608,-4.987108140,712.521838931,4.186664306,4.988402047
laser 005,quadratic_graph,2113.356403,1462.000000,0.050232337,4.183300898,-4.890143116,712.520577471,4.185249050,4.891429947
laser 005,quadratic_graph,2113.378996,1463.000000,0.039081769,4.185552851,-4.793257357,712.531047549,4.188003024,4.794633125
laser 005,quadratic_graph,2113.391216,1464.000000,0.031180605,4.186779590,-4.696346985,712.538218700,4.189585119,4.697784692
laser 005,quadratic_graph,2113.361530,1465.000000,0.036403876,4.183864309,-4.599348623,712.532065432,4.186432808,4.600739217
laser 005,quadratic_graph,2113.303859,1466.000000,0.050391739,4.178183153,-4.502295684,712.517014065,4.180119023,4.503566341
laser 005,quadratic_graph,2113.242109,1467.000000,0.065657572,4.172099121,-4.405238806,712.500665311,4.173344680,4.406378906
laser 005,quadratic_graph,2113.214596,1468.000000,0.070203775,4.169398910,-4.308252179,712.495199549,4.170438001,4.309350793
laser 005,quadratic_graph,2113.220768,1469.000000,0.064203646,4.170027766,-4.211330320,712.500440802,4.171336410,4.212475077
laser 005,quadratic_graph,2113.206576,1470.000000,0.064581323,4.168644083,-4.114369620,712.499207110,4.169934411,4.115507528
laser 005,quadratic_graph,2113.169295,1471.000000,0.072190014,4.164978609,-4.017367840,712.490632295,4.165924240,4.018438816
laser 005,quadratic_graph,2113.140850,1472.000000,0.077033150,4.162186436,-3.920383828,712.484865192,4.162912199,3.921410851
laser 005,quadratic_graph,2113.155935,1473.000000,0.068247528,4.163696108,-3.823475627,712.492934417,4.164817151,3.824571939
laser 005,quadratic_graph,2113.207747,1474.000000,0.047962496,4.168835512,-3.726626277,712.512678151,4.170870875,3.727887426
laser 005,quadratic_graph,2113.260640,1475.000000,0.027339146,4.174082056,-3.629773281,712.532765327,4.177047009,3.631202079
laser 005,quadratic_graph,2113.290370,1476.000000,0.013969982,4.177039485,-3.532878278,712.545487847,4.180606603,3.534414448
laser 005,quadratic_graph,2113.282255,1477.000000,0.012453787,4.176256429,-3.435921758,712.546176946,4.179890716,3.437466816
laser 005,quadratic_graph,2113.238353,1478.000000,0.022146181,4.171936319,-3.338911703,712.535486858,4.175131863,3.340372517
laser 005,quadratic_graph,2113.187527,1479.000000,0.034007853,4.166932043,-3.241894517,712.522594518,4.169590932,3.243253062
laser 005,quadratic_graph,2113.153637,1480.000000,0.040567031,4.163601706,-3.144904579,712.515085423,4.165963274,3.146204915
laser 005,quadratic_graph,2113.134027,1481.000000,0.042655735,4.161682695,-3.047936079,712.512114872,4.163948723,3.049215350
laser 005,quadratic_graph,2113.125067,1482.000000,0.041410771,4.160816214,-2.950982382,712.512528743,4.163137170,2.952268287
laser 005,quadratic_graph,2113.135581,1483.000000,0.034068903,4.161874310,-2.854053341,712.519132307,4.164525385,2.855396540
laser 005,quadratic_graph,2113.158164,1484.000000,0.022948721,4.164125220,-2.757137320,712.529571673,4.167276953,2.758569207
laser 005,quadratic_graph,2113.172960,1485.000000,0.014268156,4.165606597,-2.660209185,712.537534301,4.169148874,2.661709489
laser 005,quadratic_graph,2113.168007,1486.000000,0.011773503,4.165136159,-2.563256266,712.539216915,4.168789772,2.564773588
laser 005,quadratic_graph,2113.140283,1487.000000,0.016411246,4.162415237,-2.466277801,712.533658657,4.165858258,2.467752880
laser 005,quadratic_graph,2113.106966,1488.000000,0.022801712,4.159141622,-2.369294907,712.526321049,4.162294941,2.370713179
laser 005,quadratic_graph,2113.090777,1489.000000,0.023829667,4.157560786,-2.272331344,712.524427544,4.160666446,2.273737366
laser 005,quadratic_graph,2113.098208,1490.000000,0.017462146,4.158314269,-2.175391187,712.530042006,4.161706073,2.176846408
laser 005,quadratic_graph,2113.125587,1491.000000,0.004848749,4.161039243,-2.078467966,712.541997326,4.164999106,2.080024283
laser 005,quadratic_graph,2113.140711,1492.000000,-0.003925732,4.162553118,-1.981530626,712.550055348,4.166907766,1.983156140
laser 005,quadratic_graph,2113.123259,1493.000000,-0.002496902,4.160847444,-1.884563672,712.547754930,4.165136341,1.886173606
laser 005,quadratic_graph,2113.093469,1494.000000,0.002797159,4.157922427,-1.787587473,712.541530543,4.161971111,1.789149711
laser 005,quadratic_graph,2113.058220,1495.000000,0.009802008,4.154457974,-1.690608818,712.533569397,4.158189228,1.692109147
laser 005,quadratic_graph,2113.038346,1496.000000,0.011993159,4.152513046,-1.593643227,712.530495154,4.156144142,1.595121642
laser 005,quadratic_graph,2113.064899,1497.000000,-0.000353807,4.155156369,-1.496709430,712.542180020,4.159343500,1.498286727
laser 005,quadratic_graph,2113.133503,1498.000000,-0.025869797,4.161955829,-1.399798670,712.567234041,4.167293394,1.401584269
laser 005,quadratic_graph,2113.177136,1499.000000,-0.043564973,4.166287635,-1.302866548,712.584348358,4.172422633,1.304795465
laser 005,quadratic_graph,2113.146546,1500.000000,-0.038011888,4.163283423,-1.205889816,712.577861124,4.169166520,1.207768886
laser 005,quadratic_graph,2113.073764,1501.000000,-0.019243311,4.156109311,-1.108893953,712.557957635,4.161144012,1.110613371
laser 005,quadratic_graph,2112.986256,1502.000000,0.004137267,4.147480318,-1.011896831,712.533372141,4.151458457,1.013418278
laser 005,quadratic_graph,2112.891602,1503.000000,0.029755294,4.138145790,-0.914903455,712.506515284,4.140966377,0.916208339
laser 005,quadratic_graph,2112.796529,1504.000000,0.055503919,4.128770575,-0.817917204,712.479525929,4.130427716,0.819004441
laser 005,quadratic_graph,2112.716818,1505.000000,0.076442073,4.120913862,-0.720943201,712.457420196,4.121624683,0.721852761
laser 005,quadratic_graph,2112.679688,1506.000000,0.084048575,4.117264521,-0.623987016,712.448848668,4.117630761,0.624829669
laser 005,quadratic_graph,2112.709137,1507.000000,0.070810473,4.120193217,-0.527048750,712.461438349,4.121155719,0.527997692
laser 005,quadratic_graph,2112.764050,1508.000000,0.049599895,4.125638028,-0.430111893,712.482121561,4.127556639,0.431233364
laser 005,quadratic_graph,2112.791668,1509.000000,0.036936559,4.128386114,-0.333165323,712.494127717,4.130875045,0.334388306
laser 005,quadratic_graph,2112.789111,1510.000000,0.033723179,4.128152663,-0.236212281,712.496540424,4.130785381,0.237458258
laser 005,quadratic_graph,2112.786253,1511.000000,0.030605341,4.127889481,-0.139258525,712.498856152,4.130661674,0.140526702
laser 005,quadratic_graph,2112.802348,1512.000000,0.021553746,4.129499087,-0.042304445,712.507195731,4.132678581,0.043644125
laser 005,quadratic_graph,2112.833965,1513.000000,0.007642418,4.132642550,0.054652333,712.520468810,4.136448695,-0.053200772
laser 005,quadratic_graph,2112.863068,1514.000000,-0.005480797,4.135537713,0.151612594,712.532941801,4.139934938,-0.150055699
laser 005,quadratic_graph,2112.866301,1515.000000,-0.010501228,4.135876501,0.248573406,712.537189019,4.140499077,-0.246978502
laser 005,quadratic_graph,2112.847333,1516.000000,-0.008567595,4.134021417,0.345531979,712.534376646,4.138555468,-0.343956845
laser 005,quadratic_graph,2112.809757,1517.000000,-0.000805240,4.130327587,0.442486140,712.525647126,4.134510026,-0.440979206
laser 005,quadratic_graph,2112.757796,1518.000000,0.011462986,4.125212448,0.539434495,712.512343405,4.128839900,-0.538033198
laser 005,quadratic_graph,2112.699999,1519.000000,0.025559562,4.119520874,0.636377608,712.497183643,4.122510814,-0.635097140
laser 005,quadratic_graph,2112.641908,1520.000000,0.039748910,4.113800506,0.733316540,712.481929757,4.116148747,-0.732157672
laser 005,quadratic_graph,2112.593155,1521.000000,0.051015074,4.109002967,0.830254829,712.469643454,4.110841451,-0.829193271
laser 005,quadratic_graph,2112.552018,1522.000000,0.059897520,4.104958026,0.927192972,712.459777076,4.106394345,-0.926208919
laser 005,quadratic_graph,2112.507788,1523.000000,0.069749450,4.100607646,1.024127056,712.448926551,4.101598041,-1.023228563
laser 005,quadratic_graph,2112.574200,1524.000000,0.044959574,4.107188075,1.121113659,712.473243267,4.109296140,-1.120012896
laser 005,quadratic_graph,2112.546176,1525.000000,0.049740170,4.104438678,1.218055530,712.467541030,4.106329720,-1.216998190
laser 005,quadratic_graph,2112.628607,1526.000000,0.019935396,4.112602163,1.315060791,712.496948648,4.115837228,-1.313759515
laser 005,quadratic_graph,2112.688635,1527.000000,-0.002854621,4.118552686,1.412059974,712.519235094,4.122815157,-1.410573045
laser 005,quadratic_graph,2112.686039,1528.000000,-0.006032507,4.118315564,1.509023053,712.521612025,4.122720227,-1.507513422
laser 005,quadratic_graph,2112.650628,1529.000000,0.001067351,4.114836052,1.605963280,712.513555410,4.118919011,-1.604516342
laser 005,quadratic_graph,2112.620079,1530.000000,0.006645805,4.111837017,1.702905059,712.507043299,4.115666944,-1.701508173
laser 005,quadratic_graph,2112.609724,1531.000000,0.005901691,4.110833287,1.799861347,712.506949629,4.114695557,-1.798461980
laser 005,quadratic_graph,2112.623579,1532.000000,-0.002422659,4.112221639,1.896838169,712.514551104,4.116458393,-1.895373339
laser 005,quadratic_graph,2112.655221,1533.000000,-0.016316231,4.115367541,1.993832949,712.527806207,4.120230153,-1.992256384
laser 005,quadratic_graph,2112.684406,1534.000000,-0.029439508,4.118270791,2.090829093,712.540279329,4.123724494,-2.089147191
laser 005,quadratic_graph,2112.696409,1535.000000,-0.037180656,4.119476323,2.187811890,712.547288754,4.125278188,-2.186069372
laser 005,quadratic_graph,2112.682410,1536.000000,-0.036777005,4.118112523,2.284770109,712.546029974,4.123894928,-2.283034646
laser 005,quadratic_graph,2112.627921,1537.000000,-0.023691273,4.112747899,2.381684962,712.531896990,4.117938425,-2.380061925
laser 005,quadratic_graph,2112.537825,1538.000000,0.000545958,4.103865423,2.478556602,712.506443620,4.107960738,-2.477138644
laser 005,quadratic_graph,2112.461899,1539.000000,0.020345648,4.096383510,2.575437665,712.485495091,4.099583906,-2.574187916
laser 005,quadratic_graph,2112.498413,1540.000000,0.004936535,4.100010425,2.672447266,712.500288746,4.103905087,-2.671073189
laser 005,quadratic_graph,2112.471421,1541.000000,0.009415347,4.097363132,2.769382404,712.494893238,4.101054399,-2.768049240
laser 005,quadratic_graph,2112.448049,1542.000000,0.012761820,4.095073529,2.866320758,712.490647249,4.098612512,-2.865019098
laser 005,quadratic_graph,2112.453157,1543.000000,0.007191221,4.095597645,2.963295693,712.495453396,4.099386824,-2.961951449
laser 005,quadratic_graph,2112.501787,1544.000000,-0.012007415,4.100421712,3.060331466,712.514093949,4.105076203,-3.058831408
laser 005,quadratic_graph,2112.487962,1545.000000,-0.011646567,4.099075308,3.157284311,712.512878839,4.103712274,-3.155790950
laser 005,quadratic_graph,2112.525268,1546.000000,-0.027297098,4.102780750,3.254311181,712.527917540,4.108122881,-3.252691486
laser 005,quadratic_graph,2112.532554,1547.000000,-0.033545125,4.103520195,3.351297274,712.533411378,4.109143100,-3.349629366
laser 005,quadratic_graph,2112.505567,1548.000000,-0.029058244,4.100873331,3.448232139,712.528007814,4.106292480,-3.446605210
laser 005,quadratic_graph,2112.460832,1549.000000,-0.019011971,4.096473008,3.545137490,712.516960742,4.101437474,-3.543597730
laser 005,quadratic_graph,2112.503199,1550.000000,-0.036242524,4.100678515,3.642181546,712.533603377,4.106419463,-3.640502324
laser 005,quadratic_graph,2112.516252,1551.000000,-0.044291599,4.101987809,3.739181244,712.540925560,4.108090825,-3.737438844
laser 005,quadratic_graph,2112.543107,1552.000000,-0.056662289,4.104660888,3.836206634,712.552634759,4.111321033,-3.834365150
laser 005,quadratic_graph,2112.544617,1553.000000,-0.061093836,4.104829728,3.933190752,712.556284674,4.111688660,-3.931316147
laser 005,quadratic_graph,2112.508891,1554.000000,-0.053861734,4.101319370,4.030108907,712.548094475,4.107850641,-4.028298088
laser 005,quadratic_graph,2112.440782,1555.000000,-0.036486602,4.094609594,4.126965210,712.529607831,4.100355389,-4.125302452
laser 005,quadratic_graph,2112.369562,1556.000000,-0.018136800,4.087592825,4.223810673,712.510131834,4.092509151,-4.222304074
laser 005,quadratic_graph,2112.344009,1557.000000,-0.014087505,4.085087943,4.320738996,712.505172727,4.089820268,-4.319269738
laser 005,quadratic_graph,2112.359621,1558.000000,-0.022928289,4.086649928,4.417747225,712.513298698,4.091780058,-4.416208210
laser 005,quadratic_graph,2112.383128,1559.000000,-0.034240490,4.088991965,4.514773638,712.523933463,4.094631451,-4.513144333
laser 005,quadratic_graph,2112.390438,1560.000000,-0.040479059,4.089733832,4.611769652,712.529417862,4.095653671,-4.610092211
laser 005,quadratic_graph,2112.404710,1561.000000,-0.048896834,4.091163570,4.708781855,712.537114425,4.097462123,-4.707038172
laser 005,quadratic_graph,2112.425324,1562.000000,-0.059299777,4.093219957,4.805809821,712.546826173,4.099986826,-4.803983401
laser 005,quadratic_graph,2112.430850,1563.000000,-0.064976055,4.093785654,4.902807459,712.551739787,4.100807498,-4.900937575
laser 005,quadratic_graph,2112.420176,1564.000000,-0.065577177,4.092750750,4.999770327,712.551501525,4.099798496,-4.997899146
laser 005,quadratic_graph,2112.403362,1565.000000,-0.064253932,4.091109211,5.096719215,712.549309823,4.098096003,-5.094862725
laser 005,quadratic_graph,2112.370539,1566.000000,-0.057915408,4.087886000,5.193630440,712.542027057,4.094585468,-5.191830310
laser 005,quadratic_graph,2112.309189,1567.000000,-0.042641465,4.081844512,5.290472356,712.525673852,4.087853348,-5.288802825
laser 005,quadratic_graph,2112.241154,1568.000000,-0.025273390,4.075142903,5.387293803,712.507194923,4.080366588,-5.385772271
laser 005,quadratic_graph,2112.204465,1569.000000,-0.017721044,4.071538168,5.484187038,712.498680122,4.076419744,-5.482731950
laser 005,quadratic_graph,2112.200294,1570.000000,-0.020350787,4.071145824,5.581159044,712.500501311,4.076144869,-5.579685802
laser 005,quadratic_graph,2112.203493,1571.000000,-0.025287254,4.071481551,5.678150290,712.504664091,4.076702181,-5.676639729
laser 005,quadratic_graph,2112.215679,1572.000000,-0.033036927,4.072705105,5.775165903,712.511682590,4.078274299,-5.773594650
laser 005,quadratic_graph,2112.236839,1573.000000,-0.043595908,4.074815246,5.872207017,712.521552839,4.080859803,-5.870551731
laser 005,quadratic_graph,2112.245600,1574.000000,-0.050270660,4.075700524,5.969217838,712.527480180,4.082045128,-5.967510789
laser 005,quadratic_graph,2112.232009,1575.000000,-0.049943842,4.074377617,6.066169795,712.526300195,4.080706244,-6.064469157
laser 005,quadratic_graph,2112.207962,1576.000000,-0.046341082,4.072021772,6.163092721,712.521794811,4.078186562,-6.161425711
laser 005,quadratic_graph,2112.181274,1577.000000,-0.041909961,4.069405069,6.260007102,712.516448585,4.075368632,-6.258380603
laser 005,quadratic_graph,2112.146688,1578.000000,-0.035004173,4.066008205,6.356897675,712.508590352,4.071658846,-6.355332246
laser 005,quadratic_graph,2112.110975,1579.000000,-0.027744296,4.062500099,6.453782926,712.500372720,4.067821836,-6.452281510
laser 005,quadratic_graph,2112.096640,1580.000000,-0.027178008,4.061103828,6.550728526,712.498949780,4.066398783,-6.549235509
laser 005,quadratic_graph,2112.112269,1581.000000,-0.035994116,4.062667496,6.647762733,712.507050913,4.068359152,-6.646200162
laser 005,quadratic_graph,2112.138097,1582.000000,-0.048003222,4.065238734,6.744829925,712.518393245,4.071471210,-6.743171270
laser 005,quadratic_graph,2112.154954,1583.000000,-0.057201776,4.066923831,6.841872868,712.526882591,4.073570271,-6.840141483
laser 005,quadratic_graph,2112.146055,1584.000000,-0.058332668,4.066064561,6.938838398,712.527182499,4.072760824,-6.937101310
laser 005,quadratic_graph,2112.113767,1585.000000,-0.052137156,4.062894773,7.035730605,712.520045442,4.069310176,-7.034048685
laser 005,quadratic_graph,2112.073499,1586.000000,-0.043441321,4.058936770,7.132595524,712.510370364,4.064958459,-7.130989545
laser 005,quadratic_graph,2112.037578,1587.000000,-0.036105751,4.055408282,7.229471907,712.502076120,4.061097654,-7.227930568
laser 005,quadratic_graph,2112.031737,1588.000000,-0.038189044,4.054851152,7.326444486,712.503342901,4.060633337,-7.324889532
laser 005,quadratic_graph,2109.914951,1795.000000,-0.157039444,3.850127265,27.397507590,712.448862853,3.861030718,-27.395726271
laser 005,quadratic_graph,2109.789917,1796.000000,-0.121523189,3.837809725,27.493063508,712.411975564,3.847109001,-27.491580894
laser 005,quadratic_graph,2109.591612,1797.000000,-0.063067137,3.818264101,27.587707539,712.351808176,3.824923798,-27.586714198
laser 005,quadratic_graph,2109.511872,1798.000000,-0.041738390,3.810418324,27.683800417,712.329319146,3.816114206,-27.682987920
laser 005,quadratic_graph,2109.552795,1799.000000,-0.058187019,3.814477051,27.781383272,712.345168058,3.820914224,-27.780437789
laser 005,quadratic_graph,2109.529609,1800.000000,-0.054562320,3.812210884,27.878172992,712.340645821,3.818483325,-27.877261281
laser 005,quadratic_graph,2109.516213,1801.000000,-0.054001533,3.810910612,27.975083843,712.339232977,3.817156614,-27.974180449
laser 005,quadratic_graph,2109.507388,1802.000000,-0.054870592,3.810061320,28.072051711,712.339271208,3.816345419,-28.071144756
laser 005,quadratic_graph,2109.429480,1803.000000,-0.034109513,3.802396700,28.168151316,712.317358499,3.807742609,-28.167420488
laser 005,quadratic_graph,2109.390665,1804.000000,-0.025586923,3.798588947,28.264738220,712.307865856,3.803549058,-28.264081850
laser 005,quadratic_graph,2109.419656,1805.000000,-0.038291192,3.801470256,28.362180869,712.319914897,3.807002655,-28.361422619
laser 005,quadratic_graph,2109.490501,1806.000000,-0.064098830,3.808480837,28.460158531,712.345261600,3.815176952,-28.459189548
laser 005,quadratic_graph,2109.487587,1807.000000,-0.066812105,3.808214761,28.557203270,712.347171470,3.815032217,-28.556215406
laser 005,quadratic_graph,2109.514430,1808.000000,-0.078841249,3.810884516,28.654629196,712.358535341,3.818243789,-28.653545060
laser 005,quadratic_graph,2109.497406,1809.000000,-0.077133980,3.809226366,28.751495497,712.355959149,3.816507456,-28.750429202
laser 005,quadratic_graph,2109.460455,1810.000000,-0.069186158,3.805602276,28.848104693,712.347049920,3.812523512,-28.847108080
laser 005,quadratic_graph,2109.462801,1811.000000,-0.073541160,3.805855178,28.945219222,712.350625911,3.812971856,-28.944190089
laser 005,quadratic_graph,2109.402375,1812.000000,-0.058240909,3.799915269,29.041521310,712.334255341,3.806340238,-29.040622936
laser 005,quadratic_graph,2109.369778,1813.000000,-0.051652822,3.796720954,29.138180971,712.326726107,3.802847443,-29.137340983
laser 005,quadratic_graph,2109.384739,1814.000000,-0.059953347,3.798218330,29.235459192,712.334306152,3.804718346,-29.234553907
laser 005,quadratic_graph,2109.431306,1815.000000,-0.078148713,3.802833863,29.333153363,712.351927658,3.810154015,-29.332100582
laser 005,quadratic_graph,2109.471460,1816.000000,-0.094335592,3.806816928,29.430768280,712.367510893,3.814866563,-29.429584688
laser 005,quadratic_graph,2109.461099,1817.000000,-0.094704123,3.805816232,29.527721924,712.367041407,3.813881379,-29.526538927
laser 005,quadratic_graph,2109.420492,1818.000000,-0.085600774,3.801831512,29.624275707,712.356959742,3.809484654,-29.623171990
laser 005,quadratic_graph,2109.401979,1819.000000,-0.083414198,3.800026604,29.721119947,712.353897349,3.807579933,-29.720038050
laser 005,quadratic_graph,2109.393409,1820.000000,-0.084339595,3.799202654,29.818095809,712.353993046,3.806796631,-29.817009881
laser 005,quadratic_graph,2109.357615,1821.000000,-0.076739613,3.795692943,29.914708395,712.345437117,3.802942772,-29.913689258
laser 005,quadratic_graph,2109.323799,1822.000000,-0.069757816,3.792378455,30.011345296,712.337508563,3.799312037,-30.010387813
laser 005,quadratic_graph,2109.311491,1823.000000,-0.069508911,3.791185797,30.108269172,712.336412641,3.798107027,-30.107317412
laser 005,quadratic_graph,2109.323464,1824.000000,-0.076861093,3.792388492,30.205520192,712.343030375,3.799640448,-30.204511012
laser 005,quadratic_graph,2109.348797,1825.000000,-0.088395273,3.794909238,30.302953836,712.353892026,3.802680678,-30.301852495
laser 005,quadratic_graph,2109.365860,1826.000000,-0.097338967,3.796614185,30.400278399,712.362124832,3.804788187,-30.399106417
laser 005,quadratic_graph,2109.362625,1827.000000,-0.099925732,3.796316636,30.497329093,712.363906603,3.804606276,-30.496139277
laser 005,quadratic_graph,2109.317079,1828.000000,-0.089262833,3.791844909,30.593802730,712.352242597,3.799652156,-30.592705147
laser 005,quadratic_graph,2109.222172,1829.000000,-0.063144222,3.782504002,30.689597320,712.324894163,3.789131256,-30.688720363
laser 005,quadratic_graph,2109.136594,1830.000000,-0.039946894,3.774084004,30.785512856,712.300510329,3.779663117,-30.784832257
laser 005,quadratic_graph,2109.101472,1831.000000,-0.032545336,3.770641222,30.882117271,712.292156095,3.775885148,-30.881501812
laser 005,quadratic_graph,2109.097270,1832.000000,-0.034822437,3.770248299,30.979146999,712.293623778,3.775593888,-30.978516277
laser 005,quadratic_graph,2109.096575,1833.000000,-0.038196162,3.770201302,31.076225907,712.296204324,3.775698052,-31.075570813
laser 005,quadratic_graph,2109.093649,1834.000000,-0.040870147,3.769934259,31.173274632,712.298074788,3.775550587,-31.172600978
laser 005,quadratic_graph,2109.099054,1835.000000,-0.046151034,3.770488970,31.270440266,712.302590734,3.776342539,-31.269726397
laser 005,quadratic_graph,2109.121668,1836.000000,-0.056818450,3.772741176,31.367848167,712.312572896,3.779075112,-31.367049336
laser 005,quadratic_graph,2109.142212,1837.000000,-0.066836753,3.774789272,31.465229882,712.321896339,3.781574277,-31.464351482
laser 005,quadratic_graph,2109.134009,1838.000000,-0.067853494,3.774001749,31.562209399,712.322085078,3.780831534,-31.561326206
laser 005,quadratic_graph,2109.090104,1839.000000,-0.057691150,3.769692600,31.658684728,712.310929420,3.776062590,-31.657889607
laser 005,quadratic_graph,2109.019580,1840.000000,-0.039194269,3.762758063,31.754779987,712.291316018,3.768292075,-31.754142175
laser 005,quadratic_graph,2108.958745,1841.000000,-0.023730220,3.756779509,31.851007808,712.274780356,3.761614432,-31.850502109
laser 005,quadratic_graph,2108.934627,1842.000000,-0.019759502,3.754422425,31.947754728,712.269908018,3.759077017,-31.947285666
laser 005,quadratic_graph,2108.948940,1843.000000,-0.027818259,3.755855677,32.045049999,712.277243030,3.760872895,-32.044517645
laser 005,quadratic_graph,2108.981337,1844.000000,-0.041537279,3.759072600,32.142606803,712.290321984,3.764707924,-32.141964136
laser 005,quadratic_graph,2108.985212,1845.000000,-0.046326043,3.759476447,32.239757006,712.294338660,3.765326805,-32.239078211
laser 005,quadratic_graph,2108.952996,1846.000000,-0.039814655,3.756320620,32.336387677,712.286888167,3.761875975,-32.335766624
laser 005,quadratic_graph,2108.921802,1847.000000,-0.033622040,3.753265664,32.433031267,712.279761192,3.758540403,-32.432465308
laser 005,quadratic_graph,2108.924050,1848.000000,-0.037897421,3.753509038,32.530158506,712.283256949,3.758975641,-32.529560682
laser 005,quadratic_graph,2108.965613,1849.000000,-0.054479809,3.757630072,32.627859256,712.299241585,3.763844022,-32.627127333
laser 005,quadratic_graph,2108.985822,1850.000000,-0.064376004,3.759645056,32.725252702,712.308441213,3.766304569,-32.724442222
laser 005,quadratic_graph,2108.970345,1851.000000,-0.063098385,3.758140224,32.822126133,712.306301930,3.764740964,-32.821329918
laser 005,quadratic_graph,2108.947669,1852.000000,-0.059565621,3.755925359,32.918893384,712.301874207,3.762365540,-32.918130167
laser 005,quadratic_graph,2108.934265,1853.000000,-0.058934421,3.754625033,33.015796188,712.300390939,3.761035619,-33.015041865
laser 005,quadratic_graph,2108.918299,1854.000000,-0.057499820,3.753072033,33.112660886,712.298092425,3.759416762,-33.111922131
laser 005,quadratic_graph,2108.889075,1855.000000,-0.051913234,3.750211435,33.209328641,712.291580621,3.756302906,-33.208639944
laser 005,quadratic_graph,2108.874213,1856.000000,-0.050821688,3.748767372,33.306208232,712.289630278,3.754808471,-33.305532253
laser 005,quadratic_graph,2108.889857,1857.000000,-0.059279359,3.750332060,33.403542157,712.297370193,3.756753797,-33.402799570
laser 005,quadratic_graph,2108.907391,1858.000000,-0.068327624,3.752083210,33.500906607,712.305709424,3.758912241,-33.500092506
laser 005,quadratic_graph,2108.885429,1859.000000,-0.065009226,3.749938875,33.597681340,712.301499390,3.756617025,-33.596898455
laser 005,quadratic_graph,2108.820078,1860.000000,-0.048105802,3.743515286,33.693802718,712.283503785,3.749429388,-33.693163899
laser 005,quadratic_graph,2108.750524,1861.000000,-0.029886181,3.736677529,33.789856022,712.264172610,3.741768177,-33.789372203
laser 005,quadratic_graph,2108.712618,1862.000000,-0.021573156,3.732961090,33.886382789,712.254894335,3.737675424,-33.885971675
laser 005,quadratic_graph,2108.715452,1863.000000,-0.026012167,3.733262316,33.983524956,712.258556362,3.738175905,-33.983080616
laser 005,quadratic_graph,2108.745049,1864.000000,-0.038828064,3.736202878,34.081075273,712.270718921,3.741693819,-34.080528121
laser 005,quadratic_graph,2108.774820,1865.000000,-0.051697552,3.739160718,34.178631733,712.282935852,3.745231429,-34.177981324
laser 005,quadratic_graph,2108.792211,1866.000000,-0.060690314,3.740897697,34.276002347,712.291218835,3.747373201,-34.275280884
laser 005,quadratic_graph,2108.796537,1867.000000,-0.065591616,3.741346183,34.373174987,712.295349983,3.748041809,-34.372416458
laser 005,quadratic_graph,2108.771548,1868.000000,-0.061313858,3.738903496,34.469898001,712.290166646,3.745404944,-34.469178655
laser 005,quadratic_graph,2108.725514,1869.000000,-0.050446419,3.734385373,34.566295160,712.278296434,3.740395215,-34.565669738
laser 005,quadratic_graph,2108.688090,1870.000000,-0.042273417,3.730716498,34.662822435,712.269160454,3.736356349,-34.662268554
laser 005,quadratic_graph,2108.669820,1871.000000,-0.040095456,3.728936600,34.759644471,712.266107986,3.734477050,-34.759112330
laser 005,quadratic_graph,2108.670959,1872.000000,-0.043992229,3.729070762,34.856767713,712.269219880,3.734785997,-34.856206849
laser 005,quadratic_graph,2108.685036,1873.000000,-0.051938088,3.730480855,34.954093757,712.276440589,3.736553633,-34.953470536
laser 005,quadratic_graph,2108.696526,1874.000000,-0.059072891,3.731635861,35.051381473,712.282838280,3.738029574,-35.050702631
laser 005,quadratic_graph,2108.672909,1875.000000,-0.055215637,3.729328656,35.148120480,712.278081823,3.735547174,-35.147477327
laser 005,quadratic_graph,2108.616063,1876.000000,-0.040954635,3.723744606,35.244335777,712.262768241,3.729318351,-35.243814736
laser 005,quadratic_graph,2108.563268,1877.000000,-0.027961051,3.718560267,35.340610975,712.248740817,3.723546445,-35.340201517
laser 005,quadratic_graph,2108.524425,1878.000000,-0.019334041,3.714751886,35.437103146,712.239144393,3.719347585,-35.436768999
laser 005,quadratic_graph,2108.507954,1879.000000,-0.017708959,3.713149598,35.533947582,712.236653156,3.717670853,-35.533630580
laser 005,quadratic_graph,2108.521626,1880.000000,-0.025518267,3.714519609,35.631270725,712.243735398,3.719392246,-35.630892499
laser 005,quadratic_graph,2108.548751,1881.000000,-0.037537786,3.717216255,35.728810437,712.255089908,3.722630306,-35.728336013
laser 005,quadratic_graph,2108.588392,1882.000000,-0.053474589,3.721147251,35.826553505,712.270419426,3.727279524,-35.825950342
laser 005,quadratic_graph,2108.622459,1883.000000,-0.067665694,3.724528739,35.924211592,712.283977501,3.731300441,-35.923494192
laser 005,quadratic_graph,2108.634928,1884.000000,-0.075094125,3.725780377,36.021526398,712.290673234,3.732886272,-36.020750936
laser 005,quadratic_graph,2108.642369,1885.000000,-0.080947206,3.726536188,36.118762159,712.295770407,3.733905173,-36.117941723
laser 005,quadratic_graph,2108.662877,1886.000000,-0.090890179,3.728580717,36.216210649,712.305017735,3.736397391,-36.215311264
laser 005,quadratic_graph,2108.670371,1887.000000,-0.096757462,3.729341819,36.313450949,712.310129324,3.737422224,-36.312506471
laser 005,quadratic_graph,2108.641583,1888.000000,-0.091263840,3.726524699,36.410103312,712.303712655,3.734356057,-36.409208114
laser 005,quadratic_graph,2108.590343,1889.000000,-0.078739721,3.721493456,36.506388351,712.290161965,3.728758441,-36.505600834
laser 005,quadratic_graph,2108.530987,1890.000000,-0.063673933,3.715662065,36.602537334,712.274032219,3.722245958,-36.601878611
laser 005,quadratic_graph,2108.525571,1891.000000,-0.065493851,3.715149983,36.699565418,712.275036917,3.721814930,-36.698895223
laser 005,quadratic_graph,2108.469173,1892.000000,-0.051352075,3.709610552,36.795756878,712.259844880,3.715636114,-36.795207800
laser 005,quadratic_graph,2108.435191,1893.000000,-0.044226754,3.706281684,36.892313392,712.251772668,3.711984552,-36.891827147
laser 005,quadratic_graph,2108.424066,1894.000000,-0.044255492,3.705206694,36.989245123,712.250959885,3.710909772,-36.988762284
laser 005,quadratic_graph,2108.451861,1895.000000,-0.056466836,3.707969478,37.086820850,712.262509089,3.714222633,-37.086240218
laser 005,quadratic_graph,2108.512381,1896.000000,-0.078922484,3.713959462,37.184942894,712.284453397,3.721225075,-37.184179371
laser 005,quadratic_graph,2108.514026,1897.000000,-0.082945238,3.714143754,37.282091679,712.287693440,3.721589848,-37.281298385
laser 005,quadratic_graph,2108.512214,1898.000000,-0.085884399,3.713987148,37.379183855,712.289833951,3.721564816,-37.378369789
laser 005,quadratic_graph,2108.494443,1899.000000,-0.083825826,3.712256765,37.476009904,712.286903182,3.719740433,-37.475216582
laser 005,quadratic_graph,2108.495524,1900.000000,-0.087668113,3.712385467,37.573151393,712.289960139,3.720041472,-37.572329798
laser 005,quadratic_graph,2108.505714,1901.000000,-0.094361015,3.713412468,37.670447001,712.295909668,3.721369476,-37.669573453
laser 005,quadratic_graph,2108.528719,1902.000000,-0.105065008,3.715703285,37.767960376,712.305929313,3.724142337,-37.767001556
laser 005,quadratic_graph,2108.493145,1903.000000,-0.097427130,3.712217235,37.864486881,712.297337214,3.720310463,-37.863595149
laser 005,quadratic_graph,2108.461667,1904.000000,-0.091070512,3.709135194,37.961080606,712.290045260,3.716940430,-37.960245321
laser 005,quadratic_graph,2108.435299,1905.000000,-0.086312539,3.706557127,38.057759300,712.284375504,3.714146525,-38.056967181
laser 005,quadratic_graph,2108.423570,1906.000000,-0.086136438,3.705422661,38.154685855,712.283355047,3.713003028,-38.153898841
laser 005,quadratic_graph,2108.421711,1907.000000,-0.089049106,3.705261495,38.251780768,712.285468809,3.712972244,-38.250973202
laser 005,quadratic_graph,2108.397291,1908.000000,-0.084897131,3.702875592,38.348490367,712.280414038,3.710397857,-38.347720933
laser 005,quadratic_graph,2108.345597,1909.000000,-0.072205317,3.697800338,38.444730891,712.266693871,3.704748671,-38.444070527
laser 005,quadratic_graph,2108.287584,1910.000000,-0.057534514,3.692102225,38.540859210,712.250965662,3.698387303,-38.540324354
laser 005,quadratic_graph,2108.255018,1911.000000,-0.050828981,3.688913366,38.637422146,712.243319896,3.694894706,-38.636946633
laser 005,quadratic_graph,2108.262965,1912.000000,-0.056804594,3.689719068,38.734683360,712.248541756,3.695969039,-38.734161851
laser 005,quadratic_graph,2108.302405,1913.000000,-0.072638108,3.693630066,38.832491851,712.263766446,3.700593610,-38.831842459
laser 005,quadratic_graph,2108.349459,1914.000000,-0.090854738,3.698292048,38.930436960,712.281409265,3.706076728,-38.929639889
laser 005,quadratic_graph,2108.369819,1915.000000,-0.100713332,3.700321949,39.027922211,712.290571170,3.708550521,-39.027046889
laser 005,quadratic_graph,2108.354648,1916.000000,-0.099446496,3.698848174,39.124789826,712.288444121,3.707018488,-39.123928669
laser 005,quadratic_graph,2108.322995,1917.000000,-0.093018170,3.695749165,39.221368580,712.281079747,3.703628256,-39.220564461
laser 005,quadratic_graph,2108.292146,1918.000000,-0.086840380,3.692729506,39.317959613,712.273969626,3.700328680,-39.317210452
laser 005,quadratic_graph,2108.266797,1919.000000,-0.082383276,3.690252228,39.414645618,712.268605508,3.697649152,-39.413937122
laser 005,quadratic_graph,2108.252177,1920.000000,-0.081283808,3.688832893,39.511519494,712.266648389,3.696179115,-39.510823771
laser 005,quadratic_graph,2108.244143,1921.000000,-0.082244892,3.688062966,39.608509407,712.266782117,3.695451490,-39.607809341
laser 005,quadratic_graph,2108.229941,1922.000000,-0.081273674,3.686684876,39.705390254,712.264955173,3.694028487,-39.704701896
laser 005,quadratic_graph,2108.235404,1923.000000,-0.086457619,3.687245796,39.802620028,712.269373829,3.694822311,-39.801892248
laser 005,quadratic_graph,2108.255332,1924.000000,-0.096168959,3.689233038,39.900108714,712.278386387,3.697246802,-39.899303905
laser 005,quadratic_graph,2108.262214,1925.000000,-0.101794733,3.689933932,39.997367204,712.283253369,3.698200543,-39.996519304
laser 005,quadratic_graph,2108.240295,1926.000000,-0.098402172,3.687794921,40.094111929,712.278969580,3.695907333,-40.093295849
laser 005,quadratic_graph,2108.199898,1927.000000,-0.089223383,3.683833983,40.190524293,712.268814619,3.691531032,-40.189788098
laser 005,quadratic_graph,2108.173812,1928.000000,-0.084523806,3.681284205,40.287191337,712.263204682,3.688768063,-40.286497819
laser 005,quadratic_graph,2108.163264,1929.000000,-0.084687377,3.680266487,40.384137018,712.262529326,3.687756655,-40.383445780
laser 005,quadratic_graph,2108.155139,1930.000000,-0.085608198,3.679487685,40.481126456,712.262622355,3.687018342,-40.480431209
laser 005,quadratic_graph,2108.142209,1931.000000,-0.085023430,3.678235132,40.578029097,712.261187711,3.685738321,-40.577342346
laser 005,quadratic_graph,2108.129831,1932.000000,-0.084610170,3.677037018,40.674941542,712.259927111,3.684520483,-40.674261862
laser 005,quadratic_graph,2108.127213,1933.000000,-0.087251115,3.676801223,40.772031378,712.261765566,3.684402817,-40.771333400
laser 005,quadratic_graph,2108.135444,1934.000000,-0.093287257,3.677635128,40.869319734,712.267049059,3.685508094,-40.868575254
laser 005,quadratic_graph,2108.145136,1935.000000,-0.099779580,3.678613112,40.966636417,712.272795433,3.686778041,-40.965841646
laser 005,quadratic_graph,2108.141816,1936.000000,-0.102196903,3.678308136,41.063716429,712.274407013,3.686581102,-41.062905216
laser 005,quadratic_graph,2108.126073,1937.000000,-0.100723561,3.676778269,41.160568896,712.272070853,3.684983665,-41.159773559
laser 005,quadratic_graph,2108.101323,1938.000000,-0.096429071,3.674360352,41.257255094,712.266872176,3.682370845,-41.256499068
laser 005,quadratic_graph,2108.070185,1939.000000,-0.090133465,3.671312652,41.353822187,712.259643056,3.679037920,-41.353122093
laser 005,quadratic_graph,2108.034583,1940.000000,-0.082439182,3.667824903,41.450304936,712.250994775,3.675201818,-41.449672394
laser 005,quadratic_graph,2107.991174,1941.000000,-0.072299793,3.663567558,41.546640799,712.239865559,3.670485760,-41.546096117
laser 005,quadratic_graph,2107.944084,1942.000000,-0.061007114,3.658947458,41.642905435,712.227566180,3.665354892,-41.642458193
laser 005,quadratic_graph,2107.925076,1943.000000,-0.058504101,3.657095924,41.739689894,712.224185420,3.663389316,-41.739267081
laser 005,quadratic_graph,2107.939488,1944.000000,-0.066461552,3.658539105,41.837097451,712.231418549,3.665190593,-41.836612175
laser 005,quadratic_graph,2107.955641,1945.000000,-0.074962872,3.660153971,41.934539741,712.239203520,3.667188103,-41.933987485
laser 005,quadratic_graph,2107.972136,1946.000000,-0.083570128,3.661802605,42.031990756,712.247095981,3.669224162,-42.031370640
laser 005,quadratic_graph,2107.989545,1947.000000,-0.092462401,3.663541402,42.129461293,712.255277635,3.671363251,-42.128770949
laser 005,quadratic_graph,2107.992303,1948.000000,-0.096766775,3.663835770,42.226658205,712.258804130,3.671850832,-42.225935743
laser 005,quadratic_graph,2107.962032,1949.000000,-0.090729599,3.660873772,42.323232523,712.251837489,3.668615279,-42.322563846
laser 005,quadratic_graph,2107.909835,1950.000000,-0.077827224,3.655750221,42.419390141,712.237905055,3.662908310,-42.418832273
laser 005,quadratic_graph,2107.852911,1951.000000,-0.063444312,3.650160878,42.515454509,712.222470435,3.656668725,-42.515019749
laser 005,quadratic_graph,2107.817389,1952.000000,-0.055760123,3.646681543,42.611921786,712.213832762,3.652841497,-42.611554490
laser 005,quadratic_graph,2107.825948,1953.000000,-0.061873450,3.647547716,42.709226876,712.219194830,3.653982535,-42.708812435
laser 005,quadratic_graph,2107.863530,1954.000000,-0.077071036,3.651275076,42.807087936,712.233774271,3.658394781,-42.806550891
laser 005,quadratic_graph,2107.903825,1955.000000,-0.093117255,3.655270075,42.905005122,712.249214761,3.663112970,-42.904338424
laser 005,quadratic_graph,2107.917099,1956.000000,-0.100703334,3.656601250,43.002408270,712.256071148,3.664785484,-43.001682194
laser 005,quadratic_graph,2107.904219,1957.000000,-0.100100198,3.655353945,43.099310516,712.254618354,3.663509895,-43.098593084
laser 005,quadratic_graph,2107.900489,1958.000000,-0.102360322,3.655008740,43.196388905,712.256070782,3.663265640,-43.195656334
laser 005,quadratic_graph,2107.907233,1959.000000,-0.107898257,3.655696170,43.293670203,712.260849045,3.664201966,-43.292895266
laser 005,quadratic_graph,2107.909865,1960.000000,-0.112147583,3.655978217,43.390873379,712.264319831,3.664674748,-43.390066780
laser 005,quadratic_graph,2107.891297,1961.000000,-0.109758416,3.654170164,43.487666319,712.261054915,3.662757799,-43.486883199
laser 005,quadratic_graph,2107.847598,1962.000000,-0.099500259,3.649884541,43.583969837,712.249805805,3.658008111,-43.583275561
laser 005,quadratic_graph,2107.789043,1963.000000,-0.084590405,3.644134523,43.679980966,712.233836930,3.651584072,-43.679414172
laser 005,quadratic_graph,2107.725419,1964.000000,-0.068093125,3.637885080,43.775888968,712.216257443,3.644588959,-43.775462841
laser 005,quadratic_graph,2107.671668,1965.000000,-0.054685816,3.632609143,43.871985670,712.201813220,3.638706821,-43.871674544
laser 005,quadratic_graph,2107.639769,1966.000000,-0.048117732,3.629487346,43.968507318,712.194308389,3.635287513,-43.968254383
laser 005,quadratic_graph,2107.613930,1967.000000,-0.043445332,3.626962939,44.065146254,712.188727025,3.632551159,-44.064935763
laser 005,quadratic_graph,2107.596615,1968.000000,-0.041439793,3.625278760,44.161951806,712.185851583,3.630775402,-44.161761607
laser 005,quadratic_graph,2107.617583,1969.000000,-0.051416069,3.627368059,44.259512705,712.195133336,3.633313928,-44.259243271
laser 005,quadratic_graph,2107.678982,1970.000000,-0.074047522,3.633442840,44.357876490,712.217255454,3.640409132,-44.357422702
laser 005,quadratic_graph,2107.733739,1971.000000,-0.094599715,3.638863250,44.456114826,712.237267852,3.646756118,-44.455493955
laser 005,quadratic_graph,2107.747803,1972.000000,-0.102412048,3.640272320,44.553549919,712.244353958,3.648516744,-44.552867789
laser 005,quadratic_graph,2107.723214,1973.000000,-0.098122376,3.637870944,44.650217081,712.239161002,3.645920698,-44.649574215
laser 005,quadratic_graph,2107.677478,1974.000000,-0.087211367,3.633384990,44.746460825,712.227249873,3.640941217,-44.745912222
laser 005,quadratic_graph,2107.624124,1975.000000,-0.073914697,3.628148262,44.842549122,712.212918230,3.635103286,-44.842114599
laser 005,quadratic_graph,2107.587629,1976.000000,-0.065894563,3.624573521,44.938971756,712.203940353,3.631165500,-44.938607483
laser 005,quadratic_graph,2107.590816,1977.000000,-0.070294848,3.624910279,45.036189476,712.207564587,3.631699813,-45.035792284
laser 005,quadratic_graph,2107.616734,1978.000000,-0.081809548,3.627487697,45.133866107,712.218407289,3.634795899,-45.133376901
laser 005,quadratic_graph,2107.627116,1979.000000,-0.088459745,3.628533745,45.231232371,712.224314346,3.636141054,-45.230691558
laser 005,quadratic_graph,2107.617072,1980.000000,-0.088714386,3.627566330,45.328187341,712.223732332,3.635184081,-45.327648043
laser 005,quadratic_graph,2107.589747,1981.000000,-0.083557999,3.624895488,45.424792105,712.217660195,3.632279452,-45.424299269
laser 005,quadratic_graph,2107.535125,1982.000000,-0.069855523,3.619534058,45.520841019,712.202917058,3.626298505,-45.520465633
laser 005,quadratic_graph,2107.474434,1983.000000,-0.054252608,3.613574672,45.616762631,712.186245752,3.619633825,-45.616520478
laser 005,quadratic_graph,2107.463906,1984.000000,-0.054350540,3.612559647,45.713702988,712.185504853,3.618622170,-45.713463652
laser 005,quadratic_graph,2107.490547,1985.000000,-0.066081796,3.615208148,45.811403011,712.196567332,3.621799116,-45.811069861
laser 005,quadratic_graph,2107.519303,1986.000000,-0.078474167,3.618065219,45.909149581,712.208300577,3.625214473,-45.908717127
laser 005,quadratic_graph,2107.548930,1987.000000,-0.091138288,3.621008258,46.006917443,712.220309534,3.628728062,-46.006383426
laser 005,quadratic_graph,2107.576180,1988.000000,-0.103057380,3.623717102,46.104639896,712.231562563,3.631973831,-46.104010506
laser 005,quadratic_graph,2107.571165,1989.000000,-0.104874596,3.623245504,46.201700512,712.232566104,3.631583206,-46.201059657
laser 005,quadratic_graph,2107.509531,1990.000000,-0.088965898,3.617192879,46.297592029,712.215584765,3.624811488,-46.297086946
laser 005,quadratic_graph,2107.503124,1991.000000,-0.090344683,3.616584090,46.394622308,712.216143520,3.624263885,-46.394109403
laser 005,quadratic_graph,2107.464181,1992.000000,-0.081537097,3.612768313,46.490978053,712.206367117,3.620049528,-46.490541935
laser 005,quadratic_graph,2107.461452,1993.000000,-0.084064593,3.612522074,46.588084061,712.208091404,3.619916322,-46.587630579
laser 005,quadratic_graph,2107.456882,1994.000000,-0.086014487,3.612094384,46.685152386,712.209229666,3.619575595,-46.684686336
laser 005,quadratic_graph,2107.416705,1995.000000,-0.076816848,3.608157099,46.781478028,712.199057605,3.615222126,-46.781092005
laser 005,quadratic_graph,2107.346663,1996.000000,-0.058269900,3.601276463,46.877176512,712.179399748,3.607503322,-46.876948175
laser 005,quadratic_graph,2107.295774,1997.000000,-0.045717534,3.596283790,46.973271276,712.165824066,3.601943049,-46.973150831
laser 005,quadratic_graph,2107.296081,1998.000000,-0.049188548,3.596336777,47.070437641,712.168505768,3.602151658,-47.070291993
laser 005,quadratic_graph,2107.335582,1999.000000,-0.064926486,3.600252599,47.168429708,712.183633496,3.606776773,-47.168156964
laser 005,quadratic_graph,2107.373216,2000.000000,-0.080079336,3.603984591,47.266386761,712.198167577,3.611191651,-47.265991781
laser 005,quadratic_graph,2107.375034,2001.000000,-0.084019691,3.604186581,47.363591155,712.201325473,3.611570448,-47.363167074
laser 005,quadratic_graph,2107.350649,2002.000000,-0.079756366,3.601805963,47.460241769,712.196159956,3.608996361,-47.459856728
laser 005,quadratic_graph,2107.337480,2003.000000,-0.079002703,3.600530832,47.557129150,712.194555355,3.607686172,-47.556753996
laser 005,quadratic_graph,2107.340115,2004.000000,-0.083194853,3.600813362,47.654352294,712.197968764,3.608156875,-47.653945947
laser 005,quadratic_graph,2107.329211,2005.000000,-0.083147579,3.599761490,47.751288128,712.197080894,3.607101828,-47.750885801
laser 005,quadratic_graph,2107.292223,2006.000000,-0.074934000,3.596138824,47.847667096,712.187907579,3.603107398,-47.847336621
laser 005,quadratic_graph,2107.241231,2007.000000,-0.062335878,3.591136102,47.943744239,712.174285789,3.597535016,-47.943522033
laser 005,quadratic_graph,2107.206131,2008.000000,-0.054711167,3.587699734,48.040158497,712.165710014,3.593753465,-48.040003251
laser 005,quadratic_graph,2107.208897,2009.000000,-0.058937499,3.587995149,48.137383809,712.169158201,3.594238597,-48.137197084
laser 005,quadratic_graph,2107.234773,2010.000000,-0.070396327,3.590568149,48.235107569,712.179944390,3.597327756,-48.234829291
laser 005,quadratic_graph,2107.264724,2011.000000,-0.083129771,3.593542864,48.332922357,712.192023777,3.600876160,-48.332541939
laser 005,quadratic_graph,2107.281284,2012.000000,-0.091670442,3.595197880,48.430451317,712.199849231,3.602915625,-48.430003585
laser 005,quadratic_graph,2107.264065,2013.000000,-0.089635878,3.593523695,48.527251283,712.196945229,3.601148571,-48.526824076
laser 005,quadratic_graph,2107.217442,2014.000000,-0.078395777,3.588951589,48.623412792,712.184701479,3.596068103,-48.623082574
laser 005,quadratic_graph,2107.171821,2015.000000,-0.067468393,3.584478392,48.719592970,712.172775049,3.591100658,-48.719357143
laser 005,quadratic_graph,2107.150656,2016.000000,-0.064194946,3.582415456,48.816302730,712.168614193,3.588888937,-48.816097719
laser 005,quadratic_graph,2107.164557,2017.000000,-0.071896279,3.583808303,48.913776759,712.175588137,3.590628350,-48.913511404
laser 005,quadratic_graph,2107.209510,2018.000000,-0.089316547,3.588261506,49.011931879,712.192422692,3.595866788,-49.011525454
laser 005,quadratic_graph,2107.252915,2019.000000,-0.106251712,3.592562370,49.110057922,712.208765051,3.600930991,-49.109514455
laser 005,quadratic_graph,2107.260905,2020.000000,-0.112099492,3.593372847,49.207411148,712.213858406,3.602004374,-49.206822734
laser 005,quadratic_graph,2107.235045,2021.000000,-0.107349303,3.590847058,49.304021353,712.208199345,3.599263150,-49.303476019
laser 005,quadratic_graph,2107.190775,2022.000000,-0.096834851,3.586506884,49.400224467,712.196692050,3.594447369,-49.399770093
laser 005,quadratic_graph,2107.148102,2023.000000,-0.086819332,3.582324241,49.496459936,712.185691003,3.589811639,-49.496092378
laser 005,quadratic_graph,2107.095722,2024.000000,-0.073764369,3.577185115,49.592477866,712.171606269,3.584082241,-49.592222368
laser 005,quadratic_graph,2107.027130,2025.000000,-0.055634250,3.570448602,49.688132826,712.152372488,3.576526386,-49.688031544
laser 005,quadratic_graph,2106.975926,2026.000000,-0.042945964,3.565425835,49.784168988,712.138659877,3.570929897,-49.784176721
laser 005,quadratic_graph,2106.969094,2027.000000,-0.044144454,3.564775545,49.881189018,712.139036373,3.570332669,-49.881190420
laser 005,quadratic_graph,2106.995523,2028.000000,-0.055752074,3.567402811,49.978950941,712.149973628,3.573482818,-49.978859552
laser 005,quadratic_graph,2107.030038,2029.000000,-0.069889711,3.570827009,50.076896713,712.163477739,3.577544092,-50.076691519
laser 005,quadratic_graph,2107.041407,2030.000000,-0.076781453,3.571970370,50.174328293,712.169630418,3.578997484,-50.174069478
laser 005,quadratic_graph,2107.014999,2031.000000,-0.071847237,3.569390976,50.270914517,712.163784932,3.576194352,-50.270700310
laser 005,quadratic_graph,2106.967278,2032.000000,-0.060240783,3.564711405,50.367020459,712.151170086,3.570989891,-50.366906280
laser 005,quadratic_graph,2106.916554,2033.000000,-0.047693527,3.559736095,50.463055593,712.137600787,3.565447228,-50.463049256
laser 005,quadratic_graph,2106.868672,2034.000000,-0.036034918,3.555041007,50.559151369,712.124933121,3.560224896,-50.559245492
laser 005,quadratic_graph,2106.824040,2035.000000,-0.025392557,3.550666310,50.655317366,712.113296542,3.555368825,-50.655503508
laser 005,quadratic_graph,2106.804714,2036.000000,-0.022669023,3.548785096,50.752053344,712.109694099,3.553363656,-50.752265730
laser 005,quadratic_graph,2106.822879,2037.000000,-0.031677643,3.550597861,50.849638967,712.117994595,3.555582000,-50.849780149
laser 005,quadratic_graph,2106.869686,2038.000000,-0.049649622,3.555232894,50.947878040,712.135388895,3.561027177,-50.947873567
laser 005,quadratic_graph,2106.907477,2039.000000,-0.064799127,3.558979744,51.045916800,712.149919623,3.565456777,-51.045790117
laser 005,quadratic_graph,2106.903474,2040.000000,-0.066866105,3.558608344,51.143006191,712.151177441,3.565177645,-51.142865960
laser 005,quadratic_graph,2106.873541,2041.000000,-0.060815712,3.555681859,51.239503401,712.144199793,3.561977048,-51.239417048
laser 005,quadratic_graph,2106.845194,2042.000000,-0.055260533,3.552911714,51.336035246,712.137724596,3.558955144,-51.335998655
laser 005,quadratic_graph,2106.839091,2043.000000,-0.056666252,3.552333414,51.433075913,712.138311594,3.558439266,-51.433031268
laser 005,quadratic_graph,2106.858407,2044.000000,-0.066026694,3.554259807,51.530701282,712.146969043,3.560787121,-51.530582510
laser 005,quadratic_graph,2106.888502,2045.000000,-0.078759959,3.557248422,51.628577495,712.159048372,3.564349432,-51.628356581
laser 005,quadratic_graph,2106.910159,2046.000000,-0.088851078,3.559405651,51.726262515,712.168447115,3.566961103,-51.725961405
laser 005,quadratic_graph,2106.905885,2047.000000,-0.090824151,3.559007616,51.823350796,712.169609745,3.566651100,-51.823036918
laser 005,quadratic_graph,2106.867460,2048.000000,-0.082106116,3.555244311,51.919648570,712.159925813,3.562493281,-51.919410726
laser 005,quadratic_graph,2106.813695,2049.000000,-0.068585576,3.549969568,52.015587969,712.145369582,3.556607262,-52.015466047
laser 005,quadratic_graph,2106.775848,2050.000000,-0.060046431,3.546263472,52.111893698,712.135867225,3.552514727,-52.111846323
laser 005,quadratic_graph,2106.742723,2051.000000,-0.052984116,3.543022736,52.208307037,712.127863205,3.548954211,-52.208321942
laser 005,quadratic_graph,2106.710024,2052.000000,-0.046053979,3.539824051,52.304728355,712.119993322,3.545441711,-52.304804442
laser 005,quadratic_graph,2106.686619,2053.000000,-0.042031455,3.537541139,52.401365000,712.115073350,3.542976221,-52.401478118
laser 005,quadratic_graph,2106.692274,2054.000000,-0.047102698,3.538121425,52.498681072,712.119379349,3.543784378,-52.498755688
laser 005,quadratic_graph,2106.723728,2055.000000,-0.060247398,3.541243683,52.596603853,712.131876148,3.547498907,-52.596572908
laser 005,quadratic_graph,2106.770990,2056.000000,-0.078339173,3.545923698,52.694901886,712.149391903,3.552994480,-52.694724291
laser 005,quadratic_graph,2106.831462,2057.000000,-0.100565519,3.551905679,52.793516089,712.171102285,3.559978634,-52.793157502
laser 005,quadratic_graph,2106.890318,2058.000000,-0.122286000,3.557728799,52.892098380,712.192299418,3.566781095,-52.891563002
laser 005,quadratic_graph,2106.914770,2059.000000,-0.133236060,3.560161760,52.989873388,712.202569614,3.569707272,-52.989250678
laser 005,quadratic_graph,2106.900524,2060.000000,-0.132070515,3.558781127,53.086734878,712.200548186,3.568273015,-53.086125468
laser 005,quadratic_graph,2106.868624,2061.000000,-0.125377159,3.555660769,53.183177147,712.192918668,3.564849533,-53.182626951
laser 005,quadratic_graph,2106.834248,2062.000000,-0.117907559,3.552296491,53.279558703,712.184501665,3.561147095,-53.279074168
laser 005,quadratic_graph,2106.795843,2063.000000,-0.109175635,3.548535276,53.375842249,712.174804039,3.556990747,-53.375433860
laser 005,quadratic_graph,2106.755618,2064.000000,-0.099872944,3.544594830,53.472079966,712.164527396,3.552629405,-53.471752462
laser 005,quadratic_graph,2106.729509,2065.000000,-0.094987704,3.542045417,53.568652451,712.158732394,3.549858480,-53.568369143
laser 005,quadratic_graph,2106.725518,2066.000000,-0.097024461,3.541675439,53.665753099,712.159959930,3.549579417,-53.665456492
laser 005,quadratic_graph,2106.742230,2067.000000,-0.105540375,3.543345472,53.763350847,712.167760712,3.551632803,-53.762987125
laser 005,quadratic_graph,2106.779068,2068.000000,-0.120355261,3.546998778,53.861434549,712.181951915,3.555953769,-53.860951393
laser 005,quadratic_graph,2106.783772,2069.000000,-0.125110058,3.547485654,53.958748808,712.185936967,3.556654240,-53.958229777
laser 005,quadratic_graph,2106.739089,2070.000000,-0.114403664,3.543105919,54.054873365,712.174236402,3.551790256,-54.054446878
laser 005,quadratic_graph,2106.674645,2071.000000,-0.097510782,3.536779195,54.150517597,712.156259596,3.544700054,-54.150235038
laser 005,quadratic_graph,2106.622982,2072.000000,-0.084617902,3.531712084,54.246466502,712.142340906,3.539050007,-54.246294648
laser 005,quadratic_graph,2106.603349,2073.000000,-0.081749455,3.529800978,54.343188345,712.138592176,3.537008421,-54.343043933
laser 005,quadratic_graph,2106.631137,2074.000000,-0.093722656,3.532562234,54.441061052,712.149900490,3.540309079,-54.440820808
laser 005,quadratic_graph,2106.688579,2075.000000,-0.114977324,3.538245556,54.539658589,712.170624937,3.546950724,-54.539245423
laser 005,quadratic_graph,2106.739478,2076.000000,-0.134183633,3.543284474,54.638102585,712.189271273,3.552855513,-54.637533510
laser 005,quadratic_graph,2106.765251,2077.000000,-0.145523734,3.545847633,54.735938369,712.199937254,3.555929500,-54.735278721
laser 005,quadratic_graph,2106.767618,2078.000000,-0.149535368,3.546104323,54.833204702,712.203168448,3.556366247,-54.832515351
laser 005,quadratic_graph,2106.771598,2079.000000,-0.154050693,3.546519982,54.930511660,712.206910648,3.556984696,-54.929788421
laser 005,quadratic_graph,2106.789207,2080.000000,-0.162831525,3.548278754,55.028154451,712.214980231,3.559138784,-55.027361896
laser 005,quadratic_graph,2106.809360,2081.000000,-0.172407702,3.550288291,55.125862236,712.223856691,3.561579536,-55.124993759
laser 005,quadratic_graph,2106.812990,2082.000000,-0.176809756,3.550669532,55.223165572,712.227483991,3.562158456,-55.222264148
laser 005,quadratic_graph,2106.781374,2083.000000,-0.170175811,3.547577302,55.319600199,712.219915268,3.558765794,-55.318757491
laser 005,quadratic_graph,2106.730813,2084.000000,-0.157609703,3.542618206,55.415564604,712.206328402,3.553238516,-55.414829885
laser 005,quadratic_graph,2106.674652,2085.000000,-0.143289689,3.537107476,55.511386874,712.190962250,3.547080441,-55.510774709
laser 005,quadratic_graph,2106.609940,2086.000000,-0.126292226,3.530754411,55.606993091,712.172879886,3.539959185,-55.606525720
laser 005,quadratic_graph,2106.553151,2087.000000,-0.111774358,3.525182317,55.702791549,712.157313120,3.533730817,-55.702448376
laser 005,quadratic_graph,2106.543421,2088.000000,-0.111985893,3.524247074,55.799757438,712.156689308,3.532804116,-55.799416123
laser 005,quadratic_graph,2106.563738,2089.000000,-0.121601529,3.526272390,55.897472635,712.165605915,3.535262431,-55.897055069
laser 005,quadratic_graph,2106.580363,2090.000000,-0.130060361,3.527933986,55.995098266,712.173348950,3.537304813,-55.994614057
laser 005,quadratic_graph,2106.586721,2091.000000,-0.135304079,3.528583971,56.092469310,712.177830277,3.538190470,-56.091945162
laser 005,quadratic_graph,2106.580053,2092.000000,-0.136468878,3.527950456,56.189515265,712.178173586,3.537608525,-56.188985057
laser 005,quadratic_graph,2106.542461,2093.000000,-0.127952059,3.524269911,56.285785016,712.168695017,3.533542567,-56.285329161
laser 005,quadratic_graph,2106.502914,2094.000000,-0.118822198,3.520396842,56.382003244,712.158594563,3.529256417,-56.381626834
laser 005,quadratic_graph,2106.502968,2095.000000,-0.122087182,3.520425676,56.479216729,712.161068552,3.529431614,-56.478816814
laser 005,quadratic_graph,2106.500464,2096.000000,-0.124550153,3.520202483,56.576366542,712.162728922,3.529318586,-56.575949784
laser 005,quadratic_graph,2106.477386,2097.000000,-0.120571631,3.517952167,56.672996860,712.157854511,3.526887696,-56.672616761
laser 005,quadratic_graph,2106.517071,2098.000000,-0.136238408,3.521885874,56.771215606,712.172909951,3.531527525,-56.770708994
laser 005,quadratic_graph,2106.497766,2099.000000,-0.133438205,3.520007289,56.867942123,712.169230954,3.529521552,-56.867462383
laser 005,quadratic_graph,2106.518115,2100.000000,-0.143049845,3.522035887,56.965675591,712.178143559,3.531982973,-56.965119631
laser 005,quadratic_graph,2106.475321,2101.000000,-0.132894083,3.517842920,57.061804303,712.167002534,3.527330623,-57.061336308
laser 005,quadratic_graph,2106.475801,2102.000000,-0.136283326,3.517913797,57.159033669,712.169602666,3.527553474,-57.158541137
laser 005,quadratic_graph,2106.465350,2103.000000,-0.136249491,3.516907653,57.255984753,712.168730173,3.526544804,-57.255496115
laser 005,quadratic_graph,2106.459129,2104.000000,-0.137538480,3.516318300,57.353044046,712.169199672,3.526012631,-57.352548314
laser 005,quadratic_graph,2106.460417,2105.000000,-0.141176750,3.516468817,57.450296135,712.172052473,3.526326363,-57.449773797
laser 005,quadratic_graph,2106.466728,2106.000000,-0.146386140,3.517114268,57.547678177,712.176499144,3.527205943,-57.547116183
