frame,model,u_px,v_px,residual_zg_mm,Xc_mm,Yc_mm,Zc_mm,Xg_mm,Yg_mm
laser 003,quadratic_graph,2135.929869,9.000000,0.292992660,6.404985143,-146.174113450,713.533525523,6.398283260,146.178958642
laser 003,quadratic_graph,2135.937165,10.000000,0.284704662,6.405733431,-146.078216650,713.541070761,6.399403760,146.083126809
laser 003,quadratic_graph,2135.928076,11.000000,0.281552514,6.404841352,-145.981248908,713.543392533,6.398652064,145.986181317
laser 003,quadratic_graph,2135.894011,12.000000,0.286228533,6.401448858,-145.882652287,713.537752613,6.395046588,145.887541838
laser 003,quadratic_graph,2135.833687,13.000000,0.299134451,6.395427695,-145.782346539,713.523742450,6.388440947,145.787124783
laser 003,quadratic_graph,2135.775178,14.000000,0.311472521,6.389588470,-145.682162847,713.510309877,6.382042877,145.686834508
laser 003,quadratic_graph,2135.742908,15.000000,0.315589736,6.386375968,-145.583689834,713.505238421,6.378642619,145.588323285
laser 003,quadratic_graph,2135.736420,16.000000,0.311629583,6.385744261,-145.486894296,713.508382116,6.378187770,145.491556719
laser 003,quadratic_graph,2135.739879,17.000000,0.304553806,6.386108247,-145.390744123,713.514694576,6.378869251,145.395461431
laser 003,quadratic_graph,2135.738470,18.000000,0.299004679,6.385984943,-145.294276161,713.519454362,6.378994532,145.299035657
laser 003,quadratic_graph,2135.726300,19.000000,0.296828916,6.384784450,-145.197108674,713.520783277,6.377890350,145.201882301
laser 003,quadratic_graph,2135.696609,20.000000,0.300144890,6.381830115,-145.098804747,713.516526848,6.374784430,145.103546829
laser 003,quadratic_graph,2135.664422,21.000000,0.304244317,6.378625983,-145.000340238,713.511473644,6.371393347,145.005044260
laser 003,quadratic_graph,2135.665411,22.000000,0.297949142,6.378742671,-144.904025285,713.516992259,6.371792298,144.908777700
laser 003,quadratic_graph,2135.687000,23.000000,0.285199806,6.380921390,-144.809041851,713.529075052,6.374544620,144.813896341
laser 003,quadratic_graph,2135.686068,24.000000,0.279508993,6.380845802,-144.712598772,713.533979012,6.374724013,144.717496628
laser 003,quadratic_graph,2135.624621,25.000000,0.292783230,6.374712796,-144.612243627,713.519594731,6.367989910,144.617027115
laser 003,quadratic_graph,2135.538450,26.000000,0.313805583,6.366105454,-144.510295934,713.497330359,6.358431721,144.514900613
laser 003,quadratic_graph,2135.476866,27.000000,0.327124161,6.359959388,-144.409941122,713.482901107,6.351682556,144.414431066
laser 003,quadratic_graph,2135.526547,28.000000,0.305579986,6.364949331,-144.316765366,713.503928659,6.357643103,144.321430532
laser 003,quadratic_graph,2135.511932,29.000000,0.304183901,6.363504154,-144.219440385,713.504464832,6.356259046,144.224113199
laser 003,quadratic_graph,2135.508620,30.000000,0.299247277,6.363190262,-144.122843181,713.508601879,6.356166095,144.127553090
laser 003,quadratic_graph,2135.530550,31.000000,0.286401925,6.365402815,-144.027869439,713.520782383,6.358956588,144.032682221
laser 003,quadratic_graph,2135.566986,32.000000,0.269011520,6.369067391,-143.933825476,713.537585346,6.363404268,143.938778932
laser 003,quadratic_graph,2135.497078,33.000000,0.284948367,6.362087827,-143.832941526,713.520493421,6.355703419,143.837758471
laser 003,quadratic_graph,2135.554812,34.000000,0.260886017,6.367884100,-143.740261055,713.544081954,6.362583968,143.745274166
laser 003,quadratic_graph,2135.511215,35.000000,0.268580517,6.363537980,-143.641069680,713.535372812,6.357888623,143.646014833
laser 003,quadratic_graph,2135.450940,36.000000,0.281502697,6.357522732,-143.540810900,713.521347020,6.351288174,143.545644616
laser 003,quadratic_graph,2135.370040,37.000000,0.300888808,6.349443583,-143.439234022,713.500747296,6.342332043,143.443902541
laser 003,quadratic_graph,2135.287854,38.000000,0.320678166,6.341236230,-143.337580617,713.479737535,6.333229507,143.342080586
laser 003,quadratic_graph,2135.230146,39.000000,0.332798174,6.335478823,-143.237499855,713.466527760,6.326923110,143.241895060
laser 003,quadratic_graph,2135.204790,40.000000,0.334782485,6.332958944,-143.139491996,713.463626272,6.324311766,143.143866737
laser 003,quadratic_graph,2135.186192,41.000000,0.334650670,6.331115332,-143.041916870,713.462876958,6.322472211,143.046288746
laser 003,quadratic_graph,2135.170351,42.000000,0.333656356,6.329547606,-142.944518036,713.463004845,6.320947476,142.948894221
laser 003,quadratic_graph,2135.182252,43.000000,0.323970899,6.330755883,-142.848889946,713.471971808,6.322591061,142.853342725
laser 003,quadratic_graph,2135.252164,44.000000,0.296108590,6.337769364,-142.756960033,713.499424942,6.330860351,142.761640582
laser 003,quadratic_graph,2135.349762,45.000000,0.259568961,6.347554206,-142.666788157,713.535703001,6.342292695,142.671768645
laser 003,quadratic_graph,2135.395100,46.000000,0.239406187,6.352109353,-142.573277245,713.555325489,6.347756095,142.578421466
laser 003,quadratic_graph,2135.357987,47.000000,0.245085195,6.348412398,-142.474511254,713.548666508,6.343800899,142.479604282
laser 003,quadratic_graph,2135.261586,48.000000,0.269345887,6.338782055,-142.371974914,713.523109768,6.333073542,142.376862207
laser 003,quadratic_graph,2135.150662,49.000000,0.298157216,6.327699151,-142.268522604,713.492925068,6.320688210,142.273166314
laser 003,quadratic_graph,2135.068547,50.000000,0.317940608,6.319499809,-142.166909153,713.471921965,6.311593960,142.171384366
laser 003,quadratic_graph,2135.044978,51.000000,0.319379880,6.317158844,-142.069018266,713.469575057,6.309186138,142.073477549
laser 003,quadratic_graph,2135.064413,52.000000,0.307345399,6.319120832,-141.973856216,713.480931077,6.311689472,141.978411630
laser 003,quadratic_graph,2135.115086,53.000000,0.285522942,6.324208692,-141.880671661,713.502241517,6.317760506,141.885404612
laser 003,quadratic_graph,2135.174160,54.000000,0.261067714,6.330137540,-141.788013847,713.526229464,6.324791371,141.792946232
laser 003,quadratic_graph,2135.183422,55.000000,0.252223551,6.331081814,-141.692195601,713.534340870,6.326132982,141.697197584
laser 003,quadratic_graph,2135.138909,56.000000,0.260233580,6.326644725,-141.592972447,713.525311536,6.321332435,141.597903852
laser 003,quadratic_graph,2135.084743,57.000000,0.271269866,6.321241824,-141.493141437,713.513204540,6.315429472,141.497977096
laser 003,quadratic_graph,2135.051281,58.000000,0.275819028,6.317910811,-141.394621993,713.507694998,6.311891225,141.399415858
laser 003,quadratic_graph,2135.022453,59.000000,0.278917297,6.315043541,-141.296396665,713.503661045,6.308882215,141.301160804
laser 003,quadratic_graph,2134.987890,60.000000,0.283814074,6.311602475,-141.197810585,713.497798049,6.305218224,141.202530041
laser 003,quadratic_graph,2134.975336,61.000000,0.281815170,6.310363632,-141.100613860,713.498947963,6.304067727,141.105345983
laser 003,quadratic_graph,2134.996437,62.000000,0.269270826,6.312492275,-141.005537472,713.510822547,6.306760735,141.010369967
laser 003,quadratic_graph,2135.025957,63.000000,0.254088911,6.315463416,-140.910988078,713.525379510,6.310415301,140.915942881
laser 003,quadratic_graph,2135.029438,64.000000,0.247068504,6.315829057,-140.814796204,713.531636277,6.311095958,140.819805438
laser 003,quadratic_graph,2135.008740,65.000000,0.247627152,6.313775244,-140.717082130,713.530185225,6.309015046,140.722082761
laser 003,quadratic_graph,2134.975176,66.000000,0.252219354,6.310434055,-140.618559942,713.524632119,6.305464683,140.623518423
laser 003,quadratic_graph,2134.919782,67.000000,0.263654177,6.304908671,-140.518668459,713.512120188,6.299421252,140.523527882
laser 003,quadratic_graph,2134.820009,68.000000,0.288997124,6.294943369,-140.415995773,713.485463942,6.288310095,140.420640465
laser 003,quadratic_graph,2134.705844,69.000000,0.318849224,6.283539077,-140.312428392,713.454222043,6.275556405,140.316820853
laser 003,quadratic_graph,2134.679435,70.000000,0.321203953,6.280914307,-140.214368138,713.450944624,6.272823462,140.218737059
laser 003,quadratic_graph,2134.756060,71.000000,0.291274327,6.288597054,-140.122760057,713.480499850,6.281855345,140.127373942
laser 003,quadratic_graph,2134.822165,72.000000,0.264640401,6.295227876,-140.030486083,713.506703359,6.289686537,140.035317523
laser 003,quadratic_graph,2134.824233,73.000000,0.258075157,6.295451985,-139.934200713,713.512497382,6.290205120,139.939082799
laser 003,quadratic_graph,2134.757210,74.000000,0.273163510,6.288763598,-139.833596291,713.496270170,6.282833770,139.838348934
laser 003,quadratic_graph,2134.695814,75.000000,0.286489248,6.282638466,-139.733347809,713.481835559,6.276105240,139.737985669
laser 003,quadratic_graph,2134.713512,76.000000,0.275030380,6.284426150,-139.638038725,713.492606353,6.278408296,139.642767932
laser 003,quadratic_graph,2134.762235,77.000000,0.253849506,6.289317838,-139.544661490,713.513264174,6.284254206,139.549562899
laser 003,quadratic_graph,2134.768869,78.000000,0.245859808,6.289998734,-139.448655893,713.520506891,6.285293878,139.453619795
laser 003,quadratic_graph,2134.710937,79.000000,0.258106354,6.284219961,-139.348627550,713.507169919,6.278960423,139.353485646
laser 003,quadratic_graph,2134.613102,80.000000,0.282858471,6.274449587,-139.246119958,713.481115203,6.268070868,139.250768242
laser 003,quadratic_graph,2134.535044,81.000000,0.301413051,6.266658237,-139.144849534,713.461363280,6.259440095,139.149339550
laser 003,quadratic_graph,2134.569672,82.000000,0.284657453,6.270139201,-139.050586362,713.477520754,6.263675527,139.055211776
laser 003,quadratic_graph,2134.534249,83.000000,0.289854583,6.266612797,-138.951969152,713.471353013,6.259912651,138.956547389
laser 003,quadratic_graph,2134.512093,84.000000,0.290895614,6.264413554,-138.854176858,713.469411919,6.257664542,138.858742483
laser 003,quadratic_graph,2134.513446,85.000000,0.284571074,6.264565927,-138.757842802,713.474961373,6.258100529,138.762457074
laser 003,quadratic_graph,2134.482714,86.000000,0.288302245,6.261508842,-138.659519185,713.470284551,6.254873147,138.664098472
laser 003,quadratic_graph,2134.415312,87.000000,0.303525525,6.254783902,-138.558926386,713.453920728,6.247459160,138.563375112
laser 003,quadratic_graph,2134.333393,88.000000,0.323298201,6.246607346,-138.457440058,713.432930414,6.238388199,138.461720387
laser 003,quadratic_graph,2134.274415,89.000000,0.335883236,6.240725638,-138.357377975,713.419249711,6.231936535,138.361549686
laser 003,quadratic_graph,2134.262044,90.000000,0.333866318,6.239505294,-138.260199049,713.420418634,6.230805362,138.264383581
laser 003,quadratic_graph,2134.276113,91.000000,0.323566276,6.240929259,-138.164652152,713.430011151,6.232692397,138.168918395
laser 003,quadratic_graph,2134.290215,92.000000,0.313256947,6.242356560,-138.069104743,713.439613110,6.234583187,138.073452774
laser 003,quadratic_graph,2134.300948,93.000000,0.304004352,6.243446940,-137.973347072,713.448140416,6.236089357,137.977768103
laser 003,quadratic_graph,2134.312010,94.000000,0.294649773,6.244570250,-137.877607405,713.456771436,6.237633059,137.882102283
laser 003,quadratic_graph,2134.315648,95.000000,0.287622732,6.244951043,-137.781408351,713.463035464,6.238329182,137.785957719
laser 003,quadratic_graph,2134.304968,96.000000,0.285083724,6.243899771,-137.684326691,713.464735392,6.237390650,137.688893224
laser 003,quadratic_graph,2134.289227,97.000000,0.284132006,6.242342308,-137.586933425,713.464821145,6.235874279,137.591503922
laser 003,quadratic_graph,2134.264775,98.000000,0.285911378,6.239913608,-137.489004963,713.462129545,6.233363391,137.493556710
laser 003,quadratic_graph,2134.195038,99.000000,0.301882535,6.232955879,-137.388297042,713.445005694,6.225682862,137.392712012
laser 003,quadratic_graph,2134.115559,100.000000,0.320906844,6.225024265,-137.286996340,713.424777021,6.216890630,137.291249141
laser 003,quadratic_graph,2134.077626,101.000000,0.326914087,6.221247687,-137.188248168,713.417786041,6.212841020,137.192447058
laser 003,quadratic_graph,2134.095891,102.000000,0.315313898,6.223091027,-137.092944529,713.428700842,6.215206123,137.097235944
laser 003,quadratic_graph,2134.131747,103.000000,0.298202492,6.226693627,-136.998714894,713.445220219,6.219579260,137.003144668
laser 003,quadratic_graph,2134.148289,104.000000,0.287144003,6.228364795,-136.903299339,713.455584125,6.221747739,136.907817132
laser 003,quadratic_graph,2134.149800,105.000000,0.280796825,6.228532753,-136.806962121,713.461156913,6.222200341,136.811528752
laser 003,quadratic_graph,2134.154636,106.000000,0.273408907,6.229033248,-136.710826559,713.467788077,6.223032460,136.715450683
laser 003,quadratic_graph,2134.160567,107.000000,0.265679030,6.229643265,-136.614756089,713.474766995,6.223989537,136.619440550
laser 003,quadratic_graph,2134.152009,108.000000,0.262491018,6.228804217,-136.517799836,713.477127139,6.223292531,136.522506862
laser 003,quadratic_graph,2134.138420,109.000000,0.260880981,6.227462011,-136.420536265,713.477882605,6.222021138,136.425252731
laser 003,quadratic_graph,2134.134635,110.000000,0.256199804,6.227100312,-136.323869781,713.481761229,6.221868883,136.328621229
laser 003,quadratic_graph,2134.127688,111.000000,0.252510868,6.226422376,-136.227009782,713.484630825,6.221355601,136.231787961
laser 003,quadratic_graph,2134.081513,112.000000,0.261117003,6.221821273,-136.127762655,713.474997219,6.216364159,136.132465311
laser 003,quadratic_graph,2134.005137,113.000000,0.279188517,6.214200130,-136.026682418,713.455738049,6.207925414,136.031230833
laser 003,quadratic_graph,2133.934063,114.000000,0.295599037,6.207109598,-135.925929703,713.438168060,6.200092256,135.930337690
laser 003,quadratic_graph,2133.899809,115.000000,0.300472692,6.203701119,-135.827416730,713.432330267,6.196461922,135.831780238
laser 003,quadratic_graph,2133.920946,116.000000,0.287990547,6.205831420,-135.732264979,713.444142044,6.199153801,135.736728347
laser 003,quadratic_graph,2133.981205,117.000000,0.263249290,6.211873972,-135.639481417,713.468420384,6.206311305,135.644146600
laser 003,quadratic_graph,2134.028794,118.000000,0.242478515,6.216649833,-135.545924099,713.488661015,6.212022891,135.550758076
laser 003,quadratic_graph,2134.049346,119.000000,0.230181753,6.218721986,-135.450724872,713.500284222,6.214648255,135.455657168
laser 003,quadratic_graph,2134.042460,120.000000,0.226485552,6.218050132,-135.353862850,713.503161347,6.214141388,135.358821938
laser 003,quadratic_graph,2134.001064,121.000000,0.233606614,6.213927034,-135.254914106,713.495038220,6.209694990,135.259810024
laser 003,quadratic_graph,2133.944008,122.000000,0.245636748,6.208238017,-135.155021795,713.481923021,6.203461081,135.159813717
laser 003,quadratic_graph,2133.906293,123.000000,0.251606504,6.204483276,-135.056300493,713.474970766,6.199435010,135.061038821
laser 003,quadratic_graph,2133.901783,124.000000,0.247171266,6.204049015,-134.959583765,713.478599533,6.199199097,134.964355032
laser 003,quadratic_graph,2133.912788,125.000000,0.237874856,6.205166239,-134.863801167,713.487171700,6.200734100,134.868645802
laser 003,quadratic_graph,2133.909777,126.000000,0.232972341,6.204881876,-134.767172166,713.491275664,6.200669180,134.772053626
laser 003,quadratic_graph,2133.883857,127.000000,0.235251051,6.202306627,-134.669163355,713.488076983,6.197989215,134.674021917
laser 003,quadratic_graph,2133.832449,128.000000,0.245519096,6.197182723,-134.569622665,713.476753906,6.192399962,134.574391887
laser 003,quadratic_graph,2133.784581,129.000000,0.254678781,6.192412966,-134.470297897,713.466557980,6.187214886,134.474986998
laser 003,quadratic_graph,2133.767525,130.000000,0.254183484,6.190724201,-134.372826199,713.466180312,6.185546625,134.377515473
laser 003,quadratic_graph,2133.754149,131.000000,0.252536247,6.189403404,-134.275575465,713.466974080,6.184298329,134.280274493
laser 003,quadratic_graph,2133.724221,132.000000,0.256077609,6.186427613,-134.177332074,713.462491563,6.181160830,134.181997705
laser 003,quadratic_graph,2133.681321,133.000000,0.263685501,6.182154874,-134.078312723,713.453873817,6.176542821,134.082911138
laser 003,quadratic_graph,2133.637831,134.000000,0.271479461,6.177823264,-133.979260480,713.445066901,6.171857543,133.983790133
laser 003,quadratic_graph,2133.608025,135.000000,0.274986425,6.174859869,-133.881029392,713.440619475,6.168733994,133.885525935
laser 003,quadratic_graph,2133.616042,136.000000,0.266641927,6.175677986,-133.785060775,713.448223813,6.169926927,133.789622770
laser 003,quadratic_graph,2133.661233,137.000000,0.246648544,6.180212869,-133.691311066,713.467673870,6.175362451,133.696035390
laser 003,quadratic_graph,2133.689925,138.000000,0.231826391,6.183098286,-133.596571237,713.481865299,6.178915082,133.601414885
laser 003,quadratic_graph,2133.676566,139.000000,0.230184486,6.181779191,-133.499318875,713.482653792,6.177668252,133.504172234
laser 003,quadratic_graph,2133.626030,140.000000,0.240195477,6.176742979,-133.399850011,713.471592555,6.172178299,133.404616170
laser 003,quadratic_graph,2133.569461,141.000000,0.252098223,6.171103771,-133.300024893,713.458607658,6.165999957,133.304688120
laser 003,quadratic_graph,2133.530798,142.000000,0.258390454,6.167254930,-133.201269288,713.451328095,6.161865240,133.205876244
laser 003,quadratic_graph,2133.501065,143.000000,0.261885412,6.164298939,-133.103046903,713.446893089,6.158749640,133.107620849
laser 003,quadratic_graph,2133.521226,144.000000,0.249745551,6.166331068,-133.007791354,713.458356977,6.161327908,133.012462318
laser 003,quadratic_graph,2133.419983,145.000000,0.275653139,6.156226189,-132.905322135,713.431130914,6.150051726,132.909773698
laser 003,quadratic_graph,2133.332656,146.000000,0.297199593,6.147513146,-132.803686594,713.408339714,6.140364241,132.807955026
laser 003,quadratic_graph,2133.318320,147.000000,0.295874862,6.146096572,-132.706385827,713.408805939,6.139005618,132.710661334
laser 003,quadratic_graph,2133.381995,148.000000,0.270105576,6.152478133,-132.613707822,713.434129433,6.146548545,132.618193694
laser 003,quadratic_graph,2133.452298,149.000000,0.242258585,6.159522745,-132.521415809,713.461565665,6.154848310,132.526129325
laser 003,quadratic_graph,2133.440658,150.000000,0.240092772,6.158375590,-132.424267302,713.462887166,6.153797074,132.428994888
laser 003,quadratic_graph,2133.704153,151.000000,0.151689658,6.184737427,-132.343390659,713.551901587,6.184147538,132.348849496
laser 003,quadratic_graph,2133.796116,152.000000,0.117046994,6.193950449,-132.252353514,713.586248003,6.194922467,132.258096509
laser 003,quadratic_graph,2131.361283,279.000000,0.153032915,5.952695596,-119.858868020,713.437973184,5.951812561,119.863812561
laser 003,quadratic_graph,2130.022232,356.000000,0.142362748,5.820236288,-112.355022295,713.381299931,5.819698508,112.359754324
laser 003,quadratic_graph,2129.984207,357.000000,0.148744223,5.816457698,-112.256547409,713.373936478,5.815630112,112.261222470
laser 003,quadratic_graph,2129.930535,358.000000,0.160031277,5.811118062,-112.157290430,713.361585989,5.809779239,112.161867732
laser 003,quadratic_graph,2129.925364,359.000000,0.156117499,5.810617562,-112.060465823,713.364688903,5.809453648,112.065071765
laser 003,quadratic_graph,2129.978715,360.000000,0.133861267,5.815956067,-111.966568758,713.386438970,5.815795021,111.971355858
laser 003,quadratic_graph,2130.053262,361.000000,0.104960475,5.823409896,-111.873725854,713.414943929,5.824551645,111.878749365
laser 003,quadratic_graph,2130.112281,362.000000,0.080926852,5.829314754,-111.780099901,713.438500833,5.831539599,111.785319350
laser 003,quadratic_graph,2130.127572,363.000000,0.070602561,5.830856202,-111.684285119,713.448120698,5.833545321,111.689586510
laser 003,quadratic_graph,2130.079659,364.000000,0.080094634,5.826090498,-111.585315734,713.437595130,5.828349406,111.590534294
laser 003,quadratic_graph,2130.003478,365.000000,0.098449580,5.818504283,-111.484940929,713.418059574,5.819932920,111.490002962
laser 003,quadratic_graph,2129.945606,366.000000,0.111065483,5.812745318,-111.385483161,713.404358419,5.813602739,111.390436387
laser 003,quadratic_graph,2129.905971,367.000000,0.117965532,5.808806166,-111.286936358,713.396468069,5.809350377,111.291828306
laser 003,quadratic_graph,2129.864440,368.000000,0.125461101,5.804677952,-111.188297655,713.387972355,5.804882073,111.193123373
laser 003,quadratic_graph,2129.797100,369.000000,0.141047766,5.797974972,-111.088380138,713.371251281,5.797473781,111.093072349
laser 003,quadratic_graph,2129.753025,370.000000,0.149342892,5.793593276,-110.989621370,713.361942838,5.792715905,110.994240703
laser 003,quadratic_graph,2129.783161,371.000000,0.134378047,5.796615163,-110.894542981,713.376280451,5.796411539,110.899282845
laser 003,quadratic_graph,2129.856725,372.000000,0.105800359,5.803970007,-110.801611371,713.404456808,5.805054597,110.806584958
laser 003,quadratic_graph,2129.935018,373.000000,0.075739190,5.811797276,-110.708906538,713.434141215,5.814237043,110.714126184
laser 003,quadratic_graph,2129.966656,374.000000,0.060304444,5.814969687,-110.613887540,713.448956450,5.818104412,110.619231624
laser 003,quadratic_graph,2129.929796,375.000000,0.066346149,5.811307242,-110.515481262,713.441938888,5.814167506,110.520771206
laser 003,quadratic_graph,2129.870661,376.000000,0.079372420,5.805422354,-110.415977811,713.427820921,5.807692883,110.421155540
laser 003,quadratic_graph,2129.828083,377.000000,0.087209020,5.801189645,-110.317294747,713.418978775,5.803104694,110.322403412
laser 003,quadratic_graph,2129.816581,378.000000,0.085304668,5.800057535,-110.220145055,713.420039209,5.802056799,110.225265652
laser 003,quadratic_graph,2129.824283,379.000000,0.077381166,5.800841461,-110.123940380,713.427218651,5.803196638,110.129122960
laser 003,quadratic_graph,2129.833033,380.000000,0.069130274,5.801729971,-110.027785440,713.434730915,5.804455838,110.033032726
laser 003,quadratic_graph,2129.831036,381.000000,0.064249900,5.801546215,-109.931100584,713.438816769,5.804490632,109.936384549
laser 003,quadratic_graph,2129.812340,382.000000,0.064606215,5.799696327,-109.833595019,713.437579106,5.802622917,109.838872120
laser 003,quadratic_graph,2129.787792,383.000000,0.066798542,5.797262588,-109.735802918,713.434475013,5.800088477,109.741057889
laser 003,quadratic_graph,2129.776003,384.000000,0.064992090,5.796101862,-109.638637012,713.435436030,5.799007550,109.643903103
laser 003,quadratic_graph,2129.775148,385.000000,0.059758977,5.796032046,-109.542006294,713.439880539,5.799172207,109.547311997
laser 003,quadratic_graph,2129.754121,386.000000,0.060851445,5.793949640,-109.444387789,713.437894613,5.797038748,109.449680508
laser 003,quadratic_graph,2129.705056,387.000000,0.070735483,5.789069958,-109.345399733,713.426971411,5.791711172,109.350606367
laser 003,quadratic_graph,2129.660726,388.000000,0.079136147,5.784662824,-109.246646033,713.417556221,5.786923102,109.251778915
laser 003,quadratic_graph,2129.644121,389.000000,0.078846246,5.783021707,-109.149247533,713.416975679,5.785293331,109.154378926
laser 003,quadratic_graph,2129.622229,390.000000,0.080215151,5.780853164,-109.051591652,713.414708863,5.783061258,109.056707763
laser 003,quadratic_graph,2129.570588,391.000000,0.090911495,5.775716937,-108.952487949,713.402960068,5.777440472,108.957511221
laser 003,quadratic_graph,2129.515688,392.000000,0.102630464,5.770255805,-108.853229105,713.390171754,5.771448622,108.858151035
laser 003,quadratic_graph,2129.492161,393.000000,0.104515794,5.767924336,-108.755498785,713.387380066,5.769030314,108.760401140
laser 003,quadratic_graph,2129.498790,394.000000,0.096949171,5.768600985,-108.659233764,713.394196955,5.770046773,108.664195136
laser 003,quadratic_graph,2129.499413,395.000000,0.091266546,5.768678534,-108.562675641,713.399098641,5.770379091,108.567680365
laser 003,quadratic_graph,2129.568263,396.000000,0.064195868,5.775562170,-108.469423778,713.425742684,5.778482924,108.474649695
laser 003,quadratic_graph,2129.541536,397.000000,0.067089988,5.772911369,-108.371535659,713.421925554,5.775699750,108.376733613
laser 003,quadratic_graph,2129.520134,398.000000,0.068315992,5.770791810,-108.273906409,713.419804201,5.773523115,108.279090270
laser 003,quadratic_graph,2129.492994,399.000000,0.071342217,5.768099885,-108.176000465,713.415852841,5.770692854,108.181155265
laser 003,quadratic_graph,2129.460424,400.000000,0.076072055,5.764866348,-108.077833463,713.410169689,5.767244084,108.082945037
laser 003,quadratic_graph,2129.412924,401.000000,0.085483616,5.760143628,-107.978947673,713.399727326,5.762094803,107.983977094
laser 003,quadratic_graph,2129.360614,402.000000,0.096404099,5.754941296,-107.879833015,713.387751107,5.756397801,107.884767736
laser 003,quadratic_graph,2129.319011,403.000000,0.103969205,5.750807079,-107.781237560,713.379185869,5.751920371,107.786105480
laser 003,quadratic_graph,2129.311881,404.000000,0.100729127,5.750111290,-107.684303600,713.381604737,5.751369101,107.689194564
laser 003,quadratic_graph,2129.342711,405.000000,0.085590455,5.753201723,-107.589194340,713.396119177,5.755141141,107.594207284
laser 003,quadratic_graph,2129.380999,406.000000,0.068114382,5.757036197,-107.494439648,713.413009696,5.759762728,107.499594007
laser 003,quadratic_graph,2129.383428,407.000000,0.061881176,5.757293901,-107.397959372,713.418471245,5.760300059,107.403161662
laser 003,quadratic_graph,2129.370500,408.000000,0.060463838,5.756019774,-107.300741295,713.419037234,5.759088177,107.305951474
laser 003,quadratic_graph,2129.371907,409.000000,0.054553596,5.756175543,-107.204210038,713.424170500,5.759508995,107.209465464
laser 003,quadratic_graph,2129.404700,410.000000,0.038804268,5.759462096,-107.109180020,713.439305669,5.763504721,107.114562503
laser 003,quadratic_graph,2129.439989,411.000000,0.022272998,5.762997777,-107.014265496,713.455235703,5.767784870,107.019781538
laser 003,quadratic_graph,2129.446845,412.000000,0.014657631,5.763697186,-106.917988106,713.462102306,5.768826296,106.923563573
laser 003,quadratic_graph,2129.423128,413.000000,0.016629713,5.761346750,-106.820249309,713.459222856,5.766385114,106.825804483
laser 003,quadratic_graph,2129.377017,414.000000,0.025624621,5.756762483,-106.721443258,713.449204438,5.761393099,106.726919745
laser 003,quadratic_graph,2129.331625,415.000000,0.034395191,5.752250082,-106.622674389,713.439414115,5.756483078,106.628074055
laser 003,quadratic_graph,2129.291431,416.000000,0.041537159,5.748256298,-106.524155851,713.431279378,5.752165187,106.529492237
laser 003,quadratic_graph,2129.257561,417.000000,0.046697599,5.744893394,-106.425940508,713.425158982,5.748567620,106.431230092
laser 003,quadratic_graph,2129.240856,418.000000,0.046477730,5.743242616,-106.328542706,713.424507907,5.746925039,106.333830223
laser 003,quadratic_graph,2129.250673,419.000000,0.037943877,5.744237208,-106.232404467,713.432308319,5.748303111,106.237759047
laser 003,quadratic_graph,2129.287291,420.000000,0.021007984,5.747905110,-106.137535650,713.448649696,5.752733748,106.143027154
laser 003,quadratic_graph,2129.300401,421.000000,0.011443697,5.749228261,-106.041548435,713.457497573,5.754486892,106.047115569
laser 003,quadratic_graph,2129.232644,422.000000,0.027236248,5.742485233,-105.941729768,713.440569413,5.747029285,105.947161696
laser 003,quadratic_graph,2129.167237,423.000000,0.042292628,5.735976935,-105.842027148,713.424389660,5.739839637,105.847329992
laser 003,quadratic_graph,2129.117123,424.000000,0.052555132,5.730994175,-105.743051935,713.413083085,5.734391917,105.748265555
laser 003,quadratic_graph,2129.079232,425.000000,0.058986657,5.727230598,-105.644657114,713.405670859,5.730336306,105.649813365
laser 003,quadratic_graph,2129.054471,426.000000,0.061303069,5.724776553,-105.546883843,713.402441796,5.727775978,105.552016939
laser 003,quadratic_graph,2129.030003,427.000000,0.063528939,5.722351764,-105.449125411,713.399304802,5.725248993,105.454236107
laser 003,quadratic_graph,2128.997400,428.000000,0.068306455,5.719115742,-105.350984962,713.393574027,5.721795598,105.356052041
laser 003,quadratic_graph,2128.960699,429.000000,0.074369936,5.715471124,-105.252653470,713.386536077,5.717875560,105.257666240
laser 003,quadratic_graph,2128.947204,430.000000,0.073159738,5.714140714,-105.155414633,713.386892018,5.716598055,105.160433574
laser 003,quadratic_graph,2128.965898,431.000000,0.061859603,5.716020282,-105.059687213,713.397504609,5.718985973,105.064796219
laser 003,quadratic_graph,2128.978032,432.000000,0.052617110,5.717245704,-104.963649353,713.406025563,5.720626867,104.968831316
laser 003,quadratic_graph,2128.955102,433.000000,0.054368846,5.714974381,-104.865965964,713.403370688,5.718274752,104.871129470
laser 003,quadratic_graph,2128.910472,434.000000,0.062924988,5.710539130,-104.767267389,713.393799048,5.713451569,104.772355861
laser 003,quadratic_graph,2128.870496,435.000000,0.070023233,5.706568101,-104.668789316,713.385709431,5.709158416,104.673814876
laser 003,quadratic_graph,2128.856263,436.000000,0.069052385,5.705164159,-104.571516701,713.385822202,5.707796577,104.576546443
laser 003,quadratic_graph,2128.882311,437.000000,0.055454633,5.707776961,-104.476125007,713.398770405,5.711021443,104.481263919
laser 003,quadratic_graph,2128.920575,438.000000,0.038027727,5.711608074,-104.381299890,713.415610977,5.715637462,104.386579811
laser 003,quadratic_graph,2128.917246,439.000000,0.033642128,5.711291475,-104.284531817,713.419194907,5.715517105,104.289844312
laser 003,quadratic_graph,2128.873743,440.000000,0.041853400,5.706968641,-104.185892228,713.409974019,5.710821908,104.191132557
laser 003,quadratic_graph,2128.816801,441.000000,0.054279074,5.701305847,-104.086630169,713.396469201,5.704596521,104.091763292
laser 003,quadratic_graph,2128.789697,442.000000,0.057351355,5.698618516,-103.988758711,713.392472226,5.701768794,103.993862399
laser 003,quadratic_graph,2128.796625,443.000000,0.049755636,5.699324681,-103.892468657,713.399319359,5.702816103,103.897631611
laser 003,quadratic_graph,2128.806370,444.000000,0.041277917,5.700311765,-103.796307583,713.407063055,5.704184143,103.801537136
laser 003,quadratic_graph,2128.795966,445.000000,0.039118540,5.699289678,-103.699210729,713.408384142,5.703257811,103.704454346
laser 003,quadratic_graph,2128.759070,446.000000,0.045266241,5.695625960,-103.600887017,713.401261092,5.699314880,103.606075629
laser 003,quadratic_graph,2128.714111,447.000000,0.053942980,5.691158369,-103.502192445,713.391567314,5.694453919,103.507305023
laser 003,quadratic_graph,2128.685264,448.000000,0.057569679,5.688297399,-103.404245288,713.387006943,5.691427530,103.409323823
laser 003,quadratic_graph,2128.687388,449.000000,0.051488097,5.688524507,-103.307729461,713.392315050,5.691927439,103.312854673
laser 003,quadratic_graph,2128.707693,450.000000,0.039707699,5.690564451,-103.212051004,713.403415991,5.694497420,103.217270276
laser 003,quadratic_graph,2128.701510,451.000000,0.036232940,5.689963291,-103.115148996,713.406074285,5.694051392,103.120393271
laser 003,quadratic_graph,2128.658314,452.000000,0.044363804,5.685671603,-103.016542285,713.396935552,5.689390976,103.021715066
laser 003,quadratic_graph,2128.610013,453.000000,0.054096253,5.680871055,-102.917703441,713.386168865,5.684149408,102.922791413
laser 003,quadratic_graph,2128.564828,454.000000,0.062852893,5.676381338,-102.819010916,713.376394128,5.679262718,102.824022192
laser 003,quadratic_graph,2128.521336,455.000000,0.071079896,5.672060549,-102.720398967,713.367157809,5.674568863,102.725337950
laser 003,quadratic_graph,2128.511850,456.000000,0.068647557,5.671130115,-102.623349326,713.368756636,5.673746511,102.628304645
laser 003,quadratic_graph,2128.523093,457.000000,0.059718050,5.672266306,-102.527249213,713.376959770,5.675284057,102.532274891
laser 003,quadratic_graph,2128.513831,458.000000,0.057218086,5.671358209,-102.430208364,713.378627365,5.674487094,102.435250940
laser 003,quadratic_graph,2128.474384,459.000000,0.064182434,5.667440793,-102.331786740,713.370674649,5.670253609,102.336767523
laser 003,quadratic_graph,2128.495140,460.000000,0.052274466,5.669525379,-102.236118131,713.381905373,5.672873994,102.241194037
laser 003,quadratic_graph,2128.456720,461.000000,0.058919601,5.665710378,-102.137745403,713.374277190,5.668757333,102.142762171
laser 003,quadratic_graph,2128.455896,462.000000,0.053779628,5.665643529,-102.041089422,713.378628389,5.668920787,102.046145040
laser 003,quadratic_graph,2128.482754,463.000000,0.039962277,5.668336476,-101.945693647,713.391799978,5.672235721,101.950860263
laser 003,quadratic_graph,2128.464104,464.000000,0.040413485,5.666492452,-101.848223010,713.390467872,5.670369622,101.853381988
laser 003,quadratic_graph,2128.529040,465.000000,0.014659626,5.672981875,-101.754554079,713.415772646,5.678019828,101.759923302
laser 003,quadratic_graph,2128.569301,466.000000,-0.003357706,5.677011457,-101.659757487,713.433213386,5.682860980,101.665272630
laser 003,quadratic_graph,2128.570664,467.000000,-0.009177596,5.677162750,-101.563190648,713.438255714,5.683273268,101.568750294
laser 003,quadratic_graph,2128.505970,468.000000,0.005716185,5.670727838,-101.463626924,713.422243154,5.676164367,101.469058850
laser 003,quadratic_graph,2128.465446,469.000000,0.013032517,5.666702936,-101.365162809,713.413932923,5.671807513,101.370530017
laser 003,quadratic_graph,2128.410208,470.000000,0.024963288,5.661211232,-101.266035197,713.400932292,5.665775566,101.271299322
laser 003,quadratic_graph,2128.403039,471.000000,0.021824226,5.660511858,-101.169084780,713.403249742,5.665216181,101.174371119
laser 003,quadratic_graph,2128.400500,472.000000,0.017234816,5.660274074,-101.072343037,713.407041443,5.665183853,101.077663649
laser 003,quadratic_graph,2128.381343,473.000000,0.017857011,5.658379576,-100.974850459,713.405535732,5.663259567,100.980162013
laser 003,quadratic_graph,2128.345174,474.000000,0.023814299,5.654789145,-100.876591460,713.398607106,5.659398530,100.881849597
laser 003,quadratic_graph,2128.314063,475.000000,0.028187013,5.651703024,-100.778562339,713.393289184,5.656113329,100.783780235
laser 003,quadratic_graph,2128.305176,476.000000,0.025593282,5.650832415,-100.681534846,713.395052433,5.655358095,100.686770423
laser 003,quadratic_graph,2128.304394,477.000000,0.020459720,5.650769785,-100.584871383,713.399397340,5.655525485,100.590145759
laser 003,quadratic_graph,2128.294263,478.000000,0.018258639,5.649775172,-100.487787021,713.400761509,5.654628524,100.493075815
laser 003,quadratic_graph,2128.274901,479.000000,0.018953086,5.647860348,-100.390288270,713.399182508,5.652680653,100.395567405
laser 003,quadratic_graph,2128.256477,480.000000,0.019354772,5.646039051,-100.292832151,713.397901114,5.650839524,100.298104063
laser 003,quadratic_graph,2128.250993,481.000000,0.015700700,5.645507702,-100.195955997,713.400742248,5.650471415,100.201254407
laser 003,quadratic_graph,2128.265662,482.000000,0.005729192,5.646985348,-100.099980833,713.410004791,5.652397460,100.105358268
laser 003,quadratic_graph,2128.292697,483.000000,-0.008118619,5.649695805,-100.004556048,713.423207419,5.655731287,100.010044736
laser 003,quadratic_graph,2128.306039,484.000000,-0.017671997,5.651041265,-99.908516431,713.432044946,5.657506272,99.914080667
laser 003,quadratic_graph,2128.273317,485.000000,-0.012780329,5.647794544,-99.810419629,713.426199779,5.654037051,99.815939311
laser 003,quadratic_graph,2128.201710,486.000000,0.004304850,5.640671604,-99.710591676,713.407960547,5.646141216,99.715965421
laser 003,quadratic_graph,2128.141542,487.000000,0.017804072,5.634689282,-99.611278234,713.393366327,5.639547862,99.616535859
laser 003,quadratic_graph,2128.123171,488.000000,0.018199784,5.632873400,-99.513827919,713.392091202,5.637712422,99.519078372
laser 003,quadratic_graph,2128.135958,489.000000,0.008827795,5.634163319,-99.417762537,713.400744453,5.639423682,99.423087030
laser 003,quadratic_graph,2128.156065,490.000000,-0.002838246,5.636182945,-99.322019921,713.411729482,5.641968198,99.327437528
laser 003,quadratic_graph,2128.172501,491.000000,-0.013352254,5.637836693,-99.226111707,713.421543528,5.644094837,99.231612850
laser 003,quadratic_graph,2128.186162,492.000000,-0.022995083,5.639213861,-99.130078061,713.430472069,5.645905571,99.135655496
laser 003,quadratic_graph,2128.188099,493.000000,-0.028960529,5.639422335,-99.033523219,713.435662765,5.646381622,99.039146372
laser 003,quadratic_graph,2128.159084,494.000000,-0.025219143,5.636545342,-98.935598429,713.430987052,5.643334054,98.941186593
laser 003,quadratic_graph,2128.099816,495.000000,-0.011990427,5.630652750,-98.836338657,713.416668080,5.636842646,98.841812952
laser 003,quadratic_graph,2128.042689,496.000000,0.000567814,5.624973822,-98.737177507,713.403030662,5.630595166,98.742543507
laser 003,quadratic_graph,2128.014436,497.000000,0.004073931,5.622173059,-98.639293204,713.398594211,5.627634450,98.644626172
laser 003,quadratic_graph,2128.002596,498.000000,0.002435250,5.621008259,-98.542133129,713.399387148,5.626541925,98.547475841
laser 003,quadratic_graph,2127.986210,499.000000,0.002223247,5.619390360,-98.444772979,713.398729981,5.624931903,98.450113573
laser 003,quadratic_graph,2127.972400,500.000000,0.001204897,5.618029227,-98.347526394,713.398892435,5.623615046,98.352871575
laser 003,quadratic_graph,2127.973768,501.000000,-0.004571076,5.618180909,-98.250946414,713.403890710,5.624025755,98.256335738
laser 003,quadratic_graph,2127.984665,502.000000,-0.013333629,5.619282380,-98.154783269,713.411924645,5.625521063,98.160241568
laser 003,quadratic_graph,2128.002190,503.000000,-0.024173331,5.621044525,-98.058908601,713.422069857,5.627770804,98.064453146
laser 003,quadratic_graph,2128.028706,504.000000,-0.037831339,5.623702924,-97.963425037,713.435079670,5.631044013,97.969079259
laser 003,quadratic_graph,2128.052290,505.000000,-0.050569085,5.626069156,-97.867809892,713.447154094,5.633983517,97.873566140
laser 003,quadratic_graph,2128.037606,506.000000,-0.051305480,5.624620857,-97.770519333,713.447030034,5.632566769,97.776277824
laser 003,quadratic_graph,2127.984992,507.000000,-0.040146469,5.619391810,-97.671573107,713.434815222,5.626832334,97.677234940
laser 003,quadratic_graph,2127.930233,508.000000,-0.028313903,5.613949169,-97.572536885,713.421915844,5.620853902,97.578096460
laser 003,quadratic_graph,2127.899375,509.000000,-0.023974730,5.610888909,-97.474545658,713.416632967,5.617596092,97.480065277
laser 003,quadratic_graph,2127.898530,510.000000,-0.029045155,5.610820050,-97.377862277,713.420914230,5.617754417,97.383420174
laser 003,quadratic_graph,2127.905381,511.000000,-0.036527540,5.611518259,-97.281512516,713.427647068,5.618788682,97.287128746
laser 003,quadratic_graph,2127.880152,512.000000,-0.033949350,5.609019066,-97.183767638,713.424154164,5.616171427,97.189358554
laser 003,quadratic_graph,2127.817395,513.000000,-0.019602579,5.602779667,-97.084395473,713.408699512,5.609282752,97.089863227
laser 003,quadratic_graph,2127.776644,514.000000,-0.012154949,5.598733672,-96.985981646,713.400257312,5.604898899,96.991383601
laser 003,quadratic_graph,2127.774852,515.000000,-0.016921611,5.598570416,-96.889257342,713.404229933,5.604949118,96.894695052
laser 003,quadratic_graph,2127.775795,516.000000,-0.022544576,5.598679741,-96.792650439,713.409072921,5.605310568,96.798131022
laser 003,quadratic_graph,2127.737375,517.000000,-0.015823797,5.594866141,-96.694341231,713.401369599,5.601191920,96.699762058
laser 003,quadratic_graph,2127.659225,518.000000,0.003355060,5.587093389,-96.594319116,713.381003803,5.592551783,96.599576608
laser 003,quadratic_graph,2127.600837,519.000000,0.016338426,5.581290325,-96.495155104,713.366935232,5.586160989,96.500300774
laser 003,quadratic_graph,2127.554031,520.000000,0.025691536,5.576641583,-96.396494120,713.356556537,5.581088381,96.401558150
laser 003,quadratic_graph,2127.500673,521.000000,0.037099789,5.571340156,-96.297554198,713.344089030,5.575270322,96.302519500
laser 003,quadratic_graph,2127.529401,522.000000,0.022774726,5.574217903,-96.202146956,713.357777047,5.578792997,96.207227484
laser 003,quadratic_graph,2127.505937,523.000000,0.024813682,5.571895172,-96.104494514,713.354832602,5.576376550,96.109554213
laser 003,quadratic_graph,2127.489578,524.000000,0.024626451,5.570280415,-96.007147887,713.354150889,5.574768563,96.012205268
laser 003,quadratic_graph,2127.483887,525.000000,0.021095980,5.569728629,-95.910258872,713.356867273,5.574374456,95.915341730
laser 003,quadratic_graph,2127.490423,526.000000,0.013733400,5.570395154,-95.813892845,713.363478627,5.575371636,95.819033042
laser 003,quadratic_graph,2127.502073,527.000000,0.004768625,5.571571269,-95.717743959,713.371718456,5.576950726,95.722954816
laser 003,quadratic_graph,2127.457493,528.000000,0.013434716,5.567144557,-95.619190042,713.362038321,5.572131162,95.624324972
laser 003,quadratic_graph,2127.460140,529.000000,0.007295299,5.567423586,-95.522655077,713.367406493,5.572685635,95.527837176
laser 003,quadratic_graph,2127.515746,530.000000,-0.015447592,5.572979628,-95.428377466,713.389650359,5.579266574,95.433744778
laser 003,quadratic_graph,2127.478431,531.000000,-0.009054892,5.569276725,-95.330135012,713.382280965,5.575273439,95.335445300
laser 003,quadratic_graph,2127.474553,532.000000,-0.013144794,5.568905625,-95.233317893,713.385566046,5.575085273,95.238658311
laser 003,quadratic_graph,2127.495951,533.000000,-0.025158706,5.571053136,-95.137574779,713.396905036,5.577773394,95.143011208
laser 003,quadratic_graph,2127.485637,534.000000,-0.027228064,5.570040735,-95.040481727,713.398136475,5.576852723,95.045931487
laser 003,quadratic_graph,2127.436629,535.000000,-0.017163534,5.565172764,-94.941746596,713.387035190,5.571528781,94.947108804
laser 003,quadratic_graph,2127.393851,536.000000,-0.009051320,5.560925707,-94.843278774,713.377918263,5.566913877,94.848569662
laser 003,quadratic_graph,2127.384177,537.000000,-0.011317273,5.559977123,-94.746215385,713.379349605,5.566065899,94.751521239
laser 003,quadratic_graph,2127.383951,538.000000,-0.016544267,5.559969920,-94.649551433,713.383790523,5.566292959,94.654896871
laser 003,quadratic_graph,2127.362437,539.000000,-0.015095227,5.557841644,-94.551986844,713.381446041,5.564097601,94.557316362
laser 003,quadratic_graph,2127.333074,540.000000,-0.011183886,5.554931363,-94.454091720,713.376598948,5.561009095,94.459384846
laser 003,quadratic_graph,2127.318503,541.000000,-0.011909119,5.553494906,-94.356821870,713.376464415,5.559603701,94.362117153
laser 003,quadratic_graph,2127.319052,542.000000,-0.017373785,5.553564919,-94.260189182,713.381146968,5.559918706,94.265526026
laser 003,quadratic_graph,2127.327712,543.000000,-0.025380400,5.554443079,-94.163896737,713.388413114,5.561156598,94.169296276
laser 003,quadratic_graph,2127.329523,544.000000,-0.031238300,5.554638854,-94.067314545,713.393495358,5.561615116,94.072758915
laser 003,quadratic_graph,2127.305343,545.000000,-0.028945288,5.552245011,-93.969639551,713.390293222,5.559116099,93.975060984
laser 003,quadratic_graph,2127.251658,546.000000,-0.017399750,5.546911579,-93.870727749,713.377687084,5.553259851,93.876049320
laser 003,quadratic_graph,2127.180349,547.000000,-0.000327618,5.539822566,-93.771081019,713.359463916,5.545398560,93.776256779
laser 003,quadratic_graph,2127.136262,548.000000,0.008210448,5.535445786,-93.672579126,713.349914603,5.540634718,93.677680028
laser 003,quadratic_graph,2127.136066,549.000000,0.002988981,5.535441537,-93.575915529,713.354350123,5.540864487,93.581055972
laser 003,quadratic_graph,2127.133509,550.000000,-0.001490983,5.535202089,-93.479152256,713.358032013,5.540825587,93.484326075
laser 003,quadratic_graph,2127.101600,551.000000,0.003233000,5.532038584,-93.381163182,713.352359316,5.537447181,93.386293854
laser 003,quadratic_graph,2127.054487,552.000000,0.012724956,5.527360580,-93.282541994,713.341840646,5.532339058,93.287589879
laser 003,quadratic_graph,2127.032986,553.000000,0.014188352,5.525234022,-93.184990470,713.339481978,5.530144777,93.190022317
laser 003,quadratic_graph,2127.038689,554.000000,0.007124185,5.525817391,-93.088571480,713.345790449,5.531045342,93.093658189
laser 003,quadratic_graph,2127.050952,555.000000,-0.001995513,5.527054261,-92.992423578,713.354188092,5.532692192,92.997582238
laser 003,quadratic_graph,2127.062758,556.000000,-0.010970813,5.528245638,-92.896254601,713.362438977,5.534287032,92.901484012
laser 003,quadratic_graph,2127.082709,557.000000,-0.022498806,5.530248455,-92.800421372,713.373284320,5.536808535,92.805742757
laser 003,quadratic_graph,2127.104487,558.000000,-0.034598686,5.532433347,-92.704661089,713.384710901,5.539537928,92.710079203
laser 003,quadratic_graph,2127.110717,559.000000,-0.041822345,5.533069345,-92.608254365,713.391181489,5.540498323,92.613728667
laser 003,quadratic_graph,2127.096369,560.000000,-0.042592286,5.531655292,-92.510995220,713.391092802,5.539117359,92.516472053
laser 003,quadratic_graph,2127.066800,561.000000,-0.038588207,5.528724907,-92.413107594,713.386152035,5.536004572,92.418547267
laser 003,quadratic_graph,2123.961132,767.000000,-0.121624445,5.222792650,-72.377613864,713.291575564,5.233486819,72.382950539
laser 003,quadratic_graph,2124.004556,768.000000,-0.140234513,5.227126833,-72.282275002,713.309618868,5.238659443,72.287762547
laser 003,quadratic_graph,2123.926290,769.000000,-0.120684729,5.219359133,-72.183005847,713.288888150,5.230007738,72.188327046
laser 003,quadratic_graph,2123.851965,770.000000,-0.102370421,5.211983798,-72.083869571,713.269412862,5.221804165,72.089034694
laser 003,quadratic_graph,2123.806665,771.000000,-0.093156085,5.207494962,-71.985672532,713.259184051,5.216897843,71.990757226
laser 003,quadratic_graph,2123.769784,772.000000,-0.086580299,5.203843392,-71.887748920,713.251636290,5.212947886,71.892775119
laser 003,quadratic_graph,2123.730172,773.000000,-0.079147091,5.199920375,-71.789739930,713.243217354,5.208687780,71.794700506
laser 003,quadratic_graph,2123.696321,774.000000,-0.073518914,5.196570266,-71.691917970,713.236632529,5.205082057,71.696827929
laser 003,quadratic_graph,2123.692954,775.000000,-0.077446808,5.196251129,-71.595073226,713.239757537,5.204938644,71.600012005
laser 003,quadratic_graph,2123.708265,776.000000,-0.087229493,5.197789117,-71.498824548,713.248831528,5.206916629,71.503840818
laser 003,quadratic_graph,2123.728007,777.000000,-0.098400397,5.199767730,-71.402714960,713.259316065,5.209397900,71.407820260
laser 003,quadratic_graph,2123.743520,778.000000,-0.108244307,5.201325904,-71.306467946,713.268452262,5.211398835,71.311651245
laser 003,quadratic_graph,2123.699486,779.000000,-0.099416271,5.196963233,-71.208323751,713.258616238,5.206636119,71.213429834
laser 003,quadratic_graph,2123.589846,780.000000,-0.070018150,5.186077941,-71.108097764,713.227879401,5.194422297,71.112955637
laser 003,quadratic_graph,2123.526303,781.000000,-0.055072344,5.179776266,-71.009343186,713.211827356,5.187444436,71.014072988
laser 003,quadratic_graph,2123.542778,782.000000,-0.065211377,5.181429774,-70.913128660,713.221263522,5.189554028,70.917938915
laser 003,quadratic_graph,2123.591260,783.000000,-0.085384260,5.186265484,-70.817924604,713.240894846,5.195298726,70.822898721
laser 003,quadratic_graph,2123.603236,784.000000,-0.094110866,5.187471848,-70.721561755,713.248895862,5.196897421,70.726604584
laser 003,quadratic_graph,2123.569573,785.000000,-0.088526922,5.184140680,-70.623756563,713.242356304,5.193312641,70.628749145
laser 003,quadratic_graph,2123.530909,786.000000,-0.081373831,5.180312400,-70.525795718,713.234222415,5.189159921,70.530725009
laser 003,quadratic_graph,2123.519770,787.000000,-0.082849195,5.179220659,-70.428703501,713.234855695,5.188133209,70.433641227
laser 003,quadratic_graph,2123.535558,788.000000,-0.092765600,5.180805962,-70.332457535,713.244065687,5.190164550,70.337473865
laser 003,quadratic_graph,2123.552878,789.000000,-0.103161282,5.182543627,-70.236257324,713.253762655,5.192369885,70.241356240
laser 003,quadratic_graph,2123.566639,790.000000,-0.112440003,5.183927497,-70.139943100,713.262324715,5.194171010,70.145115319
laser 003,quadratic_graph,2123.562988,791.000000,-0.116258034,5.183580237,-70.043081716,713.265338351,5.193994522,70.048281845
laser 003,quadratic_graph,2123.521604,792.000000,-0.108243643,5.179481501,-69.945040268,713.256329486,5.189532474,69.950169947
laser 003,quadratic_graph,2123.469401,793.000000,-0.096835999,5.174307302,-69.846663774,713.243872902,5.183841798,69.851694797
laser 003,quadratic_graph,2123.436262,794.000000,-0.091404472,5.171028507,-69.748885047,713.237488483,5.180316274,69.753867091
laser 003,quadratic_graph,2123.411939,795.000000,-0.088735750,5.168626199,-69.651382614,713.233911279,5.177791945,69.656338647
laser 003,quadratic_graph,2123.462036,796.000000,-0.109398851,5.173622279,-69.556194374,713.254040647,5.183719145,69.561318344
laser 003,quadratic_graph,2123.433856,797.000000,-0.105518016,5.170836482,-69.458571242,713.249231897,5.180756615,69.463659125
laser 003,quadratic_graph,2123.426812,798.000000,-0.108262862,5.170151945,-69.361604689,713.251155257,5.180194413,69.366711561
laser 003,quadratic_graph,2123.424892,799.000000,-0.112613003,5.169976817,-69.264796366,713.254709704,5.180214079,69.269935572
laser 003,quadratic_graph,2123.401480,800.000000,-0.110223150,5.167665085,-69.167322946,713.251415956,5.177792915,69.172438459
laser 003,quadratic_graph,2123.349904,801.000000,-0.099001566,5.162553594,-69.068981324,713.239148723,5.172173349,69.073999729
laser 003,quadratic_graph,2123.298239,802.000000,-0.087751138,5.157433452,-68.970640497,713.226852233,5.166543831,68.975561555
laser 003,quadratic_graph,2123.262121,803.000000,-0.081373970,5.153858905,-68.872781679,713.219507279,5.162679877,68.877645899
laser 003,quadratic_graph,2123.223603,804.000000,-0.074243187,5.150045891,-68.774851277,713.211396655,5.158543438,68.779652396
laser 003,quadratic_graph,2123.174545,805.000000,-0.063806939,5.145185347,-68.676599817,713.199927558,5.153210270,68.681310358
laser 003,quadratic_graph,2123.134387,806.000000,-0.056159776,5.141209569,-68.578624393,713.191292353,5.148887761,68.583267539
laser 003,quadratic_graph,2123.121310,807.000000,-0.057001083,5.139925504,-68.481480145,713.191281873,5.147640113,68.486126460
laser 003,quadratic_graph,2123.139998,808.000000,-0.067799334,5.141798656,-68.385306677,713.201388121,5.149999116,68.390038928
laser 003,quadratic_graph,2123.184189,809.000000,-0.086592142,5.146206797,-68.289908847,713.219617187,5.155253961,68.294793490
laser 003,quadratic_graph,2123.237801,810.000000,-0.108338399,5.151551642,-68.194793379,713.240847062,5.161578822,68.199854964
laser 003,quadratic_graph,2123.287290,811.000000,-0.128791823,5.156486942,-68.099546929,713.260763334,5.167435785,68.104774710
laser 003,quadratic_graph,2123.314599,812.000000,-0.142290083,5.159217551,-68.003621272,713.273612852,5.170774117,68.008957433
laser 003,quadratic_graph,2123.284554,813.000000,-0.137803011,5.156246599,-67.905951841,713.268188558,5.167599075,67.911246878
laser 003,quadratic_graph,2123.189413,814.000000,-0.112903911,5.146804895,-67.806311605,713.242024907,5.157031934,67.811395842
laser 003,quadratic_graph,2123.082915,815.000000,-0.084444683,5.136235109,-67.706335239,713.212244122,5.145176015,67.711179082
laser 003,quadratic_graph,2123.044457,816.000000,-0.077316908,5.132428485,-67.608422783,713.204136942,5.141046108,67.613203552
laser 003,quadratic_graph,2123.072810,817.000000,-0.091133920,5.135262271,-67.512528162,713.217310421,5.144502007,67.517419962
laser 003,quadratic_graph,2123.098978,818.000000,-0.104265051,5.137878988,-67.416564326,713.229787012,5.147709878,67.421561456
laser 003,quadratic_graph,2123.088733,819.000000,-0.105978493,5.136876481,-67.319501902,713.230662860,5.146783160,67.324509451
laser 003,quadratic_graph,2123.042290,820.000000,-0.096341527,5.132276166,-67.221352081,713.220006370,5.141746306,67.226275700
laser 003,quadratic_graph,2122.976126,821.000000,-0.080520761,5.125716005,-67.122613859,713.203067006,5.134470484,67.127402143
laser 003,quadratic_graph,2122.912536,822.000000,-0.065506350,5.119411984,-67.023957566,713.186946985,5.127487200,67.028617220
laser 003,quadratic_graph,2122.865131,823.000000,-0.055565025,5.114716674,-66.925789872,713.175981415,5.122341613,66.930363066
laser 003,quadratic_graph,2122.842248,824.000000,-0.053309850,5.112458382,-66.828357566,713.172825217,5.119979979,66.832908191
laser 003,quadratic_graph,2122.867494,825.000000,-0.066141252,5.114982987,-66.732361330,713.184997374,5.123082212,66.737014794
laser 003,quadratic_graph,2122.908650,826.000000,-0.083959678,5.119088842,-66.636835693,713.202236453,5.127990798,66.641633450
laser 003,quadratic_graph,2122.935289,827.000000,-0.097226214,5.121752117,-66.540873947,713.214850693,5.131251343,66.545778160
laser 003,quadratic_graph,2122.950365,828.000000,-0.106866533,5.123266275,-66.444565645,713.223780614,5.133199093,66.449546171
laser 003,quadratic_graph,2122.954408,829.000000,-0.113046527,5.123683928,-66.347927979,713.229194778,5.133894148,66.352956054
laser 003,quadratic_graph,2122.935976,830.000000,-0.112178560,5.121867864,-66.250623642,713.227448095,5.132037359,66.255640681
laser 003,quadratic_graph,2122.893941,831.000000,-0.103909049,5.117706053,-66.152622227,713.218181346,5.127500737,66.157566704
laser 003,quadratic_graph,2122.862787,832.000000,-0.099049838,5.114625729,-66.054944672,713.212379560,5.124199535,66.059844936
laser 003,quadratic_graph,2122.852593,833.000000,-0.100760755,5.113628469,-65.957886597,713.213253152,5.123277955,65.962797262
laser 003,quadratic_graph,2122.850678,834.000000,-0.105066028,5.113453990,-65.861072081,713.216762662,5.123296260,65.866014712
laser 003,quadratic_graph,2122.835935,835.000000,-0.105348094,5.112004665,-65.763879797,713.216184560,5.121858123,65.768820952
laser 003,quadratic_graph,2122.792582,836.000000,-0.096658985,5.107712153,-65.665848343,713.206491675,5.117171862,65.670713450
laser 003,quadratic_graph,2122.720640,837.000000,-0.079005972,5.100578828,-65.566982127,713.187691426,5.109240181,65.571696673
laser 003,quadratic_graph,2122.648690,838.000000,-0.061350046,5.093445109,-65.468121041,713.168888285,5.101307975,65.472685003
laser 003,quadratic_graph,2122.629695,839.000000,-0.060293912,5.091573470,-65.370812013,713.166950711,5.099387122,65.375363376
laser 003,quadratic_graph,2122.653258,840.000000,-0.072577941,5.093930604,-65.274744884,713.178566841,5.102297183,65.279394538
laser 003,quadratic_graph,2122.679190,841.000000,-0.085603742,5.096523225,-65.178743767,713.190936607,5.105476214,65.183497877
laser 003,quadratic_graph,2122.700489,842.000000,-0.097176147,5.098655553,-65.082604736,713.201829710,5.108129349,65.087451221
laser 003,quadratic_graph,2122.731855,843.000000,-0.111903860,5.101788353,-64.986755247,713.215928607,5.111925379,64.991720336
laser 003,quadratic_graph,2122.745461,844.000000,-0.121062381,5.103156343,-64.890387143,713.224369188,5.113705220,64.895424542
laser 003,quadratic_graph,2122.715606,845.000000,-0.116593122,5.100205387,-64.792758594,713.218963958,5.110550993,64.797755023
laser 003,quadratic_graph,2122.645881,846.000000,-0.099622481,5.093292599,-64.693979120,713.200857383,5.102870654,64.698830664
laser 003,quadratic_graph,2122.534625,847.000000,-0.069631574,5.082253627,-64.594006148,713.169522329,5.090476430,64.598604577
laser 003,quadratic_graph,2122.482887,848.000000,-0.058299137,5.077128910,-64.495757195,713.157144292,5.084838657,64.500257607
laser 003,quadratic_graph,2122.416668,849.000000,-0.042426446,5.070565700,-64.397095150,713.140153436,5.077557456,64.401459804
laser 003,quadratic_graph,2122.409503,850.000000,-0.045064200,5.069869654,-64.300134475,713.141969125,5.076978934,64.304517237
laser 003,quadratic_graph,2122.443117,851.000000,-0.060483845,5.073225055,-64.204343251,713.156771124,5.081028800,64.208850369
laser 003,quadratic_graph,2122.501336,852.000000,-0.083616398,5.079025289,-64.109253003,713.179409351,5.087871641,64.113948590
laser 003,quadratic_graph,2122.478441,853.000000,-0.081319086,5.076766355,-64.011836795,713.176211075,5.085507475,64.016509468
laser 003,quadratic_graph,2122.479469,854.000000,-0.086520313,5.076884362,-63.915104807,713.180631254,5.085858715,63.919816897
laser 003,quadratic_graph,2122.494843,855.000000,-0.096217879,5.078427782,-63.818780852,713.189619664,5.087838323,63.823569734
laser 003,quadratic_graph,2122.461614,856.000000,-0.090676746,5.075142097,-63.721070768,713.183125778,5.084300990,63.725809773
laser 003,quadratic_graph,2122.455397,857.000000,-0.093602758,5.074540285,-63.624130516,713.185234413,5.083829715,63.628890027
laser 003,quadratic_graph,2122.471411,858.000000,-0.103497170,5.076147305,-63.527820881,713.194422841,5.085881808,63.532658821
laser 003,quadratic_graph,2122.483117,859.000000,-0.112039855,5.077326328,-63.431386808,713.202237939,5.087444892,63.436291941
laser 003,quadratic_graph,2122.482449,860.000000,-0.116701807,5.077275889,-63.334600581,713.206110290,5.087603348,63.339540648
laser 003,quadratic_graph,2122.407161,861.000000,-0.097967620,5.069811377,-63.235704983,713.186212660,5.079291690,63.240485510
laser 003,quadratic_graph,2122.411498,862.000000,-0.104195896,5.070258199,-63.139061365,713.191676415,5.080018107,63.143889847
laser 003,quadratic_graph,2122.400354,863.000000,-0.105569378,5.069166914,-63.041980328,713.192207820,5.078987286,63.046816411
laser 003,quadratic_graph,2122.430817,864.000000,-0.119986269,5.072209556,-62.946069528,713.205991028,5.082679136,62.951021633
laser 003,quadratic_graph,2122.354892,865.000000,-0.101047013,5.064681975,-62.847167493,713.185885238,5.074295154,62.851958354
laser 003,quadratic_graph,2122.280060,866.000000,-0.082450137,5.057263428,-62.748301825,713.166127369,5.066035662,62.752934288
laser 003,quadratic_graph,2122.213630,867.000000,-0.066486806,5.050679970,-62.649676969,713.149045175,5.058730131,62.654172926
laser 003,quadratic_graph,2122.153222,868.000000,-0.052410602,5.044695047,-62.551225283,713.133880311,5.052108314,62.555600420
laser 003,quadratic_graph,2122.113869,869.000000,-0.044933516,5.040801823,-62.453365428,713.125420007,5.047876065,62.457674599
laser 003,quadratic_graph,2122.107990,870.000000,-0.047947980,5.040233711,-62.356440614,713.127618823,5.047442488,62.360771028
laser 003,quadratic_graph,2122.123470,871.000000,-0.057656504,5.041787265,-62.260109491,713.136618599,5.049432731,62.264516790
laser 003,quadratic_graph,2122.122204,872.000000,-0.062114473,5.041677398,-62.163310971,713.140283990,5.049522556,62.167751512
laser 003,quadratic_graph,2122.091219,873.000000,-0.057255041,5.038615444,-62.065687472,713.134483248,5.046239733,62.070083806
laser 003,quadratic_graph,2122.046786,874.000000,-0.048178916,5.034217775,-61.967693380,713.124398537,5.041430864,61.972010458
laser 003,quadratic_graph,2122.017512,875.000000,-0.043853391,5.031325933,-61.870121235,713.119140301,5.038342252,61.874398544
laser 003,quadratic_graph,2122.023556,876.000000,-0.050597318,5.031942151,-61.773525416,713.125128225,5.039261346,61.777854969
laser 003,quadratic_graph,2122.028643,877.000000,-0.057040050,5.032463330,-61.676901746,713.130810154,5.040071807,61.681281040
laser 003,quadratic_graph,2122.016595,878.000000,-0.058110241,5.031282529,-61.579805240,713.131033814,5.038937785,61.584189617
laser 003,quadratic_graph,2122.006411,879.000000,-0.059763421,5.030286886,-61.482760021,713.131849787,5.038015237,61.487154326
laser 003,quadratic_graph,2121.997761,880.000000,-0.061896153,5.029443622,-61.385756796,713.133152982,5.037266714,61.390165016
laser 003,quadratic_graph,2121.960739,881.000000,-0.055133837,5.025782294,-61.287976454,713.125419234,5.033298629,61.292324652
laser 003,quadratic_graph,2121.895367,882.000000,-0.039483907,5.019305328,-61.189423338,713.108656128,5.026113742,61.193637639
laser 003,quadratic_graph,2121.843246,883.000000,-0.027986756,5.014144705,-61.091236666,713.096112107,5.020432645,61.095351588
laser 003,quadratic_graph,2121.811321,884.000000,-0.022818772,5.010989986,-60.993603922,713.089998259,5.017043134,60.997672075
laser 003,quadratic_graph,2121.787516,885.000000,-0.020194623,5.008641741,-60.896193908,713.086468855,5.014574920,60.900236438
laser 003,quadratic_graph,2121.768982,886.000000,-0.019221275,5.006816996,-60.798928176,713.084616609,5.012704718,60.802958803
laser 003,quadratic_graph,2121.761778,887.000000,-0.021797799,5.006117449,-60.701970351,713.086370871,5.012119946,60.706018584
laser 003,quadratic_graph,2121.760695,888.000000,-0.026291561,5.006025786,-60.605177924,713.090072959,5.012229598,60.609259699
laser 003,quadratic_graph,2121.747994,889.000000,-0.027142518,5.004780349,-60.508070567,713.090074172,5.011021050,60.512155604
laser 003,quadratic_graph,2121.711898,890.000000,-0.020659357,5.001211618,-60.410331941,713.082624359,5.007158166,60.414359279
laser 003,quadratic_graph,2121.666553,891.000000,-0.011276153,4.996724519,-60.312346289,713.072228311,5.002246015,60.316291821
laser 003,quadratic_graph,2121.649870,892.000000,-0.010875089,4.995083735,-60.215134669,713.070957632,5.000585608,60.219073057
laser 003,quadratic_graph,2121.669196,893.000000,-0.021758876,4.997018768,-60.118890671,713.081151700,5.003010386,60.122915717
laser 003,quadratic_graph,2121.685486,894.000000,-0.031690049,4.998652368,-60.022562649,713.090377968,5.005090735,60.026666434
laser 003,quadratic_graph,2121.678011,895.000000,-0.034171146,4.997925982,-59.925596016,713.092035428,5.004474820,59.929716615
laser 003,quadratic_graph,2121.672110,896.000000,-0.037144297,4.997355912,-59.828671146,713.094192801,5.004037432,59.832812648
laser 003,quadratic_graph,2121.685770,897.000000,-0.046247516,4.998728395,-59.732267843,713.102577937,5.005819292,59.736481202
laser 003,quadratic_graph,2121.697954,898.000000,-0.054886964,4.999954337,-59.635823085,713.110491913,5.007433679,59.640104447
laser 003,quadratic_graph,2121.685594,899.000000,-0.055831666,4.998742854,-59.538723439,713.110588553,5.006263320,59.543008844
laser 003,quadratic_graph,2121.658295,900.000000,-0.052092312,4.996047828,-59.441227174,713.105926538,5.003397994,59.445477688
laser 003,quadratic_graph,2121.646562,901.000000,-0.053230910,4.994898644,-59.344145028,713.106220211,5.002298687,59.348401197
laser 003,quadratic_graph,2121.652859,902.000000,-0.060019859,4.995539969,-59.247540200,713.112254255,5.003244932,59.251848991
laser 003,quadratic_graph,2121.631863,903.000000,-0.058252249,4.993470924,-59.150212601,713.109595467,5.001094587,59.154502890
laser 003,quadratic_graph,2121.556300,904.000000,-0.039379302,4.985983289,-59.051446249,713.089558956,4.992753564,59.055575857
laser 003,quadratic_graph,2121.463730,905.000000,-0.015175691,4.976807427,-58.952237676,713.064106963,4.982483702,58.956162295
laser 003,quadratic_graph,2121.482119,906.000000,-0.025748636,4.978649276,-58.855953746,713.073985364,4.984801272,58.859962439
laser 003,quadratic_graph,2121.487986,907.000000,-0.032395694,4.979247803,-58.759338567,713.079875367,4.985698316,58.763398703
laser 003,quadratic_graph,2121.456098,908.000000,-0.027207781,4.976097489,-58.661732458,713.073741985,4.982312321,58.665745665
laser 003,quadratic_graph,2121.450483,909.000000,-0.030253363,4.975555933,-58.564815569,713.075973207,4.981906722,58.568850283
laser 003,quadratic_graph,2121.447145,910.000000,-0.034011339,4.975240475,-58.467957688,713.078928179,4.981759378,58.472019832
laser 003,quadratic_graph,2121.424566,911.000000,-0.031737208,4.973014544,-58.370597386,713.075755045,4.979429287,58.374636820
laser 003,quadratic_graph,2121.447422,912.000000,-0.043702800,4.975299975,-58.274420952,713.087048299,4.982253301,58.278556037
laser 003,quadratic_graph,2121.445058,913.000000,-0.047762236,4.975081257,-58.177586094,713.090309569,4.982216305,58.181751115
laser 003,quadratic_graph,2121.469340,914.000000,-0.060172675,4.977508381,-58.081441917,713.102054746,4.985202091,58.085706287
laser 003,quadratic_graph,2121.496331,915.000000,-0.073431385,4.980204593,-57.985364889,713.114661684,4.988495256,57.989735659
laser 003,quadratic_graph,2121.425737,916.000000,-0.056099631,4.973210889,-57.886760765,713.096191431,4.980717735,57.890983667
laser 003,quadratic_graph,2121.388519,917.000000,-0.049228879,4.969531461,-57.789023572,713.088348676,4.976726671,57.793185559
laser 003,quadratic_graph,2121.376167,918.000000,-0.050151044,4.968321060,-57.691929570,713.088422851,4.975556385,57.696095415
laser 003,quadratic_graph,2121.359701,919.000000,-0.049782374,4.966702194,-57.594729826,713.087185677,4.973919371,57.598888801
laser 003,quadratic_graph,2121.355857,920.000000,-0.053368719,4.966336574,-57.497854787,713.089966452,4.973714121,57.502039767
laser 003,quadratic_graph,2121.371422,921.000000,-0.063037613,4.967898094,-57.401476871,713.098926530,4.975710561,57.405738412
laser 003,quadratic_graph,2121.387595,922.000000,-0.072896016,4.969520032,-57.305112234,713.108079131,4.977775974,57.309451912
laser 003,quadratic_graph,2121.382385,923.000000,-0.076050408,4.969018809,-57.208198721,713.110421110,4.977415625,57.212560814
laser 003,quadratic_graph,2121.351036,924.000000,-0.071009801,4.965922194,-57.110617754,713.104437799,4.974089985,57.114934145
laser 003,quadratic_graph,2121.310546,925.000000,-0.063102650,4.961918052,-57.012805727,713.095542405,4.969727431,57.017052589
laser 003,quadratic_graph,2121.274992,926.000000,-0.056741563,4.958404098,-56.915121787,713.088217695,4.965924851,56.919311972
laser 003,quadratic_graph,2121.238988,927.000000,-0.050238238,4.954845557,-56.817428567,713.080748527,4.962071263,56.821560892
laser 003,quadratic_graph,2121.185741,928.000000,-0.038329168,4.949575238,-56.719300602,713.067787724,4.956261897,56.723330136
laser 003,quadratic_graph,2121.121733,929.000000,-0.023046491,4.943236846,-56.620904143,713.051399745,4.949232184,56.624802845
laser 003,quadratic_graph,2121.071584,930.000000,-0.012106698,4.938274531,-56.522862288,713.039423734,4.943774574,56.526666255
laser 003,quadratic_graph,2121.055295,931.000000,-0.011777799,4.936673574,-56.425677360,713.038227297,4.942157269,56.429474789
laser 003,quadratic_graph,2121.074242,932.000000,-0.022490990,4.938570472,-56.329379570,713.048248443,4.944536228,56.333262243
laser 003,quadratic_graph,2121.103977,933.000000,-0.036584421,4.941538389,-56.233350220,713.061703537,4.948138782,56.237346233
laser 003,quadratic_graph,2121.112349,934.000000,-0.043981074,4.942385597,-56.136781609,713.068355440,4.949318353,56.140835300
laser 003,quadratic_graph,2121.076731,935.000000,-0.037588515,4.938865768,-56.039110014,713.060999065,4.945508481,56.043106768
laser 003,quadratic_graph,2121.021832,936.000000,-0.025151703,4.933432032,-55.940958717,713.047502456,4.939511882,55.944848295
laser 003,quadratic_graph,2120.989439,937.000000,-0.019767644,4.930232564,-55.843372722,713.041170686,4.936067892,55.847213745
laser 003,quadratic_graph,2120.988888,938.000000,-0.024362042,4.930193942,-55.746581572,713.044975902,4.936235149,55.750456981
laser 003,quadratic_graph,2121.003503,939.000000,-0.033708537,4.931660812,-55.650166562,713.053608701,4.938122394,55.654115857
laser 003,quadratic_graph,2121.021110,940.000000,-0.043991731,4.933424739,-55.553823606,713.063193074,4.940348977,55.557854571
laser 003,quadratic_graph,2121.030957,941.000000,-0.051841580,4.934418378,-55.457285933,713.070305460,4.941695438,55.461378343
laser 003,quadratic_graph,2121.007136,942.000000,-0.049137313,4.932069799,-55.359913781,713.066696149,4.939223298,55.363979911
laser 003,quadratic_graph,2120.936437,943.000000,-0.031738886,4.925067890,-55.261385435,713.048159407,4.931434575,55.265303151
laser 003,quadratic_graph,2120.852432,944.000000,-0.010169882,4.916745654,-55.162534454,713.025385941,4.922137278,55.166269090
laser 003,quadratic_graph,2120.803086,945.000000,0.000537384,4.911863916,-55.064542453,713.013646718,4.916770747,55.068184292
laser 003,quadratic_graph,2120.791709,946.000000,-0.000653400,4.910750794,-54.967486117,713.013994459,4.915709878,54.971134053
laser 003,quadratic_graph,2120.795155,947.000000,-0.006488334,4.911108899,-54.870793153,713.019060083,4.916329860,54.874485787
laser 003,quadratic_graph,2120.797007,948.000000,-0.011822471,4.911308810,-54.774059942,713.023616971,4.916769044,54.777793112
laser 003,quadratic_graph,2120.822110,949.000000,-0.024442445,4.913816515,-54.677893552,713.035575330,4.919844884,54.681727816
laser 003,quadratic_graph,2120.852505,950.000000,-0.038720160,4.916849590,-54.581853102,713.049217728,4.923520921,54.585802240
laser 003,quadratic_graph,2120.832236,951.000000,-0.037117475,4.914853866,-54.484575910,713.046727735,4.921451362,54.488507927
laser 003,quadratic_graph,2120.767521,952.000000,-0.021583433,4.908446694,-54.386219663,713.030085377,4.914341534,54.390018765
laser 003,quadratic_graph,2120.701993,953.000000,-0.005794000,4.901959155,-54.287848424,713.013183637,4.907139811,54.291512487
laser 003,quadratic_graph,2120.676930,954.000000,-0.002685160,4.899487849,-54.190461517,713.009163712,4.904526689,54.194095941
laser 003,quadratic_graph,2120.677756,955.000000,-0.007688449,4.899585943,-54.093701425,713.013384626,4.904849124,54.097373635
laser 003,quadratic_graph,2120.675745,956.000000,-0.011801367,4.899402485,-53.996871883,713.016701057,4.904849821,54.000574481
laser 003,quadratic_graph,2120.663652,957.000000,-0.012753301,4.898218436,-53.899798816,713.016806383,4.903707248,53.903505527
laser 003,quadratic_graph,2120.627842,958.000000,-0.006271091,4.894680622,-53.802155828,713.009359692,4.899875355,53.805804861
laser 003,quadratic_graph,2120.564426,959.000000,0.008863565,4.888403298,-53.703852745,712.993123388,4.892913405,53.707372185
laser 003,quadratic_graph,2120.509169,960.000000,0.021442095,4.882935926,-53.605749639,712.979483802,4.886876784,53.609160730
laser 003,quadratic_graph,2120.493710,961.000000,0.021550272,4.881417980,-53.508601646,712.978512339,4.885352466,53.512008040
laser 003,quadratic_graph,2120.507502,962.000000,0.012493338,4.882802722,-53.412151939,712.986851312,4.887144522,53.415629814
laser 003,quadratic_graph,2120.500662,963.000000,0.009903169,4.882140082,-53.315208730,712.988621006,4.886597307,53.318704337
laser 003,quadratic_graph,2120.499716,964.000000,0.005467241,4.882062340,-53.218405284,712.992265733,4.886718302,53.221933963
laser 003,quadratic_graph,2120.415787,965.000000,0.027037207,4.873750084,-53.119631897,712.969492388,4.877430951,53.122977495
laser 003,quadratic_graph,2120.406482,966.000000,0.025223519,4.872842885,-53.022632324,712.970473372,4.876604130,53.025989201
laser 003,quadratic_graph,2120.451931,967.000000,0.006252802,4.877368909,-52.926927095,712.988883300,4.881984951,52.930437854
laser 003,quadratic_graph,2120.485254,968.000000,-0.008917353,4.880691837,-52.830930872,713.003432418,4.885991130,52.834563924
laser 003,quadratic_graph,2120.471405,969.000000,-0.009303173,4.879333711,-52.733819623,713.002962929,4.884648933,52.737452085
laser 003,quadratic_graph,2120.379864,970.000000,0.014659531,4.870266190,-52.634881907,712.977759166,4.874498319,52.638311402
laser 003,quadratic_graph,2120.216190,971.000000,0.061223972,4.854042577,-52.534258656,712.929595681,4.856171435,52.537297325
laser 003,quadratic_graph,2120.114519,972.000000,0.088358219,4.843971994,-52.435101186,712.901170329,4.844874606,52.437910528
laser 003,quadratic_graph,2120.077338,973.000000,0.095287602,4.840299570,-52.337459225,712.893269976,4.840887926,52.340207177
laser 003,quadratic_graph,2116.999454,1178.000000,0.119808735,4.538623365,-32.434967316,712.692303906,4.537809856,32.436737065
laser 003,quadratic_graph,2117.054912,1179.000000,0.097991040,4.544132352,-32.338937707,712.713605167,4.544302226,32.340885013
laser 003,quadratic_graph,2117.106086,1180.000000,0.077515271,4.549217402,-32.242840747,712.733543558,4.550310089,32.244954459
laser 003,quadratic_graph,2117.119815,1181.000000,0.068769186,4.550594190,-32.146200975,712.741569448,4.552080252,32.148383611
laser 003,quadratic_graph,2117.107731,1182.000000,0.068110001,4.549414528,-32.049189683,712.741382424,4.550928950,32.051374038
laser 003,quadratic_graph,2117.085908,1183.000000,0.070502769,4.547270360,-31.952039562,712.738095915,4.548675388,31.954200272
laser 003,quadratic_graph,2117.066797,1184.000000,0.072047327,4.545394810,-31.854928982,712.735670859,4.546728728,31.857073097
laser 003,quadratic_graph,2117.057010,1185.000000,0.070672570,4.544442682,-31.757951355,712.736210624,4.545837260,31.760103136
laser 003,quadratic_graph,2117.054177,1186.000000,0.067120853,4.544179252,-31.661071963,712.738961278,4.545732751,31.663249502
laser 003,quadratic_graph,2117.034357,1187.000000,0.068891440,4.542233535,-31.563952473,712.736306741,4.543705724,31.566111539
laser 003,quadratic_graph,2116.986032,1188.000000,0.079592016,4.537464964,-31.466433266,712.724583157,4.538452775,31.468499645
laser 003,quadratic_graph,2116.932577,1189.000000,0.091900362,4.532188565,-31.368845483,712.711226813,4.532619428,31.370805816
laser 003,quadratic_graph,2116.908486,1190.000000,0.095012457,4.529820080,-31.271671434,712.707209981,4.530109084,31.273602145
laser 003,quadratic_graph,2116.911189,1191.000000,0.089733549,4.530104871,-31.174871514,712.711714841,4.530630758,31.176842338
laser 003,quadratic_graph,2116.901944,1192.000000,0.088198251,4.529206529,-31.077904640,712.712417811,4.529800324,31.079884465
laser 003,quadratic_graph,2116.853184,1193.000000,0.099040949,4.524395336,-30.980391026,712.700550094,4.524498340,30.982276986
laser 003,quadratic_graph,2116.766553,1194.000000,0.121745583,4.515834525,-30.882358530,712.676635826,4.514911329,30.884052046
laser 003,quadratic_graph,2116.667852,1195.000000,0.148229952,4.506079310,-30.784166789,712.648883065,4.503959313,30.785636450
laser 003,quadratic_graph,2116.632129,1196.000000,0.154992001,4.502559670,-30.686845580,712.641159692,4.500133069,30.688255289
laser 003,quadratic_graph,2116.703621,1197.000000,0.128178952,4.509654875,-30.590990861,712.667534017,4.508437137,30.592619642
laser 003,quadratic_graph,2116.808386,1198.000000,0.090943826,4.520045217,-30.495582162,712.704492571,4.520506760,30.497516627
laser 003,quadratic_graph,2116.873343,1199.000000,0.066175733,4.526494580,-30.399623259,712.728790019,4.528072686,30.401759801
laser 003,quadratic_graph,2116.871158,1200.000000,0.062439396,4.526295431,-30.302749359,712.731728411,4.528040797,30.304913196
laser 003,quadratic_graph,2116.826209,1201.000000,0.072099558,4.521861643,-30.205297951,712.721061881,4.523169596,30.207377751
laser 003,quadratic_graph,2116.772777,1202.000000,0.084417787,4.516588033,-30.107735486,712.707695975,4.517338598,30.109709160
laser 003,quadratic_graph,2116.719667,1203.000000,0.096636016,4.511346520,-30.010181061,712.694431678,4.511544212,30.012049440
laser 003,quadratic_graph,2116.659043,1204.000000,0.111208455,4.505361267,-29.912529978,712.678776602,4.504899824,29.914273498
laser 003,quadratic_graph,2116.587013,1205.000000,0.129353698,4.498247065,-29.814731418,712.659493208,4.496965224,29.816320388
laser 003,quadratic_graph,2116.522633,1206.000000,0.145103586,4.491890593,-29.717039714,712.642642491,4.489896472,29.718494041
laser 003,quadratic_graph,2116.575631,1207.000000,0.124095273,4.497154547,-29.620904952,712.663121688,4.496107288,29.622530111
laser 003,quadratic_graph,2116.529940,1208.000000,0.133995138,4.492648274,-29.523463807,712.652212041,4.491152787,29.525002940
laser 003,quadratic_graph,2116.556595,1209.000000,0.121239148,4.495304306,-29.426976200,712.664310576,4.494383199,29.428617586
laser 003,quadratic_graph,2116.578020,1210.000000,0.110122047,4.497442645,-29.330416888,712.674744732,4.497021945,29.332146907
laser 003,quadratic_graph,2116.573799,1211.000000,0.107038235,4.497041966,-29.233520063,712.677020703,4.496759077,29.235271955
laser 003,quadratic_graph,2116.537951,1212.000000,0.113861076,4.493510130,-29.136211245,712.669236030,4.492917902,29.137902682
laser 003,quadratic_graph,2116.558774,1213.000000,0.102936270,4.495588893,-29.039639386,712.679474919,4.495488393,29.041417858
laser 003,quadratic_graph,2116.544622,1214.000000,0.102966723,4.494205039,-28.942612839,712.678588265,4.494101785,28.944387304
laser 003,quadratic_graph,2116.545659,1215.000000,0.098241300,4.494324957,-28.845782218,712.682531424,4.494433614,28.847592199
laser 003,quadratic_graph,2116.484899,1216.000000,0.112871752,4.488326896,-28.748157369,712.666817916,4.487773805,28.749842012
laser 003,quadratic_graph,2116.527235,1217.000000,0.095214330,4.492535454,-28.651855712,712.683894076,4.492777981,28.653683341
laser 003,quadratic_graph,2116.483094,1218.000000,0.104642546,4.488182712,-28.554446950,712.673463713,4.487998303,28.556192474
laser 003,quadratic_graph,2116.426794,1219.000000,0.117879806,4.482626425,-28.456886616,712.659165171,4.481843155,28.458518381
laser 003,quadratic_graph,2116.419386,1220.000000,0.115805986,4.481910328,-28.359949316,712.660415633,4.481219285,28.361594562
laser 003,quadratic_graph,2116.456460,1221.000000,0.099802082,4.485597807,-28.263573054,712.675812594,4.485627749,28.265347545
laser 003,quadratic_graph,2116.502044,1222.000000,0.081133371,4.490127968,-28.167299710,712.693915737,4.490999176,28.169225592
laser 003,quadratic_graph,2116.443824,1223.000000,0.094978048,4.484381463,-28.069720520,712.679000468,4.484626394,28.071527596
laser 003,quadratic_graph,2116.493718,1224.000000,0.074961789,4.489338338,-27.973495767,712.698472082,4.490485359,27.975465432
laser 003,quadratic_graph,2116.423421,1225.000000,0.092591861,4.482396242,-27.875769814,712.679712701,4.482746127,27.877589215
laser 003,quadratic_graph,2116.365529,1226.000000,0.106337226,4.476682529,-27.778202915,712.664898417,4.476410621,27.779904336
laser 003,quadratic_graph,2116.365391,1227.000000,0.101995627,4.476686184,-27.681353904,712.668451994,4.476608867,27.683087653
laser 003,quadratic_graph,2116.405636,1228.000000,0.085007245,4.480687590,-27.585001349,712.684848717,4.481375696,27.586872525
laser 003,quadratic_graph,2116.439920,1229.000000,0.069886521,4.484099043,-27.488571250,712.699348769,4.485468274,27.490564332
laser 003,quadratic_graph,2116.424790,1230.000000,0.070244293,4.482618552,-27.391532923,712.698130029,4.483970261,27.393519280
laser 003,quadratic_graph,2116.383050,1231.000000,0.078938041,4.478503742,-27.294170693,712.688445942,4.479461674,27.296081052
laser 003,quadratic_graph,2116.341464,1232.000000,0.087584629,4.474404305,-27.196813037,712.678809790,4.474970588,27.198647789
laser 003,quadratic_graph,2116.321662,1233.000000,0.089409569,4.472461421,-27.099721644,712.676101201,4.472943961,27.101537479
laser 003,quadratic_graph,2116.323469,1234.000000,0.084467800,4.472657684,-27.002891569,712.680264357,4.473361907,27.004744721
laser 003,quadratic_graph,2116.308160,1235.000000,0.084888145,4.471159599,-26.905854799,712.678982203,4.471843479,26.907700708
laser 003,quadratic_graph,2116.266365,1236.000000,0.093605231,4.467039685,-26.808501407,712.669274597,4.467328735,26.810271124
laser 003,quadratic_graph,2116.231016,1237.000000,0.100304568,4.463557961,-26.711227596,712.661616089,4.463543257,26.712937890
laser 003,quadratic_graph,2116.217704,1238.000000,0.100103357,4.462257648,-26.614217784,712.660965221,4.462250656,26.615925999
laser 003,quadratic_graph,2116.217747,1239.000000,0.095720773,4.462279300,-26.517366315,712.664560611,4.462468754,26.519107202
laser 003,quadratic_graph,2116.213292,1240.000000,0.092748214,4.461855724,-26.420460863,712.666724115,4.462177981,26.422222703
laser 003,quadratic_graph,2116.198007,1241.000000,0.093168870,4.460360144,-26.323427592,712.665441791,4.460662046,26.325182186
laser 003,quadratic_graph,2116.174158,1242.000000,0.096273023,4.458016884,-26.226294443,712.661434375,4.458177309,26.228019492
laser 003,quadratic_graph,2116.143584,1243.000000,0.101484640,4.455008014,-26.129083986,712.655286841,4.454931837,26.130761976
laser 003,quadratic_graph,2116.108568,1244.000000,0.108088630,4.451559547,-26.031823632,712.647725380,4.451183922,26.033442993
laser 003,quadratic_graph,2116.071344,1245.000000,0.115385280,4.447892628,-25.934539829,712.639460557,4.447186291,25.936094804
laser 003,quadratic_graph,2116.034182,1246.000000,0.122663653,4.444231945,-25.837259050,712.631214334,4.443195722,25.838749791
laser 003,quadratic_graph,2116.012104,1247.000000,0.125219419,4.442064239,-25.740153913,712.627763971,4.440911292,25.741619668
laser 003,quadratic_graph,2116.019536,1248.000000,0.118534930,4.442817211,-25.643387613,712.633697130,4.441964615,25.644905169
laser 003,quadratic_graph,2116.036887,1249.000000,0.108745237,4.444551934,-25.546732883,712.642783630,4.444139845,25.548328045
laser 003,quadratic_graph,2116.045181,1250.000000,0.101793129,4.445390283,-25.449972825,712.648988562,4.445290625,25.451622012
laser 003,quadratic_graph,2116.038409,1251.000000,0.099560702,4.444737481,-25.353040594,712.650400673,4.444737223,25.354704586
laser 003,quadratic_graph,2116.000277,1252.000000,0.107150997,4.440980857,-25.255754418,712.641837861,4.440636636,25.257351585
laser 003,quadratic_graph,2115.930043,1253.000000,0.124795716,4.434047251,-25.158110061,712.623064867,4.432905246,25.159556850
laser 003,quadratic_graph,2115.878068,1254.000000,0.136723028,4.428920977,-25.060675180,712.610097932,4.427239253,25.062019105
laser 003,quadratic_graph,2115.884721,1255.000000,0.130291908,4.429596817,-24.963897286,712.615773906,4.428204010,24.965290908
laser 003,quadratic_graph,2115.947486,1256.000000,0.106289390,4.435825949,-24.867740859,712.639293497,4.435515170,24.869330198
laser 003,quadratic_graph,2116.006882,1257.000000,0.083341792,4.441722050,-24.771540868,712.661741790,4.442445684,24.773317158
laser 003,quadratic_graph,2116.034149,1258.000000,0.070457305,4.444438400,-24.674980894,712.673971067,4.445742234,24.676860510
laser 003,quadratic_graph,2116.048442,1259.000000,0.061637381,4.445870675,-24.578275277,712.682072820,4.447571250,24.580224440
laser 003,quadratic_graph,2116.060233,1260.000000,0.053602253,4.447055341,-24.481540157,712.689377622,4.449117234,24.483552347
laser 003,quadratic_graph,2116.043760,1261.000000,0.054421275,4.445442412,-24.384495376,712.687691164,4.447465977,24.386497013
laser 003,quadratic_graph,2115.999647,1262.000000,0.063898907,4.441093732,-24.287151376,712.677212047,4.442688151,24.289070507
laser 003,quadratic_graph,2115.951669,1263.000000,0.074588102,4.436362660,-24.189768543,712.665502653,4.437473248,24.191595099
laser 003,quadratic_graph,2115.923210,1264.000000,0.079164988,4.433563571,-24.092598913,712.660000246,4.434466216,24.094383689
laser 003,quadratic_graph,2115.913178,1265.000000,0.077971838,4.432588267,-23.995628241,712.660357234,4.433543410,23.997419188
laser 003,quadratic_graph,2115.903218,1266.000000,0.076757444,4.431620101,-23.898658286,712.660735812,4.432628700,23.900455578
laser 003,quadratic_graph,2115.884686,1267.000000,0.078229103,4.429803576,-23.801597179,712.658386782,4.430744392,23.803378497
laser 003,quadratic_graph,2115.845883,1268.000000,0.086050808,4.425980903,-23.704322225,712.649589450,4.426567319,23.706034799
laser 003,quadratic_graph,2115.792451,1269.000000,0.098455164,4.420710609,-23.606895536,712.636138589,4.420735780,23.608501284
laser 003,quadratic_graph,2115.764571,1270.000000,0.102858199,4.417969138,-23.509740759,712.630812918,4.417794216,23.511306173
laser 003,quadratic_graph,2115.797119,1271.000000,0.088337675,4.421207746,-23.413219116,712.644703651,4.421686874,23.414901452
laser 003,quadratic_graph,2115.872615,1272.000000,0.060366338,4.428697014,-23.317140853,712.672253297,4.430437315,23.319051889
laser 003,quadratic_graph,2115.933303,1273.000000,0.037032557,4.434721211,-23.220901671,712.695093595,4.437513362,23.223002867
laser 003,quadratic_graph,2115.918569,1274.000000,0.037323926,4.433280587,-23.123877636,712.693943230,4.436058233,23.125972666
laser 003,quadratic_graph,2115.852091,1275.000000,0.053824036,4.426718730,-23.026321977,712.676333420,4.428750266,23.028276147
laser 003,quadratic_graph,2115.791851,1276.000000,0.068370894,4.420774559,-22.928835041,712.660707137,4.422148149,22.930664582
laser 003,quadratic_graph,2115.764922,1277.000000,0.072485604,4.418127200,-22.831691975,712.655674404,4.419313714,22.833483579
laser 003,quadratic_graph,2115.754163,1278.000000,0.071537164,4.417080116,-22.734714450,712.655783154,4.418308088,22.736510192
laser 003,quadratic_graph,2115.726852,1279.000000,0.075774080,4.414395025,-22.637569647,712.650626383,4.415430405,22.639326437
laser 003,quadratic_graph,2115.678539,1280.000000,0.086589828,4.409631660,-22.540214942,712.638789088,4.410177505,22.541878111
laser 003,quadratic_graph,2115.622887,1281.000000,0.099704916,4.404142249,-22.442789980,712.624616949,4.404094775,22.444340419
laser 003,quadratic_graph,2115.571294,1282.000000,0.111549670,4.399054705,-22.345409425,712.611734838,4.398471250,22.346857692
laser 003,quadratic_graph,2115.548177,1283.000000,0.114477880,4.396784953,-22.248315263,712.607907161,4.396067979,22.249735454
laser 003,quadratic_graph,2115.554668,1284.000000,0.108135296,4.397444867,-22.151514981,712.613493610,4.397012826,22.152984137
laser 003,quadratic_graph,2115.562489,1285.000000,0.101377408,4.398236406,-22.054726314,712.619501790,4.398108043,22.056247886
laser 003,quadratic_graph,2115.549784,1286.000000,0.101048911,4.396996925,-21.957734838,712.618981216,4.396882040,21.959255398
laser 003,quadratic_graph,2115.499169,1287.000000,0.112593812,4.392006389,-21.860373565,712.606403775,4.391369061,21.861794445
laser 003,quadratic_graph,2115.485190,1288.000000,0.112666893,4.390640907,-21.763371712,712.605475474,4.389998933,21.764788243
laser 003,quadratic_graph,2115.523274,1289.000000,0.096436914,4.394426856,-21.666873741,712.621102161,4.394516098,21.668421402
laser 003,quadratic_graph,2115.569781,1290.000000,0.077569562,4.399046457,-21.570452687,712.639406953,4.399985957,21.572153394
laser 003,quadratic_graph,2115.600212,1291.000000,0.063737626,4.402075479,-21.473872588,712.652598512,4.403637957,21.475684497
laser 003,quadratic_graph,2115.608287,1292.000000,0.056908616,4.402892320,-21.377075578,712.658678952,4.404761689,21.378940494
laser 003,quadratic_graph,2115.602109,1293.000000,0.054544990,4.402298744,-21.280141535,712.660225039,4.404273454,21.282022352
laser 003,quadratic_graph,2115.584301,1294.000000,0.055825277,4.400554317,-21.183097116,712.658070947,4.402469893,21.184963553
laser 003,quadratic_graph,2115.540567,1295.000000,0.065226934,4.396244443,-21.085809252,712.647670082,4.397734317,21.087593822
laser 003,quadratic_graph,2115.539034,1296.000000,0.061412468,4.396110536,-20.988919708,712.650689480,4.397771238,20.990732235
laser 003,quadratic_graph,2115.453624,1297.000000,0.083868937,4.387677062,-20.891247048,712.627032288,4.388322815,20.892869223
laser 003,quadratic_graph,2115.384373,1298.000000,0.101264837,4.380842926,-20.793730912,712.608513879,4.380702147,20.795204789
laser 003,quadratic_graph,2115.334454,1299.000000,0.112607290,4.375921776,-20.696398494,712.596142442,4.375267697,20.697774376
laser 003,quadratic_graph,2115.316226,1300.000000,0.114026655,4.374136117,-20.599360917,712.593847336,4.373416630,20.600721265
laser 003,quadratic_graph,2115.349544,1301.000000,0.099305233,4.377450241,-20.502795792,712.607942204,4.377393885,20.504274734
laser 003,quadratic_graph,2115.414712,1302.000000,0.074609677,4.383915849,-20.406517039,712.632165149,4.384972819,20.408197460
laser 003,quadratic_graph,2115.466452,1303.000000,0.054119522,4.389053201,-20.310110009,712.652117748,4.391033683,20.311956962
laser 003,quadratic_graph,2115.464014,1304.000000,0.050598907,4.388829815,-20.213208676,712.654838883,4.390967863,20.215081145
laser 003,quadratic_graph,2115.388452,1305.000000,0.069982019,4.381371044,-20.115649920,712.634302856,4.382632868,20.117357579
laser 003,quadratic_graph,2115.277737,1306.000000,0.100374122,4.370434825,-20.017782672,712.602588029,4.370323519,20.019234038
laser 003,quadratic_graph,2115.205579,1307.000000,0.118691082,4.363313916,-19.920267039,712.583134756,4.362374509,19.921562455
laser 003,quadratic_graph,2115.180272,1308.000000,0.122337606,4.360828131,-19.823171352,712.578578324,4.359722794,19.824432727
laser 003,quadratic_graph,2115.156836,1309.000000,0.125399507,4.358527479,-19.726093413,712.574615565,4.357282601,19.727325607
laser 003,quadratic_graph,2115.126249,1310.000000,0.130701915,4.355519467,-19.628953924,712.568377766,4.354033919,19.630138318
laser 003,quadratic_graph,2115.111286,1311.000000,0.131113166,4.354057068,-19.531952394,712.567106603,4.352551620,19.533129633
laser 003,quadratic_graph,2115.130163,1312.000000,0.120929140,4.355942231,-19.435244833,712.576594156,4.354895116,19.436502962
laser 003,quadratic_graph,2115.174247,1313.000000,0.102852471,4.360321119,-19.338752339,712.594096070,4.360088582,19.340156945
laser 003,quadratic_graph,2115.232588,1314.000000,0.080311300,4.366110727,-19.242377603,712.616131311,4.366894281,19.243965786
laser 003,quadratic_graph,2115.277453,1315.000000,0.061990684,4.370567399,-19.145881745,712.633880884,4.372176543,19.147618432
laser 003,quadratic_graph,2115.262218,1316.000000,0.062493828,4.369077988,-19.048869988,712.632516438,4.370663087,19.050598757
laser 003,quadratic_graph,2115.191619,1317.000000,0.080337380,4.362111193,-18.951390214,712.613544265,4.362889563,18.952966969
laser 003,quadratic_graph,2115.144319,1318.000000,0.090884911,4.357449689,-18.854111763,712.601980654,4.357750647,18.855597134
laser 003,quadratic_graph,2115.134477,1319.000000,0.089702992,4.356493927,-18.757150152,712.602327349,4.356846898,18.758641608
laser 003,quadratic_graph,2115.125758,1320.000000,0.088170691,4.355649273,-18.660197828,712.603029844,4.356070073,18.661698281
laser 003,quadratic_graph,2115.088835,1321.000000,0.095472203,4.352014521,-18.563011614,712.594762394,4.352104424,18.564447657
laser 003,quadratic_graph,2115.034675,1322.000000,0.108172655,4.346674764,-18.465685592,712.581012840,4.346190081,18.467012361
laser 003,quadratic_graph,2114.999310,1323.000000,0.114988451,4.343194371,-18.368517468,712.573238676,4.342400715,18.369783863
laser 003,quadratic_graph,2114.997435,1324.000000,0.111318299,4.343026784,-18.271624648,712.576112075,4.342397454,18.272917806
laser 003,quadratic_graph,2115.019382,1325.000000,0.100189516,4.345215668,-18.174924351,712.586559037,4.345087319,18.176306251
laser 003,quadratic_graph,2115.036444,1326.000000,0.090591529,4.346921389,-18.078181816,712.595451613,4.347224927,18.079639739
laser 003,quadratic_graph,2114.997788,1327.000000,0.098443476,4.343115431,-17.980989636,712.586625435,4.343063230,17.982378575
laser 003,quadratic_graph,2114.939097,1328.000000,0.112570420,4.337327805,-17.883639942,712.571427641,4.336636635,17.884907755
laser 003,quadratic_graph,2114.912310,1329.000000,0.116707818,4.334696113,-17.786547737,712.566373315,4.333816866,17.787777434
laser 003,quadratic_graph,2114.914217,1330.000000,0.111861249,4.334902661,-17.689683518,712.570441354,4.334240841,17.690949755
laser 003,quadratic_graph,2114.922915,1331.000000,0.104889347,4.335780952,-17.592871548,712.576667467,4.335432489,17.594191986
laser 003,quadratic_graph,2114.920275,1332.000000,0.101469162,4.335537766,-17.495969355,712.579287174,4.335342349,17.497314480
laser 003,quadratic_graph,2114.913287,1333.000000,0.099411852,4.334864508,-17.399032701,712.580523034,4.334760622,17.400391187
laser 003,quadratic_graph,2114.916390,1334.000000,0.094195789,4.335189413,-17.302173673,712.584966298,4.335319633,17.303571770
laser 003,quadratic_graph,2114.927381,1335.000000,0.086510747,4.336294590,-17.205374044,712.591916561,4.336770357,17.206832267
laser 003,quadratic_graph,2114.914949,1336.000000,0.086162165,4.335082856,-17.108393654,712.591417427,4.335573031,17.109851041
laser 003,quadratic_graph,2114.860988,1337.000000,0.098820007,4.329763340,-17.011098053,712.577711683,4.329680859,17.012446522
laser 003,quadratic_graph,2114.804932,1338.000000,0.112134703,4.324236830,-16.913790398,712.563339027,4.323552047,16.915024494
laser 003,quadratic_graph,2114.783288,1339.000000,0.114674666,4.322114066,-16.816745013,712.559906987,4.321313313,16.817954270
laser 003,quadratic_graph,2114.805935,1340.000000,0.103346607,4.324372014,-16.720031157,712.570556416,4.324081242,16.721330813
laser 003,quadratic_graph,2114.824573,1341.000000,0.093274965,4.326233506,-16.623284677,712.579930088,4.326396006,16.624664293
laser 003,quadratic_graph,2114.795627,1342.000000,0.098105630,4.323388487,-16.526184623,712.574172150,4.323331625,16.527520365
laser 003,quadratic_graph,2114.733617,1343.000000,0.113291223,4.317273328,-16.428843673,712.557900000,4.316529720,16.430049496
laser 003,quadratic_graph,2114.670790,1344.000000,0.128733259,4.311077663,-16.331501234,712.541367520,4.309635734,16.332575006
laser 003,quadratic_graph,2114.648792,1345.000000,0.131391750,4.308920097,-16.234459202,712.537815297,4.307356851,16.235507151
laser 003,quadratic_graph,2114.680733,1346.000000,0.117161894,4.312097029,-16.137806706,712.551411226,4.311174743,16.138969169
laser 003,quadratic_graph,2114.726282,1347.000000,0.098671524,4.316619983,-16.041247980,712.569333185,4.316530962,16.042560359
laser 003,quadratic_graph,2114.752021,1348.000000,0.086385269,4.319183797,-15.944543408,712.580955589,4.319648011,15.945954151
laser 003,quadratic_graph,2114.765453,1349.000000,0.077954075,4.320530423,-15.847748631,712.588663640,4.321373869,15.849225702
laser 003,quadratic_graph,2114.779730,1350.000000,0.069259380,4.321960670,-15.750957716,712.596639244,4.323195242,15.752503306
laser 003,quadratic_graph,2114.782570,1351.000000,0.064147621,4.322259701,-15.654084726,712.600976822,4.323723678,15.655669062
laser 003,quadratic_graph,2114.782391,1352.000000,0.059982600,4.322260132,-15.557189605,712.604353115,4.323910783,15.558804819
laser 003,quadratic_graph,2114.787138,1353.000000,0.054276105,4.322747820,-15.460327579,712.609294590,4.324654721,15.461986481
laser 003,quadratic_graph,2114.790661,1354.000000,0.048954185,4.323114457,-15.363455829,712.613845588,4.325260251,15.365155224
laser 003,quadratic_graph,2114.766140,1355.000000,0.052416579,4.320707182,-15.266391729,712.609477254,4.322695377,15.268058623
laser 003,quadratic_graph,2114.706517,1356.000000,0.066873374,4.314828048,-15.169091135,712.593945568,4.316162398,15.170634167
laser 003,quadratic_graph,2114.647407,1357.000000,0.081170202,4.308999921,-15.071798249,712.578576363,4.309687648,15.073218750
laser 003,quadratic_graph,2114.617836,1358.000000,0.086217582,4.306093444,-14.974707030,712.572598803,4.306552033,14.976081860
laser 003,quadratic_graph,2114.620094,1359.000000,0.081298812,4.306334910,-14.877828841,712.576740569,4.307014197,14.879240814
laser 003,quadratic_graph,2114.652095,1360.000000,0.067066792,4.309518068,-14.781145791,712.590338692,4.310838418,14.782672297
laser 003,quadratic_graph,2114.685804,1361.000000,0.052300632,4.312870293,-14.684470259,712.604479148,4.314855817,14.686115736
laser 003,quadratic_graph,2114.700421,1362.000000,0.043514684,4.314334263,-14.587666568,712.612547508,4.316715037,14.589381323
laser 003,quadratic_graph,2114.668112,1363.000000,0.049426649,4.311156858,-14.490557137,712.605692173,4.313269472,14.492219037
laser 003,quadratic_graph,2114.580455,1364.000000,0.072673216,4.302505473,-14.393093966,712.581236011,4.303567508,14.394558968
laser 003,quadratic_graph,2114.502516,1365.000000,0.092876379,4.294815741,-14.295699512,712.559870074,4.294964566,14.296992906
laser 003,quadratic_graph,2114.500938,1366.000000,0.089168125,4.294677867,-14.198794883,712.562782849,4.294992755,14.200115362
laser 003,quadratic_graph,2114.548439,1367.000000,0.070091667,4.299393744,-14.102198426,712.581299843,4.300568358,14.103673694
laser 003,quadratic_graph,2114.585784,1368.000000,0.054196198,4.303105420,-14.005533459,712.596586977,4.304996183,14.007137083
laser 003,quadratic_graph,2114.590127,1369.000000,0.048637178,4.303553214,-13.908659442,712.601378939,4.305693578,13.910305531
laser 003,quadratic_graph,2114.550549,1370.000000,0.056834626,4.299657146,-13.811513333,712.592203240,4.301426195,13.813087576
laser 003,quadratic_graph,2114.491775,1371.000000,0.071044686,4.293862777,-13.714252218,712.576922667,4.294989126,13.715704654
laser 003,quadratic_graph,2114.458301,1372.000000,0.077332681,4.290570636,-13.617149070,712.569685822,4.291411856,13.618545528
laser 003,quadratic_graph,2114.519058,1373.000000,0.054112154,4.296597518,-13.520616623,712.592410467,4.298485516,13.522202305
laser 003,quadratic_graph,2114.530461,1374.000000,0.046348641,4.297743563,-13.423782266,712.599440830,4.299980666,13.425428732
laser 003,quadratic_graph,2114.507749,1375.000000,0.049270575,4.295515660,-13.326743050,712.595621760,4.297619567,13.328361509
laser 003,quadratic_graph,2114.551858,1376.000000,0.031266382,4.299896402,-13.230099521,712.613049970,4.302811642,13.231863858
laser 003,quadratic_graph,2114.541478,1377.000000,0.030328758,4.298888131,-13.133131804,712.613149713,4.301844382,13.134900206
laser 003,quadratic_graph,2114.496850,1378.000000,0.040118618,4.294492721,-13.035964764,712.602357397,4.297005785,13.037648090
laser 003,quadratic_graph,2114.472844,1379.000000,0.043451083,4.292136904,-12.938919786,712.598121590,4.294498244,12.940571695
laser 003,quadratic_graph,2114.478116,1380.000000,0.037615416,4.292676640,-12.842043811,712.603194592,4.295300073,12.843740484
laser 003,quadratic_graph,2114.496542,1381.000000,0.027661214,4.294517327,-12.745241302,712.612449311,4.297588747,12.747016963
laser 003,quadratic_graph,2114.543030,1382.000000,0.008918811,4.299133516,-12.648594735,712.630627025,4.303049591,12.650522410
laser 003,quadratic_graph,2114.674309,1383.000000,-0.036383160,4.312136925,-12.552418391,712.675771630,4.318096455,12.554718775
laser 003,quadratic_graph,2114.849446,1384.000000,-0.095430045,4.329480919,-12.456473775,712.734871853,4.338104298,12.459261080
laser 003,quadratic_graph,2111.896605,1592.000000,-0.011508041,4.041582852,7.713954005,712.472867831,4.046155894,-7.712635495
laser 003,quadratic_graph,2111.884605,1593.000000,-0.011656023,4.040417456,7.810902327,712.472170230,4.044995961,-7.809586280
laser 003,quadratic_graph,2111.940683,1594.000000,-0.033121506,4.045976266,7.908090867,712.493111661,4.051522418,-7.906600169
laser 003,quadratic_graph,2111.972957,1595.000000,-0.047132048,4.049184078,8.005200119,712.506485694,4.055361392,-8.003596707
laser 003,quadratic_graph,2111.975896,1596.000000,-0.051954611,4.049494306,8.102206974,712.510533181,4.055888076,-8.100567187
laser 003,quadratic_graph,2111.961355,1597.000000,-0.051301549,4.048077896,8.199151017,712.509022488,4.054440974,-8.197520347
laser 003,quadratic_graph,2111.952841,1598.000000,-0.052534699,4.047256836,8.296117040,712.509426469,4.053674358,-8.294479816
laser 003,quadratic_graph,2111.946343,1599.000000,-0.054397912,4.046634923,8.393090798,712.510470028,4.053135329,-8.391441785
laser 003,quadratic_graph,2111.925900,1600.000000,-0.051892557,4.044635575,8.490012054,712.507079179,4.051021685,-8.488387547
laser 003,quadratic_graph,2111.898673,1601.000000,-0.047261359,4.041966169,8.586906451,712.501530469,4.048142033,-8.585324113
laser 003,quadratic_graph,2111.882699,1602.000000,-0.046153013,4.040408309,8.683843035,712.499557742,4.046532934,-8.682273596
laser 003,quadratic_graph,2111.867928,1603.000000,-0.045420110,4.038969292,8.780783869,712.497966138,4.045059624,-8.779224209
laser 003,quadratic_graph,2111.827943,1604.000000,-0.036789774,4.035039889,8.877624412,712.488358108,4.040739471,-8.876140146
laser 003,quadratic_graph,2111.756749,1605.000000,-0.018385302,4.028028238,8.974337382,712.468828699,4.032895907,-8.973009716
laser 003,quadratic_graph,2111.695098,1606.000000,-0.002968715,4.021959432,9.071083763,712.452332259,4.026130048,-9.069887872
laser 003,quadratic_graph,2111.682170,1607.000000,-0.002807837,4.020702607,9.168025134,712.451321436,4.024864751,-9.166834269
laser 003,quadratic_graph,2111.687170,1608.000000,-0.008259483,4.021216335,9.265040451,712.456007711,4.025623333,-9.263807982
laser 003,quadratic_graph,2111.680487,1609.000000,-0.010051511,4.020576276,9.362008293,712.456979246,4.025062949,-9.360764624
laser 003,quadratic_graph,2111.685715,1610.000000,-0.015572027,4.021112550,9.459026767,712.461735448,4.025847187,-9.457740922
laser 003,quadratic_graph,2111.717819,1611.000000,-0.029507477,4.024303171,9.556161263,712.475033333,4.029665588,-9.554763327
laser 003,quadratic_graph,2111.748001,1612.000000,-0.042840228,4.027304098,9.653291178,712.487719429,4.033267091,-9.651786159
laser 003,quadratic_graph,2111.745364,1613.000000,-0.045894215,4.027063678,9.750281775,712.489971959,4.033163307,-9.748755072
laser 003,quadratic_graph,2111.699367,1614.000000,-0.035368225,4.022540824,9.847082453,712.478440037,4.028164146,-9.845646891
laser 003,quadratic_graph,2111.636986,1615.000000,-0.019710721,4.016400065,9.943807344,712.461699381,4.021315464,-9.942505557
laser 003,quadratic_graph,2111.595001,1616.000000,-0.010439242,4.012273785,10.040619179,712.451440954,4.016769502,-10.039398109
laser 003,quadratic_graph,2111.575254,1617.000000,-0.008130052,4.010343692,10.137528933,712.448249672,4.014733974,-10.136330737
laser 003,quadratic_graph,2111.570456,1618.000000,-0.010500560,4.009889882,10.234506192,712.449808558,4.014385954,-10.233291988
laser 003,quadratic_graph,2111.564717,1619.000000,-0.012575112,4.009343156,10.331479612,712.451067049,4.013931659,-10.330251860
laser 003,quadratic_graph,2111.572654,1620.000000,-0.018930825,4.010147000,10.428517116,712.456671150,4.015021168,-10.427240248
laser 003,quadratic_graph,2111.601003,1621.000000,-0.031677280,4.012966691,10.525652134,712.468762177,4.018414976,-10.524273052
laser 003,quadratic_graph,2111.602259,1622.000000,-0.035938499,4.013110804,10.622662051,712.472240268,4.018750219,-10.621251254
laser 003,quadratic_graph,2111.567547,1623.000000,-0.028935028,4.009702835,10.719500880,712.464284177,4.015024938,-10.718151957
laser 003,quadratic_graph,2111.525203,1624.000000,-0.019540533,4.005541273,10.816300774,712.453901123,4.010438143,-10.815033589
laser 003,quadratic_graph,2111.477172,1625.000000,-0.008364245,4.000818257,10.913070221,712.441709511,4.005209473,-10.911899577
laser 003,quadratic_graph,2111.500552,1626.000000,-0.019547742,4.003147099,11.010187395,712.452214105,4.008041889,-11.008927523
laser 003,quadratic_graph,2111.485155,1627.000000,-0.018587591,4.001646722,11.107115251,712.450392373,4.006496973,-11.105867043
laser 003,quadratic_graph,2111.525940,1628.000000,-0.035219083,4.005694435,11.204323682,712.466426908,4.011294161,-11.202940983
laser 003,quadratic_graph,2111.527062,1629.000000,-0.039429196,4.005825366,11.301336473,712.469853226,4.011613917,-11.299922481
laser 003,quadratic_graph,2111.553920,1630.000000,-0.051697523,4.008497907,11.398481229,712.481458954,4.014838998,-11.396968996
laser 003,quadratic_graph,2111.509801,1631.000000,-0.041737496,4.004161050,11.495265007,712.470502056,4.010051386,-11.493839209
laser 003,quadratic_graph,2111.484513,1632.000000,-0.037673351,4.001683927,11.592143331,712.465529737,4.007389625,-11.590754985
laser 003,quadratic_graph,2111.408186,1633.000000,-0.017625644,3.994166829,11.688754076,712.444333570,3.998966457,-11.687535975
laser 003,quadratic_graph,2111.388682,1634.000000,-0.015370343,3.992261027,11.785658082,712.441197369,3.996957661,-11.784462403
laser 003,quadratic_graph,2111.419586,1635.000000,-0.028898231,3.995332836,11.882828690,712.454081649,4.000638864,-11.881524305
laser 003,quadratic_graph,2111.450189,1636.000000,-0.042331032,3.998375047,11.980001288,712.466869400,4.004286177,-11.978588986
laser 003,quadratic_graph,2111.432718,1637.000000,-0.040708268,3.996669961,12.076918286,712.464375282,4.002506649,-12.075523151
laser 003,quadratic_graph,2111.399784,1638.000000,-0.034242020,3.993437952,12.173750659,712.456964910,3.998981582,-12.172412931
laser 003,quadratic_graph,2111.394229,1639.000000,-0.036348126,3.992909602,12.270731067,712.458255754,3.998547096,-12.269379526
laser 003,quadratic_graph,2111.407548,1640.000000,-0.044363329,3.994245042,12.367816110,712.465544504,4.000243112,-12.366401662
laser 003,quadratic_graph,2111.416196,1641.000000,-0.050914621,3.995119259,12.464877234,712.471347348,4.001411830,-12.463412042
laser 003,quadratic_graph,2111.408034,1642.000000,-0.052200471,3.994333496,12.561845763,712.471805645,4.000682910,-12.560373572
laser 003,quadratic_graph,2111.377186,1643.000000,-0.046380751,3.991307521,12.658686309,712.465051639,3.997393061,-12.657266153
laser 003,quadratic_graph,2111.340472,1644.000000,-0.038722915,3.987702372,12.755491704,712.456431940,3.993441075,-12.754138854
laser 003,quadratic_graph,2111.338823,1645.000000,-0.042044347,3.987559784,12.852496010,712.458956464,3.993447207,-12.851119249
laser 003,quadratic_graph,2111.384872,1646.000000,-0.060301489,3.992127294,12.949776812,712.476641040,3.998837575,-12.948252053
laser 003,quadratic_graph,2111.446568,1647.000000,-0.083458569,3.998240274,13.047153665,712.499299121,4.005994574,-13.045440199
laser 003,quadratic_graph,2111.497391,1648.000000,-0.103210333,4.003279825,13.144472999,712.518500712,4.011924443,-13.142599117
laser 003,quadratic_graph,2111.521067,1649.000000,-0.114459004,4.005638495,13.241637190,712.529071499,4.014789639,-13.239673536
laser 003,quadratic_graph,2111.509925,1650.000000,-0.114801168,4.004558462,13.338597020,712.528572012,4.013723857,-13.336634206
laser 003,quadratic_graph,2111.468795,1651.000000,-0.105749599,4.000516789,13.435376938,712.518537777,4.009272442,-13.433493009
laser 003,quadratic_graph,2111.427667,1652.000000,-0.096697604,3.996475437,13.532154230,712.508503151,4.004821330,-13.530349188
laser 003,quadratic_graph,2111.409884,1653.000000,-0.094955942,3.994739636,13.629070916,712.505888638,4.003005726,-13.627284026
laser 003,quadratic_graph,2111.395614,1654.000000,-0.094313225,3.993350785,13.726008505,712.504389589,4.001586674,-13.724230637
laser 003,quadratic_graph,2111.361517,1655.000000,-0.087459646,3.990003970,13.822823431,712.496586481,3.997929327,-13.821106185
laser 003,quadratic_graph,2111.311856,1656.000000,-0.075730643,3.985120306,13.919539616,712.483834817,3.992515076,-13.917923498
laser 003,quadratic_graph,2111.262332,1657.000000,-0.064043654,3.980250354,14.016253285,712.471125846,3.987116433,-14.014737945
laser 003,quadratic_graph,2111.223519,1658.000000,-0.055709963,3.976438202,14.113031070,712.461820538,3.982926943,-14.111588647
laser 003,quadratic_graph,2111.217842,1659.000000,-0.057751788,3.975898010,14.210016596,712.463046461,3.982477723,-14.208560891
laser 003,quadratic_graph,2111.256167,1660.000000,-0.073572155,3.979702740,14.307283565,712.478257659,3.986995329,-14.305700106
laser 003,quadratic_graph,2111.274256,1661.000000,-0.083054351,3.981509375,14.404424662,712.487035585,3.989228763,-14.402766106
laser 003,quadratic_graph,2111.246329,1662.000000,-0.078124198,3.978772103,14.501270367,712.481184967,3.986267777,-14.499656452
laser 003,quadratic_graph,2111.205882,1663.000000,-0.069271973,3.974798624,14.598032989,712.471353481,3.981893559,-14.596496299
laser 003,quadratic_graph,2111.202386,1664.000000,-0.071990331,3.974473841,14.695035412,712.473266155,3.981690285,-14.693479819
laser 003,quadratic_graph,2111.240943,1665.000000,-0.087877332,3.978301573,14.792316128,712.488544975,3.986233903,-14.790632226
laser 003,quadratic_graph,2111.245462,1666.000000,-0.093103354,3.978768274,14.889374872,712.493002929,3.986935298,-14.887651234
laser 003,quadratic_graph,2111.201474,1667.000000,-0.083136604,3.974445120,14.986110425,712.482040310,3.982161103,-14.984473270
laser 003,quadratic_graph,2111.160395,1668.000000,-0.074079856,3.970409345,15.082862679,712.472001381,3.977715360,-15.081304447
laser 003,quadratic_graph,2111.150460,1669.000000,-0.074775206,3.969448819,15.179823327,712.471860796,3.976785034,-15.178262999
laser 003,quadratic_graph,2111.164124,1670.000000,-0.082859766,3.970818492,15.276944962,712.479220210,3.978518426,-15.275321147
laser 003,quadratic_graph,2111.175214,1671.000000,-0.090137055,3.971934041,15.374051033,712.485760254,3.979961258,-15.372370439
laser 003,quadratic_graph,2111.168851,1672.000000,-0.091947175,3.971326243,15.471038450,712.486751186,3.979433978,-15.469346497
laser 003,quadratic_graph,2111.130265,1673.000000,-0.083664462,3.967536698,15.567802305,712.477498037,3.975269403,-15.566182844
laser 003,quadratic_graph,2111.084096,1674.000000,-0.073005930,3.962998536,15.664510719,712.465833503,3.970248979,-15.662983487
laser 003,quadratic_graph,2111.052342,1675.000000,-0.066860580,3.959883781,15.761317476,712.458749828,3.966855666,-15.759844979
laser 003,quadratic_graph,2111.033878,1676.000000,-0.064875862,3.958081255,15.858216478,712.455889160,3.964962377,-15.856764148
laser 003,quadratic_graph,2111.029537,1677.000000,-0.067312550,3.957673157,15.955215381,712.457516167,3.964663080,-15.953746486
laser 003,quadratic_graph,2111.044475,1678.000000,-0.075785388,3.959168569,16.052352964,712.465269767,3.966539740,-16.050817355
laser 003,quadratic_graph,2111.067460,1679.000000,-0.086777198,3.961458566,16.149550768,712.475580074,3.969324680,-16.147927520
laser 003,quadratic_graph,2111.078372,1680.000000,-0.093986974,3.962556560,16.246663929,712.482051690,3.970746914,-16.244984460
laser 003,quadratic_graph,2111.068323,1681.000000,-0.094630950,3.961584907,16.343626029,712.481859167,3.969803148,-16.341944889
laser 003,quadratic_graph,2111.042404,1682.000000,-0.090303489,3.959046301,16.440471710,712.476620771,3.967068039,-16.438830200
laser 003,quadratic_graph,2111.018518,1683.000000,-0.086611464,3.956708471,16.537331073,712.472027357,3.964562388,-16.535723913
laser 003,quadratic_graph,2111.001029,1684.000000,-0.084921524,3.955002281,16.634236783,712.469466035,3.962778745,-16.632647341
laser 003,quadratic_graph,2110.983873,1685.000000,-0.083334575,3.953328994,16.731144383,712.467009271,3.961032651,-16.729571802
laser 003,quadratic_graph,2110.972819,1686.000000,-0.083657277,3.952258193,16.828097250,712.466490774,3.959975239,-16.826525666
laser 003,quadratic_graph,2110.993068,1687.000000,-0.093781901,3.954278060,16.925286570,712.475920957,3.962450912,-16.923634548
laser 003,quadratic_graph,2111.043091,1688.000000,-0.113230370,3.959237832,17.022704806,712.494814553,3.968287329,-17.020894886
laser 003,quadratic_graph,2111.061717,1689.000000,-0.122844829,3.961097643,17.119888366,712.503726914,3.970579920,-17.118002247
laser 003,quadratic_graph,2111.032906,1690.000000,-0.117600821,3.958273497,17.216709880,712.497558420,3.967517906,-17.214871005
laser 003,quadratic_graph,2110.988285,1691.000000,-0.107404080,3.953888378,17.313407632,712.486363104,3.962671374,-17.311657147
laser 003,quadratic_graph,2110.955435,1692.000000,-0.100892783,3.950665595,17.410193924,712.478908427,3.959153525,-17.408501211
laser 003,quadratic_graph,2110.939756,1693.000000,-0.099757875,3.949138221,17.507112479,712.476910624,3.957573751,-17.505432870
laser 003,quadratic_graph,2110.936304,1694.000000,-0.102450914,3.948818069,17.604126673,712.478798063,3.957373978,-17.602428367
laser 003,quadratic_graph,2110.943194,1695.000000,-0.108381613,3.949519032,17.701223201,712.483971617,3.958341454,-17.699479299
laser 003,quadratic_graph,2110.945972,1696.000000,-0.113023251,3.949814020,17.798288573,712.487836830,3.958844773,-17.796509786
laser 003,quadratic_graph,2110.916873,1697.000000,-0.107680110,3.946961672,17.895100467,712.481567914,3.955750086,-17.893369745
laser 003,quadratic_graph,2110.878285,1698.000000,-0.099364010,3.943172533,17.991834552,712.472281604,3.951584422,-17.990176595
laser 003,quadratic_graph,2110.858540,1699.000000,-0.096947913,3.941243829,18.088718362,712.468983579,3.949545494,-18.087084152
laser 003,quadratic_graph,2110.832802,1700.000000,-0.092653700,3.938723483,18.185552731,712.463779376,3.946830154,-18.183957872
laser 003,quadratic_graph,2110.787812,1701.000000,-0.082329226,3.934302545,18.282228683,712.452454767,3.941942043,-18.280723273
laser 003,quadratic_graph,2110.740478,1702.000000,-0.071269747,3.929650358,18.378882438,712.440384208,3.936789508,-18.377472582
laser 003,quadratic_graph,2110.708639,1703.000000,-0.065061476,3.926527950,18.475660801,712.433237436,3.933385715,-18.474306197
laser 003,quadratic_graph,2110.690600,1704.000000,-0.063173365,3.924767888,18.572551726,712.430475444,3.931539263,-18.571216482
laser 003,quadratic_graph,2110.688217,1705.000000,-0.066186522,3.924553345,18.669572468,712.432688015,3.931459552,-18.668215865
laser 003,quadratic_graph,2110.708229,1706.000000,-0.076211385,3.926549594,18.766781511,712.442017114,3.933907112,-18.765345298
laser 003,quadratic_graph,2110.720507,1707.000000,-0.083813215,3.927782405,18.863928087,712.448886959,3.935481869,-18.862432394
laser 003,quadratic_graph,2110.704415,1708.000000,-0.082529483,3.926214553,18.960836540,712.446738445,3.933854907,-18.959355185
laser 003,quadratic_graph,2110.679632,1709.000000,-0.078522822,3.923788764,19.057670586,712.441826333,3.931247107,-19.056226191
laser 003,quadratic_graph,2110.668590,1710.000000,-0.078817929,3.922719481,19.154620884,712.441280301,3.930189978,-19.153177712
laser 003,quadratic_graph,2110.656001,1711.000000,-0.078627282,3.921497497,19.251557849,712.440241275,3.928958222,-19.250119934
laser 003,quadratic_graph,2110.617698,1712.000000,-0.070383017,3.917737180,19.348272572,712.431028325,3.924824628,-19.346906821
laser 003,quadratic_graph,2110.577826,1713.000000,-0.061646345,3.913822092,19.444971284,712.421315652,3.920514039,-19.443681788
laser 003,quadratic_graph,2110.565825,1714.000000,-0.061635938,3.912658228,19.541910563,712.420459639,3.919348540,-19.540624826
laser 003,quadratic_graph,2110.583214,1715.000000,-0.070827425,3.914395480,19.639107341,712.428942989,3.921499492,-19.637748916
laser 003,quadratic_graph,2110.612965,1716.000000,-0.083889027,3.917353095,19.736415445,712.441354256,3.925045487,-19.734952180
laser 003,quadratic_graph,2110.631593,1717.000000,-0.093466431,3.919212793,19.833628580,712.450229277,3.927336304,-19.832089422
laser 003,quadratic_graph,2110.607175,1718.000000,-0.089562229,3.916823169,19.930461306,712.445421363,3.924769298,-19.928958255
laser 003,quadratic_graph,2110.550003,1719.000000,-0.075399813,3.911200368,20.027000047,712.430202085,3.918506103,-20.025618325
laser 003,quadratic_graph,2110.516510,1720.000000,-0.068651470,3.907915103,20.123747454,712.422507633,3.914915084,-20.122425467
laser 003,quadratic_graph,2110.536330,1721.000000,-0.078596482,3.909892345,20.220974046,712.431755803,3.917340040,-20.219573111
laser 003,quadratic_graph,2110.587565,1722.000000,-0.098378408,3.914970757,20.318488181,712.450987734,3.923310161,-20.316926575
laser 003,quadratic_graph,2110.606772,1723.000000,-0.108129595,3.916887687,20.415715828,712.460039165,3.925666056,-20.414076884
laser 003,quadratic_graph,2110.561633,1724.000000,-0.097728269,3.912452638,20.512356909,712.448637277,3.920760375,-20.510808047
laser 003,quadratic_graph,2110.529491,1725.000000,-0.091396065,3.909300688,20.609114565,712.441365288,3.917321456,-20.607621980
laser 003,quadratic_graph,2110.450245,1726.000000,-0.070312255,3.901499301,20.705435036,712.419121577,3.908567277,-20.704121279
laser 003,quadratic_graph,2110.441960,1727.000000,-0.071448485,3.900702390,20.802408442,712.419429558,3.907820491,-20.801088917
laser 003,quadratic_graph,2110.490371,1728.000000,-0.090337673,3.905501794,20.899910923,712.437755416,3.913471313,-20.898438144
laser 003,quadratic_graph,2110.535124,1729.000000,-0.108080922,3.909940366,20.997384254,712.454918211,3.918709580,-20.995767740
laser 003,quadratic_graph,2110.520307,1730.000000,-0.107167664,3.908498661,21.094301501,712.453146138,3.917225496,-21.092696244
laser 003,quadratic_graph,2110.459116,1731.000000,-0.091730503,3.902479378,21.190779750,712.436633518,3.910508288,-21.189306410
laser 003,quadratic_graph,2110.402605,1732.000000,-0.077758254,3.896922312,21.287298106,712.421607717,3.904319418,-21.285944513
laser 003,quadratic_graph,2110.375389,1733.000000,-0.072958570,3.894256924,21.384092103,712.415891349,3.901436235,-21.382782054
laser 003,quadratic_graph,2110.387498,1734.000000,-0.080471874,3.895473033,21.481261696,712.422671639,3.902990306,-21.479892898
laser 003,quadratic_graph,2110.444645,1735.000000,-0.102087995,3.901134744,21.578867036,712.443765065,3.909626519,-21.577322329
laser 003,quadratic_graph,2110.490273,1736.000000,-0.120096533,3.905659723,21.676366824,712.461197081,3.914963170,-21.674676178
laser 003,quadratic_graph,2110.459276,1737.000000,-0.114106912,3.902620937,21.773126798,712.454273084,3.911652883,-21.771489581
laser 003,quadratic_graph,2110.393075,1738.000000,-0.097091519,3.896107324,21.869541367,712.436158959,3.904370114,-21.868049177
laser 003,quadratic_graph,2110.345912,1739.000000,-0.086037336,3.891473123,21.966137800,712.424094976,3.899235821,-21.964741112
laser 003,quadratic_graph,2110.338665,1740.000000,-0.087481643,3.890778805,22.063124144,712.424715847,3.898605538,-22.061719127
laser 003,quadratic_graph,2110.337017,1741.000000,-0.090677974,3.890637130,22.160166154,712.427114873,3.898606978,-22.158738252
laser 003,quadratic_graph,2110.325192,1742.000000,-0.090686071,3.889490974,22.257107837,712.426278157,3.897460034,-22.255683536
laser 003,quadratic_graph,2110.320297,1743.000000,-0.092862999,3.889028833,22.354118555,712.427642616,3.897094997,-22.352679837
laser 003,quadratic_graph,2110.324667,1744.000000,-0.097940009,3.889481177,22.451222605,712.431950389,3.897775344,-22.449745378
laser 003,quadratic_graph,2110.336936,1745.000000,-0.105489432,3.890713202,22.548407448,712.438767424,3.899346965,-22.546871171
laser 003,quadratic_graph,2110.334823,1746.000000,-0.108533726,3.890525687,22.645448903,712.441012206,3.899295705,-22.643891003
laser 003,quadratic_graph,2110.274714,1747.000000,-0.093414767,3.884613853,22.741902390,712.424823136,3.892700316,-22.740473759
laser 003,quadratic_graph,2110.194897,1748.000000,-0.072123927,3.876757234,22.838150725,712.402370295,3.883881570,-22.836902637
laser 003,quadratic_graph,2110.156153,1749.000000,-0.063693820,3.872954539,22.934813531,712.392969836,3.879697226,-22.933639144
laser 003,quadratic_graph,2110.154158,1750.000000,-0.066769522,3.872778665,23.031851658,712.395246607,3.879659027,-23.030655386
laser 003,quadratic_graph,2110.132628,1751.000000,-0.063727022,3.870674897,23.128688874,712.391314064,3.877416784,-23.127521545
laser 003,quadratic_graph,2110.078023,1752.000000,-0.050326952,3.865307120,23.225182301,712.376869724,3.871443037,-23.224129960
laser 003,quadratic_graph,2110.034408,1753.000000,-0.040367088,3.861024069,23.321786323,712.365916873,3.866709293,-23.320820390
laser 003,quadratic_graph,2110.039226,1754.000000,-0.045570565,3.861520526,23.418893695,712.370353193,3.867439464,-23.417888201
laser 003,quadratic_graph,2110.071497,1755.000000,-0.059368714,3.864726180,23.516290529,712.383512162,3.871266759,-23.515174072
laser 003,quadratic_graph,2110.067575,1756.000000,-0.061833141,3.864360184,23.613309649,712.385168658,3.871010849,-23.612176386
laser 003,quadratic_graph,2110.013501,1757.000000,-0.048592965,3.859045025,23.709798645,712.370886773,3.865096939,-23.708779040
laser 003,quadratic_graph,2109.947213,1758.000000,-0.031527883,3.852524851,23.806154128,712.352723097,3.857805376,-23.805279957
laser 003,quadratic_graph,2109.917024,1759.000000,-0.025764289,3.849566980,23.902889895,712.346029186,3.854586215,-23.902067271
laser 003,quadratic_graph,2109.925196,1760.000000,-0.032009802,3.850394375,24.000034840,712.351523149,3.855694361,-23.999163996
laser 003,quadratic_graph,2109.953409,1761.000000,-0.044528926,3.853199382,24.097396936,712.363384093,3.859063281,-24.096425756
laser 003,quadratic_graph,2109.983931,1762.000000,-0.057770127,3.856232352,24.194787334,712.375977849,3.862692757,-24.193709817
laser 003,quadratic_graph,2109.997542,1763.000000,-0.065715269,3.857596610,24.291997959,712.383196729,3.864414480,-24.290858103
laser 003,quadratic_graph,2109.989331,1764.000000,-0.066826279,3.856807441,24.388973149,712.383479797,3.863674313,-24.387827728
laser 003,quadratic_graph,2109.969569,1765.000000,-0.064319142,3.854878411,24.485822311,712.380090907,3.861630979,-24.484701383
laser 003,quadratic_graph,2109.940503,1766.000000,-0.058897511,3.852031296,24.582568603,712.373744191,3.858538012,-24.581496379
laser 003,quadratic_graph,2109.894673,1767.000000,-0.048225776,3.847530033,24.679128656,712.362069309,3.853553931,-24.678148751
laser 003,quadratic_graph,2109.831563,1768.000000,-0.032142876,3.841323887,24.775494607,712.344902823,3.846620732,-24.774651975
laser 003,quadratic_graph,2109.769394,1769.000000,-0.016354040,3.835210890,24.871866484,712.328034833,3.839793954,-24.871158681
laser 003,quadratic_graph,2109.762651,1770.000000,-0.017916713,3.834566672,24.968851509,712.328776449,3.839219127,-24.968134387
laser 003,quadratic_graph,2109.810438,1771.000000,-0.036550522,3.839302804,25.066446856,712.346843066,3.844795167,-25.065578598
laser 003,quadratic_graph,2109.855987,1772.000000,-0.054483214,3.843818361,25.164022150,712.364198117,3.850118987,-25.163008581
laser 003,quadratic_graph,2109.876107,1773.000000,-0.064453175,3.845824879,25.261315639,712.373472026,3.852574365,-25.260222909
laser 003,quadratic_graph,2109.870514,1774.000000,-0.066370843,3.845294163,25.358320786,712.374573927,3.852129065,-25.357215788
laser 003,quadratic_graph,2109.854199,1775.000000,-0.064929984,3.843705452,25.455204555,712.372267391,3.850474180,-25.454115190
laser 003,quadratic_graph,2109.839419,1776.000000,-0.063968457,3.842268227,25.552105331,712.370447335,3.848992418,-25.551027617
laser 003,quadratic_graph,2109.831192,1777.000000,-0.065057455,3.841477632,25.649080753,712.370708302,3.848249838,-25.647997655
laser 003,quadratic_graph,2109.825213,1778.000000,-0.066849028,3.840908869,25.746082207,712.371682302,3.847760800,-25.744987888
laser 003,quadratic_graph,2109.817816,1779.000000,-0.068195302,3.840200195,25.843067702,712.372204401,3.847111754,-25.841965861
laser 003,quadratic_graph,2109.812022,1780.000000,-0.070042195,3.839649706,25.940072028,712.373234575,3.846643489,-25.938958507
laser 003,quadratic_graph,2109.799218,1781.000000,-0.069692839,3.838407523,26.036995309,712.372035882,3.845384401,-26.035888352
laser 003,quadratic_graph,2109.779673,1782.000000,-0.067231476,3.836500203,26.133839772,712.368693824,3.843364850,-26.132756925
laser 003,quadratic_graph,2109.752595,1783.000000,-0.062410175,3.833849624,26.230595275,712.362956796,3.840495523,-26.229556142
laser 003,quadratic_graph,2109.728014,1784.000000,-0.058369468,3.831445473,26.327378688,712.358011987,3.837907856,-26.326376785
laser 003,quadratic_graph,2109.718052,1785.000000,-0.058904758,3.830483786,26.424333288,712.357711174,3.836969196,-26.423330599
laser 003,quadratic_graph,2109.712149,1786.000000,-0.060709636,3.829922606,26.521335980,712.358698822,3.836488345,-26.520321959
laser 003,quadratic_graph,2109.678213,1787.000000,-0.053735993,3.826595504,26.618006065,712.350777595,3.832845350,-26.617053638
laser 003,quadratic_graph,2109.602916,1788.000000,-0.033811607,3.819187750,26.714181035,712.329713344,3.824537164,-26.713397787
laser 003,quadratic_graph,2109.517213,1789.000000,-0.010629358,3.810753855,26.810225949,712.305342923,3.815055791,-26.809638945
laser 003,quadratic_graph,2109.534050,1790.000000,-0.019547917,3.812436104,26.907495627,712.313549999,3.817139451,-26.906838194
laser 003,quadratic_graph,2109.545250,1791.000000,-0.026700567,3.813562281,27.004699749,712.319964949,3.818587335,-27.003986557
laser 003,quadratic_graph,2109.523364,1792.000000,-0.023493631,3.811424363,27.101505603,712.315866526,3.816303538,-27.100822712
laser 003,quadratic_graph,2109.557007,1793.000000,-0.037670167,3.814764716,27.198984468,712.329409639,3.820282627,-27.198187468
laser 003,quadratic_graph,2109.517879,1794.000000,-0.029062441,3.810925764,27.295580733,712.319830297,3.816054029,-27.294858901
laser 003,quadratic_graph,2109.376738,1795.000000,0.011481798,3.797023604,27.390927604,712.277840495,3.800320750,-27.390546245
laser 003,quadratic_graph,2109.216662,1796.000000,0.057949283,3.781255516,27.486031137,712.229839662,3.782454196,-27.486039457
laser 003,quadratic_graph,2109.144005,1797.000000,0.077052525,3.774110768,27.582197796,712.209609263,3.774446082,-27.582368472
laser 003,quadratic_graph,2107.149702,2004.000000,-0.023594549,3.582047680,47.650304274,712.137498670,3.586701113,-47.650392983
laser 003,quadratic_graph,2107.168853,2005.000000,-0.032954069,3.583957672,47.747872077,712.146154933,3.589032508,-47.747886670
laser 003,quadratic_graph,2107.138997,2006.000000,-0.026973891,3.581038267,47.844396420,712.139247668,3.585842146,-47.844464313
laser 003,quadratic_graph,2107.112494,2007.000000,-0.022041932,3.578449337,47.940990796,712.133403948,3.583029570,-47.941103281
laser 003,quadratic_graph,2107.115560,2008.000000,-0.026363132,3.578774235,48.038217449,712.136948411,3.583548467,-48.038297668
laser 003,quadratic_graph,2107.139083,2009.000000,-0.037085820,3.581115077,48.135884560,712.146987755,3.586372242,-48.135879341
laser 003,quadratic_graph,2107.167938,2010.000000,-0.049476402,3.583981461,48.233669357,712.158719313,3.589796840,-48.233564845
laser 003,quadratic_graph,2107.195047,2011.000000,-0.061319555,3.586675886,48.331419926,712.169895449,3.593024771,-48.331220669
laser 003,quadratic_graph,2107.220252,2012.000000,-0.072565772,3.589182765,48.429132623,712.180465933,3.596038214,-48.428843578
laser 003,quadratic_graph,2107.240335,2013.000000,-0.082207676,3.591184929,48.526737527,712.189408701,3.598474531,-48.526372020
laser 003,quadratic_graph,2107.237809,2014.000000,-0.084771173,3.590958872,48.623854614,712.191169840,3.598363141,-48.623471440
laser 003,quadratic_graph,2107.195584,2015.000000,-0.074906597,3.586820289,48.720109473,712.180321708,3.593778281,-48.719811863
laser 003,quadratic_graph,2107.135641,2016.000000,-0.059495138,3.580935740,48.815975730,712.163845864,3.587197094,-48.815809756
laser 003,quadratic_graph,2107.089246,2017.000000,-0.048323514,3.576386542,48.912133372,712.151671720,3.582142625,-48.912063817
laser 003,quadratic_graph,2107.061348,2018.000000,-0.042940294,3.573660234,49.008692329,712.145370403,3.579172308,-49.008671113
laser 003,quadratic_graph,2107.039256,2019.000000,-0.039373058,3.571506110,49.105376964,712.140911571,3.576856141,-49.105389003
laser 003,quadratic_graph,2107.008653,2020.000000,-0.033140771,3.568513350,49.201873775,712.133748873,3.573581051,-49.201941206
laser 003,quadratic_graph,2106.968312,2021.000000,-0.023859567,3.564561109,49.298154686,712.123492857,3.569208865,-49.298302832
laser 003,quadratic_graph,2106.926051,2022.000000,-0.013976433,3.560419801,49.394390715,712.112626180,3.564620445,-49.394624577
laser 003,quadratic_graph,2106.898523,2023.000000,-0.008703071,3.557730269,49.490949270,712.106436487,3.561691865,-49.491230558
laser 003,quadratic_graph,2106.895245,2024.000000,-0.011017680,3.557430142,49.588042769,712.107945353,3.561495176,-49.588308455
laser 003,quadratic_graph,2106.903984,2025.000000,-0.017091862,3.558314081,49.685403227,712.113268579,3.562652242,-49.685622084
laser 003,quadratic_graph,2106.906283,2026.000000,-0.021149306,3.558563493,49.782622322,712.116545690,3.563083756,-49.782811101
laser 003,quadratic_graph,2106.910159,2027.000000,-0.025699031,3.558968306,49.879877603,712.120322263,3.563692891,-49.880032215
laser 003,quadratic_graph,2106.926679,2028.000000,-0.034204765,3.560619015,49.977416014,712.128112473,3.565726477,-49.977503600
laser 003,quadratic_graph,2106.932177,2029.000000,-0.039259664,3.561183698,50.074710543,712.132401589,3.566518285,-50.074759766
laser 003,quadratic_graph,2106.912395,2030.000000,-0.036401114,3.559257401,50.171440633,712.128662018,3.564461935,-50.171517222
laser 003,quadratic_graph,2106.881413,2031.000000,-0.030035972,3.556227555,50.267918753,712.121364817,3.561143767,-50.268051835
laser 003,quadratic_graph,2106.860671,2032.000000,-0.026874449,3.554206737,50.364625162,712.117317916,3.558979224,-50.364788128
laser 003,quadratic_graph,2106.864883,2033.000000,-0.031521509,3.554644704,50.461892405,712.121193313,3.559625907,-50.462020394
laser 003,quadratic_graph,2106.881507,2034.000000,-0.040052000,3.556305690,50.559440856,712.129008685,3.561670891,-50.559501613
laser 003,quadratic_graph,2106.889295,2035.000000,-0.045815816,3.557096064,50.656791972,712.134017105,3.562720388,-50.656808477
laser 003,quadratic_graph,2106.881152,2036.000000,-0.046592195,3.556316684,50.753783957,712.133965496,3.561975023,-50.753797635
laser 003,quadratic_graph,2106.874680,2037.000000,-0.047890265,3.555701967,50.850814036,712.134443187,3.561417867,-50.850820554
laser 003,quadratic_graph,2106.885939,2038.000000,-0.054736638,3.556834400,50.948247443,712.140549945,3.562858286,-50.948200717
laser 003,quadratic_graph,2106.888076,2039.000000,-0.058726666,3.557068004,51.045474999,712.143758793,3.563270956,-51.045398753
laser 003,quadratic_graph,2106.868752,2040.000000,-0.055998237,3.555186920,51.142213998,712.140151432,3.561265697,-51.142164037
laser 003,quadratic_graph,2106.840751,2041.000000,-0.050552734,3.552450879,51.238753883,712.133787488,3.558282846,-51.238752774
laser 003,quadratic_graph,2106.817866,2042.000000,-0.046707237,3.550218984,51.335409406,712.129046859,3.555876358,-51.335443860
laser 003,quadratic_graph,2106.778715,2043.000000,-0.037769604,3.546384432,51.431690646,712.119140042,3.551637379,-51.431802958
laser 003,quadratic_graph,2106.735693,2044.000000,-0.027619421,3.542168595,51.527880432,712.108003078,3.546962386,-51.528080673
laser 003,quadratic_graph,2106.721465,2045.000000,-0.026479611,3.540789799,51.624730503,712.106007587,3.545531119,-51.624943833
laser 003,quadratic_graph,2106.732628,2046.000000,-0.033285012,3.541912687,51.722166070,712.112072885,3.546960148,-51.722326494
laser 003,quadratic_graph,2106.741785,2047.000000,-0.039461389,3.542837960,51.819557130,712.117500013,3.548163171,-51.819669874
laser 003,quadratic_graph,2106.747351,2048.000000,-0.044512639,3.543409443,51.916866714,712.121785657,3.548961620,-51.916941122
laser 003,quadratic_graph,2106.762692,2049.000000,-0.052622052,3.544944081,52.014404489,712.129173938,3.550861257,-52.014415160
laser 003,quadratic_graph,2106.788359,2050.000000,-0.063962282,3.547496219,52.112184547,712.139840010,3.553924218,-52.112104646
laser 003,quadratic_graph,2106.803974,2051.000000,-0.072155231,3.549057968,52.209733615,712.147313036,3.555854736,-52.209589284
laser 003,quadratic_graph,2106.791515,2052.000000,-0.071559762,3.547853462,52.306629837,712.145869885,3.554622333,-52.306494072
laser 003,quadratic_graph,2106.759539,2053.000000,-0.064854234,3.544725895,52.403069615,712.138227880,3.551191089,-52.402993166
laser 003,quadratic_graph,2106.733915,2054.000000,-0.060135644,3.542224265,52.499656293,712.132601726,3.548475465,-52.499622657
laser 003,quadratic_graph,2106.723449,2055.000000,-0.060160074,3.541216193,52.596597307,712.131787555,3.547467475,-52.596567087
laser 003,quadratic_graph,2106.730989,2056.000000,-0.065818908,3.541982274,52.693961569,712.136689688,3.548487950,-52.693887966
laser 003,quadratic_graph,2106.743126,2057.000000,-0.072915361,3.543201334,52.791435641,712.143050335,3.550026291,-52.791306715
laser 003,quadratic_graph,2106.729895,2058.000000,-0.072070406,3.541920836,52.888313128,712.141354187,3.548706638,-52.888194839
laser 003,quadratic_graph,2106.685861,2059.000000,-0.061583039,3.537605330,52.984462283,712.129875553,3.543916763,-52.984434721
laser 003,quadratic_graph,2106.648719,2060.000000,-0.053251757,3.533969004,53.080771740,712.120584370,3.539903385,-53.080816997
laser 003,quadratic_graph,2106.648314,2061.000000,-0.056417249,3.533952282,53.177950366,712.122957008,3.540028522,-53.177972949
laser 003,quadratic_graph,2106.657726,2062.000000,-0.062654040,3.534902814,53.275363157,712.128445568,3.541259536,-53.275337556
laser 003,quadratic_graph,2106.662530,2063.000000,-0.067447345,3.535399354,53.372667945,712.132469679,3.541971407,-53.372606149
laser 003,quadratic_graph,2106.648361,2064.000000,-0.066300980,3.534026528,53.469521481,712.130467865,3.540545823,-53.469472825
laser 003,quadratic_graph,2106.606877,2065.000000,-0.056604128,3.529962486,53.565721976,712.119791418,3.536043096,-53.565757480
laser 003,quadratic_graph,2106.565477,2066.000000,-0.046932548,3.525906844,53.661921806,712.109140650,3.531549910,-53.662041259
laser 003,quadratic_graph,2106.574625,2067.000000,-0.053079971,3.526831340,53.759331150,712.114538610,3.532750857,-53.759403161
laser 003,quadratic_graph,2106.645433,2068.000000,-0.078525176,3.533831018,53.858223604,712.139514527,3.540897997,-53.858087886
laser 003,quadratic_graph,2106.710943,2069.000000,-0.102312432,3.540309172,53.956995675,712.162808385,3.548448781,-53.956666000
laser 003,quadratic_graph,2106.738894,2070.000000,-0.114342623,3.543086704,54.054868662,712.174174475,3.551768285,-54.054442682
laser 003,quadratic_graph,2106.731173,2071.000000,-0.115205298,3.542349228,54.151883191,712.174210945,3.551068734,-54.151453663
laser 003,quadratic_graph,2106.702446,2072.000000,-0.109491211,3.539541890,54.248389564,712.167575217,3.548002476,-54.248011114
laser 003,quadratic_graph,2106.658675,2073.000000,-0.099066896,3.535252272,54.344529623,712.156160935,3.543241342,-54.344241374
laser 003,quadratic_graph,2106.590939,2074.000000,-0.081140512,3.528601560,54.440084796,712.137135764,3.535780507,-54.439949059
laser 003,quadratic_graph,2106.528258,2075.000000,-0.064795902,3.522449230,54.535758050,712.119715378,3.528889447,-54.535761686
laser 003,quadratic_graph,2106.518691,2076.000000,-0.065074207,3.521529969,54.632721247,712.119159144,3.527981737,-54.632726188
laser 003,quadratic_graph,2106.569160,2077.000000,-0.084141976,3.526525718,54.731150279,712.137664984,3.533837104,-54.731000461
laser 003,quadratic_graph,2106.639128,2078.000000,-0.109312955,3.533443036,54.830061591,712.162362545,3.541889510,-54.829706322
laser 003,quadratic_graph,2106.694027,2079.000000,-0.129767111,3.538875970,54.928610706,712.182274822,3.548244638,-54.928089163
laser 003,quadratic_graph,2106.711967,2080.000000,-0.138650999,3.540667203,55.026258223,712.190448985,3.550435839,-55.025666509
laser 003,quadratic_graph,2106.671540,2081.000000,-0.129262231,3.536706994,55.122472824,712.180085479,3.546050857,-55.121962707
laser 003,quadratic_graph,2106.585307,2082.000000,-0.105534105,3.528233522,55.217556468,712.155174708,3.536505401,-55.217247050
laser 003,quadratic_graph,2106.508370,2083.000000,-0.084715930,3.520676512,55.312863048,712.133216159,3.528007750,-55.312730158
laser 003,quadratic_graph,2106.483221,2084.000000,-0.080106650,3.518222129,55.409444015,712.127701593,3.525344319,-55.409353024
laser 003,quadratic_graph,2106.501004,2085.000000,-0.088933622,3.519997565,55.507086744,712.135818111,3.527517155,-55.506926053
laser 003,quadratic_graph,2106.507603,2086.000000,-0.094258814,3.520671140,55.604454490,712.140382081,3.528430078,-55.604253183
laser 003,quadratic_graph,2106.486840,2087.000000,-0.091018310,3.518648885,55.701143794,712.136256193,3.526260556,-55.700973018
laser 003,quadratic_graph,2106.518378,2088.000000,-0.104147032,3.521779624,55.799134054,712.148736825,3.529982857,-55.798857847
laser 003,quadratic_graph,2106.477718,2089.000000,-0.094675923,3.517797003,55.895327660,712.138290060,3.525571750,-55.895133733
laser 003,quadratic_graph,2106.459376,2090.000000,-0.092189275,3.516013320,55.992076107,712.134929018,3.523674827,-55.991906449
laser 003,quadratic_graph,2106.476238,2091.000000,-0.100720315,3.517698085,56.089704706,712.142745349,3.525743637,-56.089467804
laser 003,quadratic_graph,2106.515549,2092.000000,-0.116277173,3.521594757,56.187898363,712.157689301,3.530341469,-56.187535863
laser 003,quadratic_graph,2106.519256,2093.000000,-0.120688244,3.521983503,56.285202344,712.161325957,3.530928305,-56.284806820
laser 003,quadratic_graph,2106.468805,2094.000000,-0.108145464,3.517036173,56.381145328,712.147763147,3.525413851,-56.380857596
laser 003,quadratic_graph,2106.393970,2095.000000,-0.087969694,3.509686702,56.476470544,712.126456819,3.517152739,-56.476354002
laser 003,quadratic_graph,2106.341024,2096.000000,-0.074644635,3.504494051,56.572342652,712.112100502,3.511357656,-56.572340398
laser 003,quadratic_graph,2106.327044,2097.000000,-0.073514238,3.503140268,56.669196113,712.110115528,3.509951850,-56.669206862
laser 003,quadratic_graph,2106.330463,2098.000000,-0.077828122,3.503500560,56.766489833,712.113653706,3.510505849,-56.766468365
laser 003,quadratic_graph,2106.341826,2099.000000,-0.084627125,3.504643483,56.863986245,712.119712999,3.511954646,-56.863911919
laser 003,quadratic_graph,2106.356745,2100.000000,-0.092537944,3.506136773,56.961574890,712.126900210,3.513803991,-56.961438471
laser 003,quadratic_graph,2106.373022,2101.000000,-0.100872665,3.507763898,57.059200288,712.134517461,3.515806306,-57.058998256
laser 003,quadratic_graph,2106.388570,2102.000000,-0.108978061,3.509319250,57.156809404,712.141902066,3.517726497,-57.156543663
laser 003,quadratic_graph,2106.350984,2103.000000,-0.100450842,3.505639784,57.253063678,712.132413260,3.513661154,-57.252872375
laser 003,quadratic_graph,2106.314185,2104.000000,-0.092168867,3.502037951,57.349335737,712.123173288,3.509684514,-57.349216834
laser 003,quadratic_graph,2106.330601,2105.000000,-0.100541800,3.503678767,57.446969202,712.130829338,3.511702245,-57.446784367
laser 003,quadratic_graph,2106.368151,2106.000000,-0.115528781,3.507401787,57.545147507,712.145195165,3.516100708,-57.544841807
laser 003,quadratic_graph,2106.391377,2107.000000,-0.126031265,3.509713697,57.642961650,712.155011576,3.518885652,-57.642572330
laser 003,quadratic_graph,2106.353170,2108.000000,-0.117302743,3.505973012,57.739196307,712.145318676,3.514750006,-57.738883096
laser 003,quadratic_graph,2106.291930,2109.000000,-0.101363732,3.499963263,57.834834316,712.128310989,3.508019849,-57.834657102
laser 003,quadratic_graph,2106.273350,2110.000000,-0.098776413,3.498156411,57.931570395,712.124848234,3.506095222,-57.931418282
laser 003,quadratic_graph,2106.322248,2111.000000,-0.117308727,3.502997369,58.030052507,712.142810692,3.511771645,-58.029750081
laser 003,quadratic_graph,2106.379212,2112.000000,-0.138365545,3.508633304,58.128748972,712.163334149,3.518356988,-58.128275265
laser 003,quadratic_graph,2106.384830,2113.000000,-0.143348742,3.509210495,58.226117581,712.167551442,3.519158101,-58.225606096
laser 003,quadratic_graph,2106.333344,2114.000000,-0.130455318,3.504161497,58.322001813,712.153633548,3.513526161,-58.321601028
laser 003,quadratic_graph,2106.259473,2115.000000,-0.110554378,3.496907369,58.417299168,712.132606837,3.505372806,-58.417067285
laser 003,quadratic_graph,2106.206144,2116.000000,-0.097082756,3.491677298,58.513127288,712.118102488,3.499533696,-58.513010907
laser 003,quadratic_graph,2106.185815,2117.000000,-0.093938909,3.489698272,58.609814483,712.114075312,3.497411779,-58.609727824
laser 003,quadratic_graph,2106.184502,2118.000000,-0.096745606,3.489592561,58.706998791,712.116084748,3.497431756,-58.706892431
laser 003,quadratic_graph,2106.183481,2119.000000,-0.099642402,3.489515627,58.804191527,712.118185596,3.497484576,-58.804064717
laser 003,quadratic_graph,2106.167719,2120.000000,-0.097924047,3.487986538,58.900997742,712.115604583,3.495876937,-58.900888814
laser 003,quadratic_graph,2106.138603,2121.000000,-0.092024743,3.485141968,58.997452031,712.108782203,3.492765109,-58.997395710
laser 003,quadratic_graph,2106.103560,2122.000000,-0.084269206,3.481713607,59.093748457,712.100076791,3.488985709,-59.093760161
laser 003,quadratic_graph,2106.078060,2123.000000,-0.079499260,3.479225361,59.190294709,712.094400159,3.486281180,-59.190349639
laser 003,quadratic_graph,2106.072318,2124.000000,-0.080911807,3.478683401,59.287362159,712.094995401,3.485801985,-59.287408967
laser 003,quadratic_graph,2106.060958,2125.000000,-0.080564747,3.477588052,59.384281176,712.093805622,3.484689981,-59.384334475
laser 003,quadratic_graph,2106.028524,2126.000000,-0.073620815,3.474416867,59.480640950,712.085923666,3.481204392,-59.480755532
laser 003,quadratic_graph,2106.011020,2127.000000,-0.071348284,3.472716364,59.577395574,712.082780640,3.479400328,-59.577532639
laser 003,quadratic_graph,2106.039599,2128.000000,-0.083497064,3.475555138,59.675376228,712.094267306,3.482786451,-59.675415999
laser 003,quadratic_graph,2106.084134,2129.000000,-0.100638960,3.479965805,59.773785707,712.110819212,3.487969833,-59.773686712
laser 003,quadratic_graph,2106.119715,2130.000000,-0.114977679,3.483494622,59.871960840,712.124527426,3.492144843,-59.871746361
laser 003,quadratic_graph,2106.137750,2131.000000,-0.123823499,3.485295059,59.969670585,712.132663384,3.494343550,-59.969386245
laser 003,quadratic_graph,2106.132682,2132.000000,-0.125436628,3.484819565,60.066763732,712.133462185,3.493939879,-60.066469602
laser 003,quadratic_graph,2106.105249,2133.000000,-0.120047998,3.482140843,60.163257084,712.127158122,3.491016953,-60.163011318
laser 003,quadratic_graph,2106.070221,2134.000000,-0.112280919,3.478713993,60.259544792,712.118441295,3.487238548,-60.259367144
