u,v,Xc_mm,Yc_mm,Zc_mm,Xg_mm,Yg_mm,Zg_mm
2127.932634,430.000000,5.613283,-105.112836,713.098186,5.602931,105.115494,0.356703
2127.703260,431.000000,5.590446,-105.005505,713.029776,5.577093,105.007607,0.423142
2127.676793,432.000000,5.587824,-104.907700,713.025950,5.574338,104.909773,0.426047
2127.851424,433.000000,5.605235,-104.819309,713.086130,5.594459,104.821878,0.365985
2127.962520,434.000000,5.616319,-104.727932,713.126093,5.607354,104.730831,0.325814
2127.956254,435.000000,5.615709,-104.631060,713.128693,5.606897,104.633983,0.322397
2127.864231,436.000000,5.606554,-104.530183,713.103991,5.596682,104.532907,0.345838
2127.772371,437.000000,5.597417,-104.429321,713.079342,5.586487,104.431847,0.369228
2127.704627,438.000000,5.590682,-104.329590,713.062369,5.579036,104.331980,0.385067
2127.632479,439.000000,5.583510,-104.229659,713.043993,5.571085,104.231902,0.402285
2127.563967,440.000000,5.576699,-104.129902,713.026775,5.563547,104.132008,0.418365
2127.545031,441.000000,5.574828,-104.032453,713.025334,5.561648,104.034550,0.418924
2127.549601,442.000000,5.575297,-103.936096,713.031373,5.562423,103.938246,0.412124
2127.527377,443.000000,5.573098,-103.838495,713.028883,5.560150,103.840627,0.413715
2127.474547,444.000000,5.567850,-103.739476,713.016651,5.554396,103.741512,0.424890
2127.506652,445.000000,5.571062,-103.644393,713.031449,5.558302,103.646553,0.409473
2127.499649,446.000000,5.570379,-103.547497,713.033800,5.557761,103.549680,0.406302
2127.544690,447.000000,5.574879,-103.453005,713.052714,5.563138,103.455346,0.386837
2127.528980,448.000000,5.573329,-103.355704,713.052290,5.561606,103.358044,0.386395
2127.592672,449.000000,5.579688,-103.262065,713.077139,5.569105,103.264612,0.361091
2127.608853,450.000000,5.581314,-103.166230,713.086865,5.571200,103.168860,0.350665
2127.542897,451.000000,5.574758,-103.066612,713.070443,5.563952,103.069111,0.365961
2127.492287,452.000000,5.569731,-102.967705,713.058906,5.558450,102.970113,0.376453
2127.420617,453.000000,5.562607,-102.867833,713.040664,5.550553,102.870095,0.393540
2127.420356,454.000000,5.562595,-102.771244,713.045150,5.550778,102.773546,0.388269
2127.462114,455.000000,5.566769,-102.676581,713.063009,5.555781,102.679032,0.369841
2127.510164,456.000000,5.571569,-102.582201,713.082870,5.561501,102.584818,0.349443
2127.447074,457.000000,5.565300,-102.482729,713.067353,5.554579,102.485222,0.363850
2127.375147,458.000000,5.558150,-102.382858,713.049023,5.546652,102.385204,0.381025
2127.321797,459.000000,5.552850,-102.283840,713.036605,5.540839,102.286089,0.392383
2127.275084,460.000000,5.548212,-102.185129,713.026298,5.535780,102.187297,0.401665
2127.276604,461.000000,5.548378,-102.088620,713.031341,5.536206,102.090832,0.395845
2127.266195,462.000000,5.547356,-101.991567,713.032586,5.535276,101.993792,0.393762
2127.189670,463.000000,5.539749,-101.891504,713.012788,5.526828,101.893571,0.412381
2127.149993,464.000000,5.535812,-101.793123,713.004716,5.522569,101.795126,0.419464
2127.128385,465.000000,5.533674,-101.695564,713.002393,5.520365,101.697552,0.420892
2127.120365,466.000000,5.532890,-101.598623,713.004393,5.519707,101.600630,0.418066
2127.125608,467.000000,5.533426,-101.502282,713.010613,5.520557,101.504344,0.411089
2127.049854,468.000000,5.525897,-101.402272,712.991054,5.512196,101.404177,0.429472
2126.964141,469.000000,5.517377,-101.301817,712.968326,5.502703,101.303539,0.450974
2126.949059,470.000000,5.515889,-101.204561,712.968073,5.501241,101.206284,0.450365
2127.012966,471.000000,5.522267,-101.110871,712.992956,5.508761,101.112801,0.425027
2127.101829,472.000000,5.531130,-101.018301,713.025782,5.519119,101.020503,0.391875
2127.116942,473.000000,5.532649,-100.922398,713.035136,5.521090,100.924679,0.381815
2127.072632,474.000000,5.528251,-100.823817,713.025575,5.516305,100.826024,0.390363
2127.019757,475.000000,5.523000,-100.724854,713.013288,5.510545,100.726963,0.401593
2126.990998,476.000000,5.520150,-100.626978,713.008674,5.507528,100.629053,0.405274
2126.957730,477.000000,5.516852,-100.528901,713.002625,5.503998,100.530930,0.410367
2126.906519,478.000000,5.511767,-100.430021,712.990864,5.498428,100.431957,0.421080
2126.915207,479.000000,5.512646,-100.333828,712.998164,5.499668,100.335827,0.413041
2126.984711,480.000000,5.519581,-100.240356,713.024818,5.507824,100.242576,0.385960
2127.046924,481.000000,5.525791,-100.146551,713.049153,5.515151,100.148973,0.361162
2127.076664,482.000000,5.528767,-100.051288,713.063151,5.518786,100.053828,0.346532
2127.084103,483.000000,5.529522,-99.955027,713.070050,5.519884,99.957627,0.338888
2127.084240,484.000000,5.529550,-99.858438,713.074623,5.520152,99.861078,0.333531
2127.066459,485.000000,5.527794,-99.761050,713.073491,5.518383,99.763684,0.333786
2127.022569,486.000000,5.523437,-99.662500,713.064048,5.513644,99.665060,0.342219
2126.975518,487.000000,5.518766,-99.563812,713.053597,5.508546,99.566290,0.351643
2126.949837,488.000000,5.516223,-99.466077,713.049947,5.505878,99.468528,0.354376
2126.934644,489.000000,5.514725,-99.368808,713.049634,5.504403,99.371260,0.353827
2126.889731,490.000000,5.510267,-99.270222,713.039860,5.499548,99.272597,0.362585
2126.837058,491.000000,5.505036,-99.171295,713.027615,5.493810,99.173573,0.373774
2126.822214,492.000000,5.503573,-99.074045,713.027409,5.492375,99.076325,0.373119
2126.880088,493.000000,5.509350,-98.980010,713.050347,5.499207,98.982481,0.349695
2126.933191,494.000000,5.514652,-98.885758,713.071766,5.505498,98.888408,0.327764
2126.897208,495.000000,5.511083,-98.787570,713.064827,5.501658,98.790166,0.333733
2126.807385,496.000000,5.502153,-98.687011,713.040751,5.491696,98.689414,0.356563
2126.719960,497.000000,5.493463,-98.586565,713.017437,5.482007,98.588780,0.378642
2126.684048,498.000000,5.489902,-98.488391,713.010518,5.478176,98.490553,0.384592
2126.700318,499.000000,5.491536,-98.392512,713.020206,5.480277,98.394757,0.374204
2126.736917,500.000000,5.495194,-98.297523,713.036362,5.484690,98.299903,0.357451
2126.757948,501.000000,5.497303,-98.201848,713.047563,5.487333,98.204322,0.345574
2126.745953,502.000000,5.496123,-98.104722,713.048250,5.486220,98.107205,0.344040
2126.722069,503.000000,5.493759,-98.007076,713.045153,5.483756,98.009537,0.346230
2126.739937,504.000000,5.495552,-97.911256,713.055343,5.486039,97.913804,0.335347
2126.804412,505.000000,5.501986,-97.817470,713.080368,5.493622,97.820226,0.309870
2126.859710,506.000000,5.507507,-97.723277,713.102472,5.500161,97.726217,0.287266
2126.889731,507.000000,5.510511,-97.627976,713.116529,5.503826,97.631035,0.272579
2126.897963,508.000000,5.511345,-97.531723,713.123648,5.505014,97.534842,0.264717
2126.895811,509.000000,5.511145,-97.435015,713.127460,5.505020,97.438170,0.260109
2126.894214,510.000000,5.511001,-97.338331,713.131448,5.505090,97.341521,0.255329
2126.871521,511.000000,5.508756,-97.240730,713.128718,5.502760,97.243901,0.257157
2126.782724,512.000000,5.499928,-97.140262,713.104942,5.492913,97.143242,0.279691
2126.667773,513.000000,5.488496,-97.038667,713.072842,5.480094,97.041387,0.310416
2126.624628,514.000000,5.484215,-96.940190,713.063598,5.475439,96.942838,0.318653
2126.662200,515.000000,5.487970,-96.845207,713.080047,5.479961,96.847993,0.301613
2126.751977,516.000000,5.496924,-96.752475,713.113114,5.490420,96.755535,0.268223
2126.821945,517.000000,5.503905,-96.658880,713.139876,5.498628,96.662162,0.241036
2126.803196,518.000000,5.502053,-96.561451,713.138392,5.496746,96.564724,0.241639
2126.730808,519.000000,5.494859,-96.461712,713.119831,5.488765,96.464837,0.259044
2126.678455,520.000000,5.489661,-96.362841,713.107647,5.483063,96.365869,0.270174
2126.672829,521.000000,5.489115,-96.265982,713.110337,5.482674,96.269035,0.266670
2126.653425,522.000000,5.487197,-96.168531,713.108640,5.480718,96.171574,0.267483
2126.572889,523.000000,5.479193,-96.068458,713.087481,5.471811,96.071330,0.287443
2126.474989,524.000000,5.469461,-95.967646,713.060794,5.460930,95.970304,0.312842
2126.511829,525.000000,5.473143,-95.872611,713.076996,5.465369,95.875404,0.296044
2126.544316,526.000000,5.476392,-95.777386,713.091812,5.469313,95.780304,0.280611
2126.642336,527.000000,5.486166,-95.684957,713.127490,5.480708,95.688170,0.244652
2126.847354,528.000000,5.506596,-95.597088,713.197240,5.504273,95.600875,0.175171
2127.080535,529.000000,5.529835,-95.510404,713.275971,5.531045,95.514838,0.096853
2127.324733,530.000000,5.554177,-95.424170,713.358227,5.559077,95.429281,0.015067
2127.628743,531.000000,5.584485,-95.340465,713.459560,5.593923,95.346407,-0.085488
2127.741625,532.000000,5.595751,-95.248600,713.500004,5.607021,95.254877,-0.126137
2127.802211,533.000000,5.601804,-95.154501,713.523783,5.614168,95.160976,-0.150390
2127.861666,534.000000,5.607746,-95.060348,713.547202,5.621187,95.067017,-0.174289
2127.895234,535.000000,5.611107,-94.965090,713.562370,5.625259,94.971887,-0.190069
2127.884551,536.000000,5.610057,-94.867953,713.563432,5.624293,94.874761,-0.191972
2127.840066,537.000000,5.605638,-94.769383,713.553719,5.619480,94.776115,-0.183272
2127.792965,538.000000,5.600958,-94.670706,713.543171,5.614368,94.677355,-0.173751
2127.763718,539.000000,5.598058,-94.572786,713.538312,5.611290,94.579399,-0.169828
2127.739125,540.000000,5.595622,-94.475064,713.534935,5.608740,94.481652,-0.167363
2127.714622,541.000000,5.593195,-94.377347,713.531586,5.606202,94.383911,-0.164924
2127.702407,542.000000,5.591993,-94.280149,713.532151,5.605061,94.286721,-0.166338
2127.709315,543.000000,5.592696,-94.183756,713.538811,5.606098,94.190386,-0.173747
2127.716039,544.000000,5.593382,-94.087354,713.545410,5.607113,94.094041,-0.181097
2127.695311,545.000000,5.591331,-93.989796,713.543259,5.605004,93.996469,-0.179837
2127.652572,546.000000,5.587086,-93.891316,713.534090,5.600389,93.897917,-0.171674
2127.621906,547.000000,5.584045,-93.793345,713.528769,5.597148,93.799906,-0.167295
2127.609795,548.000000,5.582853,-93.696152,713.529360,5.596020,93.702721,-0.168733
2127.593985,549.000000,5.581292,-93.598805,713.528771,5.594470,93.605372,-0.169011
2127.573075,550.000000,5.579223,-93.501244,713.526554,5.592340,93.507797,-0.167687
2127.547621,551.000000,5.576701,-93.403495,713.522889,5.589692,93.410021,-0.164938
2127.501067,552.000000,5.572077,-93.304867,713.512497,5.584643,93.311311,-0.155570
2127.514598,553.000000,5.573441,-93.208745,713.521254,5.586433,93.215264,-0.165043
2127.468346,554.000000,5.568846,-93.110133,713.510956,5.581418,93.116571,-0.155767
2127.458650,555.000000,5.567895,-93.013044,713.512307,5.580564,93.019496,-0.157954
2127.452442,556.000000,5.567292,-92.916099,713.514769,5.580107,92.922575,-0.161232
2127.454652,557.000000,5.567527,-92.819503,713.519912,5.580608,92.826024,-0.167150
2127.490085,558.000000,5.571073,-92.724282,713.535643,5.584890,92.730935,-0.183484
2127.496919,559.000000,5.571769,-92.627874,713.542258,5.585917,92.634584,-0.190849
2127.551851,560.000000,5.577259,-92.533453,713.564202,5.592418,92.540345,-0.213297
2127.587429,561.000000,5.580821,-92.438226,713.579977,5.596717,92.445251,-0.229675
2127.573177,562.000000,5.579415,-92.340939,713.579867,5.595344,92.347967,-0.230423
2127.519703,563.000000,5.574101,-92.242036,713.567254,5.589506,92.248963,-0.218869
2127.495116,564.000000,5.571666,-92.144325,713.563847,5.586957,92.151228,-0.216374
2127.420773,565.000000,5.564272,-92.044569,713.544580,5.578744,92.051318,-0.198273
2127.388275,566.000000,5.561048,-91.946538,713.538649,5.575294,91.953241,-0.193295
2127.387686,567.000000,5.561005,-91.849818,713.542887,5.575476,91.856560,-0.198321
2127.383337,568.000000,5.560586,-91.752944,713.545926,5.575230,91.759713,-0.202168
2127.361896,569.000000,5.558465,-91.655368,713.543515,5.573038,91.662121,-0.200652
2127.346713,570.000000,5.556967,-91.558049,713.543098,5.571559,91.564802,-0.201098
2127.354140,571.000000,5.557722,-91.461655,713.549886,5.572652,91.468467,-0.208634
2127.354872,572.000000,5.557810,-91.364986,713.554539,5.572984,91.371839,-0.214068
2127.328670,573.000000,5.555214,-91.267217,713.550606,5.570251,91.274041,-0.211055
2127.303424,574.000000,5.552714,-91.169488,713.546976,5.567626,91.176286,-0.208339
2127.314375,575.000000,5.553820,-91.073234,713.554882,5.569120,91.080100,-0.216975
2127.356633,576.000000,5.558047,-90.978251,713.572766,5.574178,90.985266,-0.235428
2127.385432,577.000000,5.560932,-90.882716,713.586359,5.577704,90.889846,-0.249659
2127.355526,578.000000,5.557967,-90.784796,713.581238,5.574549,90.791887,-0.245477
2127.294867,579.000000,5.551937,-90.685631,713.566313,5.567893,90.692603,-0.231648
2127.253377,580.000000,5.547818,-90.587247,713.557498,5.563419,90.594150,-0.223830
2127.225388,581.000000,5.545044,-90.489411,713.552984,5.560482,90.496280,-0.220246
2127.203407,582.000000,5.542869,-90.391819,713.550384,5.558228,90.398670,-0.218544
2127.187305,583.000000,5.541279,-90.294465,713.549657,5.556643,90.301314,-0.218684
2127.177016,584.000000,5.540269,-90.197346,713.550781,5.555720,90.204207,-0.220647
2127.168762,585.000000,5.539462,-90.100309,713.552553,5.555029,90.107188,-0.223246
2127.146400,586.000000,5.537249,-90.002704,713.549826,5.552732,90.009564,-0.221419
2127.090507,587.000000,5.531695,-89.903752,713.536411,5.546619,89.910506,-0.209076
2127.026241,588.000000,5.525307,-89.804469,713.520326,5.539553,89.811094,-0.194106
2126.982491,589.000000,5.520963,-89.706013,713.510780,5.534822,89.712563,-0.185568
2126.977803,590.000000,5.520511,-89.609123,713.513681,5.534536,89.615701,-0.189279
2127.020929,591.000000,5.524823,-89.514146,713.531820,5.539691,89.520875,-0.207983
2127.076919,592.000000,5.530417,-89.419678,713.554059,5.546310,89.426592,-0.230721
2127.066639,593.000000,5.529408,-89.322559,713.555174,5.545387,89.329485,-0.232674
2127.020863,594.000000,5.524862,-89.224024,713.544974,5.540425,89.230870,-0.223494
2126.978201,595.000000,5.520627,-89.125616,713.535765,5.535818,89.132391,-0.215289
2126.949818,596.000000,5.517814,-89.027779,713.531107,5.532835,89.034519,-0.211561
2126.943898,597.000000,5.517239,-88.930837,713.533606,5.532409,88.937600,-0.214876
2126.948395,598.000000,5.517703,-88.834307,713.539425,5.533167,88.841121,-0.221457
2126.932686,599.000000,5.516153,-88.736975,713.538802,5.531627,88.743787,-0.221700
2126.893235,600.000000,5.512237,-88.638702,713.530610,5.527384,88.645451,-0.214495
2126.846552,601.000000,5.507602,-88.540146,713.520112,5.522320,88.546812,-0.205022
2126.804071,602.000000,5.503385,-88.441759,713.510953,5.517733,88.448353,-0.196865
2126.779074,603.000000,5.500910,-88.344065,713.507364,5.515135,88.350633,-0.194190
2126.769585,604.000000,5.499980,-88.246983,713.508717,5.514302,88.253565,-0.196377
2126.786688,605.000000,5.501699,-88.150949,713.518543,5.516495,88.157615,-0.206901
2126.830703,606.000000,5.506099,-88.055971,713.536946,5.521749,88.062791,-0.225865
2126.868074,607.000000,5.509837,-87.960728,713.553231,5.526248,87.967684,-0.242744
2126.867171,608.000000,5.509762,-87.863977,713.557315,5.526392,87.870970,-0.247618
2126.831762,609.000000,5.506250,-87.765872,713.550400,5.522609,87.772812,-0.241669
2126.776229,610.000000,5.500733,-87.666981,713.537069,5.516537,87.673815,-0.229408
2126.715536,611.000000,5.494702,-87.567891,713.522093,5.509877,87.574606,-0.215527
2126.673857,612.000000,5.490565,-87.469550,713.513176,5.505382,87.476194,-0.207609
2126.669887,613.000000,5.490185,-87.372683,713.516275,5.505176,87.379356,-0.211514
2126.692069,614.000000,5.492409,-87.276835,713.527709,5.507946,87.283605,-0.223620
2126.703030,615.000000,5.493517,-87.180547,713.535565,5.509439,87.187385,-0.232206
2126.681562,616.000000,5.491393,-87.082996,713.533084,5.507242,87.089816,-0.230620
2126.632548,617.000000,5.486526,-86.984374,713.521822,5.501912,86.991106,-0.220394
2126.573056,618.000000,5.480615,-86.885349,713.507220,5.495389,86.891965,-0.206882
2126.531927,619.000000,5.476533,-86.787040,713.498469,5.490956,86.793587,-0.199127
2126.526333,620.000000,5.475991,-86.690110,713.501042,5.490565,86.696682,-0.202514
2126.549748,621.000000,5.478339,-86.594303,713.512859,5.493475,86.600974,-0.214996
2126.606910,622.000000,5.484048,-86.499797,713.535431,5.500223,86.506656,-0.238062
2126.661786,623.000000,5.489530,-86.405197,713.557274,5.506712,86.412238,-0.260411
2126.681868,624.000000,5.491546,-86.309249,713.568026,5.509243,86.316381,-0.271846
2126.676034,625.000000,5.490980,-86.212299,713.570517,5.508824,86.219456,-0.275152
2126.652339,626.000000,5.488635,-86.114662,713.567312,5.506374,86.121796,-0.272854
2126.627175,627.000000,5.486143,-86.016970,713.563638,5.503756,86.024076,-0.270094
2126.610820,628.000000,5.484529,-85.919617,713.562771,5.502141,85.926719,-0.270096
2126.590057,629.000000,5.482476,-85.822095,713.560497,5.500024,85.829182,-0.268714
2126.555634,630.000000,5.479062,-85.724050,713.553868,5.496352,85.731087,-0.263046
2126.523034,631.000000,5.475830,-85.626078,713.547819,5.492889,85.633068,-0.257949
2126.497658,632.000000,5.473318,-85.528383,713.544071,5.490247,85.535346,-0.255116
2126.462278,633.000000,5.469809,-85.430308,713.537134,5.486467,85.437217,-0.249145
2126.501794,634.000000,5.473761,-85.335091,713.554067,5.491207,85.342142,-0.266662
2126.466834,635.000000,5.470294,-85.237032,713.547260,5.487475,85.244031,-0.260819
2126.436136,636.000000,5.467251,-85.139138,713.541810,5.484227,85.146095,-0.256312
2126.397713,637.000000,5.463439,-85.040952,713.533898,5.480101,85.047847,-0.249381
2126.350775,638.000000,5.458779,-84.942444,713.523270,5.475006,84.949257,-0.239778
2126.293290,639.000000,5.453069,-84.843540,713.509279,5.468712,84.850241,-0.226867
2126.236223,640.000000,5.447401,-84.744656,713.495422,5.462465,84.751247,-0.214086
2126.211723,641.000000,5.444977,-84.647008,713.491942,5.459923,84.653574,-0.211516
2126.235189,642.000000,5.447329,-84.551173,713.503747,5.462836,84.557839,-0.223987
2126.283395,643.000000,5.452145,-84.456269,713.523436,5.468564,84.463099,-0.244216
2126.326503,644.000000,5.456454,-84.361168,713.541500,5.473712,84.368149,-0.262846
2126.313485,645.000000,5.455172,-84.263949,713.541674,5.472475,84.270934,-0.263872
2126.243184,646.000000,5.448186,-84.164575,713.523589,5.464723,84.171415,-0.246932
2126.166023,647.000000,5.440517,-84.064948,713.503317,5.456190,84.071626,-0.227839
2126.132989,648.000000,5.437242,-83.966983,713.497108,5.452677,83.973614,-0.222584
2126.138189,649.000000,5.437775,-83.870453,713.503083,5.453512,83.877136,-0.229318
2126.145019,650.000000,5.438471,-83.773982,713.509576,5.454533,83.780721,-0.236562
2126.158138,651.000000,5.439793,-83.677745,713.518072,5.456269,83.684557,-0.245777
2126.187598,652.000000,5.442742,-83.582116,713.531775,5.459864,83.589044,-0.260116
2126.196231,653.000000,5.443617,-83.485707,713.538840,5.461090,83.492696,-0.267921
2126.139322,654.000000,5.437965,-83.386854,713.525012,5.454860,83.393732,-0.255170
2126.069191,655.000000,5.430996,-83.287512,713.506971,5.447127,83.294246,-0.238271
2126.041174,656.000000,5.428221,-83.189741,713.502350,5.444184,83.196441,-0.234579
2126.057951,657.000000,5.429907,-83.093635,713.512004,5.446336,83.100417,-0.244933
2126.101807,658.000000,5.434290,-82.998531,713.530287,5.451568,83.005465,-0.263779
2126.139504,659.000000,5.438059,-82.903194,713.546607,5.456099,82.910265,-0.280693
2126.155259,660.000000,5.439644,-82.807040,713.555933,5.458135,82.814191,-0.290724
2126.151974,661.000000,5.439332,-82.710181,713.559188,5.458004,82.717362,-0.294782
2126.130624,662.000000,5.437221,-82.612654,713.556684,5.455819,82.619817,-0.293172
2126.100384,663.000000,5.434225,-82.514800,713.551344,5.452623,82.521923,-0.288772
2126.078476,664.000000,5.432058,-82.417254,713.548660,5.450374,82.424358,-0.286985
2126.084119,665.000000,5.432636,-82.320723,713.554755,5.451259,82.327880,-0.293838
2126.102146,666.000000,5.434446,-82.224645,713.564797,5.453553,82.231888,-0.304574
2126.090168,667.000000,5.433269,-82.127464,713.565274,5.452433,82.134714,-0.305897
2126.048186,668.000000,5.429103,-82.029183,713.556185,5.447901,82.036362,-0.297808
2126.015791,669.000000,5.425893,-81.931255,713.550151,5.444459,81.938388,-0.292725
2125.997036,670.000000,5.424040,-81.833828,713.548464,5.442569,81.840950,-0.291918
2125.969171,671.000000,5.421281,-81.736069,713.543871,5.439643,81.743157,-0.288253
2125.910626,672.000000,5.415467,-81.637192,713.529499,5.433227,81.644166,-0.274965
2125.831195,673.000000,5.407573,-81.537558,713.508469,5.424436,81.544363,-0.255125
2125.777882,674.000000,5.402280,-81.438881,713.495763,5.418615,81.445585,-0.243476
2125.792770,675.000000,5.403777,-81.342686,713.504791,5.420551,81.349468,-0.253214
2125.806694,676.000000,5.405179,-81.246454,713.513510,5.422377,81.253310,-0.262648
2125.781198,677.000000,5.402656,-81.148791,713.509665,5.419720,81.155618,-0.259719
2125.738261,678.000000,5.398396,-81.050497,713.500260,5.415079,81.057251,-0.251318
2125.693556,679.000000,5.393961,-80.952141,713.490291,5.410238,80.958817,-0.242362
2125.651496,680.000000,5.389788,-80.853884,713.481164,5.405697,80.860489,-0.234234
2125.637614,681.000000,5.388422,-80.756647,713.481015,5.404361,80.763254,-0.234942
2125.639201,682.000000,5.388595,-80.659968,713.485794,5.404783,80.666616,-0.240499
2125.630229,683.000000,5.387717,-80.562907,713.487208,5.404005,80.569570,-0.242744
2125.622610,684.000000,5.386974,-80.465894,713.489051,5.403381,80.472576,-0.245412
2125.622083,685.000000,5.386937,-80.369137,713.493153,5.403563,80.375855,-0.250302
2125.620367,686.000000,5.386781,-80.272335,713.496875,5.403610,80.279087,-0.254819
2125.585341,687.000000,5.383310,-80.174339,713.489980,5.399869,80.181038,-0.248887
2125.503304,688.000000,5.375158,-80.074663,713.468102,5.390782,80.081187,-0.228212
2125.526177,689.000000,5.377450,-79.978743,713.479655,5.393625,79.985364,-0.240435
2125.502975,690.000000,5.375156,-79.881175,713.476525,5.391228,79.887774,-0.238208
2125.489570,691.000000,5.373837,-79.783957,713.476515,5.389946,79.790559,-0.239052
2125.465806,692.000000,5.371486,-79.686370,713.473202,5.387485,79.692949,-0.236646
2125.449492,693.000000,5.369878,-79.589050,713.472263,5.385872,79.595624,-0.236576
2125.437338,694.000000,5.368683,-79.491878,713.472647,5.384731,79.498458,-0.237808
2125.416559,695.000000,5.366630,-79.394399,713.470282,5.382610,79.400964,-0.236334
2125.397616,696.000000,5.364760,-79.296987,713.468501,5.380697,79.303540,-0.235435
2125.372796,697.000000,5.362305,-79.199367,713.464845,5.378117,79.205894,-0.232691
2125.337850,698.000000,5.358841,-79.101391,713.457962,5.374385,79.107864,-0.226771
2125.311610,699.000000,5.356245,-79.003724,713.453851,5.371643,79.010167,-0.223580
2125.302022,700.000000,5.355306,-78.906645,713.455046,5.370793,78.913101,-0.225609
2125.313546,701.000000,5.356468,-78.810310,713.462967,5.372345,78.816834,-0.234257
2125.336821,702.000000,5.358800,-78.714386,713.474631,5.375232,78.721009,-0.246589
2125.359251,703.000000,5.361048,-78.618430,713.486025,5.378023,78.625149,-0.258655
2125.381030,704.000000,5.363232,-78.522447,713.497211,5.380740,78.529261,-0.270517
2125.374440,705.000000,5.362591,-78.425468,713.499355,5.380232,78.432303,-0.273479
2125.316377,706.000000,5.356827,-78.326686,713.485093,5.373871,78.333408,-0.260298
2125.258738,707.000000,5.351105,-78.227924,713.470965,5.367558,78.234533,-0.247249
2125.237732,708.000000,5.349029,-78.130444,713.468511,5.365411,78.137036,-0.245687
2125.233103,709.000000,5.348584,-78.033537,713.471274,5.365125,78.040155,-0.249259
2125.223203,710.000000,5.347614,-77.936445,713.472356,5.364240,77.943075,-0.251178
2125.204098,711.000000,5.345728,-77.839033,713.470503,5.362308,77.845651,-0.250208
2125.188780,712.000000,5.344219,-77.741753,713.469856,5.360807,77.748369,-0.250424
2125.183624,713.000000,5.343721,-77.644826,713.472446,5.360462,77.651467,-0.253826
2125.184230,714.000000,5.343797,-77.548098,713.476870,5.360771,77.554778,-0.259034
2125.194823,715.000000,5.344866,-77.451715,713.484476,5.362215,77.458460,-0.267372
2125.212244,716.000000,5.346616,-77.355566,713.494257,5.364436,77.362395,-0.277851
2125.218995,717.000000,5.347303,-77.259046,713.500637,5.365444,77.265930,-0.284982
2125.200511,718.000000,5.345479,-77.161654,713.498973,5.363582,77.168528,-0.284198
2125.160172,719.000000,5.341479,-77.063511,713.490342,5.359236,77.070317,-0.276558
2125.125132,720.000000,5.338007,-76.965552,713.483399,5.355493,76.972305,-0.270578
2125.103355,721.000000,5.335855,-76.868050,713.480682,5.353257,76.874785,-0.268757
2125.095503,722.000000,5.335089,-76.771028,713.482401,5.352604,76.777779,-0.271302
2125.100377,723.000000,5.335589,-76.674441,713.488174,5.353398,76.681243,-0.277836
2125.096461,724.000000,5.335215,-76.577552,713.491145,5.353193,76.584381,-0.281613
2125.061102,725.000000,5.331711,-76.479588,713.484093,5.349413,76.486363,-0.275527
2125.006491,726.000000,5.326292,-76.380968,713.470906,5.343444,76.387639,-0.263402
2124.955424,727.000000,5.321225,-76.282474,713.458847,5.337879,76.289048,-0.252388
2124.931495,728.000000,5.318859,-76.184906,713.455435,5.335398,76.191456,-0.249883
2124.949761,729.000000,5.320692,-76.088774,713.465467,5.337714,76.095410,-0.260609
2124.983616,730.000000,5.324077,-75.993170,713.480466,5.341802,75.999931,-0.276223
2125.001073,731.000000,5.325830,-75.897005,713.490239,5.344026,75.903850,-0.286693
2124.997854,732.000000,5.325525,-75.800137,713.493421,5.343899,75.807011,-0.290678
2124.975327,733.000000,5.323298,-75.702616,713.490449,5.341577,75.709469,-0.288606
2124.938837,734.000000,5.319682,-75.604623,713.483026,5.337668,75.611419,-0.282153
2124.902880,735.000000,5.316119,-75.506651,713.475771,5.333820,75.513391,-0.275866
2124.873792,736.000000,5.313240,-75.408913,713.470704,5.330753,75.415614,-0.271733
2124.838698,737.000000,5.309763,-75.310974,713.463722,5.327003,75.317621,-0.265714
2124.785633,738.000000,5.304498,-75.212433,713.451012,5.321210,75.218979,-0.254059
2124.731339,739.000000,5.299111,-75.113854,713.437910,5.315278,75.120297,-0.242017
2124.714598,740.000000,5.297461,-75.016538,713.436772,5.313614,75.022975,-0.241751
2124.734013,741.000000,5.299408,-74.920433,713.447154,5.316059,74.926958,-0.252821
2124.745248,742.000000,5.300541,-74.824052,713.454929,5.317575,74.830643,-0.261325
2124.734012,743.000000,5.299439,-74.726918,713.455542,5.316536,74.733518,-0.262780
2124.716551,744.000000,5.297717,-74.629577,713.454170,5.314790,74.636169,-0.262283
2124.703554,745.000000,5.296439,-74.532385,713.454219,5.313552,74.538981,-0.263184
2124.694822,746.000000,5.295586,-74.435335,713.455626,5.312798,74.441945,-0.265421
2124.683770,747.000000,5.294501,-74.338208,713.456292,5.311780,74.344827,-0.266929
2124.680970,748.000000,5.294238,-74.241354,713.459586,5.311700,74.248004,-0.271024
2124.688613,749.000000,5.295014,-74.144846,713.466207,5.312807,74.151553,-0.278392
2124.682106,750.000000,5.294382,-74.047868,713.468318,5.312306,74.054595,-0.281322
2124.646015,751.000000,5.290807,-73.949912,713.461000,5.308442,73.956582,-0.274972
2124.579360,752.000000,5.284190,-73.850949,713.443941,5.301104,73.857484,-0.259037
2124.516006,753.000000,5.277902,-73.752100,713.427934,5.294142,73.758507,-0.244136
2124.484631,754.000000,5.274796,-73.654309,713.422115,5.290815,73.660671,-0.239262
2124.496356,755.000000,5.275978,-73.557935,713.430028,5.292385,73.564365,-0.247902
2124.535837,756.000000,5.279921,-73.462471,713.446785,5.297110,73.469041,-0.265245
2124.546508,757.000000,5.280999,-73.366058,713.454360,5.298561,73.372693,-0.273552
2124.520688,758.000000,5.278445,-73.268448,713.450306,5.295864,73.275054,-0.270414
2124.498635,759.000000,5.276267,-73.170962,713.447451,5.293595,73.177548,-0.268457
2124.495180,760.000000,5.275938,-73.074085,713.450520,5.293440,73.080700,-0.272330
2124.491809,761.000000,5.275619,-72.977210,713.453616,5.293295,72.983853,-0.276229
2124.464721,762.000000,5.272939,-72.879562,713.449152,5.290454,72.886172,-0.272689
2124.476016,763.000000,5.274078,-72.783164,713.456919,5.291975,72.789840,-0.281184
2124.436191,764.000000,5.270132,-72.685103,713.448394,5.287687,72.691713,-0.273646
2124.414425,765.000000,5.267982,-72.587631,713.445622,5.285451,72.594221,-0.271771
2124.393354,766.000000,5.265901,-72.490181,713.443071,5.283293,72.496754,-0.270112
2124.346666,767.000000,5.261272,-72.391905,713.432355,5.278225,72.398393,-0.260419
2124.303229,768.000000,5.256966,-72.293736,713.422675,5.273526,72.300148,-0.251744
2124.268697,769.000000,5.253546,-72.195857,713.415831,5.269839,72.202217,-0.245860
2124.236427,770.000000,5.250352,-72.098054,713.409706,5.266410,72.104366,-0.240684
2124.224746,771.000000,5.249205,-72.000914,713.410140,5.265319,72.007234,-0.241964
2124.253226,772.000000,5.252054,-71.905065,713.423370,5.268793,71.911496,-0.255835
2124.309046,773.000000,5.257622,-71.810090,713.445310,5.275373,71.816704,-0.278280
2124.351781,774.000000,5.261889,-71.714689,713.463080,5.280466,71.721452,-0.296621
2124.347194,775.000000,5.261449,-71.617770,713.465770,5.280182,71.624558,-0.300120
2124.313081,776.000000,5.258070,-71.519907,713.459049,5.276542,71.526643,-0.294358
2124.266143,777.000000,5.253417,-71.421636,713.448241,5.271445,71.428287,-0.284572
2124.216970,778.000000,5.248540,-71.323297,713.436719,5.266094,71.329857,-0.274085
2124.190501,779.000000,5.245923,-71.225684,713.432430,5.263323,71.232212,-0.270716
2124.187728,780.000000,5.245663,-71.128825,713.435691,5.263244,71.135383,-0.274777
2124.193342,781.000000,5.246237,-71.032232,713.441623,5.264118,71.038842,-0.281467
2124.186941,782.000000,5.245616,-70.935257,713.443725,5.263628,70.941887,-0.284388
2124.126379,783.000000,5.239607,-70.836567,713.428568,5.256982,70.843076,-0.270322
2124.023660,784.000000,5.229405,-70.736548,713.399978,5.245548,70.742827,-0.243037
2123.934434,785.000000,5.220546,-70.636964,713.375688,5.235647,70.643048,-0.219983
2123.902348,786.000000,5.217371,-70.539188,713.369602,5.232238,70.545225,-0.214844
2123.910534,787.000000,5.218200,-70.442681,713.376344,5.233404,70.448776,-0.222332
2123.927723,788.000000,5.219926,-70.346455,713.385954,5.235592,70.352632,-0.232641
2123.942691,789.000000,5.221430,-70.250157,713.394855,5.237529,70.256410,-0.242253
2123.964185,790.000000,5.223583,-70.154061,713.405834,5.240207,70.160408,-0.253910
2123.979915,791.000000,5.225163,-70.057782,713.414976,5.242230,70.064207,-0.263758
2123.967493,792.000000,5.223943,-69.960621,713.415146,5.241055,69.967050,-0.264778
2123.923524,793.000000,5.219586,-69.862475,713.405264,5.236295,69.868827,-0.255903
2123.872394,794.000000,5.214516,-69.764109,713.393099,5.230722,69.770364,-0.244782
2123.842943,795.000000,5.211603,-69.666421,713.387840,5.227612,69.672636,-0.240458
2123.843624,796.000000,5.211686,-69.569671,713.392180,5.227925,69.575925,-0.245581
2123.852725,797.000000,5.212607,-69.473182,713.399201,5.229194,69.479497,-0.253342
2123.842723,798.000000,5.211627,-69.376099,713.400135,5.228293,69.382424,-0.255113
2123.815783,799.000000,5.208964,-69.278491,713.395671,5.225468,69.284783,-0.251570
2123.792104,800.000000,5.206625,-69.180985,713.392244,5.223014,69.187253,-0.249049
2123.779230,801.000000,5.205360,-69.083814,713.392259,5.221786,69.090086,-0.249915
2123.767358,802.000000,5.204195,-68.986675,713.392591,5.220673,68.992952,-0.251094
2123.751143,803.000000,5.202598,-68.889401,713.391539,5.219066,68.895673,-0.250909
2123.725267,804.000000,5.200040,-68.791831,713.387407,5.216362,68.798072,-0.247694
2123.683540,805.000000,5.195906,-68.693776,713.378224,5.211857,68.699945,-0.239507
2123.623408,806.000000,5.189942,-68.595159,713.363177,5.205261,68.601209,-0.225549
2123.563307,807.000000,5.183982,-68.496548,713.348138,5.198669,68.502478,-0.211599
2123.573303,808.000000,5.184991,-68.400083,713.355429,5.200040,68.406076,-0.219626
2123.612779,809.000000,5.188932,-68.304516,713.372111,5.204759,68.310648,-0.236896
2123.626190,810.000000,5.190281,-68.208150,713.380488,5.206517,68.214354,-0.245991
2123.613664,811.000000,5.189051,-68.110993,713.380601,5.205329,68.117201,-0.246953
2123.574929,812.000000,5.185215,-68.013040,713.372362,5.201163,68.019184,-0.239695
2123.506402,813.000000,5.178417,-67.914185,713.354631,5.193614,67.920187,-0.223096
2123.522119,814.000000,5.179995,-67.817887,713.363737,5.195634,67.823967,-0.232909
2123.438511,815.000000,5.171698,-67.718582,713.341199,5.186372,67.724481,-0.211578
2123.479331,816.000000,5.175772,-67.623043,713.358299,5.191243,67.629085,-0.229259
2123.519764,817.000000,5.179808,-67.527487,713.375276,5.196070,67.533671,-0.246819
2123.532435,818.000000,5.181084,-67.431091,713.383407,5.197744,67.437345,-0.255672
2123.510556,819.000000,5.178924,-67.333653,713.380529,5.195493,67.339887,-0.253691
2123.453953,820.000000,5.173311,-67.235173,713.366587,5.189298,67.241296,-0.240820
2123.465871,821.000000,5.174512,-67.138753,713.374474,5.190886,67.144943,-0.249433
2123.419710,822.000000,5.169938,-67.040590,713.363856,5.185877,67.046697,-0.239834
2123.395813,823.000000,5.167577,-66.943097,713.360330,5.183397,66.949178,-0.237214
2123.380791,824.000000,5.166099,-66.845870,713.359630,5.181925,66.851949,-0.237376
2123.378210,825.000000,5.165858,-66.749014,713.362893,5.181865,66.755123,-0.241438
2123.402379,826.000000,5.168277,-66.652954,713.374676,5.184844,66.659163,-0.253886
2123.452254,827.000000,5.173252,-66.557656,713.394648,5.190743,66.564031,-0.274394
2123.430241,828.000000,5.171079,-66.460217,713.391716,5.188477,66.466572,-0.272359
2123.493073,829.000000,5.177342,-66.365296,713.415815,5.195848,66.371851,-0.296928
2123.407157,830.000000,5.168815,-66.265963,713.392519,5.186322,66.272331,-0.274851
2123.311912,831.000000,5.159361,-66.166362,713.366251,5.175738,66.172518,-0.249848
2123.252654,832.000000,5.153485,-66.067830,713.351448,5.169242,66.073868,-0.236129
2123.213480,833.000000,5.149606,-65.969894,713.343043,5.165026,65.975867,-0.228707
2123.180579,834.000000,5.146351,-65.872146,713.336634,5.161523,65.878069,-0.223250
2123.154456,835.000000,5.143770,-65.774599,713.332384,5.158790,65.780490,-0.219917
2123.129572,836.000000,5.141312,-65.677089,713.328527,5.156198,65.682952,-0.216971
2123.099184,837.000000,5.138307,-65.579419,713.322915,5.152980,65.585240,-0.212299
2123.076899,838.000000,5.136107,-65.481988,713.319884,5.150683,65.487787,-0.210165
2123.063664,839.000000,5.134807,-65.384822,713.319733,5.149413,65.390624,-0.210868
2123.046701,840.000000,5.133137,-65.287548,713.318394,5.147720,65.293342,-0.210401
2123.012803,841.000000,5.129783,-65.189781,713.311660,5.144104,65.195523,-0.204622
2122.970372,842.000000,5.125581,-65.091768,713.302206,5.139518,65.097436,-0.196168
2122.953986,843.000000,5.123968,-64.994514,713.301047,5.137891,65.000176,-0.195877
2122.966524,844.000000,5.125230,-64.898099,713.309099,5.139547,64.903830,-0.204653
2122.981162,845.000000,5.126700,-64.801743,713.317820,5.141442,64.807548,-0.214087
2122.991225,846.000000,5.127716,-64.705252,713.325082,5.142818,64.711120,-0.222085
2123.010883,847.000000,5.129686,-64.609037,713.335399,5.145283,64.614992,-0.233090
2123.062009,848.000000,5.134784,-64.513725,713.355741,5.151321,64.519851,-0.253961
2123.129110,849.000000,5.141470,-64.418869,713.381171,5.159174,64.425205,-0.279841
2123.133718,850.000000,5.141944,-64.322209,713.386691,5.159930,64.328594,-0.286125
2123.088945,851.000000,5.137509,-64.224132,713.376477,5.155078,64.230436,-0.276922
2123.030593,852.000000,5.131724,-64.125668,713.361936,5.148684,64.131857,-0.263461
2122.977736,853.000000,5.126486,-64.027365,713.349145,5.142914,64.033453,-0.251721
2122.944933,854.000000,5.123241,-63.929639,713.342742,5.139421,63.935678,-0.246269
2122.931277,855.000000,5.121899,-63.832461,713.342437,5.138103,63.838500,-0.246818
2122.916455,856.000000,5.120441,-63.735250,713.341759,5.136652,63.741287,-0.247001
2122.894018,857.000000,5.118227,-63.637823,713.338653,5.134337,63.643838,-0.244795
2122.878107,858.000000,5.116661,-63.540582,713.337626,5.132762,63.546592,-0.244633
2122.867097,859.000000,5.115583,-63.443480,713.338158,5.131744,63.449498,-0.246008
2122.837624,860.000000,5.112669,-63.345856,713.332808,5.128629,63.351833,-0.241591
2122.792142,861.000000,5.108164,-63.247781,713.322357,5.123697,63.253676,-0.232154
2122.759881,862.000000,5.104974,-63.150083,713.316116,5.120266,63.155929,-0.226862
2122.743718,863.000000,5.103383,-63.052839,713.315001,5.118663,63.058680,-0.226615
2122.724292,864.000000,5.101468,-62.955504,713.312846,5.116689,62.961331,-0.225344
2122.681966,865.000000,5.097277,-62.857527,713.303396,5.112115,62.863279,-0.216892
2122.620443,866.000000,5.091179,-62.759014,713.287829,5.105362,62.764642,-0.202420
2122.559948,867.000000,5.085183,-62.660535,713.272590,5.098726,62.666042,-0.188270
2122.522628,868.000000,5.081490,-62.562707,713.264731,5.094721,62.568153,-0.181384
2122.522358,869.000000,5.081479,-62.465916,713.268671,5.094922,62.471397,-0.186112
2122.541443,870.000000,5.083391,-62.369663,713.278774,5.097320,62.375230,-0.196906
2122.560354,871.000000,5.085286,-62.273403,713.288821,5.099698,62.279056,-0.207644
2122.572318,872.000000,5.086491,-62.176947,713.296653,5.101287,62.182667,-0.216204
2122.565395,873.000000,5.085819,-62.079966,713.298469,5.100733,62.085704,-0.218841
2122.540507,874.000000,5.083361,-61.982486,713.294561,5.098138,61.988195,-0.215844
2122.495703,875.000000,5.078925,-61.884457,713.284309,5.093283,61.890086,-0.206602
2122.522606,876.000000,5.081614,-61.788411,713.296895,5.096568,61.794146,-0.219840
2122.479749,877.000000,5.077371,-61.690438,713.287260,5.091934,61.696098,-0.211206
2122.455524,878.000000,5.074979,-61.592982,713.283558,5.089415,61.598614,-0.208412
2122.466682,879.000000,5.076104,-61.496498,713.291125,5.090913,61.502195,-0.216710
2122.498606,880.000000,5.079292,-61.400582,713.305305,5.094768,61.406399,-0.231517
2122.506955,881.000000,5.080138,-61.304017,713.311975,5.095946,61.309891,-0.238932
2122.489742,882.000000,5.078443,-61.206751,713.310501,5.094223,61.212616,-0.238331
2122.471711,883.000000,5.076667,-61.109463,713.308766,5.092407,61.115318,-0.237472
2122.458910,884.000000,5.075411,-61.012318,713.308695,5.091184,61.018176,-0.238252
2122.439501,885.000000,5.073498,-60.914994,713.306518,5.089211,60.920837,-0.236958
2122.397455,886.000000,5.069336,-60.817055,713.297129,5.084669,60.822825,-0.228566
2122.337615,887.000000,5.063406,-60.718637,713.282072,5.078107,60.724286,-0.214595
2122.284064,888.000000,5.058101,-60.620393,713.269017,5.072258,60.625939,-0.202594
2122.238422,889.000000,5.053582,-60.522366,713.258480,5.067308,60.527829,-0.193071
2122.197188,890.000000,5.049501,-60.424462,713.249345,5.062858,60.429854,-0.184930
2122.176349,891.000000,5.047446,-60.327110,713.246705,5.060723,60.332483,-0.183181
2122.194891,892.000000,5.049304,-60.230819,713.256606,5.063058,60.236276,-0.193775
2122.237575,893.000000,5.053561,-60.135173,713.274195,5.068133,60.140777,-0.211937
2122.275623,894.000000,5.057357,-60.039398,713.290307,5.072682,60.045138,-0.228646
2122.286159,895.000000,5.058420,-59.942883,713.297655,5.074108,59.948686,-0.236728
2122.266678,896.000000,5.056500,-59.845563,713.295441,5.072126,59.851351,-0.235397
2122.220654,897.000000,5.051943,-59.747536,713.284771,5.067132,59.753240,-0.225744
2122.145005,898.000000,5.044443,-59.648722,713.264664,5.058776,59.654264,-0.206802
2122.091545,899.000000,5.039148,-59.550504,713.251624,5.052938,59.555943,-0.194816
2121.921089,907.000000,5.022341,-58.771647,713.229182,5.035429,58.776929,-0.179517
2121.652894,935.000000,4.996148,-56.054328,713.254558,5.011394,56.059909,-0.228258
2120.771819,983.000000,4.909433,-51.386201,713.161508,4.922310,51.391177,-0.177355
2120.112357,1029.000000,4.844730,-46.917884,713.128394,4.857827,46.922738,-0.183706
2118.784239,1104.000000,4.714232,-39.629551,712.987989,4.723845,39.633500,-0.108882
2118.680675,1105.000000,4.703981,-39.530881,712.958746,4.712331,39.534594,-0.080935
2118.604936,1106.000000,4.696489,-39.432709,712.938357,4.703970,39.436259,-0.061705
2118.617590,1107.000000,4.697760,-39.336096,712.946095,4.705621,39.339712,-0.070168
2118.681939,1108.000000,4.704156,-39.240386,712.970282,4.713129,39.244203,-0.094826
2118.713256,1109.000000,4.707278,-39.144092,712.983957,4.716895,39.148024,-0.109135
2118.700900,1110.000000,4.706070,-39.047034,712.983733,4.715713,39.050967,-0.109758
2118.676467,1111.000000,4.703664,-38.949765,712.979664,4.713163,38.953668,-0.106596
2118.652666,1112.000000,4.701321,-38.852509,712.975794,4.710685,38.856384,-0.103631
2118.619663,1113.000000,4.698066,-38.755094,712.968995,4.707165,38.758917,-0.097782
2118.574853,1114.000000,4.693640,-38.657478,712.958438,4.702306,38.661217,-0.088232
2118.527161,1115.000000,4.688929,-38.559814,712.946963,4.697122,38.563463,-0.077778
2118.477592,1116.000000,4.684032,-38.462122,712.934889,4.691725,38.465676,-0.066735
2118.511589,1117.000000,4.687419,-38.365865,712.949405,4.695794,38.369541,-0.081871
2118.479566,1118.000000,4.684261,-38.268476,712.942912,4.692384,38.272102,-0.076322
2118.485827,1119.000000,4.684898,-38.171741,712.948600,4.693311,38.175417,-0.082767
2118.497800,1120.000000,4.686102,-38.075102,712.956105,4.694885,38.078842,-0.091000
2118.464536,1121.000000,4.682821,-37.977694,712.949213,4.691334,37.981381,-0.085058
2118.420453,1122.000000,4.678468,-37.880105,712.938877,4.686559,37.883710,-0.075726
2118.369517,1123.000000,4.673436,-37.782403,712.926359,4.681007,37.785909,-0.064246
2118.327548,1124.000000,4.669292,-37.684856,712.916694,4.676471,37.688286,-0.055574
2118.317673,1125.000000,4.668330,-37.587849,712.917240,4.675569,37.591288,-0.056955
2118.324169,1126.000000,4.668991,-37.491117,712.922993,4.676522,37.494606,-0.063463
2118.302874,1127.000000,4.666897,-37.393920,712.919902,4.674328,37.397386,-0.061264
2118.259747,1128.000000,4.662639,-37.296359,712.909863,4.669660,37.299747,-0.052224
2118.229014,1129.000000,4.659610,-37.199008,712.903767,4.666397,37.202349,-0.047066
2118.227855,1130.000000,4.659512,-37.102148,712.907079,4.666483,37.105519,-0.051171
2118.240305,1131.000000,4.660762,-37.005512,712.914720,4.668110,37.008949,-0.059538
2118.230980,1132.000000,4.659855,-36.908515,712.915431,4.667270,36.911962,-0.061082
2118.197176,1133.000000,4.656521,-36.811116,712.908353,4.663659,36.814508,-0.054956
2118.153644,1134.000000,4.652223,-36.713560,712.898178,4.658946,36.716871,-0.045782
2118.116122,1135.000000,4.648522,-36.616104,712.889914,4.654913,36.619351,-0.038489
2118.089831,1136.000000,4.645933,-36.518834,712.885222,4.652153,36.522046,-0.034714
2118.085557,1137.000000,4.645526,-36.421924,712.887534,4.651885,36.425158,-0.037834
2118.104870,1138.000000,4.647457,-36.325395,712.897349,4.654289,36.328713,-0.048341
2118.118501,1139.000000,4.648824,-36.228772,712.905355,4.656049,36.232158,-0.057068
2118.106627,1140.000000,4.647664,-36.131735,712.905244,4.654921,36.135124,-0.057803
2118.070513,1141.000000,4.644102,-36.034309,712.897421,4.651047,36.037637,-0.050943
2118.016482,1142.000000,4.638764,-35.936597,712.883895,4.645145,35.939818,-0.038470
2117.964715,1143.000000,4.633651,-35.838925,712.871089,4.639500,35.842044,-0.026705
2117.937446,1144.000000,4.630966,-35.741648,712.866076,4.636628,35.744729,-0.022612
2117.934226,1145.000000,4.630663,-35.644755,712.868713,4.636480,35.647861,-0.026052
2117.927544,1146.000000,4.630018,-35.547806,712.870246,4.635939,35.550928,-0.028406
2117.899061,1147.000000,4.627212,-35.450512,712.864843,4.632930,35.453593,-0.023929
2117.866592,1148.000000,4.624012,-35.353157,712.858171,4.629469,35.356186,-0.018203
2117.867041,1149.000000,4.624073,-35.256322,712.861969,4.629736,35.259385,-0.022786
2117.894116,1150.000000,4.626773,-35.159903,712.874237,4.633018,35.163071,-0.035709
2117.907059,1151.000000,4.628072,-35.063260,712.882008,4.634699,35.066495,-0.044204
2117.892799,1152.000000,4.626676,-34.966191,712.881123,4.633300,34.969421,-0.044176
2117.856225,1153.000000,4.623068,-34.868774,712.873138,4.629375,34.871943,-0.037157
2117.829912,1154.000000,4.620478,-34.771519,712.868416,4.626611,34.774652,-0.033351
2117.845877,1155.000000,4.622077,-34.674920,712.877143,4.628634,34.678128,-0.042787
2117.869714,1156.000000,4.624456,-34.578440,712.888373,4.631549,34.581743,-0.054689
2117.864072,1157.000000,4.623913,-34.481503,712.890224,4.631126,34.484825,-0.057354
2117.841569,1158.000000,4.621700,-34.384307,712.886708,4.628793,34.387603,-0.054736
2117.828541,1159.000000,4.620426,-34.287258,712.886206,4.627533,34.290552,-0.055085
2117.818037,1160.000000,4.619402,-34.190246,712.886506,4.626559,34.193547,-0.056223
2117.805509,1161.000000,4.618178,-34.093204,712.886160,4.625356,34.096505,-0.056726
2117.788059,1162.000000,4.616466,-33.996088,712.884247,4.623596,33.999376,-0.055686
2117.763717,1163.000000,4.614070,-33.898868,712.880141,4.621055,33.902126,-0.052486
2117.744034,1164.000000,4.612137,-33.801719,712.877515,4.619041,33.804959,-0.050744
2117.724862,1165.000000,4.610254,-33.704579,712.875050,4.617086,33.707802,-0.049160
2117.693490,1166.000000,4.607163,-33.607256,712.868703,4.613749,33.610430,-0.043754
2117.653867,1167.000000,4.603254,-33.509812,712.859730,4.609478,33.512916,-0.035762
2117.626170,1168.000000,4.600527,-33.412548,712.854549,4.606557,33.415613,-0.031504
2117.617750,1169.000000,4.599709,-33.315573,712.855500,4.605819,33.318649,-0.033283
2117.606768,1170.000000,4.598638,-33.218559,712.855635,4.604790,33.221639,-0.034259
2117.563205,1171.000000,4.594339,-33.121064,712.845403,4.600073,33.124063,-0.025028
2117.500331,1172.000000,4.588127,-33.023286,712.829028,4.593170,33.026155,-0.009747
2117.535640,1173.000000,4.591642,-32.926957,712.843884,4.597382,32.929951,-0.025218
2117.525622,1174.000000,4.590666,-32.829959,712.844320,4.596462,32.832960,-0.026490
2117.449315,1175.000000,4.583124,-32.731992,712.823668,4.588038,32.734827,-0.006998
2117.515715,1176.000000,4.589719,-32.636111,712.848410,4.595770,32.639152,-0.032203
2117.483825,1177.000000,4.586576,-32.538795,712.841884,4.592374,32.541785,-0.026621
2117.434018,1178.000000,4.581659,-32.441221,712.829658,4.586950,32.444115,-0.015425
2117.360568,1179.000000,4.574400,-32.343309,712.809910,4.578850,32.346045,0.003177
2117.297130,1180.000000,4.568133,-32.245547,712.793346,4.571883,32.248150,0.018644
2117.280903,1181.000000,4.566543,-32.148467,712.791798,4.570261,32.151061,0.019325
2117.316085,1182.000000,4.570045,-32.052124,712.806601,4.574457,32.054842,0.003907
2117.387972,1183.000000,4.577182,-31.956300,712.833078,4.582809,31.959237,-0.023007
2117.430316,1184.000000,4.581394,-31.860048,712.850158,4.587816,31.863129,-0.040668
2117.425318,1185.000000,4.580916,-31.763121,712.852177,4.587464,31.766222,-0.043498
2117.403338,1186.000000,4.578756,-31.665953,712.848792,4.585190,31.669029,-0.041008
2117.367140,1187.000000,4.575187,-31.568586,712.840883,4.581306,31.571601,-0.034063
2117.304032,1188.000000,4.568952,-31.470843,712.824412,4.574377,31.473726,-0.018688
2117.228437,1189.000000,4.561481,-31.372929,712.803969,4.566034,31.375648,0.000599
2117.185034,1190.000000,4.557199,-31.275471,712.793765,4.561335,31.278110,0.009804
2117.181063,1191.000000,4.556823,-31.178564,712.796103,4.561099,31.181226,0.006660
2117.190699,1192.000000,4.557794,-31.081846,712.802766,4.562403,31.084565,-0.000745
2117.190264,1193.000000,4.557768,-30.984987,712.806226,4.562567,30.987737,-0.004993
2117.171772,1194.000000,4.555954,-30.887877,712.803940,4.560688,30.890613,-0.003585
2117.158651,1195.000000,4.554671,-30.790843,712.803362,4.559416,30.793576,-0.003858
2117.172812,1196.000000,4.556091,-30.694182,712.811460,4.561232,30.696985,-0.012675
2117.191936,1197.000000,4.558002,-30.597587,712.821136,4.563610,30.600473,-0.023045
2117.195719,1198.000000,4.558394,-30.500781,712.825930,4.564252,30.503709,-0.028609
2117.199502,1199.000000,4.558785,-30.403973,712.830724,4.564893,30.406944,-0.034171
2117.200061,1200.000000,4.558858,-30.307120,712.834491,4.565170,30.310125,-0.038723
2117.168870,1201.000000,4.555785,-30.209839,712.828156,4.561853,30.212795,-0.033328
2117.086407,1202.000000,4.547635,-30.111869,712.805511,4.552732,30.114644,-0.011872
2116.993866,1203.000000,4.538486,-30.013772,712.779662,4.542472,30.016337,0.012739
2116.934387,1204.000000,4.532613,-29.916122,712.764327,4.535953,29.918566,0.026996
2116.930732,1205.000000,4.532268,-29.819220,712.766746,4.535753,29.821687,0.023772
2116.949408,1206.000000,4.534135,-29.722614,712.776267,4.538079,29.725162,0.013555
2116.938181,1207.000000,4.533040,-29.625610,712.776275,4.537021,29.628161,0.012704
2116.908998,1208.000000,4.530167,-29.528369,712.770571,4.533931,29.530877,0.017478
2116.898326,1209.000000,4.529127,-29.431373,712.770754,4.532936,29.433886,0.016457
2116.919372,1210.000000,4.531228,-29.334793,712.781023,4.535531,29.337392,0.005503
2116.931653,1211.000000,4.532462,-29.238095,712.788503,4.537133,29.240759,-0.002705
2116.908157,1212.000000,4.530152,-29.140930,712.784602,4.534686,29.143565,0.000294
2116.864697,1213.000000,4.525865,-29.043507,712.774351,4.529981,29.046062,0.009546
2116.819253,1214.000000,4.521382,-28.946061,712.763468,4.525050,28.948530,0.019420
2116.780855,1215.000000,4.517597,-28.848710,712.754824,4.520918,28.851111,0.027090
2116.761076,1216.000000,4.515655,-28.751599,712.752101,4.518892,28.753982,0.028929
2116.767652,1217.000000,4.516323,-28.654827,712.757758,4.519848,28.657259,0.022516
2116.786646,1218.000000,4.518221,-28.558211,712.767364,4.522210,28.560725,0.012216
2116.802516,1219.000000,4.519810,-28.461553,712.775975,4.524218,28.464141,0.002894
2116.798243,1220.000000,4.519404,-28.364638,712.778178,4.523946,28.367247,-0.000117
2116.759677,1221.000000,4.515602,-28.267289,712.769473,4.519794,28.269830,0.007613
2116.695652,1222.000000,4.509279,-28.169623,712.752670,4.512761,28.172030,0.023317
2116.633265,1223.000000,4.503119,-28.071982,712.736387,4.505914,28.074258,0.038508
2116.593999,1224.000000,4.499249,-27.974634,712.727456,4.501683,27.976841,0.046460
2116.575268,1225.000000,4.497411,-27.877544,712.725055,4.499775,27.879735,0.047983
2116.565983,1226.000000,4.496509,-27.780572,712.725656,4.498937,27.782771,0.046549
2116.566913,1227.000000,4.496618,-27.683726,712.729505,4.499253,27.685960,0.041918
2116.577573,1228.000000,4.497691,-27.586999,712.736446,4.500671,27.589293,0.034241
2116.604869,1229.000000,4.500410,-27.490475,712.748677,4.503971,27.492871,0.021355
2116.655427,1230.000000,4.505434,-27.394231,712.768305,4.509904,27.396792,0.001185
2116.699483,1231.000000,4.509813,-27.297903,712.785866,4.515100,27.300611,-0.016948
2116.705183,1232.000000,4.510395,-27.201105,712.791225,4.515957,27.203860,-0.023068
2116.659101,1233.000000,4.505849,-27.103678,712.780114,4.510954,27.106345,-0.012968
2116.540248,1234.000000,4.494098,-27.005378,712.745857,4.497717,27.007768,0.019923
2116.457440,1235.000000,4.485917,-26.907520,712.723065,4.488559,26.909726,0.041525
2116.403707,1236.000000,4.480614,-26.810016,712.709519,4.482691,26.812115,0.054023
2116.423491,1237.000000,4.482590,-26.713392,712.719350,4.485140,26.715575,0.043501
2116.464103,1238.000000,4.486628,-26.617014,712.735803,4.489946,26.619334,0.026457
2116.481168,1239.000000,4.488335,-26.520352,712.744767,4.492088,26.522749,0.016788
2116.487279,1240.000000,4.488957,-26.423559,712.750247,4.492991,26.426004,0.010551
2116.500126,1241.000000,4.490246,-26.326843,712.757867,4.494655,26.329354,0.002205
2116.500172,1242.000000,4.490268,-26.229975,712.761415,4.494871,26.232519,-0.002130
2116.494657,1243.000000,4.489739,-26.133042,712.763193,4.494458,26.135603,-0.004723
2116.482656,1244.000000,4.488568,-26.036033,712.762907,4.493311,26.038595,-0.005282
2116.456022,1245.000000,4.485949,-25.938854,712.757966,4.490508,25.941379,-0.001258
2116.416906,1246.000000,4.482093,-25.841533,712.749054,4.486294,25.843988,0.006676
2116.371338,1247.000000,4.477599,-25.744141,712.738089,4.481349,25.746509,0.016632
2116.336624,1248.000000,4.474180,-25.646875,712.730575,4.477632,25.649186,0.023190
2116.325289,1249.000000,4.473075,-25.549879,712.730494,4.476560,25.552191,0.022428
2116.304761,1250.000000,4.471060,-25.452777,712.727489,4.474448,25.455069,0.024547
2116.262849,1251.000000,4.466928,-25.355435,712.717682,4.469917,25.357650,0.033362
2116.221748,1252.000000,4.462877,-25.258105,712.708132,4.465478,25.260245,0.041925
2116.191355,1253.000000,4.459885,-25.160897,712.701986,4.462250,25.162990,0.047136
2116.192634,1254.000000,4.460029,-25.064046,712.705910,4.462605,25.066174,0.042431
2116.220097,1255.000000,4.462765,-24.967486,712.718159,4.465922,24.969717,0.029528
2116.236623,1256.000000,4.464418,-24.870800,712.726929,4.468002,24.873107,0.020050
2116.230339,1257.000000,4.463814,-24.773860,712.728444,4.467501,24.776183,0.017717
2116.195662,1258.000000,4.460398,-24.676607,712.720929,4.463788,24.678871,0.024276
2116.140942,1259.000000,4.454999,-24.579137,712.707039,4.457808,24.581290,0.037113
2116.102203,1260.000000,4.451182,-24.481844,712.698230,4.453636,24.483929,0.044946
2116.094403,1261.000000,4.450427,-24.384891,712.699258,4.452963,24.386988,0.043093
2116.102922,1262.000000,4.451287,-24.288115,712.705473,4.454137,24.290265,0.036131
2116.097672,1263.000000,4.450785,-24.191188,712.707309,4.453753,24.193357,0.033482
2116.046406,1264.000000,4.445728,-24.093766,712.694512,4.448163,24.095833,0.045243
2115.969348,1265.000000,4.438118,-23.996071,712.673512,4.439657,23.997970,0.065082
2115.922536,1266.000000,4.433502,-23.898705,712.662129,4.434572,23.900514,0.075450
2115.937300,1267.000000,4.434981,-23.801996,712.670324,4.436451,23.803875,0.066540
2115.987218,1268.000000,4.439939,-23.705657,712.689695,4.442307,23.707698,0.046623
2116.029061,1269.000000,4.444098,-23.609227,712.706498,4.447249,23.611409,0.029235
2116.045985,1270.000000,4.445791,-23.512532,712.715376,4.449373,23.514789,0.019651
2116.041149,1271.000000,4.445329,-23.415606,712.717333,4.449035,23.417883,0.016883
2116.023903,1272.000000,4.443640,-23.318551,712.715343,4.447294,23.320815,0.018002
2116.002452,1273.000000,4.441534,-23.221453,712.712014,4.445077,23.223693,0.020439
2115.987320,1274.000000,4.440054,-23.124421,712.710694,4.443574,23.126654,0.020898
2115.992159,1275.000000,4.440550,-23.027595,712.715723,4.444331,23.029872,0.015105
2116.021205,1276.000000,4.443443,-22.931015,712.728448,4.447826,22.933399,0.001733
2116.049954,1277.000000,4.446306,-22.834429,712.741078,4.451287,22.836920,-0.011546
2116.044758,1278.000000,4.445809,-22.737495,712.742912,4.450908,22.740004,-0.014192
2116.006293,1279.000000,4.442019,-22.640224,712.734165,4.446766,22.642665,-0.006419
2115.961729,1280.000000,4.437625,-22.542895,712.723476,4.441934,22.545251,0.003266
2115.927039,1281.000000,4.434209,-22.445667,712.715927,4.438219,22.447965,0.009859
2115.912489,1282.000000,4.432787,-22.348642,712.714781,4.436782,22.350934,0.010147
2115.923155,1283.000000,4.433860,-22.251868,712.721653,4.438197,22.254219,0.002539
2115.947312,1284.000000,4.436269,-22.155226,712.732813,4.441139,22.157671,-0.009292
2115.966406,1285.000000,4.438176,-22.058530,712.742363,4.443507,22.061057,-0.019537
2115.966300,1286.000000,4.438183,-21.961644,712.745805,4.443704,21.964203,-0.023767
2115.946618,1287.000000,4.436253,-21.864566,712.743020,4.441686,21.867105,-0.021866
2115.904143,1288.000000,4.432066,-21.767268,712.732986,4.437090,21.769728,-0.012825
2115.827492,1289.000000,4.424497,-21.669641,712.712082,4.428628,21.671933,0.006920
2115.725970,1290.000000,4.414467,-21.571781,712.683270,4.417354,21.573841,0.034453
2115.645770,1291.000000,4.406548,-21.474133,712.661239,4.408492,21.476016,0.055309
2115.632070,1292.000000,4.405209,-21.377126,712.660350,4.407151,21.379004,0.055343
2115.656641,1293.000000,4.407658,-21.280482,712.671629,4.410138,21.282456,0.043396
2115.664938,1294.000000,4.408497,-21.183682,712.677732,4.411285,21.185709,0.036545
2115.634881,1295.000000,4.405540,-21.086519,712.671638,4.408094,21.088500,0.041705
2115.606257,1296.000000,4.402725,-20.989371,712.666000,4.405065,20.991309,0.046418
2115.617581,1297.000000,4.403863,-20.892597,712.673061,4.406553,20.894596,0.038624
2115.658645,1298.000000,4.407945,-20.796097,712.689578,4.411405,20.798235,0.021518
2115.684540,1299.000000,4.410525,-20.699453,712.701270,4.414542,20.701689,0.009163
2115.661785,1300.000000,4.408291,-20.602358,712.697492,4.412176,20.604567,0.012043
2115.623061,1301.000000,4.404476,-20.505118,712.688635,4.408004,20.507258,0.019926
2115.616550,1302.000000,4.403849,-20.408174,712.690019,4.407476,20.410328,0.017722
2115.623436,1303.000000,4.404548,-20.311352,712.695662,4.408462,20.313555,0.011325
2115.603370,1304.000000,4.402580,-20.214284,712.692733,4.406401,20.216467,0.013368
2115.566454,1305.000000,4.398945,-20.117066,712.684446,4.402433,20.119184,0.020690
2115.554170,1306.000000,4.397747,-20.020070,712.683989,4.401252,20.022188,0.020299
2115.562353,1307.000000,4.398574,-19.923257,712.690039,4.402385,19.925427,0.013501
2115.546853,1308.000000,4.397058,-19.826232,712.688557,4.400839,19.828394,0.014120
2115.542383,1309.000000,4.396633,-19.729305,712.690582,4.400541,19.731486,0.011286
2115.687140,1310.000000,4.410977,-19.633685,712.740058,4.417121,19.636275,-0.038279
2115.827567,1311.000000,4.424894,-19.538014,712.788163,4.433212,19.541001,-0.086493
2114.367663,1396.000000,4.281985,-11.290695,712.611839,4.285575,11.292514,0.015817
2049.269593,1421.000000,-1.974276,-8.617036,692.569785,-2.860771,8.454910,19.735120
2049.257788,1422.000000,-1.975388,-8.522790,692.569358,-2.861867,8.360664,19.734726
2048.842361,1423.000000,-2.014190,-8.427068,692.447636,-2.906045,8.263948,19.853802
2048.536620,1424.000000,-2.042742,-8.331776,692.358902,-2.938506,8.167934,19.940387
2048.565312,1425.000000,-2.040074,-8.237704,692.370636,-2.935281,8.073961,19.928015
2048.550062,1426.000000,-2.041507,-8.143473,692.369170,-2.936744,7.979721,19.928645
2048.541541,1427.000000,-2.042313,-8.049267,692.369724,-2.937489,7.885522,19.927286
2048.548293,1428.000000,-2.041693,-7.955113,692.374864,-2.936605,7.791414,19.921409
2048.512554,1429.000000,-2.045039,-7.860812,692.367239,-2.940255,7.697054,19.928105
2048.537742,1430.000000,-2.042698,-7.766719,692.377915,-2.937404,7.603052,19.916776
2048.544515,1431.000000,-2.042076,-7.672562,692.383058,-2.936518,7.508940,19.910896
2048.532472,1432.000000,-2.043210,-7.578342,692.382547,-2.937639,7.414718,19.910585
2048.517545,1433.000000,-2.044614,-7.484112,692.381169,-2.939068,7.320480,19.911128
2048.506222,1434.000000,-2.045681,-7.389894,692.380872,-2.940113,7.226263,19.910606
2048.473680,1435.000000,-2.048728,-7.295609,692.374200,-2.943422,7.131927,19.916364
2048.464678,1436.000000,-2.049579,-7.201400,692.374598,-2.944219,7.037724,19.915158
2048.419390,1437.000000,-2.053816,-7.107078,692.364095,-2.948887,6.943319,19.924690
2048.390364,1438.000000,-2.056535,-7.012809,692.358476,-2.951821,6.849007,19.929411
2048.369453,1439.000000,-2.058497,-6.918566,692.355293,-2.953889,6.754741,19.931732
2048.345756,1440.000000,-2.060719,-6.824315,692.351272,-2.956254,6.660460,19.934879
2048.316329,1441.000000,-2.063475,-6.730048,692.345529,-2.959230,6.566150,19.939722
2048.279067,1442.000000,-2.066963,-6.635761,692.337431,-2.963042,6.471800,19.946884
2048.238447,1443.000000,-2.070764,-6.541466,692.328323,-2.967213,6.377433,19.955041
2048.205333,1444.000000,-2.073864,-6.447195,692.321469,-2.970582,6.283109,19.960978
2048.187308,1445.000000,-2.075556,-6.352967,692.319146,-2.972342,6.188865,19.962453
2048.184608,1446.000000,-2.075818,-6.258781,692.321425,-2.972467,6.094702,19.959395
2048.190577,1447.000000,-2.075271,-6.164618,692.326306,-2.971668,6.000582,19.953773
2048.196277,1448.000000,-2.074750,-6.070453,692.331105,-2.970897,5.906459,19.948232
2048.194962,1449.000000,-2.074882,-5.976269,692.333796,-2.970875,5.812300,19.944768
2048.181288,1450.000000,-2.076169,-5.882052,692.332774,-2.972171,5.718077,19.944962
2048.158741,1451.000000,-2.078283,-5.787813,692.329085,-2.974414,5.623811,19.947781
2048.137775,1452.000000,-2.080249,-5.693579,692.325870,-2.976488,5.529554,19.950135
2048.120531,1453.000000,-2.081869,-5.599354,692.323771,-2.978165,5.435316,19.951388
2048.096840,1454.000000,-2.084089,-5.505115,692.319735,-2.980530,5.341047,19.954550
2048.063044,1455.000000,-2.087253,-5.410854,692.312663,-2.983972,5.246731,19.960702
2048.030840,1456.000000,-2.090268,-5.316598,692.306068,-2.987245,5.152424,19.966385
2048.010085,1457.000000,-2.092215,-5.222369,692.302911,-2.989297,5.058173,19.968682
2048.001694,1458.000000,-2.093008,-5.128169,692.303465,-2.990029,4.963980,19.967322
2048.002723,1459.000000,-2.092922,-5.033990,692.306848,-2.989758,4.869832,19.963177
2047.999617,1460.000000,-2.093222,-4.939800,692.308987,-2.989927,4.775663,19.960256
2047.996975,1461.000000,-2.093478,-4.845611,692.311264,-2.990047,4.681496,19.957199
2048.014302,1462.000000,-2.091871,-4.751463,692.319538,-2.988037,4.587418,19.948236
2048.036540,1463.000000,-2.089806,-4.657322,692.329286,-2.985503,4.493360,19.937821
2048.045011,1464.000000,-2.089026,-4.563151,692.334898,-2.984437,4.399239,19.931480
2048.029626,1465.000000,-2.090471,-4.468933,692.333343,-2.985916,4.305010,19.932198
2047.991058,1466.000000,-2.094080,-4.374670,692.324824,-2.989868,4.210682,19.939776
2047.940020,1467.000000,-2.098853,-4.280387,692.312558,-2.995151,4.116301,19.951044
2047.886746,1468.000000,-2.103833,-4.186103,692.299621,-3.000671,4.021915,19.962975
2047.841360,1469.000000,-2.108078,-4.091837,692.289051,-3.005350,3.927565,19.972573
2047.812735,1470.000000,-2.110759,-3.997603,692.283514,-3.008241,3.833289,19.977214
2047.799982,1471.000000,-2.111958,-3.903397,692.282743,-3.009440,3.739079,19.977160
2047.793469,1472.000000,-2.112576,-3.809201,692.283844,-3.009973,3.644896,19.975262
2047.785141,1473.000000,-2.113363,-3.715003,692.284399,-3.010700,3.550705,19.973903
2047.776886,1474.000000,-2.114143,-3.620804,692.284974,-3.011419,3.456514,19.972522
2047.758647,1475.000000,-2.115855,-3.526589,692.282550,-3.013203,3.362283,19.974097
2047.717316,1476.000000,-2.119721,-3.432341,692.273190,-3.017450,3.267962,19.982503
2047.665459,1477.000000,-2.124568,-3.338081,692.260669,-3.022819,3.173601,19.994025
2047.634088,1478.000000,-2.127505,-3.243852,692.254298,-3.026003,3.079324,19.999487
2047.638599,1479.000000,-2.127094,-3.149674,692.258701,-3.025361,2.985185,19.994337
2047.654690,1480.000000,-2.125603,-3.055511,692.266580,-3.023484,2.891089,19.985762
2047.665528,1481.000000,-2.124602,-2.961338,692.272881,-3.022167,2.796971,19.978743
2047.670100,1482.000000,-2.124185,-2.867156,692.277299,-3.021518,2.702829,19.973578
2047.660571,1483.000000,-2.125084,-2.772956,692.277481,-3.022374,2.608633,19.972586
2047.627692,1484.000000,-2.128161,-2.678728,692.270649,-3.025719,2.514353,19.978502
2047.574076,1485.000000,-2.133173,-2.584479,692.257590,-3.031276,2.420000,19.990553
2047.530611,1486.000000,-2.137237,-2.490244,692.247577,-3.035750,2.325687,19.999603
2047.518325,1487.000000,-2.138393,-2.396045,692.246926,-3.036900,2.231485,19.999431
2047.530268,1488.000000,-2.137289,-2.301870,692.253550,-3.035465,2.137367,19.992094
2047.561755,1489.000000,-2.134362,-2.207712,692.266042,-3.031947,2.043315,19.978976
2047.596994,1490.000000,-2.131084,-2.113554,692.279659,-3.028029,1.949271,19.964750
2047.617856,1491.000000,-2.129148,-2.019379,692.288958,-3.025643,1.855176,19.954777
2047.616316,1492.000000,-2.129301,-1.925184,692.291529,-3.025647,1.761004,19.951432
2047.591077,1493.000000,-2.131666,-1.830968,692.286980,-3.028178,1.666755,19.955100
2047.550858,1494.000000,-2.135427,-1.736743,692.277932,-3.032307,1.572459,19.963200
2047.529407,1495.000000,-2.137438,-1.642533,692.274519,-3.034434,1.478224,19.965749
2047.552314,1496.000000,-2.135311,-1.548355,692.284426,-3.031831,1.384130,19.955177
2047.573279,1497.000000,-2.133365,-1.454172,692.293749,-3.029435,1.290026,19.945181
2047.569652,1498.000000,-2.133713,-1.359972,692.295685,-3.029661,1.195846,19.942461
2047.546016,1499.000000,-2.135928,-1.265760,692.291611,-3.032022,1.101604,19.945662
2047.515425,1500.000000,-2.138791,-1.171546,692.285447,-3.035124,1.007343,19.950921
2047.481685,1501.000000,-2.141949,-1.077333,692.278336,-3.038562,0.913074,19.957113
2047.426091,1502.000000,-2.147144,-0.983111,692.264661,-3.044330,0.818744,19.969771
2047.433073,1503.000000,-2.146503,-0.888918,692.269776,-3.043426,0.724596,19.963919
2047.411949,1504.000000,-2.148483,-0.794714,692.266451,-3.045518,0.630367,19.966382
2047.417483,1505.000000,-2.147976,-0.700518,692.271129,-3.044768,0.536213,19.960961
2047.413229,1506.000000,-2.148383,-0.606319,692.272867,-3.045062,0.442031,19.958437
2047.390009,1507.000000,-2.150559,-0.512115,692.268908,-3.047378,0.347798,19.961524
2047.368464,1508.000000,-2.152578,-0.417912,692.265451,-3.049516,0.253570,19.964117
2047.365181,1509.000000,-2.152894,-0.323713,692.267477,-3.049706,0.159390,19.961309
2047.373241,1510.000000,-2.152152,-0.229514,692.272908,-3.048687,0.065239,19.955147
2047.384851,1511.000000,-2.151079,-0.135314,692.279403,-3.047290,-0.028905,19.947935
2047.395596,1512.000000,-2.150086,-0.041112,692.285638,-3.045984,-0.123052,19.940981
2047.365892,1513.000000,-2.152866,0.053091,692.279725,-3.048992,-0.217300,19.945994
2047.885585,1514.000000,-2.104388,0.147327,692.438837,-2.993404,-0.310231,19.788447
2048.196791,1515.000000,-2.075350,0.241585,692.535357,-2.960039,-0.403696,19.692556
2112.752001,1517.000000,4.124531,0.442465,712.491763,4.127202,-0.441235,0.032785
2112.980401,1520.000000,4.147158,0.733411,712.573867,4.153589,-0.731500,-0.050600
2112.952174,1521.000000,4.144388,0.830370,712.568063,4.150597,-0.828503,-0.045719
2112.821121,1522.000000,4.131456,0.927284,712.529576,4.135991,-0.925729,-0.008644
2112.718819,1523.000000,4.121366,1.024201,712.500230,4.124633,-1.022883,0.019429
2112.693757,1524.000000,4.118909,1.121149,712.495429,4.121999,-1.119866,0.023321
2112.672382,1525.000000,4.116816,1.218097,712.491799,4.119781,-1.216841,0.026061
2112.632940,1526.000000,4.112938,1.315034,712.482426,4.115523,-1.313852,0.034458
2112.602684,1527.000000,4.109968,1.411974,712.475972,4.112302,-1.410841,0.039980
2112.601362,1528.000000,4.109857,1.508932,712.478710,4.112349,-1.507774,0.036447
2112.613245,1529.000000,4.111050,1.605900,712.485644,4.113887,-1.604682,0.028781
2112.621280,1530.000000,4.111863,1.702868,712.491354,4.114990,-1.701599,0.022321
2112.610125,1531.000000,4.110780,1.799821,712.490964,4.113927,-1.798552,0.021869
2112.592673,1532.000000,4.109075,1.896769,712.488571,4.112151,-1.895517,0.023390
2112.572509,1533.000000,4.107102,1.993714,712.485316,4.110070,-1.992485,0.025761
2112.559419,1534.000000,4.105828,2.090665,712.484307,4.108788,-2.089441,0.025919
2112.569475,1535.000000,4.106840,2.187638,712.490652,4.110119,-2.186359,0.018833
2112.596480,1536.000000,4.109528,2.284630,712.502383,4.113364,-2.283252,0.006442
2112.609232,1537.000000,4.110807,2.381610,712.509582,4.115000,-2.380170,-0.001486
2112.583667,1538.000000,4.108300,2.478550,712.504604,4.112309,-2.477147,0.002583
2112.530240,1539.000000,4.103041,2.575457,712.490770,4.106471,-2.574164,0.015375
2112.528712,1540.000000,4.102909,2.672422,712.493427,4.106494,-2.671104,0.011921
2112.428014,1541.000000,4.092980,2.769264,712.464570,4.095318,-2.768180,0.039512
2112.361351,1542.000000,4.086414,2.866143,712.446527,4.087986,-2.865203,0.056450
2112.344989,1543.000000,4.084816,2.963084,712.444467,4.086334,-2.962157,0.057644
2112.347491,1544.000000,4.085083,3.060049,712.448400,4.086811,-3.059087,0.052934
2112.356538,1545.000000,4.085996,3.157025,712.454411,4.088028,-3.156010,0.046177
2112.374215,1546.000000,4.087761,3.254015,712.463163,4.090219,-3.252926,0.036720
2112.395395,1547.000000,4.089873,3.351013,712.473027,4.092806,-3.349839,0.026168
2112.409336,1548.000000,4.091269,3.448003,712.480590,4.094575,-3.446764,0.017882
2112.407977,1549.000000,4.091154,3.544970,712.483290,4.094616,-3.543706,0.014387
2112.389197,1550.000000,4.089318,3.641910,712.480452,4.092691,-3.640666,0.016347
2112.384449,1551.000000,4.088868,3.738872,712.482072,4.092349,-3.737612,0.013916
2112.410175,1552.000000,4.091429,3.835887,712.493375,4.095449,-3.834531,0.001946
2112.435385,1553.000000,4.093939,3.932905,712.504513,4.098491,-3.931454,-0.009861
2112.417086,1554.000000,4.092151,4.029847,712.501823,4.096619,-4.028415,-0.008046
2112.354009,1555.000000,4.085939,4.126706,712.484901,4.089691,-4.125409,0.007788
2112.292573,1556.000000,4.079889,4.223564,712.468501,4.082949,-4.222398,0.023108
2112.271058,1557.000000,4.077783,4.320494,712.464785,4.080714,-4.319355,0.025933
2112.296264,1558.000000,4.080292,4.417515,712.475914,4.083755,-4.416282,0.014135
2112.339253,1559.000000,4.084558,4.514576,712.492694,4.088803,-4.513202,-0.003230
2112.356363,1560.000000,4.086268,4.611587,712.501248,4.090930,-4.610140,-0.012492
2112.333307,1561.000000,4.084010,4.708517,712.497037,4.088521,-4.707101,-0.009179
2112.294501,1562.000000,4.080195,4.805412,712.487820,4.084333,-4.804068,-0.000935
2112.258760,1563.000000,4.076684,4.902311,712.479575,4.080492,-4.901031,0.006352
2112.226099,1564.000000,4.073477,4.999214,712.472308,4.076998,-4.997991,0.012675
2112.200512,1565.000000,4.070969,5.096132,712.467288,4.074303,-5.094947,0.016786
2112.197478,1566.000000,4.070689,5.193101,712.469433,4.074155,-5.191895,0.013837
2112.221346,1567.000000,4.073066,5.290134,712.480126,4.077044,-5.288837,0.002469
2112.264298,1568.000000,4.077328,5.387216,712.496882,4.082088,-5.385779,-0.014873
2112.308598,1569.000000,4.081724,5.484306,712.514066,4.087284,-5.482725,-0.032636
2112.313365,1570.000000,4.082215,5.581302,712.518686,4.088017,-5.579680,-0.038022
2112.275447,1571.000000,4.078488,5.678191,712.509738,4.083929,-5.676639,-0.030043
2112.234174,1572.000000,4.074430,5.775069,712.499723,4.079462,-5.773596,-0.021012
2112.198501,1573.000000,4.070926,5.871959,712.491487,4.075628,-5.870550,-0.013734
2112.158193,1574.000000,4.066963,5.968835,712.481777,4.071270,-5.967502,-0.005003
2112.108281,1575.000000,4.062053,6.065682,712.469014,4.065829,-6.064450,0.006735
2112.057835,1576.000000,4.057089,6.162524,712.456081,4.060327,-6.161395,0.018641
2112.025121,1577.000000,4.053877,6.259412,712.448780,4.056827,-6.258340,0.024998
2112.020608,1578.000000,4.053451,6.356379,712.450440,4.056511,-6.355289,0.022528
2112.030036,1579.000000,4.054402,6.453386,712.456528,4.057769,-6.452243,0.015696
2112.032591,1580.000000,4.054674,6.550374,712.460431,4.058250,-6.549197,0.011016
2112.020864,1581.000000,4.053535,6.647322,712.459794,4.057120,-6.646146,0.010809
2111.999942,1582.000000,4.051488,6.744241,712.456234,4.054951,-6.743091,0.013481
2112.003799,1583.000000,4.051888,6.841236,712.460547,4.055580,-6.840047,0.008397
2112.053875,1584.000000,4.056854,6.938374,712.479545,4.061427,-6.937027,-0.011153
2112.103766,1585.000000,4.061802,7.035518,712.498484,4.067253,-7.034012,-0.030645
2112.113278,1586.000000,4.062761,7.132538,712.504591,4.068520,-7.130979,-0.037496
2112.078727,1587.000000,4.059368,7.229417,712.496693,4.064812,-7.227920,-0.030550
2112.045494,1588.000000,4.056105,7.326299,712.489212,4.061253,-7.324860,-0.024016
2112.065311,1589.000000,4.058082,7.423355,712.498590,4.063684,-7.421836,-0.034088
2112.108460,1590.000000,4.062364,7.520491,712.515381,4.068749,-7.518831,-0.051464
2112.090738,1591.000000,4.060633,7.617426,712.512826,4.066940,-7.615783,-0.049782
2112.000267,1592.000000,4.051716,7.714109,712.487150,4.056918,-7.712673,-0.025323
2111.928055,1593.000000,4.044603,7.810849,712.467277,4.048958,-7.809573,-0.006580
2111.904578,1594.000000,4.042304,7.907755,712.462890,4.046500,-7.906512,-0.003093
2111.912827,1595.000000,4.043138,8.004774,712.468583,4.047624,-8.003481,-0.009536
2111.925725,1596.000000,4.044432,8.101811,712.475752,4.049273,-8.100456,-0.017433
2111.924561,1597.000000,4.044336,8.198799,712.478451,4.049334,-8.197419,-0.020926
2111.909478,1598.000000,4.042866,8.295736,712.476725,4.047824,-8.294367,-0.020061
2111.888098,1599.000000,4.040774,8.392649,712.472998,4.045603,-8.391307,-0.017223
2111.862043,1600.000000,4.038221,8.489544,712.467783,4.042854,-8.488241,-0.012921
2111.828063,1601.000000,4.034884,8.586406,712.460050,4.039210,-8.585164,-0.006137
2111.794537,1602.000000,4.031593,8.683269,712.452459,4.035617,-8.682085,0.000507
2111.774423,1603.000000,4.029626,8.780182,712.449129,4.033539,-8.779022,0.002953
2111.761361,1604.000000,4.028355,8.877122,712.448038,4.032256,-8.875968,0.003193
2111.745298,1605.000000,4.026789,8.974050,712.445992,4.030635,-8.972909,0.004374
2111.737933,1606.000000,4.026081,9.071012,712.446709,4.029996,-9.069862,0.002834
2111.732115,1607.000000,4.025526,9.167981,712.447916,4.029531,-9.166818,0.000810
2111.728146,1608.000000,4.025154,9.264959,712.449710,4.029275,-9.263778,-0.001791
2111.733207,1609.000000,4.025674,9.361974,712.454371,4.030038,-9.360752,-0.007217
2111.741991,1610.000000,4.026561,9.459007,712.460214,4.031222,-9.457733,-0.013808
2111.736846,1611.000000,4.026072,9.555982,712.461630,4.030833,-9.554693,-0.016037
2111.719412,1612.000000,4.024370,9.652904,712.459139,4.029057,-9.651633,-0.014418
2111.737966,1613.000000,4.026223,9.749982,712.468083,4.031343,-9.748635,-0.024063
2111.777994,1614.000000,4.030196,9.847157,712.483850,4.036054,-9.845678,-0.040430
2111.795781,1615.000000,4.031972,9.944238,712.492548,4.038253,-9.942684,-0.049833
2111.777553,1616.000000,4.030192,10.041160,712.489799,4.036387,-10.039625,-0.047960
2111.724187,1617.000000,4.024941,10.137923,712.475884,4.030554,-10.136498,-0.035085
2111.647976,1618.000000,4.017434,10.234577,712.454709,4.022142,-10.233322,-0.015058
2111.567796,1619.000000,4.009536,10.331207,712.432272,4.013283,-10.330133,0.006211
2111.510691,1620.000000,4.003917,10.427939,712.417167,4.007028,-10.426985,0.020258
2111.551785,1621.000000,4.007994,10.525128,712.433261,4.011858,-10.524039,0.003569
2111.546474,1622.000000,4.007490,10.622101,712.434610,4.011450,-10.620998,0.001406
2111.557907,1623.000000,4.008639,10.719155,712.441277,4.012932,-10.717994,-0.005997
2111.567348,1624.000000,4.009591,10.816201,712.447311,4.014188,-10.814988,-0.012775
2111.551987,1625.000000,4.008094,10.913128,712.445462,4.012646,-10.911927,-0.011788
2111.507902,1626.000000,4.003760,11.009913,712.434486,4.007860,-11.008799,-0.001808
2111.448274,1627.000000,3.997892,11.106619,712.418570,4.001321,-11.105631,0.013038
2111.396806,1628.000000,3.992830,11.203361,712.405246,3.995703,-11.202479,0.025330
2111.392474,1629.000000,3.992422,11.300337,712.406896,3.995405,-11.299439,0.022870
2111.428923,1630.000000,3.996041,11.397522,712.421502,3.999710,-11.396500,0.007647
2111.458150,1631.000000,3.998947,11.494673,712.433813,4.003199,-11.493547,-0.005315
2111.487063,1632.000000,4.001822,11.591826,712.446023,4.006654,-11.590597,-0.018178
2111.523681,1633.000000,4.005458,11.689023,712.460680,4.010978,-11.687671,-0.033452
2111.495732,1634.000000,4.002718,11.785884,712.454820,4.008014,-11.784577,-0.028512
2111.522309,1635.000000,4.005362,11.883033,712.466284,4.011204,-11.881628,-0.040641
2111.498346,1636.000000,4.003016,11.979914,712.461688,4.008690,-11.978544,-0.036946
2111.487594,1637.000000,4.001974,12.076866,712.461288,4.007667,-12.075496,-0.037387
2111.408540,1638.000000,3.994187,12.173447,712.439185,3.998934,-12.172255,-0.016444
2111.350770,1639.000000,3.988503,12.270138,712.423843,3.992604,-12.269068,-0.002164
2111.331969,1640.000000,3.986666,12.367041,712.420882,3.990672,-12.365992,-0.000081
2111.341537,1641.000000,3.987631,12.464100,712.426934,3.991942,-12.462998,-0.006876
2111.348268,1642.000000,3.988316,12.561145,712.432082,3.992892,-12.559998,-0.012782
2111.335185,1643.000000,3.987044,12.658080,712.430934,3.991606,-12.656939,-0.012485
2111.304158,1644.000000,3.984000,12.754912,712.424084,3.988294,-12.753824,-0.006569
2111.269894,1645.000000,3.980637,12.851725,712.416203,3.984617,-12.850698,0.000361
2111.255666,1646.000000,3.979252,12.948650,712.414688,3.983201,-12.947633,0.001020
2111.276176,1647.000000,3.981297,13.045778,712.424208,3.985706,-13.044679,-0.009192
2111.312545,1648.000000,3.984908,13.143001,712.438765,3.990001,-13.141780,-0.024368
2111.334206,1649.000000,3.987067,13.240142,712.448649,3.992636,-13.238837,-0.034939
2111.339534,1650.000000,3.987613,13.337188,712.453342,3.993427,-13.335841,-0.040396
2111.333751,1651.000000,3.987063,13.434169,712.454503,3.992964,-13.432809,-0.042373
2111.324112,1652.000000,3.986131,13.531127,712.454437,3.992066,-13.529765,-0.043143
2111.329825,1653.000000,3.986715,13.628178,712.459249,3.992901,-13.626773,-0.048716
2111.365292,1654.000000,3.990237,13.725414,712.473513,3.997094,-13.723888,-0.063603
2111.411130,1655.000000,3.994784,13.822717,712.491073,4.002458,-13.821045,-0.081737
2111.433424,1656.000000,3.997006,13.919878,712.501150,4.005164,-13.918120,-0.092498
2111.419608,1657.000000,3.995662,14.016817,712.499751,4.003794,-14.015067,-0.091953
2111.375889,1658.000000,3.991365,14.113567,712.488847,3.999049,-14.111903,-0.082045
2111.336955,1659.000000,3.987540,14.210344,712.479463,3.994843,-14.208754,-0.073633
2111.317593,1660.000000,3.985648,14.307244,712.476298,3.992847,-14.305677,-0.071348
2111.307074,1661.000000,3.984630,14.404200,712.475941,3.991849,-14.402633,-0.071830
2111.299081,1662.000000,3.983861,14.501173,712.476385,3.991136,-14.499598,-0.073101
2111.268419,1663.000000,3.980853,14.597998,712.469625,3.987865,-14.596475,-0.067274
2111.200917,1664.000000,3.974208,14.694579,712.451158,3.980435,-14.693205,-0.049913
2111.126958,1665.000000,3.966926,14.791113,712.430639,3.972277,-14.789904,-0.030531
2111.089266,1666.000000,3.963225,14.887883,712.421642,3.968212,-14.886744,-0.022500
2111.092344,1667.000000,3.963549,14.984923,712.425597,3.968748,-14.983748,-0.027230
2111.104942,1668.000000,3.964813,15.082028,712.432576,3.970359,-15.080792,-0.034939
2111.108989,1669.000000,3.965232,15.179077,712.436837,3.971005,-15.177803,-0.039970
2111.113404,1670.000000,3.965689,15.276130,712.441214,3.971692,-15.274817,-0.045116
2111.122251,1671.000000,3.966582,15.373214,712.446997,3.972879,-15.371851,-0.051647
2111.124264,1672.000000,3.966801,15.470253,712.450608,3.973295,-15.468857,-0.056037
2111.111336,1673.000000,3.965545,15.567190,712.449470,3.972025,-15.565800,-0.055750
2111.087721,1674.000000,3.963234,15.664051,712.444935,3.969548,-15.662695,-0.052115
2111.057837,1675.000000,3.960304,15.760867,712.438407,3.966364,-15.759561,-0.046516
2111.008966,1676.000000,3.955499,15.857548,712.425845,3.961037,-15.856341,-0.034973
2110.943460,1677.000000,3.949052,15.954106,712.407998,3.953833,-15.953043,-0.018222
2110.906279,1678.000000,3.945402,16.050863,712.399148,3.949826,-16.049868,-0.010336
2110.919659,1679.000000,3.946743,16.147981,712.406361,3.951524,-16.146925,-0.018276
2110.953651,1680.000000,3.950119,16.245251,712.420121,3.955548,-16.244079,-0.032666
2110.959671,1681.000000,3.950733,16.342321,712.424993,3.956416,-16.341105,-0.038299
2110.926460,1682.000000,3.947475,16.439105,712.417399,3.952856,-16.437948,-0.031650
2110.899794,1683.000000,3.944863,16.535935,712.411883,3.950035,-16.534820,-0.027049
2110.899907,1684.000000,3.944894,16.632962,712.414875,3.950236,-16.631819,-0.030829
2110.904410,1685.000000,3.945359,16.730023,712.419259,3.950932,-16.728841,-0.035982
2110.896914,1686.000000,3.944639,16.826995,712.419830,3.950275,-16.825805,-0.037377
2110.880692,1687.000000,3.943058,16.923901,712.417628,3.948632,-16.922726,-0.036040
2110.863420,1688.000000,3.941373,17.020799,712.415090,3.946871,-17.019642,-0.034373
2110.847390,1689.000000,3.939811,17.117706,712.412946,3.945250,-17.116563,-0.033094
2110.813189,1690.000000,3.936455,17.214473,712.405028,3.941578,-17.213392,-0.026125
2110.764322,1691.000000,3.931652,17.311125,712.392449,3.936252,-17.310143,-0.014564
2110.744725,1692.000000,3.929738,17.408000,712.389168,3.934228,-17.407042,-0.012164
2110.769773,1693.000000,3.932231,17.505224,712.400069,3.937242,-17.504173,-0.023738
2110.799025,1694.000000,3.935139,17.602483,712.412305,3.940731,-17.601329,-0.036626
2110.792142,1695.000000,3.934480,17.699461,712.413059,3.940141,-17.698297,-0.038201
2110.768247,1696.000000,3.932141,17.796304,712.408407,3.937633,-17.795175,-0.034451
2110.751781,1697.000000,3.930536,17.893205,712.406114,3.935962,-17.892092,-0.033024
2110.743945,1698.000000,3.929783,17.990174,712.406562,3.935265,-17.989054,-0.034298
2110.735532,1699.000000,3.928973,18.087140,712.406824,3.934503,-18.086014,-0.035390
2110.727003,1700.000000,3.928151,18.184104,712.407049,3.933728,-18.182974,-0.036444
2110.730005,1701.000000,3.928468,18.281163,712.410936,3.934254,-18.279997,-0.041106
2110.742343,1702.000000,3.929707,18.378300,712.417788,3.935834,-18.377075,-0.048690
2110.747004,1703.000000,3.930187,18.475375,712.422199,3.936547,-18.474110,-0.053869
2110.736742,1704.000000,3.929195,18.572328,712.421868,3.935576,-18.571063,-0.054375
2110.715585,1705.000000,3.927127,18.669190,712.418074,3.933376,-18.667953,-0.051470
2110.684085,1706.000000,3.924038,18.765964,712.410993,3.930008,-18.764782,-0.045325
2110.640855,1707.000000,3.919791,18.862638,712.400184,3.925317,-18.861541,-0.035508
2110.595108,1708.000000,3.915296,18.959288,712.388575,3.920342,-18.958283,-0.024902
2110.573945,1709.000000,3.913227,19.056144,712.384774,3.918141,-19.055167,-0.021990
2110.593635,1710.000000,3.915191,19.153348,712.393951,3.920550,-19.152292,-0.031864
2110.628343,1711.000000,3.918638,19.250684,712.407897,3.924653,-19.249511,-0.046438
2110.632720,1712.000000,3.919090,19.347761,712.412207,3.925333,-19.346550,-0.051516
2110.597155,1713.000000,3.915600,19.444494,712.403825,3.921507,-19.443348,-0.044091
2110.562511,1714.000000,3.912201,19.541232,712.395735,3.917785,-19.540149,-0.036952
2110.547041,1715.000000,3.910695,19.638137,712.393735,3.916226,-19.637066,-0.035814
2110.544781,1716.000000,3.910492,19.735157,712.395931,3.916157,-19.734065,-0.038809
2110.522093,1717.000000,3.908273,19.831997,712.391635,3.913784,-19.830937,-0.035410
2110.448800,1718.000000,3.901060,19.928386,712.371262,3.905701,-19.927490,-0.016169
2110.452848,1719.000000,3.901480,20.025461,712.375458,3.906344,-20.024527,-0.021135
2110.449872,1720.000000,3.901207,20.122474,712.377420,3.906194,-20.121521,-0.023901
2110.491176,1721.000000,3.905304,20.219887,712.393449,3.911041,-20.218799,-0.040526
2110.548216,1722.000000,3.910955,20.317447,712.414476,3.917663,-20.316184,-0.062076
2110.676723,1723.000000,3.923661,20.415664,712.458211,3.932351,-20.414040,-0.106000
2108.680634,1860.000000,3.729609,33.690312,712.209724,3.732233,-33.690277,0.025004
2108.042511,1898.000000,3.667518,37.369727,712.109696,3.667073,-37.370388,0.092064
2107.995555,1912.000000,3.663194,38.728349,712.132098,3.664254,-38.728780,0.058383
2107.861295,1929.000000,3.650332,40.376872,712.134437,3.652114,-40.377229,0.041991
2107.813993,1930.000000,3.645691,40.473134,712.122054,3.646959,-40.473590,0.053366
2107.774621,1931.000000,3.641833,40.569537,712.112188,3.642698,-40.570070,0.062261
2107.799855,1932.000000,3.644342,40.667109,712.122828,3.645717,-40.667552,0.050947
2107.807323,1933.000000,3.645100,40.764362,712.127828,3.646734,-40.764760,0.045191
2107.772779,1934.000000,3.641717,40.860850,712.119490,3.643016,-40.861313,0.052580
2107.721544,1935.000000,3.636689,40.957031,712.105853,3.637418,-40.957603,0.065191
2107.689414,1936.000000,3.633545,41.053559,712.098279,3.633973,-41.054189,0.071827
2107.696928,1937.000000,3.634307,41.150812,712.103288,3.634995,-41.151398,0.066063
2107.710705,1938.000000,3.635687,41.248182,712.110284,3.636722,-41.248707,0.058340
2107.701623,1939.000000,3.634814,41.345132,712.110022,3.635874,-41.345657,0.057770
2107.679902,1940.000000,3.632695,41.441849,712.105747,3.633601,-41.442406,0.061154
2107.652362,1941.000000,3.630003,41.538457,712.099624,3.630673,-41.539061,0.066361
2107.624361,1942.000000,3.627266,41.635055,712.093353,3.627693,-41.635707,0.071713
2107.614155,1943.000000,3.626282,41.731983,712.092729,3.626718,-41.732637,0.071499
2107.633926,1944.000000,3.628252,41.829470,712.101619,3.629120,-41.830048,0.061910
2107.668062,1945.000000,3.631639,41.927228,712.115068,3.633141,-41.927692,0.047827
2107.706138,1946.000000,3.635413,42.025064,712.129767,3.637606,-42.025405,0.032513
2107.724410,1947.000000,3.637236,42.122533,712.138178,3.639839,-42.122801,0.023395
2107.704299,1948.000000,3.635276,42.219281,712.134403,3.637748,-42.219576,0.026287
2107.683518,1949.000000,3.633250,42.316015,712.130415,3.635580,-42.316340,0.029389
2107.707745,1950.000000,3.635660,42.413600,712.140713,3.638485,-42.413838,0.018412
2107.761247,1951.000000,3.640956,42.511743,712.160303,3.644688,-42.511817,-0.001723
2107.777970,1952.000000,3.642626,42.609192,712.168217,3.646747,-42.609198,-0.010351
2107.712768,1953.000000,3.636222,42.705084,712.150120,3.639574,-42.705235,0.006656
2107.596109,1954.000000,3.624746,42.799988,712.115689,3.626603,-42.800418,0.039762
2107.537047,1955.000000,3.618948,42.895986,712.099542,3.620122,-42.896544,0.054848
2107.437448,1956.000000,3.609155,42.991202,712.070527,3.609075,-42.991995,0.082615
2107.402996,1957.000000,3.605782,43.087662,712.062190,3.605368,-43.088520,0.090004
2107.441718,1958.000000,3.609620,43.185529,712.077076,3.609904,-43.186262,0.074505
2107.464778,1959.000000,3.611914,43.283098,712.086990,3.612676,-43.283747,0.063906
2107.552239,1960.000000,3.620556,43.381917,712.117346,3.622704,-43.382313,0.033161
2107.561696,1961.000000,3.621510,43.479231,712.122940,3.623943,-43.479578,0.026820
2107.509673,1962.000000,3.616405,43.575352,712.109018,3.618255,-43.575810,0.039713
2107.460530,1963.000000,3.611584,43.671525,712.096009,3.612892,-43.672087,0.051707
2107.503807,1964.000000,3.615871,43.769499,712.112334,3.617942,-43.769924,0.034789
2107.453861,1965.000000,3.610971,43.865654,712.099067,3.612488,-43.866185,0.047036
2107.375993,1966.000000,3.603320,43.961259,712.076937,3.603889,-43.961967,0.068019
2107.316161,1967.000000,3.597446,44.057212,712.060532,3.597322,-44.058051,0.083360
2107.304263,1968.000000,3.596296,44.154104,712.059339,3.596155,-44.154950,0.083709
2107.324700,1969.000000,3.598332,44.251635,712.068407,3.598630,-44.252403,0.073944
2107.338114,1970.000000,3.599676,44.349029,712.075245,3.600315,-44.349738,0.066377
2107.330878,1971.000000,3.598985,44.446016,712.075527,3.599673,-44.446719,0.065270
2107.325716,1972.000000,3.598499,44.543044,712.076467,3.599265,-44.543736,0.063517
2107.333769,1973.000000,3.599315,44.640336,712.081599,3.600345,-44.640983,0.057631
2107.342894,1974.000000,3.600236,44.737651,712.087071,3.601546,-44.738250,0.051410
2107.348585,1975.000000,3.600819,44.834899,712.091451,3.602361,-44.835459,0.046265
2107.359755,1976.000000,3.601942,44.932258,712.097569,3.603792,-44.932764,0.039408
2107.366030,1977.000000,3.602583,45.029520,712.102133,3.604672,-45.029986,0.034083
2107.353782,1978.000000,3.601398,45.126412,712.100815,3.603465,-45.126885,0.034553
2107.329302,1979.000000,3.599008,45.223056,712.095614,3.600880,-45.223569,0.038852
2107.305453,1980.000000,3.596681,45.319712,712.090612,3.598366,-45.320263,0.042955
2107.288728,1981.000000,3.595055,45.416511,712.087869,3.596654,-45.417081,0.044830
2107.265687,1982.000000,3.592807,45.513182,712.083121,3.594231,-45.513787,0.048682
2107.225051,1983.000000,3.588825,45.609493,712.072787,3.589826,-45.610180,0.058040
2107.170042,1984.000000,3.583427,45.705509,712.057890,3.583802,-45.706314,0.071895
2107.109407,1985.000000,3.577475,45.801406,712.041207,3.577144,-45.802345,0.087510
2107.051360,1986.000000,3.571778,45.897352,712.025345,3.570778,-45.898417,0.102316
2107.007979,1987.000000,3.567526,45.993594,712.014136,3.566064,-45.994748,0.112536
2106.999602,1988.000000,3.566723,46.090553,712.014034,3.565293,-46.091705,0.111809
2107.029364,1989.000000,3.569678,46.188298,712.026034,3.568817,-46.189348,0.099154
2107.072866,1990.000000,3.573986,46.286330,712.042394,3.573890,-46.287242,0.082203
2107.112154,1991.000000,3.577879,46.384279,712.057416,3.578488,-46.385065,0.066570
2107.147931,1992.000000,3.581427,46.482160,712.071323,3.582690,-46.482829,0.052036
2107.187469,1993.000000,3.585345,46.580123,712.086422,3.587316,-46.580665,0.036327
2107.215906,1994.000000,3.588170,46.677859,712.097998,3.590692,-46.678303,0.024091
2107.204272,1995.000000,3.587046,46.774763,712.096853,3.589554,-46.775213,0.024392
2107.149309,1996.000000,3.581652,46.870761,712.081954,3.583534,-46.871330,0.038249
2107.071964,1997.000000,3.574054,46.966286,712.059951,3.574993,-46.967032,0.059108
2107.004896,1998.000000,3.567468,47.062021,712.041209,3.567610,-47.062918,0.076752
2106.975359,1999.000000,3.564581,47.158541,712.034378,3.564455,-47.159490,0.082658
2106.976822,2000.000000,3.564747,47.255712,712.037383,3.564791,-47.256633,0.078869
2106.983658,2001.000000,3.565443,47.352998,712.042093,3.565733,-47.353877,0.073400
2106.977609,2002.000000,3.564870,47.450012,712.042711,3.565223,-47.450884,0.071963
2106.955641,2003.000000,3.562728,47.546690,712.038277,3.562920,-47.547594,0.075507
2106.927122,2004.000000,3.559941,47.643227,712.031762,3.559879,-47.644181,0.081100
2106.911383,2005.000000,3.558412,47.740035,712.029302,3.558278,-47.741006,0.082698
2106.930880,2006.000000,3.560356,47.837594,712.038023,3.560646,-47.838490,0.073276
2106.971082,2007.000000,3.564339,47.935598,712.053313,3.565346,-47.936366,0.057378
2106.982344,2008.000000,3.565471,48.032986,712.059418,3.566786,-48.033701,0.050534
2106.951478,2009.000000,3.562453,48.129473,712.052152,3.563480,-48.130244,0.056869
2106.903772,2010.000000,3.557775,48.225595,712.039540,3.558278,-48.226466,0.068472
2106.862992,2011.000000,3.553780,48.321863,712.029125,3.553856,-48.322816,0.077910
2106.839585,2012.000000,3.551496,48.418504,712.024222,3.551390,-48.419494,0.081916
2106.836911,2013.000000,3.551256,48.515592,712.025898,3.551260,-48.516565,0.079437
2106.849944,2014.000000,3.552562,48.613022,712.032556,3.552899,-48.613937,0.072047
2106.869687,2015.000000,3.554530,48.710599,712.041344,3.555294,-48.711439,0.062560
2106.884873,2016.000000,3.556048,48.808079,712.048683,3.557176,-48.808856,0.054498
2106.883655,2017.000000,3.555951,48.905204,712.050816,3.557209,-48.905960,0.051570
2106.868091,2018.000000,3.554440,49.002017,712.048394,3.555627,-49.002789,0.053130
2106.853268,2019.000000,3.553002,49.098845,712.046206,3.554128,-49.099632,0.054459
2106.853470,2020.000000,3.553045,49.196002,712.048785,3.554322,-49.196765,0.051090
2106.862256,2021.000000,3.553933,49.293349,712.054088,3.555482,-49.294065,0.045037
2106.883810,2022.000000,3.556079,49.390979,712.063441,3.558081,-49.391615,0.034991
2106.915711,2023.000000,3.559245,49.488839,712.076077,3.561845,-49.489369,0.021710
2106.931523,2024.000000,3.560825,49.586348,712.083606,3.563797,-49.586813,0.013462
2106.906555,2025.000000,3.558388,49.682956,712.078190,3.561155,-49.683462,0.017974
2106.862032,2026.000000,3.554024,49.779128,712.066566,3.556310,-49.779726,0.028604
2106.838060,2027.000000,3.551685,49.875754,712.061464,3.553780,-49.876391,0.032806
2106.831000,2028.000000,3.551012,49.972756,712.061728,3.553155,-49.973387,0.031719
2106.803310,2029.000000,3.548307,50.069298,712.055444,3.550207,-50.069977,0.037086
2106.759106,2030.000000,3.543975,50.165469,712.043917,3.545398,-50.166239,0.047621
2106.735055,2031.000000,3.541628,50.262088,712.038785,3.542859,-50.262897,0.051853
2106.760942,2032.000000,3.544201,50.359828,712.049500,3.545945,-50.360546,0.040465
2106.806176,2033.000000,3.548680,50.458006,712.066354,3.551210,-50.458583,0.023026
2106.809605,2034.000000,3.549040,50.555246,712.069939,3.551767,-50.555791,0.018665
2106.786369,2035.000000,3.546774,50.651886,712.065060,3.549319,-50.652467,0.022647
2106.773769,2036.000000,3.545555,50.748765,712.063556,3.548070,-50.749355,0.023304
2106.772613,2037.000000,3.545464,50.845903,712.065682,3.548110,-50.846472,0.020382
2106.749715,2038.000000,3.543231,50.942548,712.060906,3.545701,-50.943153,0.024262
2106.688266,2039.000000,3.537200,51.038315,712.043895,3.538949,-51.039056,0.040203
2106.595969,2040.000000,3.528131,51.133374,712.017093,3.528724,-51.134331,0.065793
2106.549529,2041.000000,3.523579,51.229473,712.004844,3.523663,-51.230528,0.077041
2106.468745,2042.000000,3.515644,51.324784,711.981696,3.514735,-51.326024,0.099030
2106.479522,2043.000000,3.516728,51.422187,711.987600,3.516118,-51.423376,0.092384
2106.503910,2044.000000,3.519153,51.519905,711.997822,3.519034,-51.521008,0.081482
2106.608357,2045.000000,3.529465,51.619469,712.033449,3.530967,-51.620276,0.045539
2106.651102,2046.000000,3.533698,51.717620,712.049496,3.535951,-51.718293,0.028897
2106.628939,2047.000000,3.531538,51.814276,712.044942,3.533624,-51.814983,0.032559
2106.565815,2048.000000,3.525342,51.909983,712.027388,3.526684,-51.910830,0.049035
2106.554321,2049.000000,3.524233,52.006882,712.026217,3.525558,-52.007736,0.049362
2106.510865,2050.000000,3.519975,52.103039,712.014903,3.520833,-52.103982,0.059688
2106.539506,2051.000000,3.522819,52.200871,712.026466,3.524228,-52.201716,0.047464
2106.532576,2052.000000,3.522159,52.297877,712.026740,3.523617,-52.298717,0.046367
2106.598280,2053.000000,3.528655,52.396580,712.050064,3.531186,-52.397226,0.022552
2106.625226,2054.000000,3.531332,52.494383,712.061087,3.534390,-52.494935,0.010861
2106.628350,2055.000000,3.531663,52.591630,712.064548,3.534911,-52.592150,0.006623
2106.638372,2056.000000,3.532673,52.689040,712.070197,3.536209,-52.689511,0.000229
2106.642397,2057.000000,3.533092,52.786311,712.073941,3.536831,-52.786748,-0.004289
2106.597420,2058.000000,3.528684,52.882428,712.062132,3.531934,-52.882958,0.006525
2106.522201,2059.000000,3.521297,52.977827,712.040724,3.523631,-52.978530,0.026800
2106.466761,2060.000000,3.515859,53.073689,712.025593,3.517556,-53.074512,0.040888
2106.515031,2061.000000,3.520637,53.172006,712.043373,3.523161,-53.172680,0.022536
2106.485862,2062.000000,3.517786,53.268488,712.036577,3.520045,-53.269215,0.028409
2106.440217,2063.000000,3.513313,53.364577,712.024550,3.515073,-53.365399,0.039437
2106.380350,2064.000000,3.507439,53.460324,712.008010,3.508499,-53.461278,0.054915
2106.329173,2065.000000,3.502421,53.556274,711.994226,3.502904,-53.557337,0.067675
2106.298593,2066.000000,3.499432,53.652713,711.986978,3.499629,-53.653833,0.073994
2106.292632,2067.000000,3.498868,53.749741,711.987540,3.499126,-53.750852,0.072614
2106.315314,2068.000000,3.501125,53.847456,711.997189,3.501848,-53.848486,0.062276
2106.350575,2069.000000,3.504621,53.945477,712.010829,3.505988,-53.946392,0.048006
2106.366794,2070.000000,3.506241,54.043043,712.018426,3.507982,-54.043892,0.039692
2106.359186,2071.000000,3.505515,54.140036,712.018460,3.507294,-54.140882,0.038832
2106.354546,2072.000000,3.505081,54.237101,712.019434,3.506939,-54.237936,0.037045
2106.361226,2073.000000,3.505762,54.334441,712.024000,3.507860,-54.335235,0.031719
2106.364358,2074.000000,3.506093,54.431696,712.027438,3.508380,-54.432459,0.027504
2106.368763,2075.000000,3.506550,54.528984,712.031280,3.509045,-54.529711,0.022892
2106.388343,2076.000000,3.508502,54.626642,712.039935,3.511418,-54.627295,0.013534
2106.410127,2077.000000,3.510671,54.724356,712.049289,3.514039,-54.724930,0.003488
2106.414206,2078.000000,3.511096,54.821641,712.053023,3.514666,-54.822181,-0.001019
2106.402591,2079.000000,3.509975,54.918542,712.051775,3.513526,-54.919089,-0.000615
2106.382474,2080.000000,3.508016,55.015235,712.047828,3.511428,-55.015811,0.002451
2106.351028,2081.000000,3.504942,55.111649,712.040284,3.508054,-55.112283,0.009061
2106.310949,2082.000000,3.501017,55.207848,712.029999,3.503708,-55.208563,0.018373
2106.259817,2083.000000,3.496004,55.303772,712.016205,3.498117,-55.304597,0.031143
2106.193864,2084.000000,3.489531,55.399326,711.997708,3.490858,-55.400299,0.048550
2106.137344,2085.000000,3.483987,55.495109,711.982204,3.484661,-55.496206,0.063007
2106.139527,2086.000000,3.484225,55.592343,711.985325,3.485074,-55.593412,0.059105
2106.208349,2087.000000,3.491027,55.691233,712.009591,3.492991,-55.692100,0.034360
2106.295906,2088.000000,3.499674,55.790596,712.039802,3.503019,-55.791212,0.003755
2106.352220,2089.000000,3.505244,55.889189,712.060099,3.509529,-55.889635,-0.017078
2106.333597,2090.000000,3.503433,55.985917,712.056613,3.507598,-55.986389,-0.014467
2106.271998,2091.000000,3.497388,56.081570,712.039486,3.500828,-56.082178,0.001589
2106.229657,2092.000000,3.493241,56.177700,712.028470,3.496227,-56.178395,0.011622
2106.223706,2093.000000,3.492678,56.274741,712.029002,3.495724,-56.275429,0.010272
2106.232300,2094.000000,3.493548,56.372148,712.034147,3.496859,-56.372790,0.004374
2106.243769,2095.000000,3.494701,56.469628,712.040204,3.498317,-56.470218,-0.002422
2106.249345,2096.000000,3.495273,56.566962,712.044390,3.499112,-56.567515,-0.007373
2106.232643,2097.000000,3.493651,56.663735,712.041504,3.497398,-56.664307,-0.005354
2106.200521,2098.000000,3.490510,56.760117,712.033723,3.493948,-56.760750,0.001490
2106.167058,2099.000000,3.487238,56.856462,712.025516,3.490346,-56.857159,0.008755
2106.141981,2100.000000,3.484791,56.953019,712.019969,3.487689,-56.953758,0.013397
2106.136300,2101.000000,3.484255,57.050068,712.020575,3.487216,-57.050799,0.011974
2106.146175,2102.000000,3.485250,57.147514,712.026117,3.488494,-57.148196,0.005686
2106.152188,2103.000000,3.485866,57.244862,712.030432,3.489338,-57.245506,0.000607
2106.143145,2104.000000,3.484999,57.341828,712.029967,3.488486,-57.342472,0.000239
2106.122875,2105.000000,3.483025,57.438505,712.025939,3.486370,-57.439179,0.003385
2106.106792,2106.000000,3.481464,57.535290,712.023238,3.484725,-57.535982,0.005222
2106.094302,2107.000000,3.480258,57.632166,712.021676,3.483485,-57.632868,0.005936
2106.073569,2108.000000,3.478239,57.728830,712.017496,3.481317,-57.729563,0.009230
2106.046974,2109.000000,3.475643,57.825341,712.011456,3.478488,-57.826121,0.014359
2106.029153,2110.000000,3.473911,57.922078,712.008198,3.476648,-57.922881,0.016745
2106.029288,2111.000000,3.473947,58.019279,712.010637,3.476829,-58.020058,0.013515
2106.034583,2112.000000,3.474492,58.116614,712.014712,3.477591,-58.117357,0.008673
2106.028585,2113.000000,3.473925,58.213658,712.015202,3.477082,-58.214393,0.007364
2106.010625,2114.000000,3.472179,58.310390,712.011895,3.475226,-58.311150,0.009799
2105.990075,2115.000000,3.470179,58.407055,712.007765,3.473078,-58.407845,0.013045
2105.976945,2116.000000,3.468909,58.503912,712.005988,3.471765,-58.504714,0.013971
2105.968956,2117.000000,3.468145,58.600904,712.005842,3.471031,-58.601703,0.013291
2105.953581,2118.000000,3.466655,58.697702,712.003350,3.469466,-58.698519,0.014922
2105.935023,2119.000000,3.464850,58.794417,711.999847,3.467542,-58.795259,0.017550
2105.918750,2120.000000,3.463271,58.891190,711.997067,3.465875,-58.892052,0.019464
2105.893019,2121.000000,3.460760,58.987715,711.991285,3.463144,-58.988620,0.024338
2105.848088,2122.000000,3.456359,59.083732,711.979410,3.458250,-59.084732,0.035219
2105.812363,2123.000000,3.452864,59.179989,711.970455,3.454393,-59.181059,0.043221
2105.826271,2124.000000,3.454257,59.277556,711.977247,3.456125,-59.278567,0.035701
2105.858672,2125.000000,3.457471,59.375614,711.989906,3.459938,-59.376518,0.022398
2105.877852,2126.000000,3.459383,59.473326,711.998368,3.462263,-59.474157,0.013231
2105.880987,2127.000000,3.459716,59.570613,712.001738,3.462782,-59.571414,0.009084
2105.862293,2128.000000,3.457898,59.667322,711.998180,3.460842,-59.668148,0.011766
2105.824045,2129.000000,3.454155,59.763508,711.988416,3.456700,-59.764411,0.020566
2105.798565,2130.000000,3.451669,59.860033,711.982702,3.453997,-59.860980,0.025373
2105.785617,2131.000000,3.450417,59.956892,711.980964,3.452704,-59.957849,0.026262
2105.759020,2132.000000,3.447821,60.053384,711.974893,3.449874,-60.054388,0.031421
2105.708766,2133.000000,3.442896,60.149241,711.961315,3.444381,-60.150353,0.043980
2105.734132,2134.000000,3.445417,60.247126,711.971729,3.447402,-60.248150,0.032890
2105.826928,2135.000000,3.454579,60.346828,712.003539,3.458016,-60.347588,0.000709
2105.884189,2136.000000,3.460242,60.445581,712.024072,3.464628,-60.446170,-0.020358
2105.181759,2207.000000,3.392760,67.328802,711.965646,3.397120,-67.329638,-0.021293
2104.585376,2249.000000,3.335064,71.394811,711.870617,3.336717,-71.396289,0.037809
2103.096590,2341.000000,3.190842,80.292395,711.596675,3.183636,-80.295817,0.232260
2103.108292,2342.000000,3.192017,80.390080,711.602475,3.185105,-80.393451,0.225720
2103.187645,2343.000000,3.199846,80.490194,711.629717,3.194182,-80.493338,0.198038
2103.334830,2344.000000,3.214346,80.592751,711.678462,3.210888,-80.595493,0.149155
2103.501347,2345.000000,3.230750,80.696018,711.733341,3.229770,-80.698307,0.094222
2103.541999,2346.000000,3.234774,80.794768,711.748318,3.234497,-80.796932,0.078634
2103.542826,2347.000000,3.234880,80.892088,711.750666,3.234744,-80.894229,0.075497
2103.522278,2348.000000,3.232884,80.988636,711.746235,3.232586,-80.990811,0.079045
2103.516710,2349.000000,3.232361,81.085725,711.746553,3.232114,-81.087894,0.077910
2103.531157,2350.000000,3.233807,81.183539,711.753216,3.233892,-81.185650,0.070519
2103.527642,2351.000000,3.233486,81.280704,711.754182,3.233651,-81.282803,0.068745
2103.480183,2352.000000,3.228842,81.376276,711.741213,3.228466,-81.378478,0.080711
2103.501674,2353.000000,3.230981,81.474348,711.750105,3.231037,-81.476474,0.071122
2103.501865,2354.000000,3.231025,81.571648,711.752243,3.231212,-81.573754,0.068193
2103.538443,2355.000000,3.234648,81.670274,711.765916,3.235480,-81.672264,0.053890
2103.494606,2356.000000,3.230360,81.765973,711.754090,3.230702,-81.768057,0.064729
2103.498334,2357.000000,3.230752,81.863405,711.757345,3.231275,-81.865459,0.060698
2103.471967,2358.000000,3.228183,81.959738,711.751056,3.228462,-81.961840,0.066078
2103.517615,2359.000000,3.232699,82.058704,711.767601,3.233750,-82.060667,0.048944
2103.485415,2360.000000,3.229556,82.154824,711.759459,3.230281,-82.156851,0.056150
2103.470367,2361.000000,3.228100,82.251570,711.756756,3.228742,-82.253616,0.057995
2103.484482,2362.000000,3.229514,82.349387,711.763297,3.230483,-82.351376,0.050723
2103.504115,2363.000000,3.231470,82.447409,711.771588,3.232844,-82.449327,0.041728
2103.496976,2364.000000,3.230793,82.544448,711.771388,3.232194,-82.546364,0.041104
2103.476233,2365.000000,3.228777,82.640986,711.766873,3.230014,-82.642936,0.044735
2103.452891,2366.000000,3.226506,82.737427,711.761532,3.227541,-82.739418,0.049179
2103.426937,2367.000000,3.223978,82.833771,711.755363,3.224774,-82.835809,0.054441
2103.400884,2368.000000,3.221440,82.930110,711.749160,3.221996,-82.932195,0.059736
2103.383679,2369.000000,3.219772,83.026774,711.745762,3.220214,-83.028884,0.062266
2103.385022,2370.000000,3.219929,83.124125,711.748244,3.220518,-83.126212,0.058998
2103.411073,2371.000000,3.222517,83.222394,711.758558,3.223601,-83.224392,0.048006
2103.454308,2372.000000,3.226796,83.321303,711.774320,3.228617,-83.323170,0.031643
2103.494579,2373.000000,3.230783,83.420107,711.789142,3.233299,-83.421849,0.016208
2103.437150,2374.000000,3.225158,83.515279,711.772982,3.226992,-83.517150,0.031321
2103.440763,2375.000000,3.225538,83.612722,711.776177,3.227550,-83.614563,0.027350
2103.499788,2376.000000,3.231370,83.712232,711.796942,3.234343,-83.713900,0.006054
2103.437767,2377.000000,3.225294,83.807228,711.779322,3.227518,-83.809037,0.022607
2103.362440,2378.000000,3.217908,83.901721,711.757482,3.219197,-83.903706,0.043321
2103.302511,2379.000000,3.212038,83.996785,711.740525,3.212608,-83.998906,0.059220
2103.253726,2380.000000,3.207264,84.092263,711.727100,3.207273,-84.094490,0.071637
2103.203513,2381.000000,3.202350,84.187684,711.713221,3.201778,-84.190021,0.084501
2103.159243,2382.000000,3.198021,84.283324,711.701226,3.196951,-84.285756,0.095508
2103.151417,2383.000000,3.197276,84.380332,711.700784,3.196222,-84.382765,0.095123
2103.195943,2384.000000,3.201681,84.479311,711.716937,3.201382,-84.481608,0.078375
2103.247485,2385.000000,3.206776,84.578559,711.735314,3.207331,-84.580702,0.059434
2103.242700,2386.000000,3.206330,84.675686,711.735831,3.206945,-84.677822,0.058102
2103.191863,2387.000000,3.201355,84.771075,711.721747,3.201379,-84.773323,0.071170
2103.131492,2388.000000,3.195442,84.866099,711.704639,3.194740,-84.868484,0.087218
2103.080842,2389.000000,3.190485,84.961487,711.690613,3.189196,-84.963984,0.100228
2103.045604,2390.000000,3.187044,85.057456,711.681471,3.185384,-85.060024,0.108421
2103.027530,2391.000000,3.185292,85.154073,711.677769,3.183503,-85.156669,0.111251
2103.015992,2392.000000,3.184182,85.250939,711.676138,3.182357,-85.253544,0.112038
2103.005380,2393.000000,3.183163,85.347839,711.674799,3.181315,-85.350452,0.112538
2102.999013,2394.000000,3.182562,85.444901,711.674805,3.180750,-85.447511,0.111712
2102.998130,2395.000000,3.182500,85.542172,711.676547,3.180802,-85.544764,0.109173
2103.000571,2396.000000,3.182766,85.639571,711.679342,3.181228,-85.642137,0.105597
2103.012924,2397.000000,3.184006,85.737349,711.685278,3.182768,-85.739863,0.098923
2103.047340,2398.000000,3.187416,85.835973,711.698207,3.186790,-85.838378,0.085354
2103.082463,2399.000000,3.190896,85.934628,711.711359,3.190891,-85.936922,0.071564
2103.085471,2400.000000,3.191217,86.032056,711.714329,3.191381,-86.034323,0.067815
2103.080200,2401.000000,3.190723,86.129167,711.714673,3.190939,-86.131428,0.066656
2103.086635,2402.000000,3.191382,86.226728,711.718727,3.191814,-86.228952,0.061838
2103.088500,2403.000000,3.191590,86.324115,711.721330,3.192174,-86.326314,0.058450
2103.067625,2404.000000,3.189562,86.420627,711.716723,3.189978,-86.422861,0.062173
2103.028325,2405.000000,3.185722,86.516427,711.706273,3.185708,-86.518744,0.071657
2102.981734,2406.000000,3.181165,86.611944,711.693511,3.180619,-86.614361,0.083420
2102.924532,2407.000000,3.175564,86.707047,711.677385,3.174337,-86.709594,0.098502
2102.884962,2408.000000,3.171698,86.802829,711.666847,3.170038,-86.805458,0.108073
2102.903052,2409.000000,3.173502,86.900840,711.674585,3.172223,-86.903403,0.099621
2102.947258,2410.000000,3.177875,86.999866,711.690602,3.177345,-87.002295,0.083008
2102.976427,2411.000000,3.180769,87.098314,711.701850,3.180775,-87.100647,0.071096
2102.968856,2412.000000,3.180049,87.195337,711.701450,3.180074,-87.197670,0.070670
2102.940919,2413.000000,3.177327,87.291568,711.694593,3.177083,-87.293954,0.076611
2102.913533,2414.000000,3.174659,87.387819,711.687909,3.174153,-87.390257,0.082382
2102.890311,2415.000000,3.172400,87.484231,711.682544,3.171692,-87.486709,0.086852
2102.879737,2416.000000,3.171385,87.581135,711.681187,3.170653,-87.583621,0.087370
2102.897720,2417.000000,3.173179,87.679155,711.688881,3.172826,-87.681574,0.078962
2102.921552,2418.000000,3.175549,87.777406,711.698428,3.175656,-87.779744,0.068728
2102.925728,2419.000000,3.175985,87.874890,711.701743,3.176276,-87.877197,0.064638
2102.896754,2420.000000,3.173160,87.971075,711.694548,3.173167,-87.973439,0.070913
2102.846293,2421.000000,3.168223,88.066416,711.680540,3.167643,-88.068891,0.083906
2102.810414,2422.000000,3.164719,88.162326,711.671154,3.163758,-88.164875,0.092342
2102.803042,2423.000000,3.164020,88.259355,711.670803,3.163079,-88.261903,0.091868
2102.809464,2424.000000,3.164677,88.356927,711.674823,3.163951,-88.359439,0.087084
2102.811938,2425.000000,3.164945,88.454345,711.677590,3.164379,-88.456831,0.083535
2102.817363,2426.000000,3.165504,88.551880,711.681292,3.165138,-88.554333,0.079064
2102.809160,2427.000000,3.164723,88.648879,711.680672,3.164366,-88.651333,0.078856
2102.771427,2428.000000,3.161037,88.744709,711.670690,3.160272,-88.747242,0.087879
2102.715882,2429.000000,3.155600,88.839832,711.655061,3.154175,-88.842490,0.102470
2102.672992,2430.000000,3.151408,88.935453,711.643443,3.149502,-88.938202,0.113107
2102.650064,2431.000000,3.149178,89.031863,711.638150,3.147073,-89.034652,0.117506
2102.639355,2432.000000,3.148151,89.128756,711.636730,3.146019,-89.131554,0.118086
2102.627664,2433.000000,3.147026,89.225611,711.634997,3.144853,-89.228420,0.118976
2102.612056,2434.000000,3.145517,89.322309,711.632021,3.143248,-89.325139,0.121090
2102.604167,2435.000000,3.144767,89.419315,711.631490,3.142510,-89.422146,0.120794
2102.610004,2436.000000,3.145366,89.516868,711.635309,3.143315,-89.519664,0.116208
2102.623060,2437.000000,3.146675,89.614710,711.641414,3.144932,-89.617453,0.109368
2102.629410,2438.000000,3.147325,89.712286,711.645393,3.145795,-89.714994,0.104624
2102.629620,2439.000000,3.147371,89.809618,711.647424,3.145968,-89.812306,0.101802
2102.633210,2440.000000,3.147749,89.907087,711.650525,3.146521,-89.909746,0.097924
2102.617415,2441.000000,3.146222,90.003779,711.647481,3.144893,-90.006459,0.100106
2102.568433,2442.000000,3.141430,90.099138,711.633916,3.139535,-90.101926,0.112662
2102.511821,2443.000000,3.135889,90.194187,711.617932,3.133318,-90.197103,0.127604
2102.495079,2444.000000,3.134268,90.290835,711.614584,3.131584,-90.293776,0.130086
2102.511633,2445.000000,3.135921,90.388825,711.621787,3.133594,-90.391703,0.122164
2102.526084,2446.000000,3.137368,90.486731,711.628322,3.135368,-90.489552,0.114899
2102.523152,2447.000000,3.137105,90.583938,711.629347,3.135187,-90.586748,0.113069
2102.521645,2448.000000,3.136982,90.681203,711.630822,3.135166,-90.683998,0.110795
2102.538155,2449.000000,3.138631,90.779198,711.638006,3.137170,-90.781930,0.102890
2102.555149,2450.000000,3.140328,90.877214,711.645343,3.139230,-90.879883,0.094836
2102.562201,2451.000000,3.141047,90.974830,711.649527,3.140171,-90.977461,0.089890
2102.543326,2452.000000,3.139216,91.071395,711.645492,3.138197,-91.074056,0.093050
2102.506842,2453.000000,3.135654,91.167244,711.635874,3.134243,-91.169980,0.101714
2102.482895,2454.000000,3.133325,91.263600,711.630229,3.131699,-91.266380,0.106462
2102.497182,2455.000000,3.134755,91.361511,711.636701,3.133453,-91.364235,0.099260
2102.536889,2456.000000,3.138685,91.460460,711.651229,3.138066,-91.463062,0.084114
2102.548926,2457.000000,3.139894,91.558285,711.656985,3.139568,-91.560836,0.077618
2102.507949,2458.000000,3.135890,91.653947,711.645936,3.135108,-91.656585,0.087694
2102.464007,2459.000000,3.131595,91.749484,711.633947,3.130315,-91.752217,0.098697
2102.446608,2460.000000,3.129910,91.846105,711.630369,3.128507,-91.848864,0.101406
2102.511813,2461.000000,3.136347,91.946109,711.652972,3.135986,-91.948680,0.078297
2102.480915,2462.000000,3.133334,92.042178,711.645113,3.132660,-92.044810,0.085227
2102.457377,2463.000000,3.131045,92.138548,711.639585,3.130161,-92.141222,0.089859
2102.447566,2464.000000,3.130106,92.235480,711.638407,3.129206,-92.238161,0.090201
2102.441470,2465.000000,3.129532,92.332565,711.638406,3.128668,-92.335242,0.089383
2102.426865,2466.000000,3.128122,92.429300,711.635706,3.127173,-92.431996,0.091226
2102.394477,2467.000000,3.124963,92.525302,711.627368,3.123679,-92.528063,0.098629
2102.346840,2468.000000,3.120304,92.620672,711.614196,3.118471,-92.623537,0.110799
2102.305332,2469.000000,3.116249,92.716292,711.602966,3.113951,-92.719246,0.121054
2102.271825,2470.000000,3.112980,92.812240,711.594271,3.110332,-92.815262,0.128809
2102.243136,2471.000000,3.110185,92.908385,711.587101,3.107254,-92.911463,0.135060
2102.223279,2472.000000,3.108258,93.004895,711.582730,3.105168,-93.008005,0.138552
2102.211297,2473.000000,3.107105,93.101730,711.580852,3.103969,-93.104853,0.139584
2102.224240,2474.000000,3.108403,93.199601,711.586872,3.105571,-93.202670,0.132828
2102.265398,2475.000000,3.112476,93.298645,711.601833,3.110345,-93.301589,0.117256
2102.308205,2476.000000,3.116710,93.397763,711.617315,3.115305,-93.400577,0.101168
2102.340924,2477.000000,3.119953,93.496466,711.629600,3.119130,-93.499176,0.088235
2102.349884,2478.000000,3.120860,93.594181,711.634353,3.120285,-93.596848,0.082728
2102.316824,2479.000000,3.117635,93.690143,711.625787,3.116715,-93.692878,0.090356
2102.263152,2480.000000,3.112383,93.785242,711.610687,3.110827,-93.788097,0.104428
2102.218535,2481.000000,3.108022,93.880716,711.598456,3.105958,-93.883668,0.115670
2102.211904,2482.000000,3.107396,93.977778,711.598262,3.105359,-93.980728,0.115042
2102.259018,2483.000000,3.112054,94.077092,711.615100,3.110803,-94.079901,0.097618
2102.334258,2484.000000,3.119477,94.177592,711.640853,3.119409,-94.180187,0.071403
2102.392078,2485.000000,3.125189,94.277367,711.661083,3.126057,-94.279793,0.050633
2102.404717,2486.000000,3.126458,94.375248,711.666993,3.127625,-94.377623,0.043987
2102.386221,2487.000000,3.124664,94.471821,711.663031,3.125691,-94.474224,0.047074
2102.331611,2488.000000,3.119320,94.566870,711.647622,3.119697,-94.569397,0.061451
2102.236149,2489.000000,3.109959,94.660193,711.619265,3.109111,-94.662949,0.088597
2102.144195,2490.000000,3.100944,94.753657,711.592020,3.098919,-94.756633,0.114645
2102.108593,2491.000000,3.097470,94.849496,711.582633,3.095063,-94.852545,0.123083
2102.127821,2492.000000,3.099386,94.947651,711.590622,3.097370,-94.950631,0.114386
2102.152091,2493.000000,3.101798,95.046022,711.600206,3.100245,-95.048921,0.104115
2102.150024,2494.000000,3.101620,95.143280,711.601443,3.100159,-95.146165,0.102076
2102.127603,2495.000000,3.099442,95.239675,711.596229,3.097784,-95.242600,0.106400
2102.099566,2496.000000,3.096711,95.335830,711.589233,3.094778,-95.338809,0.112480
2102.074697,2497.000000,3.094292,95.432118,711.583240,3.092128,-95.435142,0.117571
2102.055308,2498.000000,3.092411,95.528638,711.578982,3.090095,-95.531694,0.120951
2102.043423,2499.000000,3.091268,95.625476,711.577101,3.088904,-95.628545,0.121987
2102.039012,2500.000000,3.090861,95.722634,711.577588,3.088554,-95.725695,0.120688
2102.036258,2501.000000,3.090616,95.819862,711.578598,3.088390,-95.822911,0.118873
2102.046816,2502.000000,3.091679,95.917659,711.583825,3.089723,-95.920663,0.112900
2102.081614,2503.000000,3.095126,96.016496,711.596733,3.093781,-96.019390,0.099351
2102.116500,2504.000000,3.098582,96.115340,711.609668,3.097848,-96.118125,0.085776
2102.111298,2505.000000,3.098096,96.212469,711.609897,3.097409,-96.215249,0.084732
2102.055095,2506.000000,3.092597,96.307410,711.593962,3.091236,-96.310317,0.099628
2101.983368,2507.000000,3.085571,96.401680,711.573106,3.083318,-96.404755,0.119376
2101.942219,2508.000000,3.081551,96.497260,711.561940,3.078838,-96.500423,0.129569
2101.972319,2509.000000,3.084536,96.595903,711.573351,3.082366,-96.598970,0.117498
2102.054641,2510.000000,3.092655,96.696799,711.601310,3.091766,-96.699634,0.089106
2102.104874,2511.000000,3.097620,96.796320,711.619100,3.097559,-96.799005,0.070743
2102.068057,2512.000000,3.094026,96.892087,711.609300,3.093565,-96.894850,0.079589
2101.988970,2513.000000,3.086276,96.986026,711.586103,3.084819,-96.988975,0.101646
2101.911938,2514.000000,3.078729,97.080048,711.563558,3.076305,-97.083178,0.123061
2101.854241,2515.000000,3.073083,97.174901,711.547140,3.069964,-97.178162,0.138434
2101.832053,2516.000000,3.070928,97.271288,711.541972,3.067615,-97.274589,0.142712
2101.854690,2517.000000,3.073179,97.369619,711.551007,3.070304,-97.372843,0.132984
2101.910755,2518.000000,3.078717,97.469404,711.570633,3.076751,-97.472464,0.112810
2101.967813,2519.000000,3.084352,97.569238,711.590574,3.083310,-97.572131,0.092326
2101.994922,2520.000000,3.087043,97.667775,711.601022,3.086503,-97.670579,0.081203
2101.986725,2521.000000,3.086263,97.764777,711.600281,3.085726,-97.767584,0.081115
2101.962902,2522.000000,3.083947,97.861098,711.594587,3.083192,-97.863948,0.085913
2101.941886,2523.000000,3.081907,97.957540,711.589781,3.080974,-97.960426,0.089834
2101.928758,2524.000000,3.080642,98.054325,711.587473,3.079643,-98.057227,0.091291
2101.904754,2525.000000,3.078308,98.150634,711.581718,3.077089,-98.153580,0.096149
2101.842568,2526.000000,3.072221,98.245271,711.563861,3.070243,-98.248360,0.112940
2101.774331,2527.000000,3.065539,98.339639,711.544088,3.062717,-98.342886,0.131622
2101.750488,2528.000000,3.063221,98.435948,711.538380,3.060181,-98.439239,0.136433
2101.776263,2529.000000,3.065780,98.534433,711.548393,3.063223,-98.537639,0.125740
2101.827296,2530.000000,3.070823,98.634032,711.566408,3.069103,-98.637087,0.107154
2101.876111,2531.000000,3.075648,98.733538,711.583721,3.074735,-98.736449,0.089263
2101.905946,2532.000000,3.078607,98.832214,711.595017,3.078233,-98.835029,0.077303
2101.906338,2533.000000,3.078672,98.929596,711.596982,3.078421,-98.932391,0.074547
2101.872514,2534.000000,3.075373,99.025468,711.588103,3.074763,-99.028333,0.082486
2101.823269,2535.000000,3.070557,99.120658,711.574336,3.069371,-99.123632,0.095245
2101.788103,2536.000000,3.067126,99.216466,711.565029,3.065562,-99.219513,0.103605
2101.779855,2537.000000,3.066341,99.313463,711.564251,3.064778,-99.316513,0.103554
2101.794717,2538.000000,3.067829,99.411483,711.570794,3.066593,-99.414477,0.096282
2101.814022,2539.000000,3.069752,99.509703,711.578744,3.068907,-99.512628,0.087623
2101.818201,2540.000000,3.070189,99.607254,711.581900,3.069520,-99.610149,0.083693
2101.809342,2541.000000,3.069344,99.704226,711.580923,3.068668,-99.707127,0.083838
2101.796112,2542.000000,3.068070,99.801005,711.578559,3.067325,-99.803921,0.085351
2101.774930,2543.000000,3.066014,99.897429,711.573675,3.065087,-99.900382,0.089350
2101.741796,2544.000000,3.062782,99.993319,711.565001,3.061506,-99.996340,0.097086
2101.714742,2545.000000,3.060149,100.089479,711.558254,3.058608,-100.092552,0.102923
2101.718410,2546.000000,3.060536,100.187008,711.561239,3.059164,-100.190053,0.099160
2101.746279,2547.000000,3.063301,100.285619,711.571893,3.062440,-100.288574,0.087835
2101.757300,2548.000000,3.064411,100.383480,711.577206,3.063822,-100.386389,0.081777
2101.760878,2549.000000,3.064789,100.481010,711.580159,3.064368,-100.483891,0.078046
2101.774921,2550.000000,3.066196,100.579010,711.586428,3.066089,-100.581836,0.071046
2101.819147,2551.000000,3.070570,100.678365,711.602260,3.071204,-100.681058,0.054613
2101.849168,2552.000000,3.073547,100.777087,711.613590,3.074723,-100.779685,0.042621
2101.835616,2553.000000,3.072241,100.873855,711.611110,3.073342,-100.876469,0.044249
2101.809655,2554.000000,3.069715,100.970063,711.604695,3.070567,-100.972727,0.049757
2101.798637,2555.000000,3.068658,101.066943,711.603016,3.069471,-101.069617,0.050596
2101.802750,2556.000000,3.069089,101.164505,711.606130,3.070076,-101.167150,0.046707
2101.795964,2557.000000,3.068448,101.261576,711.605788,3.069456,-101.264221,0.046225
2101.768140,2558.000000,3.065738,101.357698,711.598779,3.066471,-101.360397,0.052321
2101.770416,2559.000000,3.065988,101.455178,711.601306,3.066870,-101.457853,0.049009
2101.814840,2560.000000,3.070382,101.554566,711.617190,3.072007,-101.557107,0.032526
2101.787190,2561.000000,3.067690,101.650694,711.610231,3.069041,-101.653290,0.038571
2101.671260,2562.000000,3.056319,101.742820,711.575296,3.056151,-101.745698,0.072208
2101.552786,2563.000000,3.044699,101.834821,711.539557,3.042976,-101.837988,0.106638
2101.502623,2564.000000,3.039795,101.929914,711.525463,3.037481,-101.933194,0.119720
2101.524213,2565.000000,3.041943,102.028266,711.534102,3.040050,-102.031472,0.110382
2101.568492,2566.000000,3.046322,102.127652,711.549929,3.045169,-102.130725,0.093955
2101.601664,2567.000000,3.049609,102.226537,711.562236,3.049040,-102.229506,0.081000
2101.610606,2568.000000,3.050514,102.324321,711.566864,3.050187,-102.327249,0.075617
2101.606004,2569.000000,3.050088,102.421489,711.567199,3.049812,-102.424411,0.074469
2101.600231,2570.000000,3.049547,102.518604,711.567161,3.049305,-102.521523,0.073688
2101.573611,2571.000000,3.046956,102.614765,711.560517,3.046455,-102.617735,0.079424
2101.500793,2572.000000,3.039824,102.708812,711.539233,3.038412,-102.711953,0.099597
2101.503627,2573.000000,3.040129,102.806317,711.541919,3.038873,-102.809433,0.096130
2101.491653,2574.000000,3.038979,102.903145,711.539911,3.037669,-102.906274,0.097292
2101.526624,2575.000000,3.042442,103.002127,711.552777,3.041741,-103.005147,0.083786
2101.512881,2576.000000,3.041118,103.098875,711.550207,3.040339,-103.101913,0.085503
2101.555871,2577.000000,3.045370,103.198230,711.565611,3.045313,-103.201139,0.069493
2101.573468,2578.000000,3.047126,103.296422,711.572969,3.047432,-103.299267,0.061419
2101.542227,2579.000000,3.044081,103.392366,711.564849,3.044062,-103.395275,0.068609
2101.469732,2580.000000,3.036982,103.486407,711.543657,3.036055,-103.489486,0.088692
2101.470436,2581.000000,3.037077,103.583820,711.545658,3.036276,-103.586879,0.085901
2101.422337,2582.000000,3.032376,103.678979,711.532194,3.031011,-103.682145,0.098363
2101.432398,2583.000000,3.033391,103.776824,711.537156,3.032283,-103.779946,0.092651
2101.480575,2584.000000,3.038153,103.876434,711.554195,3.037840,-103.879413,0.075029
2101.519490,2585.000000,3.042005,103.975620,711.568298,3.042356,-103.978481,0.060302
2101.522336,2586.000000,3.042311,104.073138,711.570970,3.042817,-104.075974,0.056849
2101.486905,2587.000000,3.038854,104.168881,711.561513,3.038975,-104.171790,0.065359
2101.439445,2588.000000,3.034215,104.264062,711.548243,3.033782,-104.267077,0.077629
2101.426109,2589.000000,3.032931,104.360827,711.545784,3.032424,-104.363859,0.079237
2101.477707,2590.000000,3.038029,104.460613,711.563899,3.038365,-104.463493,0.060553
2101.535066,2591.000000,3.043694,104.560672,711.583839,3.044954,-104.563386,0.040069
2101.499894,2592.000000,3.040263,104.656423,711.574457,3.041141,-104.659211,0.048505
2101.398280,2593.000000,3.030301,104.749072,711.544021,3.029860,-104.752105,0.077706
2101.326496,2594.000000,3.023271,104.843106,711.523037,3.021933,-104.846308,0.097585
2101.333031,2595.000000,3.023940,104.940795,711.526866,3.022808,-104.943963,0.092990
2101.392953,2596.000000,3.029857,105.040984,711.547609,3.029684,-105.043979,0.071714
2101.438790,2597.000000,3.034389,105.140519,711.563890,3.034977,-105.143377,0.054840
2101.441080,2598.000000,3.034640,105.238018,711.566370,3.035375,-105.240852,0.051576
2101.415510,2599.000000,3.032153,105.334210,711.560022,3.032641,-105.337093,0.057020
2101.393905,2600.000000,3.030056,105.430587,711.554928,3.030354,-105.433508,0.061226
2101.389628,2601.000000,3.029662,105.527777,711.555324,3.030013,-105.530692,0.060019
2101.398016,2602.000000,3.030513,105.625563,711.559732,3.031097,-105.628439,0.054854
2101.425284,2603.000000,3.033220,105.724240,711.570120,3.034302,-105.727028,0.043791
2101.476515,2604.000000,3.038283,105.824050,711.588101,3.040202,-105.826687,0.025239
2101.511249,2605.000000,3.041724,105.923087,711.600854,3.044247,-105.925616,0.011844
2101.479064,2606.000000,3.038586,106.018967,711.592400,3.040769,-106.021562,0.019365
2101.385928,2607.000000,3.029457,106.111963,711.564630,3.030440,-106.114782,0.045936
2101.278031,2608.000000,3.018878,106.204254,711.532185,3.018452,-106.207336,0.077120
2101.203103,2609.000000,3.011540,106.298098,711.510186,3.010171,-106.301357,0.098000
2101.193708,2610.000000,3.010643,106.395042,711.508949,3.009255,-106.398307,0.098403
2101.236785,2611.000000,3.014904,106.494475,711.524334,3.014236,-106.497611,0.082412
2101.294566,2612.000000,3.020609,106.594611,711.544378,3.020871,-106.597580,0.061826
2101.320417,2613.000000,3.023177,106.693235,711.554304,3.023916,-106.696119,0.051218
2101.287711,2614.000000,3.019989,106.789076,711.545675,3.020380,-106.792028,0.058912
2101.228208,2615.000000,3.014167,106.883640,711.528555,3.013832,-106.886728,0.074981
2101.197136,2616.000000,3.011139,106.979554,711.520441,3.010479,-106.982705,0.082166
2101.209497,2617.000000,3.012381,107.077537,711.526087,3.012008,-107.080639,0.075780
2101.249752,2618.000000,3.016364,107.176854,711.540570,3.016672,-107.179835,0.060679
2101.289011,2619.000000,3.020249,107.276128,711.554736,3.021225,-107.278989,0.045889
2101.280866,2620.000000,3.019475,107.373138,711.553882,3.020449,-107.376003,0.045915
2101.226571,2621.000000,3.014165,107.467940,711.538403,3.014486,-107.470928,0.060365
2101.158492,2622.000000,3.007500,107.562076,711.518557,3.006973,-107.565224,0.079122
2101.096903,2623.000000,3.001474,107.656519,711.500767,3.000191,-107.659809,0.095852
2101.058393,2624.000000,2.997716,107.752065,711.490287,2.996002,-107.755438,0.105371
2101.059571,2625.000000,2.997858,107.849515,711.492380,2.996274,-107.852868,0.102491
2101.093780,2626.000000,3.001247,107.948555,711.504935,3.000257,-107.951801,0.089290
2101.133150,2627.000000,3.005143,108.047846,711.519124,3.004821,-108.050973,0.074478
2101.160841,2628.000000,3.007891,108.146579,711.529613,3.008073,-108.149616,0.063316
2101.175115,2629.000000,3.009321,108.244668,711.535849,3.009816,-108.247651,0.056348
2101.183325,2630.000000,3.010154,108.342466,711.540163,3.010878,-108.345411,0.051277
2101.170078,2631.000000,3.008879,108.439229,711.537677,3.009528,-108.442191,0.052912
2101.135046,2632.000000,3.005462,108.534939,711.528288,3.005729,-108.537974,0.061355
2101.099184,2633.000000,3.001964,108.630606,711.518635,3.001838,-108.633717,0.070060
2101.070577,2634.000000,2.999179,108.726622,711.511279,2.998761,-108.729790,0.076498
2101.047333,2635.000000,2.996921,108.822896,711.505622,2.996288,-108.826107,0.081262
2101.032109,2636.000000,2.995452,108.919558,711.502503,2.994715,-108.922792,0.083521
2101.023417,2637.000000,2.994624,109.016537,711.501453,2.993877,-109.019776,0.083740
2101.015449,2638.000000,2.993868,109.113550,711.500631,2.993120,-109.116793,0.083734
2101.011784,2639.000000,2.993534,109.210773,711.501170,2.992847,-109.214008,0.082385
2101.017250,2640.000000,2.994098,109.308441,711.504601,2.993600,-109.311645,0.078185
2101.029632,2641.000000,2.995342,109.406448,711.510222,2.995130,-109.409602,0.071824
2101.044744,2642.000000,2.996854,109.504589,711.516707,2.996966,-109.507687,0.064612
2101.056032,2643.000000,2.997990,109.602545,711.521978,2.998373,-109.605597,0.058595
2101.061179,2644.000000,2.998522,109.700203,711.525303,2.999090,-109.703224,0.054499
2101.058509,2645.000000,2.998287,109.797480,711.526150,2.998928,-109.800491,0.052847
2101.033450,2646.000000,2.995851,109.893661,711.519902,2.996250,-109.896720,0.058193
2100.990803,2647.000000,2.991686,109.988980,711.508082,2.991595,-109.992132,0.069036
2100.968299,2648.000000,2.989501,110.085283,711.502641,2.989204,-110.088476,0.073585
2100.979846,2649.000000,2.990662,110.183255,711.507987,2.990640,-110.186402,0.067496
2100.973190,2650.000000,2.990035,110.280336,711.507564,2.990029,-110.283482,0.067096
2100.925902,2651.000000,2.985414,110.375419,711.494269,2.984853,-110.378671,0.079394
2100.854969,2652.000000,2.978470,110.469335,711.473482,2.977019,-110.472754,0.099080
2100.783054,2653.000000,2.971430,110.563197,711.452384,2.969076,-110.566786,0.119074
2100.743903,2654.000000,2.967609,110.658669,711.441663,2.964814,-110.662342,0.128832
2100.762648,2655.000000,2.969478,110.756994,711.449280,2.967058,-110.760602,0.120502
2100.824757,2656.000000,2.975608,110.857463,711.470632,2.974175,-110.860892,0.098626
2100.889215,2657.000000,2.981969,110.958053,711.492728,2.981556,-110.961299,0.076015
2100.939944,2658.000000,2.986982,111.057972,711.510474,2.987395,-111.061069,0.057695
2100.965129,2659.000000,2.989484,111.156630,711.520127,2.990363,-111.159645,0.047357
2100.957143,2660.000000,2.988726,111.253648,711.519270,2.989603,-111.256666,0.047386
2100.931638,2661.000000,2.986246,111.349797,711.512862,2.986873,-111.352864,0.052890
2100.905194,2662.000000,2.983674,111.445897,711.506155,2.984039,-111.449017,0.058690
2100.889566,2663.000000,2.982165,111.542534,711.502873,2.982420,-111.545677,0.061110
2100.881923,2664.000000,2.981441,111.639567,711.502119,2.981698,-111.642712,0.061037
2100.867827,2665.000000,2.980082,111.736278,711.499320,2.980251,-111.739444,0.062982
2100.867549,2666.000000,2.980082,111.833678,711.500897,2.980357,-111.836827,0.060610
2100.907598,2667.000000,2.984045,111.933088,711.515248,2.984995,-111.936117,0.045639
2100.961616,2668.000000,2.989381,112.033200,711.534024,2.991203,-112.036072,0.026302
2100.996398,2669.000000,2.992826,112.132357,711.546706,2.995249,-112.135121,0.012978
2101.000860,2670.000000,2.993292,112.230002,711.549779,2.995888,-112.232738,0.009130
2100.987485,2671.000000,2.992004,112.326755,711.547200,2.994521,-112.329509,0.010857
2100.968239,2672.000000,2.990140,112.423213,711.542760,2.992495,-112.426000,0.014421
2100.945069,2673.000000,2.987889,112.519474,711.537075,2.990028,-112.522305,0.019212
2100.926151,2674.000000,2.986057,112.615947,711.532736,2.988038,-112.618810,0.022676
2100.935493,2675.000000,2.987002,112.713838,711.537349,2.989225,-112.716660,0.017310
2100.964192,2676.000000,2.989850,112.812703,711.548094,2.992587,-112.815434,0.005895
2100.979934,2677.000000,2.991424,112.910920,711.554732,2.994493,-112.913592,-0.001469
2100.977131,2678.000000,2.991176,113.008205,711.555493,2.994314,-113.010868,-0.003036
2100.968806,2679.000000,2.990384,113.105212,711.554504,2.993515,-113.107880,-0.002876
2100.953001,2680.000000,2.988858,113.201842,711.551143,2.991875,-113.204534,-0.000377
2100.900936,2681.000000,2.983767,113.296642,711.536293,2.986160,-113.299452,0.013455
2100.828849,2682.000000,2.976709,113.390426,711.515099,2.978194,-113.393407,0.033544
2100.789407,2683.000000,2.972860,113.485855,711.504246,2.973898,-113.488921,0.043433
2100.790560,2684.000000,2.973000,113.583335,711.506253,2.974163,-113.586382,0.040637
2100.816122,2685.000000,2.975539,113.682052,711.515991,2.977172,-113.685016,0.030216
2100.843077,2686.000000,2.978216,113.780842,711.526169,2.980338,-113.783720,0.019360
2100.831930,2687.000000,2.977147,113.877703,711.524275,2.979221,-113.880593,0.020413
2100.750830,2688.000000,2.969204,113.971012,711.500219,2.970243,-113.974096,0.043325
2100.658761,2689.000000,2.960183,114.063758,711.472688,2.960032,-114.067064,0.069665
2100.650366,2690.000000,2.959385,114.160751,711.471662,2.959224,-114.164062,0.069861
2100.716608,2691.000000,2.965921,114.261543,711.494278,2.966804,-114.264665,0.046738
2100.803264,2692.000000,2.974465,114.363381,711.523361,2.976679,-114.366262,0.017235
2100.849703,2693.000000,2.979056,114.463177,711.539703,2.982034,-114.465921,0.000299
2100.824742,2694.000000,2.976630,114.559334,711.533423,2.979364,-114.562126,0.005678
2100.779395,2695.000000,2.972200,114.654449,711.520683,2.974403,-114.657342,0.017428
2100.748461,2696.000000,2.969187,114.750297,711.512509,2.971062,-114.753254,0.024676
2100.741635,2697.000000,2.968543,114.847377,711.511971,2.970430,-114.850334,0.024391
2100.768646,2698.000000,2.971225,114.946188,711.522150,2.973601,-114.949059,0.013534
2100.812004,2699.000000,2.975514,115.045841,711.537508,2.978610,-115.048583,-0.002431
2100.829972,2700.000000,2.977307,115.144196,711.544821,2.980765,-115.146875,-0.010460
2100.821246,2701.000000,2.976477,115.241183,711.543676,2.979919,-115.243868,-0.010146
2100.824340,2702.000000,2.976808,115.338777,711.546274,2.980402,-115.341437,-0.013525
2100.842971,2703.000000,2.978666,115.437170,711.553793,2.982632,-115.439766,-0.021757
2100.844717,2704.000000,2.978865,115.534697,711.555961,2.982963,-115.537272,-0.024712
2100.805930,2705.000000,2.975080,115.630138,711.545286,2.978739,-115.632796,-0.014998
2100.742342,2706.000000,2.968857,115.724297,711.526753,2.971727,-115.727104,0.002468
2100.672319,2707.000000,2.962002,115.818119,711.506181,2.963992,-115.821092,0.021945
2100.612048,2708.000000,2.956106,115.912440,711.488697,2.957354,-115.915552,0.038375
2100.559733,2709.000000,2.950992,116.007167,711.473734,2.951610,-116.010399,0.052319
2100.435951,2710.000000,2.938856,116.098195,711.436134,2.937836,-116.101732,0.088593
2100.201441,2711.000000,2.915843,116.183485,711.363471,2.911623,-116.187613,0.159452
2099.932320,2712.000000,2.889435,116.266965,711.279864,2.881529,-116.271775,0.241108
2099.663363,2713.000000,2.863049,116.350434,711.196327,2.851460,-116.355925,0.322694
2099.249910,2714.000000,2.822485,116.426395,711.067086,2.805178,-116.432941,0.449364
2099.064029,2715.000000,2.804267,116.514129,711.009876,2.784449,-116.521141,0.504982
2098.995080,2716.000000,2.797527,116.607918,710.989662,2.776845,-116.615092,0.524106
2098.964846,2717.000000,2.794587,116.703713,710.981694,2.773586,-116.710949,0.531151
2098.941238,2718.000000,2.792297,116.799850,710.975820,2.771071,-116.807131,0.536130
2098.902939,2719.000000,2.788565,116.895222,710.965299,2.766907,-116.902585,0.545694
2098.823813,2720.000000,2.780827,116.988465,710.941863,2.758161,-116.996017,0.567997
2098.809417,2721.000000,2.779441,117.085075,710.938900,2.756680,-117.092648,0.570104
2098.881189,2722.000000,2.786510,117.186179,710.963190,2.764866,-117.193550,0.545329
2099.011532,2723.000000,2.799328,117.290348,711.006010,2.779626,-117.297365,0.502276
2099.180734,2724.000000,2.815961,117.396560,711.061127,2.798750,-117.403122,0.447092
2099.326965,2725.000000,2.830342,117.501587,711.108982,2.815298,-117.507754,0.399072
2099.404163,2726.000000,2.837948,117.603013,711.134996,2.824097,-117.608964,0.372596
2099.470467,2727.000000,2.844484,117.703877,711.157562,2.831675,-117.709640,0.349521
2099.517529,2728.000000,2.849132,117.803738,711.174039,2.837092,-117.809363,0.332454
2099.498500,2729.000000,2.847290,117.900135,711.169597,2.835089,-117.905793,0.336020
2099.409377,2730.000000,2.838567,117.992849,711.142971,2.825216,-117.998721,0.361470
2099.197688,2731.000000,2.817813,118.079113,711.077563,2.801585,-118.085518,0.425176
2099.067970,2732.000000,2.805107,118.169673,711.038097,2.787159,-118.176398,0.463291
2099.031142,2733.000000,2.801519,118.265113,711.028021,2.783158,-118.271917,0.472416
2099.029273,2734.000000,2.801363,118.362392,711.029003,2.783081,-118.369185,0.470632
2099.051007,2735.000000,2.803522,118.460916,711.037451,2.785654,-118.467637,0.461484
2099.116887,2736.000000,2.810015,118.561773,711.059866,2.793181,-118.568306,0.438559
2099.209259,2737.000000,2.819109,118.664035,711.090662,2.803682,-118.670313,0.407365
2099.222610,2738.000000,2.820447,118.762129,711.096455,2.805313,-118.768356,0.400836
2099.149813,2739.000000,2.813328,118.855666,711.074989,2.797274,-118.862066,0.421197
2099.035195,2740.000000,2.802104,118.946984,711.040290,2.784542,-118.953665,0.454610
2098.913495,2741.000000,2.790187,119.037918,711.003354,2.771016,-119.044898,0.490231
2098.824478,2742.000000,2.781478,119.130575,710.976758,2.761159,-119.137770,0.515652
2098.824575,2743.000000,2.781514,119.227955,710.978351,2.761303,-119.235133,0.513267
2098.929219,2744.000000,2.791811,119.330888,711.013013,2.773178,-119.337779,0.478259
2098.971606,2745.000000,2.795997,119.430521,711.027981,2.778067,-119.437286,0.462679
2098.896316,2746.000000,2.788635,119.523898,711.005721,2.769750,-119.530842,0.483823
2098.838476,2747.000000,2.782986,119.618198,710.988981,2.763391,-119.625276,0.499523
2098.873272,2748.000000,2.786427,119.717430,711.001543,2.767428,-119.724402,0.486316
2098.897411,2749.000000,2.788823,119.816098,711.010732,2.770269,-119.822991,0.476437
2098.904764,2750.000000,2.789571,119.913872,711.014611,2.771226,-119.920730,0.471796
2098.939386,2751.000000,2.792996,120.013104,711.027115,2.775244,-120.019857,0.458647
2099.016641,2752.000000,2.800606,120.114619,711.053106,2.784046,-120.121156,0.432194
2099.109229,2753.000000,2.809721,120.216962,711.083949,2.794571,-120.223243,0.400954
2099.128979,2754.000000,2.811686,120.315413,711.091745,2.796919,-120.321627,0.392449
2099.116008,2755.000000,2.810440,120.412113,711.089187,2.795595,-120.418345,0.394158
2099.101636,2756.000000,2.809056,120.508737,711.086184,2.794114,-120.514990,0.396306
2099.094152,2757.000000,2.808348,120.605730,711.085359,2.793406,-120.611987,0.396305
2099.038900,2758.000000,2.802952,120.700157,711.069420,2.787335,-120.706540,0.411214
2098.989750,2759.000000,2.798155,120.794907,711.055410,2.781950,-120.801403,0.424220
2099.006654,2760.000000,2.799841,120.893209,711.062297,2.783979,-120.899644,0.416612
2099.039904,2761.000000,2.803131,120.992393,711.074355,2.787843,-120.998726,0.403902
2099.029204,2762.000000,2.802108,121.089211,711.072507,2.786773,-121.095557,0.404912
2098.957867,2763.000000,2.795133,121.182759,711.051472,2.778898,-121.189273,0.424847
2098.891096,2764.000000,2.788606,121.276547,711.031882,2.771535,-121.283219,0.443358
2098.869206,2765.000000,2.786485,121.372755,711.026489,2.769209,-121.379468,0.447864
2098.875512,2766.000000,2.787131,121.470486,711.030016,2.770048,-121.477167,0.443571
2098.875966,2767.000000,2.787202,121.567902,711.031689,2.770230,-121.574566,0.441106
2098.847263,2768.000000,2.784412,121.663740,711.024138,2.767140,-121.670462,0.447741
2098.802523,2769.000000,2.780048,121.758706,711.011512,2.762250,-121.765528,0.459382
2098.776679,2770.000000,2.777539,121.854694,711.004862,2.759481,-121.861568,0.465127
2098.739307,2771.000000,2.773898,121.950055,710.994565,2.755418,-121.957010,0.474471
2098.670288,2772.000000,2.767152,122.043694,710.974256,2.747803,-122.050812,0.493691
2098.655426,2773.000000,2.765721,122.140272,710.971077,2.746266,-122.147413,0.496013
2098.720607,2774.000000,2.772144,122.241204,710.993215,2.753711,-122.248160,0.473360
2098.770729,2775.000000,2.777090,122.341323,711.010590,2.759467,-122.348133,0.455407
2098.734776,2776.000000,2.773589,122.436755,711.000735,2.755563,-122.443643,0.464315
2098.617522,2777.000000,2.762109,122.527752,710.965162,2.742536,-122.534928,0.498592
2098.550082,2778.000000,2.755519,122.621458,710.945347,2.735099,-122.628793,0.517326
2098.545554,2779.000000,2.755101,122.718595,710.945429,2.734721,-122.725926,0.516431
2098.595812,2780.000000,2.760060,122.818727,710.962837,2.740491,-122.825912,0.498444
2098.683973,2781.000000,2.768738,122.920937,710.992234,2.750514,-122.927878,0.468630
2098.760236,2782.000000,2.776249,123.022505,711.017869,2.759203,-123.029232,0.442528
2098.820916,2783.000000,2.782232,123.123226,711.038574,2.766143,-123.129781,0.421289
2098.831872,2784.000000,2.783334,123.221225,711.043547,2.767503,-123.227736,0.415569
2098.774523,2785.000000,2.777733,123.315478,711.026911,2.761197,-123.322122,0.431166
2098.685614,2786.000000,2.769034,123.407992,711.000290,2.751349,-123.414851,0.456613
2098.595570,2787.000000,2.760225,123.500437,710.973312,2.741375,-123.507514,0.482414
2098.514934,2788.000000,2.752340,123.593393,710.949309,2.732456,-123.600663,0.505278
2098.552518,2789.000000,2.756055,123.692851,710.962697,2.736803,-123.700008,0.491257
2098.567200,2790.000000,2.757522,123.791051,710.968840,2.738581,-123.798154,0.484383
2098.569643,2791.000000,2.757789,123.888577,710.971111,2.738985,-123.895659,0.481329
2098.572254,2792.000000,2.758072,123.986114,710.973434,2.739407,-123.993173,0.478224
2098.548881,2793.000000,2.755806,124.082217,710.967536,2.736914,-124.089321,0.483228
2098.584359,2794.000000,2.759314,124.181571,710.980252,2.741025,-124.188568,0.469871
2098.606134,2795.000000,2.761478,124.280170,710.988632,2.743598,-124.287095,0.460790
2098.597528,2796.000000,2.760661,124.377090,710.987402,2.742762,-124.384022,0.461190
2098.599321,2797.000000,2.760864,124.474587,710.989459,2.743093,-124.481498,0.458347
2098.602511,2798.000000,2.761204,124.572161,710.991957,2.743580,-124.579049,0.455069
2098.605333,2799.000000,2.761508,124.669716,710.994337,2.744026,-124.676581,0.451907
2098.627016,2800.000000,2.763663,124.768319,711.002682,2.746589,-124.775112,0.442861
2098.624324,2801.000000,2.763426,124.865570,711.003316,2.746416,-124.872355,0.441423
2098.551281,2802.000000,2.756285,124.958908,710.981695,2.738349,-124.965867,0.461938
2098.498547,2803.000000,2.751138,125.053371,710.966497,2.732560,-125.060452,0.476117
2098.392158,2804.000000,2.740726,125.144843,710.934330,2.720752,-125.152183,0.507037
2098.345229,2805.000000,2.736148,125.239620,710.920968,2.715616,-125.247066,0.519405
2098.413060,2806.000000,2.742831,125.340794,710.943898,2.723355,-125.348050,0.495971
2098.519081,2807.000000,2.753261,125.444108,710.978908,2.735381,-125.451073,0.460620
2098.430004,2808.000000,2.744548,125.536531,710.952209,2.725514,-125.543712,0.486145
2098.182687,2809.000000,2.720310,125.620101,710.875471,2.697896,-125.627907,0.561035
2098.048375,2810.000000,2.707161,125.709974,710.834475,2.682958,-125.718113,0.600664
2098.079370,2811.000000,2.710229,125.809090,710.845747,2.686563,-125.817133,0.588732
