frame,model,u_px,v_px,residual_zg_mm,Xc_mm,Yc_mm,Zc_mm,Xg_mm,Yg_mm
laser 004,circular_cone,2135.976695,5.000000,0.172502792,6.410771540,-146.589410471,713.657798866,6.409475732,146.595258873
laser 004,circular_cone,2135.915169,6.000000,0.186086304,6.404626005,-146.488932527,713.643103422,6.402715225,146.494664019
laser 004,circular_cone,2135.867099,7.000000,0.195433756,6.399828184,-146.389342969,713.632716109,6.397493641,146.394992782
laser 004,circular_cone,2135.839251,8.000000,0.198415387,6.397055436,-146.291084240,713.628802879,6.394584475,146.296705315
laser 004,circular_cone,2135.832784,9.000000,0.194666555,6.396423701,-146.194229685,713.631734549,6.394120126,146.199877999
laser 004,circular_cone,2135.843973,10.000000,0.185359933,6.397559966,-146.098532233,713.640318488,6.395674647,146.104254008
laser 004,circular_cone,2135.862881,11.000000,0.173623856,6.399469227,-146.003338385,713.651373172,6.398111827,146.009153826
laser 004,circular_cone,2135.859158,12.000000,0.169014076,6.399112267,-145.906659372,713.655180435,6.397961116,145.912509211
laser 004,circular_cone,2135.811262,13.000000,0.178313222,6.394331931,-145.807088215,713.644842413,6.392759200,145.812856778
laser 004,circular_cone,2135.743268,14.000000,0.193940561,6.387539320,-145.706205531,713.628068707,6.385259365,145.711840187
laser 004,circular_cone,2135.698049,15.000000,0.202398137,6.383027408,-145.606816121,713.618586645,6.380363861,145.612376501
laser 004,circular_cone,2135.673766,16.000000,0.204265522,6.380611826,-145.508796757,713.615806785,6.377862160,145.514337668
laser 004,circular_cone,2135.642351,17.000000,0.208379159,6.377482196,-145.410312710,713.610742534,6.374545017,145.415815470
laser 004,circular_cone,2135.621523,18.000000,0.209160873,6.375412600,-145.312520612,713.609066839,6.372438308,145.318012933
laser 004,circular_cone,2135.634209,19.000000,0.199393006,6.376698491,-145.216913432,713.618119947,6.374163278,145.222483051
laser 004,circular_cone,2135.650921,20.000000,0.188358514,6.378387514,-145.121566096,713.628461189,6.376348554,145.127223547
laser 004,circular_cone,2135.635505,21.000000,0.187439642,6.376859748,-145.024124637,713.628514999,6.374860438,145.029785792
laser 004,circular_cone,2135.588603,22.000000,0.196434213,6.372179551,-144.924635054,713.618487024,6.369772413,144.930217467
laser 004,circular_cone,2135.539240,23.000000,0.206204240,6.367253116,-144.824988348,713.607670465,6.364403146,144.830485570
laser 004,circular_cone,2135.502831,24.000000,0.211897071,6.363623714,-144.726186172,713.601000379,6.360514953,144.731632112
laser 004,circular_cone,2135.543335,25.000000,0.193378409,6.367694505,-144.632378659,713.618952911,6.365419823,144.637974674
laser 004,circular_cone,2135.524666,26.000000,0.193488819,6.365841116,-144.534727632,713.617960062,6.363559625,144.540318791
laser 004,circular_cone,2135.470416,27.000000,0.204801337,6.360425577,-144.434770294,713.605574947,6.357631631,144.440263435
laser 004,circular_cone,2135.437281,28.000000,0.209467607,6.357124051,-144.336184332,713.599948952,6.354117652,144.341634729
laser 004,circular_cone,2135.430598,29.000000,0.205807924,6.356470670,-144.239312402,713.602790267,6.353627639,144.244789298
laser 004,circular_cone,2135.423434,30.000000,0.202300696,6.355769134,-144.142408620,713.605476552,6.353082591,144.147910748
laser 004,circular_cone,2135.413608,31.000000,0.199632499,6.354801105,-144.045332046,713.607309576,6.352233176,144.050852428
laser 004,circular_cone,2135.416825,32.000000,0.192859394,6.355138809,-143.949097691,713.613317183,6.352874785,143.954670466
laser 004,circular_cone,2135.431599,33.000000,0.182449012,6.356633512,-143.853607933,713.623023793,6.354837574,143.859263351
laser 004,circular_cone,2135.413167,34.000000,0.182493175,6.354803910,-143.755973070,713.622098457,6.353004155,143.761624184
laser 004,circular_cone,2135.355780,35.000000,0.194801502,6.349074598,-143.655826827,713.608700891,6.346717443,143.661371643
laser 004,circular_cone,2135.299861,36.000000,0.206648216,6.343492473,-143.555778993,713.595772819,6.340598752,143.561221349
laser 004,circular_cone,2135.271861,37.000000,0.209707213,6.340705230,-143.457532371,713.591781592,6.337671610,143.462945352
laser 004,circular_cone,2135.277588,38.000000,0.202150577,6.341294093,-143.361456917,713.598586102,6.338599746,143.366928807
laser 004,circular_cone,2135.303049,39.000000,0.188382750,6.343858402,-143.266648553,713.611707157,6.341783694,143.272231008
laser 004,circular_cone,2135.328230,40.000000,0.174703701,6.346394770,-143.171818738,713.624737915,6.344935692,143.177511020
laser 004,circular_cone,2135.334672,41.000000,0.166924618,6.347055285,-143.075782140,713.631768631,6.345945523,143.081535182
laser 004,circular_cone,2135.317609,42.000000,0.166546204,6.345362773,-142.978235318,713.631273176,6.344268273,142.983987572
laser 004,circular_cone,2135.303688,43.000000,0.165179699,6.343984805,-142.880890171,713.631782585,6.342950166,142.886649855
laser 004,circular_cone,2135.296714,44.000000,0.161627244,6.343302276,-142.783990126,713.634515026,6.342426171,142.789775420
laser 004,circular_cone,2135.291873,45.000000,0.157404328,6.342833274,-142.687225986,713.637929305,6.342145966,142.693042464
laser 004,circular_cone,2135.252804,46.000000,0.163957858,6.338937880,-142.588270487,713.630384450,6.337952937,142.594028529
laser 004,circular_cone,2135.160377,47.000000,0.187308976,6.329701556,-142.485904961,713.605757286,6.327660761,142.491464870
laser 004,circular_cone,2135.094789,48.000000,0.202211332,6.323152191,-142.385261594,713.589722175,6.320436909,142.390693634
laser 004,circular_cone,2135.086877,49.000000,0.198959629,6.322375788,-142.288305746,713.592148888,6.319805465,142.293760895
laser 004,circular_cone,2135.115112,50.000000,0.184330665,6.325217392,-142.193655991,713.606145700,6.323305581,142.199228867
laser 004,circular_cone,2135.136837,51.000000,0.171751586,6.327407476,-142.098587388,713.618057871,6.326061649,142.104260944
laser 004,circular_cone,2135.135878,52.000000,0.166314146,6.327327026,-142.002069969,713.622707370,6.326224820,142.007784811
laser 004,circular_cone,2135.122741,53.000000,0.164711334,6.326027608,-141.904775758,713.623457269,6.324995935,141.910499997
laser 004,circular_cone,2135.104425,54.000000,0.164739902,6.324209805,-141.807151791,713.622548162,6.323175026,141.812871859
laser 004,circular_cone,2135.077976,55.000000,0.167329724,6.321577958,-141.709010884,713.619034427,6.320424464,141.714705481
laser 004,circular_cone,2135.061949,56.000000,0.166639813,6.319989298,-141.611533364,713.618856014,6.318865130,141.617229766
laser 004,circular_cone,2135.078850,57.000000,0.155585402,6.321696482,-141.516147243,713.629217693,6.321069478,141.521931645
laser 004,circular_cone,2135.083943,58.000000,0.148249019,6.322221788,-141.420008946,713.635798357,6.321924123,141.425850427
laser 004,circular_cone,2135.044250,59.000000,0.155012361,6.318264310,-141.321028363,713.628040484,6.317659544,141.326809666
laser 004,circular_cone,2134.989826,60.000000,0.166413681,6.312832538,-141.221116379,713.615566120,6.311711320,141.226798931
laser 004,circular_cone,2134.953938,61.000000,0.171980884,6.309256128,-141.122381890,713.609024720,6.307881803,141.128014211
laser 004,circular_cone,2134.937391,62.000000,0.171460935,6.307615499,-141.024873335,713.608673585,6.306262830,141.030506048
laser 004,circular_cone,2134.932615,63.000000,0.167236785,6.307152959,-140.928109394,713.612089392,6.305989149,140.933773304
laser 004,circular_cone,2134.933001,64.000000,0.161388761,6.307207053,-140.831670831,713.617156575,6.306305401,140.837379444
laser 004,circular_cone,2134.923015,65.000000,0.158806700,6.306223074,-140.734575869,713.618902509,6.305436161,140.740302024
laser 004,circular_cone,2134.881141,66.000000,0.166263413,6.302047675,-140.635467909,713.610439736,6.300922365,140.641128120
laser 004,circular_cone,2134.819885,67.000000,0.179821722,6.295932704,-140.535140007,713.595772119,6.294193583,140.540683530
laser 004,circular_cone,2134.789210,68.000000,0.183754961,6.292878316,-140.436743558,713.590892542,6.290959843,140.442250439
laser 004,circular_cone,2134.794781,69.000000,0.176280467,6.293451227,-140.340631228,713.597613808,6.291868331,140.346196339
laser 004,circular_cone,2134.808639,70.000000,0.166198440,6.294853480,-140.245038697,713.606986737,6.293723860,140.250683723
laser 004,circular_cone,2134.802807,71.000000,0.162315186,6.294285245,-140.148205324,713.610055988,6.293329100,140.153878714
laser 004,circular_cone,2134.758755,72.000000,0.170463435,6.289892155,-140.048969092,713.600890154,6.288566401,140.054570788
laser 004,circular_cone,2134.681387,73.000000,0.189098672,6.282165326,-139.947643199,713.581059929,6.279996598,139.953085987
laser 004,circular_cone,2134.589946,74.000000,0.212162916,6.273030816,-139.845439916,713.556725828,6.269819196,139.850686964
laser 004,circular_cone,2134.503083,75.000000,0.233785772,6.264354998,-139.743530765,713.533857577,6.260165547,139.748594060
laser 004,circular_cone,2134.543433,76.000000,0.215374312,6.268407438,-139.649599396,713.551700960,6.265047244,139.654811877
laser 004,circular_cone,2134.548682,77.000000,0.208010348,6.268947922,-139.553465288,713.558309948,6.265918318,139.558735080
laser 004,circular_cone,2134.518915,78.000000,0.211667669,6.265984847,-139.455138264,713.553711238,6.262788350,139.460373712
laser 004,circular_cone,2134.579612,79.000000,0.186854641,6.272073343,-139.362469636,713.578064423,6.269995059,139.367907507
laser 004,circular_cone,2134.608710,80.000000,0.171987072,6.275000276,-139.267819914,713.592303913,6.273591285,139.273377499
laser 004,circular_cone,2134.592448,81.000000,0.171397374,6.273388375,-139.170333635,713.592024069,6.272004195,139.175892195
laser 004,circular_cone,2134.555949,82.000000,0.177178232,6.269751547,-139.071584586,713.585265967,6.268104622,139.077091142
laser 004,circular_cone,2134.533406,83.000000,0.178567509,6.267511212,-138.973707799,713.582973731,6.265799772,138.979198872
laser 004,circular_cone,2134.535996,84.000000,0.172047445,6.267785667,-138.877397949,713.588724583,6.266366727,138.882939315
laser 004,circular_cone,2134.533633,85.000000,0.167087317,6.267564532,-138.780778159,713.592889130,6.266367679,138.786356847
laser 004,circular_cone,2134.505583,86.000000,0.170213107,6.264773183,-138.682558771,713.588831080,6.263433433,138.688107535
laser 004,circular_cone,2134.498052,87.000000,0.166881712,6.264034942,-138.585616585,713.591339389,6.262843761,138.591189126
laser 004,circular_cone,2134.521901,88.000000,0.153674508,6.266436549,-138.490623884,713.603890439,6.265839716,138.496302331
laser 004,circular_cone,2134.524583,89.000000,0.147130550,6.266720223,-138.394313361,713.609665617,6.266416970,138.400042301
laser 004,circular_cone,2134.466261,90.000000,0.159788883,6.260899897,-138.294215566,713.595913999,6.260023464,138.299835308
laser 004,circular_cone,2134.428466,91.000000,0.165987101,6.257133596,-138.195394612,713.588731711,6.255975582,138.200958880
laser 004,circular_cone,2134.349880,92.000000,0.185024205,6.249286294,-138.094048132,713.568493635,6.247267174,138.099450155
laser 004,circular_cone,2134.322714,93.000000,0.187878798,6.246583667,-137.995891305,713.564711551,6.244433893,138.001265661
laser 004,circular_cone,2134.320724,94.000000,0.182811103,6.246399795,-137.899293367,713.568985626,6.244476967,137.904705940
laser 004,circular_cone,2134.350614,95.000000,0.167710935,6.249405431,-137.804665595,713.583461664,6.248162398,137.810199817
laser 004,circular_cone,2134.400400,96.000000,0.146349116,6.254401832,-137.711263483,713.604305108,6.254121236,137.716971428
laser 004,circular_cone,2134.418696,97.000000,0.134899123,6.256247708,-137.615911366,713.615069273,6.256482146,137.621710604
laser 004,circular_cone,2134.407092,98.000000,0.132861321,6.255101943,-137.518711333,713.616262271,6.255426563,137.524523590
laser 004,circular_cone,2134.382542,99.000000,0.134899424,6.252660878,-137.420712747,713.613310544,6.252891701,137.426504128
laser 004,circular_cone,2134.362352,100.000000,0.135566229,6.250656072,-137.322983716,713.611753296,6.250854996,137.328765625
laser 004,circular_cone,2134.346418,101.000000,0.134894497,6.249077102,-137.225517259,713.611557210,6.249304548,137.231300828
laser 004,circular_cone,2134.307579,102.000000,0.141433129,6.245206506,-137.126641567,713.604029033,6.245137010,137.132366834
laser 004,circular_cone,2134.222088,103.000000,0.162655457,6.236668778,-137.024899704,713.581569283,6.235639542,137.030444555
laser 004,circular_cone,2134.113408,104.000000,0.191174947,6.225811949,-136.921739760,713.551689251,6.223493592,136.927043512
laser 004,circular_cone,2134.025846,105.000000,0.213047638,6.217068372,-136.819884911,713.528568312,6.213760919,136.825002840
laser 004,circular_cone,2133.996467,106.000000,0.216611762,6.214144864,-136.721605687,713.524065060,6.210674736,136.726690051
laser 004,circular_cone,2134.032314,107.000000,0.199651813,6.217745543,-136.627326023,713.540432328,6.215039162,136.632547503
laser 004,circular_cone,2134.086410,108.000000,0.176949272,6.223171846,-136.534160014,713.562639085,6.221488423,136.539566367
laser 004,circular_cone,2134.097791,109.000000,0.167689665,6.224325462,-136.438373310,713.571176008,6.223058206,136.443852742
laser 004,circular_cone,2134.047618,110.000000,0.177802558,6.219321722,-136.338818930,713.560013519,6.217596190,136.344210337
laser 004,circular_cone,2133.990329,111.000000,0.190155445,6.213606379,-136.238832797,713.546573283,6.211321462,136.244117550
laser 004,circular_cone,2133.991423,112.000000,0.184136672,6.213730908,-136.142416607,713.551814733,6.211715873,136.147747489
laser 004,circular_cone,2134.028281,113.000000,0.166863953,6.217432832,-136.048182123,713.568500002,6.216195664,136.053652722
laser 004,circular_cone,2134.023314,114.000000,0.162754509,6.216951113,-135.951392010,713.571799909,6.215897643,135.956892860
laser 004,circular_cone,2133.959429,115.000000,0.177187715,6.210576012,-135.851009860,713.556244384,6.208869258,135.856386757
laser 004,circular_cone,2133.880435,116.000000,0.196375704,6.202690037,-135.749711992,713.535853931,6.200115374,135.754925396
laser 004,circular_cone,2133.837614,117.000000,0.204181278,6.198422301,-135.650621429,713.527037938,6.195493514,135.655765996
laser 004,circular_cone,2133.844544,118.000000,0.196332770,6.199130447,-135.554558993,713.534140076,6.196554135,135.559764905
laser 004,circular_cone,2133.872685,119.000000,0.181810529,6.201960081,-135.459783793,713.548028491,6.200037485,135.465106550
laser 004,circular_cone,2133.891423,120.000000,0.170247947,6.203849320,-135.364433906,713.558907324,6.202446848,135.369848895
laser 004,circular_cone,2133.885097,121.000000,0.166573733,6.203231667,-135.267560066,713.561764772,6.201993250,135.273001686
laser 004,circular_cone,2133.864838,122.000000,0.167285206,6.201220435,-135.169840569,713.560162600,6.199948112,135.175272349
laser 004,circular_cone,2133.849120,123.000000,0.166568719,6.199663406,-135.072396790,713.560012484,6.198421632,135.077830606
laser 004,circular_cone,2133.825348,124.000000,0.168387803,6.197300846,-134.974465421,713.557284071,6.195975170,134.979880186
laser 004,circular_cone,2133.780018,125.000000,0.176991834,6.192782206,-134.875230393,713.547656366,6.191066367,134.880569683
laser 004,circular_cone,2133.734248,126.000000,0.185735087,6.188219701,-134.775971543,713.537887133,6.186107417,134.781234201
laser 004,circular_cone,2133.713637,127.000000,0.186562471,6.186173426,-134.678235631,713.536167225,6.184022004,134.683487486
laser 004,circular_cone,2133.712046,128.000000,0.181405922,6.186029323,-134.581648661,713.540532118,6.184108869,134.586939476
laser 004,circular_cone,2133.715196,129.000000,0.174758535,6.186359367,-134.485346644,713.546412981,6.184737175,134.490688816
laser 004,circular_cone,2133.704444,130.000000,0.172486791,6.185299082,-134.388204950,713.547844472,6.183777644,134.393562093
laser 004,circular_cone,2133.674966,131.000000,0.176108690,6.182366050,-134.289934772,713.543283032,6.180679336,134.295257873
laser 004,circular_cone,2133.650844,132.000000,0.178046222,6.179968696,-134.191988393,713.540434366,6.178192738,134.197291459
laser 004,circular_cone,2133.658447,133.000000,0.170001914,6.180744042,-134.095951429,713.547735727,6.179329401,134.101317470
laser 004,circular_cone,2133.688628,134.000000,0.154853660,6.183777406,-134.001269916,713.562260703,6.183044744,134.006758008
laser 004,circular_cone,2133.700644,135.000000,0.145422390,6.184994163,-133.905493341,713.570972379,6.184685425,133.911055942
laser 004,circular_cone,2133.689812,136.000000,0.143182197,6.183925871,-133.808342887,713.572371857,6.183716465,133.813920197
laser 004,circular_cone,2133.677321,137.000000,0.141465148,6.182691666,-133.711092627,713.573239394,6.182557977,133.716680294
laser 004,circular_cone,2133.662548,138.000000,0.140467298,6.181229242,-133.613705433,713.573375637,6.181138808,133.619297477
laser 004,circular_cone,2133.623597,139.000000,0.147079055,6.177348837,-133.514870041,713.565774149,6.176958173,133.520403181
laser 004,circular_cone,2133.560213,140.000000,0.161380124,6.171025165,-133.414574468,713.550353911,6.169987190,133.419984760
laser 004,circular_cone,2133.490558,141.000000,0.177654745,6.164074714,-133.313908306,713.532926949,6.162300346,133.319179338
laser 004,circular_cone,2133.496825,142.000000,0.170040709,6.164716340,-133.217784362,713.539790886,6.163283871,133.223114791
laser 004,circular_cone,2133.433296,143.000000,0.184389346,6.158378735,-133.117490548,713.524322422,6.156296809,133.122697735
laser 004,circular_cone,2133.391611,144.000000,0.191865448,6.154225558,-133.018504651,713.515842234,6.151804389,133.023645746
laser 004,circular_cone,2133.390283,145.000000,0.186644653,6.154107680,-132.921927586,713.520272697,6.151920384,132.927108178
laser 004,circular_cone,2133.413825,146.000000,0.173599608,6.156476568,-132.826831311,713.532659105,6.154876320,132.832116465
laser 004,circular_cone,2133.419214,147.000000,0.166267263,6.157030353,-132.730650917,713.539236660,6.155759291,132.735993126
laser 004,circular_cone,2133.400753,148.000000,0.166440488,6.155199328,-132.633049764,713.538182340,6.153918664,132.638386614
laser 004,circular_cone,2133.390697,149.000000,0.163970107,6.154208741,-132.535948728,713.539816131,6.153037803,132.541302202
laser 004,circular_cone,2133.407654,150.000000,0.153000889,6.155919238,-132.440452268,713.550091773,6.155241650,132.445893042
laser 004,circular_cone,2133.420809,151.000000,0.143228877,6.157249603,-132.344727417,713.559150062,6.157011325,132.350245534
laser 004,circular_cone,2133.410001,152.000000,0.140998301,6.156183808,-132.247578544,713.560540036,6.156044433,132.253111291
laser 004,circular_cone,2133.383390,153.000000,0.143741524,6.153537823,-132.149492536,713.556872557,6.153272842,132.154998553
laser 004,circular_cone,2133.346020,154.000000,0.149871214,6.149816083,-132.050770301,713.549761674,6.149272638,132.056221425
laser 004,circular_cone,2133.309757,155.000000,0.155653483,6.146205118,-131.952115675,713.543004090,6.145398891,131.957514795
laser 004,circular_cone,2133.265329,156.000000,0.164005755,6.141777869,-131.852980089,713.533633315,6.140592855,131.858305835
laser 004,circular_cone,2133.215557,157.000000,0.174040226,6.136816462,-131.753531385,713.522552091,6.135176730,131.758769766
laser 004,circular_cone,2133.188501,158.000000,0.176928310,6.134126300,-131.655427422,713.518737474,6.132354425,131.660637868
laser 004,circular_cone,2133.191406,159.000000,0.170390759,6.134431595,-131.559092724,713.524507010,6.132953035,131.564353618
laser 004,circular_cone,2133.196181,160.000000,0.163265837,6.134923859,-131.462866843,713.530873796,6.133765127,131.468183069
laser 004,circular_cone,2133.173173,161.000000,0.164883569,6.132638414,-131.365002148,713.528350946,6.131404882,131.370301004
laser 004,circular_cone,2133.129103,162.000000,0.173129104,6.128247314,-131.265898076,713.519088897,6.126639815,131.271124446
laser 004,circular_cone,2133.092480,163.000000,0.179032457,6.124600833,-131.167234853,713.512208441,6.122725090,131.172408214
laser 004,circular_cone,2133.075500,164.000000,0.178756696,6.122918146,-131.069728507,713.511610998,6.121053073,131.074900243
laser 004,circular_cone,2133.085082,165.000000,0.170124999,6.123890899,-130.973782937,713.519509953,6.122413668,130.979022537
laser 004,circular_cone,2133.118597,166.000000,0.153964053,6.127256365,-130.879240407,713.535064694,6.126506835,130.884610481
laser 004,circular_cone,2133.143066,167.000000,0.140649915,6.129717564,-130.784163138,713.547724768,6.129567234,130.789640014
laser 004,circular_cone,2133.135207,168.000000,0.137508655,6.128946706,-130.687187377,713.550041008,6.128936391,130.692686459
laser 004,circular_cone,2133.125919,169.000000,0.134818102,6.128032980,-130.590127383,713.551898980,6.128142337,130.595644922
laser 004,circular_cone,2133.122905,170.000000,0.130154482,6.127746518,-130.493434250,713.555763183,6.128064607,130.498986655
laser 004,circular_cone,2133.096977,171.000000,0.132701903,6.125169177,-130.395399870,713.552295209,6.125370505,130.400927174
laser 004,circular_cone,2133.019256,172.000000,0.151546503,6.117414015,-130.294339439,713.532256307,6.116762957,130.299706119
laser 004,circular_cone,2132.913466,173.000000,0.179221787,6.106853480,-130.191645672,713.503238452,6.104951435,130.196778293
laser 004,circular_cone,2132.831223,174.000000,0.199488202,6.098647436,-130.090334340,713.481753997,6.095828827,130.095294515
laser 004,circular_cone,2132.809614,175.000000,0.200680338,6.096502279,-129.992564412,713.479664249,6.093628086,129.997510757
laser 004,circular_cone,2132.834141,176.000000,0.187359680,6.098968591,-129.897483141,713.492331045,6.096693896,129.902536343
laser 004,circular_cone,2132.850097,177.000000,0.176736182,6.100578249,-129.801899578,713.502255377,6.098781307,129.807037208
laser 004,circular_cone,2132.831896,178.000000,0.176859532,6.098773696,-129.704326282,713.501252398,6.096969414,129.709458971
laser 004,circular_cone,2132.817172,179.000000,0.175890087,6.097316702,-129.606955504,713.501360584,6.095554407,129.612092340
laser 004,circular_cone,2132.835984,180.000000,0.164371128,6.099211844,-129.511532914,713.512195419,6.097967723,129.516761624
laser 004,circular_cone,2132.877458,181.000000,0.145723011,6.103372355,-129.417423040,713.530279087,6.102968205,129.422802909
laser 004,circular_cone,2132.885407,182.000000,0.137623299,6.104181755,-129.321363767,713.537637252,6.104141440,129.326807076
laser 004,circular_cone,2132.844644,183.000000,0.144850784,6.100121818,-129.222479112,713.529410948,6.099753498,129.227858405
laser 004,circular_cone,2132.793113,184.000000,0.155466880,6.094985664,-129.122973220,713.517739195,6.094136382,129.128260318
laser 004,circular_cone,2132.754235,185.000000,0.162102961,6.091114395,-129.024202954,713.510114300,6.089963802,129.029430953
laser 004,circular_cone,2132.711212,186.000000,0.170043929,6.086828934,-128.925195237,713.501162657,6.085318131,128.930353288
laser 004,circular_cone,2132.634405,187.000000,0.188613570,6.079167068,-128.824238109,713.481404027,6.076816296,128.829237826
laser 004,circular_cone,2132.575390,188.000000,0.201586439,6.073283745,-128.724313885,713.467336144,6.070345633,128.729201810
laser 004,circular_cone,2132.568896,189.000000,0.198038829,6.072649415,-128.627423557,713.470065973,6.069869667,128.632337070
laser 004,circular_cone,2132.582878,190.000000,0.188051134,6.074061442,-128.531712966,713.479343945,6.071730753,128.536705620
laser 004,circular_cone,2132.594131,191.000000,0.178922811,6.075200765,-128.435842791,713.487748124,6.073280344,128.440907440
laser 004,circular_cone,2132.596397,192.000000,0.172622591,6.075441930,-128.339453160,713.493276758,6.073804122,128.344566287
laser 004,circular_cone,2132.608538,193.000000,0.163216810,6.076670044,-128.243630142,713.501963048,6.075455030,128.248817572
laser 004,circular_cone,2132.644074,194.000000,0.146451822,6.080236441,-128.149149574,713.518131972,6.079776401,128.154472503
laser 004,circular_cone,2132.663424,195.000000,0.134779645,6.082185191,-128.053735165,713.529122652,6.082250246,128.059151244
laser 004,circular_cone,2132.625900,196.000000,0.141001694,6.078449465,-127.955053818,713.521919022,6.078231901,127.960414243
laser 004,circular_cone,2132.549737,197.000000,0.159380279,6.070852152,-127.854158863,713.502355048,6.069803247,127.859362546
laser 004,circular_cone,2132.472613,198.000000,0.178061109,6.063159248,-127.753214526,713.482483827,6.061265360,127.758258954
laser 004,circular_cone,2132.492560,199.000000,0.166206543,6.065167334,-127.657833447,713.493660018,6.063806774,127.662972541
laser 004,circular_cone,2132.482386,200.000000,0.163828384,6.064165259,-127.560726221,713.495200926,6.062910281,127.565881179
laser 004,circular_cone,2132.465581,201.000000,0.163537291,6.062500515,-127.463239624,713.494619797,6.061256912,127.468393091
laser 004,circular_cone,2132.410749,202.000000,0.175209554,6.057035646,-127.363581139,713.481874799,6.055263415,127.368633632
laser 004,circular_cone,2132.331420,203.000000,0.194587991,6.049123122,-127.262528207,713.461294514,6.046474421,127.267415644
laser 004,circular_cone,2132.271856,204.000000,0.207749508,6.043185977,-127.162608393,713.447035411,6.039941426,127.167382473
laser 004,circular_cone,2132.272870,205.000000,0.201857815,6.043301887,-127.066144625,713.452148874,6.040321514,127.070963787
laser 004,circular_cone,2132.322734,206.000000,0.180601362,6.048299038,-126.972461240,713.472884574,6.046276379,126.977453253
laser 004,circular_cone,2132.373900,207.000000,0.158935317,6.053426576,-126.878846597,713.494036698,6.052380121,126.884014865
laser 004,circular_cone,2132.408063,208.000000,0.142618197,6.056855221,-126.784259667,713.509750243,6.056543529,126.789559712
laser 004,circular_cone,2132.412775,209.000000,0.135566757,6.057340795,-126.687995272,713.516042856,6.057345631,126.693350042
laser 004,circular_cone,2132.380790,210.000000,0.140060937,6.054159102,-126.589645808,713.510596436,6.053959318,126.594959296
laser 004,circular_cone,2132.330784,211.000000,0.150225139,6.049176649,-126.490275660,713.499385046,6.048516311,126.495500717
laser 004,circular_cone,2132.282334,212.000000,0.159900564,6.044349856,-126.390996975,713.488670667,6.043251027,126.396137665
laser 004,circular_cone,2132.231761,213.000000,0.170244514,6.039311097,-126.291601170,713.477276609,6.037743602,126.296651934
laser 004,circular_cone,2132.194738,214.000000,0.176327019,6.035626397,-126.192975508,713.470215410,6.033782590,126.197971782
laser 004,circular_cone,2132.177397,215.000000,0.176219556,6.033908330,-126.095464915,713.469447873,6.032067615,126.100458173
laser 004,circular_cone,2132.188372,216.000000,0.167206348,6.035019526,-125.999554667,713.477735229,6.033583891,126.004618966
laser 004,circular_cone,2132.246081,217.000000,0.143493043,6.040800494,-125.906281132,713.500968816,6.040433475,125.911538712
laser 004,circular_cone,2132.269697,218.000000,0.130504738,6.043174979,-125.811077928,713.513297801,6.043392470,125.816439604
laser 004,circular_cone,2132.199594,219.000000,0.146999449,6.036184675,-125.710587692,713.495650174,6.035655867,125.715808295
laser 004,circular_cone,2132.138830,220.000000,0.160556694,6.030127854,-125.610628654,713.480989247,6.028985341,125.615732612
laser 004,circular_cone,2132.148410,221.000000,0.151987566,6.031099661,-125.514633312,713.488825119,6.030342186,125.519804619
laser 004,circular_cone,2132.204406,222.000000,0.128818113,6.036709409,-125.421246750,713.511505689,6.036996003,125.426606815
laser 004,circular_cone,2132.224168,223.000000,0.117047453,6.038698759,-125.325817743,713.522596656,6.039514902,125.331271778
laser 004,circular_cone,2132.177620,224.000000,0.126138016,6.034062186,-125.226661753,713.512477275,6.034466242,125.232036287
laser 004,circular_cone,2132.103998,225.000000,0.143745920,6.026720625,-125.125989472,713.493698066,6.026328138,125.131213679
laser 004,circular_cone,2132.055394,226.000000,0.153484465,6.021879035,-125.026725350,713.482919956,6.021045214,125.031864667
laser 004,circular_cone,2132.066115,227.000000,0.144562994,6.022964790,-124.930788017,713.491114118,6.022531912,124.935997613
laser 004,circular_cone,2132.096266,228.000000,0.129530389,6.025991925,-124.835936366,713.505521654,6.026235835,124.841267059
laser 004,circular_cone,2132.104527,229.000000,0.121384521,6.026831964,-124.739856426,713.512927227,6.027441810,124.745250948
laser 004,circular_cone,2132.107924,230.000000,0.114769747,6.027186020,-124.643502724,713.518776096,6.028092690,124.648948343
laser 004,circular_cone,2132.105869,231.000000,0.109871109,6.026995328,-124.546843042,713.522880127,6.028121361,124.552325488
laser 004,circular_cone,2132.080464,232.000000,0.112319073,6.024471559,-124.448879175,713.519514690,6.025485342,124.454337358
laser 004,circular_cone,2132.010173,233.000000,0.128887917,6.017463131,-124.348413277,713.501792241,6.017727275,124.353729774
laser 004,circular_cone,2131.901357,234.000000,0.157574679,6.006606297,-124.245806034,713.471749286,6.005573823,124.250880081
laser 004,circular_cone,2131.808539,235.000000,0.181228342,5.997348510,-124.144098178,713.446823684,5.995246603,124.148971627
laser 004,circular_cone,2131.792817,236.000000,0.180634335,5.995792495,-124.046685853,713.446551264,5.993715648,124.051560335
laser 004,circular_cone,2131.812095,237.000000,0.169033279,5.997732771,-123.951219082,713.457469942,5.996177823,123.956186126
laser 004,circular_cone,2131.803674,238.000000,0.166145142,5.996906079,-123.854211127,713.459530030,5.995479745,123.859198281
laser 004,circular_cone,2131.772518,239.000000,0.170408751,5.993808304,-123.755941078,713.454318832,5.992187768,123.760888872
laser 004,circular_cone,2131.753629,240.000000,0.170815190,5.991935953,-123.658352806,713.453029309,5.990295321,123.663293315
laser 004,circular_cone,2131.779380,241.000000,0.157182461,5.994522818,-123.563238393,713.466013633,5.993495792,123.568288358
laser 004,circular_cone,2131.800378,242.000000,0.145045409,5.996634964,-123.467857482,713.477477270,5.996154032,123.473004467
laser 004,circular_cone,2131.787016,243.000000,0.143716792,5.995314692,-123.370572727,713.477951831,5.994891983,123.375726854
laser 004,circular_cone,2131.748826,244.000000,0.150198502,5.991514251,-123.271915540,713.470485569,5.990797221,123.277011863
laser 004,circular_cone,2131.706731,245.000000,0.157909324,5.987323837,-123.173044883,713.461769692,5.986257007,123.178073183
laser 004,circular_cone,2131.698189,246.000000,0.155067969,5.986485093,-123.076028504,713.463782340,5.985544768,123.081076525
laser 004,circular_cone,2131.697051,247.000000,0.149898959,5.986385936,-122.979420008,713.468161546,5.985677183,122.984507107
laser 004,circular_cone,2131.679615,248.000000,0.149857161,5.984658779,-122.881912409,713.467327894,5.983950166,122.886995951
laser 004,circular_cone,2131.648321,249.000000,0.154175081,5.981547398,-122.783642197,713.462061717,5.980642136,122.788685929
laser 004,circular_cone,2131.617922,250.000000,0.158212503,5.978525475,-122.685422816,713.457080754,5.977436225,122.690429071
laser 004,circular_cone,2131.562663,251.000000,0.170069535,5.973020562,-122.585838475,713.444149608,5.971394361,122.590742230
laser 004,circular_cone,2131.518667,252.000000,0.178385025,5.968640776,-122.486876472,713.434819202,5.966637485,122.491707177
laser 004,circular_cone,2131.465967,253.000000,0.189438587,5.963391832,-122.387439572,713.422705038,5.960887859,122.392174458
laser 004,circular_cone,2131.468998,254.000000,0.182966590,5.963708986,-122.291061992,713.428409133,5.961495402,122.295846792
laser 004,circular_cone,2131.491333,255.000000,0.170424637,5.965954136,-122.195740670,713.440284538,5.964304926,122.200625857
laser 004,circular_cone,2131.491841,256.000000,0.164748088,5.966019336,-122.099221319,713.445179906,5.964624611,122.104149806
laser 004,circular_cone,2131.480251,257.000000,0.162877426,5.964876239,-122.002038971,713.446205855,5.963564207,122.006979109
laser 004,circular_cone,2131.507028,258.000000,0.148941219,5.967565128,-121.906953658,713.459498783,5.966880407,121.912005778
laser 004,circular_cone,2131.490565,259.000000,0.148605342,5.965935317,-121.809503202,713.458964345,5.965264013,121.814554212
laser 004,circular_cone,2131.516648,260.000000,0.134889208,5.968554959,-121.714374987,713.472033515,5.968501032,121.719536147
laser 004,circular_cone,2131.474029,261.000000,0.142782038,5.964312711,-121.615496913,713.463133059,5.963900775,121.620588539
laser 004,circular_cone,2131.492599,262.000000,0.131431004,5.966181947,-121.519955479,713.473797660,5.966280632,121.525137590
laser 004,circular_cone,2131.438246,263.000000,0.143016499,5.960767806,-121.420441044,713.461142973,5.960341803,121.425522915
laser 004,circular_cone,2131.393850,264.000000,0.151471129,5.956348298,-121.321471933,713.451671444,5.955538928,121.326479600
laser 004,circular_cone,2131.360904,265.000000,0.156325622,5.953072424,-121.223127944,713.445860160,5.952042190,121.228091342
laser 004,circular_cone,2131.352472,266.000000,0.153471632,5.952244780,-121.126117036,713.447886000,5.951341629,121.131100263
laser 004,circular_cone,2131.374435,267.000000,0.141059472,5.954452692,-121.030755154,713.459629477,5.954108061,121.035837690
laser 004,circular_cone,2131.400909,268.000000,0.127229294,5.957111207,-120.935634874,713.472814618,5.957389103,120.940828511
laser 004,circular_cone,2131.400725,269.000000,0.121784351,5.957107323,-120.839066794,713.477474644,5.957629253,120.844301805
laser 004,circular_cone,2131.376789,270.000000,0.123810935,5.954731231,-120.741211686,713.474538533,5.955159946,120.746425944
laser 004,circular_cone,2131.356075,271.000000,0.124825215,5.952676958,-120.643531824,713.472631636,5.953058152,120.648733747
laser 004,circular_cone,2131.344873,272.000000,0.122848922,5.951572682,-120.546366758,713.473765207,5.952041343,120.551581213
laser 004,circular_cone,2131.318079,273.000000,0.125777606,5.948911235,-120.448359459,713.469912026,5.949245963,120.453545660
laser 004,circular_cone,2131.261463,274.000000,0.138086413,5.943271620,-120.348744148,713.456522345,5.943049015,120.353824097
laser 004,circular_cone,2131.181330,275.000000,0.157791446,5.935283851,-120.247864849,713.435613174,5.934170062,120.252777045
laser 004,circular_cone,2131.093171,276.000000,0.180020131,5.926495174,-120.146559306,713.412138347,5.924376290,120.151282765
laser 004,circular_cone,2131.030763,277.000000,0.194151154,5.920278209,-120.046646501,713.396896248,5.917519742,120.051248557
laser 004,circular_cone,2131.042499,278.000000,0.184968737,5.921464369,-119.950725252,713.405356257,5.919118642,119.955399761
laser 004,circular_cone,2131.116306,279.000000,0.156268040,5.928848452,-119.858137319,713.433659875,5.927796481,119.863046582
laser 004,circular_cone,2131.169318,280.000000,0.134106288,5.934156503,-119.764425514,713.455315514,5.934103133,119.769515157
laser 004,circular_cone,2131.179696,281.000000,0.125353056,5.935207303,-119.668420594,713.463339143,5.935547302,119.673579122
laser 004,circular_cone,2131.175529,282.000000,0.121175233,5.934805639,-119.571633875,713.466711116,5.935332481,119.576823243
laser 004,circular_cone,2131.181841,283.000000,0.113702785,5.935450430,-119.475407725,713.473432623,5.936312830,119.480655329
laser 004,circular_cone,2131.197694,284.000000,0.103230559,5.937048039,-119.379690593,713.483203892,5.938381399,119.385021375
laser 004,circular_cone,2131.175033,285.000000,0.104872539,5.934799511,-119.281911143,713.480659122,5.936057022,119.287224373
laser 004,circular_cone,2131.107191,286.000000,0.120725146,5.928039274,-119.181718229,713.463667010,5.928579497,119.186895742
laser 004,circular_cone,2131.023031,287.000000,0.141709650,5.919650020,-119.080659062,713.441457574,5.919241311,119.085658186
laser 004,circular_cone,2130.963532,288.000000,0.154938913,5.913723579,-118.980921823,713.427132629,5.912715995,118.985807045
laser 004,circular_cone,2130.943610,289.000000,0.155723447,5.911748859,-118.883298104,713.425459741,5.910704130,118.888172903
laser 004,circular_cone,2130.951973,290.000000,0.147614482,5.912598249,-118.787181308,713.432828491,5.911917811,118.792119637
laser 004,circular_cone,2130.972974,291.000000,0.135532165,5.914709529,-118.691735177,713.444236763,5.914572731,118.696770074
laser 004,circular_cone,2130.981474,292.000000,0.127381996,5.915572657,-118.595621440,713.451647399,5.915802009,118.600720209
laser 004,circular_cone,2130.967610,293.000000,0.126265945,5.914202777,-118.498317707,713.451906797,5.914480776,118.503421858
laser 004,circular_cone,2130.946873,294.000000,0.127312417,5.912146658,-118.400649214,713.449967684,5.912375690,118.405740766
laser 004,circular_cone,2130.925074,295.000000,0.128693943,5.909984526,-118.302925080,713.447687963,5.910149468,118.308001246
laser 004,circular_cone,2130.907419,296.000000,0.128773361,5.908236175,-118.205421334,713.446732050,5.908395803,118.210492943
laser 004,circular_cone,2130.900793,297.000000,0.125385524,5.907589018,-118.108502001,713.449301130,5.907899836,118.113597882
laser 004,circular_cone,2130.892297,298.000000,0.122586851,5.906755155,-118.011483182,713.451271250,5.907190571,118.016598437
laser 004,circular_cone,2130.872511,299.000000,0.123339727,5.904794067,-117.913867142,713.449630728,5.905193770,117.918972240
laser 004,circular_cone,2130.852126,300.000000,0.124282057,5.902773194,-117.816220069,713.447797619,5.903128635,117.821313434
laser 004,circular_cone,2130.837613,301.000000,0.123378890,5.901338607,-117.718883551,713.447840743,5.901733087,117.723980529
laser 004,circular_cone,2130.822811,302.000000,0.122567705,5.899875178,-117.621531936,713.447790373,5.900304545,117.626631763
laser 004,circular_cone,2130.811170,303.000000,0.120763573,5.898727350,-117.524347036,713.448749490,5.899236425,117.529457968
laser 004,circular_cone,2130.815074,304.000000,0.114072029,5.899131534,-117.427980396,713.454677350,5.899940925,117.433143073
laser 004,circular_cone,2130.825902,305.000000,0.105204032,5.900227031,-117.331976523,713.462817873,5.901434978,117.337209042
laser 004,circular_cone,2130.816579,306.000000,0.102674223,5.899310635,-117.234911473,713.464514774,5.900631047,117.240161131
laser 004,circular_cone,2130.775598,307.000000,0.110101353,5.895233524,-117.136183596,713.456089130,5.896216964,117.141367600
laser 004,circular_cone,2130.696336,308.000000,0.129567319,5.887334811,-117.035449677,713.435424456,5.887437872,117.040467924
laser 004,circular_cone,2130.590169,309.000000,0.157493004,5.876750829,-116.933311416,713.406159437,5.875591657,116.938093564
laser 004,circular_cone,2130.574630,310.000000,0.156922270,5.875214025,-116.835928211,713.405864819,5.874078890,116.840711209
laser 004,circular_cone,2130.544811,311.000000,0.160842661,5.872251802,-116.737797953,713.401004414,5.870937984,116.742544458
laser 004,circular_cone,2130.561748,312.000000,0.150062712,5.873956792,-116.642113947,713.411088809,5.873127834,116.646946193
laser 004,circular_cone,2130.585575,313.000000,0.137117112,5.876349617,-116.546787359,713.423374857,5.876103274,116.551723354
laser 004,circular_cone,2130.531949,314.000000,0.148526820,5.871010908,-116.447414369,713.410900679,5.870247831,116.452251597
laser 004,circular_cone,2130.591317,315.000000,0.124407698,5.876951539,-116.353938565,713.434546004,5.877275427,116.358972449
laser 004,circular_cone,2130.573298,316.000000,0.124623490,5.875167161,-116.256423401,713.433451867,5.875479586,116.261451597
laser 004,circular_cone,2130.564892,317.000000,0.121817563,5.874342407,-116.159409273,713.435429697,5.874779763,116.164456905
laser 004,circular_cone,2130.564526,318.000000,0.116484523,5.874320246,-116.062813082,713.439976655,5.874996603,116.067901164
laser 004,circular_cone,2130.578527,319.000000,0.106634687,5.875732290,-115.966962713,713.449115481,5.876851527,115.972128803
laser 004,circular_cone,2130.530399,320.000000,0.116322943,5.870942312,-115.867882829,713.438391533,5.871622520,115.872964467
laser 004,circular_cone,2130.594791,321.000000,0.090629062,5.877384694,-115.774645822,713.463637694,5.879222950,115.779937211
laser 004,circular_cone,2130.657029,322.000000,0.065612051,5.883612473,-115.681290636,713.488195698,5.886578224,115.686786148
laser 004,circular_cone,2130.662336,323.000000,0.058499858,5.884156756,-115.584978972,713.494551371,5.887441817,115.590529728
laser 004,circular_cone,2130.595946,324.000000,0.073937053,5.877543267,-115.484953672,713.477983052,5.880129806,115.490372174
laser 004,circular_cone,2130.480338,325.000000,0.104851774,5.866017025,-115.382387374,713.445680159,5.867206418,115.387544928
laser 004,circular_cone,2130.394364,326.000000,0.126446742,5.857449706,-115.281361942,713.422851920,5.857662628,115.286336040
laser 004,circular_cone,2130.288185,327.000000,0.154393980,5.846866399,-115.179299985,713.393565980,5.845816122,115.184037810
laser 004,circular_cone,2130.284854,328.000000,0.150004740,5.846548251,-115.082551858,713.397153648,5.845694377,115.087322287
laser 004,circular_cone,2130.333855,329.000000,0.129162283,5.851453225,-114.988500304,713.417467778,5.851538418,114.993440145
laser 004,circular_cone,2130.373617,330.000000,0.111225028,5.855436287,-114.893967687,713.434828434,5.856329413,114.899052783
laser 004,circular_cone,2130.403942,331.000000,0.096255642,5.858477560,-114.798944962,713.449171918,5.860044656,114.804150635
laser 004,circular_cone,2130.434089,332.000000,0.081342826,5.861501185,-114.703909407,713.463457878,5.863739698,114.709235188
laser 004,circular_cone,2130.451479,333.000000,0.070442399,5.863251489,-114.608214759,713.473664820,5.865980308,114.613627284
laser 004,circular_cone,2130.388636,334.000000,0.084773935,5.856992931,-114.508398859,713.458220929,5.859073139,114.513688327
laser 004,circular_cone,2130.301940,335.000000,0.106606292,5.848353881,-114.407364150,713.435151764,5.849446906,114.412468191
laser 004,circular_cone,2130.258868,336.000000,0.114721686,5.844069296,-114.308571400,713.426027313,5.844794294,114.313604070
laser 004,circular_cone,2130.238593,337.000000,0.115669940,5.842060076,-114.210948446,713.424188995,5.842740557,114.215969340
laser 004,circular_cone,2130.222603,338.000000,0.115271959,5.840478540,-114.113545343,713.423719277,5.841175270,114.118565656
laser 004,circular_cone,2130.202706,339.000000,0.116103550,5.838507086,-114.015942854,713.421999604,5.839164566,114.020952361
laser 004,circular_cone,2130.187419,340.000000,0.115486733,5.836995742,-113.918576404,713.421752395,5.837679349,113.923587149
laser 004,circular_cone,2130.180995,341.000000,0.112084262,5.836368951,-113.821662379,713.424337079,5.837204426,113.826697523
laser 004,circular_cone,2130.176587,342.000000,0.108049001,5.835943366,-113.724850581,713.427565065,5.836959271,113.729915388
laser 004,circular_cone,2130.181669,343.000000,0.101030860,5.836464913,-113.628521431,713.433825426,5.837795889,113.633640703
laser 004,circular_cone,2130.204168,344.000000,0.088537108,5.838724774,-113.533077131,713.445652235,5.840617980,113.538296396
laser 004,circular_cone,2130.234043,345.000000,0.073724702,5.841720898,-113.438004889,713.459836147,5.844280992,113.443343427
laser 004,circular_cone,2130.244454,346.000000,0.065033659,5.842774415,-113.341940083,713.467797154,5.845725093,113.347346996
laser 004,circular_cone,2130.211912,347.000000,0.069850708,5.839540832,-113.243692814,713.462026040,5.842272367,113.249055784
laser 004,circular_cone,2130.153541,348.000000,0.082790621,5.833729474,-113.144137309,713.447997392,5.835875219,113.149388796
laser 004,circular_cone,2130.117305,349.000000,0.088771046,5.830127429,-113.045707528,713.441043687,5.832001519,113.050905399
laser 004,circular_cone,2130.142545,350.000000,0.075421958,5.832660798,-112.950392324,713.453740034,5.835135727,112.955697300
laser 004,circular_cone,2130.169634,351.000000,0.061492149,5.835378797,-112.855167417,713.467026719,5.838480779,112.860584328
laser 004,circular_cone,2130.136846,352.000000,0.066392029,5.832120796,-112.756912599,713.461171532,5.834999898,112.762284880
laser 004,circular_cone,2130.072641,353.000000,0.081171757,5.825727457,-112.657073045,713.445272749,5.827937725,112.662318545
laser 004,circular_cone,2130.008902,354.000000,0.095805315,5.819380933,-112.557261634,713.429522616,5.820928964,112.562381569
laser 004,circular_cone,2129.963339,355.000000,0.104724485,5.814848476,-112.458371002,713.419581645,5.815992207,112.463412887
laser 004,circular_cone,2129.949546,356.000000,0.103655655,5.813486413,-112.361083318,713.419794253,5.814676680,112.366130202
laser 004,circular_cone,2129.971965,357.000000,0.091202198,5.815737945,-112.265617938,713.431580179,5.817488627,112.270764483
laser 004,circular_cone,2129.989260,358.000000,0.080360668,5.817478209,-112.169891929,713.441727457,5.819716548,112.175124731
laser 004,circular_cone,2126.986892,564.000000,-0.064801221,5.521085807,-92.124408140,713.409686902,5.529532652,92.130050106
laser 004,circular_cone,2126.920894,565.000000,-0.049227007,5.514525438,-92.025004673,713.392988892,5.522267672,92.030513302
laser 004,circular_cone,2126.781858,566.000000,-0.010700211,5.500689931,-91.922598767,713.352963837,5.506691533,91.927783239
laser 004,circular_cone,2126.725746,567.000000,0.001767101,5.495115309,-91.823614926,713.339423569,5.500552540,91.828691894
laser 004,circular_cone,2126.726184,568.000000,-0.003534339,5.495173437,-91.726958320,713.343941998,5.500848333,91.732075506
laser 004,circular_cone,2126.731084,569.000000,-0.010236796,5.495676016,-91.630483799,713.349884308,5.501651815,91.635652852
laser 004,circular_cone,2126.733950,570.000000,-0.016299019,5.495976010,-91.533924463,713.355175946,5.502223815,91.539140059
laser 004,circular_cone,2126.737170,571.000000,-0.022471400,5.496311279,-91.437378375,713.360579546,5.502836062,91.442641431
laser 004,circular_cone,2126.740647,572.000000,-0.028723460,5.496672160,-91.340841523,713.366064131,5.503477518,91.346152700
laser 004,circular_cone,2126.729842,573.000000,-0.030486298,5.495610450,-91.243719674,713.366986287,5.502493751,91.249041652
laser 004,circular_cone,2126.692109,574.000000,-0.023785968,5.491866561,-91.145498427,713.359307280,5.498445799,91.150760846
laser 004,circular_cone,2126.638803,575.000000,-0.012191127,5.486571682,-91.046644428,713.346653988,5.492625934,91.051806596
laser 004,circular_cone,2126.614729,576.000000,-0.009780991,5.484188450,-90.948984891,713.343335208,5.490132288,90.954123168
laser 004,circular_cone,2126.631498,577.000000,-0.020203830,5.485873175,-90.852988435,713.353058658,5.492285849,90.858209509
laser 004,circular_cone,2126.629562,578.000000,-0.024747877,5.485694898,-90.756229187,713.356807473,5.492311053,90.761484184
laser 004,circular_cone,2126.608013,579.000000,-0.023127648,5.483563163,-90.658672702,713.354291535,5.490104561,90.663910375
laser 004,circular_cone,2126.568335,580.000000,-0.015809613,5.479625857,-90.560381760,713.345984943,5.485835313,90.565554739
laser 004,circular_cone,2126.521722,581.000000,-0.006311536,5.474997984,-90.461812321,713.335462815,5.480777098,90.466902483
laser 004,circular_cone,2126.486422,582.000000,-0.000367304,5.471496928,-90.363703839,713.328552497,5.477006111,90.368740730
laser 004,circular_cone,2126.465774,583.000000,0.000974165,5.469455125,-90.266189794,713.326319988,5.474902135,90.271211679
laser 004,circular_cone,2126.469768,584.000000,-0.005426003,5.469867413,-90.169671697,713.331955292,5.475601688,90.174742937
laser 004,circular_cone,2126.499444,585.000000,-0.019894934,5.472837430,-90.074188325,713.345790837,5.479223173,90.079376001
laser 004,circular_cone,2126.511187,586.000000,-0.028728036,5.474021524,-89.977978722,713.353898718,5.480804348,89.983235979
laser 004,circular_cone,2126.484818,587.000000,-0.025584088,5.471409916,-89.880232859,713.349834423,5.478049209,89.885460125
laser 004,circular_cone,2126.443499,588.000000,-0.017741434,5.467309484,-89.781887140,713.340994906,5.473593159,89.787045353
laser 004,circular_cone,2126.479604,589.000000,-0.034226217,5.470919796,-89.686654008,713.356879143,5.477945931,89.691945416
laser 004,circular_cone,2126.462810,590.000000,-0.034087557,5.469261827,-89.589294162,713.355869156,5.476280083,89.594580565
laser 004,circular_cone,2126.463982,591.000000,-0.039593263,5.469393142,-89.492654894,713.360595485,5.476658291,89.497983216
laser 004,circular_cone,2126.473985,592.000000,-0.047872924,5.470403979,-89.396368116,713.368140953,5.478041231,89.401761419
laser 004,circular_cone,2126.492479,593.000000,-0.058819860,5.472260511,-89.300419096,713.378397131,5.480390261,89.305899555
laser 004,circular_cone,2126.483564,594.000000,-0.061152490,5.471387248,-89.203372396,713.379898732,5.479620667,89.208868396
laser 004,circular_cone,2126.430437,595.000000,-0.049590536,5.466110765,-89.104561004,713.367279535,5.473820690,89.109957031
laser 004,circular_cone,2126.376995,596.000000,-0.037928925,5.460803123,-89.005740749,713.354559109,5.467985054,89.011035975
laser 004,circular_cone,2126.338286,597.000000,-0.030896025,5.456962858,-88.907510862,713.346542796,5.463825725,88.912743769
laser 004,circular_cone,2126.315040,598.000000,-0.028720881,5.454662536,-88.809898411,713.343463354,5.461425606,88.815109383
laser 004,circular_cone,2126.314061,599.000000,-0.033541295,5.454579643,-88.713171688,713.347493363,5.461558677,88.718418884
laser 004,circular_cone,2126.326515,600.000000,-0.042581579,5.455834472,-88.616977195,713.355811934,5.463219944,88.622295696
laser 004,circular_cone,2126.315249,601.000000,-0.044167326,5.454727175,-88.519840240,713.356554649,5.462182608,88.525168074
laser 004,circular_cone,2126.269958,602.000000,-0.035060490,5.450231608,-88.421355840,713.346430795,5.457274366,88.426604113
laser 004,circular_cone,2126.220180,603.000000,-0.024542963,5.445289390,-88.322696943,713.334873338,5.451855799,88.327853928
laser 004,circular_cone,2126.187880,604.000000,-0.019516259,5.442087698,-88.224732013,713.328896093,5.448425600,88.229843358
laser 004,circular_cone,2126.162937,605.000000,-0.016800065,5.439618631,-88.127059276,713.325266983,5.445832316,88.132144190
laser 004,circular_cone,2126.142219,606.000000,-0.015410240,5.437570291,-88.029554286,713.322985847,5.443719629,88.034623796
laser 004,circular_cone,2126.150405,607.000000,-0.023100836,5.438399981,-87.933188349,713.329932872,5.444894839,87.938317945
laser 004,circular_cone,2126.201636,608.000000,-0.044315688,5.443515918,-87.838514038,713.350624141,5.450966746,87.843816153
laser 004,circular_cone,2126.281392,609.000000,-0.074494228,5.451472774,-87.744955390,713.380424862,5.460284168,87.750504544
laser 004,circular_cone,2126.345548,610.000000,-0.099771395,5.457876650,-87.650776662,713.405244443,5.467827377,87.656532107
laser 004,circular_cone,2126.323615,611.000000,-0.097993374,5.455707058,-87.553215528,713.402568815,5.465575918,87.558952342
laser 004,circular_cone,2126.249108,612.000000,-0.079692680,5.448301872,-87.453596039,713.383101863,5.457343074,87.459176862
laser 004,circular_cone,2126.180815,613.000000,-0.063344552,5.441515894,-87.354225296,713.365619291,5.449817573,87.359666361
laser 004,circular_cone,2126.134541,614.000000,-0.053914911,5.436922780,-87.255720070,713.355167755,5.444797218,87.261078893
laser 004,circular_cone,2126.123097,615.000000,-0.055428574,5.435797920,-87.158577466,713.355837477,5.443739071,87.163945023
laser 004,circular_cone,2126.143798,616.000000,-0.067041848,5.437873897,-87.062688238,713.366771010,5.446337630,87.068148493
laser 004,circular_cone,2126.164409,617.000000,-0.078625986,5.439940980,-86.966792743,713.377674927,5.448925981,86.972345454
laser 004,circular_cone,2126.166851,618.000000,-0.084499743,5.440198864,-86.870187603,713.382775641,5.449447381,86.875785296
laser 004,circular_cone,2126.141937,619.000000,-0.081775971,5.437732690,-86.772518136,713.379139101,5.446856654,86.778089337
laser 004,circular_cone,2126.092276,620.000000,-0.071274790,5.432802388,-86.673889232,713.367598788,5.441450747,86.679369285
laser 004,circular_cone,2126.029949,621.000000,-0.056792992,5.426611129,-86.574772627,713.352013218,5.434604210,86.580128439
laser 004,circular_cone,2125.961647,622.000000,-0.040433411,5.419825279,-86.475429160,713.334519411,5.427078323,86.480645121
laser 004,circular_cone,2125.895884,623.000000,-0.024871278,5.413292564,-86.376188977,713.317836071,5.419841567,86.381271716
laser 004,circular_cone,2125.846023,624.000000,-0.014304744,5.408343267,-86.277568021,713.306229551,5.414413717,86.282559069
laser 004,circular_cone,2125.829377,625.000000,-0.014172507,5.406700735,-86.180232294,713.305226882,5.412763610,86.185218396
laser 004,circular_cone,2125.837863,626.000000,-0.021934932,5.407560174,-86.083865841,713.312247139,5.413971817,86.088912628
laser 004,circular_cone,2125.841599,627.000000,-0.028203953,5.407946753,-85.987314767,713.317749738,5.414639757,85.992409824
laser 004,circular_cone,2125.829050,628.000000,-0.029355404,5.406712102,-85.890136014,713.318051656,5.413455474,85.895236797
laser 004,circular_cone,2125.817570,629.000000,-0.030841560,5.405583885,-85.792998435,713.318693733,5.412392733,85.798107726
laser 004,circular_cone,2125.834581,630.000000,-0.041278022,5.407292070,-85.696954242,713.328431481,5.414570387,85.702146449
laser 004,circular_cone,2125.860248,631.000000,-0.054433271,5.409862076,-85.601239426,713.340932159,5.417732582,85.606537152
laser 004,circular_cone,2125.865841,632.000000,-0.061280349,5.410433613,-85.504752765,713.347022231,5.418611573,85.510103567
laser 004,circular_cone,2125.860966,633.000000,-0.064837220,5.409962979,-85.407864256,713.349768684,5.418299883,85.413240781
laser 004,circular_cone,2125.856777,634.000000,-0.068608495,5.409560650,-85.311001393,713.352733035,5.418066176,85.316405424
laser 004,circular_cone,2125.846785,635.000000,-0.070555265,5.408580589,-85.213916458,713.353843275,5.417172383,85.219332829
laser 004,circular_cone,2125.815838,636.000000,-0.065916660,5.405514313,-85.116032658,713.348261265,5.413895130,85.121406621
laser 004,circular_cone,2125.769861,637.000000,-0.056554617,5.400951814,-85.017578350,713.337879185,5.408908452,85.022870638
laser 004,circular_cone,2125.732736,638.000000,-0.049972923,5.397270683,-84.919463723,713.330322622,5.404928639,84.924697450
laser 004,circular_cone,2125.710281,639.000000,-0.047999311,5.395050015,-84.821908585,713.327448961,5.402617285,84.827122060
laser 004,circular_cone,2125.679148,640.000000,-0.043298112,5.391965515,-84.724025180,713.321803478,5.399318985,84.729195727
laser 004,circular_cone,2125.605626,641.000000,-0.025278584,5.384661600,-84.624537196,713.302623599,5.391200116,84.629554098
laser 004,circular_cone,2125.489711,642.000000,0.006058326,5.373138644,-84.523450292,713.269910335,5.378261095,84.528202836
laser 004,circular_cone,2125.504234,643.000000,-0.003580099,5.374598774,-84.427303681,713.278837261,5.380154678,84.432132508
laser 004,circular_cone,2125.526613,644.000000,-0.015685516,5.376840887,-84.331451498,713.290271197,5.382941597,84.336377117
laser 004,circular_cone,2125.522696,645.000000,-0.019529059,5.376465684,-84.234604563,713.293309237,5.382738283,84.239558291
laser 004,circular_cone,2125.559186,646.000000,-0.036065733,5.380112460,-84.139279354,713.309246299,5.387129881,84.144366712
laser 004,circular_cone,2125.555246,647.000000,-0.039899860,5.379734989,-84.042428520,713.312274778,5.386923874,84.047543909
laser 004,circular_cone,2125.506218,648.000000,-0.029567815,5.374869623,-83.943882227,713.300907363,5.381590549,83.948907880
laser 004,circular_cone,2125.532065,649.000000,-0.042757565,5.377457039,-83.848150439,713.313443219,5.384771718,83.853281898
laser 004,circular_cone,2125.533931,650.000000,-0.048412311,5.377657505,-83.751516093,713.318321883,5.385225826,83.756690719
laser 004,circular_cone,2125.510951,651.000000,-0.046260019,5.375384875,-83.653949889,713.315266936,5.382854450,83.659102779
laser 004,circular_cone,2125.552159,652.000000,-0.064272868,5.379501404,-83.558786378,713.332704082,5.387782434,83.564085171
laser 004,circular_cone,2125.552717,653.000000,-0.069513393,5.379571716,-83.462099102,713.337161829,5.388087693,83.467437618
laser 004,circular_cone,2125.526875,654.000000,-0.066458256,5.377014172,-83.364425274,713.333189449,5.385390653,83.369734549
laser 004,circular_cone,2125.564352,655.000000,-0.083296124,5.380759460,-83.269113703,713.349432544,5.389894362,83.274559113
laser 004,circular_cone,2125.513439,656.000000,-0.072361467,5.375706321,-83.170505902,713.337452972,5.384346066,83.175856567
laser 004,circular_cone,2125.468659,657.000000,-0.063352922,5.371263823,-83.072129745,713.327430775,5.379495353,83.077401678
laser 004,circular_cone,2125.448160,658.000000,-0.061971918,5.369238233,-82.974658689,713.325159767,5.377405834,82.979915299
laser 004,circular_cone,2125.439767,659.000000,-0.064393167,5.368417622,-82.877637706,713.326752649,5.376692917,82.882910603
laser 004,circular_cone,2125.412872,660.000000,-0.061000405,5.365755464,-82.779930650,713.322437334,5.373876026,82.785171501
laser 004,circular_cone,2125.358537,661.000000,-0.048985896,5.360362285,-82.681209062,713.309360617,5.367938951,82.686346193
laser 004,circular_cone,2125.300569,662.000000,-0.035829434,5.354607760,-82.582356949,713.295123499,5.361588987,82.587380867
laser 004,circular_cone,2125.264197,663.000000,-0.029456508,5.351002705,-82.484306569,713.287779856,5.357694683,82.489273666
laser 004,circular_cone,2125.257787,664.000000,-0.032494769,5.350379522,-82.387363662,713.289999878,5.357207047,82.392352176
laser 004,circular_cone,2125.262459,665.000000,-0.039013227,5.350859233,-82.290828663,713.295756478,5.357979392,82.295867526
laser 004,circular_cone,2125.258361,666.000000,-0.042775508,5.350466157,-82.193969523,713.298712271,5.357754544,82.199035821
laser 004,circular_cone,2125.246547,667.000000,-0.044112668,5.349305187,-82.096826125,713.299203682,5.356652339,82.101899699
laser 004,circular_cone,2125.243477,668.000000,-0.048195590,5.349014433,-82.000003822,713.302485335,5.356544287,82.005107498
laser 004,circular_cone,2125.263709,669.000000,-0.059597848,5.351042747,-81.904035371,713.313204849,5.359085677,81.909229996
laser 004,circular_cone,2125.306120,670.000000,-0.077967255,5.355278519,-81.808876664,713.331004308,5.364149004,81.814220156
laser 004,circular_cone,2125.350478,671.000000,-0.096948059,5.359708289,-81.713784621,713.349425038,5.369433928,81.719282063
laser 004,circular_cone,2125.362814,672.000000,-0.105867205,5.360950990,-81.617517499,713.357621207,5.371077625,81.623085247
laser 004,circular_cone,2125.337608,673.000000,-0.102989682,5.358457054,-81.519877909,713.353829756,5.368452218,81.525417897
laser 004,circular_cone,2125.307547,674.000000,-0.098585654,5.355479946,-81.422062534,713.348487124,5.365274735,81.427562071
laser 004,circular_cone,2125.306520,675.000000,-0.103302689,5.355392605,-81.325306101,713.352413203,5.365398721,81.330841011
laser 004,circular_cone,2125.304920,676.000000,-0.107838559,5.355248243,-81.228527941,713.356155198,5.365457508,81.234096720
laser 004,circular_cone,2125.249681,677.000000,-0.095520445,5.349765314,-81.129800313,713.342770489,5.359416986,81.135262851
laser 004,circular_cone,2125.194517,678.000000,-0.083225259,5.344290077,-81.031079304,713.329409131,5.353385192,81.036435792
laser 004,circular_cone,2125.145477,679.000000,-0.072853346,5.339424512,-80.932584107,713.318002216,5.348049880,80.937850534
laser 004,circular_cone,2125.094004,680.000000,-0.061716333,5.334317008,-80.834004194,713.305817868,5.342438097,80.839174198
laser 004,circular_cone,2125.043098,681.000000,-0.050756713,5.329266124,-80.735448335,713.293813833,5.336890940,80.740523394
laser 004,circular_cone,2125.001001,682.000000,-0.042563512,5.325091975,-80.637214023,713.284621014,5.332345388,80.642217133
laser 004,circular_cone,2124.980230,683.000000,-0.041068411,5.323039964,-80.539751441,713.282234677,5.330224307,80.544738284
laser 004,circular_cone,2124.989571,684.000000,-0.049031212,5.323984255,-80.443374228,713.289459233,5.331526434,80.448423429
laser 004,circular_cone,2125.007881,685.000000,-0.059810499,5.325821056,-80.347317895,713.299545826,5.333848198,80.352452867
laser 004,circular_cone,2125.009154,686.000000,-0.065236745,5.325962577,-80.250646853,713.304192811,5.334233061,80.255823097
laser 004,circular_cone,2124.989135,687.000000,-0.063973082,5.323985386,-80.153210606,713.302041720,5.332197249,80.158372507
laser 004,circular_cone,2124.973503,688.000000,-0.064086410,5.322444754,-80.055932378,713.301289909,5.330660150,80.061091384
laser 004,circular_cone,2124.983741,689.000000,-0.072325492,5.323478370,-79.959580700,713.308795246,5.332064072,79.964804361
laser 004,circular_cone,2124.993920,690.000000,-0.080545011,5.324506144,-79.863225062,713.316280705,5.333461271,79.868513216
laser 004,circular_cone,2124.976794,691.000000,-0.080185455,5.322816852,-79.765892384,713.315048411,5.331754168,79.771173712
laser 004,circular_cone,2124.925921,692.000000,-0.069223239,5.317769574,-79.667356463,713.303042102,5.326210506,79.672542826
laser 004,circular_cone,2124.849793,693.000000,-0.050327000,5.310209652,-79.567924355,713.282973586,5.317796079,79.572949796
laser 004,circular_cone,2124.772632,694.000000,-0.031106286,5.302547410,-79.468461285,713.262575417,5.309264686,79.473323108
laser 004,circular_cone,2124.734406,695.000000,-0.024114794,5.298759139,-79.370387592,713.254604165,5.305159259,79.375187459
laser 004,circular_cone,2124.760760,696.000000,-0.037406885,5.301395915,-79.274608264,713.267244292,5.308394424,79.279514793
laser 004,circular_cone,2124.809114,697.000000,-0.057608917,5.306221674,-79.179605608,713.286905997,5.314130467,79.184676240
laser 004,circular_cone,2124.836461,698.000000,-0.071211672,5.308957509,-79.083854066,713.299861777,5.317478714,79.089033943
laser 004,circular_cone,2124.822539,699.000000,-0.071849371,5.307587192,-78.986639751,713.299643038,5.316135603,78.991821093
laser 004,circular_cone,2124.787153,700.000000,-0.065743364,5.304081303,-78.888667566,713.292571676,5.312352527,78.893794314
laser 004,circular_cone,2124.757315,701.000000,-0.061379103,5.301127488,-78.790893219,713.287270231,5.309200144,78.795979851
laser 004,circular_cone,2124.734624,702.000000,-0.059258785,5.298884798,-78.693372310,713.284249004,5.306860172,78.698437482
laser 004,circular_cone,2124.710228,703.000000,-0.056601762,5.296472513,-78.595792416,713.280682431,5.304326379,78.600831665
laser 004,circular_cone,2124.670298,704.000000,-0.049064196,5.292514831,-78.497667760,713.272156528,5.300026896,78.502640516
laser 004,circular_cone,2124.608169,705.000000,-0.034553002,5.286348847,-78.398766483,713.256544427,5.293204341,78.403614773
laser 004,circular_cone,2124.543750,706.000000,-0.019322104,5.279955357,-78.299789456,713.240201060,5.286121796,78.304507298
laser 004,circular_cone,2124.515781,707.000000,-0.015538719,5.277187969,-78.202093213,713.235490087,5.283182061,78.206775770
laser 004,circular_cone,2124.519579,708.000000,-0.021731505,5.277580619,-78.105509192,713.240916375,5.283852661,78.110239396
laser 004,circular_cone,2124.511277,709.000000,-0.024122781,5.276769631,-78.008501313,713.242479792,5.283148034,78.013247563
laser 004,circular_cone,2124.555572,710.000000,-0.043033103,5.281190845,-77.913327768,713.260828915,5.288421233,77.918227384
laser 004,circular_cone,2124.523569,711.000000,-0.037977727,5.278022132,-77.815491444,713.254825499,5.285022760,77.820345202
laser 004,circular_cone,2124.531152,712.000000,-0.045354942,5.278791362,-77.719034267,713.261455361,5.286123404,77.723945518
laser 004,circular_cone,2124.494804,713.000000,-0.038932506,5.275190475,-77.621048872,713.254062876,5.282231054,77.625902901
laser 004,circular_cone,2124.533437,714.000000,-0.056060177,5.279048490,-77.525667995,713.270600560,5.286860591,77.530660572
laser 004,circular_cone,2124.548588,715.000000,-0.065811329,5.280570645,-77.429468862,713.279642681,5.288821313,77.434538666
laser 004,circular_cone,2124.531811,716.000000,-0.065532437,5.278916598,-77.332162072,713.278492925,5.287153107,77.337225725
laser 004,circular_cone,2124.488305,717.000000,-0.056856644,5.274603627,-77.233931573,713.268810824,5.282446963,77.238919273
laser 004,circular_cone,2124.508556,718.000000,-0.068206180,5.276633095,-77.137905637,713.279477142,5.284987146,77.142983852
laser 004,circular_cone,2124.462957,719.000000,-0.058870630,5.272111980,-77.039605819,713.269124701,5.280043080,77.044602597
laser 004,circular_cone,2124.430371,720.000000,-0.053621536,5.268885452,-76.941757272,713.262924675,5.276578053,76.946706583
laser 004,circular_cone,2124.416130,721.000000,-0.054133422,5.267483801,-76.844541698,713.262578578,5.275197937,76.849491432
laser 004,circular_cone,2124.425141,722.000000,-0.061947543,5.268395098,-76.748125295,713.269652500,5.276460372,76.753136155
laser 004,circular_cone,2124.443440,723.000000,-0.072678054,5.270230346,-76.652025878,713.279689845,5.278778396,76.657122108
laser 004,circular_cone,2124.459796,724.000000,-0.082797320,5.271872368,-76.555857337,713.289106083,5.280875604,76.561033856
laser 004,circular_cone,2124.472682,725.000000,-0.091825625,5.273169246,-76.459567651,713.297413769,5.282578426,76.464815389
laser 004,circular_cone,2124.468774,726.000000,-0.095577450,5.272795495,-76.362701752,713.300359905,5.282372454,76.367976847
laser 004,circular_cone,2124.430910,727.000000,-0.088661722,5.269043882,-76.264675860,713.292466529,5.278307117,76.269889635
laser 004,circular_cone,2124.372021,728.000000,-0.075140870,5.263200962,-76.165935409,713.277861595,5.271852337,76.171032956
laser 004,circular_cone,2124.316846,729.000000,-0.062786013,5.257727727,-76.067325661,713.264441504,5.265819871,76.072316675
laser 004,circular_cone,2124.270339,730.000000,-0.053152984,5.253116866,-75.969014595,713.253787161,5.260772637,75.973921700
laser 004,circular_cone,2124.232929,731.000000,-0.046376269,5.249410954,-75.871015620,713.246035211,5.256759278,75.875862561
laser 004,circular_cone,2124.210053,732.000000,-0.044163287,5.247150671,-75.773511950,713.242920577,5.254397541,75.778336665
laser 004,circular_cone,2124.207399,733.000000,-0.048300366,5.246901671,-75.676694364,713.246258354,5.254333712,75.681549640
laser 004,circular_cone,2124.224178,734.000000,-0.058539850,5.248585493,-75.580533542,713.255796872,5.256478150,75.585470107
laser 004,circular_cone,2124.252222,735.000000,-0.072316664,5.251389826,-75.484750984,713.268929708,5.259902765,75.489798243
laser 004,circular_cone,2124.279490,736.000000,-0.085849006,5.254117080,-75.388938879,713.281814123,5.263239267,75.394094800
laser 004,circular_cone,2124.292211,737.000000,-0.094811166,5.255397456,-75.292633147,713.290054723,5.264922605,75.297859740
laser 004,circular_cone,2124.281133,738.000000,-0.096296646,5.254310599,-75.195524204,713.290698213,5.263901235,75.200759317
laser 004,circular_cone,2124.248473,739.000000,-0.091001810,5.251077062,-75.097689691,713.284452197,5.260427142,75.102876959
laser 004,circular_cone,2124.198276,740.000000,-0.080197557,5.246099325,-74.999268275,713.272608069,5.254960169,75.004361901
laser 004,circular_cone,2124.140999,741.000000,-0.067168820,5.240417616,-74.900612924,713.258503681,5.248688818,74.905594416
laser 004,circular_cone,2124.103385,742.000000,-0.060315137,5.236691709,-74.802620072,713.250673837,5.244651993,74.807540763
laser 004,circular_cone,2124.105096,743.000000,-0.065811488,5.236876898,-74.705944635,713.255392921,5.245083711,74.710907187
laser 004,circular_cone,2124.126791,744.000000,-0.077583446,5.239049638,-74.609935541,713.266488658,5.247786242,74.614992123
laser 004,circular_cone,2124.143709,745.000000,-0.087854095,5.240747333,-74.513764284,713.276058911,5.249945964,74.518902415
laser 004,circular_cone,2124.141846,746.000000,-0.092224616,5.240577113,-74.416964952,713.279634052,5.249971457,74.422135586
laser 004,circular_cone,2124.113498,747.000000,-0.088275042,5.237772738,-74.319283671,713.274755184,5.246987250,74.324417646
laser 004,circular_cone,2124.059897,748.000000,-0.076392694,5.232456897,-74.220764874,713.261815891,5.241133514,74.225796246
laser 004,circular_cone,2124.002481,749.000000,-0.063311476,5.226761874,-74.122123255,713.247658484,5.234846484,74.127042059
laser 004,circular_cone,2123.968404,750.000000,-0.057559576,5.223388049,-74.024259079,713.240948400,5.231211476,74.029126242
laser 004,circular_cone,2123.962315,751.000000,-0.060596653,5.222797566,-73.927323099,713.243168759,5.230756520,73.932211682
laser 004,circular_cone,2123.962236,752.000000,-0.065520127,5.222804763,-73.830585315,713.247305882,5.230984390,73.835510998
laser 004,circular_cone,2123.953269,753.000000,-0.067650985,5.221928090,-73.733553226,713.248605469,5.230202340,73.738492796
laser 004,circular_cone,2123.952866,754.000000,-0.072470399,5.221903083,-73.636803248,713.252636881,5.230393311,73.641779053
laser 004,circular_cone,2123.968764,755.000000,-0.082408498,5.223499185,-73.540588969,713.261869333,5.232436434,73.545643561
laser 004,circular_cone,2123.990875,756.000000,-0.094297089,5.225713223,-73.444576635,713.273083649,5.235185531,73.449726226
laser 004,circular_cone,2123.997946,757.000000,-0.101460771,5.226431567,-73.348067621,713.279497052,5.236225668,73.353272935
laser 004,circular_cone,2123.973156,758.000000,-0.098615892,5.223981302,-73.250512298,713.275740927,5.233645438,73.255690138
laser 004,circular_cone,2123.930226,759.000000,-0.090072336,5.219727098,-73.152364167,713.266194507,5.229004047,73.157467161
laser 004,circular_cone,2123.905348,760.000000,-0.087197629,5.217268198,-73.054809173,713.262408139,5.226413837,73.059884445
laser 004,circular_cone,2123.897732,761.000000,-0.089743448,5.216525947,-72.957819138,713.264129485,5.225784942,72.962911746
laser 004,circular_cone,2123.873844,762.000000,-0.087177362,5.214165550,-72.860298100,713.260656751,5.223307166,72.865365552
laser 004,circular_cone,2123.820216,763.000000,-0.075269650,5.208847837,-72.761809549,713.247692232,5.217450420,72.766774192
laser 004,circular_cone,2123.763199,764.000000,-0.062296922,5.203193356,-72.663214534,713.233645626,5.211208834,72.668067514
laser 004,circular_cone,2123.738499,765.000000,-0.059472636,5.200752442,-72.565673260,713.229910650,5.208638888,72.570498938
laser 004,circular_cone,2123.735800,766.000000,-0.063556649,5.200499173,-72.468846841,713.233195042,5.208568406,72.473702643
laser 004,circular_cone,2123.738090,767.000000,-0.069206340,5.200741985,-72.372181319,713.238070288,5.209064677,72.377080260
laser 004,circular_cone,2123.765273,768.000000,-0.082672935,5.203460057,-72.276319983,713.250888072,5.212389040,72.281327043
laser 004,circular_cone,2123.825062,769.000000,-0.106379810,5.209420600,-72.181508879,713.274110686,5.219418092,72.186709181
laser 004,circular_cone,2123.887521,770.000000,-0.130925622,5.215647055,-72.086777922,713.298185682,5.226750923,72.092178440
laser 004,circular_cone,2123.926588,771.000000,-0.148123745,5.219547516,-71.991286859,713.314794891,5.231426106,71.996826514
laser 004,circular_cone,2120.111356,977.000000,0.060437576,4.843774839,-51.951543247,712.925153270,4.845928636,51.954565074
laser 004,circular_cone,2120.228359,978.000000,0.019051684,4.855399229,-51.857475981,712.966333187,4.859419580,51.860837997
laser 004,circular_cone,2120.351063,979.000000,-0.024126661,4.867590677,-51.763529959,713.009333825,4.873558488,51.767247062
laser 004,circular_cone,2120.347734,980.000000,-0.027756441,4.867276323,-51.666660002,713.012160418,4.873406502,51.670403484
laser 004,circular_cone,2120.276949,981.000000,-0.010217265,4.860268346,-51.568233503,712.993483342,4.865605397,51.571827418
laser 004,circular_cone,2120.202873,982.000000,0.008354763,4.852934224,-51.469736540,712.973757147,4.857431528,51.473172305
laser 004,circular_cone,2120.147459,983.000000,0.021071523,4.847452087,-51.371673936,712.959978858,4.851373932,51.375000216
laser 004,circular_cone,2120.111948,984.000000,0.027544330,4.843944809,-51.274071666,712.952543281,4.847573027,51.277340359
laser 004,circular_cone,2120.087299,985.000000,0.030610224,4.841515253,-51.176720176,712.948568508,4.845003621,51.179959598
laser 004,circular_cone,2120.074848,986.000000,0.029850153,4.840295910,-51.079648561,712.948480202,4.843817120,51.082890511
laser 004,circular_cone,2120.083494,987.000000,0.022472011,4.841169643,-50.983058142,712.955114586,4.845022412,50.986357627
laser 004,circular_cone,2120.121817,988.000000,0.005783289,4.844987800,-50.887141469,712.971206693,4.849592379,50.890575873
laser 004,circular_cone,2120.168782,989.000000,-0.013616676,4.849663599,-50.791416910,712.990052870,4.855142363,50.795008767
laser 004,circular_cone,2120.175010,990.000000,-0.020233201,4.850297577,-50.694763732,712.995913586,4.856073526,50.698406794
laser 004,circular_cone,2120.139555,991.000000,-0.013768829,4.846795751,-50.597165792,712.988486733,4.852278456,50.600751338
laser 004,circular_cone,2120.098115,992.000000,-0.005425451,4.842700205,-50.499434841,712.979151224,4.847804855,50.502947253
laser 004,circular_cone,2120.077423,993.000000,-0.003591266,4.840663270,-50.402174285,712.976427780,4.845683668,50.405667664
laser 004,circular_cone,2120.070806,994.000000,-0.006172279,4.840022800,-50.305231272,712.978189304,4.845158234,50.308742316
laser 004,circular_cone,2120.059611,995.000000,-0.007315626,4.838928137,-50.208185107,712.978490469,4.844113716,50.211701866
laser 004,circular_cone,2120.042487,996.000000,-0.006597393,4.837245253,-50.111006108,712.976900671,4.842396952,50.114513111
laser 004,circular_cone,2120.040636,997.000000,-0.010670264,4.837077663,-50.014169306,712.980177665,4.842411737,50.017706373
laser 004,circular_cone,2120.063710,998.000000,-0.022563031,4.839383006,-49.917888210,712.991398055,4.845252419,49.921520335
laser 004,circular_cone,2120.079989,999.000000,-0.032322689,4.841014245,-49.821452793,713.000451645,4.847322717,49.825162247
laser 004,circular_cone,2120.051162,1000.000000,-0.027927235,4.838170232,-49.724011906,712.995126625,4.844278847,49.727681042
laser 004,circular_cone,2119.996554,1001.000000,-0.015441041,4.832768486,-49.626000389,712.981583161,4.838312057,49.629561960
laser 004,circular_cone,2119.946772,1002.000000,-0.004468403,4.827845739,-49.528099627,712.969577199,4.832892582,49.531566214
laser 004,circular_cone,2119.907302,1003.000000,0.003269551,4.823946166,-49.430430257,712.960857031,4.828642285,49.433828745
laser 004,circular_cone,2119.873789,1004.000000,0.009139461,4.820637648,-49.332894835,712.954034432,4.825067361,49.336240750
laser 004,circular_cone,2119.841203,1005.000000,0.014719596,4.817421169,-49.235381820,712.947506217,4.821597556,49.238677571
laser 004,circular_cone,2119.809885,1006.000000,0.019902986,4.814330548,-49.137898584,712.941381045,4.818271516,49.141147468
laser 004,circular_cone,2119.782739,1007.000000,0.023778555,4.811653836,-49.040508649,712.936584364,4.815418417,49.043721537
laser 004,circular_cone,2119.759901,1008.000000,0.026303692,4.809404502,-48.943214445,712.933159456,4.813053650,48.946402560
laser 004,circular_cone,2119.740010,1009.000000,0.027905427,4.807447523,-48.845985677,712.930672548,4.811022918,48.849156694
laser 004,circular_cone,2119.729329,1010.000000,0.026618875,4.806404123,-48.748958499,712.931119519,4.810036133,48.752136424
laser 004,circular_cone,2119.726583,1011.000000,0.022844041,4.806147821,-48.652103970,712.934094045,4.809948759,48.655309484
laser 004,circular_cone,2119.713778,1012.000000,0.022226267,4.804893760,-48.555030332,712.933861723,4.808721127,48.558237197
laser 004,circular_cone,2119.667987,1013.000000,0.031958407,4.800367866,-48.457242064,712.923116254,4.803754502,48.460364257
laser 004,circular_cone,2119.603936,1014.000000,0.047419835,4.794031042,-48.359061984,712.906551180,4.796718347,48.362051888
laser 004,circular_cone,2119.583892,1015.000000,0.049076587,4.792059108,-48.261836338,712.904008552,4.794670180,48.264808688
laser 004,circular_cone,2119.614530,1016.000000,0.034834895,4.795113945,-48.165703144,712.917615106,4.798366385,48.168790077
laser 004,circular_cone,2119.643429,1017.000000,0.021139485,4.797996419,-48.069529017,712.930666752,4.801865570,48.072725993
laser 004,circular_cone,2119.614863,1018.000000,0.025473616,4.795179183,-47.972118659,712.925404568,4.798851254,47.975275829
laser 004,circular_cone,2119.569597,1019.000000,0.035047998,4.790705659,-47.874352331,712.914819548,4.793944123,47.877426143
laser 004,circular_cone,2119.567040,1020.000000,0.031224839,4.790468165,-47.777501522,712.917843323,4.793877742,47.780603326
laser 004,circular_cone,2119.582870,1021.000000,0.021634389,4.792054359,-47.681042071,712.926725314,4.795895364,47.684219801
laser 004,circular_cone,2119.562308,1022.000000,0.023462219,4.790031097,-47.583805932,712.924009045,4.793788149,47.586964686
laser 004,circular_cone,2119.486542,1023.000000,0.042609574,4.782532811,-47.485398396,712.903700299,4.785424165,47.488394230
laser 004,circular_cone,2119.480670,1024.000000,0.039831272,4.781966572,-47.388477688,712.905662827,4.784981880,47.391492829
laser 004,circular_cone,2119.443905,1025.000000,0.046745500,4.778336540,-47.290903253,712.897780096,4.781038313,47.293857147
laser 004,circular_cone,2119.434006,1026.000000,0.045232921,4.777370953,-47.193898071,712.898456998,4.780139550,47.196860754
laser 004,circular_cone,2119.425750,1027.000000,0.043206129,4.776568318,-47.096927428,712.899656231,4.779426948,47.099903173
laser 004,circular_cone,2119.420508,1028.000000,0.040235032,4.776064600,-47.000019924,712.901814663,4.779055887,47.003016581
laser 004,circular_cone,2119.421342,1029.000000,0.035359037,4.776163466,-46.903239390,712.905908017,4.779373390,46.906272791
laser 004,circular_cone,2119.415314,1030.000000,0.032636892,4.775581817,-46.806314237,712.907813603,4.778913162,46.809366481
laser 004,circular_cone,2119.392007,1031.000000,0.035336533,4.773286581,-46.709027774,712.904212016,4.776494626,46.712053799
laser 004,circular_cone,2119.364570,1032.000000,0.039332936,4.770581813,-46.611656331,712.899293270,4.773608027,46.614645360
laser 004,circular_cone,2119.366754,1033.000000,0.034038288,4.770814579,-46.514902467,712.903811931,4.774078329,46.517931720
laser 004,circular_cone,2119.407617,1034.000000,0.016610567,4.774883256,-46.418950370,712.920654743,4.778932188,46.422120687
laser 004,circular_cone,2119.446656,1035.000000,-0.000244469,4.778771231,-46.322956067,712.936915831,4.783579496,46.326262689
laser 004,circular_cone,2119.459701,1036.000000,-0.008943499,4.780081279,-46.226420136,712.944892475,4.785280743,46.229795276
laser 004,circular_cone,2119.452128,1037.000000,-0.011172665,4.779346462,-46.129456829,712.946297392,4.784645098,46.132846715
laser 004,circular_cone,2119.391837,1038.000000,0.003138988,4.773383237,-46.031408050,712.930901106,4.778034449,46.034675209
laser 004,circular_cone,2119.347802,1039.000000,0.012351369,4.769032408,-45.933697534,712.920684418,4.773266360,45.936884347
laser 004,circular_cone,2119.327949,1040.000000,0.013978396,4.767079826,-45.836485594,712.918172525,4.771238896,45.839655104
laser 004,circular_cone,2119.288574,1041.000000,0.021730929,4.763191317,-45.738875167,712.909438740,4.766999021,45.741976464
laser 004,circular_cone,2119.232559,1042.000000,0.034704437,4.757652845,-45.640927645,712.895401853,4.760873526,45.643917338
laser 004,circular_cone,2119.196721,1043.000000,0.041349296,4.754115341,-45.543395002,712.887793261,4.757034653,45.546325689
laser 004,circular_cone,2119.197460,1044.000000,0.036521351,4.754204857,-45.446607858,712.891838042,4.757340644,45.449574891
laser 004,circular_cone,2119.206112,1045.000000,0.029212263,4.755079049,-45.349980196,712.898403016,4.758543301,45.353004196
laser 004,circular_cone,2119.189671,1046.000000,0.029776018,4.753465004,-45.252843098,712.896971284,4.756902369,45.255858634
laser 004,circular_cone,2119.145062,1047.000000,0.039177116,4.749057888,-45.155137753,712.886563203,4.752069478,45.158071376
laser 004,circular_cone,2119.093477,1048.000000,0.050767348,4.743959226,-45.057294833,712.873931595,4.746446232,45.060128349
laser 004,circular_cone,2119.068335,1049.000000,0.054063919,4.741482589,-44.959987087,712.869724155,4.743819359,44.962789427
laser 004,circular_cone,2119.087716,1050.000000,0.043395764,4.743420515,-44.863573744,712.879701111,4.746237370,44.866460970
laser 004,circular_cone,2119.119192,1051.000000,0.028934409,4.746557799,-44.767399930,712.893530920,4.750025950,44.770403568
laser 004,circular_cone,2119.125722,1052.000000,0.022299420,4.747221597,-44.670724196,712.899411271,4.750987789,44.673779200
laser 004,circular_cone,2119.100257,1053.000000,0.025702439,4.744712878,-44.573409272,712.895095775,4.748324031,44.576432215
laser 004,circular_cone,2119.054904,1054.000000,0.035345294,4.740232246,-44.475700122,712.884442360,4.743406715,44.478639144
laser 004,circular_cone,2119.021044,1055.000000,0.041383911,4.736891289,-44.378222066,712.877449894,4.739791758,44.381107123
laser 004,circular_cone,2119.012115,1056.000000,0.039603264,4.736022283,-44.281239666,712.878399656,4.739001687,44.284135745
laser 004,circular_cone,2119.005427,1057.000000,0.037120857,4.735375482,-44.184301394,712.880062227,4.738465497,44.187214327
laser 004,circular_cone,2118.999908,1058.000000,0.034272952,4.734844597,-44.087385826,712.882096056,4.738061719,44.090318651
laser 004,circular_cone,2119.005963,1059.000000,0.027795606,4.735461282,-43.990697479,712.887816386,4.738969333,43.993680360
laser 004,circular_cone,2119.017808,1060.000000,0.019503077,4.736652076,-43.894121331,712.895380433,4.740532988,43.897169356
laser 004,circular_cone,2119.016804,1061.000000,0.015242358,4.736568891,-43.797291607,712.898849310,4.740640682,43.800371266
laser 004,circular_cone,2119.006696,1062.000000,0.013838757,4.735583036,-43.700283152,712.899416185,4.739716746,43.703370700
laser 004,circular_cone,2118.999314,1063.000000,0.011581213,4.734867481,-43.603327803,712.900850438,4.739101653,43.606430337
laser 004,circular_cone,2118.986766,1064.000000,0.010945457,4.733639720,-43.506271675,712.900637438,4.737901155,43.509375717
laser 004,circular_cone,2118.951988,1065.000000,0.017284422,4.730207884,-43.408784227,712.893340164,4.734181766,43.411831809
laser 004,circular_cone,2118.895828,1066.000000,0.030331670,4.724656221,-43.310884804,712.879229261,4.728039761,43.313820173
laser 004,circular_cone,2118.843614,1067.000000,0.042141827,4.719496002,-43.213065613,712.866374937,4.722345039,43.215899052
laser 004,circular_cone,2118.804627,1068.000000,0.049803926,4.715647262,-43.115505049,712.857733871,4.718149026,43.118271033
laser 004,circular_cone,2118.776505,1069.000000,0.054059134,4.712875726,-43.018155940,712.852553241,4.715183992,43.020882783
laser 004,circular_cone,2118.757640,1070.000000,0.055411965,4.711021921,-42.920986002,712.850320601,4.713267694,42.923697827
laser 004,circular_cone,2118.757103,1071.000000,0.051017273,4.710985053,-42.824167713,712.853925759,4.713427756,42.826912287
laser 004,circular_cone,2118.790294,1072.000000,0.036044363,4.714291851,-42.727992906,712.868275243,4.717408948,42.730858145
laser 004,circular_cone,2118.841614,1073.000000,0.015385251,4.719396127,-42.632159910,712.888400190,4.723444274,42.635193073
laser 004,circular_cone,2118.861181,1074.000000,0.004687263,4.721352515,-42.535717670,712.898407601,4.725882102,42.538835969
laser 004,circular_cone,2118.831156,1075.000000,0.009547266,4.718392192,-42.438331759,712.892612787,4.722700986,42.441405892
laser 004,circular_cone,2118.773815,1076.000000,0.022977002,4.712723855,-42.340430399,712.878113756,4.716425047,42.343389143
laser 004,circular_cone,2118.729831,1077.000000,0.032217668,4.708379897,-42.242785413,712.867869599,4.711662569,42.245663584
laser 004,circular_cone,2118.705139,1078.000000,0.035408010,4.705948531,-42.145506878,712.863770764,4.709085773,42.148354760
laser 004,circular_cone,2118.676361,1079.000000,0.039881146,4.703112160,-42.048152751,712.858369035,4.706046072,42.050959683
laser 004,circular_cone,2118.630223,1080.000000,0.049800482,4.698554993,-41.950474595,712.847435675,4.701039753,41.953195314
laser 004,circular_cone,2118.588463,1081.000000,0.058347557,4.694431946,-41.852881467,712.837896154,4.696529493,41.855527379
laser 004,circular_cone,2118.587040,1082.000000,0.054244181,4.694307319,-41.756044104,712.841205605,4.696588651,41.758720345
laser 004,circular_cone,2118.621377,1083.000000,0.038925638,4.697727445,-41.659872019,712.855906182,4.700698776,41.662671798
laser 004,circular_cone,2118.652232,1084.000000,0.024699923,4.700802547,-41.563631359,712.869496772,4.704414551,41.566545595
laser 004,circular_cone,2118.645242,1085.000000,0.022346121,4.700126116,-41.466685454,712.871029213,4.703842937,41.469615479
laser 004,circular_cone,2118.615344,1086.000000,0.027179135,4.697178840,-41.369315507,712.865262132,4.700676090,41.372201593
laser 004,circular_cone,2118.602674,1087.000000,0.026609415,4.695939386,-41.272265153,712.864982551,4.699460927,41.275152201
laser 004,circular_cone,2118.613607,1088.000000,0.018637302,4.697039668,-41.175649513,712.872221469,4.700919617,41.178599045
laser 004,circular_cone,2118.632295,1089.000000,0.008233645,4.698908743,-41.079174451,712.881930062,4.703256853,41.082206675
laser 004,circular_cone,2118.633513,1090.000000,0.003311103,4.699046033,-40.982376736,712.886071593,4.703614905,40.985446098
laser 004,circular_cone,2118.610990,1091.000000,0.005836988,4.696829859,-40.885143993,712.882647926,4.701283298,40.888188590
laser 004,circular_cone,2118.590200,1092.000000,0.007820438,4.694785511,-40.787943892,712.879775224,4.699148002,40.790968233
laser 004,circular_cone,2118.605675,1093.000000,-0.001570691,4.696336114,-40.691404475,712.888455438,4.701121065,40.694503093
laser 004,circular_cone,2118.653493,1094.000000,-0.021106870,4.701093058,-40.595449877,712.907439724,4.706758381,40.598707087
laser 004,circular_cone,2118.662876,1095.000000,-0.028585099,4.702039874,-40.498794250,712.914177039,4.708041316,40.502109839
laser 004,circular_cone,2118.614390,1096.000000,-0.017908163,4.697249847,-40.401091490,712.902474655,4.702767948,40.404314573
laser 004,circular_cone,2118.557544,1097.000000,-0.004607947,4.691631280,-40.303241391,712.888107928,4.696547634,40.306350166
laser 004,circular_cone,2118.534640,1098.000000,-0.001954060,4.689377469,-40.206005501,712.884554413,4.694172616,40.209088449
laser 004,circular_cone,2118.518718,1099.000000,-0.001489139,4.687815790,-40.108895892,712.883224190,4.692588532,40.111971205
laser 004,circular_cone,2118.479124,1100.000000,0.006402427,4.683907672,-40.011363262,712.874350987,4.688322796,40.014369219
laser 004,circular_cone,2118.505906,1101.000000,-0.006525733,4.686579037,-39.915017719,712.886623721,4.691576274,39.918127350
laser 004,circular_cone,2118.450618,1102.000000,0.006291193,4.681115326,-39.817207842,712.872748056,4.685532633,39.820207183
laser 004,circular_cone,2118.379455,1103.000000,0.024088164,4.674078379,-39.719119962,712.853814390,4.677690975,39.721967625
laser 004,circular_cone,2118.285034,1104.000000,0.049179963,4.664736762,-39.620625412,712.827471703,4.667215383,39.623260771
laser 004,circular_cone,2118.214675,1105.000000,0.066724830,4.657780418,-39.522563398,712.808794227,4.659465709,39.525049175
laser 004,circular_cone,2118.210185,1106.000000,0.063612643,4.657352004,-39.425667593,712.811097367,4.659176350,39.428175466
laser 004,circular_cone,2118.235144,1107.000000,0.051265644,4.659842088,-39.329289057,712.822779942,4.662222317,39.331895775
laser 004,circular_cone,2118.254188,1108.000000,0.040774667,4.661746047,-39.232803707,712.832577425,4.664598385,39.235493843
laser 004,circular_cone,2118.273941,1109.000000,0.030062259,4.663720336,-39.136328204,712.842599802,4.667054778,39.139103601
laser 004,circular_cone,2118.311293,1110.000000,0.013830683,4.667438960,-39.040157265,712.858227747,4.671504623,39.043063790
laser 004,circular_cone,2118.335105,1111.000000,0.001846796,4.669815727,-38.943746445,712.869541490,4.674420885,38.946748797
laser 004,circular_cone,2118.311611,1112.000000,0.004702513,4.667503814,-38.846511021,712.865783335,4.671978660,38.849485872
laser 004,circular_cone,2118.248412,1113.000000,0.020013282,4.661256769,-38.748588860,712.849375211,4.665039126,38.751432697
laser 004,circular_cone,2118.179427,1114.000000,0.037139234,4.654436621,-38.650571326,712.831123553,4.657444560,38.653269065
laser 004,circular_cone,2118.134363,1115.000000,0.046763232,4.649987372,-38.552971205,712.820491314,4.652559504,38.555585192
laser 004,circular_cone,2118.118359,1116.000000,0.047274218,4.648418033,-38.455873695,712.819114735,4.650965687,38.458479668
laser 004,circular_cone,2118.114721,1117.000000,0.043908080,4.648074160,-38.358988720,712.821675967,4.650772336,38.361618900
laser 004,circular_cone,2118.105635,1118.000000,0.042251801,4.647190409,-38.262009950,712.822500600,4.649961931,38.264650129
laser 004,circular_cone,2118.089291,1119.000000,0.042873064,4.645587419,-38.164907213,712.821012078,4.648329488,38.167538461
laser 004,circular_cone,2118.075054,1120.000000,0.042834717,4.644193247,-38.067840835,712.820193507,4.646935635,38.070468634
laser 004,circular_cone,2118.061430,1121.000000,0.042605326,4.642859838,-37.970785180,712.819568989,4.645611168,37.973411118
laser 004,circular_cone,2118.024573,1122.000000,0.049663586,4.639224198,-37.873336413,712.811542855,4.641655532,37.875899926
laser 004,circular_cone,2117.976139,1123.000000,0.060353571,4.634441497,-37.775694428,712.799828234,4.636388913,37.778165332
laser 004,circular_cone,2117.941828,1124.000000,0.066615380,4.631058360,-37.678293633,712.792611087,4.632721730,37.680708730
laser 004,circular_cone,2117.913990,1125.000000,0.070848330,4.628316679,-37.581003652,712.787454562,4.629787580,37.583379805
laser 004,circular_cone,2117.882543,1126.000000,0.076214183,4.625217466,-37.483654699,712.781147450,4.626444762,37.485982491
laser 004,circular_cone,2117.847805,1127.000000,0.082613159,4.621792253,-37.386252560,712.773791098,4.622729313,37.388523406
laser 004,circular_cone,2117.825269,1128.000000,0.085186854,4.619576070,-37.289055923,712.770319865,4.620395553,37.291301614
laser 004,circular_cone,2117.838042,1129.000000,0.076689290,4.620858268,-37.192447370,712.778092991,4.622059893,37.194759917
laser 004,circular_cone,2117.875810,1130.000000,0.060354286,4.624617066,-37.096251302,712.793826066,4.626554588,37.098695838
laser 004,circular_cone,2117.913095,1131.000000,0.044171289,4.628328180,-37.000043084,712.809404741,4.630994737,37.002618347
laser 004,circular_cone,2117.920027,1132.000000,0.037508409,4.629031798,-36.903329984,712.815314491,4.631997687,36.905956855
laser 004,circular_cone,2117.880939,1133.000000,0.045279593,4.625175444,-36.805858142,712.806564612,4.627789163,36.808416663
laser 004,circular_cone,2117.835122,1134.000000,0.055162048,4.620652480,-36.708278360,712.795670510,4.622818734,36.710750987
laser 004,circular_cone,2117.804366,1135.000000,0.060322262,4.617621895,-36.610948147,712.789572480,4.619553830,36.613374125
laser 004,circular_cone,2117.778415,1136.000000,0.063976751,4.615067445,-36.513698122,712.785003734,4.616833024,36.516089963
laser 004,circular_cone,2117.744390,1137.000000,0.070164345,4.611713109,-36.416317995,712.777862340,4.613197997,36.418654649
laser 004,circular_cone,2117.712750,1138.000000,0.075605109,4.608595144,-36.318978632,712.771479477,4.609833051,36.321266305
laser 004,circular_cone,2117.692418,1139.000000,0.077500990,4.606597543,-36.221824199,712.768696905,4.607748473,36.224092352
laser 004,circular_cone,2117.667818,1140.000000,0.080736424,4.604177144,-36.124601692,712.764553882,4.605180634,36.126839194
laser 004,circular_cone,2117.622030,1141.000000,0.090617017,4.599657756,-36.027039181,712.753661946,4.600213869,36.029190805
laser 004,circular_cone,2117.568291,1142.000000,0.102991611,4.594350882,-35.929352045,712.740237106,4.594347047,35.931397064
laser 004,circular_cone,2117.514658,1143.000000,0.115333685,4.589054726,-35.831670377,712.726845344,4.588492411,35.833609062
laser 004,circular_cone,2117.456006,1144.000000,0.129250107,4.583261640,-35.733912304,712.711854703,4.582069786,35.735731572
laser 004,circular_cone,2117.465944,1145.000000,0.121662096,4.584262728,-35.637250993,712.718704301,4.583411968,35.639129560
laser 004,circular_cone,2117.436938,1146.000000,0.126285680,4.581406299,-35.539969246,712.713151660,4.580345446,35.541805625
laser 004,circular_cone,2117.458867,1147.000000,0.114940382,4.583595151,-35.443496036,712.723817219,4.583044983,35.445422940
laser 004,circular_cone,2117.514242,1148.000000,0.093108711,4.589097181,-35.347548474,712.745132831,4.589531016,35.349653049
laser 004,circular_cone,2117.478705,1149.000000,0.099784185,4.585593705,-35.250162726,712.737496319,4.585724833,35.252208062
laser 004,circular_cone,2117.471148,1150.000000,0.097687485,4.584861897,-35.153218805,712.738768926,4.585086263,35.155277803
laser 004,circular_cone,2117.496227,1151.000000,0.085358547,4.587362960,-35.056786036,712.750433470,4.588142410,35.058943733
laser 004,circular_cone,2117.445275,1152.000000,0.096871288,4.582332569,-34.959162051,712.737884286,4.582590977,34.961220309
laser 004,circular_cone,2117.411321,1153.000000,0.103055119,4.578986063,-34.861806466,712.730747210,4.578963957,34.863809572
laser 004,circular_cone,2117.385769,1154.000000,0.106605617,4.576471864,-34.764583477,712.726284589,4.576288104,34.766553315
laser 004,circular_cone,2117.372001,1155.000000,0.106462468,4.575124917,-34.667544393,712.725573268,4.574946220,34.669511658
laser 004,circular_cone,2117.367809,1156.000000,0.103318010,4.574726490,-34.570653559,712.727910098,4.574688325,34.572643195
laser 004,circular_cone,2117.362173,1157.000000,0.100627516,4.574185044,-34.473739920,712.729785894,4.574266922,34.475748156
laser 004,circular_cone,2117.347111,1158.000000,0.100893751,4.572709963,-34.376681015,712.728658860,4.572778428,34.378683277
laser 004,circular_cone,2117.318420,1159.000000,0.105434515,4.569884974,-34.279413672,712.723190653,4.569747089,34.281374437
laser 004,circular_cone,2117.280955,1160.000000,0.112727394,4.566191022,-34.182013850,712.714927443,4.565722567,34.183910247
laser 004,circular_cone,2117.261232,1161.000000,0.114458616,4.564254386,-34.084886668,712.712312656,4.563706395,34.086764917
laser 004,circular_cone,2117.265443,1162.000000,0.108686874,4.564688279,-33.988123878,712.717317847,4.564399409,33.990046333
laser 004,circular_cone,2117.259831,1163.000000,0.105996200,4.564149274,-33.891211004,712.719193940,4.563980457,33.893152060
laser 004,circular_cone,2117.225555,1164.000000,0.112293993,4.560771313,-33.793864729,712.711941451,4.560316843,33.795749688
laser 004,circular_cone,2117.183700,1165.000000,0.120969077,4.556642823,-33.696406369,712.702274647,4.555795396,33.698215474
laser 004,circular_cone,2117.173580,1166.000000,0.119695507,4.555657387,-33.599427316,712.702711615,4.554866052,33.601243245
laser 004,circular_cone,2117.188671,1167.000000,0.110518743,4.557168828,-33.502825747,712.711174978,4.556790306,33.504714180
laser 004,circular_cone,2117.190899,1168.000000,0.105376051,4.557406351,-33.406029896,712.715541395,4.557258559,33.407957309
laser 004,circular_cone,2117.178062,1169.000000,0.104957991,4.556151845,-33.309008646,712.715109560,4.556021531,33.310935774
laser 004,circular_cone,2117.164704,1170.000000,0.104704499,4.554845754,-33.211979859,712.714510612,4.554725490,33.213905334
laser 004,circular_cone,2117.159046,1171.000000,0.102037984,4.554302278,-33.115065284,712.716362307,4.554300980,33.117009161
laser 004,circular_cone,2117.158360,1172.000000,0.097813750,4.554251236,-33.018223661,712.719796005,4.554439213,33.020198884
laser 004,circular_cone,2117.148158,1173.000000,0.096574376,4.553257746,-32.921241155,712.720198352,4.553500274,32.923222920
laser 004,circular_cone,2117.123223,1174.000000,0.099955606,4.550805143,-32.824042463,712.715908134,4.550893665,32.825992370
laser 004,circular_cone,2117.084475,1175.000000,0.107668826,4.546984615,-32.726642968,712.707218477,4.546723600,32.728525017
laser 004,circular_cone,2117.043164,1176.000000,0.116186615,4.542910379,-32.629208549,712.697711759,4.542263514,32.631016053
laser 004,circular_cone,2117.002637,1177.000000,0.124459577,4.538913907,-32.531788208,712.688453722,4.537892242,32.533523202
laser 004,circular_cone,2116.954616,1178.000000,0.135082928,4.534175465,-32.434261841,712.676808735,4.532672912,32.435904792
laser 004,circular_cone,2116.916372,1179.000000,0.142642083,4.530405322,-32.336880041,712.668275706,4.528560189,32.338456415
laser 004,circular_cone,2116.925550,1180.000000,0.135335662,4.531331035,-32.240183958,712.674839758,4.529814299,32.241817295
laser 004,circular_cone,2116.989372,1181.000000,0.110898579,4.537667969,-32.144271219,712.698801191,4.537252847,32.146103882
laser 004,circular_cone,2117.049365,1182.000000,0.087661677,4.543626132,-32.048297251,712.721543720,4.544258452,32.050319266
laser 004,circular_cone,2117.009100,1183.000000,0.095860406,4.539655550,-31.950885400,712.712361223,4.539916423,31.952835522
laser 004,circular_cone,2116.956725,1184.000000,0.107856919,4.534485861,-31.853303725,712.699321868,4.534203869,31.855150394
laser 004,circular_cone,2117.667410,1217.000000,-0.260454922,4.605463168,-28.666383975,713.045112719,4.621759891,28.671167525
laser 004,circular_cone,2117.342057,1219.000000,-0.167134067,4.573258712,-28.468450169,712.948631573,4.585340534,28.472450695
laser 004,circular_cone,2117.256869,1220.000000,-0.144790700,4.564836361,-28.370486275,712.925085715,4.575908316,28.374297371
laser 004,circular_cone,2117.219971,1221.000000,-0.137596773,4.561198470,-28.273139297,712.916924505,4.571944346,28.276886858
laser 004,circular_cone,2117.200535,1222.000000,-0.135879878,4.559290565,-28.176014573,712.914325367,4.569957576,28.179744113
laser 004,circular_cone,2117.094867,1224.000000,-0.111488406,4.548857953,-27.980931864,712.887844279,4.558421284,27.984451203
laser 004,circular_cone,2116.993239,1225.000000,-0.083986110,4.538808831,-27.882787834,712.859059751,4.547129440,27.886074872
laser 004,circular_cone,2116.893826,1226.000000,-0.057179586,4.528979917,-27.784679307,712.830981879,4.536089211,27.787739827
laser 004,circular_cone,2116.831647,1227.000000,-0.042051477,4.522839252,-27.687039382,712.814763683,4.529264351,27.689970434
laser 004,circular_cone,2116.798176,1228.000000,-0.035926240,4.519541910,-27.589758003,712.807688072,4.525689170,27.592634403
laser 004,circular_cone,2116.764620,1229.000000,-0.029773260,4.516236230,-27.492477573,712.800584324,4.522104400,27.495299090
laser 004,circular_cone,2116.726573,1230.000000,-0.022210773,4.512485894,-27.395144148,712.792049243,4.518011354,27.397899070
laser 004,circular_cone,2116.691391,1231.000000,-0.015545733,4.509019373,-27.297848074,712.784425567,4.514242631,27.300543858
laser 004,circular_cone,2116.653449,1232.000000,-0.008014105,4.505279637,-27.200520584,712.775921901,4.510161579,27.203150030
laser 004,circular_cone,2116.588134,1233.000000,0.008102288,4.498829568,-27.102863876,712.758700389,4.502982709,27.105355642
laser 004,circular_cone,2116.565782,1234.000000,0.010747127,4.496633770,-27.005730525,712.755159371,4.500666167,27.008196563
laser 004,circular_cone,2116.476278,1235.000000,0.034449667,4.487789187,-26.907790581,712.730234201,4.490750376,26.910055899
laser 004,circular_cone,2116.431603,1236.000000,0.044096042,4.483383452,-26.810394707,712.719583184,4.485907874,26.812576113
laser 004,circular_cone,2116.401568,1237.000000,0.049153118,4.480427256,-26.713176591,712.713592651,4.482722057,26.715312223
laser 004,circular_cone,2116.376697,1238.000000,0.052592215,4.477982366,-26.616021595,712.709245209,4.480120574,26.618124900
laser 004,circular_cone,2116.372585,1239.000000,0.049523777,4.477592667,-26.519113880,712.711506192,4.479868009,26.521238936
laser 004,circular_cone,2116.357648,1240.000000,0.049850614,4.476131295,-26.422077775,712.710319294,4.478390521,26.424196367
laser 004,circular_cone,2116.300295,1241.000000,0.063477428,4.470470857,-26.324543016,712.695626334,4.472113658,26.326544619
laser 004,circular_cone,2116.228620,1242.000000,0.081594979,4.463392928,-26.226844466,712.676373106,4.464216609,26.228691763
laser 004,circular_cone,2116.160125,1243.000000,0.098715833,4.456630170,-26.129188387,712.658132082,4.456679717,26.130889660
laser 004,circular_cone,2116.103195,1244.000000,0.112211619,4.451012470,-26.031671903,712.643572351,4.450451506,26.033257278
laser 004,circular_cone,2116.069761,1245.000000,0.118342739,4.447720560,-25.934431768,712.636491433,4.446881500,25.935962446
laser 004,circular_cone,2116.062789,1246.000000,0.116179857,4.447047832,-25.837499157,712.637833032,4.446305035,25.839044062
laser 004,circular_cone,2116.078412,1247.000000,0.106935110,4.448611521,-25.740826149,712.646366205,4.448284636,25.742444132
laser 004,circular_cone,2116.107081,1248.000000,0.093601551,4.451466569,-25.644300388,712.659051516,4.451740151,25.646025427
laser 004,circular_cone,2116.123112,1249.000000,0.084230820,4.453070766,-25.547626949,712.667712616,4.453765947,25.549426113
laser 004,circular_cone,2116.106355,1250.000000,0.085140307,4.451429517,-25.450578281,712.665934299,4.452082289,25.452366141
laser 004,circular_cone,2116.054342,1251.000000,0.097103561,4.446298644,-25.353130691,712.652931074,4.446410081,25.354815389
laser 004,circular_cone,2115.972843,1252.000000,0.118310670,4.438249650,-25.255353928,712.630540918,4.437402519,25.256858648
laser 004,circular_cone,2115.876981,1253.000000,0.144019686,4.428779753,-25.157421898,712.603579228,4.426770856,25.158709230
laser 004,circular_cone,2115.807411,1254.000000,0.161487332,4.421912371,-25.059791746,712.584986576,4.419113693,25.060930175
laser 004,circular_cone,2115.814703,1255.000000,0.154864827,4.422651316,-24.963024087,712.590857046,4.420150196,24.964213805
laser 004,circular_cone,2115.870282,1256.000000,0.133108014,4.428168892,-24.866791438,712.612096085,4.426648435,24.868158211
laser 004,circular_cone,2115.923629,1257.000000,0.112050828,4.433465905,-24.770528393,712.632624638,4.432894533,24.772066407
laser 004,circular_cone,2115.946749,1258.000000,0.100469427,4.435771553,-24.673926551,712.643530726,4.435721565,24.675557062
laser 004,circular_cone,2115.925673,1259.000000,0.102743716,4.433703073,-24.576836392,712.640366702,4.433549077,24.578444258
laser 004,circular_cone,2115.880839,1260.000000,0.112466700,4.429283330,-24.479487249,712.629638751,4.428689120,24.481010573
laser 004,circular_cone,2115.832887,1261.000000,0.123167965,4.424555166,-24.382107116,712.617917427,4.423476588,24.383537768
laser 004,circular_cone,2115.787370,1262.000000,0.133106830,4.420068142,-24.284756662,712.606970344,4.418539607,24.286100977
laser 004,circular_cone,2115.752576,1263.000000,0.139685552,4.416642389,-24.187525145,712.599435431,4.414815561,24.188811047
laser 004,circular_cone,2115.733107,1264.000000,0.141461884,4.414733219,-24.090460704,712.596777232,4.412824860,24.091728101
laser 004,circular_cone,2115.719879,1265.000000,0.141283239,4.413441657,-23.993463947,712.596104273,4.411540009,23.994729085
laser 004,circular_cone,2115.704272,1266.000000,0.141851489,4.411914698,-23.896442018,712.594672887,4.409986048,23.897698690
laser 004,circular_cone,2115.681972,1267.000000,0.144518797,4.409725463,-23.799349348,712.591110004,4.407675068,23.800580112
laser 004,circular_cone,2115.645965,1268.000000,0.151483508,4.406179941,-23.702112525,712.583183290,4.403813834,23.703281670
laser 004,circular_cone,2115.607059,1269.000000,0.159357887,4.402347664,-23.604847336,712.574332879,4.399624786,23.605947302
laser 004,circular_cone,2115.615561,1270.000000,0.152374590,4.403206360,-23.508082587,712.580569907,4.400797331,23.509236841
laser 004,circular_cone,2115.665324,1271.000000,0.132459567,4.408147933,-23.411747832,712.599938593,4.406636440,23.413063836
laser 004,circular_cone,2115.691587,1272.000000,0.119911005,4.410764284,-23.315163045,712.611826911,4.409817836,23.316579584
laser 004,circular_cone,2115.675799,1273.000000,0.120544600,4.409219480,-23.218138786,712.610329295,4.408243083,23.219546318
laser 004,circular_cone,2115.656448,1274.000000,0.122296246,4.407322121,-23.121078168,712.607696368,4.406265312,23.122467402
laser 004,circular_cone,2115.656189,1275.000000,0.118064648,4.407314017,-23.024214738,712.611139184,4.406446857,23.025635394
laser 004,circular_cone,2115.654257,1276.000000,0.114358652,4.407140374,-22.927333275,712.614048285,4.406439139,22.928780985
laser 004,circular_cone,2115.630025,1277.000000,0.117643969,4.404760062,-22.830223564,712.609858048,4.403909192,22.831640231
laser 004,circular_cone,2115.624915,1278.000000,0.114936592,4.404271961,-22.733309287,712.611753131,4.403541944,22.734744711
laser 004,circular_cone,2115.642629,1279.000000,0.105075972,4.406042404,-22.636625407,712.620911994,4.405756110,22.638139031
laser 004,circular_cone,2115.658913,1280.000000,0.095664599,4.407671396,-22.539924680,712.629614666,4.407808548,22.541512770
laser 004,circular_cone,2115.668569,1281.000000,0.088331974,4.408644540,-22.443155160,712.636206474,4.409111312,22.444800442
laser 004,circular_cone,2115.661212,1282.000000,0.086333721,4.407934122,-22.346214000,712.637381514,4.408489742,22.347872146
laser 004,circular_cone,2115.633209,1283.000000,0.090808758,4.405180643,-22.249067292,712.631983294,4.405532931,22.250684510
laser 004,circular_cone,2115.600388,1284.000000,0.096795241,4.401950460,-22.151874407,712.625050315,4.402031194,22.153438137
laser 004,circular_cone,2115.584709,1285.000000,0.097409387,4.400416593,-22.054852393,712.623572676,4.400468263,22.056407279
laser 004,circular_cone,2115.587485,1286.000000,0.092239666,4.400708923,-21.958011905,712.627968242,4.400992589,21.959606010
laser 004,circular_cone,2115.607257,1287.000000,0.081743223,4.402683112,-21.861336296,712.637772787,4.403439202,21.863013884
laser 004,circular_cone,2115.601578,1288.000000,0.079226269,4.402138811,-21.764410531,712.639474637,4.403007163,21.766105295
laser 004,circular_cone,2115.513761,1289.000000,0.102458572,4.393466780,-21.666689074,712.615029714,4.393285172,21.668187041
laser 004,circular_cone,2115.431961,1290.000000,0.123804495,4.385390694,-21.569032355,712.592500368,4.384244270,21.570349200
laser 004,circular_cone,2115.325328,1291.000000,0.152933386,4.374858308,-21.471143612,712.562067989,4.372395776,21.472214661
laser 004,circular_cone,2115.264574,1292.000000,0.167682720,4.368865465,-21.373701404,712.546237203,4.365735863,21.374646149
laser 004,circular_cone,2115.242675,1293.000000,0.170255712,4.366716628,-21.276632933,712.542770743,4.363469549,21.277552558
laser 004,circular_cone,2115.247667,1294.000000,0.164402274,4.367228052,-21.179819918,712.547860780,4.364243832,21.180784445
laser 004,circular_cone,2115.261979,1295.000000,0.155629007,4.368661511,-21.083093352,712.555915708,4.366071942,21.084127045
laser 004,circular_cone,2115.273759,1296.000000,0.147650348,4.369844522,-20.986340893,712.563163767,4.367613738,20.987437148
laser 004,circular_cone,2115.274913,1297.000000,0.143003181,4.369976321,-20.889487320,712.567028934,4.367953952,20.890618454
laser 004,circular_cone,2115.261243,1298.000000,0.143003360,4.368641578,-20.792495010,712.566175067,4.366617862,20.793622405
laser 004,circular_cone,2115.246685,1299.000000,0.143283077,4.367219003,-20.695494758,712.565037370,4.365181322,20.696616090
laser 004,circular_cone,2115.255038,1300.000000,0.136383213,4.368063029,-20.598705720,712.571190022,4.366335441,20.599880650
laser 004,circular_cone,2115.284154,1301.000000,0.122976646,4.370961227,-20.502105249,712.583949739,4.369837422,20.503387847
laser 004,circular_cone,2115.301392,1302.000000,0.113293948,4.372684374,-20.405393051,712.592928144,4.371996269,20.406752373
laser 004,circular_cone,2115.282858,1303.000000,0.114824877,4.370868426,-20.308353837,712.590519987,4.370109883,20.309696699
laser 004,circular_cone,2115.249453,1304.000000,0.121018156,4.367581272,-20.211181015,712.583377609,4.366541851,20.212468675
laser 004,circular_cone,2115.230044,1305.000000,0.122825730,4.365678828,-20.114135964,712.580688595,4.364556484,20.115404865
laser 004,circular_cone,2115.222458,1306.000000,0.120928787,4.364946066,-20.017197425,712.581761240,4.363908005,20.018478352
laser 004,circular_cone,2115.199112,1307.000000,0.123972782,4.362654179,-19.920118352,712.577816789,4.361477388,19.921370247
laser 004,circular_cone,2115.148539,1308.000000,0.135551577,4.357668862,-19.822799234,712.565205998,4.355968113,19.823951176
laser 004,circular_cone,2115.084807,1309.000000,0.151255308,4.351382040,-19.725367622,712.548406737,4.348971151,19.726385333
laser 004,circular_cone,2115.045176,1310.000000,0.159406365,4.347479504,-19.628151995,712.539276617,4.344699372,19.629098236
laser 004,circular_cone,2115.062216,1311.000000,0.149797818,4.349182779,-19.531433426,712.548179851,4.346835005,19.532455776
laser 004,circular_cone,2115.108495,1312.000000,0.131026217,4.353778496,-19.434966370,712.566387345,4.352276665,19.436140971
laser 004,circular_cone,2115.128609,1313.000000,0.120455934,4.355786035,-19.338268328,712.576267117,4.354759972,19.339527029
laser 004,circular_cone,2115.116511,1314.000000,0.119982992,4.354607018,-19.241290695,712.575893962,4.353600968,19.242549590
laser 004,circular_cone,2115.112064,1315.000000,0.117113202,4.354184890,-19.144378640,712.577954602,4.353307038,19.145657647
laser 004,circular_cone,2115.139635,1316.000000,0.104208902,4.356930210,-19.047738555,712.590204355,4.356633475,19.049121057
laser 004,circular_cone,2115.176991,1317.000000,0.088238221,4.360643680,-18.951178034,712.605567716,4.361066467,18.952689512
laser 004,circular_cone,2115.187715,1318.000000,0.080616375,4.361722498,-18.854389005,712.612453622,4.362487973,18.855960083
laser 004,circular_cone,2115.148329,1319.000000,0.088703276,4.357843838,-18.757178139,712.603388835,4.358242971,18.758678281
laser 004,circular_cone,2115.100818,1320.000000,0.099337946,4.353161509,-18.659902033,712.591737080,4.353079304,18.661310069
laser 004,circular_cone,2115.071160,1321.000000,0.104377653,4.350245433,-18.562777213,712.585766496,4.349934424,18.564139636
laser 004,circular_cone,2115.050804,1322.000000,0.106502894,4.348249600,-18.465730799,712.582755289,4.347841335,18.467071827
laser 004,circular_cone,2115.024908,1323.000000,0.110365772,4.345705771,-18.368639764,712.577979715,4.345121822,18.369944959
laser 004,circular_cone,2114.979523,1324.000000,0.120338220,4.341234166,-18.271390955,712.567000537,4.340198770,18.272609547
laser 004,circular_cone,2114.924669,1325.000000,0.133279298,4.335826098,-18.174068283,712.553007073,4.334205264,18.175175604
laser 004,circular_cone,2114.894098,1326.000000,0.138610668,4.332820092,-18.076945584,712.546740510,4.330957292,18.078004869
laser 004,circular_cone,2114.908369,1327.000000,0.129889270,4.334249515,-17.980184850,712.554743055,4.332779036,17.981312874
laser 004,circular_cone,2114.937451,1328.000000,0.116526776,4.337144016,-17.883540313,712.567458128,4.336275340,17.884775640
laser 004,circular_cone,2114.917436,1329.000000,0.118553578,4.335182115,-17.786502167,712.564547050,4.334220630,17.787716919
laser 004,circular_cone,2114.858752,1330.000000,0.132701093,4.329395431,-17.689159220,712.549328761,4.327794056,17.690252678
laser 004,circular_cone,2114.813172,1331.000000,0.142742419,4.324905071,-17.591923453,712.538279901,4.322849143,17.592929738
laser 004,circular_cone,2114.826376,1332.000000,0.134361716,4.326228917,-17.495150208,712.545936563,4.324549936,17.496222400
laser 004,circular_cone,2114.887921,1333.000000,0.110830913,4.332334298,-17.398750690,712.568976413,4.331716078,17.400014682
laser 004,circular_cone,2114.936251,1334.000000,0.091442049,4.337132866,-17.302242795,712.587810568,4.337388458,17.303664168
laser 004,circular_cone,2114.943433,1335.000000,0.084951529,4.337861276,-17.205413482,712.593547939,4.338408500,17.206885056
laser 004,circular_cone,2114.908424,1336.000000,0.091686927,4.334416221,-17.108260111,712.585855962,4.334658110,17.109671984
laser 004,circular_cone,2114.853852,1337.000000,0.104555132,4.329036207,-17.010960172,712.571936890,4.328695952,17.012261382
laser 004,circular_cone,2114.817842,1338.000000,0.111606282,4.325492371,-16.913804331,712.563924384,4.324832531,16.915043217
laser 004,circular_cone,2114.810120,1339.000000,0.109792384,4.324746554,-16.816863244,712.564913292,4.324167263,16.818113470
laser 004,circular_cone,2114.801118,1340.000000,0.108380894,4.323874144,-16.719912347,712.565493619,4.323357240,16.721170571
laser 004,circular_cone,2114.766675,1341.000000,0.114944465,4.320485427,-16.622772364,712.557976282,4.319670946,16.623972315
laser 004,circular_cone,2114.719108,1342.000000,0.125622345,4.315798783,-16.525537554,712.546281417,4.314501023,16.526645045
laser 004,circular_cone,2114.678338,1343.000000,0.134170895,4.311784529,-16.428355847,712.536748663,4.310099599,16.429388572
laser 004,circular_cone,2114.636444,1344.000000,0.143072686,4.307659236,-16.331168561,712.526857278,4.305571194,16.332123584
laser 004,circular_cone,2114.593173,1345.000000,0.152406978,4.303397897,-16.233974008,712.516526788,4.300887220,16.234847737
laser 004,circular_cone,2114.595670,1346.000000,0.147399295,4.303662789,-16.137112253,712.520758743,4.301376819,16.138023863
laser 004,circular_cone,2114.640740,1347.000000,0.129050428,4.308138027,-16.040554461,712.538536922,4.306678932,16.041614811
laser 004,circular_cone,2114.673797,1348.000000,0.114466995,4.311425383,-15.943906293,712.552491778,4.310623207,15.945084094
laser 004,circular_cone,2114.680606,1349.000000,0.108111054,4.312116843,-15.847068510,712.558092706,4.311600230,15.848295396
laser 004,circular_cone,2114.665506,1350.000000,0.108623074,4.310641458,-15.750075050,712.556720154,4.310100414,15.751293950
laser 004,circular_cone,2114.627518,1351.000000,0.116309823,4.306902461,-15.652921914,712.548062666,4.306013150,15.654073211
laser 004,circular_cone,2114.580226,1352.000000,0.126913532,4.302243441,-15.555706497,712.536443446,4.300874203,15.556765952
laser 004,circular_cone,2114.547832,1353.000000,0.132849123,4.299057889,-15.458597160,712.529564096,4.297419423,15.459603564
laser 004,circular_cone,2114.541260,1354.000000,0.130693291,4.298425999,-15.361666934,712.530900488,4.296883522,15.362687521
laser 004,circular_cone,2114.543267,1355.000000,0.125849993,4.298642526,-15.264794868,712.534965635,4.297317340,15.265851971
laser 004,circular_cone,2114.532184,1356.000000,0.125110354,4.297564549,-15.167833007,712.534864111,4.296271430,15.168892527
laser 004,circular_cone,2114.508094,1357.000000,0.128448366,4.295200295,-15.070783611,712.530622337,4.293755196,15.071811665
laser 004,circular_cone,2114.560569,1358.000000,0.107791482,4.300407847,-14.974247604,712.550743929,4.299893802,14.975443577
laser 004,circular_cone,2114.529536,1359.000000,0.113308160,4.297356924,-14.877151080,712.544290066,4.296592563,14.878297484
laser 004,circular_cone,2114.502428,1360.000000,0.117595830,4.294694223,-14.780082250,712.539084114,4.293735018,14.781189296
laser 004,circular_cone,2114.490748,1361.000000,0.117049420,4.293557267,-14.683116059,712.538786482,4.292621411,14.684223918
laser 004,circular_cone,2114.485531,1362.000000,0.114478667,4.293059463,-14.586192082,712.540544285,4.292238326,14.587317573
laser 004,circular_cone,2114.470578,1363.000000,0.114960499,4.291598862,-14.489204615,712.539202664,4.290754663,14.490322374
laser 004,circular_cone,2114.443637,1364.000000,0.119200677,4.288952790,-14.392140445,712.534045037,4.287915894,14.393219243
laser 004,circular_cone,2114.424275,1365.000000,0.121066739,4.287056239,-14.295126098,712.531297990,4.285933804,14.296185662
laser 004,circular_cone,2114.427100,1366.000000,0.115980512,4.287353736,-14.198253249,712.535609941,4.286459560,14.199351349
laser 004,circular_cone,2114.437689,1367.000000,0.108462119,4.288419029,-14.101428154,712.542391386,4.287862891,14.102584999
laser 004,circular_cone,2114.432681,1368.000000,0.105833186,4.287941956,-14.004503638,712.544208355,4.287503166,14.005678601
laser 004,circular_cone,2114.402127,1369.000000,0.111211929,4.284938677,-13.907419912,712.537894810,4.284255801,13.908546454
laser 004,circular_cone,2114.353882,1370.000000,0.122136196,4.280186094,-13.810228768,712.525950705,4.279008830,13.811260807
laser 004,circular_cone,2114.311585,1371.000000,0.131197266,4.276021826,-13.713077333,712.515898422,4.274434271,13.714030354
laser 004,circular_cone,2114.278909,1372.000000,0.137244232,4.272808994,-13.615987176,712.508906517,4.270947193,13.616886223
laser 004,circular_cone,2114.265723,1373.000000,0.137184483,4.271523347,-13.519016645,712.508115019,4.269662933,13.519912462
laser 004,circular_cone,2114.279020,1374.000000,0.128826504,4.272856304,-13.422205140,712.515749029,4.271371827,13.423166680
laser 004,circular_cone,2114.322088,1375.000000,0.111139260,4.277133126,-13.325568803,712.532855363,4.276445671,13.326673587
laser 004,circular_cone,2114.401494,1376.000000,0.082063077,4.285003608,-13.229142604,712.561525240,4.285627227,13.230485267
laser 004,circular_cone,2114.484991,1377.000000,0.051703441,4.293279331,-13.132732654,712.591498198,4.295271954,13.134323862
laser 004,circular_cone,2114.446015,1378.000000,0.059733947,4.289443020,-13.035601256,712.582492413,4.291071870,13.037122009
laser 004,circular_cone,2114.464523,1379.000000,0.049746999,4.291291727,-12.938804628,712.591780319,4.293370041,12.940404640
laser 004,circular_cone,2114.368413,1380.000000,0.075688303,4.281805342,-12.841347861,712.564589252,4.282711463,12.842728591
laser 004,circular_cone,2114.297332,1381.000000,0.093784339,4.274794641,-12.744041046,712.545363780,4.274882673,12.745267684
laser 004,circular_cone,2114.278652,1382.000000,0.095457598,4.272965779,-12.647035562,712.542812843,4.272976981,12.648244570
laser 004,circular_cone,2114.297605,1383.000000,0.085337100,4.274858225,-12.550241786,712.552236422,4.275324920,12.551531164
laser 004,circular_cone,2114.321412,1384.000000,0.073696151,4.277230733,-12.453472462,712.563203746,4.278221549,12.454854843
laser 004,circular_cone,2114.330014,1385.000000,0.066821991,4.278099711,-12.356616221,712.569331235,4.279399493,12.358051998
laser 004,circular_cone,2114.323972,1386.000000,0.064539037,4.277520578,-12.259678109,712.570797180,4.278922099,12.261129130
laser 004,circular_cone,2114.297771,1387.000000,0.068575978,4.274947975,-12.162630059,712.565846425,4.276165981,12.164043812
laser 004,circular_cone,2114.250620,1388.000000,0.079180490,4.270303795,-12.065470433,712.554227523,4.271041853,12.066792344
laser 004,circular_cone,2114.155436,1389.000000,0.104840019,4.260910399,-11.968057158,712.527323046,4.260488985,11.969162131
laser 004,circular_cone,2114.047483,1390.000000,0.134500374,4.250255295,-11.870583533,712.496356548,4.248493831,11.871438324
laser 004,circular_cone,2114.024911,1391.000000,0.137404040,4.248041986,-11.773567437,712.492556610,4.246148159,11.774394378
laser 004,circular_cone,2112.097039,1560.000000,0.054476759,4.060732631,4.611145597,712.433068788,4.062367507,-4.610256749
laser 004,circular_cone,2111.853385,1598.000000,-0.018834339,4.037418732,8.295718920,712.475253455,4.042315953,-8.294361400
laser 004,circular_cone,2111.853812,1599.000000,-0.022883375,4.037480905,8.392714175,712.478515591,4.042559663,-8.391326707
laser 004,circular_cone,2111.843513,1600.000000,-0.023569222,4.036483675,8.489669701,712.478363890,4.041592171,-8.488280227
laser 004,circular_cone,2111.798413,1601.000000,-0.013345885,4.032049217,8.586491736,712.467138720,4.036695059,-8.585190892
laser 004,circular_cone,2111.726719,1602.000000,0.005213459,4.024988426,8.683207612,712.447452052,4.028795364,-8.682064655
laser 004,circular_cone,2111.665944,1603.000000,0.020350993,4.019006348,8.779961046,712.431238784,4.022128827,-8.778947547
laser 004,circular_cone,2111.632342,1604.000000,0.026973262,4.015707952,8.876817918,712.423669054,4.018530315,-8.875863129
laser 004,circular_cone,2111.614951,1605.000000,0.028516217,4.014010505,8.973737799,712.421255145,4.016762010,-8.972799520
laser 004,circular_cone,2111.595812,1606.000000,0.030608203,4.012140463,9.070650012,712.418283965,4.014796330,-9.069732806
laser 004,circular_cone,2111.581731,1607.000000,0.031116268,4.010769928,9.167582208,712.416920573,4.013401648,-9.166672913
laser 004,circular_cone,2111.597782,1608.000000,0.022182329,4.012374981,9.264638833,712.425141329,4.015408725,-9.263659004
laser 004,circular_cone,2111.629107,1609.000000,0.008462388,4.015488470,9.361761662,712.438220120,4.019140257,-9.360671536
laser 004,circular_cone,2111.656770,1610.000000,-0.004109084,4.018240434,9.458872656,712.450133144,4.022458427,-9.457681776
laser 004,circular_cone,2111.663092,1611.000000,-0.009990836,4.018884854,9.555895856,712.455255764,4.023367110,-9.554659799
laser 004,circular_cone,2111.656262,1612.000000,-0.011749207,4.018230403,9.652863802,712.456192962,4.022790811,-9.651616827
laser 004,circular_cone,2111.654477,1613.000000,-0.015087615,4.018074205,9.749854056,712.458733986,4.022784081,-9.748583036
laser 004,circular_cone,2111.650600,1614.000000,-0.017769118,4.017711413,9.846835876,712.460608232,4.022541108,-9.845546267
laser 004,circular_cone,2111.624322,1615.000000,-0.013428198,4.015136329,9.943718755,712.455354424,4.019768882,-9.942468901
laser 004,circular_cone,2111.559130,1616.000000,0.003110321,4.008718358,10.040425708,712.437719561,4.012603223,-10.039316949
laser 004,circular_cone,2111.558838,1617.000000,-0.000690967,4.008709617,10.137421899,712.440730505,4.012764845,-10.136285247
laser 004,circular_cone,2111.509155,1618.000000,0.010988774,4.003823451,10.234193140,712.428027591,4.007350296,-10.233157214
laser 004,circular_cone,2111.555390,1619.000000,-0.007392320,4.008409344,10.331403753,712.445837646,4.012764620,-10.330218805
laser 004,circular_cone,2111.537811,1620.000000,-0.005771858,4.006693487,10.428321967,712.443345340,4.010974413,-10.427154170
laser 004,circular_cone,2111.544856,1621.000000,-0.011867917,4.007409345,10.525355380,712.448685609,4.011964210,-10.524140626
laser 004,circular_cone,2111.492155,1622.000000,0.000762971,4.002225164,10.622106772,712.435017366,4.006208718,-10.621000646
laser 004,circular_cone,2111.458986,1623.000000,0.007273155,3.998969909,10.718948069,712.427561898,4.002658413,-10.717899719
laser 004,circular_cone,2111.470961,1624.000000,-0.000364127,4.000172561,10.816005574,712.434466609,4.004204570,-10.814897461
laser 004,circular_cone,2111.533071,1625.000000,-0.023714126,4.006326211,10.913309500,712.457320229,4.011410928,-10.912011082
laser 004,circular_cone,2111.559933,1626.000000,-0.036015853,4.008999210,11.010446344,712.468959476,4.014637963,-11.009049410
laser 004,circular_cone,2111.605728,1627.000000,-0.054251516,4.013542158,11.107680412,712.486621834,4.020002782,-11.106135663
laser 004,circular_cone,2111.611328,1628.000000,-0.059886793,4.014115493,11.204718141,712.491494418,4.020829261,-11.203130262
laser 004,circular_cone,2111.597371,1629.000000,-0.059390385,4.012757336,11.301658519,712.490143183,4.019447492,-11.300078452
laser 004,circular_cone,2111.584323,1630.000000,-0.059177692,4.011488971,11.398603240,712.489079946,4.018168320,-11.397028629
laser 004,circular_cone,2111.574480,1631.000000,-0.059968433,4.010537151,11.495564217,712.489035239,4.017250985,-11.493986724
laser 004,circular_cone,2111.571756,1632.000000,-0.062989534,4.010288425,11.592562140,712.491254416,4.017137413,-11.590963235
laser 004,circular_cone,2111.564648,1633.000000,-0.064635168,4.009606739,11.689537852,712.492077476,4.016528799,-11.687928962
laser 004,circular_cone,2111.504213,1634.000000,-0.049563425,4.003658549,11.786233029,712.475932063,4.009899134,-11.784753044
laser 004,circular_cone,2111.455744,1635.000000,-0.038241813,3.998892307,11.882987439,712.463593163,4.004620680,-11.881605201
laser 004,circular_cone,2111.385174,1636.000000,-0.019992153,3.991943811,11.979620284,712.444222212,3.996847273,-11.978393351
laser 004,circular_cone,2111.351696,1637.000000,-0.013367594,3.988658271,12.076448088,712.436651003,3.993261527,-12.075279880
laser 004,circular_cone,2111.327424,1638.000000,-0.009627284,3.986281834,12.173323989,712.432007388,3.990715066,-12.172190542
laser 004,circular_cone,2111.316254,1639.000000,-0.009992212,3.985199153,12.270270539,712.431530678,3.989647654,-12.269137746
laser 004,circular_cone,2111.333281,1640.000000,-0.019193563,3.986900742,12.367372849,712.440023077,3.991763349,-12.366167298
laser 004,circular_cone,2111.370462,1641.000000,-0.034710986,3.990592536,12.464589802,712.454926365,3.996154328,-12.463259018
laser 004,circular_cone,2111.400640,1642.000000,-0.048032717,3.993592944,12.561771606,712.467600982,3.999754818,-12.560333831
laser 004,circular_cone,2111.388315,1643.000000,-0.048030706,3.992396199,12.658716552,712.466751853,3.998556782,-12.657282480
laser 004,circular_cone,2111.347915,1644.000000,-0.039227353,3.988427101,12.755501348,712.456969304,3.994189140,-12.754144099
laser 004,circular_cone,2111.343757,1645.000000,-0.041782815,3.988036872,12.852491690,712.458716080,3.993913053,-12.851116896
laser 004,circular_cone,2111.388964,1646.000000,-0.059810885,3.992521439,12.949768222,712.476167664,3.999210127,-12.948247337
laser 004,circular_cone,2111.451327,1647.000000,-0.083216737,3.998700522,13.047149626,712.499077700,4.006444446,-13.045437972
laser 004,circular_cone,2111.501648,1648.000000,-0.102847676,4.003690711,13.144466657,712.518156147,4.012319488,-13.142595594
laser 004,circular_cone,2111.470048,1649.000000,-0.096795561,4.000590322,13.241304271,712.511166194,4.008944735,-13.239487174
laser 004,circular_cone,2111.482313,1650.000000,-0.104493885,4.001822120,13.338401510,712.518132991,4.010522804,-13.336524141
laser 004,circular_cone,2111.445262,1651.000000,-0.096730420,3.998183434,13.435204671,712.509406069,4.006532512,-13.433395486
laser 004,circular_cone,2111.439362,1652.000000,-0.098731543,3.997621255,13.532193907,712.510590232,4.006059457,-13.530371782
laser 004,circular_cone,2111.406089,1653.000000,-0.092150135,3.994355782,13.629016856,712.503063157,4.002495733,-13.627253094
laser 004,circular_cone,2111.413527,1654.000000,-0.098330175,3.995110852,13.726087537,712.508488947,4.003528545,-13.724276115
laser 004,circular_cone,2111.407517,1655.000000,-0.100293135,3.994537842,13.823076724,712.509634422,4.003042938,-13.821252679
laser 004,circular_cone,2111.361173,1656.000000,-0.089610389,3.989981615,13.919815442,712.497944592,3.998003345,-13.918083832
laser 004,circular_cone,2111.297660,1657.000000,-0.073544673,3.983730111,14.016443549,712.480791129,3.991025511,-14.014849096
laser 004,circular_cone,2111.244737,1658.000000,-0.060798040,3.978524619,14.113133872,712.467006567,3.985243499,-14.111649001
laser 004,circular_cone,2111.213611,1659.000000,-0.054883019,3.975471611,14.209958933,712.460156076,3.981922320,-14.208526887
laser 004,circular_cone,2111.218205,1660.000000,-0.060163551,3.975945736,14.307010559,712.464668988,3.982633590,-14.305538326
laser 004,circular_cone,2111.260683,1661.000000,-0.077318486,3.980160778,14.404307329,712.481234285,3.987621734,-14.402696258
laser 004,circular_cone,2111.316355,1662.000000,-0.098609249,3.985678973,14.501694213,712.501997372,3.994099706,-14.499909944
laser 004,circular_cone,2111.355129,1663.000000,-0.114602322,3.989528699,14.598976637,712.517383345,3.998670094,-14.597063183
laser 004,circular_cone,2111.358722,1664.000000,-0.119564966,3.989904152,14.696032329,712.521573583,3.999268346,-14.694081328
laser 004,circular_cone,2111.330317,1665.000000,-0.114494631,3.987119590,14.792877746,712.515580521,3.996253740,-14.790972552
laser 004,circular_cone,2111.286160,1666.000000,-0.104484859,3.982779527,14.889616827,712.504574048,3.991460689,-14.887798476
laser 004,circular_cone,2111.250417,1667.000000,-0.097111880,3.979270483,14.986409356,712.496243914,3.987617672,-14.984655941
laser 004,circular_cone,2111.249646,1668.000000,-0.100701264,3.979214967,15.083435413,712.499040394,3.987722973,-15.081655861
laser 004,circular_cone,2111.262244,1669.000000,-0.108480653,3.980479667,15.180553011,712.506089648,3.989337609,-15.178712511
laser 004,circular_cone,2111.233447,1670.000000,-0.103281472,3.977656590,15.277390046,712.499965948,3.986278674,-15.275596422
laser 004,circular_cone,2111.173684,1671.000000,-0.088373640,3.971775797,15.374012791,712.483988230,3.979723820,-15.372346701
laser 004,circular_cone,2111.117533,1672.000000,-0.074597491,3.966251925,15.470656265,712.469159197,3.973576966,-15.469108306
laser 004,circular_cone,2111.079657,1673.000000,-0.066549199,3.962532704,15.567422923,712.460143840,3.969493293,-15.565945510
laser 004,circular_cone,2111.061228,1674.000000,-0.064595737,3.960733696,15.664323334,712.457314607,3.967604926,-15.662865832
laser 004,circular_cone,2111.056584,1675.000000,-0.066962149,3.960295786,15.761320149,712.458869947,3.967272637,-15.759846669
laser 004,circular_cone,2111.055130,1676.000000,-0.070327309,3.960172856,15.858340090,712.461438997,3.967300408,-15.856842333
laser 004,circular_cone,2111.053023,1677.000000,-0.073486573,3.959985463,15.955356174,712.463799082,3.967254423,-15.953835851
laser 004,circular_cone,2111.062695,1678.000000,-0.080337055,3.960961114,16.052457483,712.469905644,3.968538087,-16.050883929
laser 004,circular_cone,2111.087948,1679.000000,-0.092070839,3.963475270,16.149672988,712.480968596,3.971580666,-16.148005632
laser 004,circular_cone,2111.088837,1680.000000,-0.096165816,3.963583752,16.246714745,712.484278415,3.971872790,-16.245017050
laser 004,circular_cone,2111.034550,1681.000000,-0.082962704,3.958244186,16.343354578,712.470031305,3.965936111,-16.341770252
laser 004,circular_cone,2110.960568,1682.000000,-0.063585213,3.950960313,16.439845979,712.449517478,3.957776441,-16.438426317
laser 004,circular_cone,2110.906329,1683.000000,-0.050395952,3.945626015,16.536477787,712.435284534,3.951845655,-16.535171379
laser 004,circular_cone,2110.894845,1684.000000,-0.050607223,3.944512903,16.633423566,712.434652651,3.950740895,-16.632119082
laser 004,circular_cone,2110.919384,1685.000000,-0.062108818,3.946956262,16.730638547,712.445480005,3.953702200,-16.729242191
laser 004,circular_cone,2110.935987,1686.000000,-0.071121869,3.948616180,16.827796919,712.453781582,3.955767742,-16.826329363
laser 004,circular_cone,2110.920239,1687.000000,-0.069992840,3.947082089,16.924713018,712.451789382,3.954181509,-16.923258522
laser 004,circular_cone,2110.894317,1688.000000,-0.065673416,3.944543554,17.021551303,712.446559095,3.951446832,-17.020136370
laser 004,circular_cone,2110.892124,1689.000000,-0.068790937,3.944347769,17.118569757,712.448876997,3.951390575,-17.117132605
laser 004,circular_cone,2110.919986,1690.000000,-0.081328630,3.947119329,17.215820130,712.460755944,3.954726848,-17.214282497
laser 004,circular_cone,2110.960922,1691.000000,-0.097964076,3.951181857,17.313174989,712.476793902,3.959539043,-17.311502831
laser 004,circular_cone,2110.997807,1692.000000,-0.113329061,3.954844592,17.410502823,712.491542384,3.963894101,-17.408706695
laser 004,circular_cone,2111.021843,1693.000000,-0.124665118,3.957238754,17.507734274,712.502201688,3.966798740,-17.505847649
laser 004,circular_cone,2111.022674,1694.000000,-0.128725064,3.957341661,17.604786199,712.505476107,3.967083715,-17.602869524
laser 004,circular_cone,2110.989714,1695.000000,-0.122189815,3.954108012,17.701571846,712.497996971,3.963553914,-17.699713142
laser 004,circular_cone,2110.931378,1696.000000,-0.107698053,3.948368906,17.798153758,712.482442440,3.957159537,-17.796419126
laser 004,circular_cone,2110.871696,1697.000000,-0.092783728,3.942497166,17.894720795,712.466459083,3.950613454,-17.893113744
laser 004,circular_cone,2110.829826,1698.000000,-0.083452414,3.938384214,17.991426785,712.456142223,3.946078150,-17.989900935
laser 004,circular_cone,2110.802376,1699.000000,-0.078640360,3.935694999,18.088246619,712.450412192,3.943170563,-18.086764423
laser 004,circular_cone,2110.771556,1700.000000,-0.072770768,3.932673141,18.185037620,712.443608853,3.939882600,-18.183607865
laser 004,circular_cone,2110.729309,1701.000000,-0.063318156,3.928523273,18.281733542,712.433168996,3.935304908,-18.280385993
laser 004,circular_cone,2110.687572,1702.000000,-0.054024440,3.924423882,18.378430923,712.422890451,3.930784863,-18.377164261
laser 004,circular_cone,2110.683985,1703.000000,-0.056687715,3.924090597,18.475440525,712.424747546,3.930570610,-18.474155414
laser 004,circular_cone,2110.715936,1704.000000,-0.070489469,3.927265580,18.572745636,712.437909499,3.934367365,-18.571349541
laser 004,circular_cone,2110.743918,1705.000000,-0.083046344,3.930048864,18.670021345,712.449807966,3.937716233,-18.668524608
laser 004,circular_cone,2110.738024,1706.000000,-0.084982952,3.929487868,18.767016355,712.450927553,3.937241471,-18.765507207
laser 004,circular_cone,2110.692186,1707.000000,-0.074397011,3.924983567,18.863675119,712.439337611,3.932258194,-18.862257592
laser 004,circular_cone,2110.634557,1708.000000,-0.060114223,3.919315469,18.960230963,712.423995666,3.925944262,-18.958935768
laser 004,circular_cone,2110.612243,1709.000000,-0.056900136,3.917133626,19.057083435,712.419887733,3.923616176,-19.055818617
laser 004,circular_cone,2110.652338,1710.000000,-0.073247351,3.921112492,19.154468984,712.435633160,3.928331706,-19.153072035
laser 004,circular_cone,2110.701787,1711.000000,-0.092526386,3.926014994,19.251939412,712.454354153,3.934103202,-19.250385976
laser 004,circular_cone,2110.724942,1712.000000,-0.103562186,3.928321876,19.349187751,712.464708838,3.936907016,-19.347546310
laser 004,circular_cone,2110.712334,1713.000000,-0.103385517,3.927098119,19.446128291,712.463683696,3.935674112,-19.444491994
laser 004,circular_cone,2110.658302,1714.000000,-0.090221799,3.921784937,19.542706955,712.449477703,3.929765608,-19.541183692
laser 004,circular_cone,2110.579795,1715.000000,-0.069385319,3.914055942,19.639067120,712.427484498,3.921094978,-19.637720634
laser 004,circular_cone,2110.524200,1716.000000,-0.055730530,3.908589022,19.735623468,712.412780217,3.915010573,-19.734394095
laser 004,circular_cone,2110.500590,1717.000000,-0.052100460,3.906279439,19.832459344,712.408250280,3.912535975,-19.831263803
laser 004,circular_cone,2110.556501,1718.000000,-0.073395299,3.911819342,19.930002169,712.429017143,3.919035857,-19.928633394
laser 004,circular_cone,2110.545279,1719.000000,-0.073645762,3.910732549,20.026950088,712.428425655,3.917959200,-20.025582907
laser 004,circular_cone,2110.543670,1720.000000,-0.076908344,3.910594689,20.123984391,712.430891235,3.917967427,-20.122593780
laser 004,circular_cone,2110.556645,1721.000000,-0.084741401,3.911896476,20.221151241,712.437995473,3.919621593,-20.219699231
laser 004,circular_cone,2110.514150,1722.000000,-0.075185055,3.907722683,20.317816589,712.427450953,3.915015301,-20.316447643
laser 004,circular_cone,2110.538260,1723.000000,-0.086506144,3.910123628,20.415086699,712.438095261,3.917926060,-20.413627376
laser 004,circular_cone,2110.547912,1724.000000,-0.093294024,3.911097435,20.512227326,712.444138751,3.919205072,-20.510715287
laser 004,circular_cone,2110.524097,1725.000000,-0.089589488,3.908767593,20.609061547,712.439533378,3.916706857,-20.607583957
laser 004,circular_cone,2110.476143,1726.000000,-0.078316896,3.904055023,20.705671317,712.427247137,3.911484327,-20.704291048
laser 004,circular_cone,2110.517366,1727.000000,-0.094997743,3.908145237,20.803106719,712.443331126,3.916326270,-20.801591547
laser 004,circular_cone,2110.491171,1728.000000,-0.090543437,3.905580517,20.899917072,712.437964871,3.913559336,-20.898442578
laser 004,circular_cone,2110.502424,1729.000000,-0.097827138,3.906712388,20.997077395,712.444511621,3.915018794,-20.995546064
laser 004,circular_cone,2110.532331,1730.000000,-0.110957668,3.909685731,21.094415437,712.456992346,3.918583622,-21.092778697
laser 004,circular_cone,2110.511261,1731.000000,-0.108106130,3.907626897,21.191274328,712.453252800,3.916394918,-21.189664951
laser 004,circular_cone,2110.517920,1732.000000,-0.113946287,3.908305352,21.288396071,712.458334502,3.917335805,-21.286741849
laser 004,circular_cone,2110.491722,1733.000000,-0.109484671,3.905740338,21.385205363,712.452960926,3.914568250,-21.383591879
laser 004,circular_cone,2110.528461,1734.000000,-0.124752590,3.909388193,21.482617413,712.467610884,3.918904064,-21.480880764
laser 004,circular_cone,2110.472207,1735.000000,-0.110865837,3.903856197,21.579136943,712.452671782,3.912744120,-21.577519330
laser 004,circular_cone,2110.399643,1736.000000,-0.091865547,3.896714513,21.675494587,712.432543017,3.904743688,-21.674038491
laser 004,circular_cone,2110.324778,1737.000000,-0.072143801,3.889346126,21.771824519,712.411682112,3.896483990,-21.770535934
laser 004,circular_cone,2110.254815,1738.000000,-0.053958453,3.882461979,21.868196820,712.392380557,3.888777879,-21.867062981
laser 004,circular_cone,2110.206033,1739.000000,-0.042411616,3.877668579,21.964771864,712.379816448,3.883462146,-21.963737622
laser 004,circular_cone,2110.190365,1740.000000,-0.041242799,3.876143351,22.061669996,712.377784964,3.881883001,-22.060649135
laser 004,circular_cone,2110.196397,1741.000000,-0.046874292,3.876759732,22.158782517,712.382655078,3.882752400,-22.157718544
laser 004,circular_cone,2110.215414,1742.000000,-0.056574721,3.878657667,22.256025602,712.391654721,3.885087006,-22.254884714
laser 004,circular_cone,2110.244432,1743.000000,-0.069409062,3.881542728,22.353371147,712.403834932,3.888550190,-22.352127309
laser 004,circular_cone,2110.265087,1744.000000,-0.079621108,3.883602479,22.450636258,712.413353795,3.891069705,-22.449311255
laser 004,circular_cone,2110.259585,1745.000000,-0.081632732,3.883080597,22.547640586,712.414550153,3.890637458,-22.546302542
laser 004,circular_cone,2110.220547,1746.000000,-0.073130769,3.879248799,22.644306072,712.405076437,3.886420762,-22.643042329
laser 004,circular_cone,2110.147065,1747.000000,-0.053831388,3.872017775,22.740619162,712.384644630,3.878317495,-22.739519417
laser 004,circular_cone,2110.076225,1748.000000,-0.035359927,3.865047894,22.836953802,712.365053131,3.870512740,-22.836011178
laser 004,circular_cone,2110.040495,1749.000000,-0.027892225,3.861543064,22.933642980,712.356629209,3.866669694,-22.932766064
laser 004,circular_cone,2110.047253,1750.000000,-0.033740009,3.862231081,23.030767148,712.361718955,3.867620495,-23.029845321
laser 004,circular_cone,2110.075892,1751.000000,-0.046444893,3.865078444,23.128118917,712.373767834,3.871040141,-23.127095215
laser 004,circular_cone,2110.086663,1752.000000,-0.053548369,3.866162563,23.225288702,712.380131953,3.872443720,-23.224209658
laser 004,circular_cone,2110.074139,1753.000000,-0.053349046,3.864947786,23.322217624,712.379084632,3.871218790,-23.321143905
laser 004,circular_cone,2110.055317,1754.000000,-0.051174447,3.863111502,23.419080491,712.376032669,3.869283199,-23.418028506
laser 004,circular_cone,2110.043968,1755.000000,-0.051340969,3.862012714,23.516021164,712.375356674,3.868190772,-23.514971466
laser 004,circular_cone,2110.033495,1756.000000,-0.051780839,3.861000388,23.612971021,712.374958111,3.867197143,-23.611921338
laser 004,circular_cone,2109.999770,1757.000000,-0.044931434,3.857693497,23.709674597,712.367161882,3.863579948,-23.708685482
laser 004,circular_cone,2109.949735,1758.000000,-0.032968966,3.852777239,23.806202716,712.354176590,3.858122605,-23.805316647
laser 004,circular_cone,2109.926933,1759.000000,-0.029540962,3.850548390,23.903018248,712.349852714,3.855737879,-23.902164325
laser 004,circular_cone,2109.930499,1760.000000,-0.034376051,3.850921470,24.000115447,712.353914818,3.856328038,-23.999225026
laser 004,circular_cone,2109.926238,1761.000000,-0.036756781,3.850522216,24.097129620,712.355486080,3.856035086,-24.096223090
laser 004,circular_cone,2109.919140,1762.000000,-0.038247104,3.849843026,24.194113686,712.356153711,3.855422009,-24.193198443
laser 004,circular_cone,2109.919353,1763.000000,-0.042027696,3.849885277,24.291177402,712.359145671,3.855633746,-24.290234420
laser 004,circular_cone,2109.922542,1764.000000,-0.046739884,3.850221207,24.388274487,712.363083082,3.856181210,-24.387296027
laser 004,circular_cone,2109.910920,1765.000000,-0.046808587,3.849095627,24.485210758,712.362308002,3.855057579,-24.484235395
laser 004,circular_cone,2109.882105,1766.000000,-0.041487213,3.846273514,24.581958131,712.356062760,3.851994133,-24.581030642
laser 004,circular_cone,2109.853585,1767.000000,-0.036257160,3.843480569,24.678707189,712.349910226,3.848963977,-24.677826815
laser 004,circular_cone,2109.832521,1768.000000,-0.033362836,3.841423380,24.775537230,712.346128160,3.846775002,-24.774684567
laser 004,circular_cone,2109.818447,1769.000000,-0.032658129,3.840055936,24.872444043,712.344568267,3.845374601,-24.871600902
laser 004,circular_cone,2109.816226,1770.000000,-0.035667205,3.839858061,24.969482783,712.346777352,3.845311392,-24.968618311
laser 004,circular_cone,2109.826922,1771.000000,-0.042723648,3.840934754,25.066666907,712.353093940,3.846705429,-25.065747482
laser 004,circular_cone,2109.828996,1772.000000,-0.047076558,3.841160709,25.163755959,712.356666838,3.847126706,-25.162804039
laser 004,circular_cone,2109.812018,1773.000000,-0.045456710,3.839506747,25.260631107,712.354178273,3.845398483,-25.259696310
laser 004,circular_cone,2109.802073,1774.000000,-0.046040020,3.838546768,25.357585384,712.353925608,3.844463684,-25.356649407
laser 004,circular_cone,2109.810441,1775.000000,-0.052362076,3.839393800,25.454747980,712.359496930,3.845594916,-25.453763151
laser 004,circular_cone,2109.804437,1776.000000,-0.054178216,3.838822712,25.551748166,712.360495429,3.845104652,-25.550751915
laser 004,circular_cone,2109.742991,1777.000000,-0.038615685,3.832781105,25.648113471,712.343857233,3.838359479,-25.647250168
laser 004,circular_cone,2109.656457,1778.000000,-0.015189809,3.824264535,25.744185869,712.319239001,3.828784430,-25.743520838
laser 004,circular_cone,2109.597255,1779.000000,-0.000329828,3.818445013,25.840567263,712.303313905,3.822293053,-25.840029343
laser 004,circular_cone,2109.584550,1780.000000,-0.000040763,3.817212880,25.937483223,712.302176076,3.821046727,-25.936951370
laser 004,circular_cone,2109.604000,1781.000000,-0.009827740,3.819153077,26.034772981,712.311263869,3.823427516,-26.034163490
laser 004,circular_cone,2109.617357,1782.000000,-0.017704162,3.820492201,26.131994229,712.318412745,3.825121001,-26.131322971
laser 004,circular_cone,2109.600930,1783.000000,-0.016244905,3.818892866,26.228868570,712.316087392,3.823454657,-26.228213100
laser 004,circular_cone,2109.565251,1784.000000,-0.008750803,3.815394203,26.325516002,712.307637662,3.819616601,-26.324926451
laser 004,circular_cone,2109.546309,1785.000000,-0.006500941,3.813546811,26.422358830,712.304510024,3.817666518,-26.421791634
laser 004,circular_cone,2109.582462,1786.000000,-0.021516835,3.817134922,26.519853658,712.318904341,3.821931232,-26.519165386
laser 004,circular_cone,2109.655302,1787.000000,-0.048030937,3.824342887,26.617788826,712.344967435,3.830334775,-26.616883959
laser 004,circular_cone,2109.711848,1788.000000,-0.069438354,3.829943641,26.715536822,712.365848041,3.836900616,-26.714457783
laser 004,circular_cone,2109.718648,1789.000000,-0.075252166,3.830636083,26.812694763,712.370903701,3.837854324,-26.811571092
laser 004,circular_cone,2109.684050,1790.000000,-0.068088299,3.827243743,26.909356519,712.362789196,3.834137499,-26.908296023
laser 004,circular_cone,2109.644506,1791.000000,-0.059373055,3.823363483,27.005956534,712.353100343,3.829862733,-27.004972102
laser 004,circular_cone,2109.602469,1792.000000,-0.049875411,3.819237367,27.102523872,712.342617524,3.825306798,-27.101622002
laser 004,circular_cone,2109.536281,1793.000000,-0.032807293,3.812728663,27.198795046,712.324452013,3.818026580,-27.198038628
laser 004,circular_cone,2109.515404,1794.000000,-0.029939796,3.810690441,27.295613958,712.320697743,3.815857792,-27.294885025
laser 004,circular_cone,2109.476610,1795.000000,-0.021455677,3.806884656,27.392212736,712.311243601,3.811667935,-27.391557944
laser 004,circular_cone,2109.507244,1796.000000,-0.034730161,3.809928324,27.489661693,712.323870674,3.815309610,-27.488900291
laser 004,circular_cone,2109.512582,1797.000000,-0.040075375,3.810476437,27.586802487,712.328450921,3.816097843,-27.586000345
laser 004,circular_cone,2109.544044,1798.000000,-0.053607637,3.813601965,27.684267772,712.341339575,3.819833014,-27.683356877
laser 004,circular_cone,2109.530842,1799.000000,-0.053139485,3.812320964,27.781182375,712.340020294,3.818529745,-27.780279032
laser 004,circular_cone,2109.502165,1800.000000,-0.047819687,3.809513229,27.877904025,712.333777484,3.815480762,-27.877048536
laser 004,circular_cone,2109.492688,1801.000000,-0.048516639,3.808599771,27.974864075,712.333640617,3.814597624,-27.974006459
laser 004,circular_cone,2109.510081,1802.000000,-0.057634471,3.810337289,28.072161213,712.342049427,3.816745541,-28.071231516
laser 004,circular_cone,2109.535871,1803.000000,-0.069383370,3.812903331,28.169566468,712.353128282,3.819840736,-28.168542834
laser 004,circular_cone,2109.260428,1804.000000,0.013281419,3.785752148,28.263171176,712.268394662,3.788957322,-28.262837912
laser 004,circular_cone,2109.109921,1805.000000,0.056782635,3.770928681,28.358336247,712.223405011,3.772169282,-28.358368014
laser 004,circular_cone,2107.074475,2013.000000,-0.040510163,3.574890918,48.523843620,712.146961306,3.580295311,-48.523825623
laser 004,circular_cone,2107.142141,2014.000000,-0.065128432,3.581582419,48.622483261,712.171097685,3.588096902,-48.622264415
laser 004,circular_cone,2107.147656,2015.000000,-0.070264379,3.582149074,48.719776955,712.175468028,3.588894315,-48.719519081
laser 004,circular_cone,2107.119380,2016.000000,-0.064806813,3.579385570,48.816335075,712.169090628,3.585883433,-48.816126163
laser 004,circular_cone,2107.076692,2017.000000,-0.054830585,3.575201846,48.912576733,712.158128814,3.581248382,-48.912454315
laser 004,circular_cone,2107.047702,2018.000000,-0.049147022,3.572368122,49.009115548,712.151522193,3.578157080,-49.009043968
laser 004,circular_cone,2107.044786,2019.000000,-0.051635178,3.572103906,49.106224795,712.153206266,3.578004116,-49.106136179
laser 004,circular_cone,2107.044743,2020.000000,-0.055022698,3.572122823,49.203397862,712.155802806,3.578174878,-49.203284740
laser 004,circular_cone,2107.029616,2021.000000,-0.053680877,3.570655286,49.300239612,712.153601184,3.576645728,-49.300141266
laser 004,circular_cone,2107.014841,2022.000000,-0.052448184,3.569222454,49.397088738,712.151510301,3.575156210,-49.397004261
laser 004,circular_cone,2107.017604,2023.000000,-0.056711649,3.569517912,49.494325300,712.154995568,3.575643050,-49.494209041
laser 004,circular_cone,2107.027170,2024.000000,-0.063106441,3.570483795,49.591713749,712.160643180,3.576896512,-49.591548005
laser 004,circular_cone,2107.027088,2025.000000,-0.066475816,3.570498922,49.688889771,712.163221360,3.577062667,-49.688699671
laser 004,circular_cone,2107.012690,2026.000000,-0.065356421,3.569103267,49.785748276,712.161245482,3.575615441,-49.785571104
laser 004,circular_cone,2106.997749,2027.000000,-0.064065609,3.567654118,49.882594350,712.159095711,3.574106984,-49.882431528
laser 004,circular_cone,2107.003298,2028.000000,-0.069196510,3.568224182,49.979897575,712.163461078,3.574907583,-49.979695766
laser 004,circular_cone,2107.017572,2029.000000,-0.077061352,3.569654094,50.077397409,712.170600151,3.576691427,-50.077133904
laser 004,circular_cone,2107.013433,2030.000000,-0.079153049,3.569269469,50.174486645,712.171882122,3.576400164,-50.174209396
laser 004,circular_cone,2106.972996,2031.000000,-0.069865030,3.565307810,50.270761188,712.161618914,3.572018246,-50.270564714
laser 004,circular_cone,2106.872125,2032.000000,-0.041632788,3.555391148,50.365673297,712.132136073,3.560826281,-50.365714947
laser 004,circular_cone,2106.747952,2033.000000,-0.006098339,3.543179421,50.460052465,712.095244946,3.547009667,-50.460392892
laser 004,circular_cone,2106.687669,2034.000000,0.009411219,3.537263290,50.555864929,712.078669925,3.540392471,-50.556337805
laser 004,circular_cone,2106.685569,2035.000000,0.006687099,3.537079567,50.652989660,712.080593689,3.540330656,-50.653443538
laser 004,circular_cone,2106.725043,2036.000000,-0.009065581,3.540991879,50.751057683,712.095735396,3.544952919,-50.751384348
laser 004,circular_cone,2106.779387,2037.000000,-0.029478529,3.546369521,50.849467891,712.115605081,3.551250852,-50.849628636
laser 004,circular_cone,2106.818382,2038.000000,-0.045080315,3.550235067,50.947534444,712.130593653,3.555819540,-50.947569230
laser 004,circular_cone,2106.833421,2039.000000,-0.053172358,3.551740231,51.045059020,712.137963333,3.557688894,-51.045030221
laser 004,circular_cone,2106.834623,2040.000000,-0.056926012,3.551881977,51.142269669,712.140931584,3.557999018,-51.142213321
laser 004,circular_cone,2106.839682,2041.000000,-0.061887536,3.552403796,51.239569636,712.145125261,3.558743732,-51.239475706
laser 004,circular_cone,2106.850744,2042.000000,-0.068729690,3.553517165,51.337008647,712.151226896,3.560164880,-51.336861514
laser 004,circular_cone,2106.859033,2043.000000,-0.074701507,3.554357314,51.434385819,712.156445550,3.561273525,-51.434192712
laser 004,circular_cone,2106.849961,2044.000000,-0.075229902,3.553486719,51.531364925,712.156141716,3.560425737,-51.531171056
laser 004,circular_cone,2106.827192,2045.000000,-0.071463408,3.551266440,51.628028221,712.151480630,3.558034418,-51.627869264
laser 004,circular_cone,2106.833296,2046.000000,-0.076746708,3.551891300,51.725357704,712.156000794,3.558896700,-51.725158491
laser 004,circular_cone,2106.843057,2047.000000,-0.083175300,3.552876547,51.822773309,712.161682886,3.560171060,-51.822524329
laser 004,circular_cone,2106.812140,2048.000000,-0.076850854,3.549853386,51.919247080,712.154426760,3.556861407,-51.919054257
laser 004,circular_cone,2106.743014,2049.000000,-0.058547977,3.543065371,52.014831158,712.135018313,3.549246257,-52.014793982
laser 004,circular_cone,2106.665411,2050.000000,-0.037587741,3.535442508,52.110212882,712.112913989,3.540676319,-52.110353425
laser 004,circular_cone,2106.646448,2051.000000,-0.035007329,3.533597511,52.206956555,712.109456378,3.538713817,-52.207122156
laser 004,circular_cone,2106.676883,2052.000000,-0.047909414,3.536619560,52.304853800,712.121706027,3.542317162,-52.304915865
laser 004,circular_cone,2106.713883,2053.000000,-0.062868696,3.540288596,52.402908332,712.136042719,3.546660345,-52.402849774
laser 004,circular_cone,2106.728387,2054.000000,-0.070775414,3.541741150,52.500439361,712.143224471,3.548468731,-52.500318757
laser 004,circular_cone,2106.715898,2055.000000,-0.070219378,3.540533996,52.597338250,712.141820653,3.547235444,-52.597225890
laser 004,circular_cone,2106.697494,2056.000000,-0.067807936,3.538744034,52.694097718,712.138534524,3.545335606,-52.694009012
laser 004,circular_cone,2106.690563,2057.000000,-0.068991775,3.538084554,52.791127105,712.138895866,3.544728523,-52.791032192
laser 004,circular_cone,2106.704599,2058.000000,-0.076747120,3.539491030,52.888652246,712.145924071,3.546484000,-52.888496544
laser 004,circular_cone,2106.725599,2059.000000,-0.086684583,3.541583755,52.986344394,712.155166049,3.549024215,-52.986109778
laser 004,circular_cone,2106.718762,2060.000000,-0.087894349,3.540933561,53.083379075,712.155553717,3.548427589,-53.083138036
laser 004,circular_cone,2106.686616,2061.000000,-0.081168803,3.537789553,53.179812729,712.147890986,3.544978990,-53.179631177
laser 004,circular_cone,2106.641504,2062.000000,-0.070377607,3.533368064,53.275935896,712.136103671,3.540069410,-53.275847597
laser 004,circular_cone,2106.608359,2063.000000,-0.063336806,3.530125802,53.372341449,712.128121183,3.536508330,-53.372315255
laser 004,circular_cone,2106.587822,2064.000000,-0.060247114,3.528125836,53.469046240,712.124147136,3.534367878,-53.469049333
laser 004,circular_cone,2106.541725,2065.000000,-0.049144150,3.523607621,53.565138482,712.112043647,3.529347501,-53.565237417
laser 004,circular_cone,2106.533947,2066.000000,-0.050051565,3.522864795,53.662146332,712.112124718,3.528644599,-53.662241354
laser 004,circular_cone,2106.633019,2067.000000,-0.084452630,3.532649631,53.761720855,712.146185036,3.539981088,-53.761533774
laser 004,circular_cone,2106.685505,2068.000000,-0.104250508,3.537844888,53.860184026,712.165430406,3.546068887,-53.859836133
laser 004,circular_cone,2106.663804,2069.000000,-0.100789524,3.535730137,53.956864189,712.161079738,3.543796893,-53.956548666
laser 004,circular_cone,2106.595234,2070.000000,-0.082634118,3.528997311,54.052411475,712.141821690,3.536243597,-54.052250370
laser 004,circular_cone,2106.543169,2071.000000,-0.069652338,3.523891007,54.148353099,712.127812310,3.530550333,-54.148303440
laser 004,circular_cone,2106.550268,2072.000000,-0.075216250,3.524614012,54.245725032,712.132617429,3.531523434,-54.245632785
laser 004,circular_cone,2106.588125,2073.000000,-0.090421464,3.528367615,54.343845312,712.147203560,3.535962292,-54.343630397
laser 004,circular_cone,2106.606333,2074.000000,-0.099466032,3.530185299,54.441491879,712.155539762,3.538187171,-54.441205466
laser 004,circular_cone,2106.583796,2075.000000,-0.095735757,3.527988301,54.538148080,712.150916033,3.535820780,-54.537896273
laser 004,circular_cone,2106.564576,2076.000000,-0.093044189,3.526118164,54.634884214,712.147346086,3.533828131,-54.634658385
laser 004,circular_cone,2106.579928,2077.000000,-0.101189852,3.527654454,54.732465029,712.154770376,3.535731046,-54.732175167
laser 004,circular_cone,2106.605749,2078.000000,-0.112616717,3.530222349,54.830304578,712.165523392,3.538813662,-54.829923431
laser 004,circular_cone,2106.619879,2079.000000,-0.120377323,3.531638341,54.927860377,712.172557039,3.540578901,-54.927418395
laser 004,circular_cone,2106.619453,2080.000000,-0.123573160,3.531620062,55.025060448,712.174959807,3.540703839,-55.024595545
laser 004,circular_cone,2106.605685,2081.000000,-0.122584714,3.530287116,55.121932787,712.173117711,3.539325253,-55.121479716
laser 004,circular_cone,2106.573434,2082.000000,-0.115800193,3.527132969,55.218348824,712.165395633,3.535863862,-55.217955725
laser 004,circular_cone,2106.508097,2083.000000,-0.098641750,3.520718927,55.313945274,712.147149469,3.528674353,-55.313698310
laser 004,circular_cone,2106.506723,2084.000000,-0.101535357,3.520607243,55.411120589,712.149245710,3.528692246,-55.410853213
laser 004,circular_cone,2106.487483,2085.000000,-0.098826620,3.518735258,55.507853598,712.145658518,3.526696978,-55.507612342
laser 004,circular_cone,2106.491920,2086.000000,-0.103539638,3.519196138,55.605174098,712.149600532,3.527369555,-55.604897318
laser 004,circular_cone,2106.557607,2087.000000,-0.127454920,3.525692134,55.704020358,712.173022742,3.534943937,-55.703548568
laser 004,circular_cone,2106.607449,2088.000000,-0.146402421,3.530627211,55.802478263,712.191405233,3.540733181,-55.801852723
laser 004,circular_cone,2106.596168,2089.000000,-0.146184088,3.529539388,55.899414719,712.190344510,3.539634480,-55.898794614
laser 004,circular_cone,2106.524549,2090.000000,-0.127046038,3.522506107,55.994841424,712.170090320,3.531736386,-55.994383893
laser 004,circular_cone,2106.510992,2091.000000,-0.126111692,3.521194080,56.091718090,712.168303281,3.530381165,-56.091271941
laser 004,circular_cone,2106.445881,2092.000000,-0.109012655,3.514802468,56.187300190,712.150117708,3.523216771,-56.186999680
laser 004,circular_cone,2106.404889,2093.000000,-0.099474686,3.510787462,56.283484159,712.139602640,3.518770249,-56.283266488
laser 004,circular_cone,2106.376636,2094.000000,-0.093929477,3.508027646,56.379986410,712.133138129,3.515759131,-56.379818417
laser 004,circular_cone,2106.363705,2095.000000,-0.093186632,3.506777423,56.476873764,712.131545472,3.514474359,-56.476715561
laser 004,circular_cone,2106.363249,2096.000000,-0.096353572,3.506756271,56.574076245,712.133919166,3.514595126,-56.573895358
laser 004,circular_cone,2106.350856,2097.000000,-0.095776983,3.505559074,56.670977342,712.132495202,3.513370885,-56.670804864
laser 004,circular_cone,2106.314685,2098.000000,-0.087744693,3.502019289,56.767275173,712.123507744,3.509467544,-56.767173027
laser 004,circular_cone,2106.282325,2099.000000,-0.080906098,3.498855042,56.863667618,712.115731276,3.505993620,-56.863625891
laser 004,circular_cone,2106.268987,2100.000000,-0.080029659,3.497564817,56.960542280,712.114003199,3.504662818,-56.960511452
laser 004,circular_cone,2106.276970,2101.000000,-0.085836083,3.498375064,57.057960239,712.119054614,3.505734119,-57.057884805
laser 004,circular_cone,2106.314463,2102.000000,-0.100893068,3.502092641,57.156133422,712.133490315,3.510130271,-57.155936550
laser 004,circular_cone,2106.372980,2103.000000,-0.122541177,3.507881785,57.254848667,712.154612391,3.516895478,-57.254475614
laser 004,circular_cone,2106.421516,2104.000000,-0.141059900,3.512687857,57.353314214,712.172559815,3.522536370,-57.352790972
laser 004,circular_cone,2106.429486,2105.000000,-0.146858516,3.513497067,57.450743556,712.177603275,3.523606282,-57.450175772
laser 004,circular_cone,2106.402950,2106.000000,-0.141836475,3.510906364,57.547287195,712.171669716,3.520787894,-57.546764741
laser 004,circular_cone,2106.385335,2107.000000,-0.139610459,3.509194686,57.644059232,712.168572610,3.518974730,-57.643558884
laser 004,circular_cone,2106.390765,2108.000000,-0.144609028,3.509753635,57.741425234,712.172804496,3.519758272,-57.740886989
laser 004,circular_cone,2106.375977,2109.000000,-0.143267002,3.508320520,57.838270095,712.170604187,3.518263570,-57.837746615
laser 004,circular_cone,2106.321999,2110.000000,-0.129635884,3.503026159,57.934100064,712.155937280,3.512352957,-57.933693416
laser 004,circular_cone,2106.267505,2111.000000,-0.115842290,3.497681179,58.029912928,712.141105600,3.506384393,-58.029624462
laser 004,circular_cone,2106.266298,2112.000000,-0.118754793,3.497586189,58.127105993,712.143221360,3.506419844,-58.126796955
laser 004,circular_cone,2106.305811,2113.000000,-0.134433494,3.501503076,58.225359263,712.158287700,3.511043370,-58.224923623
laser 004,circular_cone,2106.342907,2114.000000,-0.149353845,3.505182005,58.323553935,712.172584717,3.515394712,-58.322997992
laser 004,circular_cone,2106.358654,2115.000000,-0.157579239,3.506757553,58.421195452,712.180090084,3.517340497,-58.420574810
laser 004,circular_cone,2106.342845,2116.000000,-0.155908604,3.505223903,58.518014096,712.177556534,3.515730431,-58.517410947
laser 004,circular_cone,2106.301450,2117.000000,-0.146213991,3.501169343,58.614162139,712.166883181,3.511237296,-58.613643126
laser 004,circular_cone,2106.240858,2118.000000,-0.130499271,3.495223571,58.709803914,712.150102855,3.504581232,-58.709419037
laser 004,circular_cone,2106.173349,2119.000000,-0.112615345,3.488596638,58.805259656,712.131122065,3.497146103,-58.805026931
laser 004,circular_cone,2106.120010,2120.000000,-0.099173601,3.483365961,58.901083453,712.116647634,3.491307726,-58.900965985
laser 004,circular_cone,2106.090470,2121.000000,-0.093192329,3.480479907,58.997530931,712.109741397,3.488150699,-58.997466758
laser 004,circular_cone,2106.098045,2122.000000,-0.098845933,3.481250089,59.094956754,712.114637974,3.489175043,-59.094849241
laser 004,circular_cone,2106.157128,2123.000000,-0.120647708,3.487094573,59.193746479,712.135915746,3.496002535,-59.193461508
laser 004,circular_cone,2106.240491,2124.000000,-0.150062906,3.495331581,59.293185642,712.164916758,3.505566179,-59.292659981
laser 004,circular_cone,2106.288203,2125.000000,-0.168299813,3.500056574,59.391686963,712.182578146,3.511113280,-59.391013452
laser 004,circular_cone,2106.275939,2126.000000,-0.167728751,3.498872319,59.488599015,712.181160206,3.509902241,-59.487933864
laser 004,circular_cone,2106.240012,2127.000000,-0.159736341,3.495356636,59.584880858,712.172213881,3.506024815,-59.584285703
laser 004,circular_cone,2106.207845,2128.000000,-0.152921909,3.492211493,59.681260782,712.164462560,3.502571097,-59.680725840
laser 004,circular_cone,2106.183280,2129.000000,-0.148490096,3.489815383,59.777841899,712.159128255,3.499973951,-59.777347381
laser 004,circular_cone,2106.154345,2130.000000,-0.142686879,3.486988783,59.874304880,712.152402796,3.496884417,-59.873862175
laser 004,circular_cone,2106.113261,2131.000000,-0.133073209,3.482965357,59.970440706,712.141811967,3.492426075,-59.970081463
laser 004,circular_cone,2106.060416,2132.000000,-0.119771042,3.477783443,60.066258240,712.127479494,3.486642766,-60.066013092
laser 004,circular_cone,2106.005691,2133.000000,-0.105878727,3.472416542,60.162021604,712.112548413,3.480647834,-60.161895453
laser 004,circular_cone,2105.954952,2134.000000,-0.093235406,3.467442501,60.257888498,712.098884384,3.475102135,-60.257870970
laser 004,circular_cone,2105.919352,2135.000000,-0.085337490,3.463959854,60.354160190,712.090034214,3.471262013,-60.354211871
laser 004,circular_cone,2105.910877,2136.000000,-0.085942373,3.463149107,60.451162362,712.089809441,3.470477563,-60.451212634
laser 004,circular_cone,2105.933190,2137.000000,-0.096198538,3.465371056,60.548997646,712.099375072,3.473161416,-60.548966351
laser 004,circular_cone,2105.969504,2138.000000,-0.110843556,3.468972273,60.647215206,712.113392801,3.477422627,-60.647065893
laser 004,circular_cone,2105.980270,2139.000000,-0.117477648,3.470056925,60.744743422,712.119284139,3.478805703,-60.744542624
laser 004,circular_cone,2105.949097,2140.000000,-0.110961183,3.467010274,60.841133329,712.111835428,3.475463930,-60.840990267
laser 004,circular_cone,2105.904477,2141.000000,-0.100227654,3.462639115,60.937155311,712.100108924,3.470607314,-60.937105009
laser 004,circular_cone,2105.876349,2142.000000,-0.094663748,3.459892566,61.033624110,712.093626564,3.467608638,-61.033623632
laser 004,circular_cone,2105.870417,2143.000000,-0.096057548,3.459332375,61.130697650,712.094202173,3.467110354,-61.130689210
laser 004,circular_cone,2105.880577,2144.000000,-0.102495386,3.460357280,61.228211829,712.099894492,3.468424827,-61.228153533
laser 004,circular_cone,2105.890859,2145.000000,-0.108970407,3.461394234,61.325731147,712.105624530,3.469753027,-61.325622687
laser 004,circular_cone,2105.866899,2146.000000,-0.104708342,3.459058263,61.422312479,712.100462843,3.467223689,-61.422243030
laser 004,circular_cone,2105.799815,2147.000000,-0.086924915,3.452474686,61.517707266,712.081585099,3.459836463,-61.517789128
laser 004,circular_cone,2105.757525,2148.000000,-0.076914106,3.448333469,61.613779786,712.070591956,3.455242412,-61.613948404
laser 004,circular_cone,2105.759318,2149.000000,-0.080722481,3.448534204,61.711065060,712.073617017,3.455614036,-61.711205661
laser 004,circular_cone,2105.771809,2150.000000,-0.087883674,3.449788651,61.808646846,712.080043176,3.457190703,-61.808731583
laser 004,circular_cone,2105.775473,2151.000000,-0.092276383,3.450173707,61.905986467,712.083660995,3.457773022,-61.906038334
laser 004,circular_cone,2105.772359,2152.000000,-0.094542903,3.449891168,62.003139535,712.085122023,3.457591784,-62.003176189
laser 004,circular_cone,2105.776800,2153.000000,-0.099176925,3.450352784,62.100502874,712.088984642,3.458261556,-62.100504654
laser 004,circular_cone,2105.785595,2154.000000,-0.105174934,3.451243280,62.197988514,712.094230884,3.459421773,-62.197944091
laser 004,circular_cone,2105.786205,2155.000000,-0.108605566,3.451327585,62.295247994,712.096872803,3.459659921,-62.295178690
