dataset,truth_mm,pose_id,position_rank,repeat_index,filename,scope,session_linear_a_mm_per_mm,session_linear_b_mm,session_linear_G_a_mm_per_mm,session_linear_G_b_mm,ground_calibration_point_count,ground_calibration_inlier_count,ground_calibration_s_span_mm,ground_calibration_rmse_mm,ground_calibration_G_point_count,ground_calibration_G_inlier_count,ground_calibration_G_s_span_mm,ground_calibration_G_rmse_mm,fixed_zg_zero_height_mm,fixed_zg_zero_error_mm,fixed_zg_zero_abs_error_mm,fixed_zg_zero_median_mm,fixed_zg_zero_std_mm,fixed_zg_zero_status,fixed_zg_zero_point_count,fixed_zg_zero_inlier_count,fixed_zg_zero_unsupported_count,session_linear_height_mm,session_linear_error_mm,session_linear_abs_error_mm,session_linear_median_mm,session_linear_std_mm,session_linear_status,session_linear_point_count,session_linear_inlier_count,session_linear_unsupported_count,session_linear_G_height_mm,session_linear_G_error_mm,session_linear_G_abs_error_mm,session_linear_G_median_mm,session_linear_G_std_mm,session_linear_G_status,session_linear_G_point_count,session_linear_G_inlier_count,session_linear_G_unsupported_count,local_adjacent_height_mm,local_adjacent_error_mm,local_adjacent_abs_error_mm,local_adjacent_median_mm,local_adjacent_std_mm,local_adjacent_status,local_adjacent_point_count,local_adjacent_inlier_count,local_adjacent_unsupported_count,C_minus_B_height_delta_mm,C_minus_B_abs_error_improvement_mm,C_minus_D_height_delta_mm,C_minus_D_abs_error_gap_mm
obs_1mm,1.001,001,1,1,laser 001.tif,calibration_repeat1_in_sample,-0.0003784903494935267,-0.0405138557438297,-0.0006290280767299067,-0.005004025185394908,251,231,46.632898601671,0.022380534780862847,251,231,46.632898601671,0.022406152606279327,0.922477311181663,-0.0785226888183369,0.0785226888183369,0.923273899717003,0.0238600918162182,success,80,,0,1.0084914343377864,0.00749143433778654,0.00749143433778654,1.008496285340601,0.023453347849941002,success,80,80,0,1.0086292546327709,0.0076292546327709765,0.0076292546327709765,1.0086394516087416,0.02345913674129839,success,80,80,0,1.00849067507076,0.007490675070760178,0.007490675070760178,1.00849552368729,0.0234533259508967,success,80,,0,0.0001378202949844365,-0.0001378202949844365,0.0001385795620107988,0.0001385795620107988
obs_1mm,1.001,001,1,2,laser 001_02.tif,evaluation_repeat2_5,-0.0003784903494935267,-0.0405138557438297,-0.0006290280767299067,-0.005004025185394908,251,231,46.632898601671,0.022380534780862847,251,231,46.632898601671,0.022406152606279327,0.920143093287499,-0.0808569067125009,0.0808569067125009,0.918809307979018,0.0224162107626847,success,80,,0,1.0061669737073229,0.005166973707322997,0.005166973707322997,1.0053583253292593,0.02199023186045173,success,80,75,0,1.0063045114479074,0.005304511447907556,0.005304511447907556,1.0054907304383813,0.021996161914190862,success,80,75,0,1.00506324531835,0.004063245318350006,0.004063245318350006,1.00423131937741,0.0220085325785,success,80,,0,0.00013753774058455903,-0.00013753774058455903,0.00124126612955755,0.00124126612955755
obs_1mm,1.001,001,1,3,laser 001_03.tif,evaluation_repeat2_5,-0.0003784903494935267,-0.0405138557438297,-0.0006290280767299067,-0.005004025185394908,251,231,46.632898601671,0.022380534780862847,251,231,46.632898601671,0.022406152606279327,0.92516272775856,-0.07583727224143988,0.07583727224143988,0.926196668726163,0.0237991359906429,success,80,,0,1.0111766563229114,0.010176656322911537,0.010176656322911537,1.0126115715002988,0.023475742063538866,success,80,80,0,1.011314480172119,0.010314480172119112,0.010314480172119112,1.0127499525336487,0.02348071360568725,success,80,80,0,1.01009840540449,0.009098405404490029,0.009098405404490029,1.01154430120368,0.0234911480860156,success,80,,0,0.0001378238492075745,-0.0001378238492075745,0.0012160747676290828,0.0012160747676290828
obs_1mm,1.001,001,1,4,laser 001_04.tif,evaluation_repeat2_5,-0.0003784903494935267,-0.0405138557438297,-0.0006290280767299067,-0.005004025185394908,251,231,46.632898601671,0.022380534780862847,251,231,46.632898601671,0.022406152606279327,0.927453970456129,-0.0735460295438709,0.0735460295438709,0.926990158645708,0.0253825884001177,success,80,,0,1.0134677378290473,0.01246773782904742,0.01246773782904742,1.0129805539139103,0.025011483382500335,success,80,80,0,1.0136055627362013,0.012605562736201392,0.012605562736201392,1.013116289372751,0.025016767866550275,success,80,80,0,1.0127779229808,0.01177792298080016,0.01177792298080016,1.01223031017906,0.0250811905411648,success,80,,0,0.00013782490715397167,-0.00013782490715397167,0.0008276397554012327,0.0008276397554012327
obs_1mm,1.001,001,1,5,laser 001_05.tif,evaluation_repeat2_5,-0.0003784903494935267,-0.0405138557438297,-0.0006290280767299067,-0.005004025185394908,251,231,46.632898601671,0.022380534780862847,251,231,46.632898601671,0.022406152606279327,0.923843093348179,-0.07715690665182084,0.07715690665182084,0.925973034500771,0.025207574380036,success,80,,0,1.0098571169523347,0.00885711695233482,0.00885711695233482,1.0110472587161348,0.024879668696714985,success,80,80,0,1.0099949392454057,0.008994939245405842,0.008994939245405842,1.0111976252206745,0.024884480423031072,success,80,80,0,1.00979320963731,0.008793209637310007,0.008793209637310007,1.01109923572389,0.0249102723813108,success,80,,0,0.00013782229307102156,-0.00013782229307102156,0.0002017296080958353,0.0002017296080958353
obs_1mm,1.001,002,2,1,laser 002.tif,calibration_repeat1_in_sample,-0.0026324608169389302,-0.009288596728214898,-0.0026062602446195004,0.004160218052732954,321,285,56.26147208582245,0.015407704818613227,321,283,56.26147208582245,0.015084415859756074,0.850150182534402,-0.1508498174655979,0.1508498174655979,0.852658906617194,0.0176024705794143,success,63,,0,0.964788549011435,-0.03621145098856493,0.03621145098856493,0.9644520491102523,0.01469009711358379,success,63,49,0,0.9655003900400072,-0.035499609959992684,0.035499609959992684,0.9651776944715328,0.01466611680346506,success,63,49,0,0.964784469975439,-0.036215530024560905,0.036215530024560905,0.964447970118572,0.0146900376521278,success,63,,0,0.0007118410285722465,0.0007118410285722465,0.0007159200645682207,-0.0007159200645682207
obs_1mm,1.001,002,2,2,laser 002_02.tif,evaluation_repeat2_5,-0.0026324608169389302,-0.009288596728214898,-0.0026062602446195004,0.004160218052732954,321,285,56.26147208582245,0.015407704818613227,321,283,56.26147208582245,0.015084415859756074,0.849482124047632,-0.15151787595236788,0.15151787595236788,0.851632264605428,0.0143407729003388,success,64,,0,0.9642474832827834,-0.036752516717216466,0.036752516717216466,0.9656715667986915,0.012413979112706275,success,64,51,0,0.9649608436921054,-0.03603915630789445,0.03603915630789445,0.9663048437584509,0.012404303155185318,success,64,51,0,0.963136564182685,-0.03786343581731488,0.03786343581731488,0.964562143375556,0.0124141650434307,success,64,,0,0.0007133604093220169,0.0007133604093220169,0.0018242795094204345,-0.0018242795094204345
obs_1mm,1.001,002,2,3,laser 002_03.tif,evaluation_repeat2_5,-0.0026324608169389302,-0.009288596728214898,-0.0026062602446195004,0.004160218052732954,321,285,56.26147208582245,0.015407704818613227,321,283,56.26147208582245,0.015084415859756074,0.851595778967592,-0.1494042210324079,0.1494042210324079,0.851171872887107,0.0183584235567848,success,63,,0,0.9662516269510958,-0.0347483730489041,0.0347483730489041,0.9686661035773355,0.016277766974554127,success,63,53,0,0.966964073234037,-0.0340359267659629,0.0340359267659629,0.9694174598966221,0.016261583580647512,success,63,53,0,0.966036370266004,-0.034963629733995916,0.034963629733995916,0.968480237563396,0.0162644175179771,success,63,,0,0.0007124462829412037,0.0007124462829412037,0.0009277029680330173,-0.0009277029680330173
obs_1mm,1.001,002,2,4,laser 002_04.tif,evaluation_repeat2_5,-0.0026324608169389302,-0.009288596728214898,-0.0026062602446195004,0.004160218052732954,321,285,56.26147208582245,0.015407704818613227,321,283,56.26147208582245,0.015084415859756074,0.845010930249219,-0.15598906975078086,0.15598906975078086,0.847131362650885,0.016525608561704,success,64,,0,0.9599020564073643,-0.04109794359263563,0.04109794359263563,0.9609387380748933,0.013378607329585847,success,64,48,0,0.9606164190419921,-0.04038358095800776,0.04038358095800776,0.961676165647088,0.013353456176542154,success,64,48,0,0.966473029513345,-0.03452697048665487,0.03452697048665487,0.967520037554751,0.0133622350337507,success,64,,0,0.0007143626346278742,0.0007143626346278742,-0.0058566104713528855,0.0058566104713528855
obs_1mm,1.001,002,2,5,laser 002_05.tif,evaluation_repeat2_5,-0.0026324608169389302,-0.009288596728214898,-0.0026062602446195004,0.004160218052732954,321,285,56.26147208582245,0.015407704818613227,321,283,56.26147208582245,0.015084415859756074,0.840047032948984,-0.16095296705101592,0.16095296705101592,0.838248890469231,0.0118025378529357,success,64,,0,0.9549927891667195,-0.04600721083328041,0.04600721083328041,0.9545354109270976,0.009244011558694868,success,64,44,0,0.9557074867462995,-0.04529251325370043,0.04529251325370043,0.9553198422205678,0.009229762722448135,success,64,44,0,0.959622137760953,-0.041377862239046936,0.041377862239046936,0.95918026615787,0.00924087413039246,success,64,,0,0.0007146975795799815,0.0007146975795799815,-0.003914651014653492,0.003914651014653492
obs_1mm,1.001,003,3,1,laser 003.tif,calibration_repeat1_in_sample,0.002868906161911046,-0.10168186542632188,0.002986128261126897,-0.09076622443167591,356,314,57.715797199025346,0.018736335367219324,356,314,57.715797199025346,0.018767671449974477,0.905708747945104,-0.09529125205489586,0.09529125205489586,0.906945325068818,0.0140601267704355,success,69,,0,1.0161322880775268,0.015132288077526868,0.015132288077526868,1.01902321855626,0.014967831973908143,success,69,65,0,1.0163223281761737,0.01532232817617385,0.01532232817617385,1.0192071687476223,0.014960556447502212,success,69,65,0,1.01613213783981,0.015132137839810156,0.015132137839810156,1.01902306797229,0.0149678299191963,success,69,,0,0.0001900400986469819,-0.0001900400986469819,0.00019019033636369365,0.00019019033636369365
obs_1mm,1.001,003,3,2,laser 003_02.tif,evaluation_repeat2_5,0.002868906161911046,-0.10168186542632188,0.002986128261126897,-0.09076622443167591,356,314,57.715797199025346,0.018736335367219324,356,314,57.715797199025346,0.018767671449974477,0.905360083150489,-0.0956399168495109,0.0956399168495109,0.904522032373848,0.0193725730656529,success,69,,0,1.0157103903843134,0.014710390384313543,0.014710390384313543,1.0188469488082452,0.019929714812012927,success,69,69,0,1.0159007097815116,0.0149007097815117,0.0149007097815117,1.0190593047823313,0.019924696214222184,success,69,69,0,1.0146137773659,0.013613777365900193,0.013613777365900193,1.01771220942014,0.0199386099399589,success,69,,0,0.0001903193971981576,-0.0001903193971981576,0.001286932415611508,0.001286932415611508
obs_1mm,1.001,003,3,3,laser 003_03.tif,evaluation_repeat2_5,0.002868906161911046,-0.10168186542632188,0.002986128261126897,-0.09076622443167591,356,314,57.715797199025346,0.018736335367219324,356,314,57.715797199025346,0.018767671449974477,0.90298953548469,-0.09801046451530993,0.09801046451530993,0.90736108573924,0.0168344180844127,success,69,,0,1.0133397676485367,0.012339767648536837,0.012339767648536837,1.017156058926164,0.01699403152582635,success,69,69,0,1.0135300873351514,0.012530087335151485,0.012530087335151485,1.0173653049752587,0.016989998734380157,success,69,69,0,1.01404687529371,0.01304687529371007,0.01304687529371007,1.01790158651536,0.0169856048083823,success,69,,0,0.00019031968661464838,-0.00019031968661464838,-0.0005167879585585844,-0.0005167879585585844
obs_1mm,1.001,003,3,4,laser 003_04.tif,evaluation_repeat2_5,0.002868906161911046,-0.10168186542632188,0.002986128261126897,-0.09076622443167591,356,314,57.715797199025346,0.018736335367219324,356,314,57.715797199025346,0.018767671449974477,0.902329649105629,-0.09867035089437093,0.09867035089437093,0.90402675855637,0.0177145865119738,success,69,,0,1.0125494580507484,0.011549458050748473,0.011549458050748473,1.0154454927057692,0.01944157009561702,success,69,67,0,1.0127402726624446,0.011740272662444706,0.011740272662444706,1.0156251601350026,0.01943222300625938,success,69,67,0,1.01327874287352,0.012278742873520043,0.012278742873520043,1.01613088078535,0.0194051651256071,success,69,,0,0.00019081461169623282,-0.00019081461169623282,-0.000538470211075337,-0.000538470211075337
obs_1mm,1.001,003,3,5,laser 003_05.tif,evaluation_repeat2_5,0.002868906161911046,-0.10168186542632188,0.002986128261126897,-0.09076622443167591,356,314,57.715797199025346,0.018736335367219324,356,314,57.715797199025346,0.018767671449974477,0.904482347065744,-0.09651765293425585,0.09651765293425585,0.910312190736022,0.0181285171317143,success,69,,0,1.014627770703526,0.013627770703526165,0.013627770703526165,1.0196304814559825,0.02014121397367567,success,69,66,0,1.0148188681811219,0.01381886818112199,0.01381886818112199,1.019826112397848,0.02013097797226011,success,69,66,0,1.01424085457123,0.013240854571230143,0.013240854571230143,1.0192743524488,0.0200674718571539,success,69,,0,0.00019109747759582518,-0.00019109747759582518,0.0005780136098918476,0.0005780136098918476
obs_1mm,1.001,004,4,1,laser 004.tif,calibration_repeat1_in_sample,-0.001562236841810278,-0.16818890065893813,-0.0014357763975973768,-0.15715882415306234,342,291,56.71555070521349,0.017650828109927432,342,291,56.71555070521349,0.017656944811812056,0.882578123130262,-0.11842187686973793,0.11842187686973793,0.882837175055329,0.0114116040729129,success,63,,0,0.9485218023106607,-0.052478197689339146,0.052478197689339146,0.9493501705919734,0.011115834171696096,success,63,53,0,0.9484858255677245,-0.05251417443227535,0.05251417443227535,0.9493127296024032,0.011115904262629178,success,63,53,0,0.948523140489791,-0.05247685951020886,0.05247685951020886,0.949351511137975,0.0111158493356876,success,63,,0,-3.5976742936205675e-05,-3.5976742936205675e-05,-3.731492206648923e-05,3.731492206648923e-05
obs_1mm,1.001,004,4,2,laser 004_02.tif,evaluation_repeat2_5,-0.001562236841810278,-0.16818890065893813,-0.0014357763975973768,-0.15715882415306234,342,291,56.71555070521349,0.017650828109927432,342,291,56.71555070521349,0.017656944811812056,0.876674908260492,-0.1243250917395079,0.1243250917395079,0.880223174856951,0.0219524782243471,success,64,,0,0.9429275936617667,-0.058072406338233185,0.058072406338233185,0.9465339822896323,0.02054754869050014,success,64,64,0,0.9428914689123367,-0.05810853108766323,0.05810853108766323,0.9464978695540013,0.020548170967690415,success,64,64,0,0.942122414892438,-0.058877585107561914,0.058877585107561914,0.945713847471076,0.0205833384935135,success,64,,0,-3.612474943004429e-05,-3.612474943004429e-05,0.000769054019898685,-0.000769054019898685
obs_1mm,1.001,004,4,3,laser 004_03.tif,evaluation_repeat2_5,-0.001562236841810278,-0.16818890065893813,-0.0014357763975973768,-0.15715882415306234,342,291,56.71555070521349,0.017650828109927432,342,291,56.71555070521349,0.017656944811812056,0.879492188993083,-0.12150781100691688,0.12150781100691688,0.877319201574096,0.0218140685377262,success,60,,0,0.9456443638236333,-0.05535563617636663,0.05535563617636663,0.944739280193124,0.02042626442451362,success,60,60,0,0.9456082767352018,-0.05539172326479813,0.05539172326479813,0.9447021636153692,0.0204269180022734,success,60,60,0,0.945565267977929,-0.05543473202207094,0.05543473202207094,0.944597517452027,0.0204628691074684,success,60,,0,-3.608708843150232e-05,-3.608708843150232e-05,4.300875727281106e-05,-4.300875727281106e-05
obs_1mm,1.001,004,4,4,laser 004_04.tif,evaluation_repeat2_5,-0.001562236841810278,-0.16818890065893813,-0.0014357763975973768,-0.15715882415306234,342,291,56.71555070521349,0.017650828109927432,342,291,56.71555070521349,0.017656944811812056,0.880775861270756,-0.12022413872924387,0.12022413872924387,0.879333232775707,0.0127201133794853,success,58,,0,0.9467809385658592,-0.05421906143414068,0.05421906143414068,0.9473882631699742,0.011163875179873942,success,58,50,0,0.9467449368415104,-0.05425506315848949,0.05425506315848949,0.9473511027446271,0.011164547984978622,success,58,50,0,0.945494767771016,-0.05550523222898385,0.05550523222898385,0.94594133919162,0.0112505940264123,success,58,,0,-3.600172434881088e-05,-3.600172434881088e-05,0.0012501690704943558,-0.0012501690704943558
obs_1mm,1.001,004,4,5,laser 004_05.tif,evaluation_repeat2_5,-0.001562236841810278,-0.16818890065893813,-0.0014357763975973768,-0.15715882415306234,342,291,56.71555070521349,0.017650828109927432,342,291,56.71555070521349,0.017656944811812056,0.882171181456481,-0.1188288185435189,0.1188288185435189,0.881342669063429,0.0160172236690746,success,62,,0,0.9482903153170319,-0.052709684682967994,0.052709684682967994,0.9473430523849831,0.014866980151885256,success,62,62,0,0.9482542335043701,-0.05274576649562979,0.05274576649562979,0.9473069294597214,0.014867519846545153,success,62,62,0,0.945281255694419,-0.05571874430558088,0.05571874430558088,0.944282927785151,0.0149269942285441,success,62,,0,-3.6081812661792334e-05,-3.6081812661792334e-05,0.002972977809951094,-0.002972977809951094
obs_1mm,1.001,005,5,1,laser 005.tif,calibration_repeat1_in_sample,0.00022100072012757162,0.024063540610427862,0.00032692468053581295,0.033158201917958756,256,252,48.41756776081992,0.026742635190339707,256,252,48.41756776081992,0.02675090800255047,0.961939289693158,-0.039060710306841884,0.039060710306841884,0.959497623564175,0.020929529684916,success,57,,0,0.9666769935136453,-0.03432300648635456,0.03432300648635456,0.9636932598031388,0.021177678127202507,success,57,55,0,0.9666126980639913,-0.034387301936008585,0.034387301936008585,0.9636190944483264,0.021182744238495473,success,57,55,0,0.966676672099585,-0.034323327900414924,0.034323327900414924,0.963692929968112,0.0211776748666421,success,57,,0,-6.429544965402822e-05,-6.429544965402822e-05,-6.397403559366133e-05,6.397403559366133e-05
obs_1mm,1.001,005,5,2,laser 005_02.tif,evaluation_repeat2_5,0.00022100072012757162,0.024063540610427862,0.00032692468053581295,0.033158201917958756,256,252,48.41756776081992,0.026742635190339707,256,252,48.41756776081992,0.02675090800255047,0.962695870607166,-0.0383041293928339,0.0383041293928339,0.961601585708763,0.0131367812000983,success,56,,0,0.9674429934821939,-0.03355700651780602,0.03355700651780602,0.9665469031443961,0.013442882112283113,success,56,40,0,0.9673789535947271,-0.03362104640527275,0.03362104640527275,0.966486034419417,0.013449092784702644,success,56,40,0,0.968440982224923,-0.03255901777507686,0.03255901777507686,0.967575735960022,0.0134910659570578,success,56,,0,-6.403988746672695e-05,-6.403988746672695e-05,-0.0010620286301958881,0.0010620286301958881
obs_1mm,1.001,005,5,3,laser 005_03.tif,evaluation_repeat2_5,0.00022100072012757162,0.024063540610427862,0.00032692468053581295,0.033158201917958756,256,252,48.41756776081992,0.026742635190339707,256,252,48.41756776081992,0.02675090800255047,0.960383531824054,-0.040616468175945886,0.040616468175945886,0.957727179527978,0.0161165491339341,success,60,,0,0.9650979276966359,-0.03590207230336395,0.03590207230336395,0.9624296909325829,0.016286812659527902,success,60,55,0,0.9650331611215264,-0.03596683887847352,0.03596683887847352,0.9623791531684555,0.01629054437974617,success,60,55,0,0.964805907081697,-0.03619409291830289,0.03619409291830289,0.962213036438076,0.0163067732638731,success,60,,0,-6.476657510956496e-05,-6.476657510956496e-05,0.0002272540398293721,-0.0002272540398293721
obs_1mm,1.001,005,5,4,laser 005_04.tif,evaluation_repeat2_5,0.00022100072012757162,0.024063540610427862,0.00032692468053581295,0.033158201917958756,256,252,48.41756776081992,0.026742635190339707,256,252,48.41756776081992,0.02675090800255047,0.960873740559473,-0.040126259440526835,0.040126259440526835,0.960264122118701,0.0210758357738345,success,55,,0,0.9656023918522588,-0.035397608147741066,0.035397608147741066,0.9648484564727404,0.02128493706071408,success,55,52,0,0.9655378746423124,-0.035462125357687446,0.035462125357687446,0.9647814480124315,0.021289378840558586,success,55,52,0,0.965579744486588,-0.03542025551341188,0.03542025551341188,0.964817911839465,0.0212962765310327,success,55,,0,-6.451720994637977e-05,-6.451720994637977e-05,-4.186984427556606e-05,4.186984427556606e-05
obs_1mm,1.001,005,5,5,laser 005_05.tif,evaluation_repeat2_5,0.00022100072012757162,0.024063540610427862,0.00032692468053581295,0.033158201917958756,256,252,48.41756776081992,0.026742635190339707,256,252,48.41756776081992,0.02675090800255047,0.962079601332051,-0.03892039866794894,0.03892039866794894,0.961805243571121,0.011129056064003,success,57,,0,0.9667910104781684,-0.03420898952183149,0.03420898952183149,0.9662174629735586,0.01130258913494483,success,57,49,0,0.9667262542975361,-0.034273745702463776,0.034273745702463776,0.9661485944336514,0.01130618050286217,success,57,49,0,0.965396183569222,-0.035603816430777924,0.035603816430777924,0.964824911997514,0.0113002203400706,success,57,,0,-6.475618063228605e-05,-6.475618063228605e-05,0.0013300707283141477,-0.0013300707283141477
obs_2mm,2.0,005,1,1,laser 005.tif,calibration_repeat1_in_sample,-0.0004973061885255694,-0.013132546331774226,-0.0007746141198709271,0.025190740952227182,211,192,44.29526361523297,0.022266733891476244,211,191,44.29526361523297,0.022031230271363073,1.93358093609155,-0.0664190639084501,0.0664190639084501,1.93506601996103,0.0161579174487346,success,66,,0,2.006032899525364,0.0060328995253637885,0.0060328995253637885,2.0069734573448454,0.016300030905147356,success,66,59,0,2.0065551460137425,0.006555146013742519,0.006555146013742519,2.007556338173819,0.016308215725261015,success,66,59,0,2.00603169591092,0.006031695910920121,0.006031695910920121,2.00697226004066,0.0163000218954284,success,66,,0,0.0005222464883787303,-0.0005222464883787303,0.0005234501028223981,0.0005234501028223981
obs_2mm,2.0,005,1,2,laser 005_02.tif,evaluation_repeat2_5,-0.0004973061885255694,-0.013132546331774226,-0.0007746141198709271,0.025190740952227182,211,192,44.29526361523297,0.022266733891476244,211,191,44.29526361523297,0.022031230271363073,1.93309834286599,-0.06690165713400997,0.06690165713400997,1.93337165933247,0.016291251759676,success,66,,0,2.005558442806767,0.005558442806766983,0.005558442806766983,2.006598230186077,0.016606417757201904,success,66,63,0,2.0060810548355748,0.006081054835574751,0.006081054835574751,2.0070954801788714,0.016622283141917025,success,66,63,0,2.00530453917651,0.005304539176509859,0.005304539176509859,2.006344649806,0.016606220207377,success,66,,0,0.0005226120288077674,-0.0005226120288077674,0.0007765156590648914,0.0007765156590648914
obs_2mm,2.0,005,1,3,laser 005_03.tif,evaluation_repeat2_5,-0.0004973061885255694,-0.013132546331774226,-0.0007746141198709271,0.025190740952227182,211,192,44.29526361523297,0.022266733891476244,211,191,44.29526361523297,0.022031230271363073,1.93329850778199,-0.06670149221801003,0.06670149221801003,1.9348804358043,0.0204416732411235,success,66,,0,2.0057585414212222,0.00575854142122223,0.00575854142122223,2.007711794154444,0.02064680042572367,success,66,65,0,2.006281214221005,0.006281214221004916,0.006281214221004916,2.0082767235886236,0.02065749283786126,success,66,65,0,2.00549142399604,0.00549142399604019,0.00549142399604019,2.00741578343799,0.0206396960858426,success,66,,0,0.0005226727997826863,-0.0005226727997826863,0.000789790224964726,0.000789790224964726
obs_2mm,2.0,005,1,4,laser 005_04.tif,evaluation_repeat2_5,-0.0004973061885255694,-0.013132546331774226,-0.0007746141198709271,0.025190740952227182,211,192,44.29526361523297,0.022266733891476244,211,191,44.29526361523297,0.022031230271363073,1.92949653571272,-0.07050346428727994,0.07050346428727994,1.92807390198584,0.0117872088249344,success,65,,0,2.001852228482716,0.001852228482715823,0.001852228482715823,2.0009683020914495,0.012300899918724389,success,65,45,0,2.00237000725718,0.0023700072571801734,0.0023700072571801734,2.0015124782660454,0.012326358124092874,success,65,45,0,2.00169891311189,0.0016989131118898548,0.0016989131118898548,2.00077496084138,0.0122608519715402,success,65,,0,0.0005177787744643503,-0.0005177787744643503,0.0006710941452903185,0.0006710941452903185
obs_2mm,2.0,005,1,5,laser 005_05.tif,evaluation_repeat2_5,-0.0004973061885255694,-0.013132546331774226,-0.0007746141198709271,0.025190740952227182,211,192,44.29526361523297,0.022266733891476244,211,191,44.29526361523297,0.022031230271363073,1.93350422843722,-0.06649577156278008,0.06649577156278008,1.93434928817521,0.0165170982710747,success,65,,0,2.0059516571264333,0.005951657126433307,0.005951657126433307,2.006552913153472,0.01665350024030211,success,65,61,0,2.006473635534941,0.006473635534940847,0.006473635534940847,2.007038274138261,0.01666111563397566,success,65,61,0,2.00580392725826,0.0058039272582601775,0.0058039272582601775,2.00652565386609,0.0166296897720148,success,65,,0,0.0005219784085075396,-0.0005219784085075396,0.0006697082766806695,0.0006697082766806695
obs_2mm,2.0,004,2,1,laser 004.tif,calibration_repeat1_in_sample,-0.0023037231783664723,0.017623015117761882,-0.0023312090570200773,0.033805020656779566,320,310,55.4235003086397,0.0282951689632402,320,310,55.4235003086397,0.02807034270724452,1.85965531515153,-0.14034468484846996,0.14034468484846996,1.8631679432969,0.0213211417870147,success,54,,0,1.9624041941065464,-0.03759580589345357,0.03759580589345357,1.9659232274409013,0.01894141214761655,success,54,48,0,1.963265194360878,-0.036734805639121904,0.036734805639121904,1.9667842221063019,0.01891305806123603,success,54,48,0,1.96239606770097,-0.03760393229903003,0.03760393229903003,1.96591508646759,0.0189413334519358,success,54,,0,0.0008610002543316675,0.0008610002543316675,0.000869126659908126,-0.000869126659908126
obs_2mm,2.0,004,2,2,laser 004_02.tif,evaluation_repeat2_5,-0.0023037231783664723,0.017623015117761882,-0.0023312090570200773,0.033805020656779566,320,310,55.4235003086397,0.0282951689632402,320,310,55.4235003086397,0.02807034270724452,1.86506091191271,-0.13493908808729005,0.13493908808729005,1.86313231128162,0.0237292908541319,success,52,,0,1.968012928423979,-0.0319870715760211,0.0319870715760211,1.9667306284484578,0.02155538185209866,success,52,52,0,1.9688773668058035,-0.031122633194196503,0.031122633194196503,1.9675708275242618,0.02152932123446922,success,52,52,0,1.96777128492265,-0.03222871507734992,0.03222871507734992,1.96648564338216,0.0215505785112478,success,52,,0,0.0008644383818245949,0.0008644383818245949,0.0011060818831534203,-0.0011060818831534203
obs_2mm,2.0,004,2,3,laser 004_03.tif,evaluation_repeat2_5,-0.0023037231783664723,0.017623015117761882,-0.0023312090570200773,0.033805020656779566,320,310,55.4235003086397,0.0282951689632402,320,310,55.4235003086397,0.02807034270724452,1.86273721267834,-0.13726278732166008,0.13726278732166008,1.86467526050842,0.0229872490042738,success,53,,0,1.9654611328959835,-0.034538867104016546,0.034538867104016546,1.9644776784011455,0.020735899614262813,success,53,53,0,1.966321766111269,-0.033678233888730924,0.033678233888730924,1.965417486367013,0.020709708075303625,success,53,53,0,1.96474430303596,-0.03525569696404007,0.03525569696404007,1.96365364685017,0.0207737359640603,success,53,,0,0.0008606332152856222,0.0008606332152856222,0.001577463075309149,-0.001577463075309149
obs_2mm,2.0,004,2,4,laser 004_04.tif,evaluation_repeat2_5,-0.0023037231783664723,0.017623015117761882,-0.0023312090570200773,0.033805020656779566,320,310,55.4235003086397,0.0282951689632402,320,310,55.4235003086397,0.02807034270724452,1.86455946062319,-0.1354405393768101,0.1354405393768101,1.86358095698148,0.020013949823355,success,53,,0,1.9676660880138535,-0.032333911986146546,0.032333911986146546,1.967440303901094,0.01849192357600651,success,53,52,0,1.968533762607485,-0.03146623739251497,0.03146623739251497,1.9682778124870555,0.01847687272592458,success,53,52,0,1.96601308694244,-0.033986913057560075,0.033986913057560075,1.96580201071261,0.0185015659559627,success,53,,0,0.0008676745936315733,0.0008676745936315733,0.0025206756650451023,-0.0025206756650451023
obs_2mm,2.0,004,2,5,laser 004_05.tif,evaluation_repeat2_5,-0.0023037231783664723,0.017623015117761882,-0.0023312090570200773,0.033805020656779566,320,310,55.4235003086397,0.0282951689632402,320,310,55.4235003086397,0.02807034270724452,1.86413230373385,-0.13586769626615003,0.13586769626615003,1.8714784889367,0.0238195343006114,success,54,,0,1.967090542989433,-0.03290945701056702,0.03290945701056702,1.973119390218905,0.021968988642194837,success,54,54,0,1.9679553032891064,-0.032044696710893605,0.032044696710893605,1.9739026533935808,0.021948980844155738,success,54,54,0,1.96586908480731,-0.03413091519269007,0.03413091519269007,1.97190963604509,0.0219870361475372,success,54,,0,0.0008647602996734172,0.0008647602996734172,0.0020862184817964646,-0.0020862184817964646
obs_2mm,2.0,003,3,1,laser 003.tif,calibration_repeat1_in_sample,7.488220797689228e-05,-0.06552040862799077,0.0002040311900937932,-0.05438311529488507,348,326,56.33182051393825,0.02034144478294223,348,326,56.33182051393825,0.020340084151562562,1.87280592740454,-0.1271940725954599,0.1271940725954599,1.87445030473316,0.0156902051105577,success,53,,0,1.9403243468494349,-0.05967565315056511,0.05967565315056511,1.9418720524035915,0.015679706635210493,success,53,51,0,1.9403281906940522,-0.05967180930594784,0.05967180930594784,1.941876625149943,0.01567978258269529,success,53,51,0,1.94032427151858,-0.05967572848142,0.05967572848142,1.94187197644987,0.0156797059562862,success,53,,0,3.843844617268388e-06,3.843844617268388e-06,3.9191754721557e-06,-3.9191754721557e-06
obs_2mm,2.0,003,3,2,laser 003_02.tif,evaluation_repeat2_5,7.488220797689228e-05,-0.06552040862799077,0.0002040311900937932,-0.05438311529488507,348,326,56.33182051393825,0.02034144478294223,348,326,56.33182051393825,0.020340084151562562,1.87363187269253,-0.12636812730746994,0.12636812730746994,1.87362480364402,0.0112233743132904,success,52,,0,1.9411425419200843,-0.058857458079915714,0.058857458079915714,1.9410755099278432,0.011218984794693224,success,52,46,0,1.9411464442959867,-0.058853555704013294,0.058853555704013294,1.9410798548770738,0.011219013705295086,success,52,46,0,1.94095675560793,-0.05904324439207009,0.05904324439207009,1.94089538602426,0.0112193386592408,success,52,,0,3.902375902420374e-06,3.902375902420374e-06,0.0001896886880567994,-0.0001896886880567994
obs_2mm,2.0,003,3,3,laser 003_03.tif,evaluation_repeat2_5,7.488220797689228e-05,-0.06552040862799077,0.0002040311900937932,-0.05438311529488507,348,326,56.33182051393825,0.02034144478294223,348,326,56.33182051393825,0.020340084151562562,1.87633342595934,-0.12366657404065995,0.12366657404065995,1.87496301400085,0.0155847899714663,success,52,,0,1.943863474072043,-0.056136525927956926,0.056136525927956926,1.9423558024415986,0.015578808367347203,success,52,50,0,1.943867231032811,-0.056132768967189106,0.056132768967189106,1.9423605905558445,0.015578850416585806,success,52,50,0,1.94382097014175,-0.056179029858250074,0.056179029858250074,1.94230125413294,0.0155783311494062,success,52,,0,3.756960767820061e-06,3.756960767820061e-06,4.6260891060967424e-05,-4.6260891060967424e-05
obs_2mm,2.0,003,3,4,laser 003_04.tif,evaluation_repeat2_5,7.488220797689228e-05,-0.06552040862799077,0.0002040311900937932,-0.05438311529488507,348,326,56.33182051393825,0.02034144478294223,348,326,56.33182051393825,0.020340084151562562,1.87520961090669,-0.12479038909330997,0.12479038909330997,1.87419203861509,0.0159805743551225,success,51,,0,1.9427371433646006,-0.05726285663539943,0.05726285663539943,1.9417730569654803,0.015969949579419735,success,51,49,0,1.9427409191973557,-0.0572590808026443,0.0572590808026443,1.9417764301344724,0.015970026394953596,success,51,49,0,1.94226181987848,-0.05773818012151999,0.05773818012151999,1.9412844339929,0.015972503379935,success,51,,0,3.775832755126274e-06,3.775832755126274e-06,0.00047909931887568646,-0.00047909931887568646
obs_2mm,2.0,003,3,5,laser 003_05.tif,evaluation_repeat2_5,7.488220797689228e-05,-0.06552040862799077,0.0002040311900937932,-0.05438311529488507,348,326,56.33182051393825,0.02034144478294223,348,326,56.33182051393825,0.020340084151562562,1.87363758170688,-0.12636241829312,0.12636241829312,1.87318051696934,0.0100623334535679,success,55,,0,1.9411426729528773,-0.058857327047122654,0.058857327047122654,1.9406239853208147,0.010086013262106746,success,55,41,0,1.9411466167277187,-0.05885338327228129,0.05885338327228129,1.9406283956296053,0.010085829801138497,success,55,41,0,1.94141702740192,-0.058582972598079985,0.058582972598079985,1.94092396884251,0.0100759538071389,success,55,,0,3.9437748413639895e-06,3.9437748413639895e-06,-0.0002704106742013046,0.0002704106742013046
obs_2mm,2.0,002,4,1,laser 002.tif,calibration_repeat1_in_sample,-0.0023154457621688694,-0.21927505141452394,-0.0021944962558130177,-0.2086270490609388,317,286,55.65604961086137,0.019164370878960262,317,286,55.65604961086137,0.01916025579684458,1.95803015603029,-0.04196984396971004,0.04196984396971004,1.95857843334738,0.0127325435614882,success,59,,0,1.971508847430073,-0.02849115256992696,0.02849115256992696,1.9713324687365288,0.013193133340980876,success,59,47,0,1.9714490744425595,-0.028550925557440543,0.028550925557440543,1.9712740838010614,0.013192505698147812,success,59,47,0,1.97151564888498,-0.0284843511150199,0.0284843511150199,1.97133926846882,0.0131931786841954,success,59,,0,-5.97729875135844e-05,-5.97729875135844e-05,-6.657444242064159e-05,6.657444242064159e-05
obs_2mm,2.0,002,4,2,laser 002_02.tif,evaluation_repeat2_5,-0.0023154457621688694,-0.21927505141452394,-0.0021944962558130177,-0.2086270490609388,317,286,55.65604961086137,0.019164370878960262,317,286,55.65604961086137,0.01916025579684458,1.9681208692337,-0.0318791307663,0.0318791307663,1.9634022458165,0.0180527271834397,success,62,,0,1.981070416941397,-0.018929583058602928,0.018929583058602928,1.9778090445796743,0.01623592136436846,success,62,51,0,1.9810110246985169,-0.018988975301483135,0.018988975301483135,1.977747041526972,0.016236945090968055,success,62,51,0,1.98165946952745,-0.01834053047254991,0.01834053047254991,1.97829217060647,0.0162733407199981,success,62,,0,-5.939224288020739e-05,-5.939224288020739e-05,-0.0006484448289332256,0.0006484448289332256
obs_2mm,2.0,002,4,3,laser 002_03.tif,evaluation_repeat2_5,-0.0023154457621688694,-0.21927505141452394,-0.0021944962558130177,-0.2086270490609388,317,286,55.65604961086137,0.019164370878960262,317,286,55.65604961086137,0.01916025579684458,1.9628231017394,-0.0371768982606,0.0371768982606,1.9597903036323,0.0208301205830803,success,58,,0,1.975390142168465,-0.02460985783153502,0.02460985783153502,1.9768760718955132,0.01997144839656328,success,58,55,0,1.975331050502833,-0.024668949497167025,0.024668949497167025,1.9768220620827068,0.019971861244690654,success,58,55,0,1.97487087018805,-0.025129129811950035,0.025129129811950035,1.97642026260061,0.0199750925562003,success,58,,0,-5.9091665632005075e-05,-5.9091665632005075e-05,0.0004601803147830097,-0.0004601803147830097
obs_2mm,2.0,002,4,4,laser 002_04.tif,evaluation_repeat2_5,-0.0023154457621688694,-0.21927505141452394,-0.0021944962558130177,-0.2086270490609388,317,286,55.65604961086137,0.019164370878960262,317,286,55.65604961086137,0.01916025579684458,1.96689063695738,-0.03310936304262002,0.03310936304262002,1.96744772731222,0.0186485148087072,success,62,,0,1.9796541271430306,-0.020345872856969427,0.020345872856969427,1.9808135657643897,0.018595913696133087,success,62,55,0,1.979594915738471,-0.020405084261529094,0.020405084261529094,1.9807546667570641,0.01859569078441335,success,62,55,0,1.97795766329019,-0.02204233670980993,0.02204233670980993,1.97913402289449,0.0185897466642749,success,62,,0,-5.9211404559667e-05,-5.9211404559667e-05,0.0016372524482808348,-0.0016372524482808348
obs_2mm,2.0,002,4,5,laser 002_05.tif,evaluation_repeat2_5,-0.0023154457621688694,-0.21927505141452394,-0.0021944962558130177,-0.2086270490609388,317,286,55.65604961086137,0.019164370878960262,317,286,55.65604961086137,0.01916025579684458,1.9635516047628,-0.03644839523719989,0.03644839523719989,1.96292000759502,0.00627824766445489,success,62,,0,1.977744924089315,-0.022255075910684985,0.022255075910684985,1.9786089022618312,0.007669021330593385,success,62,39,0,1.9776846180433114,-0.022315381956688585,0.022315381956688585,1.978546633296512,0.007667602753193812,success,62,39,0,1.97659645042996,-0.023403549570039983,0.023403549570039983,1.97741766355568,0.00764062820188764,success,62,,0,-6.030604600359979e-05,-6.030604600359979e-05,0.0010881676133513984,-0.0010881676133513984
obs_2mm,2.0,001,5,1,laser 001.tif,calibration_repeat1_in_sample,0.0006397755563922987,0.09587443555711972,0.0007324441041159673,0.10365546122946978,251,226,49.39653325633515,0.02151637035178557,251,225,49.39653325633515,0.021334627508492004,,,,,,failed,0,,0,,,,,,MeasurementError: height line has too few points: 20 < 30,20,0,0,,,,,,MeasurementError: height line has too few points: 20 < 30,20,0,0,,,,,,failed,0,,0,,,,
obs_2mm,2.0,001,5,2,laser 001_02.tif,evaluation_repeat2_5,0.0006397755563922987,0.09587443555711972,0.0007324441041159673,0.10365546122946978,251,226,49.39653325633515,0.02151637035178557,251,225,49.39653325633515,0.021334627508492004,,,,,,failed,0,,0,,,,,,MeasurementError: height line has too few points: 21 < 30,21,0,0,,,,,,MeasurementError: height line has too few points: 21 < 30,21,0,0,,,,,,failed,0,,0,,,,
obs_2mm,2.0,001,5,3,laser 001_03.tif,evaluation_repeat2_5,0.0006397755563922987,0.09587443555711972,0.0007324441041159673,0.10365546122946978,251,226,49.39653325633515,0.02151637035178557,251,225,49.39653325633515,0.021334627508492004,,,,,,failed,0,,0,,,,,,MeasurementError: height line has too few points: 17 < 30,17,0,0,,,,,,MeasurementError: height line has too few points: 17 < 30,17,0,0,,,,,,failed,0,,0,,,,
obs_2mm,2.0,001,5,4,laser 001_04.tif,evaluation_repeat2_5,0.0006397755563922987,0.09587443555711972,0.0007324441041159673,0.10365546122946978,251,226,49.39653325633515,0.02151637035178557,251,225,49.39653325633515,0.021334627508492004,,,,,,failed,0,,0,,,,,,MeasurementError: height line has too few points: 17 < 30,17,0,0,,,,,,MeasurementError: height line has too few points: 17 < 30,17,0,0,,,,,,failed,0,,0,,,,
obs_2mm,2.0,001,5,5,laser 001_05.tif,evaluation_repeat2_5,0.0006397755563922987,0.09587443555711972,0.0007324441041159673,0.10365546122946978,251,226,49.39653325633515,0.02151637035178557,251,225,49.39653325633515,0.021334627508492004,,,,,,failed,0,,0,,,,,,MeasurementError: height line has too few points: 19 < 30,19,0,0,,,,,,MeasurementError: height line has too few points: 19 < 30,19,0,0,,,,,,failed,0,,0,,,,
obs_6mm,6.0,001,1,1,laser 001.tif,calibration_repeat1_in_sample,0.0006653203601360324,-0.11104866940638652,0.00041836668328288295,-0.07602257052661703,276,256,49.74716564811169,0.023155187097843675,276,256,49.74716564811169,0.023207120210733706,5.95614540936244,-0.04385459063755981,0.04385459063755981,5.96032417735745,0.0174600585492468,success,64,,0,5.991563389778732,-0.008436610221267848,0.008436610221267848,5.995330929704725,0.017722670129345683,success,64,60,0,5.991783822063668,-0.008216177936332336,0.008216177936332336,5.99555247053662,0.017721589690597332,success,64,60,0,5.99156971374655,-0.008430286253449992,0.008430286253449992,5.99533725708868,0.0177226876455832,success,64,,0,0.00022043228493551226,0.00022043228493551226,0.0002141083171176561,-0.0002141083171176561
obs_6mm,6.0,001,1,2,laser 001_02.tif,evaluation_repeat2_5,0.0006653203601360324,-0.11104866940638652,0.00041836668328288295,-0.07602257052661703,276,256,49.74716564811169,0.023155187097843675,276,256,49.74716564811169,0.023207120210733706,5.96152313831944,-0.03847686168055997,0.03847686168055997,5.96092168305393,0.0134813840614602,success,64,,0,5.9969948259154195,-0.003005174084580453,0.003005174084580453,5.99577406468893,0.014279144199591899,success,64,48,0,5.997215112316899,-0.002784887683101367,0.002784887683101367,5.995992079804706,0.014278328051010437,success,64,48,0,5.99739100359697,-0.0026089964030298063,0.0026089964030298063,5.99615777418747,0.0142957337930786,success,64,,0,0.00022028640147908618,0.00022028640147908618,-0.00017589128007156063,0.00017589128007156063
obs_6mm,6.0,001,1,3,laser 001_03.tif,evaluation_repeat2_5,0.0006653203601360324,-0.11104866940638652,0.00041836668328288295,-0.07602257052661703,276,256,49.74716564811169,0.023155187097843675,276,256,49.74716564811169,0.023207120210733706,5.96109458533425,-0.03890541466575037,0.03890541466575037,5.95999523151488,0.0165171292585714,success,64,,0,5.996510843241846,-0.0034891567581540883,0.0034891567581540883,5.996423687410689,0.017108228977034696,success,64,53,0,5.99673112851536,-0.003268871484640279,0.003268871484640279,5.9966442417556,0.017107483226116528,success,64,53,0,5.99680555734029,-0.0031944426597103615,0.0031944426597103615,5.99670032461686,0.0170971690303706,success,64,,0,0.00022028527351380944,0.00022028527351380944,-7.442882492991743e-05,7.442882492991743e-05
obs_6mm,6.0,001,1,4,laser 001_04.tif,evaluation_repeat2_5,0.0006653203601360324,-0.11104866940638652,0.00041836668328288295,-0.07602257052661703,276,256,49.74716564811169,0.023155187097843675,276,256,49.74716564811169,0.023207120210733706,5.95624694533483,-0.04375305466516988,0.04375305466516988,5.95359902432898,0.0203004723908208,success,64,,0,5.99154913966316,-0.008450860336839838,0.008450860336839838,5.988522820565779,0.020393080069288468,success,64,64,0,5.991769380351881,-0.008230619648118775,0.008230619648118775,5.988745183220269,0.020392009745035748,success,64,64,0,5.99253689085418,-0.007463109145819935,0.007463109145819935,5.98951199745603,0.0203949936155673,success,64,,0,0.00022024068872106284,0.00022024068872106284,-0.0007675105022988404,0.0007675105022988404
obs_6mm,6.0,001,1,5,laser 001_05.tif,evaluation_repeat2_5,0.0006653203601360324,-0.11104866940638652,0.00041836668328288295,-0.07602257052661703,276,256,49.74716564811169,0.023155187097843675,276,256,49.74716564811169,0.023207120210733706,5.95628960696734,-0.04371039303265967,0.04371039303265967,5.95536576415498,0.0175431185910628,success,64,,0,5.991707599479054,-0.008292400520946153,0.008292400520946153,5.99111723876459,0.01800782857481493,success,64,60,0,5.991928030163123,-0.008071969836876747,0.008071969836876747,5.991337051956824,0.018006985899701587,success,64,60,0,5.99283139241794,-0.007168607582060282,0.007168607582060282,5.99216953615333,0.0179777492554751,success,64,,0,0.0002204306840694059,0.0002204306840694059,-0.0009033622548164644,0.0009033622548164644
obs_6mm,6.0,002,2,1,laser 002.tif,calibration_repeat1_in_sample,-0.0030140990464116897,0.05606124137831731,-0.002968468770485918,0.068711397619332,310,285,55.56735128274186,0.017832170785491153,310,283,55.56735128274186,0.017634382574128284,5.91564087753416,-0.08435912246584021,0.08435912246584021,5.91614348724954,0.0156851497458964,success,64,,0,5.963023939448576,-0.03697606055142444,0.03697606055142444,5.963653458756095,0.014013446333644687,success,64,59,0,5.963651145544795,-0.03634885445520464,0.03634885445520464,5.964288199248186,0.014008126996989374,success,64,59,0,5.96300250362068,-0.03699749637932026,0.03699749637932026,5.96363201972951,0.0140133963735951,success,64,,0,0.0006272060962198012,0.0006272060962198012,0.0006486419241156227,-0.0006486419241156227
obs_6mm,6.0,002,2,2,laser 002_02.tif,evaluation_repeat2_5,-0.0030140990464116897,0.05606124137831731,-0.002968468770485918,0.068711397619332,310,285,55.56735128274186,0.017832170785491153,310,283,55.56735128274186,0.017634382574128284,5.92329017478354,-0.07670982521645975,0.07670982521645975,5.92305030934489,0.0111484661969921,success,64,,0,5.970086877220864,-0.029913122779135826,0.029913122779135826,5.9715019226587245,0.01110526291241173,success,64,54,0,5.970708985497326,-0.02929101450267435,0.02929101450267435,5.972096593534129,0.011117184163640496,success,64,54,0,5.96794853246895,-0.03205146753105037,0.03205146753105037,5.96936579508075,0.0111043556698445,success,64,,0,0.0006221082764614749,0.0006221082764614749,0.00276045302837602,-0.00276045302837602
obs_6mm,6.0,002,2,3,laser 002_03.tif,evaluation_repeat2_5,-0.0030140990464116897,0.05606124137831731,-0.002968468770485918,0.068711397619332,310,285,55.56735128274186,0.017832170785491153,310,283,55.56735128274186,0.017634382574128284,5.92028727401075,-0.07971272598924983,0.07971272598924983,5.92185735163827,0.0128059080312543,success,64,,0,5.967473020533128,-0.032526979466871886,0.032526979466871886,5.970540465760848,0.012067357352519396,success,64,56,0,5.968098308874198,-0.03190169112580232,0.03190169112580232,5.971207891695303,0.01207284294434089,success,64,56,0,5.96644964786043,-0.03355035213956992,0.03355035213956992,5.96943863593802,0.0120587510980432,success,64,,0,0.0006252883410695631,0.0006252883410695631,0.0016486610137675939,-0.0016486610137675939
obs_6mm,6.0,002,2,4,laser 002_04.tif,evaluation_repeat2_5,-0.0030140990464116897,0.05606124137831731,-0.002968468770485918,0.068711397619332,310,285,55.56735128274186,0.017832170785491153,310,283,55.56735128274186,0.017634382574128284,5.91572051590955,-0.08427948409044994,0.08427948409044994,5.91614723870202,0.011911429249346,success,64,,0,5.963192209795958,-0.036807790204042234,0.036807790204042234,5.9634302733324125,0.012704835670269954,success,64,53,0,5.963820467774867,-0.03617953222513304,0.03617953222513304,5.964045962279851,0.012722879437005464,success,64,53,0,5.96311567866035,-0.036884321339649695,0.036884321339649695,5.96337892570535,0.0126786315723702,success,64,,0,0.0006282579789091969,0.0006282579789091969,0.0007047891145166574,-0.0007047891145166574
obs_6mm,6.0,002,2,5,laser 002_05.tif,evaluation_repeat2_5,-0.0030140990464116897,0.05606124137831731,-0.002968468770485918,0.068711397619332,310,285,55.56735128274186,0.017832170785491153,310,283,55.56735128274186,0.017634382574128284,5.91249546189976,-0.08750453810023995,0.08750453810023995,5.91182999032969,0.0160400373527216,success,64,,0,5.959903759934668,-0.04009624006533219,0.04009624006533219,5.95929293371491,0.013682204450982555,success,64,59,0,5.960531183417028,-0.03946881658297219,0.03946881658297219,5.959894220204717,0.013669042601602826,success,64,59,0,5.9620024163965,-0.037997583603499585,0.037997583603499585,5.9614039589643,0.0136876370370714,success,64,,0,0.0006274234823600011,0.0006274234823600011,-0.0014712329794726031,0.0014712329794726031
obs_6mm,6.0,003,3,1,laser 003.tif,calibration_repeat1_in_sample,0.0020443857748768104,-0.052039816762594455,0.0021674097569052324,-0.041004427671737835,331,322,55.9630927404249,0.020736179884862656,331,322,55.9630927404249,0.020749154208593235,5.92922208716559,-0.07077791283441037,0.07077791283441037,5.93047990747885,0.0229866710127621,success,64,,0,5.991256020298411,-0.008743979701589133,0.008743979701589133,5.992320589985381,0.02059569500229527,success,64,60,0,5.99133434319614,-0.008665656803859889,0.008665656803859889,5.992390163293079,0.020601539988769,success,64,60,0,5.99124101373205,-0.008758986267950242,0.008758986267950242,5.99230558600724,0.0205956399796789,success,64,,0,7.832289772924383e-05,7.832289772924383e-05,9.332946409035259e-05,-9.332946409035259e-05
obs_6mm,6.0,003,3,2,laser 003_02.tif,evaluation_repeat2_5,0.0020443857748768104,-0.052039816762594455,0.0021674097569052324,-0.041004427671737835,331,322,55.9630927404249,0.020736179884862656,331,322,55.9630927404249,0.020749154208593235,5.93141490096929,-0.06858509903071042,0.06858509903071042,5.93408664759852,0.0171348894594765,success,64,,0,5.9933629327297515,-0.006637067270248487,0.006637067270248487,5.9935655884000685,0.014443603862905025,success,64,52,0,5.9934414793534625,-0.006558520646537502,0.006558520646537502,5.993642104111989,0.014450166607509921,success,64,52,0,5.99288696120588,-0.0071130387941202855,0.0071130387941202855,5.9931018592295,0.0144041558149384,success,64,,0,7.854662371098442e-05,7.854662371098442e-05,0.0005545181475827832,-0.0005545181475827832
obs_6mm,6.0,003,3,3,laser 003_03.tif,evaluation_repeat2_5,0.0020443857748768104,-0.052039816762594455,0.0021674097569052324,-0.041004427671737835,331,322,55.9630927404249,0.020736179884862656,331,322,55.9630927404249,0.020749154208593235,5.92639347305734,-0.07360652694266001,0.07360652694266001,5.92851375959879,0.0229719574959387,success,64,,0,5.988553954351517,-0.011446045648482617,0.011446045648482617,5.989494511067903,0.020429614610387867,success,64,62,0,5.988631942260843,-0.011368057739156612,0.011368057739156612,5.989579599743721,0.020435911272173694,success,64,62,0,5.98802453909857,-0.011975460901430424,0.011975460901430424,5.98892846617482,0.0203972989802124,success,64,,0,7.798790932600497e-05,7.798790932600497e-05,0.0006074031622738119,-0.0006074031622738119
obs_6mm,6.0,003,3,4,laser 003_04.tif,evaluation_repeat2_5,0.0020443857748768104,-0.052039816762594455,0.0021674097569052324,-0.041004427671737835,331,322,55.9630927404249,0.020736179884862656,331,322,55.9630927404249,0.020749154208593235,5.92573186940765,-0.07426813059235027,0.07426813059235027,5.92533415165269,0.0243648584666676,success,64,,0,5.987955744943642,-0.012044255056357756,0.012044255056357756,5.987688160257841,0.022001606061387048,success,64,64,0,5.988033569777078,-0.01196643022292232,0.01196643022292232,5.987780000912663,0.022007411423826475,success,64,64,0,5.9866293962906,-0.013370603709399909,0.013370603709399909,5.98638831486339,0.0220122928702882,success,64,,0,7.782483343543589e-05,7.782483343543589e-05,0.001404173486477589,-0.001404173486477589
obs_6mm,6.0,003,3,5,laser 003_05.tif,evaluation_repeat2_5,0.0020443857748768104,-0.052039816762594455,0.0021674097569052324,-0.041004427671737835,331,322,55.9630927404249,0.020736179884862656,331,322,55.9630927404249,0.020749154208593235,5.92967189835543,-0.07032810164457004,0.07032810164457004,5.92828026070811,0.0169619202021634,success,64,,0,5.991683182474949,-0.008316817525050979,0.008316817525050979,5.990230836242158,0.014809288923242767,success,64,55,0,5.991761570812936,-0.008238429187064078,0.008238429187064078,5.99031625249452,0.014814276911007661,success,64,55,0,5.99049545632895,-0.009504543671050136,0.009504543671050136,5.98903401679301,0.0148028048098636,success,64,,0,7.838833798690104e-05,7.838833798690104e-05,0.0012661144839860583,-0.0012661144839860583
obs_6mm,6.0,004,4,1,laser 004.tif,calibration_repeat1_in_sample,-0.0010759347718810241,-0.10034805663236476,-0.0009561214723679473,-0.08976546787850871,449,425,70.9981524687624,0.03166000635815602,449,424,70.9981524687624,0.03149746871270262,5.99781122562816,-0.002188774371839841,0.002188774371839841,5.99680833221339,0.0237451546306828,success,68,,0,6.003890365363152,0.0038903653631523483,0.0038903653631523483,6.004058458241663,0.022218452329416327,success,68,66,0,6.003794966625571,0.0037949666255707726,0.0037949666255707726,6.003962684260767,0.022218379717219593,success,68,66,0,6.00389194797357,0.0038919479735701756,0.0038919479735701756,6.00406004057753,0.022218458936166,success,68,,0,-9.539873758157569e-05,9.539873758157569e-05,-9.698134799940306e-05,-9.698134799940306e-05
obs_6mm,6.0,004,4,2,laser 004_02.tif,evaluation_repeat2_5,-0.0010759347718810241,-0.10034805663236476,-0.0009561214723679473,-0.08976546787850871,449,425,70.9981524687624,0.03166000635815602,449,424,70.9981524687624,0.03149746871270262,5.99908687645234,-0.0009131235476598221,0.0009131235476598221,5.9965389899578,0.0258294643222186,success,68,,0,6.00516616880707,0.00516616880706966,0.00516616880706966,6.0041639697031,0.02433772391699338,success,68,66,0,6.005070770018172,0.0050707700181718,0.0050707700181718,6.004068722869065,0.024337554000208483,success,68,66,0,6.00550443136866,0.005504431368660079,0.005504431368660079,6.00455612126077,0.0242758219713252,success,68,,0,-9.539878889786024e-05,9.539878889786024e-05,-0.00043366135048827914,-0.00043366135048827914
obs_6mm,6.0,004,4,3,laser 004_03.tif,evaluation_repeat2_5,-0.0010759347718810241,-0.10034805663236476,-0.0009561214723679473,-0.08976546787850871,449,425,70.9981524687624,0.03166000635815602,449,424,70.9981524687624,0.03149746871270262,5.99531126737855,-0.00468873262145042,0.00468873262145042,5.99481862461084,0.0250448421339254,success,68,,0,6.001390115708334,0.0013901157083342497,0.0013901157083342497,6.000949551559293,0.02357048541122429,success,68,66,0,6.001294716928687,0.0012947169286867677,0.0012947169286867677,6.000853874596206,0.023570333121669052,success,68,66,0,6.00203776218597,0.00203776218596996,0.00203776218596996,6.00157766430369,0.0235516043991264,success,68,,0,-9.5398779647482e-05,9.5398779647482e-05,-0.0007430452572831925,-0.0007430452572831925
obs_6mm,6.0,004,4,4,laser 004_04.tif,evaluation_repeat2_5,-0.0010759347718810241,-0.10034805663236476,-0.0009561214723679473,-0.08976546787850871,449,425,70.9981524687624,0.03166000635815602,449,424,70.9981524687624,0.03149746871270262,6.00616497625501,0.006164976255010224,0.006164976255010224,6.00161172375408,0.0151109854893308,success,68,,0,6.0120585455902384,0.012058545590238445,0.012058545590238445,6.007793794223018,0.013366600740583212,success,68,47,0,6.011963154473897,0.011963154473897397,0.011963154473897397,6.007697815945551,0.013366646038080576,success,68,47,0,6.01199082171617,0.01199082171616972,0.01199082171616972,6.00772421855091,0.0133818004891138,success,68,,0,-9.539111634104813e-05,9.539111634104813e-05,-2.7667242272322312e-05,-2.7667242272322312e-05
obs_6mm,6.0,004,4,5,laser 004_05.tif,evaluation_repeat2_5,-0.0010759347718810241,-0.10034805663236476,-0.0009561214723679473,-0.08976546787850871,449,425,70.9981524687624,0.03166000635815602,449,424,70.9981524687624,0.03149746871270262,5.99706200241649,-0.00293799758351021,0.00293799758351021,5.99505007401274,0.0242270917372408,success,68,,0,6.003109699475124,0.0031096994751242946,0.0031096994751242946,6.000630265580446,0.022901184592775122,success,68,68,0,6.003014284809503,0.003014284809503387,0.003014284809503387,6.00053548341784,0.02290104421629557,success,68,68,0,6.00403814778086,0.00403814778085998,0.00403814778085998,6.00153920919158,0.0229135883796848,success,68,,0,-9.541466562090761e-05,9.541466562090761e-05,-0.0010238629713565928,-0.0010238629713565928
obs_6mm,6.0,005,5,1,laser 005.tif,calibration_repeat1_in_sample,0.00045943038252919315,0.09185710640666939,0.0005650088798917909,0.10091771878550838,224,213,48.90217858097711,0.022611726289217458,224,213,48.90217858097711,0.022621460443728793,5.9665009402827,-0.03349905971730038,0.03349905971730038,5.96721014698375,0.00826408056115872,success,65,,0,5.934831968485858,-0.0651680315141423,0.0651680315141423,5.935756904820293,0.008514938057252553,success,65,40,0,5.934759581819317,-0.06524041818068316,0.06524041818068316,5.9356863064531975,0.00851771072346995,success,65,40,0,5.93482534033572,-0.06517465966428038,0.06517465966428038,5.93575027842831,0.00851493192195682,success,65,,0,-7.23866665408579e-05,-7.23866665408579e-05,-6.575851640278074e-05,6.575851640278074e-05
obs_6mm,6.0,005,5,2,laser 005_02.tif,evaluation_repeat2_5,0.00045943038252919315,0.09185710640666939,0.0005650088798917909,0.10091771878550838,224,213,48.90217858097711,0.022611726289217458,224,213,48.90217858097711,0.022621460443728793,5.9680047429262,-0.0319952570737998,0.0319952570737998,5.96727547079769,0.0183369704604695,success,65,,0,5.936166709017156,-0.06383329098284385,0.06383329098284385,5.9362740806558705,0.0187528807472482,success,65,58,0,5.936092788046495,-0.0639072119535049,0.0639072119535049,5.936207537736379,0.01875677109412657,success,65,58,0,5.93650255662003,-0.06349744337996999,0.06349744337996999,5.936634946655,0.0187659882866796,success,65,,0,-7.392097066105663e-05,-7.392097066105663e-05,-0.0004097685735349188,0.0004097685735349188
obs_6mm,6.0,005,5,3,laser 005_03.tif,evaluation_repeat2_5,0.00045943038252919315,0.09185710640666939,0.0005650088798917909,0.10091771878550838,224,213,48.90217858097711,0.022611726289217458,224,213,48.90217858097711,0.022621460443728793,5.96837695407173,-0.03162304592826981,0.03162304592826981,5.97086970056051,0.0203198784369636,success,65,,0,5.9365199807503455,-0.06348001924965452,0.06348001924965452,5.939677920708571,0.020639951783434526,success,65,62,0,5.936445836515306,-0.06355416348469412,0.06355416348469412,5.9396099541306535,0.020643025094442415,success,65,62,0,5.93527739038937,-0.06472260961063014,0.06472260961063014,5.93844393122327,0.0206442667297167,success,65,,0,-7.41442350395971e-05,-7.41442350395971e-05,0.001168446125936029,-0.001168446125936029
obs_6mm,6.0,005,5,4,laser 005_04.tif,evaluation_repeat2_5,0.00045943038252919315,0.09185710640666939,0.0005650088798917909,0.10091771878550838,224,213,48.90217858097711,0.022611726289217458,224,213,48.90217858097711,0.022621460443728793,5.97174931795448,-0.028250682045520392,0.028250682045520392,5.97385577874888,0.0177609251166213,success,65,,0,5.939913620714057,-0.06008637928594318,0.06008637928594318,5.941095795603355,0.01786128386498461,success,65,57,0,5.939839736086878,-0.060160263913122236,0.060160263913122236,5.9410150507153645,0.017862543155829864,success,65,57,0,5.9388681118887,-0.06113188811129966,0.06113188811129966,5.94007531558928,0.0178571014585519,success,65,,0,-7.388462717905497e-05,-7.388462717905497e-05,0.0009716241981774232,-0.0009716241981774232
obs_6mm,6.0,005,5,5,laser 005_05.tif,evaluation_repeat2_5,0.00045943038252919315,0.09185710640666939,0.0005650088798917909,0.10091771878550838,224,213,48.90217858097711,0.022611726289217458,224,213,48.90217858097711,0.022621460443728793,5.96218921248446,-0.037810787515540234,0.037810787515540234,5.96645008416647,0.0229749056540655,success,64,,0,5.9303029700913585,-0.06969702990864146,0.06969702990864146,5.934506964405542,0.0232367924863014,success,64,61,0,5.930228545969426,-0.06977145403057428,0.06977145403057428,5.934431143005946,0.023239413427414063,success,64,61,0,5.92969859582012,-0.0703014041798804,0.0703014041798804,5.93390757527833,0.0232127079649371,success,64,,0,-7.442412193281456e-05,-7.442412193281456e-05,0.0005299501493061243,-0.0005299501493061243
obs_10mm,10.0,005,1,1,laser 005.tif,calibration_repeat1_in_sample,0.0005315521199639545,-0.07333607707075032,0.00028484147220792254,-0.03833413522824346,269,261,49.2569184265965,0.027515652907322097,269,261,49.2569184265965,0.02758408643716485,9.95814766455144,-0.04185233544856004,0.04185233544856004,9.95740916639124,0.0188827445179026,success,69,,0,9.971313574177119,-0.02868642582288139,0.02868642582288139,9.970548824147912,0.018743760145398393,success,69,62,0,9.971529808506864,-0.028470191493136454,0.028470191493136454,9.97076465790786,0.018743899314163637,success,69,62,0,9.97131933354938,-0.028680666450620507,0.028680666450620507,9.97055458496473,0.0187437715561106,success,69,,0,0.0002162343297449354,0.0002162343297449354,0.00021047495748405254,-0.00021047495748405254
obs_10mm,10.0,005,1,2,laser 005_02.tif,evaluation_repeat2_5,0.0005315521199639545,-0.07333607707075032,0.00028484147220792254,-0.03833413522824346,269,261,49.2569184265965,0.027515652907322097,269,261,49.2569184265965,0.02758408643716485,9.95335403183004,-0.04664596816996003,0.04664596816996003,9.95730867963061,0.023223721785173,success,69,,0,9.966557388398599,-0.033442611601401495,0.033442611601401495,9.969874108648035,0.023358074212669677,success,69,66,0,9.966773656115869,-0.03322634388413093,0.03322634388413093,9.970090191647309,0.023357868871588684,success,69,66,0,9.96733485968157,-0.032665140318430375,0.032665140318430375,9.97051402395122,0.0233742830887274,success,69,,0,0.00021626771727056848,0.00021626771727056848,-0.0005612035657005521,0.0005612035657005521
obs_10mm,10.0,005,1,3,laser 005_03.tif,evaluation_repeat2_5,0.0005315521199639545,-0.07333607707075032,0.00028484147220792254,-0.03833413522824346,269,261,49.2569184265965,0.027515652907322097,269,261,49.2569184265965,0.02758408643716485,9.95529704865581,-0.04470295134419011,0.04470295134419011,9.95714710774735,0.0284323761741582,success,69,,0,9.968423942063804,-0.03157605793619567,0.03157605793619567,9.970938537961606,0.028342594450757444,success,69,69,0,9.968640082684528,-0.03135991731547172,0.03135991731547172,9.971155619124879,0.028342301121860487,success,69,69,0,9.96939953581208,-0.03060046418791984,0.03060046418791984,9.9719607050076,0.0283376794113942,success,69,,0,0.00021614062072394802,0.00021614062072394802,-0.000759453127551879,0.000759453127551879
obs_10mm,10.0,005,1,4,laser 005_04.tif,evaluation_repeat2_5,0.0005315521199639545,-0.07333607707075032,0.00028484147220792254,-0.03833413522824346,269,261,49.2569184265965,0.027515652907322097,269,261,49.2569184265965,0.02758408643716485,9.95449164191518,-0.045508358084820344,0.045508358084820344,9.95401086214304,0.019585766227392,success,69,,0,9.967659336539924,-0.0323406634600758,0.0323406634600758,9.965604477804668,0.019628415284918925,success,69,65,0,9.9678755019836,-0.03212449801639927,0.03212449801639927,9.965818929882115,0.019628217400275604,success,69,65,0,9.96946086884747,-0.03053913115252982,0.03053913115252982,9.96722004078713,0.0196368382896393,success,69,,0,0.00021616544367653034,0.00021616544367653034,-0.001585366863869453,0.001585366863869453
obs_10mm,10.0,005,1,5,laser 005_05.tif,evaluation_repeat2_5,0.0005315521199639545,-0.07333607707075032,0.00028484147220792254,-0.03833413522824346,269,261,49.2569184265965,0.027515652907322097,269,261,49.2569184265965,0.02758408643716485,9.95663042037781,-0.04336957962219046,0.04336957962219046,9.95814607740658,0.027004306634449,success,69,,0,9.969757440706951,-0.030242559293048643,0.030242559293048643,9.970547901590479,0.02694592432835069,success,69,69,0,9.969973580538381,-0.03002641946161866,0.03002641946161866,9.970765498395728,0.026945382308247636,success,69,69,0,9.97160304307769,-0.028396956922309258,0.028396956922309258,9.97235069461737,0.0269431533362543,success,69,,0,0.0002161398314299845,0.0002161398314299845,-0.0016294625393094009,0.0016294625393094009
obs_10mm,10.0,004,2,1,laser 004.tif,calibration_repeat1_in_sample,-0.004635640850136117,0.14920200049510937,-0.004573531007680573,0.16140410110792958,330,308,55.56758854321056,0.023404587716026302,330,308,55.56758854321056,0.023501737322254208,9.94644100636818,-0.05355899363181926,0.05355899363181926,9.94445340319044,0.0240186281295323,success,55,,0,9.953543773179199,-0.046456226820801305,0.046456226820801305,9.952005856506078,0.02409639837532177,success,55,55,0,9.95404736221932,-0.045952637780679595,0.045952637780679595,9.95250882055602,0.024099109695401303,success,55,55,0,9.95349982895679,-0.046500171043209804,0.046500171043209804,9.95196192191303,0.0240962922396837,success,55,,0,0.0005035890401217102,0.0005035890401217102,0.0005475332625302087,-0.0005475332625302087
obs_10mm,10.0,004,2,2,laser 004_02.tif,evaluation_repeat2_5,-0.004635640850136117,0.14920200049510937,-0.004573531007680573,0.16140410110792958,330,308,55.56758854321056,0.023404587716026302,330,308,55.56758854321056,0.023501737322254208,9.94120851891965,-0.05879148108035004,0.05879148108035004,9.93985097585482,0.014048681557027,success,52,,0,9.948171668504415,-0.05182833149558519,0.05182833149558519,9.946496617726257,0.014896889554517933,success,52,44,0,9.948675320148844,-0.05132467985115596,0.05132467985115596,9.946984957561856,0.014903453562999153,success,52,44,0,9.94779060545756,-0.052209394542439114,0.052209394542439114,9.94618381811592,0.0148547470395773,success,52,,0,0.000503651644429226,0.000503651644429226,0.0008847146912831505,-0.0008847146912831505
obs_10mm,10.0,004,2,3,laser 004_03.tif,evaluation_repeat2_5,-0.004635640850136117,0.14920200049510937,-0.004573531007680573,0.16140410110792958,330,308,55.56758854321056,0.023404587716026302,330,308,55.56758854321056,0.023501737322254208,9.94699482758738,-0.05300517241261993,0.05300517241261993,9.94749639398009,0.022823809331697,success,53,,0,9.954077205509297,-0.04592279449070347,0.04592279449070347,9.950698628464437,0.024282450427525745,success,53,52,0,9.954580811475823,-0.04541918852417659,0.04541918852417659,9.951204054207079,0.024288544391347842,success,53,52,0,9.95287794514849,-0.04712205485150989,0.04712205485150989,9.94950698863972,0.0242528874779556,success,53,,0,0.0005036059665268766,0.0005036059665268766,0.0017028663273332967,-0.0017028663273332967
obs_10mm,10.0,004,2,4,laser 004_04.tif,evaluation_repeat2_5,-0.004635640850136117,0.14920200049510937,-0.004573531007680573,0.16140410110792958,330,308,55.56758854321056,0.023404587716026302,330,308,55.56758854321056,0.023501737322254208,9.94579737413183,-0.05420262586816982,0.05420262586816982,9.9442806486104,0.0206495279185061,success,54,,0,9.952800631764891,-0.04719936823510906,0.04719936823510906,9.949386339410413,0.021656458881697045,success,54,53,0,9.953303761546936,-0.046696238453064254,0.046696238453064254,9.949842316706766,0.0216626491102734,success,54,53,0,9.95264242900743,-0.04735757099257043,0.04735757099257043,9.9494052086411,0.0216261799789225,success,54,,0,0.0005031297820448088,0.0005031297820448088,0.0006613325395061764,-0.0006613325395061764
obs_10mm,10.0,004,2,5,laser 004_05.tif,evaluation_repeat2_5,-0.004635640850136117,0.14920200049510937,-0.004573531007680573,0.16140410110792958,330,308,55.56758854321056,0.023404587716026302,330,308,55.56758854321056,0.023501737322254208,9.94858824955805,-0.05141175044195023,0.05141175044195023,9.94779004572297,0.0188390094618545,success,53,,0,9.955674336564492,-0.044325663435508034,0.044325663435508034,9.952722212678422,0.019756362572802336,success,53,53,0,9.956178111397467,-0.04382188860253322,0.04382188860253322,9.953178185618691,0.019762263314986154,success,53,53,0,9.95497485723364,-0.045025142766359494,0.045025142766359494,9.95208588795574,0.0197460328622824,success,53,,0,0.0005037748329748126,0.0005037748329748126,0.0012032541638262728,-0.0012032541638262728
obs_10mm,10.0,003,3,1,laser 003.tif,calibration_repeat1_in_sample,-0.0014255905183879333,-0.10972267577044226,-0.0012968177381464604,-0.09858623415762985,277,244,54.577976547948865,0.018478433612636666,277,244,54.577976547948865,0.018477486113414952,9.92672469350853,-0.0732753064914693,0.0732753064914693,9.92573956453623,0.0184371414164149,success,55,,0,9.968530874947332,-0.03146912505266819,0.03146912505266819,9.967196164566117,0.018554962184270933,success,55,54,0,9.968513791402051,-0.03148620859794882,0.03148620859794882,9.967179210864504,0.018554902577701038,success,55,54,0,9.96854115458906,-0.03145884541094013,0.03145884541094013,9.96720644265549,0.0185549813336725,success,55,,0,-1.7083545280627277e-05,-1.7083545280627277e-05,-2.7363187008688783e-05,2.7363187008688783e-05
obs_10mm,10.0,003,3,2,laser 003_02.tif,evaluation_repeat2_5,-0.0014255905183879333,-0.10972267577044226,-0.0012968177381464604,-0.09858623415762985,277,244,54.577976547948865,0.018478433612636666,277,244,54.577976547948865,0.018477486113414952,9.92608541650816,-0.07391458349183999,0.07391458349183999,9.9294290985498,0.0178308904192145,success,55,,0,9.967849225624592,-0.03215077437540792,0.03215077437540792,9.971144706079862,0.018065601770540816,success,55,49,0,9.967832143585829,-0.03216785641417097,0.03216785641417097,9.971127916849198,0.018065487953202234,success,55,49,0,9.96744818858846,-0.0325518114115404,0.0325518114115404,9.97073566187854,0.0180670644602821,success,55,,0,-1.7082038763049923e-05,-1.7082038763049923e-05,0.00038395499736942895,-0.00038395499736942895
obs_10mm,10.0,003,3,3,laser 003_03.tif,evaluation_repeat2_5,-0.0014255905183879333,-0.10972267577044226,-0.0012968177381464604,-0.09858623415762985,277,244,54.577976547948865,0.018478433612636666,277,244,54.577976547948865,0.018477486113414952,9.93356709393753,-0.06643290606247021,0.06643290606247021,9.93328035555749,0.0204227785599457,success,53,,0,9.975321681764875,-0.02467831823512512,0.02467831823512512,9.974954821639152,0.020206832226094297,success,53,52,0,9.975304592051403,-0.024695407948597037,0.024695407948597037,9.974937761416847,0.020206813470205708,success,53,52,0,9.97420660296332,-0.025793397036679266,0.025793397036679266,9.97384280855247,0.0202070392692239,success,53,,0,-1.7089713471918344e-05,-1.7089713471918344e-05,0.0010979890880822296,-0.0010979890880822296
obs_10mm,10.0,003,3,4,laser 003_04.tif,evaluation_repeat2_5,-0.0014255905183879333,-0.10972267577044226,-0.0012968177381464604,-0.09858623415762985,277,244,54.577976547948865,0.018478433612636666,277,244,54.577976547948865,0.018477486113414952,9.92929054104048,-0.07070945895952008,0.07070945895952008,9.92842699681131,0.00578952921091726,success,54,,0,9.970600114832811,-0.029399885167189055,0.029399885167189055,9.96949730144745,0.008203002814994564,success,54,22,0,9.970583105204838,-0.029416894795161852,0.029416894795161852,9.969480021278319,0.008202634540351141,success,54,22,0,9.96877832714626,-0.031221672853739335,0.031221672853739335,9.96767148913447,0.00818705868699688,success,54,,0,-1.7009627972797148e-05,-1.7009627972797148e-05,0.001804778058577483,-0.001804778058577483
obs_10mm,10.0,003,3,5,laser 003_05.tif,evaluation_repeat2_5,-0.0014255905183879333,-0.10972267577044226,-0.0012968177381464604,-0.09858623415762985,277,244,54.577976547948865,0.018478433612636666,277,244,54.577976547948865,0.018477486113414952,9.92906503300368,-0.07093496699632063,0.07093496699632063,9.92912013402395,0.0145662541976231,success,54,,0,9.970798862603795,-0.029201137396205112,0.029201137396205112,9.968924616896425,0.015020409705179625,success,54,43,0,9.9707817766242,-0.029218223375799823,0.029218223375799823,9.968907756126109,0.015020284200715668,success,54,43,0,9.96891573940475,-0.031084260595250157,0.031084260595250157,9.96705089224088,0.0150173790961127,success,54,,0,-1.708597959471092e-05,-1.708597959471092e-05,0.0018660372194503339,-0.0018660372194503339
obs_10mm,10.0,002,4,1,laser 002.tif,calibration_repeat1_in_sample,-0.0020914173811575985,-0.13638025400953563,-0.0019698963546605523,-0.12568325448478893,278,251,54.97658047383601,0.023654540962605258,278,251,54.97658047383601,0.023655313773343633,9.9990694352034,-0.0009305647965991426,0.0009305647965991426,10.0031464186607,0.0192038464320324,success,61,,0,9.952168531482048,-0.04783146851795195,0.04783146851795195,9.956435884968487,0.018112750382098735,success,61,57,0,9.95210825390425,-0.04789174609575042,0.04789174609575042,9.956375004159181,0.01811338308776576,success,61,57,0,9.95218743024373,-0.04781256975626924,0.04781256975626924,9.95645479226664,0.0181127843762632,success,61,,0,-6.02775777984732e-05,-6.02775777984732e-05,-7.917633948117953e-05,7.917633948117953e-05
obs_10mm,10.0,002,4,2,laser 002_02.tif,evaluation_repeat2_5,-0.0020914173811575985,-0.13638025400953563,-0.0019698963546605523,-0.12568325448478893,278,251,54.97658047383601,0.023654540962605258,278,251,54.97658047383601,0.023655313773343633,10.001137008381,0.0011370083810007259,0.0011370083810007259,10.0039844755144,0.0206820913283478,success,61,,0,9.954222597310542,-0.04577740268945796,0.04577740268945796,9.956656617849937,0.020054889823775485,success,61,58,0,9.954162318926038,-0.045837681073962244,0.045837681073962244,9.956597644380748,0.020055064144741903,success,61,58,0,9.95375338322342,-0.04624661677658004,0.04624661677658004,9.95621461134134,0.0200603372371283,success,61,,0,-6.0278384504286464e-05,-6.0278384504286464e-05,0.00040893570261779644,-0.00040893570261779644
obs_10mm,10.0,002,4,3,laser 002_03.tif,evaluation_repeat2_5,-0.0020914173811575985,-0.13638025400953563,-0.0019698963546605523,-0.12568325448478893,278,251,54.97658047383601,0.023654540962605258,278,251,54.97658047383601,0.023655313773343633,10.0004618140084,0.0004618140083998412,0.0004618140083998412,10.0043246410817,0.0212277037974773,success,61,,0,9.953414089880846,-0.046585910119153695,0.046585910119153695,9.956271561725094,0.019847610100602632,success,61,60,0,9.953353917589428,-0.046646082410571665,0.046646082410571665,9.956210847945432,0.019848447369711714,success,61,60,0,9.9537629125146,-0.0462370874853999,0.0462370874853999,9.95660258924376,0.0198669030717947,success,61,,0,-6.0172291417970314e-05,-6.0172291417970314e-05,-0.0004089949251717684,0.0004089949251717684
obs_10mm,10.0,002,4,4,laser 002_04.tif,evaluation_repeat2_5,-0.0020914173811575985,-0.13638025400953563,-0.0019698963546605523,-0.12568325448478893,278,251,54.97658047383601,0.023654540962605258,278,251,54.97658047383601,0.023655313773343633,9.99688216435731,-0.003117835642690636,0.003117835642690636,9.99913339789839,0.0165467859225363,success,60,,0,9.95016626580591,-0.049833734194089985,0.049833734194089985,9.952276241540988,0.014926781778229769,success,60,51,0,9.950105868028158,-0.04989413197184156,0.04989413197184156,9.952216650198661,0.014927731107857344,success,60,51,0,9.94914756698808,-0.05085243301192044,0.05085243301192044,9.95126116537201,0.0149296910515929,success,60,,0,-6.039777775157518e-05,-6.039777775157518e-05,0.0009583010400788794,-0.0009583010400788794
obs_10mm,10.0,002,4,5,laser 002_05.tif,evaluation_repeat2_5,-0.0020914173811575985,-0.13638025400953563,-0.0019698963546605523,-0.12568325448478893,278,251,54.97658047383601,0.023654540962605258,278,251,54.97658047383601,0.023655313773343633,9.99702969547865,-0.0029703045213498314,0.0029703045213498314,9.99833891163939,0.0205667477113901,success,61,,0,9.950128331948537,-0.04987166805146259,0.04987166805146259,9.953941487696142,0.019308280090300247,success,61,57,0,9.950068054648174,-0.0499319453518261,0.0499319453518261,9.953885043629688,0.019309031791964096,success,61,57,0,9.94854102711161,-0.05145897288839052,0.05145897288839052,9.95238783258245,0.0193154464188525,success,61,,0,-6.027730036350931e-05,-6.027730036350931e-05,0.0015270275365644181,-0.0015270275365644181
obs_10mm,10.0,001,5,1,laser 001.tif,calibration_repeat1_in_sample,0.00047867854332327733,0.1243441443575959,0.0005844623784280484,0.13342705935341032,217,210,47.930999459002564,0.026301937461400353,217,210,47.930999459002564,0.02630926325732186,9.98720631265596,-0.01279368734403974,0.01279368734403974,9.98522373321532,0.0132791617220275,success,48,,0,9.924333867033337,-0.07566613296666347,0.07566613296666347,9.923434241519526,0.013307082625513958,success,48,39,0,9.924256139494513,-0.07574386050548654,0.07574386050548654,9.923364065561357,0.013307557636227789,success,48,39,0,9.92432173624107,-0.07567826375892928,0.07567826375892928,9.92342212683431,0.01330706721189,success,48,,0,-7.772753882306915e-05,-7.772753882306915e-05,-6.559674655726155e-05,6.559674655726155e-05
obs_10mm,10.0,001,5,2,laser 001_02.tif,evaluation_repeat2_5,0.00047867854332327733,0.1243441443575959,0.0005844623784280484,0.13342705935341032,217,210,47.930999459002564,0.026301937461400353,217,210,47.930999459002564,0.02630926325732186,9.97739092108009,-0.02260907891990982,0.02260907891990982,9.97875224895159,0.0149196003130609,success,49,,0,9.914576508879897,-0.08542349112010328,0.08542349112010328,9.915016711223803,0.014722896687718447,success,49,46,0,9.914499064017432,-0.08550093598256758,0.08550093598256758,9.914933199267832,0.014721956830899562,success,49,46,0,9.91403548341851,-0.08596451658148929,0.08596451658148929,9.91445110830994,0.0147182751704673,success,49,,0,-7.744486246430426e-05,-7.744486246430426e-05,0.000463580598921709,-0.000463580598921709
obs_10mm,10.0,001,5,3,laser 001_03.tif,evaluation_repeat2_5,0.00047867854332327733,0.1243441443575959,0.0005844623784280484,0.13342705935341032,217,210,47.930999459002564,0.026301937461400353,217,210,47.930999459002564,0.02630926325732186,9.98320803528146,-0.016791964718539276,0.016791964718539276,9.98303735658902,0.0172395387836721,success,46,,0,9.92035326994571,-0.07964673005428935,0.07964673005428935,9.920515207079639,0.017441480526783987,success,46,42,0,9.920275562453387,-0.07972443754661285,0.07972443754661285,9.920439223299525,0.017443415756773956,success,46,42,0,9.92003213813624,-0.0799678618637607,0.0799678618637607,9.92020914885662,0.0174515623216601,success,46,,0,-7.770749232349772e-05,-7.770749232349772e-05,0.00024342431714785562,-0.00024342431714785562
obs_10mm,10.0,001,5,4,laser 001_04.tif,evaluation_repeat2_5,0.00047867854332327733,0.1243441443575959,0.0005844623784280484,0.13342705935341032,217,210,47.930999459002564,0.026301937461400353,217,210,47.930999459002564,0.02630926325732186,9.97912496795524,-0.020875032044759934,0.020875032044759934,9.98071393894043,0.0146281613604658,success,50,,0,9.916393911312907,-0.08360608868709285,0.08360608868709285,9.917246606021978,0.01469243027209254,success,50,44,0,9.916316962509217,-0.08368303749078265,0.08368303749078265,9.917162985022347,0.014693521944655698,success,50,44,0,9.91565158698221,-0.08434841301778917,0.08434841301778917,9.91640668879295,0.0147008709415957,success,50,,0,-7.69488036898025e-05,-7.69488036898025e-05,0.0006653755270065176,-0.0006653755270065176
obs_10mm,10.0,001,5,5,laser 001_05.tif,evaluation_repeat2_5,0.00047867854332327733,0.1243441443575959,0.0005844623784280484,0.13342705935341032,217,210,47.930999459002564,0.026301937461400353,217,210,47.930999459002564,0.02630926325732186,9.97621634723299,-0.02378365276701011,0.02378365276701011,9.97835772627224,0.0190433760438837,success,48,,0,9.913402771544666,-0.08659722845533402,0.08659722845533402,9.91650138713894,0.01903386577613992,success,48,48,0,9.913325270421746,-0.08667472957825417,0.08667472957825417,9.916425890298237,0.019034188475890963,success,48,48,0,9.91209766900426,-0.08790233099574074,0.08790233099574074,9.9152049556609,0.019034193677914,success,48,,0,-7.750112292015388e-05,-7.750112292015388e-05,0.001227601417486568,-0.001227601417486568
obs_20mm,20.0,005,1,1,laser 005.tif,calibration_repeat1_in_sample,0.0007407417195016443,-0.018925394804699396,0.000494255971756497,0.016041693219312928,271,262,50.239586161902835,0.028046213552351446,271,262,50.239586161902835,0.028104657646890192,20.0178092246177,0.01780922461770018,0.01780922461770018,20.0192702977067,0.0110308342149678,success,75,,0,19.951082625494564,-0.04891737450543587,0.04891737450543587,19.952704885369076,0.011282968282601788,success,75,61,0,19.951304579837412,-0.048695420162587766,0.048695420162587766,19.952933213743183,0.01128436919013108,success,75,61,0,19.9511023668783,-0.048897633121701034,0.048897633121701034,19.9527246181318,0.0112829776692524,success,75,,0,0.00022195434284810744,0.00022195434284810744,0.0002022129591132682,-0.0002022129591132682
obs_20mm,20.0,005,1,2,laser 005_02.tif,evaluation_repeat2_5,0.0007407417195016443,-0.018925394804699396,0.000494255971756497,0.016041693219312928,271,262,50.239586161902835,0.028046213552351446,271,262,50.239586161902835,0.028104657646890192,20.0207086020346,0.02070860203459901,0.02070860203459901,20.021793919622,0.00815705857013515,success,75,,0,19.954103929470595,-0.045896070529405364,0.045896070529405364,19.95367198820889,0.008321972911893719,success,75,55,0,19.95432654598027,-0.045673454019731,0.045673454019731,19.95390007328572,0.008323191169679497,success,75,55,0,19.9571601531943,-0.0428398468056983,0.0428398468056983,19.9567800966535,0.00832955242991186,success,75,,0,0.00022261650967436708,0.00022261650967436708,-0.0028336072140326962,0.0028336072140326962
obs_20mm,20.0,005,1,3,laser 005_03.tif,evaluation_repeat2_5,0.0007407417195016443,-0.018925394804699396,0.000494255971756497,0.016041693219312928,271,262,50.239586161902835,0.028046213552351446,271,262,50.239586161902835,0.028104657646890192,20.0179180008725,0.017918000872498396,0.017918000872498396,20.0187461767911,0.013490792841985,success,75,,0,19.951062236318702,-0.04893776368129821,0.04893776368129821,19.952413952010197,0.013829516998531764,success,75,70,0,19.951283678361307,-0.048716321638693216,0.048716321638693216,19.952637938356588,0.013832012637836783,success,75,70,0,19.9531190242337,-0.04688097576629957,0.04688097576629957,19.9544707497393,0.0138275039118105,success,75,,0,0.00022144204260499123,0.00022144204260499123,-0.0018353458723936455,0.0018353458723936455
obs_20mm,20.0,005,1,4,laser 005_04.tif,evaluation_repeat2_5,0.0007407417195016443,-0.018925394804699396,0.000494255971756497,0.016041693219312928,271,262,50.239586161902835,0.028046213552351446,271,262,50.239586161902835,0.028104657646890192,20.0161283838585,0.016128383858500683,0.016128383858500683,20.0175805577153,0.012604181464581,success,75,,0,19.949330983588162,-0.050669016411838186,0.050669016411838186,19.950604257407967,0.013098070771568267,success,75,66,0,19.9495526002671,-0.050447399732899356,0.050447399732899356,19.95082728827581,0.013100892647374601,success,75,66,0,19.9504195465419,-0.04958045345809836,0.04958045345809836,19.9516942623907,0.0130939559609158,success,75,,0,0.00022161667893882964,0.00022161667893882964,-0.0008669462748009948,0.0008669462748009948
obs_20mm,20.0,005,1,5,laser 005_05.tif,evaluation_repeat2_5,0.0007407417195016443,-0.018925394804699396,0.000494255971756497,0.016041693219312928,271,262,50.239586161902835,0.028046213552351446,271,262,50.239586161902835,0.028104657646890192,20.0158761466301,0.01587614663009873,0.01587614663009873,20.0169702602828,0.00999567135823891,success,75,,0,19.949176333693607,-0.05082366630639257,0.05082366630639257,19.949953998522542,0.0103347072952052,success,75,59,0,19.94939849197508,-0.05060150802491847,0.05060150802491847,19.950165540844576,0.010336381034005821,success,75,59,0,19.9514173384778,-0.048582661522200254,0.048582661522200254,19.9522288516027,0.0103917368833456,success,75,,0,0.0002221582814740941,0.0002221582814740941,-0.002018846502718219,0.002018846502718219
obs_20mm,20.0,004,2,1,laser 004.tif,calibration_repeat1_in_sample,-0.005130634192453733,0.28080754037948996,-0.005090483591602873,0.2936264836590934,304,287,56.448177740796694,0.023234960362275153,304,287,56.448177740796694,0.02329095704359475,20.0245324360958,0.024532436095800136,0.024532436095800136,20.0180484793285,0.025886774855201,success,75,,0,19.920768917820492,-0.0792310821795077,0.0792310821795077,19.920382731528598,0.01892834072507712,success,75,65,0,19.921420584092402,-0.07857941590759765,0.07857941590759765,19.92113737991764,0.01889261968011716,success,75,65,0,19.920567805404,-0.0794321945959986,0.0794321945959986,19.9201816127928,0.0189281553868286,success,75,,0,0.0006516662719100452,0.0006516662719100452,0.0008527786884009458,-0.0008527786884009458
obs_20mm,20.0,004,2,2,laser 004_02.tif,evaluation_repeat2_5,-0.005130634192453733,0.28080754037948996,-0.005090483591602873,0.2936264836590934,304,287,56.448177740796694,0.023234960362275153,304,287,56.448177740796694,0.02329095704359475,20.026124383921,0.026124383921001026,0.026124383921001026,20.0194298400532,0.0287485587968983,success,75,,0,19.922543568712392,-0.07745643128760804,0.07745643128760804,19.9188822039274,0.021545506427965058,success,75,69,0,19.923196245055195,-0.07680375494480529,0.07680375494480529,19.919536819340458,0.02150663238757283,success,75,69,0,19.922087157751,-0.07791284224899897,0.07791284224899897,19.9184200037002,0.0214927668037108,success,75,,0,0.0006526763428027493,0.0006526763428027493,0.0011090873041936788,-0.0011090873041936788
obs_20mm,20.0,004,2,3,laser 004_03.tif,evaluation_repeat2_5,-0.005130634192453733,0.28080754037948996,-0.005090483591602873,0.2936264836590934,304,287,56.448177740796694,0.023234960362275153,304,287,56.448177740796694,0.02329095704359475,20.0205794596986,0.020579459698598868,0.020579459698598868,20.014255086425,0.0243805946822075,success,75,,0,19.917602086129676,-0.08239791387032369,0.08239791387032369,19.917160665924982,0.017965103904008465,success,75,66,0,19.918258495188983,-0.08174150481101705,0.08174150481101705,19.91787596427075,0.017935270789242397,success,75,66,0,19.9161014757668,-0.08389852423319866,0.08389852423319866,19.915809399331,0.0178937836623775,success,75,,0,0.0006564090593066396,0.0006564090593066396,0.0021570194221816053,-0.0021570194221816053
obs_20mm,20.0,004,2,4,laser 004_04.tif,evaluation_repeat2_5,-0.005130634192453733,0.28080754037948996,-0.005090483591602873,0.2936264836590934,304,287,56.448177740796694,0.023234960362275153,304,287,56.448177740796694,0.02329095704359475,20.0207113155204,0.020711315520401286,0.020711315520401286,20.0111262835001,0.0270328287851885,success,75,,0,19.91734976327391,-0.08265023672608862,0.08265023672608862,19.912586476420582,0.020063289884437018,success,75,69,0,19.91800408282787,-0.0819959171721294,0.0819959171721294,19.913305151520973,0.020026135486055984,success,75,69,0,19.9160429373089,-0.08395706269109837,0.08395706269109837,19.9114618508569,0.0199644392359854,success,75,,0,0.0006543195539592261,0.0006543195539592261,0.0019611455189689764,-0.0019611455189689764
obs_20mm,20.0,004,2,5,laser 004_05.tif,evaluation_repeat2_5,-0.005130634192453733,0.28080754037948996,-0.005090483591602873,0.2936264836590934,304,287,56.448177740796694,0.023234960362275153,304,287,56.448177740796694,0.02329095704359475,20.0254382066062,0.025438206606199998,0.025438206606199998,20.0218799636423,0.0264742431445396,success,75,,0,19.921428716749187,-0.0785712832508132,0.0785712832508132,19.918802194145904,0.018628628875937817,success,75,65,0,19.92207884687462,-0.07792115312538073,0.07792115312538073,19.919417862150823,0.018585839782927674,success,75,65,0,19.9211028975044,-0.07889710249559911,0.07889710249559911,19.9183903677022,0.0185337488577317,success,75,,0,0.0006501301254324687,0.0006501301254324687,0.0009759493702183875,-0.0009759493702183875
obs_20mm,20.0,003,3,1,laser 003.tif,calibration_repeat1_in_sample,-0.0016954980869348297,-0.009590531677339607,-0.0015665121936535116,0.0015514987363703903,269,246,53.792342339892045,0.027748404204568575,269,246,53.792342339892045,0.027747366970493632,19.991039270052,-0.00896072994800079,0.00896072994800079,19.9899723609014,0.0214977455085759,success,70,,0,19.92631608989144,-0.07368391010856001,0.07368391010856001,19.92596566784856,0.018590264879544342,success,70,43,0,19.926302734345203,-0.07369726565479695,0.07369726565479695,19.925952155538518,0.018590304288296947,success,70,43,0,19.9262914858749,-0.07370851412510149,0.07370851412510149,19.9259410641989,0.0185902411788924,success,70,,0,-1.3355546236937244e-05,-1.3355546236937244e-05,1.1248470304536795e-05,-1.1248470304536795e-05
obs_20mm,20.0,003,3,2,laser 003_02.tif,evaluation_repeat2_5,-0.0016954980869348297,-0.009590531677339607,-0.0015665121936535116,0.0015514987363703903,269,246,53.792342339892045,0.027748404204568575,269,246,53.792342339892045,0.027747366970493632,19.9919516095641,-0.008048390435899222,0.008048390435899222,19.9908574207902,0.0208376371101729,success,70,,0,19.927146789960922,-0.07285321003907796,0.07285321003907796,19.928281942285764,0.01859038888076759,success,70,53,0,19.92713342866952,-0.07286657133047925,0.07286657133047925,19.928268497515706,0.0185904038874002,success,70,53,0,19.9279254243045,-0.07207457569549902,0.07207457569549902,19.9290657801332,0.018586289506283,success,70,,0,-1.3361291401281505e-05,-1.3361291401281505e-05,-0.0007919956349802248,0.0007919956349802248
obs_20mm,20.0,003,3,3,laser 003_03.tif,evaluation_repeat2_5,-0.0016954980869348297,-0.009590531677339607,-0.0015665121936535116,0.0015514987363703903,269,246,53.792342339892045,0.027748404204568575,269,246,53.792342339892045,0.027747366970493632,19.9858441145318,-0.014155885468198903,0.014155885468198903,19.9935238521618,0.0319648040969758,success,70,,0,19.921517863210543,-0.07848213678945726,0.07848213678945726,19.927573907096217,0.02962832675445324,success,70,67,0,19.92150449691284,-0.07849550308716147,0.07849550308716147,19.927560519425874,0.029628303892421964,success,70,67,0,19.9206268252366,-0.07937317476340056,0.07937317476340056,19.9266931949033,0.0295430594133757,success,70,,0,-1.3366297704209273e-05,-1.3366297704209273e-05,0.000877671676239089,-0.000877671676239089
obs_20mm,20.0,003,3,4,laser 003_04.tif,evaluation_repeat2_5,-0.0016954980869348297,-0.009590531677339607,-0.0015665121936535116,0.0015514987363703903,269,246,53.792342339892045,0.027748404204568575,269,246,53.792342339892045,0.027747366970493632,19.9911171267015,-0.008882873298500016,0.008882873298500016,19.997582980249,0.0301761914197651,success,70,,0,19.92682169830584,-0.07317830169415984,0.07317830169415984,19.933244961656236,0.02781382329006575,success,70,63,0,19.926808333114373,-0.07319166688562717,0.07319166688562717,19.933231450818774,0.02781380421589749,success,70,63,0,19.9265348703177,-0.07346512968230101,0.07346512968230101,19.9329614479838,0.0277968200984666,success,70,,0,-1.3365191467329396e-05,-1.3365191467329396e-05,0.0002734627966738401,-0.0002734627966738401
obs_20mm,20.0,003,3,5,laser 003_05.tif,evaluation_repeat2_5,-0.0016954980869348297,-0.009590531677339607,-0.0015665121936535116,0.0015514987363703903,269,246,53.792342339892045,0.027748404204568575,269,246,53.792342339892045,0.027747366970493632,19.9900010927576,-0.0099989072424016,0.0099989072424016,19.9958000215588,0.0242219065721191,success,70,,0,19.92528511709574,-0.0747148829042601,0.0747148829042601,19.929987771817906,0.022244959468732443,success,70,61,0,19.925271759893427,-0.0747282401065732,0.0747282401065732,19.929974549719272,0.022244932306026265,success,70,61,0,19.9252817421105,-0.0747182578895007,0.0747182578895007,19.9300065204195,0.0222557992746506,success,70,,0,-1.3357202313102334e-05,-1.3357202313102334e-05,-9.982217072490585e-06,9.982217072490585e-06
obs_20mm,20.0,002,4,1,laser 002.tif,calibration_repeat1_in_sample,-0.001823524083113462,0.006199536451783902,-0.0017010849558166377,0.016964649289615892,274,273,54.09431035997883,0.031709222760466026,274,273,54.09431035997883,0.03171200479407507,20.0544565315679,0.05445653156790087,0.05445653156790087,20.0518184843252,0.0128799856553313,success,62,,0,19.896220924917248,-0.10377907508275186,0.10377907508275186,19.89483997597183,0.014221614885881376,success,62,57,0,19.896165103416084,-0.10383489658391554,0.10383489658391554,19.894786781041788,0.0142205379220317,success,62,57,0,19.896284023145,-0.10371597685499978,0.10371597685499978,19.8949030723133,0.0142216587083776,success,62,,0,-5.582150116367757e-05,-5.582150116367757e-05,-0.0001189197289157562,0.0001189197289157562
obs_20mm,20.0,002,4,2,laser 002_02.tif,evaluation_repeat2_5,-0.001823524083113462,0.006199536451783902,-0.0017010849558166377,0.016964649289615892,274,273,54.09431035997883,0.031709222760466026,274,273,54.09431035997883,0.03171200479407507,20.054211298217,0.05421129821700177,0.05421129821700177,20.0537089600423,0.0130346504741272,success,62,,0,19.895934338956124,-0.10406566104387593,0.10406566104387593,19.89553707456854,0.013467575088268232,success,62,59,0,19.895878532242033,-0.10412146775796671,0.10412146775796671,19.895479275322465,0.013467048280125078,success,62,59,0,19.8962031629827,-0.10379683701729903,0.10379683701729903,19.8958477215014,0.0134782295050311,success,62,,0,-5.580671409077809e-05,-5.580671409077809e-05,-0.00032463074066768627,0.00032463074066768627
obs_20mm,20.0,002,4,3,laser 002_03.tif,evaluation_repeat2_5,-0.001823524083113462,0.006199536451783902,-0.0017010849558166377,0.016964649289615892,274,273,54.09431035997883,0.031709222760466026,274,273,54.09431035997883,0.03171200479407507,20.0539442548428,0.05394425484280063,0.05394425484280063,20.053929978244,0.00998839118503215,success,62,,0,19.895451045140156,-0.10454895485984395,0.10454895485984395,19.896488992214383,0.012358129118475855,success,62,41,0,19.895395334888235,-0.10460466511176492,0.10460466511176492,19.896433292329103,0.012356497650869325,success,62,41,0,19.8972342212553,-0.1027657787447005,0.1027657787447005,19.8982516081545,0.0124537639538915,success,62,,0,-5.571025192097068e-05,-5.571025192097068e-05,-0.0018388863670644184,0.0018388863670644184
obs_20mm,20.0,002,4,4,laser 002_04.tif,evaluation_repeat2_5,-0.001823524083113462,0.006199536451783902,-0.0017010849558166377,0.016964649289615892,274,273,54.09431035997883,0.031709222760466026,274,273,54.09431035997883,0.03171200479407507,20.053771580584,0.053771580584001555,0.053771580584001555,20.0543786908638,0.0108076268434712,success,62,,0,19.89534580068015,-0.10465419931984954,0.10465419931984954,19.894098852086216,0.011879686036770821,success,62,51,0,19.89529013165526,-0.10470986834474161,0.10470986834474161,19.89404565730061,0.01187872821507521,success,62,51,0,19.8978738754201,-0.10212612457990033,0.10212612457990033,19.8964920771255,0.0119355466808285,success,62,,0,-5.566902489206882e-05,-5.566902489206882e-05,-0.002583743764841273,0.002583743764841273
obs_20mm,20.0,002,4,5,laser 002_05.tif,evaluation_repeat2_5,-0.001823524083113462,0.006199536451783902,-0.0017010849558166377,0.016964649289615892,274,273,54.09431035997883,0.031709222760466026,274,273,54.09431035997883,0.03171200479407507,20.0516568726201,0.0516568726201001,0.0516568726201001,20.0521959372065,0.0104611645929711,success,62,,0,19.893361221042294,-0.10663877895770568,0.10663877895770568,19.89274319612992,0.011082272454187107,success,62,52,0,19.893305477122112,-0.10669452287788772,0.10669452287788772,19.89268796768443,0.01108155890083623,success,62,52,0,19.8954582327392,-0.10454176726079822,0.10454176726079822,19.8947935611526,0.0111335840289456,success,62,,0,-5.5743920182038664e-05,-5.5743920182038664e-05,-0.002152755617089497,0.002152755617089497
obs_20mm,20.0,001,5,1,laser 001.tif,calibration_repeat1_in_sample,0.0017391267535472623,0.3800081029762915,0.001846200217901049,0.3892597101887908,245,232,52.49419442152006,0.02794892085970877,245,232,52.49419442152006,0.02796054618465838,20.0325158359411,0.0325158359411013,0.0325158359411013,20.0348994505536,0.0262037117753247,success,63,,0,19.86694246240028,-0.1330575375997185,0.1330575375997185,19.86903825811873,0.02604184238323157,success,63,63,0,19.86684548769248,-0.13315451230752018,0.13315451230752018,19.868943372771998,0.026042100427342566,success,63,63,0,19.8668517879927,-0.1331482120072991,0.1331482120072991,19.8689475862612,0.02604172442361,success,63,,0,-9.697470780167805e-05,-9.697470780167805e-05,-6.3003002210848535e-06,6.3003002210848535e-06
obs_20mm,20.0,001,5,2,laser 001_02.tif,evaluation_repeat2_5,0.0017391267535472623,0.3800081029762915,0.001846200217901049,0.3892597101887908,245,232,52.49419442152006,0.02794892085970877,245,232,52.49419442152006,0.02796054618465838,20.0307872332857,0.03078723328570021,0.03078723328570021,20.0357649842646,0.0235027915693899,success,63,,0,19.865104099659643,-0.13489590034035714,0.13489590034035714,19.869601853558834,0.023098686612767778,success,63,58,0,19.865007032601497,-0.13499296739850308,0.13499296739850308,19.869506909866463,0.023098714958693565,success,63,58,0,19.8637995295705,-0.13620047042950034,0.13620047042950034,19.8682584105649,0.023100948161043,success,63,,0,-9.706705814593874e-05,-9.706705814593874e-05,0.001207503030997259,-0.001207503030997259
obs_20mm,20.0,001,5,3,laser 001_03.tif,evaluation_repeat2_5,0.0017391267535472623,0.3800081029762915,0.001846200217901049,0.3892597101887908,245,232,52.49419442152006,0.02794892085970877,245,232,52.49419442152006,0.02796054618465838,20.037875684857,0.037875684856999214,0.037875684856999214,20.03870479267,0.0253210652904317,success,63,,0,19.87230078722138,-0.1276992127786194,0.1276992127786194,19.873027378023526,0.025203897934419284,success,63,63,0,19.872203810862054,-0.12779618913794621,0.12779618913794621,19.87292657656013,0.02520411747225501,success,63,63,0,19.8712430919835,-0.12875690801649853,0.12875690801649853,19.8719436261135,0.0252041129123841,success,63,,0,-9.697635932681692e-05,-9.697635932681692e-05,0.0009607188785523135,-0.0009607188785523135
obs_20mm,20.0,001,5,4,laser 001_04.tif,evaluation_repeat2_5,0.0017391267535472623,0.3800081029762915,0.001846200217901049,0.3892597101887908,245,232,52.49419442152006,0.02794892085970877,245,232,52.49419442152006,0.02796054618465838,20.034835798217,0.034835798216999336,0.034835798216999336,20.0367663213538,0.0268584302300019,success,63,,0,19.869232185044968,-0.13076781495503198,0.13076781495503198,19.872718955504983,0.02700737119448661,success,63,61,0,19.86913518897635,-0.130864811023649,0.130864811023649,19.872618154063932,0.027007901796503295,success,63,61,0,19.8679323085128,-0.132067691487201,0.132067691487201,19.8714557394373,0.0270048222417991,success,63,,0,-9.699606861701682e-05,-9.699606861701682e-05,0.0012028804635519919,-0.0012028804635519919
obs_20mm,20.0,001,5,5,laser 001_05.tif,evaluation_repeat2_5,0.0017391267535472623,0.3800081029762915,0.001846200217901049,0.3892597101887908,245,232,52.49419442152006,0.02794892085970877,245,232,52.49419442152006,0.02796054618465838,20.034053220931,0.03405322093099983,0.03405322093099983,20.0354553747858,0.0210220613356233,success,63,,0,19.868278991192923,-0.1317210088070766,0.1317210088070766,19.86970557531868,0.0211288259908269,success,63,54,0,19.868181874949332,-0.1318181250506676,0.1318181250506676,19.869606772262827,0.021129411492578094,success,63,54,0,19.8670422462889,-0.13295775371109997,0.13295775371109997,19.8684925652371,0.0211242755995197,success,63,,0,-9.711624359098892e-05,-9.711624359098892e-05,0.001139628660432379,-0.001139628660432379
obs_30mm,30.0,001,1,1,laser 001.tif,calibration_repeat1_in_sample,0.0006210847549304134,-0.02947872585642745,0.00037316210585146487,0.005677986694965952,250,244,47.98650011272751,0.027191782935684958,250,244,47.98650011272751,0.02723573117564665,29.9453139852058,-0.05468601479419988,0.05468601479419988,29.9494007943335,0.0118769209767698,success,66,,0,29.90439941585541,-0.0956005841445915,0.0956005841445915,29.907507760701172,0.012036592357376722,success,66,66,0,29.904598628911554,-0.09540137108844604,0.09540137108844604,29.90771020427053,0.01203514518227874,success,66,66,0,29.9044237833135,-0.0955762166864993,0.0955762166864993,29.9075321371853,0.0120366008971002,success,66,,0,0.00019921305614545304,0.00019921305614545304,0.00017484559805325262,-0.00017484559805325262
obs_30mm,30.0,001,1,2,laser 001_02.tif,evaluation_repeat2_5,0.0006210847549304134,-0.02947872585642745,0.00037316210585146487,0.005677986694965952,250,244,47.98650011272751,0.027191782935684958,250,244,47.98650011272751,0.02723573117564665,29.944215026434,-0.05578497356599854,0.05578497356599854,29.9452381455561,0.00983441811318413,success,66,,0,29.903315736343345,-0.09668426365665539,0.09668426365665539,29.904193610751925,0.009890980248884847,success,66,64,0,29.903514861850468,-0.09648513814953219,0.09648513814953219,29.904391902960946,0.009890385093281997,success,66,64,0,29.9045716379143,-0.09542836208569838,0.09542836208569838,29.9054495913903,0.00989120678364165,success,66,,0,0.00019912550712319899,0.00019912550712319899,-0.0010567760638338086,0.0010567760638338086
obs_30mm,30.0,001,1,3,laser 001_03.tif,evaluation_repeat2_5,0.0006210847549304134,-0.02947872585642745,0.00037316210585146487,0.005677986694965952,250,244,47.98650011272751,0.027191782935684958,250,244,47.98650011272751,0.02723573117564665,29.9452571447909,-0.05474285520909916,0.05474285520909916,29.9449727665677,0.010584824991425,success,66,,0,29.904342568731938,-0.09565743126806225,0.09565743126806225,29.90512585324906,0.010771078153988863,success,66,66,0,29.904541781804188,-0.09545821819581235,0.09545821819581235,29.905323882286268,0.010769890177494992,success,66,66,0,29.9057169271946,-0.09428307280539983,0.09428307280539983,29.9065026287592,0.0107724291441111,success,66,,0,0.00019921307224990414,0.00019921307224990414,-0.0011751453904125242,0.0011751453904125242
obs_30mm,30.0,001,1,4,laser 001_04.tif,evaluation_repeat2_5,0.0006210847549304134,-0.02947872585642745,0.00037316210585146487,0.005677986694965952,250,244,47.98650011272751,0.027191782935684958,250,244,47.98650011272751,0.02723573117564665,29.942915460037,-0.057084539963000225,0.057084539963000225,29.9442747652296,0.0103616613301126,success,66,,0,29.902000616517395,-0.0979993834826054,0.0979993834826054,29.903300532496942,0.010305442208665505,success,66,66,0,29.902199831699047,-0.09780016830095306,0.09780016830095306,29.903500057576075,0.010304960567190175,success,66,66,0,29.9027987167944,-0.09720128320559951,0.09720128320559951,29.904100260697,0.0103054889323602,success,66,,0,0.00019921518165233465,0.00019921518165233465,-0.0005988850953535518,0.0005988850953535518
obs_30mm,30.0,001,1,5,laser 001_05.tif,evaluation_repeat2_5,0.0006210847549304134,-0.02947872585642745,0.00037316210585146487,0.005677986694965952,250,244,47.98650011272751,0.027191782935684958,250,244,47.98650011272751,0.02723573117564665,29.9438253737173,-0.05617462628270076,0.05617462628270076,29.9455775667269,0.0109513251555758,success,66,,0,29.902919999786644,-0.0970800002133565,0.0970800002133565,29.904184745121658,0.011141905291900876,success,66,65,0,29.90311915800431,-0.09688084199569147,0.09688084199569147,29.904385120953407,0.01114092861388438,success,66,65,0,29.9034269476468,-0.09657305235320024,0.09657305235320024,29.9046603458581,0.0111501020599246,success,66,,0,0.00019915821766502972,0.00019915821766502972,-0.00030778964249122964,0.00030778964249122964
obs_30mm,30.0,002,2,1,laser 002.tif,calibration_repeat1_in_sample,-0.003090591629463531,0.145511656543449,-0.003041334664766076,0.15802347130541827,328,287,55.558896566508636,0.02067060284118524,328,288,55.558896566508636,0.02086793045907644,29.9142650727025,-0.08573492729750143,0.08573492729750143,29.9163121415698,0.0182393963327554,success,69,,0,29.874152167002933,-0.12584783299706714,0.12584783299706714,29.87307441876184,0.014591870169045819,success,69,64,0,29.87478819092159,-0.12521180907841156,0.12521180907841156,29.873663202115125,0.01456836921481095,success,69,64,0,29.8739986735184,-0.12600132648159956,0.12600132648159956,29.8729209311063,0.0145917952690087,success,69,,0,0.0006360239186555816,0.0006360239186555816,0.0007895174031880003,-0.0007895174031880003
obs_30mm,30.0,002,2,2,laser 002_02.tif,evaluation_repeat2_5,-0.003090591629463531,0.145511656543449,-0.003041334664766076,0.15802347130541827,328,287,55.558896566508636,0.02067060284118524,328,288,55.558896566508636,0.02086793045907644,29.9156161273688,-0.08438387263120006,0.08438387263120006,29.9142639010892,0.0180345861489396,success,69,,0,29.875251529401947,-0.12474847059805327,0.12474847059805327,29.87452779413016,0.016416965950232464,success,69,69,0,29.875885346083873,-0.12411465391612708,0.12411465391612708,29.875214555535962,0.016412904469438418,success,69,69,0,29.8732484151779,-0.1267515848220988,0.1267515848220988,29.8724830596015,0.0164211622502497,success,69,,0,0.0006338166819261914,0.0006338166819261914,0.002636930905971724,-0.002636930905971724
obs_30mm,30.0,002,2,3,laser 002_03.tif,evaluation_repeat2_5,-0.003090591629463531,0.145511656543449,-0.003041334664766076,0.15802347130541827,328,287,55.558896566508636,0.02067060284118524,328,288,55.558896566508636,0.02086793045907644,29.9175337325281,-0.08246626747190078,0.08246626747190078,29.9174947728892,0.0150361362286741,success,69,,0,29.877291246273867,-0.12270875372613332,0.12270875372613332,29.876816261444624,0.01273309198112736,success,69,68,0,29.87792612090914,-0.1220738790908591,0.1220738790908591,29.877506217785495,0.012723484106787747,success,69,68,0,29.8760731632454,-0.12392683675459892,0.12392683675459892,29.875623789638,0.0127287106016706,success,69,,0,0.0006348746352742296,0.0006348746352742296,0.0018529576637398293,-0.0018529576637398293
obs_30mm,30.0,002,2,4,laser 002_04.tif,evaluation_repeat2_5,-0.003090591629463531,0.145511656543449,-0.003041334664766076,0.15802347130541827,328,287,55.558896566508636,0.02067060284118524,328,288,55.558896566508636,0.02086793045907644,29.9168252494475,-0.08317475055250156,0.08317475055250156,29.9173987881173,0.0188345305203187,success,69,,0,29.877623891958844,-0.12237610804115562,0.12237610804115562,29.87757048094112,0.015026389978976791,success,69,60,0,29.878267646668977,-0.12173235333102284,0.12173235333102284,29.878214875402797,0.015000504826366013,success,69,60,0,29.8751010612992,-0.12489893870079882,0.12489893870079882,29.875046903449,0.0150206400528684,success,69,,0,0.0006437547101327823,0.0006437547101327823,0.003166585369775987,-0.003166585369775987
obs_30mm,30.0,002,2,5,laser 002_05.tif,evaluation_repeat2_5,-0.003090591629463531,0.145511656543449,-0.003041334664766076,0.15802347130541827,328,287,55.558896566508636,0.02067060284118524,328,288,55.558896566508636,0.02086793045907644,29.9168023229441,-0.08319767705589953,0.08319767705589953,29.9139319498746,0.0158612419207087,success,69,,0,29.876690445844616,-0.1233095541553837,0.1233095541553837,29.871448160664276,0.013758506955584365,success,69,67,0,29.877326459690238,-0.12267354030976207,0.12267354030976207,29.87215044183472,0.013750613717272861,success,69,67,0,29.8753177041265,-0.12468229587350166,0.12468229587350166,29.8700593020152,0.0137603504657022,success,69,,0,0.0006360138456216191,0.0006360138456216191,0.0020087555637395837,-0.0020087555637395837
obs_30mm,30.0,003,3,1,laser 003.tif,calibration_repeat1_in_sample,-0.0015497314099164568,-0.05443000462331884,-0.0014208867474328043,-0.04329149023363807,261,218,53.994435489028454,0.018880818059575238,261,218,53.994435489028454,0.018880615110087064,29.9306471770265,-0.06935282297349943,0.06935282297349943,29.9315328550636,0.0117300715667824,success,74,,0,29.913742052643087,-0.08625794735691272,0.08625794735691272,29.914684752381568,0.010726484029717109,success,74,63,0,29.913726047969263,-0.08627395203073718,0.08627395203073718,29.914668770875387,0.01072649389444038,success,74,63,0,29.9137597851935,-0.08624021480650157,0.08624021480650157,29.914702485479,0.0107264903721364,success,74,,0,-1.6004673824454585e-05,-1.6004673824454585e-05,-3.373722423560821e-05,3.373722423560821e-05
obs_30mm,30.0,003,3,2,laser 003_02.tif,evaluation_repeat2_5,-0.0015497314099164568,-0.05443000462331884,-0.0014208867474328043,-0.04329149023363807,261,218,53.994435489028454,0.018880818059575238,261,218,53.994435489028454,0.018880615110087064,29.9371195139532,-0.06288048604680085,0.06288048604680085,29.9372914518648,0.0102164549181127,success,74,,0,29.920231071969173,-0.07976892803082691,0.07976892803082691,29.91945270854081,0.0103778374748017,success,74,64,0,29.920215071844176,-0.07978492815582428,0.07978492815582428,29.91943693272171,0.010377778667588159,success,74,64,0,29.9208481825416,-0.07915181745839917,0.07915181745839917,29.9200782476141,0.0103724295491015,success,74,,0,-1.600012499736181e-05,-1.600012499736181e-05,-0.00063311069742511,0.00063311069742511
obs_30mm,30.0,003,3,3,laser 003_03.tif,evaluation_repeat2_5,-0.0015497314099164568,-0.05443000462331884,-0.0014208867474328043,-0.04329149023363807,261,218,53.994435489028454,0.018880818059575238,261,218,53.994435489028454,0.018880615110087064,29.9320450972791,-0.06795490272089921,0.06795490272089921,29.9331243943462,0.0103609809161355,success,74,,0,29.915088849848118,-0.084911150151882,0.084911150151882,29.913516322860183,0.01007964277870638,success,74,64,0,29.91507285625081,-0.08492714374919075,0.08492714374919075,29.913500207984463,0.010079635351122702,success,74,64,0,29.9167106268445,-0.08328937315549823,0.08328937315549823,29.9151536672114,0.0100811828157263,success,74,,0,-1.599359730874994e-05,-1.599359730874994e-05,-0.0016377705936925224,0.0016377705936925224
obs_30mm,30.0,003,3,4,laser 003_04.tif,evaluation_repeat2_5,-0.0015497314099164568,-0.05443000462331884,-0.0014208867474328043,-0.04329149023363807,261,218,53.994435489028454,0.018880818059575238,261,218,53.994435489028454,0.018880615110087064,29.9298815465717,-0.07011845342830014,0.07011845342830014,29.931342807178,0.0100646098272036,success,74,,0,29.912937664639102,-0.08706233536089769,0.08706233536089769,29.914975972346276,0.008998790153309788,success,74,61,0,29.91292167725902,-0.08707832274097882,0.08707832274097882,29.914959948241325,0.008998812553287333,success,74,61,0,29.9123503802569,-0.08764961974310026,0.08764961974310026,29.9142778672838,0.00896718732330134,success,74,,0,-1.5987380081128322e-05,-1.5987380081128322e-05,0.0005712970021214403,-0.0005712970021214403
obs_30mm,30.0,003,3,5,laser 003_05.tif,evaluation_repeat2_5,-0.0015497314099164568,-0.05443000462331884,-0.0014208867474328043,-0.04329149023363807,261,218,53.994435489028454,0.018880818059575238,261,218,53.994435489028454,0.018880615110087064,29.931527354139,-0.0684726458610001,0.0684726458610001,29.9316422941603,0.00880764039960492,success,74,,0,29.914352149143664,-0.0856478508563363,0.0856478508563363,29.91439732486799,0.00796652652887048,success,74,59,0,29.914336160728453,-0.08566383927154675,0.08566383927154675,29.914381117091487,0.00796656145976233,success,74,59,0,29.9142416689325,-0.08575833106749897,0.08575833106749897,29.9143245820266,0.00795199506854058,success,74,,0,-1.5988415210443918e-05,-1.5988415210443918e-05,9.44917959522229e-05,-9.44917959522229e-05
obs_30mm,30.0,004,4,1,laser 004.tif,calibration_repeat1_in_sample,-0.0011309634890544163,-0.029626611234029796,-0.0010103606471767194,-0.01898604774710937,355,304,64.00482516727828,0.026797214609473728,355,304,64.00482516727828,0.02678756220080199,29.9844633948799,-0.015536605120100688,0.015536605120100688,29.9827846717061,0.0201219791721063,success,78,,0,29.917608632233357,-0.08239136776664324,0.08239136776664324,29.91710395602406,0.01984623387696703,success,78,75,0,29.91752385579155,-0.0824761442084494,0.0824761442084494,29.917019612837674,0.019846219370672713,success,78,75,0,29.9176500020762,-0.08234999792379938,0.08234999792379938,29.9171453205683,0.0198462614702672,success,78,,0,-8.477644180615584e-05,-8.477644180615584e-05,-0.00012614628465001942,0.00012614628465001942
obs_30mm,30.0,004,4,2,laser 004_02.tif,evaluation_repeat2_5,-0.0011309634890544163,-0.029626611234029796,-0.0010103606471767194,-0.01898604774710937,355,304,64.00482516727828,0.026797214609473728,355,304,64.00482516727828,0.02678756220080199,29.9826314052685,-0.017368594731500764,0.017368594731500764,29.9846606231372,0.0150554380068534,success,78,,0,29.916004399569626,-0.08399560043037368,0.08399560043037368,29.918674423935645,0.014846216334990238,success,78,67,0,29.915919655372953,-0.08408034462704705,0.08408034462704705,29.91859004364143,0.014846249745322277,success,78,67,0,29.9197647864237,-0.08023521357630159,0.08023521357630159,29.9229111682556,0.014851580419737,success,78,,0,-8.474419667336974e-05,-8.474419667336974e-05,-0.003845131050745465,0.003845131050745465
obs_30mm,30.0,004,4,3,laser 004_03.tif,evaluation_repeat2_5,-0.0011309634890544163,-0.029626611234029796,-0.0010103606471767194,-0.01898604774710937,355,304,64.00482516727828,0.026797214609473728,355,304,64.00482516727828,0.02678756220080199,29.9871636390092,-0.012836360990799989,0.012836360990799989,29.9847222886001,0.02305535881574,success,78,,0,29.9203029196094,-0.07969708039059853,0.07969708039059853,29.918219547135617,0.022577990418581315,success,78,78,0,29.920218115904365,-0.07978188409563458,0.07978188409563458,29.918136149905695,0.022577970059523732,success,78,78,0,29.9253000495405,-0.07469995045950029,0.07469995045950029,29.9227467907107,0.0226316917652069,success,78,,0,-8.480370503605172e-05,-8.480370503605172e-05,-0.005081933636134295,0.005081933636134295
obs_30mm,30.0,004,4,4,laser 004_04.tif,evaluation_repeat2_5,-0.0011309634890544163,-0.029626611234029796,-0.0010103606471767194,-0.01898604774710937,355,304,64.00482516727828,0.026797214609473728,355,304,64.00482516727828,0.02678756220080199,29.978159038756,-0.021840961243999146,0.021840961243999146,29.9767947904916,0.016152108929722,success,78,,0,29.911447189266365,-0.08855281073363486,0.08855281073363486,29.910562488922103,0.016112431925782954,success,78,70,0,29.911362425690925,-0.08863757430907526,0.08863757430907526,29.910477708927615,0.01611252286256446,success,78,70,0,29.9167989567697,-0.08320104323030009,0.08320104323030009,29.9158907220327,0.0160959437361159,success,78,,0,-8.476357544040525e-05,-8.476357544040525e-05,-0.005436531078775175,0.005436531078775175
obs_30mm,30.0,004,4,5,laser 004_05.tif,evaluation_repeat2_5,-0.0011309634890544163,-0.029626611234029796,-0.0010103606471767194,-0.01898604774710937,355,304,64.00482516727828,0.026797214609473728,355,304,64.00482516727828,0.02678756220080199,29.9778335397149,-0.022166460285099276,0.022166460285099276,29.9777792776835,0.0165938489457678,success,78,,0,29.911164145071893,-0.08883585492810653,0.08883585492810653,29.911974380127823,0.016757321402116176,success,78,69,0,29.91107938022168,-0.088920619778321,0.088920619778321,29.911890278165345,0.016757343071913115,success,78,69,0,29.9173532562476,-0.08264674375239878,0.08264674375239878,29.9177592374396,0.0167153263325208,success,78,,0,-8.476485021446933e-05,-8.476485021446933e-05,-0.00627387602592222,0.00627387602592222
obs_30mm,30.0,005,5,1,laser 005.tif,calibration_repeat1_in_sample,0.00031585169681020374,0.1316624692766307,0.00042087065649916173,0.14065808338563762,180,173,47.5391348250227,0.02590543239217696,180,173,47.5391348250227,0.02591592549628708,29.9258631570191,-0.07413684298089862,0.07413684298089862,29.9252220348218,0.0138764912612941,success,74,,0,29.834261821031813,-0.1657381789681871,0.1657381789681871,29.83355534758618,0.013832704682744624,success,74,70,0,29.834170117420417,-0.1658298825795832,0.1658298825795832,29.833461547695862,0.013832621135492704,success,74,70,0,29.8342370012094,-0.1657629987906013,0.1657629987906013,29.8335305211,0.0138326927386305,success,74,,0,-9.170361139609895e-05,-9.170361139609895e-05,-6.68837889818974e-05,6.68837889818974e-05
obs_30mm,30.0,005,5,2,laser 005_02.tif,evaluation_repeat2_5,0.00031585169681020374,0.1316624692766307,0.00042087065649916173,0.14065808338563762,180,173,47.5391348250227,0.02590543239217696,180,173,47.5391348250227,0.02591592549628708,29.9256628006488,-0.07433719935119854,0.07433719935119854,29.9246859900084,0.0141525281620433,success,74,,0,29.83406779690741,-0.16593220309259138,0.16593220309259138,29.833291990887282,0.013961282035714341,success,74,73,0,29.833976131219398,-0.16602386878060216,0.16602386878060216,29.833197712612467,0.013960470537044576,success,74,73,0,29.8347944582782,-0.16520554172180013,0.16520554172180013,29.8340065570215,0.0139558948912389,success,74,,0,-9.166568801077801e-05,-9.166568801077801e-05,-0.0008183270588020264,0.0008183270588020264
obs_30mm,30.0,005,5,3,laser 005_03.tif,evaluation_repeat2_5,0.00031585169681020374,0.1316624692766307,0.00042087065649916173,0.14065808338563762,180,173,47.5391348250227,0.02590543239217696,180,173,47.5391348250227,0.02591592549628708,29.9213582199659,-0.0786417800341006,0.0786417800341006,29.9219993739005,0.0165076285091725,success,73,,0,29.829758606930675,-0.1702413930693254,0.1702413930693254,29.830315313827604,0.01634235846639921,success,73,71,0,29.829666925840947,-0.1703330741590534,0.1703330741590534,29.83022023806229,0.01634157275186554,success,73,71,0,29.8318117892474,-0.16818821075260004,0.16818821075260004,29.8325071363791,0.016393815402487,success,73,,0,-9.168108972801292e-05,-9.168108972801292e-05,-0.002144863406453368,0.002144863406453368
obs_30mm,30.0,005,5,4,laser 005_04.tif,evaluation_repeat2_5,0.00031585169681020374,0.1316624692766307,0.00042087065649916173,0.14065808338563762,180,173,47.5391348250227,0.02590543239217696,180,173,47.5391348250227,0.02591592549628708,29.9192534880373,-0.0807465119627011,0.0807465119627011,29.9214543359458,0.0171093210790845,success,74,,0,29.827663580380463,-0.17233641961953694,0.17233641961953694,29.82981003585363,0.016827851543466704,success,74,72,0,29.82757195085339,-0.17242804914661036,0.17242804914661036,29.829719611262075,0.01682645379584884,success,74,72,0,29.830825368976,-0.1691746310239992,0.1691746310239992,29.8329716722296,0.0168279787164056,success,74,,0,-9.162952707342242e-05,-9.162952707342242e-05,-0.0032534181226111514,0.0032534181226111514
obs_30mm,30.0,005,5,5,laser 005_05.tif,evaluation_repeat2_5,0.00031585169681020374,0.1316624692766307,0.00042087065649916173,0.14065808338563762,180,173,47.5391348250227,0.02590543239217696,180,173,47.5391348250227,0.02591592549628708,29.9229334897256,-0.07706651027439904,0.07706651027439904,29.924341381748,0.0157602136194291,success,74,,0,29.83133441152798,-0.1686655884720203,0.1686655884720203,29.83343198167651,0.015586827996903665,success,74,74,0,29.831242715024345,-0.1687572849756549,0.1687572849756549,29.833343962792885,0.015586007954686985,success,74,74,0,29.8336413347629,-0.16635866523710163,0.16635866523710163,29.8357133455992,0.01559282395499,success,74,,0,-9.169650363460846e-05,-9.169650363460846e-05,-0.002398619738553265,0.002398619738553265
