u,v,Xc_mm,Yc_mm,Zc_mm,Xg_mm,Yg_mm,Zg_mm
2130.051114,293.000000,5.822154,-118.437931,713.088467,5.806274,118.440063,0.484714
2129.959192,294.000000,5.813000,-118.336577,713.064034,5.796073,118.338512,0.507883
2129.904516,295.000000,5.807562,-118.237198,713.051459,5.790114,118.239033,0.519389
2129.878044,296.000000,5.804937,-118.139311,713.047861,5.787366,118.141120,0.522065
2129.878910,297.000000,5.805039,-118.042866,713.052966,5.787731,118.044720,0.516182
2129.903803,298.000000,5.807536,-117.947685,713.065719,5.790832,117.949647,0.502776
2129.917011,299.000000,5.808869,-117.851886,713.074750,5.792603,117.853925,0.493030
2129.887701,300.000000,5.805961,-117.753849,713.070244,5.789532,117.755854,0.496600
2129.865341,301.000000,5.803746,-117.656178,713.067949,5.787252,117.658168,0.497995
2129.864216,302.000000,5.803648,-117.559623,713.072413,5.787390,117.561652,0.492741
2129.856969,303.000000,5.802941,-117.462745,713.074927,5.786831,117.464799,0.489406
2129.836063,304.000000,5.800871,-117.365151,713.073091,5.784717,117.367193,0.490350
2129.815417,305.000000,5.798827,-117.267571,713.071336,5.782632,117.269602,0.491213
2129.776759,306.000000,5.794986,-117.169049,713.063846,5.778496,117.171022,0.497719
2129.721177,307.000000,5.789458,-117.069644,713.050966,5.772434,117.071515,0.509525
2129.696999,308.000000,5.787062,-116.971884,713.048083,5.769947,116.973734,0.511498
2129.743648,309.000000,5.791729,-116.877822,713.067747,5.775524,116.879837,0.491294
2129.786327,310.000000,5.796001,-116.783548,713.086148,5.780650,116.785717,0.472333
2129.753240,311.000000,5.792716,-116.685321,713.080424,5.777148,116.687445,0.477101
2129.647351,312.000000,5.782171,-116.583303,713.051520,5.765357,116.585194,0.504668
2129.508597,313.000000,5.768350,-116.479584,713.012156,5.749825,116.481156,0.542525
2129.457208,314.000000,5.763241,-116.380417,713.000603,5.744241,116.381899,0.553026
2129.496778,315.000000,5.767202,-116.285978,713.018004,5.749011,116.287605,0.535049
2129.483569,316.000000,5.765900,-116.188796,713.018602,5.747772,116.190431,0.533598
2129.435328,317.000000,5.761104,-116.089797,713.008047,5.742546,116.091349,0.543118
2129.458817,318.000000,5.763461,-115.994517,713.020325,5.745485,115.996173,0.530179
2129.507006,319.000000,5.768281,-115.900513,713.040465,5.751236,115.902337,0.509507
2129.462474,320.000000,5.763856,-115.801708,713.031086,5.746432,115.803458,0.517870
2129.515662,321.000000,5.769174,-115.707955,713.052816,5.752752,115.709887,0.495635
2129.548026,322.000000,5.772417,-115.613122,713.067916,5.756702,115.615180,0.479921
2129.550021,323.000000,5.772631,-115.516718,713.073345,5.757194,115.518823,0.473718
2129.509530,324.000000,5.768608,-115.418121,713.065247,5.752849,115.420164,0.480822
2129.463110,325.000000,5.763994,-115.319222,713.055260,5.747829,115.321186,0.489783
2129.339409,326.000000,5.751675,-115.216349,713.020669,5.734011,115.218033,0.522945
2129.252266,327.000000,5.743002,-115.115365,712.997717,5.724356,115.116865,0.544659
2129.255602,328.000000,5.743350,-115.019035,713.003566,5.725001,115.020587,0.538044
2129.268812,329.000000,5.744682,-114.923212,713.012557,5.726769,114.924840,0.528339
2129.211436,330.000000,5.738976,-114.823765,712.999077,5.720502,114.825286,0.540736
2129.092573,331.000000,5.727142,-114.721172,712.966025,5.707238,114.722426,0.572385
2128.962366,332.000000,5.714178,-114.618008,712.929364,5.692683,114.618965,0.607584
2128.878772,333.000000,5.705861,-114.517239,712.907540,5.683434,114.518021,0.628190
2128.816657,334.000000,5.699685,-114.417573,712.892550,5.676630,114.418236,0.642073
2128.771313,335.000000,5.695181,-114.318768,712.882897,5.671734,114.319355,0.650707
2128.760961,336.000000,5.694164,-114.221750,712.884377,5.670820,114.222353,0.648389
2128.818490,337.000000,5.699912,-114.128192,712.907458,5.677630,114.128987,0.624824
2128.873037,338.000000,5.705363,-114.034477,712.929590,5.684101,114.035455,0.602193
2128.915151,339.000000,5.709576,-113.940123,712.947765,5.689157,113.941253,0.583453
2128.942839,340.000000,5.712350,-113.845030,712.961348,5.692572,113.846275,0.569231
2128.960340,341.000000,5.714109,-113.749417,712.971688,5.694828,113.750750,0.558199
2128.986404,342.000000,5.716722,-113.654236,712.984752,5.698058,113.655678,0.544487
2129.008279,343.000000,5.718918,-113.558838,712.996482,5.700811,113.560380,0.532088
2129.015047,344.000000,5.719607,-113.462673,713.003403,5.701845,113.464275,0.524419
2128.995364,345.000000,5.717660,-113.365166,713.001901,5.699868,113.366759,0.525035
2128.957265,346.000000,5.713877,-113.266727,712.994536,5.695795,113.268263,0.531418
2128.951809,347.000000,5.713348,-113.169942,712.997561,5.695438,113.171506,0.527581
2128.942667,348.000000,5.712452,-113.072969,712.999412,5.694661,113.074551,0.524900
2128.871340,349.000000,5.705357,-112.972858,712.981466,5.686806,112.974297,0.541690
2128.756381,350.000000,5.693914,-112.870552,712.949632,5.673987,112.871734,0.572142
2128.728237,351.000000,5.691124,-112.772628,712.945430,5.671047,112.773779,0.575414
2128.852853,352.000000,5.703559,-112.682394,712.989850,5.685492,112.683911,0.530860
2128.968067,353.000000,5.715058,-112.591676,713.031280,5.698867,112.593535,0.489245
2129.049371,354.000000,5.723178,-112.499243,713.061918,5.708385,112.501356,0.458248
2129.104839,355.000000,5.728722,-112.405504,713.084330,5.714962,112.407804,0.435340
2129.123239,356.000000,5.730572,-112.309901,713.094940,5.717319,112.312290,0.424043
2129.098880,357.000000,5.728158,-112.212151,713.091933,5.714809,112.214519,0.426139
2129.064595,358.000000,5.724755,-112.113905,713.085765,5.711170,112.116226,0.431345
2129.034061,359.000000,5.721726,-112.015848,713.080790,5.707957,112.018132,0.435378
2129.008714,360.000000,5.719214,-111.918053,713.077465,5.705334,111.920312,0.437787
2128.987275,361.000000,5.717092,-111.820453,713.075383,5.703157,111.822699,0.438974
2128.954142,362.000000,5.713804,-111.722271,713.069576,5.699648,111.724473,0.443824
2128.889514,363.000000,5.707376,-111.622520,713.053741,5.692554,111.624595,0.458540
2128.765575,364.000000,5.695037,-111.519819,713.019024,5.678711,111.521614,0.491829
2128.611566,365.000000,5.679703,-111.415631,712.974737,5.661447,111.417067,0.534532
2128.553424,366.000000,5.673923,-111.316223,712.960966,5.655094,111.317550,0.547216
2128.532947,367.000000,5.671898,-111.218690,712.959183,5.653026,111.220005,0.548109
2128.575118,368.000000,5.676115,-111.124267,712.977339,5.658086,111.125734,0.529389
2128.544205,369.000000,5.673049,-111.026215,712.972232,5.654831,111.027643,0.533552
2128.556566,370.000000,5.674296,-110.930308,712.980897,5.656499,110.931811,0.524167
2128.555156,371.000000,5.674170,-110.833718,712.985178,5.656601,110.835259,0.519096
2128.558235,372.000000,5.674491,-110.737348,712.990886,5.657213,110.738939,0.512620
2128.602675,373.000000,5.678935,-110.643022,713.009760,5.662531,110.644770,0.493193
2128.717614,374.000000,5.690406,-110.552171,713.051077,5.675874,110.554261,0.451689
2128.791884,375.000000,5.697823,-110.459304,713.079449,5.684588,110.461629,0.422920
2128.726840,376.000000,5.691355,-110.359561,713.063464,5.677447,110.361758,0.437784
2128.562554,377.000000,5.674996,-110.254934,713.015883,5.659013,110.256746,0.483727
2128.464295,378.000000,5.665219,-110.153571,712.989325,5.648093,110.155168,0.508991
2128.369491,379.000000,5.655786,-110.052385,712.963867,5.637568,110.053777,0.533173
2128.320192,380.000000,5.650889,-109.953441,712.952893,5.632220,109.954747,0.543108
2128.288908,381.000000,5.647786,-109.855384,712.947651,5.628922,109.856650,0.547403
2128.271885,382.000000,5.646105,-109.758027,712.946947,5.627246,109.759291,0.547235
2128.267539,383.000000,5.645687,-109.661292,712.950277,5.627013,109.662587,0.543099
2128.276058,384.000000,5.646550,-109.565186,712.957701,5.628243,109.566544,0.534936
2128.270398,385.000000,5.646001,-109.468385,712.960610,5.627860,109.469770,0.531214
2128.239307,386.000000,5.642918,-109.370340,712.955423,5.624584,109.371687,0.535455
2128.182650,387.000000,5.637287,-109.271050,712.942098,5.618399,109.272290,0.547703
2128.149410,388.000000,5.633990,-109.172905,712.936224,5.614878,109.174101,0.552620
2128.200019,389.000000,5.639047,-109.078847,712.957038,5.620896,109.080216,0.531286
2128.374376,390.000000,5.656435,-108.990807,713.017243,5.640995,108.992672,0.471201
2129.129731,393.000000,5.731777,-108.737886,713.271903,5.727756,108.741844,0.218111
2129.237261,394.000000,5.742516,-108.646535,713.310863,5.740261,108.650815,0.178925
2129.713143,395.000000,5.790001,-108.573046,713.467217,5.794726,108.578608,0.024258
2129.820583,396.000000,5.800736,-108.481657,713.506167,5.807228,108.487541,-0.014918
2129.863888,397.000000,5.805073,-108.387151,713.524674,5.812424,108.393189,-0.033984
2129.833162,398.000000,5.802023,-108.289056,713.519580,5.809184,108.295056,-0.029834
2129.760333,399.000000,5.794771,-108.188927,713.501063,5.801148,108.194779,-0.012480
2129.685212,400.000000,5.787292,-108.088692,713.481815,5.792851,108.094390,0.005594
2129.630648,401.000000,5.781863,-107.989456,713.469119,5.786896,107.995053,0.017222
2129.603219,402.000000,5.779142,-107.891531,713.465071,5.784032,107.897098,0.020344
2129.602275,403.000000,5.779064,-107.794884,713.469463,5.784186,107.800490,0.015162
2129.610040,404.000000,5.779854,-107.698654,713.476631,5.785331,107.704323,0.007251
2129.613809,405.000000,5.780245,-107.602231,713.482523,5.786021,107.607951,0.000594
2129.613949,406.000000,5.780275,-107.505632,713.487257,5.786298,107.511394,-0.004924
2129.606486,407.000000,5.779546,-107.408667,713.489567,5.785709,107.414451,-0.008057
2129.575361,408.000000,5.776456,-107.310567,713.484332,5.782424,107.316311,-0.003768
2129.525528,409.000000,5.771500,-107.211571,713.473134,5.777008,107.217227,0.006388
2129.566973,410.000000,5.775650,-107.116949,713.491029,5.781990,107.122754,-0.012077
2129.518428,411.000000,5.770823,-107.018017,713.480238,5.776720,107.023738,-0.002322
2129.451921,412.000000,5.764204,-106.918231,713.463720,5.769405,106.923819,0.013066
2129.352063,413.000000,5.754258,-106.816856,713.436573,5.758290,106.822226,0.038911
2129.265112,414.000000,5.745600,-106.716106,713.413539,5.748647,106.721290,0.060710
2129.232277,415.000000,5.742341,-106.617940,713.407751,5.745168,106.623081,0.065543
2129.247712,416.000000,5.743896,-106.522074,713.417346,5.747186,106.527297,0.055244
2129.274015,417.000000,5.746535,-106.426723,713.430403,5.750442,106.432056,0.041539
2129.291934,418.000000,5.748337,-106.330970,713.440787,5.752743,106.336391,0.030463
2129.294940,419.000000,5.748653,-106.234506,713.446417,5.753345,106.239976,0.024065
2129.284939,420.000000,5.747671,-106.137424,713.447900,5.752466,106.142909,0.021745
2129.274563,421.000000,5.746651,-106.040324,713.449262,5.751544,106.045824,0.019545
2129.256310,422.000000,5.744846,-105.942850,713.448112,5.749725,105.948344,0.019816
2129.217153,423.000000,5.740956,-105.844388,713.440299,5.745525,105.849821,0.026642
2129.171156,424.000000,5.736383,-105.745606,713.430304,5.740546,105.750960,0.035615
2129.139369,425.000000,5.733228,-105.647497,713.424836,5.737185,105.652810,0.040133
2129.125194,426.000000,5.731830,-105.550220,713.424981,5.735830,105.555538,0.039130
2129.125083,427.000000,5.731834,-105.453606,713.429607,5.736077,105.458965,0.033720
2129.141350,428.000000,5.733472,-105.357763,713.439451,5.738189,105.363205,0.023175
2129.164626,429.000000,5.735809,-105.262247,713.451528,5.741099,105.267791,0.010434
2129.164762,430.000000,5.735838,-105.165640,713.456229,5.741374,105.171226,0.004950
2129.143435,431.000000,5.733726,-105.068024,713.454087,5.739205,105.073596,0.006197
2129.128747,432.000000,5.732277,-104.970720,713.454060,5.737791,104.976295,0.005363
2129.136727,433.000000,5.733088,-104.874479,713.461257,5.738959,104.880116,-0.002577
2129.169776,434.000000,5.736400,-104.779410,713.476444,5.742982,104.785175,-0.018377
2129.199418,435.000000,5.739372,-104.684178,713.490544,5.746618,104.690061,-0.033108
2129.215683,436.000000,5.741010,-104.588317,713.500378,5.748729,104.594284,-0.043643
2129.231043,437.000000,5.742558,-104.492411,713.509923,5.750738,104.498459,-0.053893
2129.228566,438.000000,5.742326,-104.395670,713.513781,5.750715,104.401753,-0.058548
2129.196843,439.000000,5.739177,-104.297565,713.508315,5.747360,104.303607,-0.054030
2129.143025,440.000000,5.733825,-104.198433,713.495803,5.741489,104.204375,-0.042582
2129.079716,441.000000,5.727526,-104.098862,713.480266,5.734537,104.104681,-0.028157
2129.016448,442.000000,5.721231,-103.999298,713.464741,5.727590,104.004993,-0.013744
2128.961480,443.000000,5.715764,-103.900124,713.451860,5.721589,103.905717,-0.001932
2128.920472,444.000000,5.711690,-103.801601,713.443429,5.717177,103.807128,0.005503
2128.886340,445.000000,5.708302,-103.703399,713.437187,5.713549,103.708879,0.010783
2128.850403,446.000000,5.704733,-103.605116,713.430369,5.709715,103.610543,0.016631
2128.822171,447.000000,5.701934,-103.507191,713.426006,5.706758,103.512586,0.020064
2128.813717,448.000000,5.701106,-103.410182,713.427944,5.706054,103.415595,0.017297
2128.794595,449.000000,5.699214,-103.312679,713.426482,5.704135,103.318084,0.017876
2128.761040,450.000000,5.695884,-103.214512,713.420418,5.700572,103.219870,0.022982
2128.730451,451.000000,5.692849,-103.116483,713.415298,5.697347,103.121802,0.027159
2128.712019,452.000000,5.691027,-103.019015,713.414051,5.695506,103.024328,0.027526
2128.720500,453.000000,5.691888,-102.922786,713.421380,5.696730,102.928162,0.019456
2128.734109,454.000000,5.693260,-102.826790,713.430343,5.698537,102.832243,0.009780
2128.734706,455.000000,5.693335,-102.730195,713.435157,5.698863,102.735690,0.004184
2128.721262,456.000000,5.692010,-102.632955,713.435494,5.697590,102.638456,0.002992
2128.700286,457.000000,5.689933,-102.535369,713.433430,5.695459,102.540857,0.004164
2128.677187,458.000000,5.687646,-102.437687,713.430688,5.693086,102.443155,0.006002
2128.649028,459.000000,5.684853,-102.339774,713.426332,5.690138,102.345210,0.009428
2128.613484,460.000000,5.681325,-102.241526,713.419620,5.686348,102.246910,0.015171
2128.584124,461.000000,5.678413,-102.143561,713.414879,5.683262,102.148910,0.018976
2128.583062,462.000000,5.678322,-102.046889,713.419155,5.683399,102.052276,0.013910
2128.612715,463.000000,5.681294,-101.951615,713.433219,5.687033,101.957121,-0.000785
2128.652938,464.000000,5.685320,-101.856819,713.450651,5.691870,101.862470,-0.018794
2128.683274,465.000000,5.688360,-101.761569,713.464931,5.695581,101.767340,-0.033702
2128.696691,466.000000,5.689714,-101.665546,713.473817,5.697366,101.671393,-0.043303
2128.701421,467.000000,5.690201,-101.569127,713.479933,5.698162,101.575027,-0.050180
2128.710066,468.000000,5.691078,-101.472883,713.487296,5.699404,101.478847,-0.058283
2128.706785,469.000000,5.690767,-101.376098,713.490856,5.699287,101.382094,-0.062644
2128.657840,470.000000,5.685902,-101.277244,713.479859,5.693971,101.283154,-0.052685
2128.566374,471.000000,5.676797,-101.176471,713.455307,5.683813,101.182183,-0.029390
2128.517669,472.000000,5.671956,-101.077636,713.444385,5.678524,101.083262,-0.019503
2128.433514,473.000000,5.663581,-100.977205,713.422163,5.669199,100.982653,0.001499
2128.392589,474.000000,5.659516,-100.878729,713.413718,5.664797,100.884111,0.008948
2128.379777,475.000000,5.658254,-100.781522,713.414232,5.663594,100.786911,0.007584
2128.387055,476.000000,5.658995,-100.685219,713.421147,5.664680,100.690668,-0.000079
2128.410622,477.000000,5.661360,-100.589647,713.433253,5.667619,100.595198,-0.012847
2128.435721,478.000000,5.663878,-100.494140,713.445846,5.670733,100.499798,-0.026096
2128.412995,479.000000,5.661627,-100.396485,713.443194,5.668402,100.402124,-0.024346
2128.352891,480.000000,5.655651,-100.297154,713.428629,5.661816,100.302677,-0.010875
2128.304719,481.000000,5.650864,-100.198362,713.417865,5.656588,100.203800,-0.001145
2128.274595,482.000000,5.647876,-100.100380,713.412852,5.653414,100.105781,0.002928
2128.251628,483.000000,5.645602,-100.002720,713.410118,5.651056,100.008102,0.004758
2128.237077,484.000000,5.644166,-99.905437,713.410066,5.649655,99.910822,0.003951
2128.237552,485.000000,5.644229,-99.808824,713.414801,5.649966,99.814251,-0.001566
2128.247256,486.000000,5.645212,-99.712621,713.422476,5.651326,99.718114,-0.009976
2128.244568,487.000000,5.644959,-99.615865,713.426201,5.651276,99.621391,-0.014499
2128.222766,488.000000,5.642801,-99.518258,713.423832,5.649050,99.523768,-0.013027
2128.183666,489.000000,5.638919,-99.419882,713.415949,5.644855,99.425331,-0.006131
2128.141225,490.000000,5.634704,-99.321361,713.407000,5.640279,99.326740,0.001815
2128.117451,491.000000,5.632349,-99.223670,713.403999,5.637828,99.229028,0.003909
2128.112981,492.000000,5.631919,-99.126836,713.407149,5.637575,99.132222,-0.000049
2128.117411,493.000000,5.632376,-99.030394,713.413133,5.638335,99.035833,-0.006796
2128.117086,494.000000,5.632359,-98.933741,713.417602,5.638553,98.939220,-0.012050
2128.138860,495.000000,5.634545,-98.838063,713.429112,5.641287,98.843640,-0.024233
2128.171535,496.000000,5.637817,-98.742864,713.444096,5.645262,98.748566,-0.039833
2128.184772,497.000000,5.639152,-98.646803,713.452883,5.647025,98.652580,-0.049337
2128.173909,498.000000,5.638085,-98.549679,713.453987,5.646043,98.555468,-0.051282
2128.149933,499.000000,5.635710,-98.451977,713.450911,5.643569,98.457744,-0.049114
2128.117860,500.000000,5.632528,-98.353920,713.445252,5.640173,98.359645,-0.044406
2128.070612,501.000000,5.627834,-98.255199,713.434756,5.635049,98.260841,-0.034937
2128.000016,502.000000,5.620812,-98.155457,713.416817,5.627268,98.160955,-0.018147
2127.929416,503.000000,5.613791,-98.055719,713.398877,5.619487,98.061074,-0.001355
2127.905639,504.000000,5.611437,-97.958037,713.395857,5.617036,97.963370,0.000757
2127.906726,505.000000,5.611560,-97.861443,713.400761,5.617414,97.866820,-0.004925
2127.885968,506.000000,5.609507,-97.763893,713.398701,5.615306,97.769256,-0.003757
2127.872091,507.000000,5.608139,-97.666645,713.398833,5.613981,97.672012,-0.004745
2127.888572,508.000000,5.609797,-97.570720,713.408638,5.616112,97.576171,-0.015251
2127.920211,509.000000,5.612966,-97.475453,713.423274,5.619968,97.481027,-0.030508
2127.938835,510.000000,5.614837,-97.379616,713.433760,5.622342,97.385279,-0.041684
2127.941621,511.000000,5.615130,-97.283088,713.439198,5.622914,97.288799,-0.047892
2127.931556,512.000000,5.614143,-97.186000,713.440538,5.622023,97.191725,-0.050068
2127.917813,513.000000,5.612788,-97.088753,713.440704,5.620713,97.094482,-0.051091
2127.922758,514.000000,5.613296,-96.992316,713.446826,5.621530,96.998098,-0.057972
2127.954425,515.000000,5.616468,-96.897034,713.461464,5.625389,96.902940,-0.073231
2127.967229,516.000000,5.617760,-96.800933,713.470089,5.627100,96.806912,-0.082575
2127.902175,517.000000,5.611291,-96.701464,713.453895,5.619949,96.707314,-0.067501
2127.793180,518.000000,5.600443,-96.600102,713.423695,5.607797,96.605709,-0.038647
2127.691459,519.000000,5.590321,-96.499063,713.395815,5.596474,96.504445,-0.012075
2127.628235,520.000000,5.584036,-96.399691,713.380203,5.589533,96.404948,0.002427
2127.612375,521.000000,5.582471,-96.302362,713.379684,5.587982,96.307618,0.002079
2127.630923,522.000000,5.584334,-96.206512,713.390129,5.590346,96.211857,-0.009055
2127.671032,523.000000,5.588347,-96.111586,713.407445,5.595165,96.117076,-0.026949
2127.715723,524.000000,5.592816,-96.016852,713.426220,5.600505,96.022499,-0.046280
2127.732383,525.000000,5.594492,-95.920911,713.436061,5.602654,95.926642,-0.056820
2127.723065,526.000000,5.593578,-95.823856,713.437621,5.601847,95.829602,-0.059212
2127.704895,527.000000,5.591783,-95.726421,713.436358,5.600033,95.732161,-0.058828
2127.687642,528.000000,5.590079,-95.629026,713.435386,5.598323,95.634761,-0.058729
2127.664732,529.000000,5.587811,-95.531390,713.432609,5.595969,95.537106,-0.056855
2127.600307,530.000000,5.581406,-95.431984,713.416600,5.588890,95.437572,-0.041962
2127.483464,531.000000,5.569778,-95.330349,713.383885,5.575846,95.335673,-0.010633
2127.458073,532.000000,5.567264,-95.232616,713.380314,5.573210,95.237914,-0.007978
2127.439716,533.000000,5.565450,-95.135184,713.378984,5.571374,95.140474,-0.007526
2127.487089,534.000000,5.570185,-95.040543,713.398599,5.577018,95.045997,-0.027683
2127.534636,535.000000,5.574939,-94.945905,713.418270,5.582682,94.951523,-0.047895
2127.451548,536.000000,5.566675,-94.845724,713.396305,5.573479,94.851166,-0.027142
2127.492163,537.000000,5.570737,-94.750788,713.413764,5.578354,94.756376,-0.045177
2127.449647,538.000000,5.566516,-94.652331,713.404727,5.573769,94.657847,-0.037144
2127.447601,539.000000,5.566327,-94.555586,713.408587,5.573789,94.561137,-0.041799
2127.468549,540.000000,5.568430,-94.459811,713.419774,5.576425,94.465457,-0.053663
2127.475229,541.000000,5.569111,-94.363432,713.426413,5.577438,94.369135,-0.061052
2127.454162,542.000000,5.567027,-94.265881,713.424206,5.575293,94.271570,-0.059739
2127.403369,543.000000,5.561981,-94.167081,713.412525,5.569766,94.172678,-0.049104
2127.354199,544.000000,5.557097,-94.068352,713.401359,5.564423,94.073861,-0.038976
2127.340864,545.000000,5.555784,-93.971131,713.401614,5.563158,93.976645,-0.040083
2127.365468,546.000000,5.558251,-93.875503,713.413958,5.566210,93.881121,-0.053086
2127.378709,547.000000,5.559586,-93.779395,713.422679,5.567969,93.785087,-0.062524
2127.350849,548.000000,5.556825,-93.681563,713.418300,5.565051,93.687224,-0.059073
2127.308297,549.000000,5.552601,-93.583119,713.409237,5.560461,93.588708,-0.051014
2127.285306,550.000000,5.550325,-93.485494,713.406407,5.558097,93.491064,-0.049087
2127.287191,551.000000,5.550529,-93.388909,713.411504,5.558564,93.394524,-0.054959
2127.277502,552.000000,5.549579,-93.291840,713.412911,5.557713,93.297469,-0.057200
2127.274295,553.000000,5.549274,-93.195041,713.416382,5.557600,93.200702,-0.061473
2127.312877,554.000000,5.553134,-93.099980,713.433171,5.562243,93.105781,-0.078849
2127.358155,555.000000,5.557661,-93.005193,713.452094,5.567647,93.011152,-0.098325
2127.353920,556.000000,5.557254,-92.908344,713.455234,5.567417,92.914333,-0.102272
2127.302788,557.000000,5.552175,-92.809550,713.443425,5.561850,92.815445,-0.091510
2127.241046,558.000000,5.546039,-92.710319,713.428233,5.555076,92.716094,-0.077420
2127.192963,559.000000,5.541263,-92.611659,713.417393,5.549856,92.617347,-0.067612
2127.166111,560.000000,5.538603,-92.513879,713.413320,5.547053,92.519538,-0.064461
2127.146361,561.000000,5.536651,-92.416394,713.411508,5.545057,92.422041,-0.063536
2127.112108,562.000000,5.533254,-92.318311,713.405073,5.541411,92.323909,-0.058062
2127.073782,563.000000,5.529451,-92.220062,713.397338,5.537302,92.225600,-0.051309
2127.061246,564.000000,5.528218,-92.122877,713.397822,5.536127,92.128422,-0.052642
2127.072067,565.000000,5.529311,-92.026653,713.405748,5.537609,92.032266,-0.061297
2127.070163,566.000000,5.529137,-91.929905,713.409617,5.537644,91.935553,-0.065961
2127.051862,567.000000,5.527329,-91.832482,713.408259,5.535813,91.838122,-0.065482
2127.034857,568.000000,5.525650,-91.735113,713.407313,5.534129,91.740749,-0.065409
2127.023869,569.000000,5.524571,-91.637991,713.408283,5.533130,91.643638,-0.067220
2127.007421,570.000000,5.522948,-91.540645,713.407512,5.531509,91.546289,-0.067318
2126.989868,571.000000,5.521215,-91.443255,713.406387,5.529763,91.448893,-0.067069
2126.985154,572.000000,5.520760,-91.346389,713.409353,5.529478,91.352054,-0.070844
2126.982874,573.000000,5.520549,-91.249622,713.413093,5.529469,91.255321,-0.075381
2126.970578,574.000000,5.519339,-91.152446,713.413640,5.528321,91.158153,-0.076776
2126.948130,575.000000,5.517118,-91.054857,713.410950,5.526018,91.060545,-0.074986
2126.927068,576.000000,5.515036,-90.957325,713.408700,5.523872,90.962998,-0.073629
2126.916990,577.000000,5.514047,-90.860240,713.409950,5.522976,90.865926,-0.075715
2126.906896,578.000000,5.513057,-90.763154,713.411193,5.522078,90.768854,-0.077795
2126.893842,579.000000,5.511772,-90.665948,713.411492,5.520843,90.671653,-0.078946
2126.880854,580.000000,5.510493,-90.568744,713.411810,5.519616,90.574456,-0.080116
2126.854511,581.000000,5.507885,-90.471001,713.407870,5.516869,90.476684,-0.077097
2126.807772,582.000000,5.503244,-90.372435,713.397430,5.511802,90.378036,-0.067680
2126.770182,583.000000,5.499516,-90.274242,713.389903,5.507776,90.279784,-0.061131
2126.769875,584.000000,5.499500,-90.177553,713.394257,5.507992,90.183134,-0.066272
2126.787313,585.000000,5.501253,-90.081577,713.404266,5.510225,90.087243,-0.076977
2126.774414,586.000000,5.499983,-89.984379,713.404604,5.509008,89.990051,-0.078166
2126.713802,587.000000,5.493961,-89.885265,713.389736,5.502363,89.890818,-0.064393
2126.656503,588.000000,5.488270,-89.786287,713.375922,5.496095,89.791731,-0.051658
2126.654237,589.000000,5.488059,-89.689520,713.379645,5.496087,89.694997,-0.056178
2126.657054,590.000000,5.488355,-89.592955,713.384987,5.496657,89.598479,-0.062290
2126.642879,591.000000,5.486959,-89.495709,713.384912,5.495294,89.501236,-0.063073
2126.608876,592.000000,5.483588,-89.397671,713.378517,5.491676,89.403149,-0.057638
2126.565141,593.000000,5.479247,-89.299247,713.369020,5.486951,89.304650,-0.049149
2126.557722,594.000000,5.478524,-89.202273,713.371094,5.486356,89.207697,-0.052047
2126.593808,595.000000,5.482133,-89.107031,713.387032,5.490710,89.112589,-0.068584
2126.622560,596.000000,5.485012,-89.011494,713.400631,5.494230,89.017166,-0.082822
2126.629889,597.000000,5.485758,-88.915101,713.407402,5.495314,88.920832,-0.090340
2126.601184,598.000000,5.482914,-88.817277,713.402687,5.492298,88.822972,-0.086558
2126.545034,599.000000,5.477337,-88.718366,713.389224,5.486160,88.723954,-0.074168
2126.494328,600.000000,5.472303,-88.619674,713.377496,5.480641,88.625170,-0.063484
2126.472106,601.000000,5.470105,-88.522113,713.374843,5.478363,88.527590,-0.061730
2126.515445,602.000000,5.474436,-88.427143,713.393083,5.483542,88.432773,-0.080533
2126.493030,603.000000,5.472219,-88.329573,713.390366,5.481241,88.335184,-0.078717
2126.470590,604.000000,5.470000,-88.232003,713.387641,5.478937,88.237595,-0.076891
2126.435620,605.000000,5.466533,-88.133940,713.380920,5.475209,88.139480,-0.071134
2126.394698,606.000000,5.462473,-88.035645,713.372302,5.470803,88.041118,-0.063510
2126.342692,607.000000,5.457310,-87.936917,713.360150,5.465137,87.942294,-0.052410
2126.330338,608.000000,5.456095,-87.839749,713.360633,5.463981,87.845133,-0.053741
2126.378894,609.000000,5.460945,-87.744970,713.380526,5.469752,87.750520,-0.074171
2126.427845,610.000000,5.465836,-87.650201,713.400544,5.475568,87.655918,-0.094724
2126.426347,611.000000,5.465702,-87.553452,713.404483,5.475646,87.559205,-0.099456
2126.378157,612.000000,5.460918,-87.454878,713.393540,5.470414,87.460544,-0.089544
2126.338072,613.000000,5.456942,-87.356623,713.385178,5.466103,87.362224,-0.082173
2126.325991,614.000000,5.455754,-87.259463,713.385741,5.464977,87.265072,-0.083582
2126.324281,615.000000,5.455599,-87.162707,713.389607,5.465031,87.168351,-0.088242
2126.323115,616.000000,5.455499,-87.065971,713.393645,5.465147,87.071651,-0.093072
2126.322391,617.000000,5.455442,-86.969252,713.397822,5.465313,86.974969,-0.098038
2126.311911,618.000000,5.454414,-86.872152,713.398889,5.464369,86.877882,-0.099944
2126.273408,619.000000,5.450595,-86.773966,713.391024,5.460238,86.779635,-0.093061
2126.210558,620.000000,5.444352,-86.674839,713.375399,5.453338,86.680383,-0.078542
2126.155822,621.000000,5.438917,-86.576031,713.362359,5.447361,86.581471,-0.066567
2126.133272,622.000000,5.436687,-86.478470,713.359574,5.445044,86.483891,-0.064683
2126.120546,623.000000,5.435436,-86.381289,713.359919,5.443845,86.386716,-0.065877
2126.104130,624.000000,5.433816,-86.283966,713.359086,5.442226,86.289389,-0.065914
2126.101539,625.000000,5.433574,-86.187176,713.362658,5.442179,86.192632,-0.070284
2126.117632,626.000000,5.435192,-86.091104,713.372183,5.444256,86.096641,-0.080512
2126.121309,627.000000,5.435573,-85.994553,713.377749,5.444922,86.000138,-0.086845
2126.112496,628.000000,5.434711,-85.897520,713.379334,5.444168,85.903122,-0.089261
2126.093860,629.000000,5.432871,-85.800111,713.377788,5.442296,85.805704,-0.088594
2126.062992,630.000000,5.429813,-85.702234,713.372342,5.439033,85.707785,-0.084091
2126.027268,631.000000,5.426272,-85.604172,713.365347,5.435218,85.609670,-0.078064
2126.000496,632.000000,5.423621,-85.506455,713.361204,5.432420,85.511922,-0.074843
2125.992331,633.000000,5.422824,-85.409449,713.362988,5.431739,85.414934,-0.077454
2125.990970,634.000000,5.422704,-85.312703,713.366940,5.431832,85.318223,-0.082199
2125.996447,635.000000,5.423265,-85.216216,713.373070,5.432702,85.221789,-0.089086
2126.021657,636.000000,5.425790,-85.120478,713.385487,5.435816,85.126157,-0.102160
2126.056959,637.000000,5.429320,-85.025121,713.401119,5.440077,85.030930,-0.118397
2126.061505,638.000000,5.429789,-84.928592,713.406949,5.440841,84.934452,-0.124989
2126.019180,639.000000,5.425590,-84.830284,713.397839,5.436275,84.836073,-0.116881
2125.963070,640.000000,5.420019,-84.731457,713.384335,5.430141,84.737139,-0.104448
2125.916741,641.000000,5.415422,-84.633004,713.373947,5.425120,84.638605,-0.095082
2125.862482,642.000000,5.410035,-84.534255,713.361031,5.419196,84.539753,-0.083228
2125.804911,643.000000,5.404319,-84.435384,713.347059,5.412897,84.440771,-0.070334
2125.765047,644.000000,5.400366,-84.337185,713.338728,5.408611,84.342507,-0.062992
2125.748660,645.000000,5.398750,-84.239872,713.337877,5.406994,84.245190,-0.063010
2125.758985,646.000000,5.399794,-84.143564,713.345536,5.408415,84.148948,-0.071402
2125.802420,647.000000,5.404133,-84.048497,713.363746,5.413600,84.054034,-0.090175
2125.863271,648.000000,5.410207,-83.954080,713.387505,5.420765,83.959814,-0.114410
2125.927010,649.000000,5.416568,-83.859764,713.412185,5.428260,83.865703,-0.139551
2125.953820,650.000000,5.419253,-83.764060,713.425095,5.431555,83.770108,-0.153109
2125.898649,651.000000,5.413775,-83.665286,713.411874,5.425528,83.671229,-0.140956
2125.803649,652.000000,5.404333,-83.565029,713.385960,5.414971,83.570764,-0.116310
2125.719907,653.000000,5.396012,-83.465199,713.363633,5.405695,83.470754,-0.095196
2125.659256,654.000000,5.389990,-83.366236,713.348665,5.399045,83.371672,-0.081322
2125.615188,655.000000,5.385618,-83.267894,713.338980,5.394281,83.273254,-0.072646
2125.590089,656.000000,5.383136,-83.170261,713.335338,5.391673,83.175594,-0.069918
2125.581658,657.000000,5.382312,-83.073247,713.337006,5.390961,83.078597,-0.072415
2125.578469,658.000000,5.382010,-82.976427,713.340343,5.390844,82.981808,-0.076554
2125.566427,659.000000,5.380827,-82.879279,713.340858,5.389720,82.884667,-0.077915
2125.534817,660.000000,5.377696,-82.781406,713.335137,5.386372,82.786751,-0.073140
2125.564764,661.000000,5.380692,-82.685811,713.349029,5.390023,82.691272,-0.087665
2125.521270,662.000000,5.376378,-82.587501,713.339517,5.385323,82.592888,-0.079161
2125.515299,663.000000,5.375799,-82.490576,713.341962,5.384890,82.495987,-0.082421
2125.532823,664.000000,5.377559,-82.394517,713.351891,5.387128,82.400012,-0.093047
2125.541852,665.000000,5.378473,-82.298143,713.359113,5.388400,82.303700,-0.101008
2125.539675,666.000000,5.378272,-82.201355,713.362762,5.388398,82.206945,-0.105454
2125.545072,667.000000,5.378825,-82.104844,713.368824,5.389256,82.110487,-0.112274
2125.500349,668.000000,5.374389,-82.006495,713.358912,5.384417,82.012060,-0.103375
2125.500504,669.000000,5.374420,-81.909792,713.363301,5.384680,81.915396,-0.108548
2125.551782,670.000000,5.379539,-81.814956,713.383980,5.390755,81.820733,-0.129752
2125.502313,671.000000,5.374631,-81.716436,713.372552,5.385376,81.722123,-0.119361
2125.495837,672.000000,5.374002,-81.619488,713.374824,5.384885,81.625196,-0.122451
2125.532086,673.000000,5.377625,-81.524096,713.390710,5.389251,81.529937,-0.138939
2125.475920,674.000000,5.372050,-81.425336,713.377143,5.383110,81.431070,-0.126443
2125.526279,675.000000,5.377078,-81.330453,713.397524,5.389081,81.336357,-0.147353
2125.450185,676.000000,5.369520,-81.230973,713.377603,5.380674,81.236717,-0.128605
2125.382503,677.000000,5.362799,-81.131803,713.360363,5.373224,81.137410,-0.112495
2125.345708,678.000000,5.359152,-81.033758,713.352965,5.369286,81.039307,-0.106069
2125.311144,679.000000,5.355728,-80.935795,713.346277,5.365601,80.941293,-0.100342
2125.266042,680.000000,5.351254,-80.837453,713.336229,5.360719,80.842872,-0.091309
2125.243487,681.000000,5.349025,-80.739928,713.333365,5.358399,80.745327,-0.089345
2125.256317,682.000000,5.350318,-80.643680,713.341775,5.360102,80.649150,-0.098476
2125.280161,683.000000,5.352706,-80.547825,713.353693,5.363057,80.553397,-0.111059
2125.282225,684.000000,5.352927,-80.451185,713.358670,5.363536,80.456800,-0.116811
2125.256928,685.000000,5.350425,-80.353560,713.354927,5.360905,80.359148,-0.113982
2125.230695,686.000000,5.347830,-80.255904,713.350884,5.358167,80.261462,-0.110858
2125.233394,687.000000,5.348114,-80.159285,713.356059,5.358718,80.164888,-0.116805
2125.249094,688.000000,5.349692,-80.063130,713.365376,5.360747,80.068813,-0.126828
2125.243054,689.000000,5.349106,-79.966195,713.367764,5.360304,79.971901,-0.130032
2125.216792,690.000000,5.346508,-79.868539,713.363707,5.357563,79.874215,-0.126893
2125.194992,691.000000,5.344354,-79.771042,713.361070,5.355329,79.776700,-0.125153
2125.181613,692.000000,5.343038,-79.673847,713.361115,5.354052,79.679508,-0.126052
2125.153452,693.000000,5.340251,-79.576126,713.356448,5.351094,79.581752,-0.122313
2125.108363,694.000000,5.335780,-79.477805,713.346386,5.346213,79.483352,-0.113266
2125.057546,695.000000,5.330739,-79.379283,713.334498,5.340680,79.384737,-0.102421
2125.015763,696.000000,5.326596,-79.281086,713.325487,5.336175,79.286469,-0.094408
2124.992418,697.000000,5.324289,-79.183543,713.322350,5.333765,79.188904,-0.092175
2124.979500,698.000000,5.323019,-79.086370,713.322534,5.332540,79.091735,-0.093210
2124.954882,699.000000,5.320585,-78.988784,713.318989,5.329986,78.994124,-0.090576
2124.908639,700.000000,5.315999,-78.890437,713.308552,5.324973,78.895694,-0.081159
2124.866903,701.000000,5.311862,-78.792252,713.299550,5.320473,78.797439,-0.073155
2124.845814,702.000000,5.309779,-78.694795,713.297126,5.318320,78.699965,-0.071623
2124.837012,703.000000,5.308919,-78.597770,713.298615,5.317563,78.602956,-0.073942
2124.848213,704.000000,5.310049,-78.501448,713.306476,5.319079,78.506701,-0.082532
2124.871901,705.000000,5.312422,-78.405560,713.318314,5.322014,78.410914,-0.095036
2124.873894,706.000000,5.312635,-78.308911,713.323239,5.322484,78.314308,-0.100736
2124.845682,707.000000,5.309844,-78.211204,713.318538,5.319520,78.216566,-0.096964
2124.800173,708.000000,5.305331,-78.112896,713.308325,5.314591,78.118177,-0.087767
2124.744928,709.000000,5.299851,-78.014250,713.295008,5.308556,78.019426,-0.075516
2124.680612,710.000000,5.293468,-77.915293,713.278801,5.301490,77.920340,-0.060420
2124.647969,711.000000,5.290236,-77.817442,713.272683,5.298023,77.822442,-0.055254
2124.673661,712.000000,5.292807,-77.721618,713.285150,5.301185,77.726724,-0.068376
2124.692848,713.000000,5.294731,-77.625566,713.295543,5.303608,77.630760,-0.079458
2124.669480,714.000000,5.292422,-77.528037,713.292377,5.301195,77.533208,-0.077196
2124.608583,715.000000,5.286380,-77.429210,713.277252,5.294517,77.434261,-0.063165
2124.549179,716.000000,5.280486,-77.330440,713.262602,5.288010,77.335373,-0.049602
2124.535326,717.000000,5.279123,-77.233245,713.262464,5.286678,77.238181,-0.050319
2124.561127,718.000000,5.281705,-77.137418,713.274957,5.289852,77.142459,-0.063467
2124.590205,719.000000,5.284613,-77.041700,713.288493,5.293398,77.046855,-0.077642
2124.622509,720.000000,5.287843,-76.946090,713.303057,5.297311,76.951367,-0.092828
2124.670623,721.000000,5.292645,-76.851018,713.322657,5.303021,76.856460,-0.112970
2124.721381,722.000000,5.297710,-76.756033,713.343100,5.309032,76.761645,-0.133941
2124.749287,723.000000,5.300502,-76.660259,713.356260,5.312445,76.665982,-0.147746
2124.735308,724.000000,5.299127,-76.563049,713.356071,5.311099,76.568773,-0.148414
2124.688292,725.000000,5.294465,-76.464710,713.345354,5.305997,76.470350,-0.138721
2124.641563,726.000000,5.289832,-76.366384,713.334727,5.300929,76.371940,-0.129116
2124.611231,727.000000,5.286830,-76.268620,713.329324,5.297724,76.274135,-0.124653
2124.589612,728.000000,5.284694,-76.171154,713.326696,5.295509,76.176651,-0.122920
2124.571244,729.000000,5.282883,-76.073799,713.325103,5.293663,76.079286,-0.122205
2124.560552,730.000000,5.281835,-75.976706,713.325954,5.292690,75.982203,-0.123896
2124.563702,731.000000,5.282164,-75.880082,713.331215,5.293290,75.885626,-0.129927
2124.567390,732.000000,5.282546,-75.783475,713.336645,5.293950,75.789066,-0.136125
2124.544833,733.000000,5.280318,-75.685979,713.333712,5.291628,75.691549,-0.134091
2124.506637,734.000000,5.276534,-75.587955,713.325794,5.287530,75.593464,-0.127152
2124.474524,735.000000,5.273355,-75.490139,713.319813,5.284122,75.495603,-0.122119
2124.518173,736.000000,5.277713,-75.394878,713.337971,5.289323,75.400493,-0.140843
2124.487868,737.000000,5.274713,-75.297123,713.332563,5.286121,75.302698,-0.136374
2124.441972,738.000000,5.270163,-75.198846,713.322187,5.281147,75.204339,-0.127015
2124.434643,739.000000,5.269450,-75.101867,713.324097,5.280555,75.107378,-0.129749
2124.451884,740.000000,5.271181,-75.005710,713.333836,5.282755,75.011305,-0.140186
2124.457055,741.000000,5.271711,-74.909147,713.339727,5.283584,74.914793,-0.146837
2124.432992,742.000000,5.269333,-74.811606,713.336302,5.281091,74.817227,-0.144320
2124.388875,743.000000,5.264960,-74.713395,713.326485,5.276319,74.718939,-0.135512
2124.339944,744.000000,5.260108,-74.615027,713.315134,5.271000,74.620482,-0.125193
2124.310827,745.000000,5.257228,-74.517322,713.310094,5.267932,74.522739,-0.121087
2124.317866,746.000000,5.257944,-74.420822,713.316574,5.268973,74.426294,-0.128317
2124.357627,747.000000,5.261914,-74.325406,713.333479,5.273732,74.331021,-0.145807
2124.384465,748.000000,5.264600,-74.229558,713.346265,5.277022,74.235280,-0.159244
2124.344591,749.000000,5.260649,-74.131495,713.337792,5.272732,74.137152,-0.151758
2124.272643,750.000000,5.253508,-74.032375,713.319098,5.264797,74.037881,-0.134214
2124.217334,751.000000,5.248022,-73.933809,713.305705,5.258754,73.939209,-0.121886
2124.173993,752.000000,5.243727,-73.835642,713.296125,5.254070,73.840967,-0.113310
2124.127364,753.000000,5.239105,-73.737370,713.285496,5.249013,73.742611,-0.103703
2124.080033,754.000000,5.234414,-73.639077,713.274642,5.243876,73.644233,-0.093874
2124.042212,755.000000,5.230668,-73.541100,713.266817,5.239819,73.546195,-0.087026
2124.027101,756.000000,5.229181,-73.443871,713.266226,5.238343,73.448965,-0.087297
2124.048710,757.000000,5.231346,-73.347846,713.277332,5.241038,73.353033,-0.099080
2124.087164,758.000000,5.235186,-73.252369,713.293804,5.245646,73.257695,-0.116143
2124.088260,759.000000,5.235310,-73.155667,713.298373,5.246011,73.161033,-0.121492
2124.008840,760.000000,5.227427,-73.056335,713.277287,5.237228,73.061532,-0.101594
2123.929953,761.000000,5.219598,-72.957026,713.256371,5.228507,72.962055,-0.081862
2120.076963,966.000000,4.840150,-53.014829,712.865593,4.839251,53.017328,0.128468
2120.165935,967.000000,4.848993,-52.920166,712.897849,4.849564,52.922932,0.095867
2120.335048,968.000000,4.865787,-52.827386,712.955616,4.868962,52.830628,0.038153
2120.463914,969.000000,4.878590,-52.733643,713.000578,4.883800,52.737256,-0.006956
2120.514260,970.000000,4.883603,-52.638042,713.020545,4.889736,52.641822,-0.027459
2120.524554,971.000000,4.884640,-52.541495,713.027759,4.891131,52.545337,-0.035409
2120.504225,972.000000,4.882639,-52.444230,713.025223,4.889054,52.448054,-0.033760
2120.479681,973.000000,4.880220,-52.346866,713.021343,4.886499,52.350662,-0.030788
2120.454576,974.000000,4.877745,-52.249491,713.017283,4.883880,52.253256,-0.027640
2120.484644,975.000000,4.880745,-52.153402,713.030788,4.887517,52.157281,-0.041782
2120.428588,976.000000,4.875198,-52.055307,713.016871,4.881389,52.059076,-0.028930
2120.375801,977.000000,4.869976,-51.957291,713.003995,4.875632,51.960958,-0.017102
2120.327063,978.000000,4.865156,-51.859373,712.992407,4.870334,51.862949,-0.006542
2120.265573,979.000000,4.859071,-51.761164,712.976758,4.863590,51.764615,0.008015
2120.211377,980.000000,4.853710,-51.663127,712.963430,4.857674,51.666472,0.020287
2120.189683,981.000000,4.851574,-51.565843,712.960448,4.855442,51.569167,0.022375
2120.223944,982.000000,4.854990,-51.469846,712.975276,4.859553,51.473295,0.006930
2120.302854,983.000000,4.862835,-51.374870,713.004318,4.868726,51.378559,-0.022506
2120.363967,984.000000,4.868916,-51.279479,713.027694,4.875882,51.283363,-0.046366
2120.359769,985.000000,4.868516,-51.182588,713.030276,4.875633,51.186496,-0.049756
2120.313489,986.000000,4.863940,-51.084736,713.019459,4.870613,51.088559,-0.039955
2120.256833,987.000000,4.858334,-50.986651,713.005338,4.864417,50.990362,-0.026901
2120.205671,988.000000,4.853274,-50.888695,712.992964,4.858844,50.892308,-0.015568
2120.165115,989.000000,4.849266,-50.790983,712.983967,4.854473,50.794525,-0.007558
2120.134265,990.000000,4.846222,-50.693494,712.978057,4.851203,50.696991,-0.002588
2120.123765,991.000000,4.845196,-50.596466,712.978625,4.850239,50.599971,-0.003995
2120.140099,992.000000,4.846833,-50.500043,712.987734,4.852318,50.503626,-0.013809
2120.167961,993.000000,4.849614,-50.403878,713.000512,4.855703,50.407568,-0.027235
2120.175716,994.000000,4.850400,-50.307257,713.006887,4.856809,50.311003,-0.034359
2120.154985,995.000000,4.848359,-50.209996,713.004192,4.854685,50.213723,-0.032554
2120.126134,996.000000,4.845513,-50.112554,712.998912,4.851641,50.116241,-0.028203
2120.111330,997.000000,4.844060,-50.015427,712.998101,4.850189,50.019111,-0.028252
2120.125443,998.000000,4.845477,-49.918946,713.006495,4.852016,49.922701,-0.037363
2120.135695,999.000000,4.846510,-49.822376,713.013659,4.853404,49.826194,-0.045263
2120.115331,1000.000000,4.844506,-49.725125,713.011075,4.851322,49.728924,-0.043566
2120.082911,1001.000000,4.841306,-49.627607,713.004651,4.847873,49.631357,-0.038090
2120.047241,1002.000000,4.837784,-49.530019,712.997192,4.844056,49.533711,-0.031593
2120.001812,1003.000000,4.833293,-49.432218,712.986624,4.839133,49.435827,-0.022038
2119.946067,1004.000000,4.827779,-49.334192,712.972771,4.833040,49.337691,-0.009248
2119.887114,1005.000000,4.821947,-49.236100,712.957897,4.826584,49.239481,0.004548
2119.850376,1006.000000,4.818319,-49.138499,712.950093,4.822646,49.141820,0.011383
2119.845175,1007.000000,4.817819,-49.041592,712.952327,4.822282,49.044934,0.008338
2119.845322,1008.000000,4.817850,-48.944801,712.956261,4.822525,48.948178,0.003617
2119.848578,1009.000000,4.818189,-48.848077,712.961184,4.823119,48.851498,-0.002076
2119.860569,1010.000000,4.819395,-48.751542,712.968886,4.824704,48.755029,-0.010506
2119.877082,1011.000000,4.821050,-48.655104,712.978027,4.826802,48.658668,-0.020351
2119.886450,1012.000000,4.821996,-48.558507,712.984891,4.828089,48.562132,-0.027956
2119.875208,1013.000000,4.820897,-48.461464,712.985194,4.827041,48.465094,-0.029101
2119.833221,1014.000000,4.816748,-48.363755,712.975708,4.822507,48.367311,-0.020610
2119.771189,1015.000000,4.810611,-48.265618,712.959840,4.815702,48.269047,-0.005836
2119.712871,1016.000000,4.804843,-48.167565,712.945154,4.809318,48.170877,0.007775
2119.669087,1017.000000,4.800516,-48.069828,712.935093,4.804581,48.073061,0.016833
2119.635829,1018.000000,4.797234,-47.972319,712.928382,4.801037,47.975501,0.022593
2119.615755,1019.000000,4.795259,-47.875095,712.925865,4.798987,47.878259,0.024224
2119.592193,1020.000000,4.792939,-47.777796,712.922237,4.796542,47.780934,0.026948
2119.562916,1021.000000,4.790051,-47.680377,712.916789,4.793450,47.683474,0.031465
2119.540014,1022.000000,4.787796,-47.583096,712.913369,4.791079,47.586167,0.033985
2119.523636,1023.000000,4.786188,-47.485953,712.912024,4.789448,47.489017,0.034463
2119.505403,1024.000000,4.784396,-47.388772,712.910087,4.787607,47.391823,0.035523
2119.487344,1025.000000,4.782622,-47.291595,712.908204,4.785786,47.294634,0.036530
2119.474094,1026.000000,4.781324,-47.194520,712.907850,4.784509,47.197560,0.036031
2119.476827,1027.000000,4.781611,-47.097782,712.912582,4.785043,47.100863,0.030526
2119.501607,1028.000000,4.784085,-47.001505,712.924330,4.788076,47.004686,0.018114
2119.516914,1029.000000,4.785620,-46.905027,712.933062,4.790035,46.908282,0.008671
2119.497886,1030.000000,4.783749,-46.807828,712.930864,4.788104,46.811069,0.009988
2119.475258,1031.000000,4.781521,-46.710556,712.927519,4.785764,46.713772,0.012435
2119.467208,1032.000000,4.780739,-46.613587,712.928813,4.785076,46.616818,0.010315
2119.443616,1033.000000,4.778416,-46.516296,712.925158,4.782628,46.519500,0.013066
2119.489867,1034.000000,4.783020,-46.420454,712.943733,4.788093,46.423813,-0.006067
2119.478852,1035.000000,4.781944,-46.323422,712.944079,4.787069,46.326787,-0.007254
2119.497092,1036.000000,4.783769,-46.226994,712.953736,4.789361,46.230441,-0.017608
2119.511684,1037.000000,4.785233,-46.130488,712.962230,4.791239,46.134009,-0.026817
2119.481094,1038.000000,4.782215,-46.033051,712.956341,4.787996,46.036527,-0.021866
2119.444626,1039.000000,4.778615,-45.935496,712.948580,4.784088,45.938911,-0.015072
2119.412920,1040.000000,4.775487,-45.838040,712.942333,4.780719,45.841407,-0.009768
2119.372042,1041.000000,4.771450,-45.740398,712.933166,4.776311,45.743694,-0.001590
2119.326858,1042.000000,4.766985,-45.642672,712.922627,4.771415,45.645884,0.007939
2119.291476,1043.000000,4.763493,-45.545147,712.915207,4.767630,45.548302,0.014398
2119.294010,1044.000000,4.763761,-45.448395,712.919854,4.768141,45.451591,0.008977
2119.345346,1045.000000,4.768868,-45.352630,712.940032,4.774182,45.355994,-0.011735
2119.405609,1046.000000,4.774861,-45.257040,712.963052,4.781234,45.260596,-0.035244
2119.443475,1047.000000,4.778633,-45.160992,712.978943,4.785749,45.164681,-0.051735
2119.437325,1048.000000,4.778040,-45.064054,712.980820,4.785276,45.067762,-0.054429
2119.379090,1049.000000,4.772281,-44.966069,712.966116,4.778900,44.969660,-0.040800
2119.291947,1050.000000,4.763655,-44.867509,712.942210,4.769249,44.870908,-0.018110
2119.209932,1051.000000,4.755539,-44.769059,712.919936,4.760180,44.772279,0.002972
2119.144192,1052.000000,4.749037,-44.670939,712.902842,4.752955,44.674022,0.018955
2119.104928,1053.000000,4.745160,-44.573352,712.894174,4.748729,44.576367,0.026643
2119.108414,1054.000000,4.745522,-44.476616,712.899110,4.749348,44.479675,0.020937
2119.140936,1055.000000,4.748763,-44.380454,712.913286,4.753256,44.383632,0.006134
2119.173783,1056.000000,4.752037,-44.284295,712.927565,4.757201,44.287593,-0.008769
2119.171965,1057.000000,4.751873,-44.187448,712.930810,4.757218,44.190776,-0.012810
2119.140658,1058.000000,4.748786,-44.090020,712.924667,4.753894,44.093301,-0.007608
2119.113137,1059.000000,4.746073,-43.992668,712.919728,4.750999,43.995912,-0.003591
2119.088948,1060.000000,4.743691,-43.895382,712.915848,4.748481,43.898598,-0.000617
2119.066332,1061.000000,4.741465,-43.798129,712.912467,4.746142,43.801320,0.001865
2119.049534,1062.000000,4.739816,-43.700990,712.910937,4.744461,43.704172,0.002525
2119.034471,1063.000000,4.738339,-43.603885,712.909958,4.742978,43.607062,0.002643
2119.017700,1064.000000,4.736693,-43.506748,712.908434,4.741300,43.509916,0.003298
2119.009819,1065.000000,4.735928,-43.409783,712.909738,4.740630,43.412965,0.001168
2119.018763,1066.000000,4.736832,-43.313144,712.916395,4.741866,43.316383,-0.006232
2119.027282,1067.000000,4.737693,-43.216495,712.922917,4.743054,43.219791,-0.013499
2119.014982,1068.000000,4.736490,-43.119443,712.922810,4.741883,43.122741,-0.014240
2118.974948,1069.000000,4.732537,-43.021858,712.913875,4.737570,43.025087,-0.006289
2118.927446,1070.000000,4.727844,-42.924133,712.902563,4.732411,42.927272,0.004003
2118.893041,1071.000000,4.724450,-42.826661,712.895417,4.728736,42.829746,0.010192
2118.873699,1072.000000,4.722549,-42.729479,712.893064,4.726767,42.732548,0.011663
2118.840823,1073.000000,4.719306,-42.632040,712.886403,4.723265,42.635057,0.017375
2118.795649,1074.000000,4.714844,-42.534370,712.875827,4.718370,42.537303,0.026942
2118.772185,1075.000000,4.712535,-42.437114,712.872158,4.715934,42.440020,0.029708
2118.788219,1076.000000,4.714141,-42.340605,712.881059,4.717973,42.343588,0.020100
2118.825763,1077.000000,4.717880,-42.244501,712.896803,4.722448,42.247616,0.003753
2118.845770,1078.000000,4.719880,-42.148062,712.906966,4.724936,42.151263,-0.007098
2118.830867,1079.000000,4.718419,-42.050965,712.906017,4.723470,42.054161,-0.007009
2118.774968,1080.000000,4.712894,-41.953099,712.892019,4.717359,41.956185,0.005927
2118.708937,1081.000000,4.706365,-41.855049,712.874796,4.710102,41.857997,0.022038
2118.743041,1082.000000,4.709762,-41.758871,712.889439,4.714186,41.761942,0.006776
2118.819209,1083.000000,4.717330,-41.663471,712.917469,4.723037,41.666775,-0.021667
2118.873018,1084.000000,4.722682,-41.567650,712.938384,4.729355,41.571128,-0.043103
2118.873364,1085.000000,4.722733,-41.470832,712.942280,4.729616,41.474345,-0.047785
2118.805515,1086.000000,4.716023,-41.372753,712.924469,4.722151,41.376124,-0.031095
2118.704805,1087.000000,4.706055,-41.274073,712.896200,4.710964,41.277216,-0.004107
2118.610053,1088.000000,4.696679,-41.175511,712.869827,4.700452,41.178441,0.021012
2118.551827,1089.000000,4.690924,-41.077626,712.855078,4.694079,41.080439,0.034688
2118.540803,1090.000000,4.689848,-40.980610,712.855348,4.693051,40.983428,0.033576
2118.553440,1091.000000,4.691117,-40.884025,712.863148,4.694704,40.886910,0.025052
2118.574015,1092.000000,4.693174,-40.787583,712.873472,4.697256,40.790556,0.014042
2118.598126,1093.000000,4.695580,-40.691203,712.884920,4.700208,40.694272,0.001925
2118.624626,1094.000000,4.698224,-40.594862,712.897128,4.703431,40.598035,-0.010939
2118.625347,1095.000000,4.698312,-40.498053,712.901130,4.703734,40.501262,-0.015725
2118.599127,1096.000000,4.695730,-40.400756,712.896557,4.700985,40.403931,-0.012068
2118.569555,1097.000000,4.692815,-40.303400,712.890916,4.697856,40.306532,-0.007359
2118.547975,1098.000000,4.690693,-40.206190,712.887817,4.695633,40.209299,-0.005153
2118.530580,1099.000000,4.688985,-40.109055,712.886048,4.693883,40.112153,-0.004256
2118.498634,1100.000000,4.685836,-40.011661,712.879647,4.690486,40.014710,0.001200
2118.522699,1101.000000,4.688238,-39.915267,712.891071,4.693432,39.918413,-0.010892
2118.476382,1102.000000,4.683663,-39.817618,712.880094,4.688407,39.820678,-0.000930
2118.458890,1103.000000,4.681946,-39.720484,712.878290,4.686646,39.723532,0.000002
2118.439732,1104.000000,4.680064,-39.623321,712.875953,4.684697,39.626353,0.001457
2118.391366,1105.000000,4.675287,-39.525644,712.864321,4.679440,39.528584,0.012065
2118.349586,1106.000000,4.671163,-39.428085,712.854783,4.674929,39.430950,0.020610
2118.333097,1107.000000,4.669546,-39.330973,712.853293,4.673282,39.333830,0.021233
2118.343993,1108.000000,4.670642,-39.234342,712.860516,4.674736,39.237261,0.013276
2118.364795,1109.000000,4.672721,-39.137882,712.870890,4.677312,39.140889,0.002217
2118.378657,1110.000000,4.674112,-39.041298,712.879054,4.679103,39.044375,-0.006666
2118.381461,1111.000000,4.674406,-38.944520,712.883698,4.679640,38.947638,-0.012083
2118.364134,1112.000000,4.672706,-38.847392,712.881934,4.677898,38.850499,-0.011191
2118.319105,1113.000000,4.668260,-38.749784,712.871353,4.673019,38.752808,-0.001618
2118.252438,1114.000000,4.661669,-38.651806,712.853885,4.665689,38.654690,0.014735
2118.185345,1115.000000,4.655037,-38.553826,712.836281,4.658311,38.556569,0.031223
2118.149213,1116.000000,4.651473,-38.456382,712.828528,4.654439,38.459065,0.038011
2118.157676,1117.000000,4.652328,-38.359704,712.834965,4.655617,38.362443,0.030830
2118.178639,1118.000000,4.654423,-38.263238,712.845377,4.658211,38.266066,0.019733
2118.176211,1119.000000,4.654199,-38.166371,712.848346,4.658156,38.169226,0.015965
2118.142666,1120.000000,4.650891,-38.068974,712.841411,4.654577,38.071776,0.021949
2118.084502,1121.000000,4.645144,-37.971162,712.826640,4.648210,37.973846,0.035647
2118.017941,1122.000000,4.638566,-37.873212,712.809198,4.640893,37.875756,0.051976
2117.968752,1123.000000,4.633708,-37.775559,712.797282,4.635542,37.778010,0.062863
2117.949991,1124.000000,4.631866,-37.678422,712.795047,4.633638,37.680857,0.064219
2117.942988,1125.000000,4.631189,-37.581483,712.796551,4.633064,37.583934,0.061894
2117.921760,1126.000000,4.629103,-37.484306,712.793528,4.630880,37.486735,0.064026
2117.877300,1127.000000,4.624714,-37.386742,712.783112,4.626065,37.389089,0.073437
2117.823451,1128.000000,4.619396,-37.289024,712.769708,4.620188,37.291265,0.085790
2117.775233,1129.000000,4.614635,-37.191403,712.758095,4.614948,37.193552,0.096380
2117.744474,1130.000000,4.611605,-37.094075,712.752035,4.611685,37.096178,0.101502
2117.764375,1131.000000,4.613593,-36.997586,712.762090,4.614157,36.999774,0.090757
2117.816520,1132.000000,4.618776,-36.901625,712.782403,4.620280,36.903983,0.069913
2117.837458,1133.000000,4.620868,-36.805146,712.792787,4.622869,36.807592,0.058845
2117.818625,1134.000000,4.619019,-36.708013,712.790515,4.620956,36.710443,0.060237
2117.778529,1135.000000,4.615063,-36.610532,712.781477,4.616635,36.612892,0.068291
2117.740606,1136.000000,4.611323,-36.513090,712.773130,4.612560,36.515384,0.075666
2117.714246,1137.000000,4.608728,-36.415837,712.768460,4.609795,36.418097,0.079420
2117.684440,1138.000000,4.605792,-36.318531,712.762692,4.606639,36.320746,0.084254
2117.654614,1139.000000,4.602854,-36.221225,712.756917,4.603481,36.223397,0.089096
2117.641036,1140.000000,4.601526,-36.124184,712.756310,4.602163,36.126354,0.088850
2117.643131,1141.000000,4.601750,-36.027394,712.760687,4.602619,36.029604,0.083695
2117.643865,1142.000000,4.601840,-35.930582,712.764631,4.602920,35.932827,0.078969
2117.616728,1143.000000,4.599168,-35.833323,712.759706,4.600066,35.835531,0.082974
2117.555020,1144.000000,4.593072,-35.735514,712.743782,4.593299,35.737594,0.097809
2117.563991,1145.000000,4.593978,-35.638834,712.750341,4.594533,35.640971,0.090506
2117.553866,1146.000000,4.592992,-35.541849,712.750825,4.593605,35.543993,0.089186
2117.513737,1147.000000,4.589033,-35.444389,712.741762,4.589281,35.446463,0.097265
2117.550542,1148.000000,4.592696,-35.348146,712.757172,4.593665,35.350349,0.081248
2117.574602,1149.000000,4.595097,-35.251698,712.768527,4.596607,35.253997,0.069223
2117.587666,1150.000000,4.596408,-35.155075,712.776383,4.598304,35.157442,0.060644
2117.577213,1151.000000,4.595389,-35.058081,712.776756,4.597339,35.060454,0.059434
2117.542435,1152.000000,4.591961,-34.960708,712.769388,4.593620,34.963024,0.065844
2117.501179,1153.000000,4.587891,-34.863236,712.759958,4.589167,34.865478,0.074285
2117.477032,1154.000000,4.585516,-34.766032,712.755970,4.586652,34.768245,0.077368
2117.466518,1155.000000,4.584491,-34.669040,712.756318,4.585679,34.671259,0.076182
2117.450530,1156.000000,4.582925,-34.571964,712.754923,4.584087,34.574175,0.076711
2117.487688,1157.000000,4.586622,-34.475707,712.770434,4.588511,34.478048,0.060594
2117.433086,1158.000000,4.581231,-34.378037,712.756752,4.582548,34.380269,0.073222
2117.391305,1159.000000,4.577109,-34.280566,712.747147,4.578036,34.282723,0.081835
2117.366732,1160.000000,4.574692,-34.183362,712.743016,4.575472,34.185488,0.085059
2117.365676,1161.000000,4.574604,-34.086516,712.746365,4.575570,34.088673,0.080918
2117.395030,1162.000000,4.577529,-33.990131,712.759387,4.579110,33.992398,0.067253
2117.416512,1163.000000,4.579674,-33.893623,712.769904,4.581759,33.895979,0.056054
2117.378271,1164.000000,4.575903,-33.796212,712.761418,4.577648,33.798502,0.063565
2117.308490,1165.000000,4.569008,-33.698328,712.742898,4.569967,33.700469,0.080957
2117.251289,1166.000000,4.563360,-33.600638,712.728380,4.563709,33.602664,0.094409
2117.211133,1167.000000,4.559400,-33.503207,712.719282,4.559382,33.505162,0.102523
2117.176586,1168.000000,4.555995,-33.405862,712.711968,4.555689,33.407761,0.108881
2117.145359,1169.000000,4.552919,-33.308569,712.705709,4.552372,33.310419,0.114200
2117.116179,1170.000000,4.550047,-33.211308,712.700100,4.549286,33.213116,0.118880
2117.074888,1171.000000,4.545974,-33.113869,712.690637,4.544830,33.115603,0.127354
2117.026910,1172.000000,4.541240,-33.016335,712.679046,4.539618,33.017977,0.137923
2114.087545,1378.000000,4.254020,-13.033583,712.472225,4.250748,13.034202,0.168284
2114.045122,1379.000000,4.249844,-12.936450,712.462137,4.246161,12.936989,0.177381
2114.082087,1380.000000,4.253517,-12.839774,712.477282,4.250543,12.840440,0.161625
2114.175883,1381.000000,4.262809,-12.743417,712.510494,4.261348,12.744358,0.128076
2114.229960,1382.000000,4.268174,-12.646827,712.531079,4.267664,12.647940,0.106963
2114.247052,1383.000000,4.269882,-12.550024,712.539905,4.269802,12.551213,0.097431
2114.262420,1384.000000,4.271420,-12.453210,712.548182,4.271744,12.454469,0.088440
2114.318800,1385.000000,4.277013,-12.356619,712.569498,4.278322,12.358056,0.066607
2114.413828,1386.000000,4.286429,-12.260234,712.603103,4.289268,12.261950,0.032670
2114.432540,1387.000000,4.288298,-12.163426,712.612441,4.291588,12.165221,0.022634
2114.348615,1388.000000,4.280017,-12.066062,712.589140,4.282308,12.067669,0.044744
2114.238985,1389.000000,4.269194,-11.968567,712.557666,4.270123,11.969920,0.074904
2114.153336,1390.000000,4.260744,-11.871208,712.533818,4.260649,11.872369,0.097553
2114.121615,1391.000000,4.257626,-11.774139,712.527114,4.257269,11.775248,0.103316
2114.135602,1392.000000,4.259027,-11.677310,712.534941,4.259055,11.678487,0.094768
2114.172166,1393.000000,4.262661,-11.580595,712.549945,4.263392,11.581898,0.079152
2114.214481,1394.000000,4.266863,-11.483906,712.566777,4.268380,11.485350,0.061735
2114.234989,1395.000000,4.268909,-11.387101,712.576675,4.270902,11.388630,0.051147
2114.222419,1396.000000,4.267685,-11.290127,712.576053,4.269687,11.291654,0.050921
2114.169556,1397.000000,4.262476,-11.192952,712.562619,4.263917,11.194372,0.063313
2114.096878,1398.000000,4.255308,-11.095683,712.542884,4.255909,11.096944,0.081912
2114.034944,1399.000000,4.249203,-10.998471,712.526564,4.249115,10.999602,0.097146
2113.998950,1400.000000,4.245663,-10.901390,712.518490,4.245252,10.902459,0.104259
2113.989903,1401.000000,4.244787,-10.804442,712.518983,4.244435,10.805518,0.102936
2113.990073,1402.000000,4.244822,-10.707537,712.522404,4.244659,10.708644,0.098728
2113.982411,1403.000000,4.244083,-10.610594,712.523334,4.243997,10.611712,0.096973
2113.975222,1404.000000,4.243391,-10.513654,712.524412,4.243390,10.514784,0.095072
2113.976693,1405.000000,4.243555,-10.416753,712.528243,4.243760,10.417917,0.090460
2113.991143,1406.000000,4.245002,-10.319911,712.536199,4.245598,10.321144,0.081785
2114.018262,1407.000000,4.247701,-10.223124,712.548182,4.248867,10.224459,0.069144
2114.037572,1408.000000,4.249629,-10.126299,712.557681,4.251253,10.127715,0.058949
2114.015340,1409.000000,4.247450,-10.029286,712.553971,4.248945,10.030674,0.061765
2113.949513,1410.000000,4.240960,-9.932080,712.536398,4.241711,9.933328,0.078234
2113.882846,1411.000000,4.234387,-9.834875,712.518559,4.234382,9.835980,0.094966
2113.856805,1412.000000,4.231831,-9.737852,712.513634,4.231644,9.738920,0.098978
2113.869907,1413.000000,4.233145,-9.640999,712.521152,4.233328,9.642131,0.090735
2113.890212,1414.000000,4.235171,-9.544174,712.530959,4.235826,9.545390,0.080237
2113.901933,1415.000000,4.236348,-9.447310,712.538035,4.237355,9.448587,0.072429
2113.897413,1416.000000,4.235920,-9.350377,712.539947,4.237048,9.351673,0.069707
2113.876272,1417.000000,4.233848,-9.253374,712.536573,4.234863,9.254646,0.072192
2113.850376,1418.000000,4.231307,-9.156353,712.531686,4.232141,9.157588,0.076166
2113.830620,1419.000000,4.229372,-9.059358,712.528750,4.230112,9.060572,0.078220
2113.821513,1420.000000,4.228491,-8.962407,712.529198,4.229287,8.963628,0.076940
2113.829692,1421.000000,4.229318,-8.865523,712.535141,4.230415,8.866796,0.070248
2113.864889,1422.000000,4.232816,-8.768744,712.549673,4.234596,8.770139,0.055097
2113.914426,1423.000000,4.237732,-8.672016,712.568763,4.240397,8.673571,0.035456
2113.940738,1424.000000,4.240352,-8.575195,712.580468,4.243574,8.576848,0.023089
2113.920388,1425.000000,4.238359,-8.478193,712.577335,4.241478,8.479824,0.025336
2113.871688,1426.000000,4.233563,-8.381086,712.565186,4.236178,8.382621,0.036464
2113.821366,1427.000000,4.228606,-8.283977,712.552521,4.230695,8.285412,0.048100
2113.787480,1428.000000,4.225275,-8.186931,712.545080,4.227070,8.188308,0.054590
2113.775590,1429.000000,4.224118,-8.089967,712.544632,4.225930,8.091343,0.054193
2113.760334,1430.000000,4.222628,-7.992990,712.543112,4.224409,7.994358,0.054852
2113.716119,1431.000000,4.218276,-7.895912,712.532384,4.219616,7.897195,0.064580
2113.641769,1432.000000,4.210945,-7.798732,712.512074,4.211419,7.799852,0.083746
2113.582681,1433.000000,4.205123,-7.701610,712.496617,4.204946,7.702607,0.098133
2113.599551,1434.000000,4.206809,-7.604750,712.505305,4.207055,7.605821,0.088738
2113.658837,1435.000000,4.212688,-7.508030,712.527476,4.213956,7.509286,0.066061
2113.716446,1436.000000,4.218402,-7.411298,712.549115,4.220669,7.412734,0.043910
2113.764296,1437.000000,4.223151,-7.314529,712.567650,4.226278,7.316119,0.024815
2113.807153,1438.000000,4.227407,-7.217738,712.584598,4.231324,7.219471,0.007284
2113.845939,1439.000000,4.231260,-7.120930,712.600250,4.235910,7.122794,-0.008971
2113.862755,1440.000000,4.232942,-7.024048,712.608916,4.238013,7.025987,-0.018344
2113.826268,1441.000000,4.229353,-6.927000,712.600630,4.234093,6.928873,-0.011021
2113.735114,1442.000000,4.220360,-6.829786,712.574960,4.223995,6.831453,0.013424
2113.647252,1443.000000,4.211693,-6.732590,712.550338,4.214270,6.734059,0.036838
2113.598555,1444.000000,4.206898,-6.635517,712.538168,4.208970,6.636889,0.047987
2113.562728,1445.000000,4.203375,-6.538484,712.530088,4.205125,6.539794,0.055107
2113.515804,1446.000000,4.198755,-6.441422,712.518480,4.200026,6.442640,0.065704
2113.533051,1447.000000,4.200479,-6.344544,712.527271,4.202177,6.345837,0.056206
2113.521777,1448.000000,4.199383,-6.247585,712.526994,4.201105,6.248879,0.055642
2113.467100,1449.000000,4.193998,-6.150507,712.512917,4.195130,6.151689,0.068669
2113.486915,1450.000000,4.195975,-6.053633,712.522520,4.197571,6.054897,0.058372
2113.535381,1451.000000,4.200784,-5.956833,712.541232,4.203249,5.958253,0.039104
2113.484662,1452.000000,4.195790,-5.859769,712.528409,4.197721,5.861087,0.050896
2113.432144,1453.000000,4.190618,-5.762703,712.515013,4.191990,5.763915,0.063253
2113.385617,1454.000000,4.186038,-5.665657,712.503520,4.186935,5.666778,0.073735
2113.362317,1455.000000,4.183754,-5.568671,712.499411,4.184505,5.569762,0.076945
2113.358267,1456.000000,4.183372,-5.471733,712.501420,4.184249,5.472843,0.074129
2113.346407,1457.000000,4.182219,-5.374776,712.500944,4.183111,5.375886,0.073759
2113.327684,1458.000000,4.180387,-5.277803,712.498286,4.181198,5.278894,0.075540
2113.322230,1459.000000,4.179867,-5.180861,712.499844,4.180784,5.181968,0.073167
2113.324245,1460.000000,4.180085,-5.083936,712.503776,4.181213,5.085078,0.068457
2113.299532,1461.000000,4.177661,-4.986950,712.499209,4.178623,4.988058,0.072117
2113.236999,1462.000000,4.171500,-4.889883,712.482619,4.171760,4.890859,0.087621
2113.163346,1463.000000,4.164240,-4.792796,712.462493,4.163642,4.793611,0.106607
2113.111089,1464.000000,4.159095,-4.695760,712.449168,4.157941,4.696469,0.118894
2113.079978,1465.000000,4.156039,-4.598771,712.442564,4.154629,4.599429,0.124562
2113.052225,1466.000000,4.153316,-4.501790,712.437025,4.151695,4.502406,0.129180
2113.017690,1467.000000,4.149922,-4.404798,712.429330,4.147996,4.405354,0.135922
2112.991815,1468.000000,4.147384,-4.307824,712.424386,4.145275,4.308343,0.139955
2113.003397,1469.000000,4.148547,-4.210922,712.431346,4.146784,4.211501,0.132262
2113.043656,1470.000000,4.152544,-4.114071,712.447419,4.151532,4.114785,0.115592
2113.076843,1471.000000,4.155842,-4.017202,712.461244,4.155481,4.018033,0.101137
2113.088776,1472.000000,4.157040,-3.920293,712.468312,4.157030,3.921184,0.093338
2113.072775,1473.000000,4.155478,-3.823334,712.466500,4.155424,3.824214,0.094286
2113.024865,1474.000000,4.150763,-3.726322,712.454543,4.150213,3.727108,0.105226
2112.975652,1475.000000,4.145919,-3.629312,712.442172,4.144856,3.629999,0.116574
2112.955863,1476.000000,4.143982,-3.532351,712.439151,4.142822,3.533017,0.118712
2112.945443,1477.000000,4.142971,-3.435405,712.439108,4.141846,3.436074,0.117918
2112.940240,1478.000000,4.142476,-3.338468,712.440721,4.141459,3.339153,0.115491
2112.954774,1479.000000,4.143931,-3.241558,712.448606,4.143301,3.242311,0.106887
2112.989122,1480.000000,4.147344,-3.144674,712.462788,4.147381,3.145546,0.092080
2113.025326,1481.000000,4.150941,-3.047788,712.477560,4.151670,3.048785,0.076693
2113.044328,1482.000000,4.152837,-2.950876,712.486862,4.154017,2.951952,0.066693
2113.037348,1483.000000,4.152167,-2.853928,712.487904,4.153429,2.855016,0.064829
2113.021275,1484.000000,4.150597,-2.756969,712.486054,4.151814,2.758045,0.065814
2113.028320,1485.000000,4.151312,-2.660038,712.491552,4.152810,2.661161,0.059562
2113.066457,1486.000000,4.155100,-2.563140,712.506932,4.157318,2.564393,0.043574
2113.082549,1487.000000,4.156709,-2.466214,712.515304,4.159336,2.467539,0.034491
2113.047227,1488.000000,4.153238,-2.369232,712.507329,4.155547,2.370495,0.041509
2112.984126,1489.000000,4.147021,-2.272223,712.490523,4.148620,2.273352,0.057226
2112.899003,1490.000000,4.138629,-2.175198,712.466716,4.139205,2.176135,0.079840
2112.790596,1491.000000,4.127937,-2.078157,712.435508,4.127162,2.078842,0.109743
2112.721850,1492.000000,4.121164,-1.981160,712.416907,4.119598,1.981696,0.127228
2112.723049,1493.000000,4.121301,-1.884227,712.420535,4.119934,1.884796,0.122818
2112.748083,1494.000000,4.123793,-1.787312,712.431738,4.122961,1.787976,0.110946
2112.768922,1495.000000,4.125871,-1.690391,712.441606,4.125514,1.691138,0.100389
2112.769259,1496.000000,4.125924,-1.593452,712.444956,4.125752,1.594230,0.096251
2112.755908,1497.000000,4.124623,-1.496503,712.443955,4.124443,1.497277,0.096401
2112.752172,1498.000000,4.124273,-1.399561,712.446008,4.124221,1.400354,0.093541
2112.763287,1499.000000,4.125391,-1.302626,712.452781,4.125676,1.303478,0.086033
2112.770589,1500.000000,4.126131,-1.205688,712.458340,4.126700,1.206589,0.079720
2112.757583,1501.000000,4.124865,-1.108738,712.457443,4.125431,1.109634,0.079767
2112.737324,1502.000000,4.122883,-1.011785,712.454239,4.123342,1.012658,0.082086
2112.736348,1503.000000,4.122805,-0.914840,712.457163,4.123432,0.915741,0.078369
2112.748709,1504.000000,4.124046,-0.817900,712.464325,4.125027,0.818863,0.070477
2112.749001,1505.000000,4.124094,-0.720954,712.467650,4.125259,0.721947,0.066365
2112.733211,1506.000000,4.122553,-0.624002,712.465861,4.123675,0.624984,0.067290
2112.715561,1507.000000,4.120828,-0.527050,712.463480,4.121881,0.528016,0.068799
2112.699745,1508.000000,4.119284,-0.430100,712.461681,4.120294,0.431054,0.069735
2112.664600,1509.000000,4.115831,-0.333147,712.453736,4.116524,0.334039,0.076724
2112.615227,1510.000000,4.110972,-0.236194,712.441268,4.111148,0.236988,0.088169
2112.571432,1511.000000,4.106665,-0.139245,712.430572,4.106401,0.139955,0.097868
2112.533516,1512.000000,4.102938,-0.042300,712.421744,4.102319,0.042940,0.105728
2112.506167,1513.000000,4.100256,0.054644,712.416272,4.099429,-0.054045,0.110281
2112.503322,1514.000000,4.099994,0.151588,712.418588,4.099307,-0.150967,0.107163
2112.513830,1515.000000,4.101051,0.248534,712.425146,4.100692,-0.247856,0.099867
2112.500668,1516.000000,4.099770,0.345478,712.424180,4.099404,-0.344805,0.099982
2112.537810,1517.000000,4.103458,0.442432,712.439201,4.103797,-0.441633,0.084349
2112.499403,1518.000000,4.099683,0.539372,712.430208,4.099659,-0.538643,0.092371
2112.466652,1519.000000,4.096467,0.636311,712.423012,4.096159,-0.635638,0.098623
2112.435505,1520.000000,4.093409,0.733249,712.416324,4.092841,-0.732627,0.104374
2112.407024,1521.000000,4.090615,0.830186,712.410483,4.089823,-0.829608,0.109291
2112.386254,1522.000000,4.088583,0.927124,712.407091,4.087676,-0.926571,0.111796
2112.367451,1523.000000,4.086744,1.024063,712.404323,4.085752,-1.023529,0.113686
2112.336992,1524.000000,4.083755,1.120995,712.397849,4.082511,-1.120511,0.119227
2112.320772,1525.000000,4.082172,1.217933,712.395900,4.080878,-1.217462,0.120311
2112.342062,1526.000000,4.084294,1.314892,712.405870,4.083480,-1.314337,0.109654
2112.384793,1527.000000,4.088534,1.411868,712.422653,4.088503,-1.411172,0.092285
2112.428338,1528.000000,4.092855,1.508849,712.439695,4.093618,-1.508010,0.074661
2112.475895,1529.000000,4.097573,1.605838,712.458011,4.099186,-1.604846,0.055782
2112.515486,1530.000000,4.101503,1.702825,712.473795,4.103855,-1.701701,0.039398
2112.519285,1531.000000,4.101898,1.799789,712.478200,4.104482,-1.798625,0.034222
2112.478913,1532.000000,4.097929,1.896716,712.468564,4.100121,-1.895627,0.042878
2112.417447,1533.000000,4.091876,1.993621,712.452221,4.093378,-1.992663,0.058140
2112.349043,1534.000000,4.085138,2.090516,712.433673,4.085851,-2.089707,0.075575
2112.278135,1535.000000,4.078153,2.187403,712.414329,4.078043,-2.186749,0.093795
2112.234881,1536.000000,4.073900,2.284313,712.403773,4.073357,-2.283742,0.103357
2112.243058,1537.000000,4.074727,2.381276,712.409561,4.074478,-2.380654,0.096819
2112.270179,1538.000000,4.077425,2.478260,712.421369,4.077737,-2.477539,0.084351
2112.280558,1539.000000,4.078469,2.575229,712.427855,4.079107,-2.574451,0.077126
2112.268079,1540.000000,4.077256,2.672172,712.427074,4.077895,-2.671398,0.077059
2112.251855,1541.000000,4.075673,2.769111,712.425102,4.076261,-2.768349,0.078165
2112.245742,1542.000000,4.075088,2.866062,712.426342,4.075768,-2.865286,0.076107
2112.248623,1543.000000,4.075392,2.963025,712.430440,4.076291,-2.962213,0.071235
2112.262861,1544.000000,4.076818,3.060005,712.438146,4.078096,-3.059127,0.062808
2112.295016,1545.000000,4.080014,3.157012,712.451546,4.081924,-3.156021,0.048772
2112.340232,1546.000000,4.084500,3.254042,712.469096,4.087227,-3.252904,0.030647
2112.383563,1547.000000,4.088800,3.351074,712.486047,4.092317,-3.349794,0.013113
2112.411939,1548.000000,4.091623,3.448088,712.498243,4.095719,-3.446705,0.000263
2112.403775,1549.000000,4.090836,3.545047,712.498822,4.094994,-3.543656,-0.001144
2112.350445,1550.000000,4.085587,3.641933,712.485043,4.089169,-3.640651,0.011594
2112.283569,1551.000000,4.079000,3.738793,712.466956,4.081814,-3.737656,0.028575
2112.220400,1552.000000,4.072779,3.835654,712.450048,4.074878,-3.834652,0.044395
2112.179963,1553.000000,4.068805,3.932550,712.440364,4.070509,-3.931625,0.053099
2112.174040,1554.000000,4.068239,4.029506,712.441649,4.070037,-4.028567,0.050997
2112.193570,1555.000000,4.070188,4.126510,712.451023,4.072439,-4.125490,0.040927
2112.223272,1556.000000,4.073141,4.223535,712.463629,4.075990,-4.222409,0.027673
2112.250139,1557.000000,4.075815,4.320558,712.475333,4.079220,-4.319333,0.015308
2112.256116,1558.000000,4.076425,4.417543,712.480395,4.080092,-4.416273,0.009485
2112.230057,1559.000000,4.073870,4.514465,712.475273,4.077346,-4.513234,0.013695
2112.187191,1560.000000,4.069655,4.611351,712.464808,4.072702,-4.610203,0.023169
2112.149961,1561.000000,4.065997,4.708246,712.456132,4.068695,-4.707165,0.030879
2112.133463,1562.000000,4.064387,4.805184,712.454046,4.067029,-4.804117,0.032099
2112.129773,1563.000000,4.064042,4.902148,712.456029,4.066808,-4.901062,0.029310
2112.108792,1564.000000,4.061989,4.999075,712.452514,4.064636,-4.998014,0.031936
2112.057157,1565.000000,4.056909,5.095931,712.439256,4.059002,-5.094976,0.044161
2111.995779,1566.000000,4.050866,5.192762,712.422899,4.052269,-5.191936,0.059438
2111.954208,1567.000000,4.046780,5.289634,712.412838,4.047772,-5.288888,0.068515
2111.950264,1568.000000,4.046410,5.386594,712.414733,4.047522,-5.385829,0.065812
2111.980551,1569.000000,4.049421,5.483639,712.427507,4.051138,-5.482766,0.052393
2112.022118,1570.000000,4.053546,5.580715,712.443865,4.056027,-5.579705,0.035443
2112.057765,1571.000000,4.057086,5.677781,712.458341,4.060247,-5.676649,0.020347
2112.065387,1572.000000,4.057859,5.774778,712.463908,4.061304,-5.773598,0.014027
2112.028679,1573.000000,4.054253,5.871661,712.455382,4.057355,-5.870548,0.021590
2111.979141,1574.000000,4.049380,5.968508,712.442778,4.051958,-5.967494,0.033171
2111.944005,1575.000000,4.045929,6.065390,712.434751,4.048187,-6.064439,0.040243
2111.923430,1576.000000,4.043916,6.162310,712.431350,4.046060,-6.161383,0.042758
2111.918887,1577.000000,4.043487,6.259274,712.433044,4.045742,-6.258330,0.040254
2111.955867,1578.000000,4.047159,6.356356,712.447934,4.050113,-6.355287,0.024750
2112.023395,1579.000000,4.053849,6.453531,712.472533,4.057933,-6.452257,-0.000318
2112.059514,1580.000000,4.057437,6.550620,712.487148,4.062207,-6.549224,-0.015552
2112.023949,1581.000000,4.053943,6.647501,712.478975,4.058387,-6.646168,-0.008336
2111.936571,1582.000000,4.045332,6.744223,712.454332,4.048716,-6.743089,0.015105
2111.868144,1583.000000,4.038594,6.840997,712.435713,4.041186,-6.840012,0.032612
2111.938262,1584.000000,4.045539,6.938195,712.461128,4.049298,-6.936998,0.006740
2112.015911,1585.000000,4.053228,7.035423,712.488937,4.058261,-7.033996,-0.021492
2110.033566,1791.000000,3.861748,27.010586,712.475147,3.873675,-27.008602,-0.179612
2109.860660,1792.000000,3.844705,27.105586,712.423047,3.854351,-27.104025,-0.129107
2109.601570,1793.000000,3.819161,27.199525,712.343569,3.825309,-27.198612,-0.051622
2109.482423,1794.000000,3.807428,27.295149,712.308565,3.812055,-27.294519,-0.017962
2109.481082,1795.000000,3.807317,27.392203,712.310990,3.812088,-27.391550,-0.021183
2109.412094,1796.000000,3.800533,27.488428,712.291922,3.804492,-27.487928,-0.003226
2109.366565,1797.000000,3.796063,27.584937,712.280307,3.799542,-27.584529,0.007389
2109.343099,1798.000000,3.793769,27.681716,712.275699,3.797080,-27.681342,0.011098
2109.325995,1799.000000,3.792103,27.778572,712.273111,3.795336,-27.778216,0.012817
2109.307848,1800.000000,3.790334,27.875414,712.270190,3.793473,-27.875079,0.014863
2109.289453,1801.000000,3.788541,27.972253,712.267190,3.791583,-27.971940,0.016988
2109.262578,1802.000000,3.785912,28.068985,712.261494,3.788736,-28.068715,0.021770
2109.218203,1803.000000,3.781556,28.165496,712.250238,3.783917,-28.165314,0.032030
2109.160560,1804.000000,3.775892,28.261836,712.234766,3.777601,-28.261778,0.046444
2109.120633,1805.000000,3.771975,28.358397,712.224922,3.773283,-28.358416,0.055314
2109.120309,1806.000000,3.771964,28.455458,712.227655,3.773430,-28.455451,0.051790
2109.160850,1807.000000,3.775984,28.553040,712.243367,3.778185,-28.552902,0.035475
2109.193359,1808.000000,3.779212,28.650524,712.256528,3.782034,-28.650275,0.021676
2109.198672,1809.000000,3.779757,28.747663,712.261048,3.782817,-28.747374,0.016390
2109.185060,1810.000000,3.778436,28.844560,712.259555,3.781466,-28.844279,0.017030
2109.153973,1811.000000,3.775391,28.941230,712.252510,3.778144,-28.941005,0.023142
2109.117661,1812.000000,3.771831,29.037832,712.243804,3.774233,-29.037674,0.030890
2109.101025,1813.000000,3.770211,29.134687,712.241346,3.772541,-29.134546,0.032480
2109.116751,1814.000000,3.771784,29.231963,712.249168,3.774497,-29.231755,0.023942
2109.164790,1815.000000,3.776543,29.329665,712.267253,3.780097,-29.329305,0.005290
2109.235210,1816.000000,3.783511,29.427666,712.292447,3.788222,-29.427096,-0.020368
2109.280494,1817.000000,3.787999,29.525342,712.309657,3.793512,-29.524629,-0.038157
2109.239425,1818.000000,3.783969,29.621882,712.299430,3.789064,-29.621249,-0.028911
2109.160877,1819.000000,3.776243,29.717922,712.277295,3.780389,-29.717468,-0.007930
2109.086311,1820.000000,3.768910,29.814010,712.256426,3.772164,-29.813723,0.011804
2109.052507,1821.000000,3.765597,29.910636,712.248504,3.768536,-29.910410,0.018778
2109.050473,1822.000000,3.765418,30.007685,712.250674,3.768489,-30.007438,0.015810
2109.046118,1823.000000,3.765010,30.104704,712.252104,3.768181,-30.104442,0.013569
2109.040836,1824.000000,3.764510,30.201711,712.253239,3.767769,-30.201437,0.011620
2109.031704,1825.000000,3.763631,30.298666,712.253150,3.766922,-30.298390,0.010877
2109.000874,1826.000000,3.760612,30.395327,712.246167,3.763628,-30.395105,0.016927
2108.957312,1827.000000,3.756337,30.491814,712.235138,3.758899,-30.491678,0.026964
2108.921507,1828.000000,3.752827,30.588403,712.226572,3.755045,-30.588334,0.034574
2108.896570,1829.000000,3.750390,30.685139,712.221457,3.752416,-30.685108,0.038784
2108.869498,1830.000000,3.747741,30.781844,712.215663,3.749547,-30.781858,0.043663
2108.839391,1831.000000,3.744794,30.878506,712.208904,3.746335,-30.878572,0.049493
2108.810827,1832.000000,3.741998,30.975188,712.202633,3.743297,-30.975302,0.054841
2108.786315,1833.000000,3.739603,31.071924,712.197649,3.740716,-31.072076,0.058922
2108.772787,1834.000000,3.738290,31.168812,712.196151,3.739373,-31.168973,0.059567
2108.769227,1835.000000,3.737961,31.265838,712.197819,3.739154,-31.265982,0.057094
2108.775127,1836.000000,3.738564,31.362998,712.202489,3.740001,-31.363100,0.051661
2108.798813,1837.000000,3.740921,31.460409,712.212808,3.742854,-31.460423,0.040662
2108.831714,1838.000000,3.744187,31.557952,712.226052,3.746745,-31.557855,0.026779
2108.849054,1839.000000,3.745918,31.655280,712.234353,3.748882,-31.655111,0.017769
2108.843969,1840.000000,3.745438,31.752292,712.235530,3.748491,-31.752111,0.015779
2108.820945,1841.000000,3.743189,31.849049,712.231007,3.746077,-31.848902,0.019405
2108.778128,1842.000000,3.738989,31.945524,712.220196,3.741432,-31.945462,0.029229
2108.727016,1843.000000,3.733970,32.041877,712.206749,3.735852,-32.041922,0.041649
2108.696731,1844.000000,3.731005,32.138525,712.199916,3.732619,-32.138623,0.047552
2108.694305,1845.000000,3.730787,32.235572,712.201931,3.732528,-32.235650,0.044736
2108.691830,1846.000000,3.730565,32.332620,712.203928,3.732430,-32.332678,0.041937
2108.669856,1847.000000,3.728420,32.429385,712.199731,3.730135,-32.429475,0.045242
2108.651651,1848.000000,3.726646,32.526205,712.196730,3.728264,-32.526315,0.047369
2108.656273,1849.000000,3.727123,32.623356,712.200978,3.728967,-32.623428,0.042353
2108.680082,1850.000000,3.729493,32.720788,712.211318,3.731832,-32.720773,0.031333
2108.711810,1851.000000,3.732643,32.818340,712.224173,3.735591,-32.818216,0.017835
2108.724973,1852.000000,3.733963,32.915622,712.231130,3.737256,-32.915438,0.010148
2108.699369,1853.000000,3.731459,33.012336,712.225772,3.734551,-33.012192,0.014598
2108.669304,1854.000000,3.728516,33.108982,712.218996,3.731343,-33.108891,0.020446
2108.671111,1855.000000,3.728716,33.206099,712.222342,3.731728,-33.205977,0.016318
2108.690415,1856.000000,3.730641,33.303477,712.231244,3.734086,-33.303279,0.006715
2108.699528,1857.000000,3.731562,33.400705,712.236908,3.735294,-33.400458,0.000303
2108.685480,1858.000000,3.730198,33.497589,712.235214,3.733892,-33.497352,0.001142
2108.661394,1859.000000,3.727845,33.594323,712.230330,3.731357,-33.594123,0.005124
2108.644660,1860.000000,3.726216,33.691166,712.227780,3.729652,-33.690983,0.006807
2108.626944,1861.000000,3.724491,33.787993,712.224917,3.727836,-33.787830,0.008798
2108.593558,1862.000000,3.721221,33.884583,712.217076,3.724253,-33.884481,0.015695
2108.539039,1863.000000,3.715866,33.980850,712.202521,3.718288,-33.980864,0.029208
2108.528165,1864.000000,3.714816,34.077777,712.201827,3.717243,-34.077794,0.029062
2108.464387,1865.000000,3.708549,34.173898,712.184330,3.710234,-34.174055,0.045475
2108.411522,1866.000000,3.703359,34.270181,712.170297,3.704456,-34.270449,0.058473
2108.361294,1867.000000,3.698428,34.366500,712.157102,3.698975,-34.366874,0.070646
2108.330136,1868.000000,3.695378,34.463110,712.149961,3.695644,-34.463538,0.076853
2108.359005,1869.000000,3.698246,34.560643,712.161883,3.699078,-34.560971,0.064275
2108.451249,1870.000000,3.707362,34.659160,712.193930,3.709656,-34.659222,0.031863
2108.483856,1871.000000,3.710599,34.756760,712.207038,3.713512,-34.756712,0.018116
2108.485907,1872.000000,3.710823,34.853890,712.210439,3.713924,-34.853810,0.013934
2108.454554,1873.000000,3.707753,34.950499,712.203229,3.710570,-34.950475,0.020210
2108.482561,1874.000000,3.710537,35.048035,712.214871,3.713907,-35.047913,0.007906
2108.467757,1875.000000,3.709099,35.144903,712.212915,3.712419,-35.144794,0.009004
2108.471827,1876.000000,3.709522,35.242068,712.216952,3.713058,-35.241922,0.004196
2108.472081,1877.000000,3.709569,35.339173,712.219776,3.713267,-35.339001,0.000583
2108.466437,1878.000000,3.709034,35.436186,712.220725,3.712810,-35.436003,-0.001183
2108.455115,1879.000000,3.707939,35.533110,712.219870,3.711714,-35.532930,-0.001169
2108.438189,1880.000000,3.706292,35.629944,712.217233,3.709986,-35.629783,0.000599
2108.426271,1881.000000,3.705139,35.726858,712.216185,3.708823,-35.726702,0.000802
2108.432505,1882.000000,3.705776,35.824062,712.220902,3.709705,-35.823864,-0.004676
2108.468159,1883.000000,3.709313,35.921738,712.234962,3.713905,-35.921422,-0.019362
2108.453092,1884.000000,3.707849,36.018604,712.232910,3.712386,-36.018301,-0.018170
2108.474664,1885.000000,3.709998,36.116059,712.242495,3.714998,-36.115675,-0.028446
2108.420676,1886.000000,3.704697,36.212297,712.228078,3.709091,-36.212027,-0.015068
2108.342612,1887.000000,3.697022,36.308141,712.206013,3.700471,-36.308048,0.005847
2108.247026,1888.000000,3.687620,36.403694,712.178383,3.689876,-36.403825,0.032246
2108.198698,1889.000000,3.682877,36.500010,712.165762,3.684609,-36.500240,0.043855
2108.201702,1890.000000,3.683195,36.597160,712.169442,3.685127,-36.597358,0.039398
2108.251803,1891.000000,3.688156,36.695083,712.188078,3.690953,-36.695124,0.020203
2108.309553,1892.000000,3.693872,36.793136,712.209143,3.697642,-36.793002,-0.001386
2108.294623,1893.000000,3.692422,36.890000,712.207123,3.696139,-36.889879,-0.000225
2108.214890,1894.000000,3.684583,36.985793,712.184520,3.687331,-36.985854,0.021220
2108.146092,1895.000000,3.677822,37.081762,712.165390,3.679756,-37.081976,0.039243
2108.112040,1896.000000,3.674487,37.178301,712.157294,3.676097,-37.178579,0.046392
2108.118316,1897.000000,3.675128,37.275510,712.162004,3.676983,-37.275745,0.040921
2108.150150,1898.000000,3.678288,37.373146,712.174829,3.680750,-37.373273,0.027453
2108.163946,1899.000000,3.679670,37.470484,712.181924,3.682484,-37.470550,0.019630
2108.133695,1900.000000,3.676710,37.567086,712.175030,3.679254,-37.567205,0.025596
2108.087930,1901.000000,3.672220,37.663426,712.163207,3.674274,-37.663638,0.036417
2108.088996,1902.000000,3.672347,37.760551,712.166255,3.674573,-37.760736,0.032584
2108.135303,1903.000000,3.676934,37.858442,712.183671,3.679971,-37.858480,0.014591
2108.203113,1904.000000,3.683641,37.956701,712.207915,3.687793,-37.956539,-0.010131
2108.264981,1905.000000,3.689763,38.054867,712.230272,3.694946,-38.054518,-0.032994
2108.280663,1906.000000,3.691331,38.152253,712.237959,3.696892,-38.151838,-0.041398
2108.215948,1907.000000,3.684973,38.248269,712.220107,3.689776,-38.247997,-0.024635
2108.113219,1908.000000,3.674867,38.343630,712.190181,3.678376,-38.343599,0.004028
2108.064020,1909.000000,3.670039,38.439901,712.177257,3.673009,-38.439973,0.015935
2108.067912,1910.000000,3.670445,38.537082,712.181193,3.673626,-38.537118,0.011227
2108.085022,1911.000000,3.672153,38.634492,712.189325,3.675733,-38.634458,0.002383
2108.093449,1912.000000,3.673006,38.731754,712.194699,3.676861,-38.731673,-0.003742
2108.086402,1913.000000,3.672334,38.828749,712.195156,3.676245,-38.828662,-0.005022
2108.074970,1914.000000,3.671229,38.925669,712.194220,3.675135,-38.925586,-0.004929
2108.075251,1915.000000,3.671278,39.022793,712.197003,3.675345,-39.022684,-0.008500
2108.087441,1916.000000,3.672502,39.120125,712.203566,3.676897,-39.119959,-0.015798
2108.100269,1917.000000,3.673789,39.217471,712.210331,3.678521,-39.217246,-0.023294
2108.098986,1918.000000,3.673685,39.314571,712.212613,3.678555,-39.314324,-0.026372
2108.074363,1919.000000,3.671279,39.411262,712.207481,3.675957,-39.411053,-0.022143
2108.039403,1920.000000,3.667855,39.507769,712.199064,3.672195,-39.507626,-0.014678
2108.015576,1921.000000,3.665528,39.604470,712.194181,3.669687,-39.604365,-0.010695
2108.008062,1922.000000,3.664810,39.701460,712.194479,3.669018,-39.701348,-0.011818
2107.998864,1923.000000,3.663925,39.798419,712.194240,3.668159,-39.798307,-0.012412
2107.962531,1924.000000,3.660365,39.894896,712.185382,3.664242,-39.894853,-0.004511
2107.908824,1925.000000,3.655093,39.991061,712.171006,3.658367,-39.991132,0.008828
2107.881099,1926.000000,3.652382,40.087687,712.164879,3.655420,-40.087805,0.014037
2107.869612,1927.000000,3.651272,40.184602,712.163909,3.654303,-40.184725,0.014164
2107.861447,1928.000000,3.650490,40.281577,712.163992,3.653560,-40.281696,0.013254
2107.863073,1929.000000,3.650672,40.378728,712.167183,3.653921,-40.378818,0.009280
2107.881248,1930.000000,3.652486,40.476180,712.175628,3.656147,-40.476197,0.000127
2107.904303,1931.000000,3.654781,40.573722,712.185622,3.658923,-40.573654,-0.010551
2107.919244,1932.000000,3.656276,40.671120,712.193038,3.660784,-40.670988,-0.018689
2107.913960,1933.000000,3.655777,40.768152,712.194030,3.660366,-40.768009,-0.020495
2107.887874,1934.000000,3.653228,40.864806,712.188413,3.657603,-40.864705,-0.015789
2107.856576,1935.000000,3.650165,40.961362,712.181140,3.654253,-40.961318,-0.009450
2107.834992,1936.000000,3.648059,41.058095,712.176951,3.651997,-41.058082,-0.006150
2107.794298,1937.000000,3.644070,41.154476,712.166691,3.647588,-41.154544,0.003132
2107.714630,1938.000000,3.636240,41.250138,712.144054,3.638787,-41.250387,0.024613
2107.594253,1939.000000,3.624398,41.345042,712.108491,3.625400,-41.345579,0.058834
2107.545582,1940.000000,3.619624,41.441263,712.095696,3.620092,-41.441902,0.070614
2107.553504,1941.000000,3.620427,41.538529,712.100870,3.621162,-41.539122,0.064686
2107.568281,1942.000000,3.621905,41.635924,712.108219,3.623004,-41.636454,0.056615
2107.647073,1943.000000,3.629693,41.734513,712.135895,3.632059,-41.734813,0.028510
2107.697160,1944.000000,3.634652,41.832574,712.154455,3.637880,-41.832719,0.009390
2107.706647,1945.000000,3.635609,41.929881,712.160122,3.639125,-41.929977,0.002976
2107.675122,1946.000000,3.632524,42.026421,712.152763,3.635749,-42.026573,0.009400
2107.633239,1947.000000,3.628418,42.122765,712.142113,3.631206,-42.123001,0.019067
2107.625878,1948.000000,3.627715,42.219755,712.142425,3.630553,-42.219986,0.017931
2107.652043,1949.000000,3.630316,42.317379,712.153382,3.633678,-42.317517,0.006303
2107.671295,1950.000000,3.632236,42.414876,712.162143,3.636024,-42.414938,-0.003160
2107.652615,1951.000000,3.630417,42.511655,712.158857,3.634095,-42.511741,-0.000750
2107.620956,1952.000000,3.627319,42.608188,712.151448,3.630704,-42.608331,0.005724
2107.622811,1953.000000,3.627524,42.705356,712.154680,3.631089,-42.705470,0.001710
2107.636009,1954.000000,3.628847,42.802743,712.161513,3.632753,-42.802797,-0.005853
2107.643216,1955.000000,3.629580,42.900017,712.166442,3.633741,-42.900028,-0.011540
2107.656158,1956.000000,3.630878,42.997402,712.173192,3.635376,-42.997355,-0.019020
2107.675385,1957.000000,3.632796,43.094910,712.181936,3.637719,-43.094788,-0.028467
2107.685554,1958.000000,3.633821,43.192247,712.187802,3.639041,-43.192073,-0.035077
2107.680248,1959.000000,3.633320,43.289286,712.188753,3.638619,-43.289101,-0.036842
2107.660896,1960.000000,3.631435,43.386054,712.185241,3.636614,-43.385894,-0.034210
2107.636815,1961.000000,3.629084,43.482729,712.180226,3.634076,-43.482608,-0.030096
2107.615614,1962.000000,3.627017,43.579459,712.176124,3.631862,-43.579368,-0.026882
2107.591424,1963.000000,3.624655,43.676130,712.171072,3.629312,-43.676077,-0.022731
2107.551684,1964.000000,3.620760,43.772496,712.161080,3.625010,-43.772522,-0.013712
2107.503342,1965.000000,3.616018,43.868691,712.148356,3.619738,-43.868818,-0.002000
2107.475890,1966.000000,3.613335,43.965293,712.142264,3.616820,-43.965466,0.003176
2107.525511,1967.000000,3.618248,44.063408,712.160647,3.622587,-44.063427,-0.015770
2107.500927,1968.000000,3.615848,44.160067,712.155463,3.619992,-44.160125,-0.011490
2107.497142,1969.000000,3.615497,44.257135,712.156883,3.619741,-44.257178,-0.013718
2107.514059,1970.000000,3.617187,44.354613,712.164876,3.621823,-44.354588,-0.022424
2107.511858,1971.000000,3.616992,44.451714,712.166797,3.621750,-44.451670,-0.025145
2107.462886,1972.000000,3.612188,44.547887,712.153863,3.616407,-44.547945,-0.013226
2107.400634,1973.000000,3.606076,44.643792,712.136712,3.609568,-44.643987,0.002850
2107.363221,1974.000000,3.602411,44.740188,712.127447,3.605527,-44.740456,0.011153
2107.365334,1975.000000,3.602642,44.837372,712.130732,3.605941,-44.837610,0.007087
2107.390814,1976.000000,3.605175,44.935026,712.141436,3.608987,-44.935173,-0.004291
2107.399138,1977.000000,3.606018,45.032338,712.146691,3.610100,-45.032440,-0.010299
2107.382141,1978.000000,3.604366,45.129143,712.143904,3.608359,-45.129263,-0.008380
2107.347512,1979.000000,3.600975,45.225590,712.135516,3.604632,-45.225777,-0.000941
2107.297299,1980.000000,3.596049,45.321721,712.122179,3.599150,-45.322013,0.011376
2107.251539,1981.000000,3.591563,45.417939,712.110255,3.594169,-45.418325,0.022300
2107.241201,1982.000000,3.590566,45.514872,712.109577,3.593179,-45.515261,0.022140
2107.264175,1983.000000,3.592853,45.612484,712.119475,3.595942,-45.612788,0.011556
2107.289762,1984.000000,3.595397,45.710152,712.130203,3.598999,-45.710365,0.000155
2107.294235,1985.000000,3.595860,45.807391,712.134224,3.599678,-45.807568,-0.004637
2107.279811,1986.000000,3.594461,45.904245,712.132243,3.598227,-45.904435,-0.003513
2107.264678,1987.000000,3.592993,46.001083,712.130036,3.596697,-46.001288,-0.002165
2107.248675,1988.000000,3.591438,46.097904,712.127552,3.595068,-46.098126,-0.000545
2107.216995,1989.000000,3.588339,46.194401,712.120088,3.591673,-46.194681,0.005984
2107.162092,1990.000000,3.582951,46.290416,712.105249,3.585662,-46.290815,0.019781
2107.101328,1991.000000,3.576986,46.386307,712.088549,3.578990,-46.386838,0.035413
2107.060589,1992.000000,3.572995,46.482608,712.078206,3.574575,-46.483221,0.044779
2107.068218,1993.000000,3.573769,46.579912,712.083218,3.575608,-46.580481,0.039011
2107.126242,1994.000000,3.579509,46.678267,712.104230,3.582319,-46.678660,0.017474
2107.150241,1995.000000,3.581897,46.775917,712.114438,3.585197,-46.776224,0.006585
2107.075130,1996.000000,3.574518,46.871498,712.093175,3.576909,-46.871976,0.026713
2106.954327,1997.000000,3.562638,46.966117,712.057406,3.563474,-46.966884,0.061140
2106.909367,1998.000000,3.558231,47.062318,712.045716,3.558584,-47.063178,0.071834
2105.055963,2204.000000,3.380505,67.037328,711.961540,3.384587,-67.038208,-0.015357
2105.102235,2205.000000,3.385085,67.135959,711.978537,3.389959,-67.136696,-0.032938
2105.133461,2206.000000,3.388184,67.234144,711.990758,3.393638,-67.234778,-0.045810
2105.106069,2207.000000,3.385511,67.330572,711.984372,3.390717,-67.331255,-0.040339
2105.081163,2208.000000,3.383083,67.427074,711.978775,3.388077,-67.427799,-0.035645
2105.081940,2209.000000,3.383183,67.524347,711.981327,3.388327,-67.525049,-0.038986
2105.104514,2210.000000,3.385430,67.622279,711.990797,3.391031,-67.622900,-0.049145
2105.125416,2211.000000,3.387512,67.720164,711.999734,3.393548,-67.720708,-0.058781
2105.117374,2212.000000,3.386745,67.817175,711.999484,3.392805,-67.817718,-0.059358
2105.086740,2213.000000,3.383753,67.913502,711.992061,3.389519,-67.914103,-0.052865
2105.058205,2214.000000,3.380968,68.009892,711.985303,3.386469,-68.010544,-0.047027
2105.037413,2215.000000,3.378945,68.106515,711.981002,3.384291,-68.107199,-0.043611
2105.009744,2216.000000,3.376245,68.202927,711.974517,3.381339,-68.203662,-0.038041
2104.971221,2217.000000,3.372476,68.299008,711.964586,3.377165,-68.299820,-0.029075
2104.931378,2218.000000,3.368578,68.395046,711.954235,3.372842,-68.395940,-0.019694
2104.892963,2219.000000,3.364820,68.491125,711.944336,3.368681,-68.492097,-0.010759
2104.848470,2220.000000,3.360465,68.587016,711.932507,3.363835,-68.588081,0.000078
2104.813712,2221.000000,3.357067,68.683201,711.923766,3.360085,-68.684335,0.007871
2104.815305,2222.000000,3.357248,68.780500,711.926560,3.360426,-68.781608,0.004292
2104.875998,2223.000000,3.363247,68.879615,711.948109,3.367420,-68.880543,-0.017775
2104.941459,2224.000000,3.369716,68.978883,711.971170,3.374951,-68.979619,-0.041335
2104.950144,2225.000000,3.370595,69.076409,711.976211,3.376091,-69.077100,-0.047129
2104.936791,2226.000000,3.369305,69.173256,711.974257,3.374750,-69.173960,-0.046026
2104.917918,2227.000000,3.367471,69.269932,711.970549,3.372788,-69.270663,-0.043194
2104.892131,2228.000000,3.364957,69.366394,711.964645,3.370047,-69.367170,-0.038198
2104.866787,2229.000000,3.362486,69.462868,711.958881,3.367356,-69.463688,-0.033340
2104.877911,2230.000000,3.363606,69.560473,711.964690,3.368770,-69.561242,-0.039890
2104.919989,2231.000000,3.367772,69.659040,711.980322,3.373669,-69.659678,-0.056125
2104.949464,2232.000000,3.370699,69.757220,711.991952,3.377149,-69.757760,-0.068415
2104.941633,2233.000000,3.369952,69.854241,711.991741,3.376429,-69.854779,-0.069031
2104.890386,2234.000000,3.364931,69.949908,711.977749,3.370822,-69.950558,-0.056060
2104.806537,2235.000000,3.356701,70.044553,711.953409,3.361544,-70.045399,-0.032888
2104.715715,2236.000000,3.347784,70.138974,711.926856,3.351483,-70.140034,-0.007534
2104.659161,2237.000000,3.342242,70.234461,711.911178,3.345279,-70.235646,0.007098
2104.673506,2238.000000,3.343678,70.332168,711.917998,3.347055,-70.333294,-0.000448
2104.747840,2239.000000,3.351020,70.431761,711.943853,3.355583,-70.432672,-0.026763
2104.829358,2240.000000,3.359069,70.531588,711.971989,3.364921,-70.532265,-0.055325
2104.875417,2241.000000,3.363628,70.630305,711.988872,3.370267,-70.630841,-0.072793
2104.859879,2242.000000,3.362123,70.727085,711.986203,3.368680,-70.727639,-0.070986
2104.784202,2243.000000,3.354697,70.821964,711.964445,3.360322,-70.822693,-0.050359
2104.698444,2244.000000,3.346279,70.916520,711.939488,3.350830,-70.917450,-0.026578
2104.658552,2245.000000,3.342377,71.012521,711.929087,3.346501,-71.013533,-0.017147
2104.664961,2246.000000,3.343032,71.109988,711.933378,3.347383,-71.110961,-0.022201
2104.668008,2247.000000,3.343356,71.207350,711.936600,3.347887,-71.208293,-0.026202
2104.657352,2248.000000,3.342332,71.304276,711.935473,3.346849,-71.305226,-0.025914
2104.641491,2249.000000,3.340795,71.401038,711.932692,3.345224,-71.402007,-0.023996
2104.639975,2250.000000,3.340670,71.498256,711.934463,3.345214,-71.499207,-0.026565
2104.656819,2251.000000,3.342353,71.596061,711.942059,3.347271,-71.596947,-0.034878
2104.672007,2252.000000,3.343872,71.693815,711.949128,3.349142,-71.694640,-0.042671
2104.666302,2253.000000,3.343335,71.790903,711.949565,3.348660,-71.791721,-0.043925
2104.633938,2254.000000,3.340174,71.887136,711.941541,3.345178,-71.888017,-0.036838
2104.596024,2255.000000,3.336466,71.983189,711.931754,3.341071,-71.984147,-0.028012
2104.538379,2256.000000,3.330816,72.078606,711.915705,3.334743,-72.079692,-0.013013
2104.542473,2257.000000,3.331244,72.176006,711.919246,3.335365,-72.177059,-0.017328
2104.495876,2258.000000,3.326682,72.271773,711.906701,3.330281,-72.272926,-0.005783
2104.501357,2259.000000,3.327246,72.369217,711.910679,3.331058,-72.370335,-0.010529
2104.530806,2260.000000,3.330169,72.467438,711.922263,3.334533,-72.468457,-0.022773
2104.529050,2261.000000,3.330021,72.564652,711.923943,3.334495,-72.565654,-0.025252
2104.489638,2262.000000,3.326166,72.660647,711.913672,3.330220,-72.661730,-0.015949
2104.452255,2263.000000,3.322511,72.756705,711.904044,3.326172,-72.757863,-0.007280
2104.428782,2264.000000,3.320225,72.853212,711.898828,3.323691,-72.854410,-0.002962
2104.422430,2265.000000,3.319624,72.950275,711.899044,3.323136,-72.951468,-0.003998
2104.457758,2266.000000,3.323126,73.048697,711.912485,3.327272,-73.049776,-0.018073
2104.522260,2267.000000,3.329499,73.148074,711.935183,3.334692,-73.148964,-0.041274
2104.512065,2268.000000,3.328520,73.245017,711.934176,3.333704,-73.245913,-0.041104
2104.550558,2269.000000,3.332334,73.343553,711.948618,3.338197,-73.344327,-0.056167
2104.573210,2270.000000,3.334589,73.441575,711.958032,3.340906,-73.442268,-0.066272
2104.559628,2271.000000,3.333276,73.538410,711.955946,3.339537,-73.539118,-0.065038
2104.479044,2272.000000,3.325368,73.633046,711.932595,3.330627,-73.633941,-0.042839
2104.427298,2273.000000,3.320300,73.728623,711.918396,3.324962,-73.729632,-0.029663
2104.359041,2274.000000,3.313606,73.823654,711.898956,3.317440,-73.824818,-0.011320
2104.310124,2275.000000,3.308816,73.919317,711.885653,3.312094,-73.920587,0.000972
2104.266635,2276.000000,3.304561,74.015156,711.874071,3.307360,-74.016517,0.011568
2104.269118,2277.000000,3.304830,74.112511,711.877075,3.307798,-74.113845,0.007783
2104.355647,2278.000000,3.313370,74.212648,711.906745,3.317696,-74.213736,-0.022293
2104.435546,2279.000000,3.321259,74.312575,711.934313,3.326848,-74.313433,-0.050296
2104.439992,2280.000000,3.321722,74.410005,711.937936,3.327507,-74.410831,-0.054691
2104.419116,2281.000000,3.319691,74.506595,711.933522,3.325317,-74.507454,-0.051162
2104.430321,2282.000000,3.320819,74.604252,711.939287,3.326737,-74.605060,-0.057669
2104.478616,2283.000000,3.325598,74.703146,711.956822,3.332333,-74.703808,-0.075781
2104.460540,2284.000000,3.323843,74.799832,711.953293,3.330457,-74.800519,-0.073124
2104.460182,2285.000000,3.323833,74.897108,711.955385,3.330576,-74.897775,-0.076009
2104.441030,2286.000000,3.321972,74.993756,711.951511,3.328579,-74.994452,-0.073013
2104.366939,2287.000000,3.314704,75.088565,711.930201,3.320399,-75.089431,-0.052826
2104.315728,2288.000000,3.309688,75.184134,711.916152,3.314794,-75.185113,-0.039798
2104.286403,2289.000000,3.306826,75.280435,711.909047,3.311653,-75.281468,-0.033615
2104.257117,2290.000000,3.303969,75.376736,711.901953,3.308516,-75.377824,-0.027444
2104.219329,2291.000000,3.300274,75.472749,711.892160,3.304422,-75.473913,-0.018611
2104.188052,2292.000000,3.297221,75.568978,711.884431,3.301060,-75.570203,-0.011815
2104.176859,2293.000000,3.296144,75.665884,711.883075,3.299959,-75.667117,-0.011300
2104.180819,2294.000000,3.296558,75.763301,711.886524,3.300564,-75.764503,-0.015524
2104.195176,2295.000000,3.297996,75.861072,711.893272,3.302338,-75.862214,-0.023000
2104.221508,2296.000000,3.300612,75.959249,711.903818,3.305460,-75.960303,-0.034221
2104.242371,2297.000000,3.302691,76.057245,711.912628,3.307966,-76.058223,-0.043729
2104.231326,2298.000000,3.301628,76.154160,711.911311,3.306881,-76.155145,-0.043254
2104.200044,2299.000000,3.298574,76.250386,711.903572,3.303519,-76.251432,-0.036446
2104.176211,2300.000000,3.296253,76.346864,711.898195,3.300995,-76.347951,-0.031968
2104.164626,2301.000000,3.295138,76.443759,711.896703,3.299850,-76.444854,-0.031320
2104.154948,2302.000000,3.294210,76.540718,711.895816,3.298919,-76.541818,-0.031267
2104.139320,2303.000000,3.292697,76.637475,711.893038,3.297318,-76.638593,-0.029352
2104.125625,2304.000000,3.291374,76.734296,711.890873,3.295935,-76.735429,-0.028040
2104.126766,2305.000000,3.291511,76.831626,711.893414,3.296221,-76.832735,-0.031368
2104.140641,2306.000000,3.292901,76.929393,711.899994,3.297941,-76.930445,-0.038678
2104.148531,2307.000000,3.293703,77.026957,711.904674,3.298987,-77.027968,-0.044115
2104.135379,2308.000000,3.292433,77.123799,711.902676,3.297664,-77.124823,-0.042968
2104.111965,2309.000000,3.290154,77.220287,711.897420,3.295187,-77.221350,-0.038608
2104.094686,2310.000000,3.288478,77.316986,711.894110,3.293400,-77.318073,-0.036167
2104.094315,2311.000000,3.288466,77.414267,711.896163,3.293516,-77.415334,-0.039014
2104.111376,2312.000000,3.290170,77.512152,711.903747,3.295594,-77.513154,-0.047314
2104.140807,2313.000000,3.293092,77.610467,711.915254,3.299064,-77.611371,-0.059482
2104.157651,2314.000000,3.294775,77.708350,711.922766,3.301117,-77.709189,-0.067712
2104.130844,2315.000000,3.292161,77.804720,711.916426,3.298258,-77.805608,-0.062283
2104.066501,2316.000000,3.285853,77.899785,711.898173,3.291174,-77.900819,-0.045109
2103.999731,2317.000000,3.279307,77.994761,711.879150,3.283817,-77.995948,-0.027175
2103.987108,2318.000000,3.278090,78.091617,711.877307,3.282554,-78.092816,-0.026180
2104.023795,2319.000000,3.281725,78.190193,711.891108,3.286840,-78.191275,-0.040610
2104.043376,2320.000000,3.283677,78.288175,711.899480,3.289201,-78.289185,-0.049687
2104.013512,2321.000000,3.280763,78.384431,711.892162,3.285997,-78.385499,-0.043295
2103.963733,2322.000000,3.275889,78.479989,711.878524,3.280552,-78.481165,-0.030670
2103.933465,2323.000000,3.272936,78.576227,711.871076,3.277304,-78.577461,-0.024149
2103.941690,2324.000000,3.273770,78.673814,711.875839,3.278386,-78.675005,-0.029668
2103.965245,2325.000000,3.276113,78.771941,711.885465,3.281194,-78.773050,-0.039981
2103.944530,2326.000000,3.274099,78.868514,711.881044,3.279019,-78.869656,-0.036444
2103.891787,2327.000000,3.268934,78.963958,711.866459,3.273241,-78.965216,-0.022886
2103.854950,2328.000000,3.265334,79.059959,711.856920,3.269253,-79.061292,-0.014303
2103.837751,2329.000000,3.263666,79.156651,711.853611,3.267474,-79.158007,-0.011862
2103.839168,2330.000000,3.263831,79.254000,711.856206,3.267791,-79.255332,-0.015244
2103.871746,2331.000000,3.267062,79.352452,711.868687,3.271613,-79.353679,-0.028372
2103.925458,2332.000000,3.272372,79.451657,711.887872,3.277814,-79.452724,-0.048111
2103.957887,2333.000000,3.275589,79.550113,711.900304,3.281620,-79.551074,-0.061190
2103.970966,2334.000000,3.276901,79.647885,711.906595,3.283248,-79.648791,-0.068215
2103.979530,2335.000000,3.277769,79.745498,711.911452,3.284368,-79.746362,-0.073827
2103.972705,2336.000000,3.277122,79.842565,711.911424,3.283757,-79.843426,-0.074622
2103.928418,2337.000000,3.272789,79.938297,711.899508,3.278929,-79.939252,-0.063695
2103.866060,2338.000000,3.266677,80.033381,711.881858,3.272068,-80.034478,-0.047114
2103.808963,2339.000000,3.261083,80.128649,711.865876,3.265799,-80.129873,-0.032178
2103.769839,2340.000000,3.257259,80.224556,711.855596,3.261553,-80.225861,-0.022864
2103.776181,2341.000000,3.257908,80.322088,711.859739,3.262423,-80.323356,-0.027771
2103.840572,2342.000000,3.264269,80.421703,711.882299,3.269825,-80.422783,-0.050837
2103.913685,2343.000000,3.271489,80.521638,711.907627,3.278208,-80.522507,-0.076633
2103.952444,2344.000000,3.275329,80.620345,711.922053,3.282726,-80.621093,-0.091679
2103.954164,2345.000000,3.275524,80.717724,711.924725,3.283076,-80.718446,-0.095136
2103.938212,2346.000000,3.273979,80.814466,711.921788,3.281436,-80.815210,-0.093063
2103.907490,2347.000000,3.270980,80.910675,711.914163,3.278135,-80.911478,-0.086366
2103.856883,2348.000000,3.266025,81.006164,711.900228,3.272596,-81.007078,-0.073448
2103.798349,2349.000000,3.260290,81.101363,711.883776,3.266164,-81.102408,-0.058048
2103.751083,2350.000000,3.255664,81.196965,711.870899,3.261002,-81.198113,-0.046173
2103.726191,2351.000000,3.253239,81.293376,711.865119,3.258356,-81.294567,-0.041297
2103.719067,2352.000000,3.252564,81.390430,711.864976,3.257710,-81.391619,-0.041977
2103.737641,2353.000000,3.254416,81.488417,711.872985,3.259956,-81.489538,-0.050696
2103.763701,2354.000000,3.257006,81.586680,711.883367,3.263044,-81.587712,-0.061755
2103.759792,2355.000000,3.256647,81.683854,711.884240,3.262759,-81.684876,-0.063437
2103.717096,2356.000000,3.252470,81.779614,711.872805,3.258110,-81.780726,-0.052984
2103.658640,2357.000000,3.246743,81.874796,711.856369,3.251688,-81.876040,-0.037600
2103.627781,2358.000000,3.243732,81.970983,711.848687,3.248371,-81.972286,-0.030847
2103.637562,2359.000000,3.244720,82.068655,711.853898,3.249627,-82.069912,-0.036807
2103.654950,2360.000000,3.246456,82.166607,711.861521,3.251738,-82.167798,-0.045145
2103.636107,2361.000000,3.244627,82.263232,711.857647,3.249773,-82.264452,-0.042148
2103.574884,2362.000000,3.238628,82.358301,711.840327,3.243040,-82.359659,-0.025892
2103.518928,2363.000000,3.233147,82.453558,711.824678,3.236899,-82.455042,-0.011283
2103.508554,2364.000000,3.232152,82.550490,711.823488,3.235887,-82.551980,-0.010931
2103.521567,2365.000000,3.233457,82.648283,711.829715,3.237505,-82.649719,-0.017893
2103.524339,2366.000000,3.233755,82.745700,711.832693,3.237972,-82.747108,-0.021651
2103.500316,2367.000000,3.231417,82.842129,711.827169,3.235424,-82.843579,-0.017025
2103.512510,2368.000000,3.232642,82.939895,711.833133,3.236951,-82.941293,-0.023728
2103.471270,2369.000000,3.228610,83.035686,711.822144,3.232465,-83.037170,-0.013714
2103.475874,2370.000000,3.229088,83.133172,711.825697,3.233138,-83.134625,-0.018040
2103.450623,2371.000000,3.226629,83.229553,711.819779,3.230452,-83.231050,-0.013025
2103.486350,2372.000000,3.230169,83.328197,711.833203,3.234626,-83.329581,-0.027083
2103.492269,2373.000000,3.230777,83.425736,711.837169,3.235446,-83.427085,-0.031816
2103.478784,2374.000000,3.229475,83.522554,711.834979,3.234083,-83.523917,-0.030478
2103.456343,2375.000000,3.227292,83.619038,711.829946,3.231713,-83.620439,-0.026337
2103.442434,2376.000000,3.225949,83.715839,711.827619,3.230302,-83.717256,-0.024863
2103.456774,2377.000000,3.227385,83.813696,711.834251,3.232070,-83.815055,-0.032225
2103.493620,2378.000000,3.231036,83.912396,711.848023,3.236369,-83.913640,-0.046626
2103.514880,2379.000000,3.233153,84.010517,711.856849,3.238915,-84.011685,-0.056150
2103.508060,2380.000000,3.232507,84.107587,711.856765,3.238302,-84.108753,-0.056889
2103.483016,2381.000000,3.230069,84.203974,711.850898,3.235638,-84.205184,-0.051926
2103.448742,2382.000000,3.226722,84.300012,711.842102,3.231936,-84.301291,-0.044074
2103.475624,2383.000000,3.229392,84.398349,711.852706,3.235115,-84.399538,-0.055351
2103.441502,2384.000000,3.226060,84.494391,711.843955,3.231429,-84.495649,-0.047544
2103.397417,2385.000000,3.221748,84.590056,711.832043,3.226623,-84.591407,-0.036619
2103.346366,2386.000000,3.216750,84.685454,711.817920,3.221033,-84.686918,-0.023514
2103.300677,2387.000000,3.212281,84.781052,711.805496,3.216047,-84.782614,-0.012086
2103.275645,2388.000000,3.209843,84.877428,711.799625,3.213385,-84.879035,-0.007117
2103.277898,2389.000000,3.210090,84.974836,711.802407,3.213792,-84.976417,-0.010682
2103.297525,2390.000000,3.212047,85.072905,711.810700,3.216153,-85.074415,-0.019680
2103.308130,2391.000000,3.213115,85.170633,711.816129,3.217500,-85.172095,-0.025855
2103.297498,2392.000000,3.212095,85.267556,711.814820,3.216457,-85.269026,-0.025386
2103.297066,2393.000000,3.212078,85.364867,711.816745,3.216562,-85.366317,-0.028105
2103.316390,2394.000000,3.214004,85.462931,711.824937,3.218889,-85.464311,-0.037004
2103.329464,2395.000000,3.215316,85.560760,711.831144,3.220513,-85.562086,-0.043946
2103.302154,2396.000000,3.212654,85.657048,711.824539,3.217594,-85.658425,-0.038254
2103.235502,2397.000000,3.206122,85.751830,711.805453,3.210249,-85.753360,-0.020255
2103.181025,2398.000000,3.200788,85.847074,711.790228,3.204273,-85.848725,-0.006064
2103.179742,2399.000000,3.200688,85.944352,711.791875,3.204282,-85.945987,-0.008509
2103.228768,2400.000000,3.205536,86.043560,711.809480,3.209950,-86.045048,-0.026690
2103.288311,2401.000000,3.211420,86.143178,711.830420,3.216802,-86.144490,-0.048159
2103.316999,2402.000000,3.214268,86.241615,711.841572,3.220182,-86.242833,-0.059977
2103.294102,2403.000000,3.212040,86.338070,711.836357,3.217759,-86.339327,-0.055656
2103.225144,2404.000000,3.205281,86.432748,711.816530,3.210154,-86.434165,-0.036926
2103.126788,2405.000000,3.195631,86.526288,711.787377,3.199242,-86.527940,-0.009000
2103.055310,2406.000000,3.188625,86.620858,711.766750,3.191354,-86.622676,0.010518
2103.055131,2407.000000,3.188633,86.718179,711.768737,3.191487,-86.719978,0.007738
2103.096440,2408.000000,3.192722,86.817107,711.783882,3.196286,-86.818778,-0.008017
2103.139287,2409.000000,3.196962,86.916099,711.799514,3.201259,-86.917639,-0.024253
2103.142097,2410.000000,3.197264,87.013542,711.802446,3.201727,-87.015054,-0.027964
2103.117875,2411.000000,3.194907,87.109936,711.796801,3.199155,-87.111492,-0.023219
2103.097835,2412.000000,3.192961,87.206492,711.792481,3.197053,-87.208080,-0.019780
2103.080190,2413.000000,3.191251,87.303140,711.788920,3.195220,-87.304754,-0.017090
2103.060381,2414.000000,3.189327,87.399703,711.784672,3.193144,-87.401348,-0.013721
2103.039105,2415.000000,3.187260,87.496208,711.779956,3.190903,-87.497888,-0.009892
2103.018831,2416.000000,3.185291,87.592751,711.775558,3.188774,-87.594464,-0.006376
2103.005151,2417.000000,3.183971,87.689550,711.773249,3.187388,-87.691279,-0.004920
2103.003172,2418.000000,3.183802,87.786808,711.774651,3.187317,-87.788522,-0.007123
2102.997135,2419.000000,3.183233,87.883907,711.774764,3.186790,-87.885617,-0.008055
2102.973932,2420.000000,3.180976,87.980333,711.769431,3.184332,-87.982083,-0.003617
2102.933838,2421.000000,3.177058,88.076094,711.758739,3.179974,-88.077929,0.006105
2102.892063,2422.000000,3.172975,88.171787,711.747514,3.175427,-88.173710,0.016353
2102.863862,2423.000000,3.170226,88.268011,711.740592,3.172407,-88.269988,0.022358
2102.858634,2424.000000,3.169738,88.365139,711.740955,3.171970,-88.367109,0.021179
2102.887662,2425.000000,3.172618,88.463617,711.752181,3.175387,-88.465493,0.009289
2102.957805,2426.000000,3.179543,88.563723,711.776447,3.183428,-88.565396,-0.015461
2103.043320,2427.000000,3.187981,88.664443,711.805590,3.193199,-88.665874,-0.045019
2103.076537,2428.000000,3.191275,88.763102,711.818143,3.197088,-88.764427,-0.058218
2103.027428,2429.000000,3.186469,88.858503,711.804580,3.191715,-88.859936,-0.045664
2102.953679,2430.000000,3.179240,88.952923,711.783200,3.183570,-88.954528,-0.025402
2102.911634,2431.000000,3.175130,89.048597,711.771876,3.178992,-89.050292,-0.015057
2102.905082,2432.000000,3.174511,89.145679,711.771809,3.178406,-89.147371,-0.015811
2102.910484,2433.000000,3.175068,89.243236,711.775532,3.179165,-89.244894,-0.020302
2102.915616,2434.000000,3.175598,89.340784,711.779167,3.179894,-89.342409,-0.024708
2102.907471,2435.000000,3.174823,89.437803,711.778591,3.179129,-89.439430,-0.024960
2102.866676,2436.000000,3.170835,89.533520,711.767657,3.174691,-89.535233,-0.014999
2102.805263,2437.000000,3.164820,89.628410,711.750183,3.167934,-89.630263,0.001412
2102.768084,2438.000000,3.161189,89.724265,711.740394,3.163904,-89.726195,0.010244
2102.771850,2439.000000,3.161585,89.821757,711.743590,3.164478,-89.823657,0.006273
2102.789760,2440.000000,3.163372,89.919817,711.751270,3.166643,-89.921651,-0.002122
2102.783737,2441.000000,3.162806,90.016919,711.751358,3.166117,-90.018749,-0.003029
2102.765470,2442.000000,3.161035,90.113530,711.747562,3.164213,-90.115387,-0.000106
2102.766546,2443.000000,3.161166,90.210917,711.749900,3.164484,-90.212753,-0.003232
2102.756530,2444.000000,3.160207,90.307859,711.748718,3.163508,-90.309701,-0.002886
2102.742734,2445.000000,3.158875,90.404648,711.746336,3.162107,-90.406507,-0.001358
2102.753710,2446.000000,3.159981,90.502437,711.751809,3.163492,-90.504247,-0.007575
2102.791505,2447.000000,3.163724,90.601310,711.765787,3.167894,-90.603003,-0.022180
2102.809277,2448.000000,3.165498,90.699378,711.773413,3.170043,-90.701005,-0.030521
2102.798268,2449.000000,3.164441,90.796284,711.771910,3.168956,-90.797919,-0.029858
2102.778790,2450.000000,3.162550,90.892846,711.767719,3.166915,-90.894512,-0.026546
2102.741776,2451.000000,3.158935,90.988695,711.757965,3.162902,-90.990439,-0.017748
2102.674406,2452.000000,3.152335,91.083310,711.738582,3.155475,-91.085209,0.000546
2102.624554,2453.000000,3.147457,91.178632,711.724755,3.150018,-91.180641,0.013361
2102.641181,2454.000000,3.149118,91.276655,711.732009,3.152038,-91.278602,0.005387
2102.702405,2455.000000,3.155166,91.376498,711.753407,3.159074,-91.378265,-0.016534
2102.774346,2456.000000,3.162268,91.476783,711.778203,3.167316,-91.478345,-0.041807
2102.823535,2457.000000,3.167132,91.576147,711.795783,3.172999,-91.577561,-0.059963
2102.815404,2458.000000,3.166358,91.673173,711.795181,3.172235,-91.674589,-0.060189
2102.765885,2459.000000,3.161513,91.768506,711.781449,3.166814,-91.770032,-0.047468
2102.719116,2460.000000,3.156939,91.863949,711.768588,3.161704,-91.865576,-0.035606
2102.697575,2461.000000,3.154846,91.960422,711.763729,3.159430,-91.962086,-0.031634
2102.685142,2462.000000,3.153648,92.057268,711.761756,3.158182,-92.058945,-0.030509
2102.655219,2463.000000,3.150731,92.153395,711.754236,3.154966,-92.155130,-0.023913
2102.613652,2464.000000,3.146669,92.249042,711.743021,3.150440,-92.250866,-0.013673
2102.599800,2465.000000,3.145332,92.345827,711.740595,3.149032,-92.347667,-0.012101
2102.639421,2466.000000,3.149255,92.444815,711.755126,3.153638,-92.446533,-0.027251
2102.691126,2467.000000,3.154366,92.544306,711.773490,3.159603,-92.545870,-0.046180
2102.687591,2468.000000,3.154044,92.641520,711.774332,3.159354,-92.643074,-0.047830
2102.627613,2469.000000,3.148171,92.736402,711.757270,3.152758,-92.738093,-0.031826
2102.561917,2470.000000,3.141735,92.831043,711.738395,3.145518,-92.832885,-0.014032
2102.515032,2471.000000,3.137150,92.926458,711.725485,3.140394,-92.928402,-0.002121
2102.547423,2472.000000,3.140361,93.025157,711.737715,3.144186,-93.026998,-0.015001
2102.544367,2473.000000,3.140087,93.122389,711.738702,3.143992,-93.124219,-0.016795
2102.554334,2474.000000,3.141093,93.220162,711.743818,3.145262,-93.221947,-0.022660
2102.542939,2475.000000,3.139998,93.317048,711.742158,3.144129,-93.318843,-0.021843
2102.515450,2476.000000,3.137320,93.413264,711.735393,3.141187,-93.415111,-0.015991
2102.531295,2477.000000,3.138905,93.511285,711.742369,3.143118,-93.513071,-0.023690
2102.543446,2478.000000,3.140126,93.609153,711.748172,3.144633,-93.610889,-0.030233
2102.573291,2479.000000,3.143087,93.707763,711.759586,3.148139,-93.709402,-0.042309
2102.510745,2480.000000,3.136961,93.802513,711.741697,3.141253,-93.804295,-0.025487
2102.437991,2481.000000,3.129832,93.896830,711.720570,3.133219,-93.898782,-0.005472
2102.315711,2482.000000,3.117833,93.989068,711.683738,3.119617,-93.991318,0.030030
2102.228260,2483.000000,3.109259,94.082756,711.657952,3.109932,-94.085215,0.054640
2102.189544,2484.000000,3.105478,94.178484,711.647618,3.105727,-94.181024,0.064011
2102.215317,2485.000000,3.108038,94.276919,711.657729,3.108773,-94.279373,0.053219
2102.296357,2486.000000,3.116033,94.377683,711.685365,3.118034,-94.379907,0.025147
2102.379687,2487.000000,3.124254,94.478550,711.713727,3.127553,-94.480539,-0.003642
2102.426966,2488.000000,3.128929,94.577906,711.730657,3.133019,-94.579753,-0.021158
2102.440246,2489.000000,3.130261,94.675832,711.736803,3.134660,-94.677625,-0.028039
2102.424828,2490.000000,3.128771,94.772548,711.733848,3.133075,-94.774362,-0.025944
2102.398075,2491.000000,3.126166,94.868783,711.727296,3.130214,-94.870648,-0.020302
2102.394061,2492.000000,3.125797,94.965980,711.727954,3.129911,-94.967836,-0.021771
2102.415256,2493.000000,3.127908,95.064245,711.736606,3.132442,-95.066027,-0.031123
2102.427350,2494.000000,3.129123,95.162127,711.742370,3.133951,-95.163859,-0.037627
2102.398090,2495.000000,3.126271,95.258255,711.735017,3.130808,-95.260043,-0.031196
2102.341843,2496.000000,3.120766,95.353234,711.719106,3.124630,-95.355149,-0.016324
2102.305963,2497.000000,3.117263,95.449075,711.709652,3.120743,-95.451065,-0.007820
2102.317331,2498.000000,3.118407,95.546927,711.715180,3.122169,-95.548868,-0.014091
2102.347465,2499.000000,3.121397,95.645580,711.726658,3.125706,-95.647424,-0.026230
2102.352970,2500.000000,3.121964,95.743185,711.730325,3.126473,-95.744996,-0.030666
2102.325560,2501.000000,3.119294,95.839386,711.723551,3.123538,-95.841249,-0.024806
2102.306612,2502.000000,3.117457,95.935947,711.719461,3.121554,-95.937840,-0.021591
2102.342175,2503.000000,3.120981,96.034840,711.732655,3.125701,-96.036622,-0.035422
2102.405164,2504.000000,3.127202,96.134913,711.754547,3.132933,-96.136512,-0.057831
2102.438799,2505.000000,3.130536,96.233733,711.767129,3.136864,-96.235226,-0.071059
2102.431186,2506.000000,3.129813,96.330785,711.766627,3.136155,-96.332279,-0.071383
2102.418563,2507.000000,3.128598,96.427622,711.764535,3.134882,-96.429130,-0.070140
2102.402299,2508.000000,3.127025,96.524302,711.761287,3.133200,-96.525833,-0.067756
2102.372420,2509.000000,3.124112,96.620395,711.753719,3.129987,-96.621985,-0.061112
2102.344773,2510.000000,3.121419,96.716582,711.746859,3.127025,-96.718225,-0.055166
2102.341718,2511.000000,3.121145,96.813829,711.747796,3.126829,-96.815461,-0.056910
2102.341370,2512.000000,3.121137,96.911194,711.749590,3.126937,-96.912808,-0.059499
2102.327448,2513.000000,3.119794,97.007972,711.747079,3.125518,-97.009603,-0.057841
2102.308623,2514.000000,3.117968,97.104538,711.743011,3.123548,-97.106199,-0.054648
2102.294605,2515.000000,3.116616,97.201311,711.740466,3.122118,-97.202989,-0.052958
2102.294425,2516.000000,3.116624,97.298683,711.742308,3.122245,-97.300344,-0.055594
2102.303112,2517.000000,3.117505,97.396442,711.746961,3.123369,-97.398061,-0.061002
2102.296456,2518.000000,3.116877,97.493535,711.746747,3.122767,-97.495152,-0.061611
2102.240126,2519.000000,3.111363,97.588467,711.730779,3.116578,-97.590212,-0.046681
2102.139498,2520.000000,3.101493,97.681467,711.700762,3.105409,-97.683454,-0.017898
2102.053024,2521.000000,3.093016,97.775076,711.675235,3.095832,-97.777269,0.006458
2102.024046,2522.000000,3.090193,97.871186,711.667938,3.092720,-97.873436,0.012835
2102.050681,2523.000000,3.092838,97.969723,711.678273,3.095861,-97.971885,0.001823
2102.086552,2524.000000,3.096391,98.068667,711.691536,3.100041,-98.070717,-0.012076
2102.102593,2525.000000,3.097995,98.166747,711.698510,3.101991,-98.168737,-0.019773
2102.104251,2526.000000,3.098184,98.264200,711.700921,3.102324,-98.266166,-0.022970
2102.101570,2527.000000,3.097947,98.361463,711.701956,3.102169,-98.363418,-0.024810
2102.106787,2528.000000,3.098486,98.459073,711.705494,3.102902,-98.460996,-0.029118
2102.128713,2529.000000,3.100668,98.557418,711.714329,3.105513,-98.559265,-0.038650
2102.149103,2530.000000,3.102700,98.655699,711.722676,3.107953,-98.657474,-0.047701
2102.143298,2531.000000,3.102155,98.752829,711.722714,3.107446,-98.754601,-0.048558
2102.119370,2532.000000,3.099828,98.849161,711.717005,3.104901,-98.850976,-0.043746
2102.098717,2533.000000,3.097824,98.945636,711.712332,3.102724,-98.947486,-0.039957
2102.104685,2534.000000,3.098437,99.043285,711.716100,3.103541,-99.045101,-0.044492
2102.137263,2535.000000,3.101667,99.142111,711.728305,3.107351,-99.143824,-0.057348
2102.160284,2536.000000,3.103957,99.240518,711.737479,3.110086,-99.242153,-0.067214
2102.164766,2537.000000,3.104424,99.338107,711.740772,3.110736,-99.339712,-0.071281
2102.156792,2538.000000,3.103667,99.435145,711.740114,3.109985,-99.436752,-0.071450
2102.128943,2539.000000,3.100954,99.531301,711.733151,3.106998,-99.532962,-0.065402
2102.083194,2540.000000,3.096481,99.626661,711.720511,3.101999,-99.628422,-0.053755
2102.049998,2541.000000,3.093243,99.722576,711.711850,3.098412,-99.724404,-0.046033
2102.054626,2542.000000,3.093725,99.820171,711.715182,3.099078,-99.821969,-0.050138
2102.080261,2543.000000,3.096272,99.918703,711.725175,3.102106,-99.920416,-0.060812
2102.080083,2544.000000,3.096281,100.016088,711.726981,3.102231,-100.017782,-0.063412
2102.013719,2545.000000,3.089781,100.110519,711.707797,3.094914,-100.112368,-0.045311
2101.929778,2546.000000,3.081553,100.204161,711.683040,3.085620,-100.206209,-0.021714
2101.893161,2547.000000,3.077979,100.299912,711.673288,3.081648,-100.302037,-0.012915
2101.894804,2548.000000,3.078167,100.397373,711.675665,3.081978,-100.399475,-0.016078
2101.897977,2549.000000,3.078505,100.494903,711.678527,3.082479,-100.496978,-0.019719
2101.891042,2550.000000,3.077850,100.591981,711.678182,3.081845,-100.594056,-0.020198
2101.892185,2551.000000,3.077988,100.689421,711.680398,3.082118,-100.691475,-0.023201
2101.883576,2552.000000,3.077168,100.786425,711.679519,3.081295,-100.788482,-0.023154
2101.852940,2553.000000,3.074182,100.882438,711.671656,3.077995,-100.884556,-0.016217
2101.813051,2554.000000,3.070287,100.978032,711.660857,3.073655,-100.980236,-0.006386
2101.798266,2555.000000,3.068859,101.074755,711.658017,3.072137,-101.076979,-0.004403
2101.840045,2556.000000,3.072994,101.174028,711.673110,3.076980,-101.176125,-0.020107
2101.889830,2557.000000,3.077915,101.273667,711.690740,3.082722,-101.275616,-0.038314
2101.889403,2558.000000,3.077900,101.371042,711.692449,3.082819,-101.372974,-0.040817
2101.833497,2559.000000,3.072429,101.465909,711.676564,3.076677,-101.467967,-0.025970
2101.756324,2560.000000,3.064867,101.559809,711.653936,3.068145,-101.562050,-0.004472
2101.705212,2561.000000,3.059868,101.654884,711.639571,3.062542,-101.657239,0.008878
2101.736638,2562.000000,3.062985,101.753698,711.651373,3.066220,-101.755954,-0.003580
2101.847083,2563.000000,3.073871,101.856104,711.688228,3.078783,-101.858054,-0.040747
2101.965874,2564.000000,3.085578,101.958899,711.727732,3.092285,-101.960523,-0.080527
2102.025732,2565.000000,3.091492,102.059025,711.748549,3.099161,-102.060475,-0.101876
2101.997590,2566.000000,3.088751,102.155150,711.741458,3.096141,-102.156654,-0.095701
2101.933640,2567.000000,3.082488,102.249641,711.723010,3.089093,-102.251293,-0.078325
2101.873597,2568.000000,3.076610,102.344306,711.705800,3.082485,-102.346096,-0.062170
2101.832751,2569.000000,3.072620,102.439842,711.694678,3.078036,-102.441720,-0.052019
2101.806662,2570.000000,3.070081,102.536051,711.688233,3.075247,-102.537978,-0.046481
2101.784814,2571.000000,3.067960,102.632452,711.683132,3.072934,-102.634418,-0.042269
2101.774683,2572.000000,3.066990,102.729388,711.681744,3.071939,-102.731362,-0.041719
2101.771285,2573.000000,3.066682,102.826633,711.682491,3.071700,-102.828597,-0.043273
2101.720582,2574.000000,3.061724,102.921708,711.668237,3.066143,-102.923786,-0.030033
2101.520536,2575.000000,3.042082,103.009923,711.606636,3.043796,-103.012502,0.029903
2101.133129,2576.000000,3.004031,103.089516,711.485665,3.000395,-103.093083,0.148395
2100.604608,2578.000000,2.952156,103.259949,711.321846,2.941300,-103.264851,0.308327
2100.419800,2579.000000,2.934030,103.348795,711.265125,2.920686,-103.354158,0.363451
2100.372801,2580.000000,2.929440,103.443976,711.252053,2.915550,-103.449443,0.375526
2100.312882,2581.000000,2.923582,103.538557,711.234889,2.908964,-103.544162,0.391637
2100.260219,2582.000000,2.918436,103.633470,711.220022,2.903193,-103.639193,0.405482
2100.220034,2583.000000,2.914516,103.728955,711.209105,2.898823,-103.734764,0.415431
2100.206977,2584.000000,2.913260,103.825692,711.206777,2.897499,-103.831517,0.416909
2100.222460,2585.000000,2.914806,103.923750,711.213486,2.899380,-103.929517,0.409475
2100.245516,2586.000000,2.917096,104.022161,711.222591,2.902112,-104.027849,0.399677
2100.251525,2587.000000,2.917712,104.119784,711.226297,2.902929,-104.125439,0.395204
2100.229088,2588.000000,2.915535,104.216087,711.220994,2.900551,-104.221783,0.399617
2100.191024,2589.000000,2.911823,104.311664,711.210741,2.896419,-104.317440,0.408912
2100.150794,2590.000000,2.907899,104.407137,711.199801,2.892044,-104.412999,0.418884
2100.124996,2591.000000,2.905392,104.503279,711.193430,2.889289,-104.509190,0.424350
2100.145073,2592.000000,2.907389,104.601557,711.201584,2.891686,-104.607398,0.415491
2100.202000,2593.000000,2.913005,104.701556,711.221406,2.898220,-104.707232,0.395123
2100.226394,2594.000000,2.915427,104.800042,711.230924,2.901102,-104.805636,0.384918
2100.207337,2595.000000,2.913581,104.896501,711.226682,2.899104,-104.902127,0.388284
2100.181090,2596.000000,2.911030,104.992622,711.220162,2.896298,-104.998298,0.393898
2100.140054,2597.000000,2.907027,105.088050,711.208957,2.891832,-105.093815,0.404131
2100.057940,2598.000000,2.898990,105.181551,711.184745,2.882753,-105.187510,0.427194
2099.995404,2599.000000,2.892876,105.275963,711.166731,2.875874,-105.282067,0.444143
2100.049571,2600.000000,2.898220,105.375848,711.185668,2.882097,-105.381794,0.424649
2100.256007,2602.000000,2.918544,105.580248,711.254607,2.905562,-105.585623,0.355020
2100.337933,2603.000000,2.926616,105.681461,711.282335,2.914905,-105.686605,0.326854
2100.282028,2604.000000,2.921152,105.776187,711.266410,2.908768,-105.781458,0.341744
2100.175434,2605.000000,2.910710,105.868519,711.234432,2.896938,-105.874049,0.372466
2100.060053,2606.000000,2.899406,105.960428,711.199674,2.884123,-105.966240,0.405931
2099.953682,2607.000000,2.888988,106.052754,711.167770,2.872321,-106.058823,0.436580
2099.893633,2608.000000,2.883118,106.147262,711.150533,2.865720,-106.153469,0.452764
2099.907075,2609.000000,2.884464,106.245243,711.156562,2.867370,-106.251397,0.446000
2099.960648,2610.000000,2.889750,106.345126,711.175297,2.873526,-106.351124,0.426705
2099.955702,2611.000000,2.889290,106.442241,711.175502,2.873112,-106.448234,0.425685
2099.875275,2612.000000,2.881420,106.535774,711.151808,2.864223,-106.541958,0.448238
2099.804812,2613.000000,2.874528,106.629774,711.131268,2.856453,-106.636123,0.467679
2099.797659,2614.000000,2.873852,106.726779,711.130770,2.855791,-106.733128,0.467353
2099.820853,2615.000000,2.876155,106.825227,711.139879,2.858536,-106.831499,0.457552
2099.830427,2616.000000,2.877121,106.923030,711.144675,2.859751,-106.929259,0.452005
2099.811166,2617.000000,2.875257,107.019459,711.140340,2.857729,-107.025721,0.455463
2099.813800,2618.000000,2.875541,107.116932,711.142935,2.858166,-107.123169,0.452086
2099.853520,2619.000000,2.879467,107.216177,711.157271,2.862766,-107.222294,0.437129
2099.912901,2620.000000,2.885323,107.316366,711.177831,2.869574,-107.322311,0.416033
2099.987103,2621.000000,2.892635,107.417271,711.203084,2.878046,-107.423005,0.390309
2100.081699,2622.000000,2.901951,107.519159,711.234796,2.888809,-107.524630,0.358214
2100.151300,2623.000000,2.908812,107.619858,711.258593,2.896766,-107.625131,0.333926
2100.043920,2624.000000,2.898293,107.712072,711.226342,2.884847,-107.717607,0.364918
2099.897923,2625.000000,2.883984,107.802425,711.181866,2.868594,-107.808320,0.407969
2099.802129,2626.000000,2.874605,107.895178,711.153287,2.857979,-107.901304,0.435340
2099.784738,2627.000000,2.872924,107.991695,711.149531,2.856167,-107.997849,0.438228
2099.820500,2628.000000,2.876461,108.090770,711.162602,2.860322,-108.096814,0.424518
2099.871207,2629.000000,2.881466,108.190569,711.180404,2.866155,-108.196464,0.406143
2099.895203,2630.000000,2.883848,108.289085,711.189748,2.868990,-108.294900,0.396110
2099.804794,2631.000000,2.874998,108.382081,711.162867,2.858979,-108.388113,0.421806
2099.611768,2632.000000,2.856074,108.470113,711.103502,2.837448,-108.476628,0.479543
2099.508265,2633.000000,2.845940,108.562459,711.072481,2.825970,-108.569224,0.509323
2099.523496,2634.000000,2.847462,108.660541,711.079042,2.827819,-108.667250,0.502035
2099.604317,2635.000000,2.855421,108.761803,711.106365,2.837031,-108.768284,0.474269
2099.716829,2636.000000,2.866493,108.864609,711.143721,2.849802,-108.870781,0.436607
2099.731227,2637.000000,2.867932,108.962664,711.150016,2.851558,-108.968782,0.429581
2099.671298,2638.000000,2.862075,109.057112,711.132778,2.844970,-109.063367,0.445766
2099.600438,2639.000000,2.855145,109.151023,711.112080,2.837154,-109.157445,0.465365
2099.551427,2640.000000,2.850360,109.245993,711.098298,2.831792,-109.252524,0.478142
2099.580010,2641.000000,2.853192,109.344737,711.109077,2.835140,-109.351176,0.466693
2099.527982,2642.000000,2.848111,109.439555,711.094337,2.829439,-109.446112,0.480415
2099.461741,2643.000000,2.841636,109.533677,711.075098,2.822143,-109.540388,0.498575
2099.400351,2644.000000,2.835636,109.628031,711.057394,2.815391,-109.634884,0.515221
2099.379421,2645.000000,2.833608,109.724356,711.052495,2.813181,-109.731246,0.519236
2099.412820,2646.000000,2.836913,109.823338,711.064790,2.817069,-109.830124,0.506292
2099.459655,2647.000000,2.841536,109.922981,711.081338,2.822465,-109.929628,0.489154
2099.435191,2648.000000,2.839161,110.019136,711.075316,2.819858,-110.025829,0.494277
2099.505850,2649.000000,2.846123,110.119954,711.099403,2.827928,-110.126446,0.469703
2099.587167,2650.000000,2.854132,110.221302,711.126864,2.837196,-110.227566,0.441800
2099.593872,2651.000000,2.854816,110.318992,711.130704,2.838087,-110.325222,0.437195
2099.538985,2652.000000,2.849454,110.413655,711.115046,2.832065,-110.420010,0.451824
2099.497710,2653.000000,2.845429,110.508984,711.103695,2.827570,-110.515428,0.462203
2099.510134,2654.000000,2.846675,110.606955,711.109342,2.829103,-110.613350,0.455817
2099.471743,2655.000000,2.842933,110.702422,711.098902,2.824932,-110.708900,0.465298
2099.376972,2656.000000,2.833657,110.795106,711.070615,2.814433,-110.801811,0.492383
2099.327937,2657.000000,2.828870,110.890040,711.056804,2.809068,-110.896856,0.505188
2099.343213,2658.000000,2.830396,110.988149,711.063348,2.810921,-110.994908,0.497918
2099.340949,2659.000000,2.830200,111.085393,711.064338,2.810805,-111.092141,0.496124
2099.289470,2660.000000,2.825173,111.180201,711.049750,2.805165,-111.187064,0.509697
2099.201894,2661.000000,2.816605,111.273216,711.023738,2.795475,-111.280290,0.534538
2099.118789,2662.000000,2.808475,111.366447,710.999141,2.786286,-111.373718,0.557984
2099.095946,2663.000000,2.806260,111.462662,710.993613,2.783861,-111.469975,0.562619
2099.134467,2664.000000,2.810066,111.561924,711.007504,2.788322,-111.569120,0.548102
2099.136265,2665.000000,2.810269,111.659364,711.009772,2.788662,-111.666539,0.545049
2099.066080,2666.000000,2.803408,111.753223,710.989259,2.780923,-111.760562,0.564466
2098.969050,2667.000000,2.793913,111.845740,710.960251,2.770173,-111.853314,0.592262
2098.883818,2668.000000,2.785576,111.938838,710.934978,2.760747,-111.946615,0.616375
2098.841625,2669.000000,2.781463,112.034076,710.923321,2.756151,-112.041945,0.627056
2098.854817,2670.000000,2.782783,112.132076,710.929187,2.757769,-112.139894,0.620454
2098.901180,2671.000000,2.787359,112.231735,710.945547,2.763108,-112.239416,0.603501
2098.936894,2672.000000,2.790889,112.330867,710.958537,2.767253,-112.338438,0.589872
2098.951524,2673.000000,2.792351,112.428946,710.964855,2.769032,-112.436463,0.582825
2099.018383,2674.000000,2.798938,112.529645,710.987698,2.776672,-112.536971,0.559476
2099.103465,2675.000000,2.807314,112.631264,711.016309,2.786358,-112.638353,0.530440
