frame,model,u_px,v_px,residual_zg_mm,Xc_mm,Yc_mm,Zc_mm,Xg_mm,Yg_mm
laser 006,quadratic_graph,2128.612715,463.000000,-0.000784897,5.681294007,-101.951615265,713.433218656,5.687032517,101.957120675
laser 006,quadratic_graph,2128.652938,464.000000,-0.018793773,5.685320088,-101.856819135,713.450650778,5.691869785,101.862470395
laser 006,quadratic_graph,2128.683274,465.000000,-0.033701816,5.688360463,-101.761568819,713.464930953,5.695581379,101.767340146
laser 006,quadratic_graph,2128.696691,466.000000,-0.043303484,5.689713815,-101.665546005,713.473817312,5.697366429,101.671393278
laser 006,quadratic_graph,2128.701421,467.000000,-0.050179861,5.690200943,-101.569126567,713.479933481,5.698162240,101.575027128
laser 006,quadratic_graph,2128.710066,468.000000,-0.058282773,5.691078488,-101.472883201,713.487296397,5.699403832,101.478847247
laser 006,quadratic_graph,2128.706785,469.000000,-0.062644457,5.690766783,-101.376097588,713.490856463,5.699287302,101.382094014
laser 006,quadratic_graph,2128.657840,470.000000,-0.052684544,5.685901529,-101.277243969,713.479859055,5.693970768,101.283153697
laser 006,quadratic_graph,2128.566374,471.000000,-0.029389833,5.676796638,-101.176470620,713.455307279,5.683812685,101.182182779
laser 006,quadratic_graph,2128.517669,472.000000,-0.019503486,5.671955818,-101.077636153,713.444384765,5.678523907,101.083262226
laser 006,quadratic_graph,2128.433514,473.000000,0.001499320,5.663580809,-100.977204942,713.422162786,5.669199160,100.982652502
laser 006,quadratic_graph,2128.392589,474.000000,0.008948096,5.659516086,-100.878729198,713.413718093,5.664796508,100.884110940
laser 006,quadratic_graph,2128.379777,475.000000,0.007583560,5.658254151,-100.781522224,713.414231864,5.663594464,100.786911427
laser 006,quadratic_graph,2128.387055,476.000000,-0.000078766,5.658995091,-100.685219319,713.421147127,5.664679568,100.690668347
laser 006,quadratic_graph,2128.410622,477.000000,-0.012847432,5.661360023,-100.589647029,713.433252795,5.667619155,100.595198337
laser 006,quadratic_graph,2128.435721,478.000000,-0.026095590,5.663877777,-100.494140462,713.445845842,5.670733210,100.499798036
laser 006,quadratic_graph,2128.412995,479.000000,-0.024346173,5.661627392,-100.396484581,713.443194451,5.668402159,100.402123727
laser 006,quadratic_graph,2128.352891,480.000000,-0.010875145,5.655650591,-100.297153985,713.428628561,5.661815596,100.302677242
laser 006,quadratic_graph,2128.304719,481.000000,-0.001144543,5.650863562,-100.198361946,713.417864713,5.656587643,100.203800415
laser 006,quadratic_graph,2128.274595,482.000000,0.002928320,5.647875863,-100.100380484,713.412851753,5.653414402,100.105781206
laser 006,quadratic_graph,2128.251628,483.000000,0.004758451,5.645601680,-100.002720435,713.410118464,5.651055911,100.008102057
laser 006,quadratic_graph,2128.237077,484.000000,0.003951140,5.644166485,-99.905437077,713.410066040,5.649655458,99.910821529
laser 006,quadratic_graph,2128.237552,485.000000,-0.001566160,5.644229185,-99.808824175,713.414801116,5.649965503,99.814250617
laser 006,quadratic_graph,2128.247256,486.000000,-0.009975980,5.645211913,-99.712621446,713.422476306,5.651326138,99.718113928
laser 006,quadratic_graph,2128.244568,487.000000,-0.014499029,5.644959319,-99.615865068,713.426200793,5.651276011,99.621391274
laser 006,quadratic_graph,2128.222766,488.000000,-0.013027441,5.642801295,-99.518257650,713.423832056,5.649049864,99.523767738
laser 006,quadratic_graph,2128.183666,489.000000,-0.006130711,5.638918948,-99.419882395,713.415948978,5.644854514,99.425331259
laser 006,quadratic_graph,2128.141225,490.000000,0.001814751,5.634703671,-99.321361163,713.406999964,5.640278896,99.326740083
laser 006,quadratic_graph,2128.117451,491.000000,0.003908547,5.632349215,-99.223670369,713.403998886,5.637828234,99.229027999
laser 006,quadratic_graph,2128.112981,492.000000,-0.000048931,5.631918987,-99.126835782,713.407148614,5.637574945,99.132222434
laser 006,quadratic_graph,2128.117411,493.000000,-0.006795691,5.632375914,-99.030394416,713.413133499,5.638334715,99.035833282
laser 006,quadratic_graph,2128.117086,494.000000,-0.012050288,5.632358871,-98.933741333,713.417601695,5.638553163,98.939220006
laser 006,quadratic_graph,2128.138860,495.000000,-0.024232999,5.634544713,-98.838063427,713.429111911,5.641287219,98.843639511
laser 006,quadratic_graph,2128.171535,496.000000,-0.039833064,5.637817305,-98.742863695,713.444095647,5.645262280,98.748565602
laser 006,quadratic_graph,2128.184772,497.000000,-0.049336930,5.639152275,-98.646803056,713.452882969,5.647024546,98.652580101
laser 006,quadratic_graph,2128.173909,498.000000,-0.051282183,5.638084778,-98.549678629,713.453987449,5.646043162,98.555467966
laser 006,quadratic_graph,2128.149933,499.000000,-0.049114056,5.635710095,-98.451977024,713.450910968,5.643568921,98.457744454
laser 006,quadratic_graph,2128.117860,500.000000,-0.044405549,5.632528302,-98.353920470,713.445252392,5.640172902,98.359644872
laser 006,quadratic_graph,2128.070612,501.000000,-0.034937302,5.627833919,-98.255199205,713.434755902,5.635049447,98.260841004
laser 006,quadratic_graph,2128.000016,502.000000,-0.018147002,5.620812471,-98.155456713,713.416817103,5.627268422,98.160955033
laser 006,quadratic_graph,2127.929416,503.000000,-0.001354937,5.613791004,-98.055719220,713.398876578,5.619487298,98.061074046
laser 006,quadratic_graph,2127.905639,504.000000,0.000757090,5.611436528,-97.958036798,713.395857319,5.617035799,97.963370184
laser 006,quadratic_graph,2127.906726,505.000000,-0.004925444,5.611560194,-97.861442844,713.400760687,5.617414276,97.866819597
laser 006,quadratic_graph,2127.885968,506.000000,-0.003757322,5.609506637,-97.763893215,713.398700885,5.615306303,97.769256377
laser 006,quadratic_graph,2127.872091,507.000000,-0.004745360,5.608138901,-97.666644668,713.398832685,5.613981477,97.672012165
laser 006,quadratic_graph,2127.888572,508.000000,-0.015250763,5.609796842,-97.570720086,713.408638172,5.616111927,97.576171050
laser 006,quadratic_graph,2127.920211,509.000000,-0.030508119,5.612965632,-97.475453404,713.423273643,5.619967722,97.481027343
laser 006,quadratic_graph,2127.938835,510.000000,-0.041683568,5.614837299,-97.379616497,713.433760169,5.622342143,97.385279473
laser 006,quadratic_graph,2127.941621,511.000000,-0.047891502,5.615130379,-97.283088264,713.439197614,5.622913752,97.288798977
laser 006,quadratic_graph,2127.931556,512.000000,-0.050068341,5.614142560,-97.186000490,713.440537791,5.622022505,97.191725423
laser 006,quadratic_graph,2127.917813,513.000000,-0.051090502,5.612788150,-97.088752904,713.440704354,5.620712548,97.094482458
laser 006,quadratic_graph,2127.922758,514.000000,-0.057971621,5.613296436,-96.992315590,713.446826072,5.621529751,96.998098477
laser 006,quadratic_graph,2127.954425,515.000000,-0.073231484,5.616468272,-96.897034108,713.461464068,5.625388708,96.902939991
laser 006,quadratic_graph,2127.967229,516.000000,-0.082574984,5.617759985,-96.800932703,713.470088584,5.627100485,96.806912393
laser 006,quadratic_graph,2127.902175,517.000000,-0.067500617,5.611291096,-96.701463794,713.453894505,5.619949481,96.707314275
laser 006,quadratic_graph,2127.793180,518.000000,-0.038646739,5.600443098,-96.600102349,713.423694854,5.607797383,96.605709054
laser 006,quadratic_graph,2127.691459,519.000000,-0.012074645,5.590320948,-96.499063359,713.395814526,5.596474130,96.504445261
laser 006,quadratic_graph,2127.628235,520.000000,0.002426864,5.584035801,-96.399690976,713.380202924,5.589532726,96.404948433
laser 006,quadratic_graph,2127.612375,521.000000,0.002079200,5.582470654,-96.302361602,713.379684176,5.587981591,96.307618073
laser 006,quadratic_graph,2127.630923,522.000000,-0.009055356,5.584334285,-96.206511970,713.390129300,5.590346136,96.211857140
laser 006,quadratic_graph,2127.671032,523.000000,-0.026949476,5.588346632,-96.111585863,713.407444868,5.595164511,96.117075932
laser 006,quadratic_graph,2127.715723,524.000000,-0.046279930,5.592815812,-96.016851941,713.426220308,5.600504554,96.022498852
laser 006,quadratic_graph,2127.732383,525.000000,-0.056819884,5.594491555,-95.920911411,713.436061050,5.602654372,95.926642077
laser 006,quadratic_graph,2127.723065,526.000000,-0.059212377,5.593578299,-95.823855756,713.437620709,5.601847430,95.829602438
laser 006,quadratic_graph,2127.704895,527.000000,-0.058827684,5.591782848,-95.726421096,713.436357660,5.600032935,95.732160704
laser 006,quadratic_graph,2127.687642,528.000000,-0.058729221,5.590078804,-95.629026137,713.435385559,5.598322767,95.634761051
laser 006,quadratic_graph,2127.664732,529.000000,-0.056855486,5.587811008,-95.531390058,713.432609102,5.595968715,95.537105518
laser 006,quadratic_graph,2127.600307,530.000000,-0.041962359,5.581406071,-95.431984123,713.416599832,5.588889848,95.437571884
laser 006,quadratic_graph,2127.483464,531.000000,-0.010632944,5.569778228,-95.330349447,713.383884886,5.575846172,95.335672855
laser 006,quadratic_graph,2127.458073,532.000000,-0.007977632,5.567263523,-95.232616467,713.380314183,5.573209933,95.237913925
laser 006,quadratic_graph,2127.439716,533.000000,-0.007526438,5.565449725,-95.135183701,713.378983756,5.571374092,95.140473533
laser 006,quadratic_graph,2127.487089,534.000000,-0.027683347,5.570185419,-95.040543404,713.398599220,5.577017958,95.045996949
laser 006,quadratic_graph,2127.534636,535.000000,-0.047894589,5.574938708,-94.945905445,713.418269882,5.582681872,94.951523155
laser 006,quadratic_graph,2127.451548,536.000000,-0.027142031,5.566674652,-94.845724488,713.396305432,5.573479405,94.851165785
laser 006,quadratic_graph,2127.492163,537.000000,-0.045176873,5.570737081,-94.750788223,713.413764029,5.578354221,94.756375590
laser 006,quadratic_graph,2127.449647,538.000000,-0.037143507,5.566515919,-94.652330561,713.404727276,5.573768772,94.657847264
laser 006,quadratic_graph,2127.447601,539.000000,-0.041798830,5.566327404,-94.555585830,713.408587142,5.573788715,94.561137365
laser 006,quadratic_graph,2127.468549,540.000000,-0.053663192,5.568430139,-94.459810987,713.419774159,5.576425314,94.465457290
laser 006,quadratic_graph,2127.475229,541.000000,-0.061052365,5.569111164,-94.363431526,713.426412674,5.577438199,94.369135390
laser 006,quadratic_graph,2127.454162,542.000000,-0.059739291,5.567027292,-94.265881367,713.424206408,5.575293384,94.271570442
laser 006,quadratic_graph,2127.403369,543.000000,-0.049103532,5.561981446,-94.167080860,713.412524793,5.569765786,94.172677635
laser 006,quadratic_graph,2127.354199,544.000000,-0.038975693,5.557097499,-94.068351985,713.401359468,5.564423014,94.073860684
laser 006,quadratic_graph,2127.340864,545.000000,-0.040083205,5.555784180,-93.971131393,713.401613532,5.563158014,93.976645427
laser 006,quadratic_graph,2127.365468,546.000000,-0.053085900,5.558251057,-93.875502692,713.413957581,5.566210139,93.881120960
laser 006,quadratic_graph,2127.378709,547.000000,-0.062524459,5.559585785,-93.779394559,713.422679128,5.567969236,93.785087428
laser 006,quadratic_graph,2127.350849,548.000000,-0.059073263,5.556825173,-93.681563265,713.418299889,5.565051173,93.687223568
laser 006,quadratic_graph,2127.308297,549.000000,-0.051013750,5.552600738,-93.583118814,713.409236923,5.560461276,93.588708238
laser 006,quadratic_graph,2127.285306,550.000000,-0.049086795,5.550325375,-93.485494333,713.406406947,5.558097264,93.491063866
laser 006,quadratic_graph,2127.287191,551.000000,-0.054958929,5.550528557,-93.388909101,713.411503748,5.558563834,93.394523583
laser 006,quadratic_graph,2127.277502,552.000000,-0.057200467,5.549578562,-93.291840052,713.412910540,5.557713349,93.297469299
laser 006,quadratic_graph,2127.274295,553.000000,-0.061473306,5.549274410,-93.195040781,713.416381895,5.557600398,93.200701682
laser 006,quadratic_graph,2127.312877,554.000000,-0.078849439,5.553134025,-93.099979624,713.433170988,5.562242673,93.105781120
laser 006,quadratic_graph,2127.358155,555.000000,-0.098324996,5.557661035,-93.005192510,713.452093838,5.567647107,93.011152055
laser 006,quadratic_graph,2127.353920,556.000000,-0.102271895,5.557254486,-92.908344324,713.455233926,5.567417047,92.914332814
laser 006,quadratic_graph,2127.302788,557.000000,-0.091510056,5.552175017,-92.809549988,713.443424644,5.561850141,92.815445133
laser 006,quadratic_graph,2127.241046,558.000000,-0.077420001,5.546038603,-92.710319431,713.428232749,5.555076061,92.716093561
laser 006,quadratic_graph,2127.192963,559.000000,-0.067612413,5.541263331,-92.611658645,713.417393436,5.549856427,92.617347365
laser 006,quadratic_graph,2127.166111,560.000000,-0.064461352,5.538603440,-92.513878894,713.413319578,5.547052637,92.519537547
laser 006,quadratic_graph,2127.146361,561.000000,-0.063536030,5.536651152,-92.416393773,713.411507897,5.545056918,92.422040863
laser 006,quadratic_graph,2127.112108,562.000000,-0.058061588,5.533254006,-92.318310897,713.405072722,5.541411000,92.323908603
laser 006,quadratic_graph,2127.073782,563.000000,-0.051308746,5.529451173,-92.220062077,713.397338281,5.537301692,92.225599771
laser 006,quadratic_graph,2127.061246,564.000000,-0.052641570,5.528217668,-92.122877402,713.397821763,5.536126685,92.128422308
laser 006,quadratic_graph,2127.072067,565.000000,-0.061297195,5.529311058,-92.026653443,713.405747799,5.537609112,92.032266443
laser 006,quadratic_graph,2127.070163,566.000000,-0.065961356,5.529136756,-91.929904663,713.409617116,5.537643679,91.935552572
laser 006,quadratic_graph,2127.051862,567.000000,-0.065482443,5.527328931,-91.832481990,713.408259292,5.535812575,91.838122049
laser 006,quadratic_graph,2127.034857,568.000000,-0.065408603,5.525650236,-91.735112989,713.407313188,5.534128885,91.740748565
laser 006,quadratic_graph,2127.023869,569.000000,-0.067220242,5.524570977,-91.637990849,713.408283407,5.533129739,91.643637619
laser 006,quadratic_graph,2127.007421,570.000000,-0.067318408,5.522947798,-91.540645220,713.407512167,5.531509330,91.546288938
laser 006,quadratic_graph,2126.989868,571.000000,-0.067068741,5.521214555,-91.443254803,713.406387433,5.529763157,91.448892578
laser 006,quadratic_graph,2126.985154,572.000000,-0.070843811,5.520760337,-91.346389034,713.409353233,5.529477680,91.352054327
laser 006,quadratic_graph,2126.982874,573.000000,-0.075380854,5.520548599,-91.249621892,713.413093472,5.529469076,91.255321038
laser 006,quadratic_graph,2126.970578,574.000000,-0.076775715,5.519339078,-91.152445839,713.413640201,5.528320856,91.158152715
laser 006,quadratic_graph,2126.948130,575.000000,-0.074985719,5.517118242,-91.054856644,713.410950059,5.526017565,91.060544771
laser 006,quadratic_graph,2126.927068,576.000000,-0.073629034,5.515035504,-90.957324695,713.408700336,5.523871931,90.962997676
laser 006,quadratic_graph,2126.916990,577.000000,-0.075715435,5.514046969,-90.860239583,713.409949972,5.522975915,90.865926043
laser 006,quadratic_graph,2126.906896,578.000000,-0.077795500,5.513056848,-90.763153646,713.411193186,5.522078026,90.768853533
laser 006,quadratic_graph,2126.893842,579.000000,-0.078946024,5.511771874,-90.665947586,713.411491697,5.520843327,90.671653173
laser 006,quadratic_graph,2126.880854,580.000000,-0.080115919,5.510493484,-90.568744282,713.411809917,5.519616088,90.574455728
laser 006,quadratic_graph,2126.854511,581.000000,-0.077096531,5.507884773,-90.471001031,713.407870462,5.516869432,90.476683509
laser 006,quadratic_graph,2126.807772,582.000000,-0.067680077,5.503244468,-90.372435198,713.397429514,5.511802430,90.378035523
laser 006,quadratic_graph,2126.770182,583.000000,-0.061131409,5.499515610,-90.274241548,713.389903226,5.507776322,90.279783563
laser 006,quadratic_graph,2126.769875,584.000000,-0.066272372,5.499500409,-90.177552763,713.394257462,5.507991520,90.183133653
laser 006,quadratic_graph,2126.787313,585.000000,-0.076976578,5.501252754,-90.081577398,713.404265774,5.510225379,90.087243416
laser 006,quadratic_graph,2126.774414,586.000000,-0.078166408,5.499983310,-89.984379388,713.404604392,5.509007988,89.990051433
laser 006,quadratic_graph,2126.713802,587.000000,-0.064393117,5.493961423,-89.885264631,713.389735672,5.502362747,89.890818303
laser 006,quadratic_graph,2126.656503,588.000000,-0.051657883,5.488269780,-89.786287115,713.375922010,5.496094607,89.791731044
laser 006,quadratic_graph,2126.654237,589.000000,-0.056177784,5.488059453,-89.689519546,713.379645149,5.496086647,89.694997188
laser 006,quadratic_graph,2126.657054,590.000000,-0.062290279,5.488355395,-89.592954666,713.384986884,5.496656843,89.598479261
laser 006,quadratic_graph,2126.642879,591.000000,-0.063073317,5.486958957,-89.495708839,713.384912206,5.495294099,89.501236081
laser 006,quadratic_graph,2126.608876,592.000000,-0.057637608,5.483587723,-89.397670972,713.378517336,5.491675856,89.403149158
laser 006,quadratic_graph,2126.565141,593.000000,-0.049149113,5.479247328,-89.299246621,713.369019910,5.486950655,89.304650371
laser 006,quadratic_graph,2126.557722,594.000000,-0.052046554,5.478523808,-89.202272838,713.371094216,5.486356271,89.207696814
laser 006,quadratic_graph,2126.593808,595.000000,-0.068584448,5.482133143,-89.107031219,713.387031505,5.490710445,89.112588824
laser 006,quadratic_graph,2126.622560,596.000000,-0.082821903,5.485012175,-89.011493735,713.400630814,5.494230480,89.017165844
laser 006,quadratic_graph,2126.629889,597.000000,-0.090340423,5.485757558,-88.915101402,713.407401589,5.495313586,88.920832156
laser 006,quadratic_graph,2126.601184,598.000000,-0.086557731,5.482913977,-88.817276956,713.402686847,5.492297612,88.822972398
laser 006,quadratic_graph,2126.545034,599.000000,-0.074167525,5.477337063,-88.718365717,713.389224256,5.486159779,88.723954287
laser 006,quadratic_graph,2126.494328,600.000000,-0.063483505,5.472302546,-88.619673995,713.377495729,5.480641359,88.625169878
laser 006,quadratic_graph,2126.472106,601.000000,-0.061729997,5.470104856,-88.522112588,713.374843378,5.478362872,88.527590030
laser 006,quadratic_graph,2126.515445,602.000000,-0.080533333,5.474436403,-88.427143078,713.393083056,5.483541518,88.432772984
laser 006,quadratic_graph,2126.493030,603.000000,-0.078716554,5.472219454,-88.329572966,713.390366434,5.481240918,88.335183906
laser 006,quadratic_graph,2126.470590,604.000000,-0.076890621,5.470000047,-88.232002776,713.387640538,5.478937446,88.237594674
laser 006,quadratic_graph,2126.435620,605.000000,-0.071134285,5.466532838,-88.133939939,713.380920201,5.475208761,88.139480118
laser 006,quadratic_graph,2126.394698,606.000000,-0.063510378,5.462472985,-88.035644929,713.372301893,5.470803135,88.041117864
laser 006,quadratic_graph,2126.342692,607.000000,-0.052409853,5.457309501,-87.936916847,713.360150351,5.465136950,87.942293634
laser 006,quadratic_graph,2126.330338,608.000000,-0.053741301,5.456094661,-87.839748904,713.360633428,5.463980564,87.845132899
laser 006,quadratic_graph,2126.378894,609.000000,-0.074170724,5.460945330,-87.744969589,713.380525705,5.469751735,87.750519568
laser 006,quadratic_graph,2126.427845,610.000000,-0.094723817,5.465835604,-87.650200624,713.400543640,5.475568093,87.655917615
laser 006,quadratic_graph,2126.426347,611.000000,-0.099455779,5.465701856,-87.553452294,713.404482649,5.475646293,87.559204764
laser 006,quadratic_graph,2126.378157,612.000000,-0.089544169,5.460918172,-87.454877962,713.393539536,5.470413576,87.460544170
laser 006,quadratic_graph,2126.338072,613.000000,-0.082173086,5.456941768,-87.356623262,713.385178384,5.466102814,87.362224328
laser 006,quadratic_graph,2126.325991,614.000000,-0.083582257,5.455754131,-87.259463160,713.385740550,5.464977142,87.265072081
laser 006,quadratic_graph,2126.324281,615.000000,-0.088242278,5.455599265,-87.162707085,713.389606534,5.465030980,87.168350889
laser 006,quadratic_graph,2126.323115,616.000000,-0.093071617,5.455498580,-87.065971297,713.393644605,5.465146641,87.071651390
laser 006,quadratic_graph,2126.322391,617.000000,-0.098038293,5.455441918,-86.969251759,713.397822263,5.465312525,86.974969284
laser 006,quadratic_graph,2126.311911,618.000000,-0.099944265,5.454413732,-86.872152455,713.398889389,5.464368731,86.877881966
laser 006,quadratic_graph,2126.273408,619.000000,-0.093061139,5.450594999,-86.773966201,713.391024328,5.460237667,86.779634629
laser 006,quadratic_graph,2126.210558,620.000000,-0.078542148,5.444351998,-86.674839122,713.375399123,5.453337669,86.680382985
laser 006,quadratic_graph,2126.155822,621.000000,-0.066566699,5.438917205,-86.576030503,713.362358929,5.447360690,86.581470948
laser 006,quadratic_graph,2126.133272,622.000000,-0.064682511,5.436687305,-86.478469606,713.359574323,5.445044103,86.483890528
laser 006,quadratic_graph,2126.120546,623.000000,-0.065877437,5.435435589,-86.381288898,713.359918979,5.443844686,86.386715895
laser 006,quadratic_graph,2126.104130,624.000000,-0.065913992,5.433816480,-86.283965967,713.359086432,5.442225590,86.289389410
laser 006,quadratic_graph,2126.101539,625.000000,-0.070284243,5.433573897,-86.187175952,713.362658136,5.442178635,86.192631870
laser 006,quadratic_graph,2126.117632,626.000000,-0.080511992,5.435191659,-86.091104026,713.372182674,5.444256421,86.096641116
laser 006,quadratic_graph,2126.121309,627.000000,-0.086845259,5.435573199,-85.994552502,713.377749357,5.444922197,86.000138386
laser 006,quadratic_graph,2126.112496,628.000000,-0.089260645,5.434711119,-85.897520136,713.379334418,5.444167507,85.903122243
laser 006,quadratic_graph,2126.093860,629.000000,-0.088594400,5.432870978,-85.800110821,713.377787728,5.442295658,85.805703532
laser 006,quadratic_graph,2126.062992,630.000000,-0.084091144,5.429812955,-85.702233571,713.372341631,5.439032733,85.707784986
laser 006,quadratic_graph,2126.027268,631.000000,-0.078063925,5.426271512,-85.604172196,713.365346815,5.435217599,85.609669646
laser 006,quadratic_graph,2126.000496,632.000000,-0.074842542,5.423621431,-85.506455009,713.361203515,5.432420477,85.511921821
laser 006,quadratic_graph,2125.992331,633.000000,-0.077454412,5.422823923,-85.409449376,713.362988376,5.431739231,85.414934045
laser 006,quadratic_graph,2125.990970,634.000000,-0.082198518,5.422703840,-85.312702849,713.366940170,5.431831655,85.318223103
laser 006,quadratic_graph,2125.996447,635.000000,-0.089085600,5.423264574,-85.216215846,713.373069801,5.432701626,85.221789499
laser 006,quadratic_graph,2126.021657,636.000000,-0.102159502,5.425790039,-85.120478058,713.385486864,5.435815588,85.126156546
laser 006,quadratic_graph,2126.056959,637.000000,-0.118397413,5.429320444,-85.025120614,713.401119373,5.440077308,85.030930241
laser 006,quadratic_graph,2126.061505,638.000000,-0.124989189,5.429788578,-84.928591671,713.406948898,5.440841351,84.934452243
laser 006,quadratic_graph,2126.019180,639.000000,-0.116880587,5.425589824,-84.830284185,713.397839065,5.436274961,84.836073490
laser 006,quadratic_graph,2125.963070,640.000000,-0.104447980,5.420018719,-84.731457338,713.384334980,5.430141043,84.737139429
laser 006,quadratic_graph,2125.916741,641.000000,-0.095081644,5.415421629,-84.633004366,713.373947063,5.425119545,84.638604734
laser 006,quadratic_graph,2125.862482,642.000000,-0.083227614,5.410035222,-84.534254828,713.361031066,5.419196442,84.539752791
laser 006,quadratic_graph,2125.804911,643.000000,-0.070334163,5.404319322,-84.435384052,713.347058810,5.412896929,84.440770970
laser 006,quadratic_graph,2125.765047,644.000000,-0.062991928,5.400366331,-84.337184707,713.338728039,5.408610897,84.342506732
laser 006,quadratic_graph,2125.748660,645.000000,-0.063009745,5.398750467,-84.239871668,713.337876962,5.406994209,84.245189986
laser 006,quadratic_graph,2125.758985,646.000000,-0.071401960,5.399793695,-84.143563520,713.345536377,5.408414617,84.148947753
laser 006,quadratic_graph,2125.802420,647.000000,-0.090175394,5.404133060,-84.048497177,713.363745680,5.413599750,84.054033628
laser 006,quadratic_graph,2125.863271,648.000000,-0.114410022,5.410206527,-83.954079630,713.387504877,5.420765491,83.959813702
laser 006,quadratic_graph,2125.927010,649.000000,-0.139550652,5.416567932,-83.859764201,713.412184756,5.428260067,83.865703425
laser 006,quadratic_graph,2125.953820,650.000000,-0.153109418,5.419252814,-83.764059781,713.425094605,5.431555338,83.770107872
laser 006,quadratic_graph,2125.898649,651.000000,-0.140955562,5.413775284,-83.665286298,713.411874191,5.425527582,83.671229494
laser 006,quadratic_graph,2125.803649,652.000000,-0.116310316,5.404332761,-83.565029060,713.385959570,5.414970999,83.570763515
laser 006,quadratic_graph,2125.719907,653.000000,-0.095195751,5.396011654,-83.465199224,713.363633054,5.405695199,83.470754291
laser 006,quadratic_graph,2125.659256,654.000000,-0.081321640,5.389989607,-83.366236114,713.348664643,5.399045280,83.371671985
laser 006,quadratic_graph,2125.615188,655.000000,-0.072646474,5.385618480,-83.267894427,713.338979652,5.394280950,83.273254326
laser 006,quadratic_graph,2125.590089,656.000000,-0.069918002,5.383135597,-83.170260641,713.335337950,5.391673287,83.175594004
laser 006,quadratic_graph,2125.581658,657.000000,-0.072414570,5.382311825,-83.073246835,713.337006147,5.390960582,83.078597100
laser 006,quadratic_graph,2125.578469,658.000000,-0.076553509,5.382009834,-82.976427130,713.340343393,5.390843791,82.981807952
laser 006,quadratic_graph,2125.566427,659.000000,-0.077915190,5.380826647,-82.879278769,713.340858314,5.389720447,82.884667060
laser 006,quadratic_graph,2125.534817,660.000000,-0.073139807,5.377695766,-82.781406494,713.335136582,5.386372393,82.786751233
laser 006,quadratic_graph,2125.564764,661.000000,-0.087665062,5.380692012,-82.685810657,713.349028766,5.390022659,82.691272299
laser 006,quadratic_graph,2125.521270,662.000000,-0.079160510,5.376378252,-82.587500512,713.339517395,5.385323400,82.592887600
laser 006,quadratic_graph,2125.515299,663.000000,-0.082420539,5.375799381,-82.490576460,713.341961556,5.384890060,82.495986800
laser 006,quadratic_graph,2125.532823,664.000000,-0.093046599,5.377559093,-82.394517075,713.351891283,5.387127791,82.400011902
laser 006,quadratic_graph,2125.541852,665.000000,-0.101007756,5.378473286,-82.298142724,713.359112868,5.388399715,82.303699884
laser 006,quadratic_graph,2125.539675,666.000000,-0.105453713,5.378272078,-82.201354898,713.362762229,5.388397570,82.206945168
laser 006,quadratic_graph,2125.545072,667.000000,-0.112273510,5.378824782,-82.104844175,713.368823951,5.389256486,82.110487290
laser 006,quadratic_graph,2125.500349,668.000000,-0.103375061,5.374388685,-82.006495003,713.358912472,5.384417114,82.012060292
laser 006,quadratic_graph,2125.500504,669.000000,-0.108548339,5.374419606,-81.909791578,713.363301004,5.384679929,81.915396024
laser 006,quadratic_graph,2125.551782,670.000000,-0.129752361,5.379539245,-81.814956468,713.383980282,5.390755055,81.820733340
laser 006,quadratic_graph,2125.502313,671.000000,-0.119361192,5.374630683,-81.716436400,713.372551959,5.385375841,81.722123036
laser 006,quadratic_graph,2125.495837,672.000000,-0.122451230,5.374001603,-81.619487946,713.374823502,5.384884623,81.625196422
laser 006,quadratic_graph,2125.532086,673.000000,-0.138938736,5.377625317,-81.524095770,713.390709763,5.389250932,81.529937462
laser 006,quadratic_graph,2125.475920,674.000000,-0.126443166,5.372050191,-81.425336213,713.377143021,5.383110168,81.431070175
laser 006,quadratic_graph,2125.526279,675.000000,-0.147353286,5.377078400,-81.330452634,713.397523597,5.389080601,81.336356580
laser 006,quadratic_graph,2125.450185,676.000000,-0.128605300,5.369519718,-81.230972655,713.377603151,5.380674060,81.236716893
laser 006,quadratic_graph,2125.382503,677.000000,-0.112494891,5.362798722,-81.131803415,713.360363107,5.373224260,81.137409873
laser 006,quadratic_graph,2125.345708,678.000000,-0.106069344,5.359152106,-81.033757712,713.352964964,5.369285995,81.039306904
laser 006,quadratic_graph,2125.311144,679.000000,-0.100342187,5.355727620,-80.935794908,713.346276570,5.365601385,80.941292639
laser 006,quadratic_graph,2125.266042,680.000000,-0.091309428,5.351254466,-80.837453396,713.336229044,5.360718898,80.842872187
laser 006,quadratic_graph,2125.243487,681.000000,-0.089345465,5.349025285,-80.739928386,713.333364907,5.358399457,80.745327001
laser 006,quadratic_graph,2125.256317,682.000000,-0.098475779,5.350317612,-80.643679609,713.341774838,5.360102295,80.649150280
laser 006,quadratic_graph,2125.280161,683.000000,-0.111058772,5.352706117,-80.547825213,713.353693388,5.363057158,80.553396642
laser 006,quadratic_graph,2125.282225,684.000000,-0.116810849,5.352927058,-80.451184655,713.358670351,5.363536124,80.456800056
laser 006,quadratic_graph,2125.256928,685.000000,-0.113981581,5.350424956,-80.353560318,713.354926965,5.360904705,80.359148350
laser 006,quadratic_graph,2125.230695,686.000000,-0.110857505,5.347829744,-80.255903599,713.350884027,5.358166869,80.261461812
laser 006,quadratic_graph,2125.233394,687.000000,-0.116804718,5.348113878,-80.159284629,713.356059336,5.358717838,80.164888436
laser 006,quadratic_graph,2125.249094,688.000000,-0.126827722,5.349691913,-80.063129627,713.365376457,5.360746680,80.068812911
laser 006,quadratic_graph,2125.243054,689.000000,-0.130031983,5.349106349,-79.966195297,713.367764407,5.360304141,79.971901372
laser 006,quadratic_graph,2125.216792,690.000000,-0.126893373,5.346508263,-79.868538641,713.363706792,5.357562777,79.874214777
laser 006,quadratic_graph,2125.194992,691.000000,-0.125152723,5.344354276,-79.771042339,713.361069803,5.355328613,79.776700158
laser 006,quadratic_graph,2125.181613,692.000000,-0.126051520,5.343038364,-79.673846779,713.361115026,5.354051663,79.679508224
laser 006,quadratic_graph,2125.153452,693.000000,-0.122313482,5.340251398,-79.576125655,713.356448366,5.351094363,79.581752178
laser 006,quadratic_graph,2125.108363,694.000000,-0.113265821,5.335779912,-79.477804686,713.346386166,5.346212879,79.483352148
laser 006,quadratic_graph,2125.057546,695.000000,-0.102420943,5.330738582,-79.379283452,713.334497703,5.340680429,79.384736912
laser 006,quadratic_graph,2125.015763,696.000000,-0.094407822,5.326596374,-79.281085750,713.325486882,5.336174920,79.286468750
laser 006,quadratic_graph,2124.992418,697.000000,-0.092174981,5.324288936,-79.183543162,713.322349936,5.333765092,79.188903755
laser 006,quadratic_graph,2124.979500,698.000000,-0.093210337,5.323019053,-79.086370127,713.322534106,5.332540338,79.091735481
laser 006,quadratic_graph,2124.954882,699.000000,-0.090575701,5.320585002,-78.988784191,713.318988919,5.329985761,78.994123798
laser 006,quadratic_graph,2124.908639,700.000000,-0.081159158,5.315999317,-78.890436977,713.308552119,5.324973430,78.895694458
laser 006,quadratic_graph,2124.866903,701.000000,-0.073154699,5.311862210,-78.792251503,713.299550299,5.320473416,78.797438597
laser 006,quadratic_graph,2124.845814,702.000000,-0.071622761,5.309779456,-78.694794775,713.297125756,5.318319910,78.699965289
laser 006,quadratic_graph,2124.837012,703.000000,-0.073942002,5.308919199,-78.597770446,713.298614720,5.317562737,78.602956397
laser 006,quadratic_graph,2124.848213,704.000000,-0.082531837,5.310049131,-78.501447611,713.306475726,5.319078793,78.506701127
laser 006,quadratic_graph,2124.871901,705.000000,-0.095035962,5.312421514,-78.405560353,713.318314336,5.322013984,78.410913974
laser 006,quadratic_graph,2124.873894,706.000000,-0.100736287,5.312635345,-78.308910816,713.323239100,5.322483513,78.314307981
laser 006,quadratic_graph,2124.845682,707.000000,-0.096964079,5.309843862,-78.211204347,713.318538154,5.319520161,78.216566309
laser 006,quadratic_graph,2124.800173,708.000000,-0.087767005,5.305331494,-78.112895517,713.308324652,5.314591057,78.118177179
laser 006,quadratic_graph,2124.744928,709.000000,-0.075516195,5.299850653,-78.014250233,713.295008084,5.308555641,78.019426209
laser 006,quadratic_graph,2124.680612,710.000000,-0.060420469,5.293467624,-77.915292957,713.278800659,5.301489626,77.920339597
laser 006,quadratic_graph,2124.647969,711.000000,-0.055254224,5.290235715,-77.817441741,713.272683304,5.298022925,77.822441591
laser 006,quadratic_graph,2124.673661,712.000000,-0.068376396,5.292807091,-77.721618426,713.285150044,5.301185008,77.726723521
laser 006,quadratic_graph,2124.692848,713.000000,-0.079458080,5.294731405,-77.625566265,713.295543305,5.303607927,77.630759641
laser 006,quadratic_graph,2124.669480,714.000000,-0.077195687,5.292422157,-77.528037071,713.292376805,5.301194962,77.533207797
laser 006,quadratic_graph,2124.608583,715.000000,-0.063165315,5.286379532,-77.429210333,713.277252164,5.294517439,77.434260581
laser 006,quadratic_graph,2124.549179,716.000000,-0.049602285,5.280485700,-77.330439543,713.262602477,5.288009806,77.335373198
laser 006,quadratic_graph,2124.535326,717.000000,-0.050319269,5.279123162,-77.233245046,713.262463617,5.286678035,77.238180820
laser 006,quadratic_graph,2124.561127,718.000000,-0.063467419,5.281705202,-77.137417632,713.274956806,5.289851957,77.142458866
laser 006,quadratic_graph,2124.590205,719.000000,-0.077642178,5.284613330,-77.041699844,713.288493183,5.293398306,77.046855073
laser 006,quadratic_graph,2124.622509,720.000000,-0.092827673,5.287842502,-76.946089515,713.303056613,5.297311323,76.951367142
laser 006,quadratic_graph,2124.670623,721.000000,-0.112970000,5.292644695,-76.851018434,713.322656934,5.303021101,76.856459665
laser 006,quadratic_graph,2124.721381,722.000000,-0.133941229,5.297710209,-76.756032986,713.343099521,5.309031615,76.761644712
laser 006,quadratic_graph,2124.749287,723.000000,-0.147745817,5.300502317,-76.660259304,713.356259685,5.312445237,76.665981947
laser 006,quadratic_graph,2124.735308,724.000000,-0.148414115,5.299127114,-76.563049004,713.356071391,5.311098606,76.568773362
laser 006,quadratic_graph,2124.688292,725.000000,-0.138720754,5.294464989,-76.464709912,713.345354128,5.305997352,76.470349847
laser 006,quadratic_graph,2124.641563,726.000000,-0.129116354,5.289831577,-76.366383733,713.334727309,5.300928827,76.371939987
laser 006,quadratic_graph,2124.611231,727.000000,-0.124652651,5.286829570,-76.268619537,713.329324242,5.297723746,76.274134843
laser 006,quadratic_graph,2124.589612,728.000000,-0.122919890,5.284694424,-76.171153587,713.326696244,5.295508796,76.176650649
laser 006,quadratic_graph,2124.571244,729.000000,-0.122205258,5.282882726,-76.073799045,713.325102840,5.293663249,76.079286326
laser 006,quadratic_graph,2124.560552,730.000000,-0.123896328,5.281834671,-75.976705734,713.325954000,5.292689935,75.982203233
laser 006,quadratic_graph,2124.563702,731.000000,-0.129926679,5.282163661,-75.880081755,713.331214503,5.293289531,75.885625545
laser 006,quadratic_graph,2124.567390,732.000000,-0.136124507,5.282546187,-75.783474733,713.336645196,5.293950223,75.789066207
laser 006,quadratic_graph,2124.544833,733.000000,-0.134090931,5.280317785,-75.685978656,713.333711644,5.291628441,75.691549386
laser 006,quadratic_graph,2124.506637,734.000000,-0.127151935,5.276533648,-75.587955243,713.325793538,5.287529504,75.593464450
laser 006,quadratic_graph,2124.474524,735.000000,-0.122119240,5.273354729,-75.490139389,713.319812537,5.284121832,75.495602920
laser 006,quadratic_graph,2124.518173,736.000000,-0.140842837,5.277712532,-75.394878056,713.337971182,5.289323187,75.400493398
laser 006,quadratic_graph,2124.487868,737.000000,-0.136374267,5.274713432,-75.297123316,713.332563450,5.286120799,75.302697673
laser 006,quadratic_graph,2124.441972,738.000000,-0.127015401,5.270163460,-75.198846256,713.322186562,5.281146802,75.204338974
laser 006,quadratic_graph,2124.434643,739.000000,-0.129749143,5.269450042,-75.101866636,713.324097405,5.280555192,75.107378242
laser 006,quadratic_graph,2124.451884,740.000000,-0.140186392,5.271180764,-75.005710260,713.333836032,5.282755441,75.011304793
laser 006,quadratic_graph,2124.457055,741.000000,-0.146837488,5.271710829,-74.909147335,713.339727436,5.283584136,74.914793321
laser 006,quadratic_graph,2124.432992,742.000000,-0.144319689,5.269332771,-74.811605546,713.336302078,5.281090845,74.817226763
laser 006,quadratic_graph,2124.388875,743.000000,-0.135511913,5.264959896,-74.713395246,713.326485337,5.276318822,74.718939408
laser 006,quadratic_graph,2124.339944,744.000000,-0.125193498,5.260108314,-74.615027287,713.315133643,5.270999905,74.620481834
laser 006,quadratic_graph,2124.310827,745.000000,-0.121087127,5.257227734,-74.517322452,713.310094205,5.267932390,74.522739027
laser 006,quadratic_graph,2124.317866,746.000000,-0.128317004,5.257943535,-74.420821644,713.316573825,5.268972946,74.426294484
laser 006,quadratic_graph,2124.357627,747.000000,-0.145806904,5.261914246,-74.325406151,713.333478882,5.273731528,74.331020547
laser 006,quadratic_graph,2124.384465,748.000000,-0.159243579,5.264599620,-74.229557575,713.346265354,5.277021820,74.235279833
laser 006,quadratic_graph,2124.344591,749.000000,-0.151758133,5.260648901,-74.131495460,713.337792449,5.272731643,74.137151655
laser 006,quadratic_graph,2124.272643,750.000000,-0.134213602,5.253507965,-74.032374642,713.319098370,5.264797205,74.037881155
laser 006,quadratic_graph,2124.217334,751.000000,-0.121886100,5.248022363,-73.933808941,713.305705468,5.258753586,73.939209140
laser 006,quadratic_graph,2124.173993,752.000000,-0.113310417,5.243727302,-73.835642000,713.296124903,5.254069859,73.840967075
laser 006,quadratic_graph,2124.127364,753.000000,-0.103702674,5.239105368,-73.737369512,713.285495692,5.249012673,73.742610883
laser 006,quadratic_graph,2124.080033,754.000000,-0.093873781,5.234413777,-73.639077013,713.274641816,5.243875848,73.644232842
laser 006,quadratic_graph,2124.042212,755.000000,-0.087025590,5.230668099,-73.541100196,713.266816715,5.239819479,73.546195262
laser 006,quadratic_graph,2124.027101,756.000000,-0.087296594,5.229180950,-73.443871023,713.266225542,5.238342983,73.448964507
laser 006,quadratic_graph,2124.048710,757.000000,-0.099079560,5.231345556,-73.347845742,713.277331803,5.241037866,73.353033342
laser 006,quadratic_graph,2124.087164,758.000000,-0.116143486,5.235185522,-73.252369056,713.293804083,5.245646480,73.257694672
laser 006,quadratic_graph,2124.088260,759.000000,-0.121492454,5.235310188,-73.155666768,713.298372697,5.246011007,73.161033015
laser 006,quadratic_graph,2124.008840,760.000000,-0.101593577,5.227427437,-73.056334682,713.277286852,5.237228490,73.061531678
laser 006,quadratic_graph,2123.929953,761.000000,-0.081861645,5.219598181,-72.957026005,713.256370714,5.228507004,72.962055139
laser 006,quadratic_graph,2120.076963,966.000000,0.128467543,4.840150369,-53.014828957,712.865593070,4.839251474,53.017327698
laser 006,quadratic_graph,2120.165935,967.000000,0.095866682,4.848992594,-52.920166325,712.897849270,4.849563722,52.922932239
laser 006,quadratic_graph,2120.335048,968.000000,0.038152890,4.865787087,-52.827386253,712.955616290,4.868961764,52.830628070
laser 006,quadratic_graph,2120.463914,969.000000,-0.006955562,4.878590347,-52.733643162,713.000578120,4.883799604,52.737256111
laser 006,quadratic_graph,2120.514260,970.000000,-0.027458692,4.883602701,-52.638041952,713.020544699,4.889735926,52.641821521
laser 006,quadratic_graph,2120.524554,971.000000,-0.035408554,4.884640496,-52.541495416,713.027759109,4.891131069,52.545337265
laser 006,quadratic_graph,2120.504225,972.000000,-0.033759508,4.882639286,-52.444229610,713.025222554,4.889053941,52.448053956
laser 006,quadratic_graph,2120.479681,973.000000,-0.030788137,4.880219818,-52.346866057,713.021342755,4.886498869,52.350661909
laser 006,quadratic_graph,2120.454576,974.000000,-0.027639661,4.877744720,-52.249490595,713.017283078,4.883880174,52.253256483
laser 006,quadratic_graph,2120.484644,975.000000,-0.041781707,4.880744825,-52.153401766,713.030787792,4.887517127,52.157281402
laser 006,quadratic_graph,2120.428588,976.000000,-0.028930124,4.875198278,-52.055306627,713.016871386,4.881389014,52.059075649
laser 006,quadratic_graph,2120.375801,977.000000,-0.017102209,4.869976350,-51.957291315,713.003994914,4.875631725,51.960958232
laser 006,quadratic_graph,2120.327063,978.000000,-0.006542298,4.865156396,-51.859373468,712.992406575,4.870333645,51.862948819
laser 006,quadratic_graph,2120.265573,979.000000,0.008014742,4.859071342,-51.761164085,712.976757871,4.863590046,51.764614649
laser 006,quadratic_graph,2120.211377,980.000000,0.020286815,4.853710261,-51.663127463,712.963430368,4.857673558,51.666472231
laser 006,quadratic_graph,2120.189683,981.000000,0.022375084,4.851574051,-51.565843254,712.960447933,4.855441610,51.569166870
laser 006,quadratic_graph,2120.223944,982.000000,0.006930312,4.854989529,-51.469846414,712.975276096,4.859552739,51.473294607
laser 006,quadratic_graph,2120.302854,983.000000,-0.022506418,4.862835425,-51.374870355,713.004317661,4.868725844,51.378559421
laser 006,quadratic_graph,2120.363967,984.000000,-0.046366233,4.868915908,-51.279478985,713.027694001,4.875881811,51.283362570
laser 006,quadratic_graph,2120.359769,985.000000,-0.049755823,4.868515639,-51.182588137,713.030276133,4.875633058,51.186496102
laser 006,quadratic_graph,2120.313489,986.000000,-0.039954859,4.863939556,-51.084736366,713.019459000,4.870613110,51.088559075
laser 006,quadratic_graph,2120.256833,987.000000,-0.026901015,4.858334075,-50.986651362,713.005337565,4.864416938,50.990361778
laser 006,quadratic_graph,2120.205671,988.000000,-0.015568128,4.853273951,-50.888695256,712.992964370,4.858843802,50.892307685
laser 006,quadratic_graph,2120.165115,989.000000,-0.007558036,4.849266311,-50.790983302,712.983966589,4.854473133,50.794525361
laser 006,quadratic_graph,2120.134265,990.000000,-0.002588463,4.846221765,-50.693493722,712.978057468,4.851202798,50.696990683
laser 006,quadratic_graph,2120.123765,991.000000,-0.003994860,4.845196278,-50.596465807,712.978625206,4.850239315,50.599970664
laser 006,quadratic_graph,2120.140099,992.000000,-0.013809276,4.846833139,-50.500043178,712.987733968,4.852317694,50.503625815
laser 006,quadratic_graph,2120.167961,993.000000,-0.027235464,4.849613843,-50.403877764,713.000511621,4.855702942,50.407568201
laser 006,quadratic_graph,2120.175716,994.000000,-0.034359132,4.850399613,-50.307257160,713.006887077,4.856808778,50.311003014
laser 006,quadratic_graph,2120.154985,995.000000,-0.032553918,4.848359019,-50.209996025,713.004192465,4.854685227,50.213723082
laser 006,quadratic_graph,2120.126134,996.000000,-0.028202600,4.845512811,-50.112553976,712.998911519,4.851641139,50.116241075
laser 006,quadratic_graph,2120.111330,997.000000,-0.028252305,4.844060340,-50.015427328,712.998101211,4.850189438,50.019111048
laser 006,quadratic_graph,2120.125443,998.000000,-0.037363327,4.845476930,-49.918945837,713.006495495,4.852015799,49.922701493
laser 006,quadratic_graph,2120.135695,999.000000,-0.045263160,4.846510477,-49.822376263,713.013659444,4.853404448,49.826193786
laser 006,quadratic_graph,2120.115331,1000.000000,-0.043566338,4.844506359,-49.725124793,713.011075051,4.851322268,49.728924421
laser 006,quadratic_graph,2120.082911,1001.000000,-0.038089785,4.841306122,-49.627606877,713.004651213,4.847873363,49.631357196
laser 006,quadratic_graph,2120.047241,1002.000000,-0.031593466,4.837783516,-49.530018932,712.997191530,4.844056061,49.533711466
laser 006,quadratic_graph,2120.001812,1003.000000,-0.022037580,4.833292815,-49.432217659,712.986623969,4.839132564,49.435826978
laser 006,quadratic_graph,2119.946067,1004.000000,-0.009247832,4.827778863,-49.334192071,712.972771493,4.833039850,49.337691297
laser 006,quadratic_graph,2119.887114,1005.000000,0.004548020,4.821946911,-49.236099860,712.957897070,4.826583724,49.239480631
laser 006,quadratic_graph,2119.850376,1006.000000,0.011383402,4.818318868,-49.138499450,712.950093144,4.822645681,49.141819618
laser 006,quadratic_graph,2119.845175,1007.000000,0.008337591,4.817819259,-49.041592123,712.952326554,4.822282082,49.044933816
laser 006,quadratic_graph,2119.845322,1008.000000,0.003617200,4.817850168,-48.944801227,712.956261012,4.822524587,48.948178364
laser 006,quadratic_graph,2119.848578,1009.000000,-0.002076195,4.818189497,-48.848077216,712.961183854,4.823119429,48.851497884
laser 006,quadratic_graph,2119.860569,1010.000000,-0.010505693,4.819395350,-48.751542203,712.968886024,4.824704297,48.755029143
laser 006,quadratic_graph,2119.877082,1011.000000,-0.020351184,4.821049829,-48.655103501,712.978026551,4.826801704,48.658668482
laser 006,quadratic_graph,2119.886450,1012.000000,-0.027956416,4.821995550,-48.558507460,712.984891441,4.828089235,48.562131863
laser 006,quadratic_graph,2119.875208,1013.000000,-0.029101400,4.820896711,-48.461463518,712.985194075,4.827040611,48.465093647
laser 006,quadratic_graph,2119.833221,1014.000000,-0.020609929,4.816747954,-48.363755401,712.975708122,4.822507108,48.367311165
laser 006,quadratic_graph,2119.771189,1015.000000,-0.005835784,4.810610953,-48.265617844,712.959840347,4.815701780,48.269047025
laser 006,quadratic_graph,2119.712871,1016.000000,0.007775214,4.804842636,-48.167564679,712.945154143,4.809317638,48.170876945
laser 006,quadratic_graph,2119.669087,1017.000000,0.016832763,4.800516143,-48.069827729,712.935093322,4.804580848,48.073060925
laser 006,quadratic_graph,2119.635829,1018.000000,0.022593117,4.797233794,-47.972319197,712.928381785,4.801037029,47.975500727
laser 006,quadratic_graph,2119.615755,1019.000000,0.024223583,4.795259139,-47.875094538,712.925865358,4.798987316,47.878258729
laser 006,quadratic_graph,2119.592193,1020.000000,0.026948284,4.792938569,-47.777796246,712.922237452,4.796542297,47.780934004
laser 006,quadratic_graph,2119.562916,1021.000000,0.031464992,4.790051228,-47.680377350,712.916789290,4.793449622,47.683473780
laser 006,quadratic_graph,2119.540014,1022.000000,0.033985448,4.787796201,-47.583095546,712.913368914,4.791079366,47.586167240
laser 006,quadratic_graph,2119.523636,1023.000000,0.034463016,4.786188235,-47.485953161,712.912023688,4.789448382,47.489017098
laser 006,quadratic_graph,2119.505403,1024.000000,0.035523126,4.784396318,-47.388771993,712.910086754,4.787607153,47.391823333
laser 006,quadratic_graph,2119.487344,1025.000000,0.036530024,4.782621682,-47.291595144,712.908203896,4.785785607,47.294634328
laser 006,quadratic_graph,2119.474094,1026.000000,0.036031428,4.781323993,-47.194520291,712.907850307,4.784508962,47.197559833
laser 006,quadratic_graph,2119.476827,1027.000000,0.030526150,4.781611407,-47.097781866,712.912582392,4.785043407,47.100863378
laser 006,quadratic_graph,2119.501607,1028.000000,0.018113858,4.784085365,-47.001505109,712.924330439,4.788076158,47.004685998
laser 006,quadratic_graph,2119.516914,1029.000000,0.008670885,4.785619890,-46.905026823,712.933062330,4.790035451,46.908282410
laser 006,quadratic_graph,2119.497886,1030.000000,0.009988089,4.783749153,-46.807828427,712.930864361,4.788103800,46.811069280
laser 006,quadratic_graph,2119.475258,1031.000000,0.012434658,4.781521408,-46.710555635,712.927519246,4.785764165,46.713772367
laser 006,quadratic_graph,2119.467208,1032.000000,0.010314520,4.780739472,-46.613587384,712.928812869,4.785076467,46.616817953
laser 006,quadratic_graph,2119.443616,1033.000000,0.013065774,4.778416172,-46.516295979,712.925158317,4.782627526,46.519499895
laser 006,quadratic_graph,2119.489867,1034.000000,-0.006067314,4.783019626,-46.420453798,712.943733134,4.788093131,46.423812950
laser 006,quadratic_graph,2119.478852,1035.000000,-0.007254463,4.781943647,-46.323421801,712.944079099,4.787069279,46.326787035
laser 006,quadratic_graph,2119.497092,1036.000000,-0.017607926,4.783769158,-46.226993880,712.953735880,4.789360657,46.230441380
laser 006,quadratic_graph,2119.511684,1037.000000,-0.026817134,4.785232911,-46.130488288,712.962230368,4.791238630,46.134008544
laser 006,quadratic_graph,2119.481094,1038.000000,-0.021865984,4.782215480,-46.033051465,712.956341336,4.787996263,46.036526785
laser 006,quadratic_graph,2119.444626,1039.000000,-0.015071607,4.778615151,-45.935495757,712.948580066,4.784087801,45.938910823
laser 006,quadratic_graph,2119.412920,1040.000000,-0.009768305,4.775487185,-45.838039784,712.942333406,4.780719005,45.841406987
laser 006,quadratic_graph,2119.372042,1041.000000,-0.001589654,4.771449686,-45.740398240,712.933166129,4.776310891,45.743693684
laser 006,quadratic_graph,2119.326858,1042.000000,0.007939384,4.766985289,-45.642671534,712.922627233,4.771414928,45.645883995
laser 006,quadratic_graph,2119.291476,1043.000000,0.014398085,4.763493056,-45.545147226,712.915207090,4.767629715,45.548302223
laser 006,quadratic_graph,2119.294010,1044.000000,0.008977293,4.763760827,-45.448394725,712.919853606,4.768140710,45.451590993
laser 006,quadratic_graph,2119.345346,1045.000000,-0.011734763,4.768868251,-45.352629651,712.940032248,4.774181561,45.355994279
laser 006,quadratic_graph,2119.405609,1046.000000,-0.035244236,4.774861317,-45.257039722,712.963052338,4.781234320,45.260595960
laser 006,quadratic_graph,2119.443475,1047.000000,-0.051734614,4.778633402,-45.160991908,712.978942758,4.785749279,45.164681419
laser 006,quadratic_graph,2119.437325,1048.000000,-0.054429463,4.778040043,-45.064053876,712.980820388,4.785276105,45.067762002
laser 006,quadratic_graph,2119.379090,1049.000000,-0.040799777,4.772280996,-44.966069269,712.966116452,4.778900404,44.969660331
laser 006,quadratic_graph,2119.291947,1050.000000,-0.018110358,4.763655401,-44.867509467,712.942210196,4.769249227,44.870908169
laser 006,quadratic_graph,2119.209932,1051.000000,0.002972021,4.755538908,-44.769058924,712.919936359,4.760179690,44.772278622
laser 006,quadratic_graph,2119.144192,1052.000000,0.018954921,4.749036706,-44.670939356,712.902842355,4.752954619,44.674022434
laser 006,quadratic_graph,2119.104928,1053.000000,0.026642797,4.745159994,-44.573351681,712.894174009,4.748729450,44.576367081
laser 006,quadratic_graph,2119.108414,1054.000000,0.020937078,4.745522159,-44.476615698,712.899110115,4.749347705,44.479674738
laser 006,quadratic_graph,2119.140936,1055.000000,0.006134413,4.748763445,-44.380454036,712.913286348,4.753255689,44.383632323
laser 006,quadratic_graph,2119.173783,1056.000000,-0.008769358,4.752037094,-44.284295083,712.927565265,4.757200600,44.287593457
laser 006,quadratic_graph,2119.171965,1057.000000,-0.012809569,4.751873400,-44.187448199,712.930809657,4.757217821,44.190776371
laser 006,quadratic_graph,2119.140658,1058.000000,-0.007607820,4.748785576,-44.090019806,712.924666680,4.753893759,44.093300963
laser 006,quadratic_graph,2119.113137,1059.000000,-0.003591198,4.746073230,-43.992667590,712.919727511,4.750998668,43.995911583
laser 006,quadratic_graph,2119.088948,1060.000000,-0.000617396,4.743691321,-43.895382155,712.915847603,4.748481084,43.898597652
laser 006,quadratic_graph,2119.066332,1061.000000,0.001864791,4.741465422,-43.798128657,712.912467072,4.746141701,43.801319743
laser 006,quadratic_graph,2119.049534,1062.000000,0.002525227,4.739816429,-43.700989745,712.910936979,4.744461453,43.704171562
laser 006,quadratic_graph,2119.034471,1063.000000,0.002643318,4.738339486,-43.603885146,712.909957785,4.742977734,43.607062200
laser 006,quadratic_graph,2119.017700,1064.000000,0.003297913,4.736693210,-43.506747727,712.908433671,4.741300467,43.509915561
laser 006,quadratic_graph,2119.009819,1065.000000,0.001168185,4.735928402,-43.409783193,712.909737694,4.740630344,43.412964948
laser 006,quadratic_graph,2119.018763,1066.000000,-0.006232346,4.736831825,-43.313143898,712.916395420,4.741866360,43.316383379
laser 006,quadratic_graph,2119.027282,1067.000000,-0.013498523,4.737693135,-43.216494695,712.922916684,4.743054199,43.219790788
laser 006,quadratic_graph,2119.014982,1068.000000,-0.014239653,4.736490192,-43.119442863,712.922810315,4.741883266,43.122741335
laser 006,quadratic_graph,2118.974948,1069.000000,-0.006288892,4.732537414,-43.021858231,712.913875428,4.737570173,43.025086844
laser 006,quadratic_graph,2118.927446,1070.000000,0.004003026,4.727844328,-42.924132976,712.902562622,4.732411099,42.927272272
laser 006,quadratic_graph,2118.893041,1071.000000,0.010192201,4.724449881,-42.826661441,712.895417099,4.728735850,42.829745519
laser 006,quadratic_graph,2118.873699,1072.000000,0.011662848,4.722548885,-42.729479430,712.893064306,4.726767032,42.732547507
laser 006,quadratic_graph,2118.840823,1073.000000,0.017375410,4.719306152,-42.632040465,712.886402955,4.723265011,42.635057285
laser 006,quadratic_graph,2118.795649,1074.000000,0.026942406,4.714844312,-42.534369798,712.875826636,4.718369907,42.537303328
laser 006,quadratic_graph,2118.772185,1075.000000,0.029708389,4.712534812,-42.437113604,712.872158247,4.715934118,42.440020367
laser 006,quadratic_graph,2118.788219,1076.000000,0.020100160,4.714140970,-42.340605422,712.881058530,4.717972522,42.343588262
laser 006,quadratic_graph,2118.825763,1077.000000,0.003753153,4.717879662,-42.244500774,712.896803469,4.722447629,42.247615698
laser 006,quadratic_graph,2118.845770,1078.000000,-0.007098023,4.719879853,-42.148061841,712.906966218,4.724936169,42.151263172
laser 006,quadratic_graph,2118.830867,1079.000000,-0.007009058,4.718419023,-42.050964578,712.906016963,4.723469885,42.054161392
laser 006,quadratic_graph,2118.774968,1080.000000,0.005926966,4.712893911,-41.953099494,712.892018871,4.717359444,41.956185018
laser 006,quadratic_graph,2118.708937,1081.000000,0.022038386,4.706364627,-41.855048952,712.874795564,4.710101504,41.857996796
laser 006,quadratic_graph,2118.743041,1082.000000,0.006775999,4.709762142,-41.758870762,712.889438864,4.714186478,41.761941675
laser 006,quadratic_graph,2118.819209,1083.000000,-0.021666577,4.717330053,-41.663471466,712.917469320,4.723036761,41.666774992
laser 006,quadratic_graph,2118.873018,1084.000000,-0.043103164,4.722681697,-41.567649627,712.938383727,4.729354549,41.571127536
laser 006,quadratic_graph,2118.873364,1085.000000,-0.047784989,4.722732773,-41.470831917,712.942280263,4.729615513,41.474344961
laser 006,quadratic_graph,2118.805515,1086.000000,-0.031094916,4.716022623,-41.372753020,712.924469365,4.722150590,41.376123575
laser 006,quadratic_graph,2118.704805,1087.000000,-0.004107476,4.706055130,-41.274073342,712.896199502,4.710963534,41.277215826
laser 006,quadratic_graph,2118.610053,1088.000000,0.021012416,4.696679045,-41.175511156,712.869826595,4.700452181,41.178441091
laser 006,quadratic_graph,2118.551827,1089.000000,0.034688117,4.690924134,-41.077626443,712.855077599,4.694078558,41.080438943
laser 006,quadratic_graph,2118.540803,1090.000000,0.033576130,4.689848096,-40.980609766,712.855348448,4.693051279,40.983427732
laser 006,quadratic_graph,2118.553440,1091.000000,0.025052191,4.691117389,-40.884025143,712.863147594,4.694703882,40.886910176
laser 006,quadratic_graph,2118.574015,1092.000000,0.014042224,4.693173570,-40.787583104,712.873471782,4.697255587,40.790555866
laser 006,quadratic_graph,2118.598126,1093.000000,0.001925308,4.695580336,-40.691202628,712.884920286,4.700207839,40.694272320
laser 006,quadratic_graph,2118.624626,1094.000000,-0.010939259,4.698224010,-40.594862467,712.897128163,4.703430748,40.598035301
laser 006,quadratic_graph,2118.625347,1095.000000,-0.015725030,4.698312257,-40.498052806,712.901130485,4.703733578,40.501261640
laser 006,quadratic_graph,2118.599127,1096.000000,-0.012067603,4.695729846,-40.400756015,712.896557163,4.700984651,40.403930677
laser 006,quadratic_graph,2118.569555,1097.000000,-0.007358591,4.692815209,-40.303400231,712.890915791,4.697856035,40.306531981
laser 006,quadratic_graph,2118.547975,1098.000000,-0.005152534,4.690692843,-40.206189596,712.887816669,4.695632663,40.209299238
laser 006,quadratic_graph,2118.530580,1099.000000,-0.004256499,4.688985344,-40.109054871,712.886048143,4.693883291,40.112153291
laser 006,quadratic_graph,2118.498634,1100.000000,0.001200169,4.685835532,-40.011660693,712.879647485,4.690485753,40.014709989
laser 006,quadratic_graph,2118.522699,1101.000000,-0.010892138,4.688237728,-39.915266861,712.891071039,4.693432329,39.918412882
laser 006,quadratic_graph,2118.476382,1102.000000,-0.000929810,4.683663451,-39.817618358,712.880094119,4.688406955,39.820677809
laser 006,quadratic_graph,2118.458890,1103.000000,0.000001844,4.681946429,-39.720484307,712.878289516,4.686646453,39.723532241
laser 006,quadratic_graph,2118.439732,1104.000000,0.001456814,4.680064297,-39.623321359,712.875953418,4.684697222,39.626353428
laser 006,quadratic_graph,2118.391366,1105.000000,0.012064674,4.675287204,-39.525643535,712.864320966,4.679439896,39.528583670
laser 006,quadratic_graph,2118.349586,1106.000000,0.020610031,4.671163031,-39.428084965,712.854783397,4.674928588,39.430950307
laser 006,quadratic_graph,2118.333097,1107.000000,0.021232592,4.669545569,-39.330973343,712.853292854,4.673281598,39.333829738
laser 006,quadratic_graph,2118.343993,1108.000000,0.013276339,4.670642281,-39.234342066,712.860515607,4.674736005,39.237260812
laser 006,quadratic_graph,2118.364795,1109.000000,0.002217429,4.672720851,-39.137882074,712.870889646,4.677312314,39.140888957
laser 006,quadratic_graph,2118.378657,1110.000000,-0.006665932,4.674111622,-39.041298353,712.879054038,4.679102626,39.044375294
laser 006,quadratic_graph,2118.381461,1111.000000,-0.012083255,4.674406394,-38.944520172,712.883698082,4.679640495,38.947638363
laser 006,quadratic_graph,2118.364134,1112.000000,-0.011191465,4.672705862,-38.847391541,712.881934168,4.677898286,38.850498549
laser 006,quadratic_graph,2118.319105,1113.000000,-0.001618407,4.668259707,-38.749784058,712.871353001,4.673018611,38.752807733
laser 006,quadratic_graph,2118.252438,1114.000000,0.014735251,4.661669204,-38.651806042,712.853885054,4.665688533,38.654690032
laser 006,quadratic_graph,2118.185345,1115.000000,0.031222896,4.655036826,-38.553825586,712.836281085,4.658310533,38.556568777
laser 006,quadratic_graph,2118.149213,1116.000000,0.038011298,4.651472950,-38.456381785,712.828528346,4.654438827,38.459064787
laser 006,quadratic_graph,2118.157676,1117.000000,0.030829548,4.652328442,-38.359704146,712.834964602,4.655617059,38.362443064
laser 006,quadratic_graph,2118.178639,1118.000000,0.019732644,4.654422733,-38.263238453,712.845377332,4.658210808,38.266065826
laser 006,quadratic_graph,2118.176211,1119.000000,0.015965484,4.654198962,-38.166371322,712.848345532,4.658155653,38.169226232
laser 006,quadratic_graph,2118.142666,1120.000000,0.021948884,4.650891462,-38.068974429,712.841410504,4.654576661,38.071775842
laser 006,quadratic_graph,2118.084502,1121.000000,0.035646541,4.645144385,-37.971162040,712.826640473,4.648209896,37.973845843
laser 006,quadratic_graph,2118.017941,1122.000000,0.051975561,4.638565503,-37.873211773,712.809197938,4.640892556,37.875756097
laser 006,quadratic_graph,2117.968752,1123.000000,0.062863036,4.633708273,-37.775559443,712.797282197,4.635542481,37.778009513
laser 006,quadratic_graph,2117.949991,1124.000000,0.064219490,4.631866137,-37.678422442,712.795046723,4.633637700,37.680857469
laser 006,quadratic_graph,2117.942988,1125.000000,0.061893847,4.631189059,-37.581483469,712.796551004,4.633064176,37.583934055
laser 006,quadratic_graph,2117.921760,1126.000000,0.064025753,4.629102521,-37.484306056,712.793527987,4.630879993,37.486735155
laser 006,quadratic_graph,2117.877300,1127.000000,0.073436640,4.624714167,-37.386741681,712.783112102,4.626065445,37.389088799
laser 006,quadratic_graph,2117.823451,1128.000000,0.085789652,4.619395734,-37.289023904,712.769708097,4.620188020,37.291264589
laser 006,quadratic_graph,2117.775233,1129.000000,0.096379682,4.614635390,-37.191403408,712.758094713,4.614948259,37.193552313
laser 006,quadratic_graph,2117.744474,1130.000000,0.101502001,4.611604860,-37.094075370,712.752034638,4.611685109,37.096177936
laser 006,quadratic_graph,2117.764375,1131.000000,0.090757090,4.613593260,-36.997586019,712.762090071,4.614157084,36.999774116
laser 006,quadratic_graph,2117.816520,1132.000000,0.069912604,4.618776316,-36.901625365,712.782403069,4.620279577,36.903982928
laser 006,quadratic_graph,2117.837458,1133.000000,0.058844570,4.620867665,-36.805146399,712.792786659,4.622869087,36.807592179
laser 006,quadratic_graph,2117.818625,1134.000000,0.060236690,4.619018584,-36.708012747,712.790515197,4.620955756,36.710443189
laser 006,quadratic_graph,2117.778529,1135.000000,0.068291011,4.615062878,-36.610532172,712.781477363,4.616635090,36.612891908
laser 006,quadratic_graph,2117.740606,1136.000000,0.075665742,4.611322572,-36.513089585,712.773129788,4.612560499,36.515384264
laser 006,quadratic_graph,2117.714246,1137.000000,0.079419534,4.608727912,-36.415837397,712.768459816,4.609794992,36.418097112
laser 006,quadratic_graph,2117.684440,1138.000000,0.084254030,4.605791912,-36.318530681,712.762692275,4.606639366,36.320746450
laser 006,quadratic_graph,2117.654614,1139.000000,0.089096022,4.602853993,-36.221225300,712.756917153,4.603481484,36.223397062
laser 006,quadratic_graph,2117.641036,1140.000000,0.088849769,4.601525735,-36.124183675,712.756309861,4.602162929,36.126353717
laser 006,quadratic_graph,2117.643131,1141.000000,0.083695393,4.601750140,-36.027394443,712.760687440,4.602618575,36.029603555
laser 006,quadratic_graph,2117.643865,1142.000000,0.078968596,4.601839731,-35.930582267,712.764630767,4.602920107,35.932826896
laser 006,quadratic_graph,2117.616728,1143.000000,0.082973575,4.599168276,-35.833323126,712.759705850,4.600066470,35.835530705
laser 006,quadratic_graph,2117.555020,1144.000000,0.097808648,4.593072237,-35.735513748,712.743781606,4.593299414,35.737594270
laser 006,quadratic_graph,2117.563991,1145.000000,0.090505853,4.593977777,-35.638833586,712.750341255,4.594533170,35.640971033
laser 006,quadratic_graph,2117.553866,1146.000000,0.089185858,4.592991674,-35.541848651,712.750824618,4.593605238,35.543993304
laser 006,quadratic_graph,2117.513737,1147.000000,0.097265429,4.589033432,-35.444388784,712.741761563,4.589280902,35.446462523
laser 006,quadratic_graph,2117.550542,1148.000000,0.081247883,4.592696196,-35.348145799,712.757172163,4.593665237,35.350348890
laser 006,quadratic_graph,2117.574602,1149.000000,0.069223404,4.595096555,-35.251698101,712.768527296,4.596606935,35.253997360
laser 006,quadratic_graph,2117.587666,1150.000000,0.060644486,4.596407675,-35.155074786,712.776383036,4.598303872,35.157441576
laser 006,quadratic_graph,2117.577213,1151.000000,0.059433728,4.595389106,-35.058081248,712.776755522,4.597338545,35.060454336
laser 006,quadratic_graph,2117.542435,1152.000000,0.065844288,4.591960838,-34.960707930,712.769387673,4.593619519,34.963023977
laser 006,quadratic_graph,2117.501179,1153.000000,0.074285247,4.587890951,-34.863235856,712.759957751,4.589167229,34.865477988
laser 006,quadratic_graph,2117.477032,1154.000000,0.077368043,4.585515945,-34.766032048,712.755969712,4.586651669,34.768244795
laser 006,quadratic_graph,2117.466518,1155.000000,0.076181676,4.584491412,-34.669040460,712.756317532,4.585679281,34.671259303
laser 006,quadratic_graph,2117.450530,1156.000000,0.076711320,4.582924659,-34.571964350,712.754922566,4.584087216,34.574175027
laser 006,quadratic_graph,2117.487688,1157.000000,0.060594273,4.586622421,-34.475706870,712.770434220,4.588511045,34.478047727
laser 006,quadratic_graph,2117.433086,1158.000000,0.073222467,4.581230672,-34.378036589,712.756751850,4.582547897,34.380268733
laser 006,quadratic_graph,2117.391305,1159.000000,0.081835489,4.577109087,-34.280566393,712.747147385,4.578036144,34.282723194
laser 006,quadratic_graph,2117.366732,1160.000000,0.085059487,4.574692072,-34.183361564,712.743016107,4.575472207,34.185487808
laser 006,quadratic_graph,2117.365676,1161.000000,0.080918412,4.574604451,-34.086515884,712.746364888,4.575570098,34.088672780
laser 006,quadratic_graph,2117.395030,1162.000000,0.067252812,4.577529025,-33.990130929,712.759386853,4.579110090,33.992397632
laser 006,quadratic_graph,2117.416512,1163.000000,0.056054018,4.579673943,-33.893623382,712.769903506,4.581759082,33.895979392
laser 006,quadratic_graph,2117.378271,1164.000000,0.063565062,4.575903021,-33.796211728,712.761418358,4.577647735,33.798501554
laser 006,quadratic_graph,2117.308490,1165.000000,0.080956855,4.569008201,-33.698327869,712.742898331,4.569966507,33.700469395
laser 006,quadratic_graph,2117.251289,1166.000000,0.094408726,4.563359712,-33.600637916,712.728379761,4.563709444,33.602663887
laser 006,quadratic_graph,2117.211133,1167.000000,0.102522626,4.559399592,-33.503207009,712.719282494,4.559381689,33.505161785
laser 006,quadratic_graph,2117.176586,1168.000000,0.108880836,4.555995087,-33.405862329,712.711968349,4.555688797,33.407760503
laser 006,quadratic_graph,2117.145359,1169.000000,0.114200384,4.552919463,-33.308569100,712.705709103,4.552371667,33.310419304
laser 006,quadratic_graph,2117.116179,1170.000000,0.118880027,4.550046629,-33.211308011,712.700099779,4.549286210,33.213115562
laser 006,quadratic_graph,2117.074888,1171.000000,0.127354012,4.545974499,-33.113869461,712.690636971,4.544830195,33.115602827
laser 006,quadratic_graph,2117.026910,1172.000000,0.137923349,4.541240305,-33.016334996,712.679046178,4.539617539,33.017976764
laser 006,quadratic_graph,2114.087545,1378.000000,0.168284436,4.254020174,-13.033583317,712.472225117,4.250748312,13.034201651
laser 006,quadratic_graph,2114.045122,1379.000000,0.177381315,4.249844316,-12.936449747,712.462136616,4.246160547,12.936988764
laser 006,quadratic_graph,2114.082087,1380.000000,0.161625385,4.253516890,-12.839773872,712.477282225,4.250542977,12.840440088
laser 006,quadratic_graph,2114.175883,1381.000000,0.128076300,4.262808501,-12.743417138,712.510493909,4.261347560,12.744358402
laser 006,quadratic_graph,2114.229960,1382.000000,0.106962734,4.268173602,-12.646827201,712.531079277,4.267664342,12.647940182
laser 006,quadratic_graph,2114.247052,1383.000000,0.097430738,4.269881906,-12.550024496,712.539905417,4.269801578,12.551212957
laser 006,quadratic_graph,2114.262420,1384.000000,0.088439675,4.271419793,-12.453209813,712.548182326,4.271743981,12.454469260
laser 006,quadratic_graph,2114.318800,1385.000000,0.066606609,4.277013198,-12.356619093,712.569498166,4.278321543,12.358056236
laser 006,quadratic_graph,2114.413828,1386.000000,0.032669613,4.286429002,-12.260234113,712.603103499,4.289267831,12.261949528
laser 006,quadratic_graph,2114.432540,1387.000000,0.022633626,4.288297967,-12.163425641,712.612441307,4.291588477,12.165220724
laser 006,quadratic_graph,2114.348615,1388.000000,0.044743836,4.280016671,-12.066061787,712.589140081,4.282307905,12.067669422
laser 006,quadratic_graph,2114.238985,1389.000000,0.074903577,4.269194150,-11.968566977,712.557666001,4.270122782,11.969920276
laser 006,quadratic_graph,2114.153336,1390.000000,0.097552875,4.260743685,-11.871207855,712.533817585,4.260648708,11.872369227
laser 006,quadratic_graph,2114.121615,1391.000000,0.103316131,4.257625650,-11.774138663,712.527114104,4.257269238,11.775248422
laser 006,quadratic_graph,2114.135602,1392.000000,0.094768194,4.259026922,-11.677309538,712.534941187,4.259055029,11.678486601
laser 006,quadratic_graph,2114.172166,1393.000000,0.079151549,4.262660574,-11.580594990,712.549945306,4.263392255,11.581898093
laser 006,quadratic_graph,2114.214481,1394.000000,0.061734582,4.266863058,-11.483905848,712.566777317,4.268379574,11.485349953
laser 006,quadratic_graph,2114.234989,1395.000000,0.051147481,4.268909367,-11.387101292,712.576674791,4.270902443,11.388629645
laser 006,quadratic_graph,2114.222419,1396.000000,0.050920580,4.267684831,-11.290127340,712.576053329,4.269686847,11.291653855
laser 006,quadratic_graph,2114.169556,1397.000000,0.063313306,4.262476097,-11.192952243,712.562618928,4.263917452,11.194372058
laser 006,quadratic_graph,2114.096878,1398.000000,0.081911833,4.255308382,-11.095682673,712.542883712,4.255908969,11.096944222
laser 006,quadratic_graph,2114.034944,1399.000000,0.097146417,4.249203313,-10.998471237,712.526564032,4.249114968,10.999602473
laser 006,quadratic_graph,2113.998950,1400.000000,0.104259343,4.245663080,-10.901390472,712.518490463,4.245252386,10.902458882
laser 006,quadratic_graph,2113.989903,1401.000000,0.102935814,4.244787031,-10.804441858,712.518982594,4.244434777,10.805517542
laser 006,quadratic_graph,2113.990073,1402.000000,0.098727525,4.244822235,-10.707537158,712.522403680,4.244658628,10.708644089
laser 006,quadratic_graph,2113.982411,1403.000000,0.096972919,4.244083134,-10.610594434,712.523333520,4.243997425,10.611712222
laser 006,quadratic_graph,2113.975222,1404.000000,0.095071507,4.243390807,-10.513653675,712.524412433,4.243389623,10.514783539
laser 006,quadratic_graph,2113.976693,1405.000000,0.090459688,4.243554666,-10.416752884,712.528243266,4.243760346,10.417917348
laser 006,quadratic_graph,2113.991143,1406.000000,0.081784926,4.245001736,-10.319910833,712.536199252,4.245597665,10.321143656
laser 006,quadratic_graph,2114.018262,1407.000000,0.069144015,4.247701435,-10.223124425,712.548182101,4.248866630,10.224458565
laser 006,quadratic_graph,2114.037572,1408.000000,0.058949454,4.249629137,-10.126299461,712.557681144,4.251253180,10.127714589
laser 006,quadratic_graph,2114.015340,1409.000000,0.061765256,4.247449518,-10.029285937,712.553970692,4.248945170,10.030673946
laser 006,quadratic_graph,2113.949513,1410.000000,0.078233937,4.240959790,-9.932080153,712.536398440,4.241710814,9.933327597
laser 006,quadratic_graph,2113.882846,1411.000000,0.094966147,4.234387354,-9.834875473,712.518558689,4.234381854,9.835980163
laser 006,quadratic_graph,2113.856805,1412.000000,0.098978206,4.231831419,-9.737852229,712.513633792,4.231643536,9.738919860
laser 006,quadratic_graph,2113.869907,1413.000000,0.090734961,4.233145152,-9.640998757,712.521151744,4.233328044,9.642131163
laser 006,quadratic_graph,2113.890212,1414.000000,0.080237337,4.235171030,-9.544173919,712.530958566,4.235826452,9.545389832
laser 006,quadratic_graph,2113.901933,1415.000000,0.072428769,4.236348324,-9.447310211,712.538035191,4.237354902,9.448587288
laser 006,quadratic_graph,2113.897413,1416.000000,0.069707184,4.235919991,-9.350376791,712.539947020,4.237048117,9.351672762
laser 006,quadratic_graph,2113.876272,1417.000000,0.072191671,4.233848457,-9.253374195,712.536573160,4.234863152,9.254645802
laser 006,quadratic_graph,2113.850376,1418.000000,0.076166418,4.231306872,-9.156353079,712.531686274,4.232140870,9.157587938
laser 006,quadratic_graph,2113.830620,1419.000000,0.078219765,4.229372331,-9.059358115,712.528750204,4.230112357,9.060572192
laser 006,quadratic_graph,2113.821513,1420.000000,0.076939819,4.228490565,-8.962406541,712.529198426,4.229287073,8.963627535
laser 006,quadratic_graph,2113.829692,1421.000000,0.070248236,4.229317701,-8.865523239,712.535141052,4.230414950,8.866796115
laser 006,quadratic_graph,2113.864889,1422.000000,0.055097117,4.232815940,-8.768744056,712.549672563,4.234595763,8.770139107
laser 006,quadratic_graph,2113.914426,1423.000000,0.035455838,4.237732104,-8.672016423,712.568762866,4.240397170,8.673570959
laser 006,quadratic_graph,2113.940738,1424.000000,0.023088580,4.240352226,-8.575194697,712.580467923,4.243574213,8.576848276
laser 006,quadratic_graph,2113.920388,1425.000000,0.025336155,4.238358861,-8.478193190,712.577334734,4.241478113,8.479824375
laser 006,quadratic_graph,2113.871688,1426.000000,0.036463501,4.233562624,-8.381086471,712.565186072,4.236178342,8.382621477
laser 006,quadratic_graph,2113.821366,1427.000000,0.048099724,4.228606209,-8.283977058,712.552520805,4.230695424,8.285411657
laser 006,quadratic_graph,2113.787480,1428.000000,0.054589890,4.225274834,-8.186931147,712.545080290,4.227069820,8.188308100
laser 006,quadratic_graph,2113.775590,1429.000000,0.054193171,4.224118033,-8.089966677,712.544631936,4.225929639,8.091343208
laser 006,quadratic_graph,2113.760334,1430.000000,0.054851831,4.222628487,-7.992990310,712.543112096,4.224409077,7.994357650
laser 006,quadratic_graph,2113.716119,1431.000000,0.064580233,4.218276178,-7.895912288,712.532383963,4.219616378,7.897195074
laser 006,quadratic_graph,2113.641769,1432.000000,0.083745834,4.210945155,-7.798732286,712.512074497,4.211419008,7.799852104
laser 006,quadratic_graph,2113.582681,1433.000000,0.098132960,4.205123115,-7.701610275,712.496616572,4.204946303,7.702606830
laser 006,quadratic_graph,2113.599551,1434.000000,0.088737519,4.206809250,-7.604750265,712.505304553,4.207055228,7.605821171
laser 006,quadratic_graph,2113.658837,1435.000000,0.066061240,4.212688265,-7.508030013,712.527476222,4.213956479,7.509285623
laser 006,quadratic_graph,2113.716446,1436.000000,0.043910054,4.218401875,-7.411298178,712.549114744,4.220668624,7.412734129
laser 006,quadratic_graph,2113.764296,1437.000000,0.024815153,4.223151043,-7.314528589,712.567650274,4.226278379,7.316119487
laser 006,quadratic_graph,2113.807153,1438.000000,0.007284353,4.227406829,-7.217737865,712.584597794,4.231324155,7.219470712
laser 006,quadratic_graph,2113.845939,1439.000000,-0.008970897,4.231260329,-7.120929579,712.600250267,4.235910071,7.122793777
laser 006,quadratic_graph,2113.862755,1440.000000,-0.018344191,4.232941764,-7.024048142,712.608915693,4.238013299,7.025986507
laser 006,quadratic_graph,2113.826268,1441.000000,-0.011021205,4.229353084,-6.926999519,712.600629937,4.234092805,6.928873320
laser 006,quadratic_graph,2113.735114,1442.000000,0.013424153,4.220359879,-6.829786487,712.574960467,4.223994949,6.831453451
laser 006,quadratic_graph,2113.647252,1443.000000,0.036838148,4.211692765,-6.732590339,712.550338183,4.214269736,6.734059036
laser 006,quadratic_graph,2113.598555,1444.000000,0.047987436,4.206897688,-6.635516881,712.538167882,4.208970143,6.636889222
laser 006,quadratic_graph,2113.562728,1445.000000,0.055107485,4.203374957,-6.538484282,712.530088361,4.205124760,6.539793745
laser 006,quadratic_graph,2113.515804,1446.000000,0.065703571,4.198755435,-6.441421966,712.518479796,4.200025692,6.442639670
laser 006,quadratic_graph,2113.533051,1447.000000,0.056206406,4.200478972,-6.344544499,712.527271140,4.202176616,6.345837401
laser 006,quadratic_graph,2113.521777,1448.000000,0.055641621,4.199383344,-6.247585097,712.526993810,4.201105200,6.248878976
laser 006,quadratic_graph,2113.467100,1449.000000,0.068669292,4.193997622,-6.150506612,712.512916662,4.195130182,6.151688528
laser 006,quadratic_graph,2113.486915,1450.000000,0.058372012,4.195974956,-6.053633198,712.522520359,4.197571017,6.054896960
laser 006,quadratic_graph,2113.535381,1451.000000,0.039103602,4.200784430,-5.956833322,712.541232034,4.203248915,5.958253473
laser 006,quadratic_graph,2113.484662,1452.000000,0.050896333,4.195789837,-5.859768941,712.528408754,4.197720767,5.861087390
laser 006,quadratic_graph,2113.432144,1453.000000,0.063253282,4.190617622,-5.762703409,712.515012701,4.191989530,5.763915469
laser 006,quadratic_graph,2113.385617,1454.000000,0.073735143,4.186037744,-5.665656657,712.503520383,4.186935265,5.666777909
laser 006,quadratic_graph,2113.362317,1455.000000,0.076945146,4.183753646,-5.568670741,712.499410863,4.184505004,5.569761606
laser 006,quadratic_graph,2113.358267,1456.000000,0.074128816,4.183372150,-5.471732929,712.501419599,4.184249351,5.472843482
laser 006,quadratic_graph,2113.346407,1457.000000,0.073759289,4.182218763,-5.374775818,712.500944237,4.183111368,5.375885727
laser 006,quadratic_graph,2113.327684,1458.000000,0.075540038,4.180387093,-5.277802651,712.498285837,4.181198047,5.278894050
laser 006,quadratic_graph,2113.322230,1459.000000,0.073167255,4.179866863,-5.180860865,712.499844314,4.180783642,5.181968267
laser 006,quadratic_graph,2113.324245,1460.000000,0.068457022,4.180084834,-5.083935579,712.503775888,4.181212940,5.085078406
laser 006,quadratic_graph,2113.299532,1461.000000,0.072117336,4.177661194,-4.986949718,712.499209336,4.178622815,4.988058418
laser 006,quadratic_graph,2113.236999,1462.000000,0.087620947,4.171499882,-4.889882549,712.482619010,4.171760458,4.890858716
laser 006,quadratic_graph,2113.163346,1463.000000,0.106606766,4.164239971,-4.792796098,712.462493467,4.163642328,4.793610798
laser 006,quadratic_graph,2113.111089,1464.000000,0.118894185,4.159094754,-4.695759943,712.449168465,4.157941233,4.696468835
laser 006,quadratic_graph,2113.079978,1465.000000,0.124562192,4.156039264,-4.598770789,712.442563791,4.154628640,4.599428873
laser 006,quadratic_graph,2113.052225,1466.000000,0.129180105,4.153315656,-4.501790156,712.437025245,4.151695326,4.502406158
laser 006,quadratic_graph,2113.017690,1467.000000,0.135922472,4.149921969,-4.404797679,712.429329911,4.147996044,4.405353946
laser 006,quadratic_graph,2112.991815,1468.000000,0.139954892,4.147384046,-4.307823919,712.424385844,4.145274844,4.308342970
laser 006,quadratic_graph,2113.003397,1469.000000,0.132262148,4.148547238,-4.210921859,712.431345579,4.146783986,4.211501117
laser 006,quadratic_graph,2113.043656,1470.000000,0.115592404,4.152544121,-4.114070522,712.447419049,4.151532007,4.114784579
laser 006,quadratic_graph,2113.076843,1471.000000,0.101137446,4.155842357,-4.017202111,712.461243983,4.155481415,4.018032563
laser 006,quadratic_graph,2113.088776,1472.000000,0.093337966,4.157040416,-3.920292734,712.468312067,4.157030243,3.921184280
laser 006,quadratic_graph,2113.072775,1473.000000,0.094285889,4.155478092,-3.823333750,712.466499545,4.155423866,3.824213710
laser 006,quadratic_graph,2113.024865,1474.000000,0.105225646,4.150762678,-3.726322180,712.454543069,4.150213407,3.727107530
laser 006,quadratic_graph,2112.975652,1475.000000,0.116574289,4.145918685,-3.629311730,712.442171529,4.144855912,3.629999074
laser 006,quadratic_graph,2112.955863,1476.000000,0.118711973,4.143982194,-3.532350997,712.439151227,4.142821668,3.533016870
laser 006,quadratic_graph,2112.945443,1477.000000,0.117917731,4.142971467,-3.435405421,712.439107510,4.141845524,3.436074182
laser 006,quadratic_graph,2112.940240,1478.000000,0.115491463,4.142476236,-3.338467599,712.440720681,4.141458539,3.339152810
laser 006,quadratic_graph,2112.954774,1479.000000,0.106887154,4.143931220,-3.241557855,712.448605942,4.143300623,3.242310850
laser 006,quadratic_graph,2112.989122,1480.000000,0.092080271,4.147344133,-3.144673737,712.462788177,4.147380595,3.145546052
laser 006,quadratic_graph,2113.025326,1481.000000,0.076692982,4.150940599,-3.047788255,712.477559636,4.151670319,3.048784712
laser 006,quadratic_graph,2113.044328,1482.000000,0.066692719,4.152837317,-2.950876076,712.486862078,4.154017145,2.951951916
laser 006,quadratic_graph,2113.037348,1483.000000,0.064829134,4.152166536,-2.853928252,712.487904031,4.153429215,2.855015867
laser 006,quadratic_graph,2113.021275,1484.000000,0.065814068,4.150597203,-2.756968930,712.486054143,4.151814163,2.758044651
laser 006,quadratic_graph,2113.028320,1485.000000,0.059561535,4.151312383,-2.660037517,712.491551852,4.152810295,2.661161481
laser 006,quadratic_graph,2113.066457,1486.000000,0.043574220,4.155100167,-2.563140132,712.506932437,4.157318421,2.564393225
laser 006,quadratic_graph,2113.082549,1487.000000,0.034490927,4.156709499,-2.466214274,712.515303964,4.159336475,2.467539131
laser 006,quadratic_graph,2113.047227,1488.000000,0.041508893,4.153237887,-2.369231761,712.507329334,4.155546838,2.370494597
laser 006,quadratic_graph,2112.984126,1489.000000,0.057226445,4.147021273,-2.272223229,712.490522847,4.148619534,2.273351760
laser 006,quadratic_graph,2112.899003,1490.000000,0.079839852,4.138628933,-2.175197874,712.466715695,4.139205253,2.176134805
laser 006,quadratic_graph,2112.790596,1491.000000,0.109742884,4.127936645,-2.078157389,712.435508147,4.127161999,2.078842151
laser 006,quadratic_graph,2112.721850,1492.000000,0.127228443,4.121163583,-1.981160423,712.416906973,4.119598448,1.981696192
laser 006,quadratic_graph,2112.723049,1493.000000,0.122817612,4.121300998,-1.884227273,712.420535159,4.119933692,1.884795983
laser 006,quadratic_graph,2112.748083,1494.000000,0.110945934,4.123793283,-1.787312101,712.431737627,4.122960558,1.787975745
laser 006,quadratic_graph,2112.768922,1495.000000,0.100388594,4.125871186,-1.690390684,712.441605768,4.125513719,1.691138340
laser 006,quadratic_graph,2112.769259,1496.000000,0.096251284,4.125923501,-1.593451977,712.444956290,4.125751517,1.594230302
laser 006,quadratic_graph,2112.755908,1497.000000,0.096400824,4.124623427,-1.496503188,712.443954818,4.124443437,1.497276564
laser 006,quadratic_graph,2112.752172,1498.000000,0.093541315,4.124273342,-1.399560639,712.446008145,4.124221161,1.400354067
laser 006,quadratic_graph,2112.763287,1499.000000,0.086033328,4.125390580,-1.302626121,712.452780605,4.125676023,1.303478225
laser 006,quadratic_graph,2112.770589,1500.000000,0.079720368,4.126131112,-1.205687674,712.458339883,4.126700240,1.206588526
laser 006,quadratic_graph,2112.757583,1501.000000,0.079767139,4.124865150,-1.108737640,712.457442804,4.125430912,1.109634396
laser 006,quadratic_graph,2112.737324,1502.000000,0.082086129,4.122882591,-1.011784542,712.454239006,4.123342426,1.012658325
laser 006,quadratic_graph,2112.736348,1503.000000,0.078368913,4.122805252,-0.914840144,712.457163140,4.123431613,0.915741106
laser 006,quadratic_graph,2112.748709,1504.000000,0.070477073,4.124045667,-0.817899773,712.464325325,4.125026979,0.818862601
laser 006,quadratic_graph,2112.749001,1505.000000,0.066365348,4.124093641,-0.720953539,712.467649980,4.125259286,0.721946825
laser 006,quadratic_graph,2112.733211,1506.000000,0.067290367,4.122552658,-0.624001892,712.465861402,4.123675298,0.624983787
laser 006,quadratic_graph,2112.715561,1507.000000,0.068799069,4.120827922,-0.527050258,712.463480299,4.121881211,0.528015912
laser 006,quadratic_graph,2112.699745,1508.000000,0.069734829,4.119284412,-0.430099585,712.461680865,4.120294212,0.431053758
laser 006,quadratic_graph,2112.664600,1509.000000,0.076723866,4.115831220,-0.333146501,712.453736260,4.116524310,0.334038898
laser 006,quadratic_graph,2112.615227,1510.000000,0.088168730,4.110972453,-0.236194049,712.441268212,4.111147715,0.236987648
laser 006,quadratic_graph,2112.571432,1511.000000,0.097868139,4.106664926,-0.139245296,712.430572167,4.106401143,0.139954601
laser 006,quadratic_graph,2112.533516,1512.000000,0.105728006,4.102938317,-0.042299523,712.421743633,4.102318520,0.042939818
laser 006,quadratic_graph,2112.506167,1513.000000,0.110280793,4.100255688,0.054644149,712.416272420,4.099429145,-0.054045387
laser 006,quadratic_graph,2112.503322,1514.000000,0.107163383,4.099993762,0.151588044,712.418587857,4.099306677,-0.150967084
laser 006,quadratic_graph,2112.513830,1515.000000,0.099866753,4.101050962,0.248534098,712.425145956,4.100691968,-0.247856216
laser 006,quadratic_graph,2112.500668,1516.000000,0.099981920,4.099769864,0.345478316,712.424179780,4.099404421,-0.344805095
laser 006,quadratic_graph,2112.537810,1517.000000,0.084349021,4.103458277,0.442432275,712.439200664,4.103797192,-0.441632867
laser 006,quadratic_graph,2112.499403,1518.000000,0.092370700,4.099683229,0.539372134,712.430208028,4.099658829,-0.538643079
laser 006,quadratic_graph,2112.466652,1519.000000,0.098622722,4.096467021,0.636311196,712.423011940,4.096159181,-0.635637791
laser 006,quadratic_graph,2112.435505,1520.000000,0.104373756,4.093409339,0.733248867,712.416324475,4.092840673,-0.732626949
laser 006,quadratic_graph,2112.407024,1521.000000,0.109291352,4.090615079,0.830185749,712.410483126,4.089823204,-0.829608394
laser 006,quadratic_graph,2112.386254,1522.000000,0.111796140,4.088582569,0.927124280,712.407091218,4.087676392,-0.926571439
laser 006,quadratic_graph,2112.367451,1523.000000,0.113686416,4.086744390,1.024062830,712.404323169,4.085751646,-1.023529397
laser 006,quadratic_graph,2112.336992,1524.000000,0.119226996,4.083754885,1.120994832,712.397849479,4.082510815,-1.120511137
laser 006,quadratic_graph,2112.320772,1525.000000,0.120311206,4.082171910,1.217932864,712.395899774,4.080877658,-1.217461879
laser 006,quadratic_graph,2112.342062,1526.000000,0.109653846,4.084294074,1.314892444,712.405869711,4.083479607,-1.314336612
laser 006,quadratic_graph,2112.384793,1527.000000,0.092284823,4.088534289,1.411868306,712.422653074,4.088502545,-1.411171863
laser 006,quadratic_graph,2112.428338,1528.000000,0.074661447,4.092855130,1.508849334,712.439694624,4.093617591,-1.508010165
laser 006,quadratic_graph,2112.475895,1529.000000,0.055782353,4.097572544,1.605837928,712.458010908,4.099185887,-1.604845600
laser 006,quadratic_graph,2112.515486,1530.000000,0.039397978,4.101503206,1.702825498,712.473794631,4.103854830,-1.701700739
laser 006,quadratic_graph,2112.519285,1531.000000,0.034221888,4.101897878,1.799788638,712.478200155,4.104481887,-1.798624574
laser 006,quadratic_graph,2112.478913,1532.000000,0.042878178,4.097928681,1.896715603,712.468563654,4.100120738,-1.895627163
laser 006,quadratic_graph,2112.417447,1533.000000,0.058140284,4.091875743,1.993621209,712.452221263,4.093377686,-1.992663278
laser 006,quadratic_graph,2112.349043,1534.000000,0.075575239,4.085137735,2.090515937,712.433673153,4.085851493,-2.089706569
laser 006,quadratic_graph,2112.278135,1535.000000,0.093794542,4.078152750,2.187403220,712.414328873,4.078042920,-2.186748930
laser 006,quadratic_graph,2112.234881,1536.000000,0.103356742,4.073899609,2.284313496,712.403772931,4.073356939,-2.283742356
laser 006,quadratic_graph,2112.243058,1537.000000,0.096818746,4.074726578,2.381275637,712.409561159,4.074477766,-2.380653875
laser 006,quadratic_graph,2112.270179,1538.000000,0.084350975,4.077424803,2.478260368,712.421368999,4.077737496,-2.477538716
laser 006,quadratic_graph,2112.280558,1539.000000,0.077125864,4.078469358,2.575229111,712.427854752,4.079106924,-2.574451128
laser 006,quadratic_graph,2112.268079,1540.000000,0.077058563,4.077256044,2.672172394,712.427074279,4.077895409,-2.671397552
laser 006,quadratic_graph,2112.251855,1541.000000,0.078165077,4.075672823,2.769110884,712.425102233,4.076261005,-2.768348936
laser 006,quadratic_graph,2112.245742,1542.000000,0.076107275,4.075088356,2.866061827,712.426342448,4.075768181,-2.865286481
laser 006,quadratic_graph,2112.248623,1543.000000,0.071234837,4.075392307,2.963025058,712.430439938,4.076290816,-2.962212928
laser 006,quadratic_graph,2112.262861,1544.000000,0.062807810,4.076818112,3.060004973,712.438145851,4.078095745,-3.059126525
laser 006,quadratic_graph,2112.295016,1545.000000,0.048771956,4.080013845,3.157012295,712.451545514,4.081923762,-3.156020928
laser 006,quadratic_graph,2112.340232,1546.000000,0.030647178,4.084499970,3.254042297,712.469095995,4.087226730,-3.252904038
laser 006,quadratic_graph,2112.383563,1547.000000,0.013113103,4.088800107,3.351074313,712.486046805,4.092317048,-3.349794069
laser 006,quadratic_graph,2112.411939,1548.000000,0.000262735,4.091622975,3.448087974,712.498242989,4.095718694,-3.446704661
laser 006,quadratic_graph,2112.403775,1549.000000,-0.001143976,4.090835938,3.545047168,712.498822292,4.094993915,-3.543655866
laser 006,quadratic_graph,2112.350445,1550.000000,0.011594223,4.085586854,3.641933121,712.485042616,4.089168645,-3.640651354
laser 006,quadratic_graph,2112.283569,1551.000000,0.028574866,4.078999834,3.738792765,712.466956345,4.081813952,-3.737655782
laser 006,quadratic_graph,2112.220400,1552.000000,0.044395259,4.072779335,3.835653892,712.450047942,4.074878150,-3.834652052
laser 006,quadratic_graph,2112.179963,1553.000000,0.053098821,4.068804513,3.932550385,712.440364117,4.070509251,-3.931624558
laser 006,quadratic_graph,2112.174040,1554.000000,0.050997119,4.068238938,4.029506391,712.441649083,4.070037304,-4.028566799
laser 006,quadratic_graph,2112.193570,1555.000000,0.040927134,4.070187564,4.126509695,712.451022899,4.072439216,-4.125490134
laser 006,quadratic_graph,2112.223272,1556.000000,0.027673111,4.073141061,4.223534790,712.463628919,4.075989713,-4.222408804
laser 006,quadratic_graph,2112.250139,1557.000000,0.015307674,4.075814620,4.320557906,712.475332898,4.079220166,-4.319332879
laser 006,quadratic_graph,2112.256116,1558.000000,0.009484692,4.076424626,4.417543063,712.480395457,4.080091766,-4.416273353
laser 006,quadratic_graph,2112.230057,1559.000000,0.013694685,4.073869963,4.514465082,712.475273306,4.077345850,-4.513234048
laser 006,quadratic_graph,2112.187191,1560.000000,0.023168682,4.069655129,4.611351160,712.464807575,4.072702167,-4.610202538
laser 006,quadratic_graph,2112.149961,1561.000000,0.030878970,4.065997140,4.708246294,712.456132265,4.068694937,-4.707165430
laser 006,quadratic_graph,2112.133463,1562.000000,0.032098874,4.064387075,4.805183600,712.454045518,4.067028580,-4.804116569
laser 006,quadratic_graph,2112.129773,1563.000000,0.029309656,4.064042161,4.902148428,712.456028532,4.066808330,-4.901061919
laser 006,quadratic_graph,2112.108792,1564.000000,0.031935883,4.061989313,4.999075263,712.452514242,4.064635716,-4.998014270
laser 006,quadratic_graph,2112.057157,1565.000000,0.044161476,4.056908712,5.095931458,712.439255500,4.059002073,-5.094975737
laser 006,quadratic_graph,2111.995779,1566.000000,0.059438395,4.050866024,5.192761518,712.422899358,4.052268618,-5.191936422
laser 006,quadratic_graph,2111.954208,1567.000000,0.068514725,4.046779812,5.289633962,712.412837583,4.047771510,-5.288887972
laser 006,quadratic_graph,2111.950264,1568.000000,0.065811814,4.046409841,5.386594208,712.414733114,4.047522310,-5.385829456
laser 006,quadratic_graph,2111.980551,1569.000000,0.052392722,4.049420711,5.483638828,712.427506786,4.051137637,-5.482766279
laser 006,quadratic_graph,2112.022118,1570.000000,0.035442582,4.053545833,5.580715093,712.443864850,4.056026592,-5.579705409
laser 006,quadratic_graph,2112.057765,1571.000000,0.020346690,4.057086412,5.677780871,712.458340628,4.060247313,-5.676649460
laser 006,quadratic_graph,2112.065387,1572.000000,0.014027075,4.057858930,5.774778404,712.463907518,4.061303846,-5.773598181
laser 006,quadratic_graph,2112.028679,1573.000000,0.021589670,4.054252786,5.871661308,712.455382479,4.057355133,-5.870547613
laser 006,quadratic_graph,2111.979141,1574.000000,0.033170642,4.049379528,5.968507767,712.442778400,4.051957931,-5.967493987
laser 006,quadratic_graph,2111.944005,1575.000000,0.040243195,4.045928875,6.065389856,712.434750887,4.048186828,-6.064438533
laser 006,quadratic_graph,2111.923430,1576.000000,0.042757834,4.043916418,6.162309880,712.431350168,4.046059646,-6.161383144
laser 006,quadratic_graph,2111.918887,1577.000000,0.040254095,4.043487380,6.259273838,712.433043643,4.045742394,-6.258329994
laser 006,quadratic_graph,2111.955867,1578.000000,0.024750294,4.047159452,6.356356145,712.447933512,4.050113020,-6.355287183
laser 006,quadratic_graph,2112.023395,1579.000000,-0.000318489,4.053849033,6.453530587,712.472532779,4.057932881,-6.452257036
laser 006,quadratic_graph,2112.059514,1580.000000,-0.015551722,4.057436505,6.550619948,712.487147950,4.062206697,-6.549223527
laser 006,quadratic_graph,2112.023949,1581.000000,-0.008336019,4.053943243,6.647500613,712.478975241,4.058386526,-6.646167837
laser 006,quadratic_graph,2111.936571,1582.000000,0.015105121,4.045332441,6.744223116,712.454332184,4.048716465,-6.743088793
laser 006,quadratic_graph,2111.868144,1583.000000,0.032612288,4.038593891,6.840996864,712.435712754,4.041186492,-6.840011691
laser 006,quadratic_graph,2111.938262,1584.000000,0.006739733,4.045538945,6.938194720,712.461127886,4.049298106,-6.936998280
laser 006,quadratic_graph,2112.015911,1585.000000,-0.021491691,4.053228399,7.035423234,712.488937447,4.058260592,-7.033995928
laser 006,quadratic_graph,2110.033566,1791.000000,-0.179612276,3.861748035,27.010585754,712.475146836,3.873674851,-27.008602273
laser 006,quadratic_graph,2109.860660,1792.000000,-0.129106713,3.844705120,27.105585539,712.423047446,3.854351205,-27.104025285
laser 006,quadratic_graph,2109.601570,1793.000000,-0.051622340,3.819161294,27.199525381,712.343568916,3.825308944,-27.198612476
laser 006,quadratic_graph,2109.482423,1794.000000,-0.017962240,3.807427912,27.295148855,712.308565339,3.812055163,-27.294519235
laser 006,quadratic_graph,2109.481082,1795.000000,-0.021183399,3.807316881,27.392203029,712.310990493,3.812088391,-27.391550310
laser 006,quadratic_graph,2109.412094,1796.000000,-0.003225676,3.800532520,27.488428187,712.291922475,3.804492367,-27.487928308
laser 006,quadratic_graph,2109.366565,1797.000000,0.007388839,3.796062568,27.584937089,712.280306695,3.799542193,-27.584529047
laser 006,quadratic_graph,2109.343099,1798.000000,0.011097832,3.793769070,27.681715507,712.275698945,3.797080159,-27.681341936
laser 006,quadratic_graph,2109.325995,1799.000000,0.012816554,3.792103160,27.778571670,712.273111022,3.795335545,-27.778216036
laser 006,quadratic_graph,2109.307848,1800.000000,0.014863064,3.790334392,27.875414293,712.270190474,3.793473277,-27.875079318
laser 006,quadratic_graph,2109.289453,1801.000000,0.016988494,3.788541185,27.972253163,712.267189858,3.791583011,-27.971939503
laser 006,quadratic_graph,2109.262578,1802.000000,0.021769687,3.785911567,28.068985143,712.261494110,3.788736462,-28.068714860
laser 006,quadratic_graph,2109.218203,1803.000000,0.032029953,3.781555913,28.165495775,712.250238055,3.783916579,-28.165314385
laser 006,quadratic_graph,2109.160560,1804.000000,0.046444164,3.775891798,28.261836176,712.234766492,3.777600743,-28.261778187
laser 006,quadratic_graph,2109.120633,1805.000000,0.055314068,3.771975162,28.358396695,712.224921511,3.773282633,-28.358416049
laser 006,quadratic_graph,2109.120309,1806.000000,0.051789564,3.771964438,28.455457506,712.227654766,3.773429864,-28.455451239
laser 006,quadratic_graph,2109.160850,1807.000000,0.035475315,3.775984148,28.553039838,712.243367413,3.778184801,-28.552901701
laser 006,quadratic_graph,2109.193359,1808.000000,0.021675889,3.779211831,28.650523933,712.256527933,3.782034205,-28.650274818
laser 006,quadratic_graph,2109.198672,1809.000000,0.016390495,3.779757172,28.747662903,712.261048189,3.782816981,-28.747373538
laser 006,quadratic_graph,2109.185060,1810.000000,0.017030435,3.778435888,28.844559662,712.259555282,3.781465689,-28.844279271
laser 006,quadratic_graph,2109.153973,1811.000000,0.023141773,3.775391033,28.941230482,712.252509899,3.778143871,-28.941004516
laser 006,quadratic_graph,2109.117661,1812.000000,0.030889800,3.771830913,29.037831830,712.243803603,3.774232917,-29.037673885
laser 006,quadratic_graph,2109.101025,1813.000000,0.032480161,3.770211458,29.134686744,712.241346267,3.772540557,-29.134545668
laser 006,quadratic_graph,2109.116751,1814.000000,0.023942020,3.771783806,29.231963243,712.249167550,3.774497157,-29.231754895
laser 006,quadratic_graph,2109.164790,1815.000000,0.005290028,3.776543304,29.329664913,712.267252546,3.780097401,-29.329305275
laser 006,quadratic_graph,2109.235210,1816.000000,-0.020368056,3.783510709,29.427665587,712.292447416,3.788221777,-29.427096458
laser 006,quadratic_graph,2109.280494,1817.000000,-0.038157124,3.787999067,29.525342152,712.309656645,3.793511933,-29.524628903
laser 006,quadratic_graph,2109.239425,1818.000000,-0.028910658,3.783969336,29.621882081,712.299429811,3.789063737,-29.621249300
laser 006,quadratic_graph,2109.160877,1819.000000,-0.007930327,3.776242920,29.717922364,712.277295339,3.780389243,-29.717467527
laser 006,quadratic_graph,2109.086311,1820.000000,0.011803545,3.768909727,29.814009793,712.256425858,3.772164230,-29.813722545
laser 006,quadratic_graph,2109.052507,1821.000000,0.018778437,3.765597107,29.910635750,712.248504391,3.768535675,-29.910410099
laser 006,quadratic_graph,2109.050473,1822.000000,0.015809867,3.765417898,30.007685087,712.250673678,3.768489335,-30.007438431
laser 006,quadratic_graph,2109.046118,1823.000000,0.013569117,3.765009786,30.104703982,712.252104379,3.768181242,-30.104442366
laser 006,quadratic_graph,2109.040836,1824.000000,0.011619841,3.764510257,30.201710919,712.253239305,3.767768577,-30.201436765
laser 006,quadratic_graph,2109.031704,1825.000000,0.010877020,3.763631025,30.298666260,712.253149928,3.766921755,-30.298389590
laser 006,quadratic_graph,2109.000874,1826.000000,0.016927492,3.760611833,30.395327437,712.246166702,3.763628355,-30.395104684
laser 006,quadratic_graph,2108.957312,1827.000000,0.026964436,3.756337060,30.491813639,712.235138026,3.758899442,-30.491677919
laser 006,quadratic_graph,2108.921507,1828.000000,0.034574410,3.752827405,30.588402867,712.226572288,3.755045190,-30.588334018
laser 006,quadratic_graph,2108.896570,1829.000000,0.038783836,3.750389601,30.685138716,712.221457466,3.752416276,-30.685108489
laser 006,quadratic_graph,2108.869498,1830.000000,0.043662754,3.747741298,30.781843997,712.215663273,3.749546645,-30.781857955
laser 006,quadratic_graph,2108.839391,1831.000000,0.049492823,3.744793758,30.878506038,712.208903884,3.746334847,-30.878572080
laser 006,quadratic_graph,2108.810827,1832.000000,0.054841152,3.741998438,30.975187715,712.202633397,3.743297012,-30.975301840
laser 006,quadratic_graph,2108.786315,1833.000000,0.058922496,3.739602737,31.071924011,712.197648673,3.740715983,-31.072075694
laser 006,quadratic_graph,2108.772787,1834.000000,0.059567335,3.738290183,31.168811852,712.196151328,3.739373210,-31.168972544
laser 006,quadratic_graph,2108.769227,1835.000000,0.057093689,3.737960566,31.265838487,712.197818621,3.739154130,-31.265982284
laser 006,quadratic_graph,2108.775127,1836.000000,0.051660504,3.738563798,31.362998103,712.202489247,3.740001478,-31.363100418
laser 006,quadratic_graph,2108.798813,1837.000000,0.040661668,3.740920943,31.460408805,712.212807854,3.742853949,-31.460423405
laser 006,quadratic_graph,2108.831714,1838.000000,0.026779482,3.744186905,31.557952236,712.226052449,3.746745379,-31.557855168
laser 006,quadratic_graph,2108.849054,1839.000000,0.017768951,3.745918416,31.655279651,712.234353329,3.748882474,-31.655111385
laser 006,quadratic_graph,2108.843969,1840.000000,0.015778970,3.745438473,31.752291770,712.235529838,3.748491239,-31.752110625
laser 006,quadratic_graph,2108.820945,1841.000000,0.019405457,3.743189464,31.849049427,712.231006842,3.746077435,-31.848902060
laser 006,quadratic_graph,2108.778128,1842.000000,0.029228528,3.738988644,31.945523880,712.220195672,3.741432135,-31.945461765
laser 006,quadratic_graph,2108.727016,1843.000000,0.041648884,3.733970001,32.041876963,712.206748860,3.735851783,-32.041921677
laser 006,quadratic_graph,2108.696731,1844.000000,0.047551577,3.731005199,32.138525202,712.199916111,3.732619450,-32.138622602
laser 006,quadratic_graph,2108.694305,1845.000000,0.044736031,3.730787497,32.235572421,712.201930507,3.732527720,-32.235650084
laser 006,quadratic_graph,2108.691830,1846.000000,0.041937113,3.730564974,32.332619635,712.203928042,3.732430420,-32.332677698
laser 006,quadratic_graph,2108.669856,1847.000000,0.045242471,3.728419747,32.429385408,712.199731095,3.730134895,-32.429474580
laser 006,quadratic_graph,2108.651651,1848.000000,0.047369458,3.726646191,32.526204889,712.196729960,3.728264229,-32.526315381
laser 006,quadratic_graph,2108.656273,1849.000000,0.042353214,3.727123487,32.623355966,712.200977637,3.728966828,-32.623428439
laser 006,quadratic_graph,2108.680082,1850.000000,0.031332781,3.729492762,32.720788473,712.211318229,3.731832409,-32.720773050
laser 006,quadratic_graph,2108.711810,1851.000000,0.017834633,3.732643015,32.818339921,712.224173137,3.735590802,-32.818216019
laser 006,quadratic_graph,2108.724973,1852.000000,0.010148498,3.733962649,32.915622384,712.231130154,3.737256248,-32.915438284
laser 006,quadratic_graph,2108.699369,1853.000000,0.014598236,3.731459430,33.012335863,712.225772021,3.734551082,-33.012192377
laser 006,quadratic_graph,2108.669304,1854.000000,0.020445535,3.728516365,33.108982138,712.218995715,3.731342991,-33.108890877
laser 006,quadratic_graph,2108.671111,1855.000000,0.016317950,3.728716179,33.206098942,712.222341655,3.731728000,-33.205977043
laser 006,quadratic_graph,2108.690415,1856.000000,0.006714820,3.730641389,33.303476813,712.231244017,3.734085548,-33.303278790
laser 006,quadratic_graph,2108.699528,1857.000000,0.000302787,3.731561701,33.400705394,712.236908153,3.735294167,-33.400457756
laser 006,quadratic_graph,2108.685480,1858.000000,0.001141913,3.730198077,33.497589498,712.235214060,3.733891565,-33.497352480
laser 006,quadratic_graph,2108.661394,1859.000000,0.005124419,3.727844621,33.594322831,712.230330195,3.731357253,-33.594122546
laser 006,quadratic_graph,2108.644660,1860.000000,0.006806897,3.726216175,33.691165513,712.227780344,3.729651765,-33.690982853
laser 006,quadratic_graph,2108.626944,1861.000000,0.008798047,3.724490917,33.787992852,712.224917287,3.727835534,-33.787830383
laser 006,quadratic_graph,2108.593558,1862.000000,0.015695332,3.721220529,33.884582657,712.217075697,3.724252731,-33.884481132
laser 006,quadratic_graph,2108.539039,1863.000000,0.029208337,3.715866467,33.980850083,712.202520770,3.718287651,-33.980864458
laser 006,quadratic_graph,2108.528165,1864.000000,0.029061745,3.714815959,34.077777321,712.201827098,3.717242659,-34.077794128
laser 006,quadratic_graph,2108.464387,1865.000000,0.045474686,3.708549257,34.173897875,712.184329523,3.710234050,-34.174054672
laser 006,quadratic_graph,2108.411522,1866.000000,0.058472738,3.703358785,34.270180718,712.170297289,3.704455805,-34.270449137
laser 006,quadratic_graph,2108.361294,1867.000000,0.070646324,3.698428496,34.366500355,712.157101737,3.698974955,-34.366873548
laser 006,quadratic_graph,2108.330136,1868.000000,0.076852857,3.695378392,34.463109786,712.149961327,3.695643616,-34.463538184
laser 006,quadratic_graph,2108.359005,1869.000000,0.064274968,3.698246130,34.560642980,712.161882508,3.699077965,-34.560970541
laser 006,quadratic_graph,2108.451249,1870.000000,0.031862862,3.707362353,34.659159590,712.193930494,3.709656027,-34.659221554
laser 006,quadratic_graph,2108.483856,1871.000000,0.018116103,3.710599072,34.756760375,712.207037743,3.713512115,-34.756711793
laser 006,quadratic_graph,2108.485907,1872.000000,0.013934426,3.710823053,34.853889729,712.210438811,3.713923739,-34.853810058
laser 006,quadratic_graph,2108.454554,1873.000000,0.020209547,3.707753427,34.950499262,712.203228866,3.710569786,-34.950475365
laser 006,quadratic_graph,2108.482561,1874.000000,0.007906171,3.710536674,35.048035230,712.214871440,3.713907255,-35.047912777
laser 006,quadratic_graph,2108.467757,1875.000000,0.009004092,3.709098774,35.144903220,712.212915086,3.712418704,-35.144793534
laser 006,quadratic_graph,2108.471827,1876.000000,0.004195602,3.709521872,35.242067616,712.216952256,3.713057740,-35.241921634
laser 006,quadratic_graph,2108.472081,1877.000000,0.000582828,3.709568724,35.339173106,712.219776088,3.713266560,-35.339000759
laser 006,quadratic_graph,2108.466437,1878.000000,-0.001182503,3.709034035,35.436186273,712.220725250,3.712810456,-35.436002909
laser 006,quadratic_graph,2108.455115,1879.000000,-0.001169234,3.707939499,35.533109840,712.219869608,3.711714225,-35.532930232
laser 006,quadratic_graph,2108.438189,1880.000000,0.000599465,3.706292420,35.629944246,712.217232680,3.709986221,-35.629782977
laser 006,quadratic_graph,2108.426271,1881.000000,0.000801900,3.705139147,35.726857927,712.216185124,3.708822718,-35.726701986
laser 006,quadratic_graph,2108.432505,1882.000000,-0.004676175,3.705775667,35.824061626,712.220901818,3.709705400,-35.823863825
laser 006,quadratic_graph,2108.468159,1883.000000,-0.019362182,3.709313099,35.921738311,712.234962145,3.713904599,-35.921422161
laser 006,quadratic_graph,2108.453092,1884.000000,-0.018170067,3.707849328,36.018603855,712.232910360,3.712385929,-36.018301254
laser 006,quadratic_graph,2108.474664,1885.000000,-0.028445767,3.709998321,36.116059425,712.242495384,3.714997628,-36.115675110
laser 006,quadratic_graph,2108.420676,1886.000000,-0.015067619,3.704696831,36.212296886,712.228078055,3.709091218,-36.212027348
laser 006,quadratic_graph,2108.342612,1887.000000,0.005847269,3.697021766,36.308140586,712.206013005,3.700471058,-36.308048429
laser 006,quadratic_graph,2108.247026,1888.000000,0.032246271,3.687619725,36.403693918,712.178383124,3.689876395,-36.403824699
laser 006,quadratic_graph,2108.198698,1889.000000,0.043854519,3.682877150,36.500009549,712.165761942,3.684608786,-36.500240403
laser 006,quadratic_graph,2108.201702,1890.000000,0.039398464,3.683195135,36.597160050,712.169441714,3.685126808,-36.597357532
laser 006,quadratic_graph,2108.251803,1891.000000,0.020203087,3.688156268,36.695082772,712.188077887,3.690953244,-36.695124446
laser 006,quadratic_graph,2108.309553,1892.000000,-0.001386158,3.693871825,36.793136351,712.209143155,3.697642152,-36.793002332
laser 006,quadratic_graph,2108.294623,1893.000000,-0.000225264,3.692421745,36.889999598,712.207123255,3.696138586,-36.889878866
laser 006,quadratic_graph,2108.214890,1894.000000,0.021220056,3.684582777,36.985793083,712.184520287,3.687330585,-36.985854137
laser 006,quadratic_graph,2108.146092,1895.000000,0.039243007,3.677822287,37.081761558,712.165390145,3.679755533,-37.081975969
laser 006,quadratic_graph,2108.112040,1896.000000,0.046392193,3.674487324,37.178301356,712.157293907,3.676096801,-37.178578797
laser 006,quadratic_graph,2108.118316,1897.000000,0.040921321,3.675127893,37.275509777,712.162003532,3.676983214,-37.275745416
laser 006,quadratic_graph,2108.150150,1898.000000,0.027452618,3.678288039,37.373145803,712.174828716,3.680750189,-37.373273204
laser 006,quadratic_graph,2108.163946,1899.000000,0.019630455,3.679670032,37.470483957,712.181924241,3.682484153,-37.470550025
laser 006,quadratic_graph,2108.133695,1900.000000,0.025595608,3.676709720,37.567085950,712.175029547,3.679253516,-37.567205212
laser 006,quadratic_graph,2108.087930,1901.000000,0.036417424,3.672220110,37.663425552,712.163206755,3.674274372,-37.663638351
laser 006,quadratic_graph,2108.088996,1902.000000,0.032583585,3.672347131,37.760551053,712.166255311,3.674573351,-37.760735648
laser 006,quadratic_graph,2108.135303,1903.000000,0.014591332,3.676934113,37.858441696,712.183670605,3.679971337,-37.858480475
laser 006,quadratic_graph,2108.203113,1904.000000,-0.010131084,3.683641308,37.956701449,712.207915052,3.687793306,-37.956538508
laser 006,quadratic_graph,2108.264981,1905.000000,-0.032993804,3.689763122,38.054867170,712.230272407,3.694945956,-38.054517956
laser 006,quadratic_graph,2108.280663,1906.000000,-0.041398373,3.691331395,38.152252979,712.237958901,3.696892489,-38.151837593
laser 006,quadratic_graph,2108.215948,1907.000000,-0.024634856,3.684972854,38.248268993,712.220107126,3.689776237,-38.247996500
laser 006,quadratic_graph,2108.113219,1908.000000,0.004027596,3.674866985,38.343630032,712.190181475,3.678375593,-38.343599273
laser 006,quadratic_graph,2108.064020,1909.000000,0.015935226,3.670038849,38.439901242,712.177257129,3.673008919,-38.439973038
laser 006,quadratic_graph,2108.067912,1910.000000,0.011227184,3.670444549,38.537081923,712.181192834,3.673626037,-38.537118252
laser 006,quadratic_graph,2108.085022,1911.000000,0.002383228,3.672153332,38.634491687,712.189325272,3.675732915,-38.634458193
laser 006,quadratic_graph,2108.093449,1912.000000,-0.003741809,3.673006157,38.731753800,712.194698816,3.676861115,-38.731673068
laser 006,quadratic_graph,2108.086402,1913.000000,-0.005022191,3.672333503,38.828749480,712.195156486,3.676245172,-38.828661753
laser 006,quadratic_graph,2108.074970,1914.000000,-0.004928750,3.671228569,38.925669301,712.194220154,3.675134941,-38.925585992
laser 006,quadratic_graph,2108.075251,1915.000000,-0.008500209,3.671278359,39.022792966,712.197002611,3.675344851,-39.022683631
laser 006,quadratic_graph,2108.087441,1916.000000,-0.015798014,3.672502214,39.120125423,712.203566193,3.676897017,-39.119959108
laser 006,quadratic_graph,2108.100269,1917.000000,-0.023294345,3.673789005,39.217471010,712.210331220,3.678521079,-39.217246066
laser 006,quadratic_graph,2108.098986,1918.000000,-0.026372465,3.673684653,39.314571096,712.212613110,3.678554582,-39.314324223
laser 006,quadratic_graph,2108.074363,1919.000000,-0.022143449,3.671279290,39.411261561,712.207480503,3.675957263,-39.411053458
laser 006,quadratic_graph,2108.039403,1920.000000,-0.014677608,3.667854908,39.507768595,712.199063542,3.672194830,-39.507626148
laser 006,quadratic_graph,2108.015576,1921.000000,-0.010695295,3.665528119,39.604470238,712.194181325,3.669687221,-39.604364512
laser 006,quadratic_graph,2108.008062,1922.000000,-0.011817740,3.664809520,39.701459682,712.194478886,3.669018208,-39.701348272
laser 006,quadratic_graph,2107.998864,1923.000000,-0.012411778,3.663924920,39.798419480,712.194240294,3.668159344,-39.798306774
laser 006,quadratic_graph,2107.962531,1924.000000,-0.004511222,3.660365371,39.894896397,712.185382355,3.664242124,-39.894852959
laser 006,quadratic_graph,2107.908824,1925.000000,0.008828293,3.655093273,39.991061102,712.171005611,3.658366866,-39.991132110
laser 006,quadratic_graph,2107.881099,1926.000000,0.014036818,3.652382467,40.087686775,712.164879320,3.655419897,-40.087804687
laser 006,quadratic_graph,2107.869612,1927.000000,0.014164430,3.651272312,40.184602072,712.163908585,3.654302908,-40.184724682
laser 006,quadratic_graph,2107.861447,1928.000000,0.013253630,3.650489624,40.281576980,712.163991528,3.653560256,-40.281695663
laser 006,quadratic_graph,2107.863073,1929.000000,0.009279732,3.650672062,40.378728466,712.167182559,3.653920984,-40.378817779
laser 006,quadratic_graph,2107.881248,1930.000000,0.000127460,3.652485805,40.476179845,712.175627997,3.656146746,-40.476196772
laser 006,quadratic_graph,2107.904303,1931.000000,-0.010551149,3.654780660,40.573722050,712.185622177,3.658922513,-40.573653912
laser 006,quadratic_graph,2107.919244,1932.000000,-0.018688998,3.656275727,40.671119934,712.193038294,3.660783813,-40.670987836
laser 006,quadratic_graph,2107.913960,1933.000000,-0.020495068,3.655777073,40.768152148,712.194029698,3.660365604,-40.768008686
laser 006,quadratic_graph,2107.887874,1934.000000,-0.015788687,3.653227818,40.864805543,712.188413085,3.657602854,-40.864704813
laser 006,quadratic_graph,2107.856576,1935.000000,-0.009449729,3.650164841,40.961362341,712.181139967,3.654252694,-40.961317904
laser 006,quadratic_graph,2107.834992,1936.000000,-0.006150003,3.648059465,41.058095284,712.176950712,3.651997314,-41.058081894
laser 006,quadratic_graph,2107.794298,1937.000000,0.003132187,3.644070438,41.154476390,712.166691240,3.647588262,-41.154543741
laser 006,quadratic_graph,2107.714630,1938.000000,0.024613157,3.636240061,41.250137654,712.144054053,3.638787263,-41.250387076
laser 006,quadratic_graph,2107.594253,1939.000000,0.058833596,3.624398108,41.345042154,712.108490573,3.625399687,-41.345579468
laser 006,quadratic_graph,2107.545582,1940.000000,0.070614096,3.619623680,41.441262921,712.095696309,3.620092473,-41.441901727
laser 006,quadratic_graph,2107.553504,1941.000000,0.064686308,3.620426553,41.538529068,712.100870128,3.621161831,-41.539122271
laser 006,quadratic_graph,2107.568281,1942.000000,0.056614574,3.621905025,41.635924132,712.108219341,3.623003556,-41.636453923
laser 006,quadratic_graph,2107.647073,1943.000000,0.028510398,3.629692656,41.734513225,712.135894787,3.632058613,-41.734813203
laser 006,quadratic_graph,2107.697160,1944.000000,0.009389500,3.634651587,41.832574437,712.154455171,3.637879507,-41.832719223
laser 006,quadratic_graph,2107.706647,1945.000000,0.002976225,3.635608955,41.929881449,712.160121570,3.639125274,-41.929976598
laser 006,quadratic_graph,2107.675122,1946.000000,0.009400151,3.632523992,42.026421231,712.152762550,3.635749299,-42.026573377
laser 006,quadratic_graph,2107.633239,1947.000000,0.019066975,3.628418208,42.122764549,712.142113121,3.631206133,-42.123000629
laser 006,quadratic_graph,2107.625878,1948.000000,0.017930722,3.627714989,42.219755386,712.142425182,3.630553134,-42.219985663
laser 006,quadratic_graph,2107.652043,1949.000000,0.006303058,3.630316149,42.317379419,712.153382460,3.633678049,-42.317516746
laser 006,quadratic_graph,2107.671295,1950.000000,-0.003159972,3.632236024,42.414875824,712.162143369,3.636023977,-42.414938182
laser 006,quadratic_graph,2107.652615,1951.000000,-0.000749673,3.630417175,42.511655385,712.158856924,3.634095274,-42.511741399
laser 006,quadratic_graph,2107.620956,1952.000000,0.005724054,3.627319115,42.608187519,712.151447527,3.630703956,-42.608330942
laser 006,quadratic_graph,2107.622811,1953.000000,0.001709914,3.627524287,42.705356329,712.154679718,3.631089245,-42.705470044
laser 006,quadratic_graph,2107.636009,1954.000000,-0.005853130,3.628847476,42.802742807,712.161512825,3.632752733,-42.802797335
laser 006,quadratic_graph,2107.643216,1955.000000,-0.011539877,3.629580202,42.900016673,712.166442144,3.633741070,-42.900027598
laser 006,quadratic_graph,2107.656158,1956.000000,-0.019020421,3.630878228,42.997402082,712.173191546,3.635375671,-42.997354505
laser 006,quadratic_graph,2107.675385,1957.000000,-0.028467019,3.632795794,43.094910360,712.181935804,3.637718552,-43.094787949
laser 006,quadratic_graph,2107.685554,1958.000000,-0.035077282,3.633820573,43.192246667,712.187802176,3.639040627,-43.192072982
laser 006,quadratic_graph,2107.680248,1959.000000,-0.036842469,3.633320002,43.289285881,712.188752511,3.638618667,-43.289101168
laser 006,quadratic_graph,2107.660896,1960.000000,-0.034209817,3.631434935,43.386053654,712.185240611,3.636613715,-43.385894443
laser 006,quadratic_graph,2107.636815,1961.000000,-0.030095685,3.629083771,43.482728915,712.180225562,3.634075798,-43.482607512
laser 006,quadratic_graph,2107.615614,1962.000000,-0.026881746,3.627016516,43.579458994,712.176123915,3.631862422,-43.579367921
laser 006,quadratic_graph,2107.591424,1963.000000,-0.022730989,3.624654686,43.676129900,712.171071760,3.629312186,-43.676076938
laser 006,quadratic_graph,2107.551684,1964.000000,-0.013711986,3.620760262,43.772495951,712.161080111,3.625009628,-43.772521539
laser 006,quadratic_graph,2107.503342,1965.000000,-0.001999685,3.616018160,43.868691132,712.148355777,3.619737829,-43.868817641
laser 006,quadratic_graph,2107.475890,1966.000000,0.003175570,3.613335031,43.965292790,712.142264226,3.616820056,-43.965465920
laser 006,quadratic_graph,2107.525511,1967.000000,-0.015770116,3.618248014,44.063408037,712.160646715,3.622587101,-44.063427428
laser 006,quadratic_graph,2107.500927,1968.000000,-0.011489679,3.615847505,44.160066570,712.155463113,3.619992337,-44.160125150
laser 006,quadratic_graph,2107.497142,1969.000000,-0.013717734,3.615496938,44.257134542,712.156883284,3.619741278,-44.257178247
laser 006,quadratic_graph,2107.514059,1970.000000,-0.022424015,3.617186760,44.354612738,712.164876496,3.621823005,-44.354587757
laser 006,quadratic_graph,2107.511858,1971.000000,-0.025145286,3.616992335,44.451714168,712.166797118,3.621750351,-44.451670215
laser 006,quadratic_graph,2107.462886,1972.000000,-0.013226376,3.612188221,44.547886761,712.153863365,3.616407217,-44.547945444
laser 006,quadratic_graph,2107.400634,1973.000000,0.002849673,3.606075508,44.643791557,712.136711700,3.609567852,-44.643987406
laser 006,quadratic_graph,2107.363221,1974.000000,0.011152681,3.602410923,44.740187677,712.127446844,3.605527453,-44.740456126
laser 006,quadratic_graph,2107.365334,1975.000000,0.007086736,3.602641644,44.837372081,712.130731913,3.605940638,-44.837610388
laser 006,quadratic_graph,2107.390814,1976.000000,-0.004291140,3.605175230,44.935025989,712.141435871,3.608986715,-44.935173418
laser 006,quadratic_graph,2107.399138,1977.000000,-0.010298523,3.606018110,45.032338356,712.146690781,3.610099687,-45.032439517
laser 006,quadratic_graph,2107.382141,1978.000000,-0.008379695,3.604365538,45.129142554,712.143903569,3.608359456,-45.129263284
laser 006,quadratic_graph,2107.347512,1979.000000,-0.000941238,3.600975341,45.225590440,712.135516036,3.604632470,-45.225776588
laser 006,quadratic_graph,2107.297299,1980.000000,0.011375539,3.596049478,45.321721158,712.122178888,3.599149633,-45.322013245
laser 006,quadratic_graph,2107.251539,1981.000000,0.022299605,3.591562610,45.417938685,712.110254863,3.594168653,-45.418325142
laser 006,quadratic_graph,2107.241201,1982.000000,0.022139512,3.590566397,45.514872380,712.109577087,3.593178615,-45.515261137
laser 006,quadratic_graph,2107.264175,1983.000000,0.011555631,3.592852861,45.612483899,712.119475497,3.595941736,-45.612788374
laser 006,quadratic_graph,2107.289762,1984.000000,0.000154992,3.595396908,45.710151607,712.130202597,3.598999305,-45.710365014
laser 006,quadratic_graph,2107.294235,1985.000000,-0.004636541,3.595860285,45.807390974,712.134223984,3.599677900,-45.807568210
laser 006,quadratic_graph,2107.279811,1986.000000,-0.003512581,3.594461417,45.904244646,712.132243431,3.598227252,-45.904434848
laser 006,quadratic_graph,2107.264678,1987.000000,-0.002165426,3.592992696,46.001083419,712.130036442,3.596696678,-46.001288441
laser 006,quadratic_graph,2107.248675,1988.000000,-0.000544691,3.591438259,46.097903893,712.127551897,3.595068041,-46.098126007
laser 006,quadratic_graph,2107.216995,1989.000000,0.005983646,3.588338970,46.194400816,712.120088066,3.591673045,-46.194680785
laser 006,quadratic_graph,2107.162092,1990.000000,0.019780806,3.582951362,46.290416349,712.105249247,3.585661650,-46.290814552
laser 006,quadratic_graph,2107.101328,1991.000000,0.035412807,3.576986472,46.386306794,712.088548833,3.578990158,-46.386838470
laser 006,quadratic_graph,2107.060589,1992.000000,0.044779128,3.572994923,46.482608143,712.078205683,3.574574811,-46.483221248
laser 006,quadratic_graph,2107.068218,1993.000000,0.039011043,3.573769183,46.579911874,712.083218042,3.575608369,-46.580480695
laser 006,quadratic_graph,2107.126242,1994.000000,0.017473538,3.579509151,46.678266512,712.104230146,3.582319394,-46.678660065
laser 006,quadratic_graph,2107.150241,1995.000000,0.006584616,3.581896605,46.775917148,712.114438120,3.585197278,-46.776223883
laser 006,quadratic_graph,2107.075130,1996.000000,0.026713403,3.574518017,46.871498423,712.093175422,3.576909126,-46.871975982
laser 006,quadratic_graph,2106.954327,1997.000000,0.061139988,3.562638029,46.966116919,712.057406218,3.563474238,-46.966884063
laser 006,quadratic_graph,2106.909367,1998.000000,0.071834110,3.558231043,47.062318176,712.045716089,3.558583525,-47.063177776
laser 006,quadratic_graph,2105.055963,2204.000000,-0.015357104,3.380505185,67.037328048,711.961540260,3.384587097,-67.038207548
laser 006,quadratic_graph,2105.102235,2205.000000,-0.032937812,3.385084990,67.135959146,711.978537200,3.389959454,-67.136696230
laser 006,quadratic_graph,2105.133461,2206.000000,-0.045809986,3.388183600,67.234144020,711.990757985,3.393638096,-67.234777794
laser 006,quadratic_graph,2105.106069,2207.000000,-0.040339104,3.385510783,67.330572252,711.984372382,3.390717394,-67.331255059
laser 006,quadratic_graph,2105.081163,2208.000000,-0.035644873,3.383082779,67.427073745,711.978774611,3.388076561,-67.427799136
laser 006,quadratic_graph,2105.081940,2209.000000,-0.038985528,3.383183451,67.524347380,711.981327077,3.388327060,-67.525048621
laser 006,quadratic_graph,2105.104514,2210.000000,-0.049145294,3.385430228,67.622279309,711.990796530,3.391031445,-67.622899767
laser 006,quadratic_graph,2105.125416,2211.000000,-0.058780810,3.387512453,67.720163578,711.999734205,3.393547618,-67.720707607
laser 006,quadratic_graph,2105.117374,2212.000000,-0.059358076,3.386744851,67.817175091,711.999483645,3.392805118,-67.817717922
laser 006,quadratic_graph,2105.086740,2213.000000,-0.052864690,3.383752854,67.913502485,711.992060997,3.389519088,-67.914102840
laser 006,quadratic_graph,2105.058205,2214.000000,-0.047026916,3.380967583,68.009891770,711.985303401,3.386469376,-68.010544205
laser 006,quadratic_graph,2105.037413,2215.000000,-0.043610730,3.378944706,68.106514647,711.981002164,3.384291358,-68.107199049
laser 006,quadratic_graph,2105.009744,2216.000000,-0.038041484,3.376244793,68.202927414,711.974517008,3.381339126,-68.203661664
laser 006,quadratic_graph,2104.971221,2217.000000,-0.029074931,3.372476346,68.299008053,711.964585846,3.377165021,-68.299820367
laser 006,quadratic_graph,2104.931378,2218.000000,-0.019694318,3.368578055,68.395045984,711.954234725,3.372842384,-68.395939801
laser 006,quadratic_graph,2104.892963,2219.000000,-0.010759448,3.364820457,68.491124974,711.944335779,3.368680560,-68.492096591
laser 006,quadratic_graph,2104.848470,2220.000000,0.000078056,3.360464637,68.587015624,711.932506954,3.363834639,-68.588080843
laser 006,quadratic_graph,2104.813712,2221.000000,0.007870895,3.357067258,68.683201493,711.923766494,3.360084579,-68.684335027
laser 006,quadratic_graph,2104.815305,2222.000000,0.004292405,3.357248268,68.780500189,711.926560439,3.360426156,-68.781607597
laser 006,quadratic_graph,2104.875998,2223.000000,-0.017775227,3.363247233,68.879615239,711.948108604,3.367420198,-68.880542965
laser 006,quadratic_graph,2104.941459,2224.000000,-0.041334725,3.369716001,68.978883201,711.971169989,3.374951380,-68.979618856
laser 006,quadratic_graph,2104.950144,2225.000000,-0.047128762,3.370595345,69.076408724,711.976211221,3.376091291,-69.077099852
laser 006,quadratic_graph,2104.936791,2226.000000,-0.046025845,3.369305016,69.173255997,711.974256650,3.374750234,-69.173959878
laser 006,quadratic_graph,2104.917918,2227.000000,-0.043194438,3.367471253,69.269932448,711.970548836,3.372787729,-69.270663438
laser 006,quadratic_graph,2104.892131,2228.000000,-0.038198418,3.364956840,69.366394243,711.964645414,3.370046875,-69.367170319
laser 006,quadratic_graph,2104.866787,2229.000000,-0.033339780,3.362486086,69.462868397,711.958881371,3.367355879,-69.463688418
laser 006,quadratic_graph,2104.877911,2230.000000,-0.039890237,3.363605529,69.560472508,711.964689927,3.368770033,-69.561241719
laser 006,quadratic_graph,2104.919989,2231.000000,-0.056125004,3.367772459,69.659040062,711.980321544,3.373668776,-69.659678034
laser 006,quadratic_graph,2104.949464,2232.000000,-0.068415458,3.370698753,69.757220093,711.991952322,3.377148857,-69.757759584
laser 006,quadratic_graph,2104.941633,2233.000000,-0.069031185,3.369952129,69.854241325,711.991741123,3.376429079,-69.854779295
laser 006,quadratic_graph,2104.890386,2234.000000,-0.056060332,3.364931074,69.949908311,711.977748751,3.370821640,-69.950557598
laser 006,quadratic_graph,2104.806537,2235.000000,-0.032887938,3.356700687,70.044553369,711.953408773,3.361544421,-70.045398697
laser 006,quadratic_graph,2104.715715,2236.000000,-0.007534228,3.347784450,70.138974088,711.926856312,3.351482899,-70.140033574
laser 006,quadratic_graph,2104.659161,2237.000000,0.007098455,3.342241892,70.234461254,711.911178484,3.345278951,-70.235645857
laser 006,quadratic_graph,2104.673506,2238.000000,-0.000448445,3.343678223,70.332168039,711.917997878,3.347054971,-70.333293556
laser 006,quadratic_graph,2104.747840,2239.000000,-0.026762748,3.351019814,70.431761093,711.943853385,3.355583318,-70.432671659
laser 006,quadratic_graph,2104.829358,2240.000000,-0.055325464,3.359069220,70.531587591,711.971989452,3.364920965,-70.532264532
laser 006,quadratic_graph,2104.875417,2241.000000,-0.072793255,3.363628192,70.630305250,711.988871715,3.370267407,-70.630840712
laser 006,quadratic_graph,2104.859879,2242.000000,-0.070985540,3.362122880,70.727084838,711.986202533,3.368679564,-70.727638904
laser 006,quadratic_graph,2104.784202,2243.000000,-0.050358899,3.354696986,70.821964453,711.964445088,3.360321744,-70.822693416
laser 006,quadratic_graph,2104.698444,2244.000000,-0.026578116,3.346279171,70.916519691,711.939488425,3.350829641,-70.917449746
laser 006,quadratic_graph,2104.658552,2245.000000,-0.017147207,3.342376700,71.012520969,711.929087068,3.346500567,-71.013532939
laser 006,quadratic_graph,2104.664961,2246.000000,-0.022201067,3.343031974,71.109987909,711.933377793,3.347383009,-71.110961496
laser 006,quadratic_graph,2104.668008,2247.000000,-0.026201798,3.343356321,71.207349503,711.936600325,3.347886992,-71.208293454
laser 006,quadratic_graph,2104.657352,2248.000000,-0.025913962,3.342331792,71.304276489,711.935472942,3.346848533,-71.305226421
laser 006,quadratic_graph,2104.641491,2249.000000,-0.023996334,3.340794912,71.401037675,711.932692468,3.345224164,-71.402007123
laser 006,quadratic_graph,2104.639975,2250.000000,-0.026565499,3.340670113,71.498255721,711.934462993,3.345214388,-71.499207422
laser 006,quadratic_graph,2104.656819,2251.000000,-0.034877732,3.342352639,71.596060688,711.942058746,3.347271151,-71.596946946
laser 006,quadratic_graph,2104.672007,2252.000000,-0.042670686,3.343872199,71.693815036,711.949127792,3.349141510,-71.694640163
laser 006,quadratic_graph,2104.666302,2253.000000,-0.043925337,3.343335075,71.790902661,711.949565026,3.348660079,-71.791720957
laser 006,quadratic_graph,2104.633938,2254.000000,-0.036837592,3.340173676,71.887136002,711.941540580,3.345177840,-71.888016751
laser 006,quadratic_graph,2104.596024,2255.000000,-0.028012272,3.336466036,71.983189255,711.931753748,3.341070934,-71.984146887
laser 006,quadratic_graph,2104.538379,2256.000000,-0.013012887,3.330816355,72.078605904,711.915704612,3.334743319,-72.079691695
laser 006,quadratic_graph,2104.542473,2257.000000,-0.017327908,3.331243793,72.176005552,711.919246070,3.335364582,-72.177059096
laser 006,quadratic_graph,2104.495876,2258.000000,-0.005782736,3.326681749,72.271772709,711.906700610,3.330280513,-72.272925724
laser 006,quadratic_graph,2104.501357,2259.000000,-0.010528968,3.327245699,72.369217327,711.910679477,3.331057751,-72.370334513
laser 006,quadratic_graph,2104.530806,2260.000000,-0.022772528,3.330168846,72.467437812,711.922262840,3.334532580,-72.468456904
laser 006,quadratic_graph,2104.529050,2261.000000,-0.025252121,3.330020503,72.564651951,711.923942677,3.334495222,-72.565654038
laser 006,quadratic_graph,2104.489638,2262.000000,-0.015949356,3.326165676,72.660646656,711.913671787,3.330219582,-72.661729590
laser 006,quadratic_graph,2104.452255,2263.000000,-0.007280315,3.322510667,72.756704659,711.904043715,3.326172363,-72.757863177
laser 006,quadratic_graph,2104.428782,2264.000000,-0.002961810,3.320224830,72.853212193,711.898828382,3.323690680,-72.854410163
laser 006,quadratic_graph,2104.422430,2265.000000,-0.003998203,3.319624139,72.950275495,711.899044481,3.323135837,-72.951468446
laser 006,quadratic_graph,2104.457758,2266.000000,-0.018072831,3.323125848,73.048696777,711.912485100,3.327271875,-73.049776426
laser 006,quadratic_graph,2104.522260,2267.000000,-0.041274347,3.329499381,73.148073654,711.935182970,3.334691681,-73.148964203
laser 006,quadratic_graph,2104.512065,2268.000000,-0.041104472,3.328520425,73.245017201,711.934175578,3.333704129,-73.245912749
laser 006,quadratic_graph,2104.550558,2269.000000,-0.056166789,3.332334087,73.343553146,711.948617953,3.338196701,-73.344327189
laser 006,quadratic_graph,2104.573210,2270.000000,-0.066271777,3.334588532,73.441574508,711.958032184,3.340906307,-73.442268217
laser 006,quadratic_graph,2104.559628,2271.000000,-0.065038143,3.333276159,73.538410400,711.955945865,3.339537326,-73.539117940
laser 006,quadratic_graph,2104.479044,2272.000000,-0.042839432,3.325368443,73.633045831,711.932595122,3.330626742,-73.633941317
laser 006,quadratic_graph,2104.427298,2273.000000,-0.029663044,3.320299671,73.728623413,711.918395594,3.324962326,-73.729631914
laser 006,quadratic_graph,2104.359041,2274.000000,-0.011320449,3.313606030,73.823653888,711.898956150,3.317439864,-73.824818309
laser 006,quadratic_graph,2104.310124,2275.000000,0.000972306,3.308816151,73.919316881,711.885652972,3.312094224,-73.920586978
laser 006,quadratic_graph,2104.266635,2276.000000,0.011567909,3.304560647,74.015155683,711.874071220,3.307359561,-74.016517361
laser 006,quadratic_graph,2104.269118,2277.000000,0.007783491,3.304829575,74.112510818,711.877074785,3.307798373,-74.113844653
laser 006,quadratic_graph,2104.355647,2278.000000,-0.022292695,3.313370365,74.212648255,711.906745371,3.317695730,-74.213735897
laser 006,quadratic_graph,2104.435546,2279.000000,-0.050295631,3.321259297,74.312574569,711.934313066,3.326847652,-74.313433234
laser 006,quadratic_graph,2104.439992,2280.000000,-0.054690837,3.321721597,74.410005061,711.937936102,3.327507406,-74.410830810
laser 006,quadratic_graph,2104.419116,2281.000000,-0.051162022,3.319691413,74.506595446,711.933522058,3.325317025,-74.507454087
laser 006,quadratic_graph,2104.430321,2282.000000,-0.057669360,3.320819028,74.604252168,711.939287386,3.326737426,-74.605060351
laser 006,quadratic_graph,2104.478616,2283.000000,-0.075780651,3.325597652,74.703146310,711.956822218,3.332332582,-74.703807667
laser 006,quadratic_graph,2104.460540,2284.000000,-0.073123776,3.323843040,74.799831566,711.953292592,3.330457130,-74.800518573
laser 006,quadratic_graph,2104.460182,2285.000000,-0.076009472,3.323832536,74.897107891,711.955384622,3.330575949,-74.897774517
laser 006,quadratic_graph,2104.441030,2286.000000,-0.073013303,3.321972034,74.993756491,711.951510906,3.328579294,-74.994451584
laser 006,quadratic_graph,2104.366939,2287.000000,-0.052826394,3.314703821,75.088564626,711.930201302,3.320399023,-75.089430953
laser 006,quadratic_graph,2104.315728,2288.000000,-0.039797615,3.309687980,75.184134407,711.916151972,3.314794206,-75.185112521
laser 006,quadratic_graph,2104.286403,2289.000000,-0.033615169,3.306826400,75.280435346,711.909046649,3.311652661,-75.281468388
laser 006,quadratic_graph,2104.257117,2290.000000,-0.027443737,3.303968719,75.376735916,711.901952529,3.308515512,-75.377823795
laser 006,quadratic_graph,2104.219329,2291.000000,-0.018611315,3.300274344,75.472748682,711.892159513,3.304421565,-75.473913496
laser 006,quadratic_graph,2104.188052,2292.000000,-0.011814700,3.297220854,75.568978447,711.884431365,3.301060391,-75.570203289
laser 006,quadratic_graph,2104.176859,2293.000000,-0.011299862,3.296143987,75.665883990,711.883074574,3.299959368,-75.667116691
laser 006,quadratic_graph,2104.180819,2294.000000,-0.015524133,3.296558420,75.763301322,711.886524460,3.300563546,-75.764502525
laser 006,quadratic_graph,2104.195176,2295.000000,-0.022999764,3.297996115,75.861071543,711.893272053,3.302337736,-75.862214245
laser 006,quadratic_graph,2104.221508,2296.000000,-0.034220628,3.300612430,75.959249470,711.903818255,3.305459589,-75.960302568
laser 006,quadratic_graph,2104.242371,2297.000000,-0.043729448,3.302690566,76.057245064,711.912628009,3.307965989,-76.058222776
laser 006,quadratic_graph,2104.231326,2298.000000,-0.043254257,3.301628266,76.154159757,711.911311483,3.306881325,-76.155144998
laser 006,quadratic_graph,2104.200044,2299.000000,-0.036446452,3.298574235,76.250386245,711.903572135,3.303519107,-76.251431606
laser 006,quadratic_graph,2104.176211,2300.000000,-0.031967901,3.296253387,76.346864477,711.898195260,3.300995204,-76.347950614
laser 006,quadratic_graph,2104.164626,2301.000000,-0.031319867,3.295137994,76.443758993,711.896703498,3.299849647,-76.444854094
laser 006,quadratic_graph,2104.154948,2302.000000,-0.031267125,3.294210295,76.540718433,711.895815527,3.298918653,-76.541817554
laser 006,quadratic_graph,2104.139320,2303.000000,-0.029351627,3.292697027,76.637474544,711.893038285,3.297318014,-76.638593154
laser 006,quadratic_graph,2104.125625,2304.000000,-0.028039561,3.291374014,76.734296284,711.890873092,3.295934868,-76.735429372
laser 006,quadratic_graph,2104.126766,2305.000000,-0.031367568,3.291511111,76.831625955,711.893414071,3.296221261,-76.832734987
laser 006,quadratic_graph,2104.140641,2306.000000,-0.038678137,3.292901466,76.929393388,711.899994333,3.297940666,-76.930445289
laser 006,quadratic_graph,2104.148531,2307.000000,-0.044115060,3.293702822,77.026957302,711.904674271,3.298986505,-77.027967632
laser 006,quadratic_graph,2104.135379,2308.000000,-0.042967553,3.292433263,77.123799090,711.902676039,3.297664241,-77.124822531
laser 006,quadratic_graph,2104.111965,2309.000000,-0.038608237,3.290153760,77.220287223,711.897420294,3.295187068,-77.221350448
laser 006,quadratic_graph,2104.094686,2310.000000,-0.036167000,3.288478074,77.316985687,711.894109961,3.293400286,-77.318072766
laser 006,quadratic_graph,2104.094315,2311.000000,-0.039014126,3.288466416,77.414267151,711.896163288,3.293516223,-77.415334167
laser 006,quadratic_graph,2104.111376,2312.000000,-0.047313655,3.290170380,77.512151931,711.903746631,3.295593875,-77.513153602
laser 006,quadratic_graph,2104.140807,2313.000000,-0.059482198,3.293091857,77.610467140,711.915254049,3.299063671,-77.611371336
laser 006,quadratic_graph,2104.157651,2314.000000,-0.067711624,3.294774591,77.708349605,711.922766284,3.301116930,-77.709189038
laser 006,quadratic_graph,2104.130844,2315.000000,-0.062282557,3.292161111,77.804719891,711.916425674,3.298257500,-77.805607991
laser 006,quadratic_graph,2104.066501,2316.000000,-0.045108784,3.285853479,77.899784825,711.898173283,3.291173820,-77.900819129
laser 006,quadratic_graph,2103.999731,2317.000000,-0.027175317,3.279307320,77.994760723,711.879150449,3.283817325,-77.995947538
laser 006,quadratic_graph,2103.987108,2318.000000,-0.026180263,3.278089974,78.091617182,711.877307049,3.282554159,-78.092815840
laser 006,quadratic_graph,2104.023795,2319.000000,-0.040610148,3.281725305,78.190192557,711.891108020,3.286839877,-78.191274959
laser 006,quadratic_graph,2104.043376,2320.000000,-0.049687495,3.283677287,78.288174834,711.899480308,3.289200658,-78.289185431
laser 006,quadratic_graph,2104.013512,2321.000000,-0.043294515,3.280763167,78.384431423,711.892162240,3.285997084,-78.385498691
laser 006,quadratic_graph,2103.963733,2322.000000,-0.030670117,3.275889264,78.479989368,711.878524170,3.280552472,-78.481165057
laser 006,quadratic_graph,2103.933465,2323.000000,-0.024148515,3.272935555,78.576227487,711.871075724,3.277303505,-78.577460914
laser 006,quadratic_graph,2103.941690,2324.000000,-0.029667565,3.273769886,78.673814155,711.875839166,3.278386033,-78.675005327
laser 006,quadratic_graph,2103.965245,2325.000000,-0.039981257,3.276112873,78.771940827,711.885465424,3.281193624,-78.773049926
laser 006,quadratic_graph,2103.944530,2326.000000,-0.036444125,3.274099256,78.868513516,711.881043941,3.279019454,-78.869655569
laser 006,quadratic_graph,2103.891787,2327.000000,-0.022886282,3.268933892,78.963957560,711.866459326,3.273241252,-78.965215784
laser 006,quadratic_graph,2103.854950,2328.000000,-0.014303387,3.265333918,79.059958642,711.856920422,3.269252985,-79.061291722
laser 006,quadratic_graph,2103.837751,2329.000000,-0.011862493,3.263666437,79.156650500,711.853610855,3.267474431,-79.158007429
laser 006,quadratic_graph,2103.839168,2330.000000,-0.015243744,3.263830818,79.253999549,711.856206197,3.267790522,-79.255331975
laser 006,quadratic_graph,2103.871746,2331.000000,-0.028371737,3.267061585,79.352452085,711.868686799,3.271612919,-79.353679066
laser 006,quadratic_graph,2103.925458,2332.000000,-0.048110548,3.272372278,79.451657036,711.887872143,3.277813622,-79.452723671
laser 006,quadratic_graph,2103.957887,2333.000000,-0.061190411,3.275588717,79.550112622,711.900303898,3.281619520,-79.551074211
laser 006,quadratic_graph,2103.970966,2334.000000,-0.068215395,3.276900930,79.647884656,711.906594739,3.283247905,-79.648791482
laser 006,quadratic_graph,2103.979530,2335.000000,-0.073826570,3.277768827,79.745498111,711.911451686,3.284368162,-79.746361917
laser 006,quadratic_graph,2103.972705,2336.000000,-0.074621706,3.277122205,79.842565249,711.911424189,3.283756528,-79.843426028
laser 006,quadratic_graph,2103.928418,2337.000000,-0.063694963,3.272788773,79.938297273,711.899508335,3.278929018,-79.939252372
laser 006,quadratic_graph,2103.866060,2338.000000,-0.047113803,3.266677136,80.033381443,711.881857799,3.272068090,-80.034477819
laser 006,quadratic_graph,2103.808963,2339.000000,-0.032177955,3.261083494,80.128649109,711.865875997,3.265799419,-80.129873097
laser 006,quadratic_graph,2103.769839,2340.000000,-0.022863789,3.257258640,80.224555637,711.855595758,3.261553271,-80.225860552
laser 006,quadratic_graph,2103.776181,2341.000000,-0.027771282,3.257907735,80.322087930,711.859739153,3.262422968,-80.323355666
laser 006,quadratic_graph,2103.840572,2342.000000,-0.050837482,3.264269174,80.421703162,711.882299074,3.269824603,-80.422782919
laser 006,quadratic_graph,2103.913685,2343.000000,-0.076632613,3.271489415,80.521638117,711.907626633,3.278208211,-80.522507232
laser 006,quadratic_graph,2103.952444,2344.000000,-0.091679325,3.275329081,80.620345381,711.922053151,3.282726114,-80.621093116
laser 006,quadratic_graph,2103.954164,2345.000000,-0.095136214,3.275523520,80.717723703,711.924725318,3.283075683,-80.718446307
laser 006,quadratic_graph,2103.938212,2346.000000,-0.093062526,3.273978712,80.814466160,711.921788420,3.281436383,-80.815209561
laser 006,quadratic_graph,2103.907490,2347.000000,-0.086366345,3.270980311,80.910675175,711.914163449,3.278134855,-80.911477760
laser 006,quadratic_graph,2103.856883,2348.000000,-0.073447653,3.266025038,81.006164104,711.900227698,3.272595601,-81.007077548
laser 006,quadratic_graph,2103.798349,2349.000000,-0.058048190,3.260289880,81.101362879,711.883776020,3.266164493,-81.102407784
laser 006,quadratic_graph,2103.751083,2350.000000,-0.046173171,3.255663785,81.196965450,711.870898849,3.261001524,-81.198112546
laser 006,quadratic_graph,2103.726191,2351.000000,-0.041296544,3.253239473,81.293375794,711.865119403,3.258356212,-81.294566964
laser 006,quadratic_graph,2103.719067,2352.000000,-0.041977073,3.252563590,81.390429624,711.864975977,3.257710151,-81.391618717
laser 006,quadratic_graph,2103.737641,2353.000000,-0.050695584,3.254416463,81.488417375,711.872984568,3.259955642,-81.489537639
laser 006,quadratic_graph,2103.763701,2354.000000,-0.061754953,3.257006062,81.586679908,711.883367218,3.263043513,-81.587711904
laser 006,quadratic_graph,2103.759792,2355.000000,-0.063437357,3.256646571,81.683854003,711.884239903,3.262759065,-81.684875601
laser 006,quadratic_graph,2103.717096,2356.000000,-0.052984059,3.252470258,81.779614218,711.872804796,3.258110050,-81.780726200
laser 006,quadratic_graph,2103.658640,2357.000000,-0.037599590,3.246743305,81.874796267,711.856368634,3.251687828,-81.876039583
laser 006,quadratic_graph,2103.627781,2358.000000,-0.030847338,3.243732019,81.970982779,711.848687140,3.248370888,-81.972285743
laser 006,quadratic_graph,2103.637562,2359.000000,-0.036806936,3.244719604,82.068654541,711.853897760,3.249626569,-82.069911587
laser 006,quadratic_graph,2103.654950,2360.000000,-0.045145010,3.246455739,82.166606671,711.861520579,3.251738154,-82.167798047
laser 006,quadratic_graph,2103.636107,2361.000000,-0.042147631,3.244626800,82.263232204,711.857647254,3.249773038,-82.264452045
laser 006,quadratic_graph,2103.574884,2362.000000,-0.025891636,3.238627895,82.358300685,711.840327402,3.243039529,-82.359659097
laser 006,quadratic_graph,2103.518928,2363.000000,-0.011282640,3.233147488,82.453558413,711.824677948,3.236898856,-82.455041718
laser 006,quadratic_graph,2103.508554,2364.000000,-0.010930769,3.232151968,82.550489827,711.823487726,3.235886567,-82.551979627
laser 006,quadratic_graph,2103.521567,2365.000000,-0.017893110,3.233457484,82.648282950,711.829715386,3.237505440,-82.649718504
laser 006,quadratic_graph,2103.524339,2366.000000,-0.021650757,3.233755412,82.745700209,711.832692943,3.237972082,-82.747108130
laser 006,quadratic_graph,2103.500316,2367.000000,-0.017025423,3.231416987,82.842128831,711.827168750,3.235424006,-82.843578735
laser 006,quadratic_graph,2103.512510,2368.000000,-0.023727704,3.232641957,82.939895464,711.833132687,3.236950596,-82.941293282
laser 006,quadratic_graph,2103.471270,2369.000000,-0.013714195,3.228609602,83.035685728,711.822144032,3.232465396,-83.037170274
laser 006,quadratic_graph,2103.475874,2370.000000,-0.018039579,3.229087791,83.133172462,711.825697425,3.233137924,-83.134624660
laser 006,quadratic_graph,2103.450623,2371.000000,-0.013024950,3.226628627,83.229552548,711.819778520,3.230451540,-83.231049961
laser 006,quadratic_graph,2103.486350,2372.000000,-0.027083161,3.230168976,83.328196700,711.833202612,3.234625521,-83.329580939
laser 006,quadratic_graph,2103.492269,2373.000000,-0.031816071,3.230776599,83.425736062,711.837169324,3.235445880,-83.427084569
laser 006,quadratic_graph,2103.478784,2374.000000,-0.030477842,3.229475059,83.522554163,711.834978933,3.234083055,-83.523917355
laser 006,quadratic_graph,2103.456343,2375.000000,-0.026336782,3.227292360,83.619038018,711.829946045,3.231712566,-83.620439170
laser 006,quadratic_graph,2103.442434,2376.000000,-0.024863326,3.225949139,83.715839211,711.827618558,3.230301957,-83.717256169
laser 006,quadratic_graph,2103.456774,2377.000000,-0.032225107,3.227385310,83.813695638,711.834251409,3.232069519,-83.815055032
laser 006,quadratic_graph,2103.493620,2378.000000,-0.046626068,3.231035941,83.912396157,711.848023089,3.236369256,-83.913639531
laser 006,quadratic_graph,2103.514880,2379.000000,-0.056150404,3.233153129,84.010516921,711.856849099,3.238915443,-84.011684771
laser 006,quadratic_graph,2103.508060,2380.000000,-0.056889192,3.232507405,84.107587324,711.856765209,3.238302182,-84.108752610
laser 006,quadratic_graph,2103.483016,2381.000000,-0.051925640,3.230068545,84.203973750,711.850898291,3.235638411,-84.205183825
laser 006,quadratic_graph,2103.448742,2382.000000,-0.044073511,3.226721574,84.300011914,711.842101949,3.231936154,-84.301290767
laser 006,quadratic_graph,2103.475624,2383.000000,-0.055351187,3.229391908,84.398349214,711.852706139,3.235114626,-84.399537982
laser 006,quadratic_graph,2103.441502,2384.000000,-0.047543922,3.226059902,84.494391441,711.843955343,3.231429359,-84.495648614
laser 006,quadratic_graph,2103.397417,2385.000000,-0.036618971,3.221747734,84.590055800,711.832042789,3.226623214,-84.591407267
laser 006,quadratic_graph,2103.346366,2386.000000,-0.023514098,3.216750362,84.685454191,711.817919518,3.221033474,-84.686918056
laser 006,quadratic_graph,2103.300677,2387.000000,-0.012085611,3.212280698,84.781051719,711.805496393,3.216047107,-84.782614059
laser 006,quadratic_graph,2103.275645,2388.000000,-0.007117357,3.209843379,84.877427833,711.799624922,3.213384667,-84.879035001
laser 006,quadratic_graph,2103.277898,2389.000000,-0.010682189,3.210090351,84.974836277,711.802407252,3.213791660,-84.976417410
laser 006,quadratic_graph,2103.297525,2390.000000,-0.019680193,3.212046603,85.072904699,711.810699600,3.216153161,-85.074414678
laser 006,quadratic_graph,2103.308130,2391.000000,-0.025854986,3.213115303,85.170633063,711.816128810,3.217499683,-85.172095333
laser 006,quadratic_graph,2103.297498,2392.000000,-0.025385570,3.212094666,85.267555816,711.814819867,3.216456982,-85.269025553
laser 006,quadratic_graph,2103.297066,2393.000000,-0.028105399,3.212077540,85.364866663,711.816745279,3.216561740,-85.366317382
laser 006,quadratic_graph,2103.316390,2394.000000,-0.037003713,3.214004100,85.462931046,711.824936536,3.218889050,-85.464311439
laser 006,quadratic_graph,2103.329464,2395.000000,-0.043945812,3.215315803,85.560759513,711.831143920,3.220513210,-85.562085825
laser 006,quadratic_graph,2103.302154,2396.000000,-0.038254026,3.212654308,85.657047646,711.824538839,3.217593941,-85.658424792
laser 006,quadratic_graph,2103.235502,2397.000000,-0.020254950,3.206122361,85.751830126,711.805452548,3.210248732,-85.753360310
laser 006,quadratic_graph,2103.181025,2398.000000,-0.006063592,3.200788464,85.847073738,711.790227847,3.204273434,-85.848725339
laser 006,quadratic_graph,2103.179742,2399.000000,-0.008509209,3.200687635,85.944351664,711.791875280,3.204282114,-85.945986524
laser 006,quadratic_graph,2103.228768,2400.000000,-0.026689643,3.205536101,86.043560165,711.809479884,3.209950281,-86.045047616
laser 006,quadratic_graph,2103.288311,2401.000000,-0.048159484,3.211419549,86.143177741,711.830420348,3.216801898,-86.144490467
laser 006,quadratic_graph,2103.316999,2402.000000,-0.059976901,3.214267550,86.241614994,711.841571983,3.220182405,-86.242833152
laser 006,quadratic_graph,2103.294102,2403.000000,-0.055656161,3.212040248,86.338069821,711.836357467,3.217759216,-86.339327427
laser 006,quadratic_graph,2103.225144,2404.000000,-0.036925850,3.205281344,86.432748482,711.816529859,3.210154048,-86.434165197
laser 006,quadratic_graph,2103.126788,2405.000000,-0.009000093,3.195630793,86.526288064,711.787376982,3.199242197,-86.527940249
laser 006,quadratic_graph,2103.055310,2406.000000,0.010518424,3.188624900,86.620858146,711.766750169,3.191354465,-86.622675984
laser 006,quadratic_graph,2103.055131,2407.000000,0.007738159,3.188632707,86.718179308,711.768737113,3.191486889,-86.719977625
laser 006,quadratic_graph,2103.096440,2408.000000,-0.008017013,3.192721701,86.817107011,711.783882196,3.196286124,-86.818778058
laser 006,quadratic_graph,2103.139287,2409.000000,-0.024252583,3.196962194,86.916098767,711.799514443,3.201258540,-86.917638555
laser 006,quadratic_graph,2103.142097,2410.000000,-0.027964035,3.197264116,87.013541927,711.802445724,3.201727109,-87.015054461
laser 006,quadratic_graph,2103.117875,2411.000000,-0.023218821,3.194906743,87.109936314,711.796800958,3.199154693,-87.111491819
laser 006,quadratic_graph,2103.097835,2412.000000,-0.019780431,3.192960810,87.206492010,711.792481493,3.197052700,-87.208079634
laser 006,quadratic_graph,2103.080190,2413.000000,-0.017089880,3.191250506,87.303139998,711.788920447,3.195220091,-87.304753530
laser 006,quadratic_graph,2103.060381,2414.000000,-0.013721190,3.189327349,87.399702947,711.784671716,3.193144021,-87.401348019
laser 006,quadratic_graph,2103.039105,2415.000000,-0.009892387,3.187259911,87.496207768,711.779956403,3.190902903,-87.497888200
laser 006,quadratic_graph,2103.018831,2416.000000,-0.006375718,3.185291068,87.592750684,711.775557655,3.188774470,-87.594463885
laser 006,quadratic_graph,2103.005151,2417.000000,-0.004920169,3.183970891,87.689550433,711.773249137,3.187387730,-87.691279285
laser 006,quadratic_graph,2103.003172,2418.000000,-0.007123018,3.183801727,87.786807731,711.774650657,3.187317127,-87.788521855
laser 006,quadratic_graph,2102.997135,2419.000000,-0.008055333,3.183233394,87.883906668,711.774763730,3.186790009,-87.885616615
laser 006,quadratic_graph,2102.973932,2420.000000,-0.003617352,3.180976498,87.980332590,711.769430760,3.184331941,-87.982082955
laser 006,quadratic_graph,2102.933838,2421.000000,0.006104691,3.177058171,88.076094096,711.758739219,3.179973945,-88.077928759
laser 006,quadratic_graph,2102.892063,2422.000000,0.016353482,3.172974616,88.171786898,711.747513540,3.175426948,-88.173710233
laser 006,quadratic_graph,2102.863862,2423.000000,0.022358132,3.170226293,88.268011046,711.740591903,3.172406741,-88.269987808
laser 006,quadratic_graph,2102.858634,2424.000000,0.021179425,3.169737582,88.365138516,711.740954959,3.171970369,-88.367109053
laser 006,quadratic_graph,2102.887662,2425.000000,0.009288560,3.172618286,88.463617252,711.752181245,3.175386905,-88.465492609
laser 006,quadratic_graph,2102.957805,2426.000000,-0.015460784,3.179543414,88.563722636,711.776447309,3.183428231,-88.565396033
laser 006,quadratic_graph,2103.043320,2427.000000,-0.045018752,3.187981264,88.664442724,711.805589757,3.193199319,-88.665874231
laser 006,quadratic_graph,2103.076537,2428.000000,-0.058218060,3.191274698,88.763101634,711.818142868,3.197087642,-88.764427094
laser 006,quadratic_graph,2103.027428,2429.000000,-0.045664153,3.186469142,88.858502774,711.804579708,3.191714604,-88.859936047
laser 006,quadratic_graph,2102.953679,2430.000000,-0.025402434,3.179239922,88.952923382,711.783200135,3.183570013,-88.954528475
laser 006,quadratic_graph,2102.911634,2431.000000,-0.015056545,3.175129672,89.048597143,711.771876217,3.178991941,-89.050291712
laser 006,quadratic_graph,2102.905082,2432.000000,-0.015810661,3.174510789,89.145678631,711.771808783,3.178406236,-89.147370501
laser 006,quadratic_graph,2102.910484,2433.000000,-0.020302338,3.175067783,89.243235939,711.775531597,3.179165102,-89.244894071
laser 006,quadratic_graph,2102.915616,2434.000000,-0.024708291,3.175598235,89.340783759,711.779167485,3.179893558,-89.342408866
laser 006,quadratic_graph,2102.907471,2435.000000,-0.024960204,3.174822674,89.437803438,711.778590811,3.179128510,-89.439430015
laser 006,quadratic_graph,2102.866676,2436.000000,-0.014998792,3.170835488,89.533519989,711.767656934,3.174690857,-89.535232849
laser 006,quadratic_graph,2102.805263,2437.000000,0.001412020,3.164820434,89.628410037,711.750182841,3.167934245,-89.630262736
laser 006,quadratic_graph,2102.768084,2438.000000,0.010244371,3.161189209,89.724264964,711.740394019,3.163903515,-89.726194570
laser 006,quadratic_graph,2102.771850,2439.000000,0.006272576,3.161585241,89.821756962,711.743589731,3.164477958,-89.823657147
laser 006,quadratic_graph,2102.789760,2440.000000,-0.002121503,3.163372470,89.919817046,711.751270019,3.166643198,-89.921651086
laser 006,quadratic_graph,2102.783737,2441.000000,-0.003029201,3.162805702,90.016919082,711.751358494,3.166116543,-90.018749147
laser 006,quadratic_graph,2102.765470,2442.000000,-0.000106233,3.161034642,90.113529527,711.747562375,3.164212700,-90.115387425
laser 006,quadratic_graph,2102.766546,2443.000000,-0.003231525,3.161166136,90.210917060,711.749899705,3.164484398,-90.212752566
laser 006,quadratic_graph,2102.756530,2444.000000,-0.002886446,3.160206649,90.307858933,711.748717812,3.163508482,-90.309700866
laser 006,quadratic_graph,2102.742734,2445.000000,-0.001357851,3.158875381,90.404648392,711.746335759,3.162107367,-90.406506579
laser 006,quadratic_graph,2102.753710,2446.000000,-0.007575456,3.159980640,90.502436866,711.751808973,3.163492405,-90.504246981
laser 006,quadratic_graph,2102.791505,2447.000000,-0.022179865,3.163723879,90.601310290,711.765787047,3.167893960,-90.603002690
laser 006,quadratic_graph,2102.809277,2448.000000,-0.030520756,3.165497719,90.699378228,711.773413428,3.170043413,-90.701004925
laser 006,quadratic_graph,2102.798268,2449.000000,-0.029858440,3.164440567,90.796283528,711.771909891,3.168955516,-90.797919285
laser 006,quadratic_graph,2102.778790,2450.000000,-0.026545947,3.162550391,90.892845501,711.767718901,3.166914978,-90.894512325
laser 006,quadratic_graph,2102.741776,2451.000000,-0.017747539,3.158935390,90.988695283,711.757964826,3.162902011,-90.990438729
laser 006,quadratic_graph,2102.674406,2452.000000,0.000545774,3.152334805,91.083310120,711.738582287,3.155474906,-91.085209034
laser 006,quadratic_graph,2102.624554,2453.000000,0.013360975,3.147457456,91.178632058,711.724754994,3.150018294,-91.180640950
laser 006,quadratic_graph,2102.641181,2454.000000,0.005386926,3.149118458,91.276655414,711.732009460,3.152038354,-91.278601647
laser 006,quadratic_graph,2102.702405,2455.000000,-0.016533802,3.155165896,91.376497614,711.753406789,3.159074333,-91.378265376
laser 006,quadratic_graph,2102.774346,2456.000000,-0.041806539,3.162267898,91.476783104,711.778203244,3.167316170,-91.478344560
laser 006,quadratic_graph,2102.823535,2457.000000,-0.059962856,3.167132299,91.576146945,711.795783148,3.172999207,-91.577561190
laser 006,quadratic_graph,2102.815404,2458.000000,-0.060188817,3.166358295,91.673173266,711.795180510,3.172234553,-91.674589193
laser 006,quadratic_graph,2102.765885,2459.000000,-0.047467719,3.161513077,91.768506423,711.781448764,3.166814322,-91.770031545
laser 006,quadratic_graph,2102.719116,2460.000000,-0.035605924,3.156938536,91.863948767,711.768588452,3.161703551,-91.865575948
laser 006,quadratic_graph,2102.697575,2461.000000,-0.031633699,3.154845561,91.960422124,711.763728682,3.159430443,-91.962085849
laser 006,quadratic_graph,2102.685142,2462.000000,-0.030508891,3.153648474,92.057268185,711.761756385,3.158181741,-92.058944808
laser 006,quadratic_graph,2102.655219,2463.000000,-0.023912535,3.150731114,92.153395447,711.754235644,3.154965809,-92.155130404
laser 006,quadratic_graph,2102.613652,2464.000000,-0.013673305,3.146668574,92.249042088,711.743020856,3.150440276,-92.250865630
laser 006,quadratic_graph,2102.599800,2465.000000,-0.012100845,3.145331992,92.345826853,711.740594693,3.149031876,-92.347667010
laser 006,quadratic_graph,2102.639421,2466.000000,-0.027251047,3.149254763,92.444814805,711.755126236,3.153637605,-92.446532713
laser 006,quadratic_graph,2102.691126,2467.000000,-0.046180121,3.154366320,92.544305577,711.773489739,3.159602681,-92.545869856
laser 006,quadratic_graph,2102.687591,2468.000000,-0.047830452,3.154044491,92.641520297,711.774331673,3.159354496,-92.643074428
laser 006,quadratic_graph,2102.627613,2469.000000,-0.031825631,3.148170930,92.736402044,711.757270402,3.152757714,-92.738092636
laser 006,quadratic_graph,2102.561917,2470.000000,-0.014031961,3.141735262,92.831042867,711.738395203,3.145518086,-92.832884774
laser 006,quadratic_graph,2102.515032,2471.000000,-0.002120786,3.137149946,92.926458124,711.725485198,3.140394317,-92.928402498
laser 006,quadratic_graph,2102.547423,2472.000000,-0.015001344,3.140361463,93.025157480,711.737715225,3.144186355,-93.026998451
laser 006,quadratic_graph,2102.544367,2473.000000,-0.016794790,3.140086769,93.122388990,711.738702399,3.143991766,-93.124218624
laser 006,quadratic_graph,2102.554334,2474.000000,-0.022659899,3.141092933,93.220162186,711.743818434,3.145261810,-93.221946674
laser 006,quadratic_graph,2102.542939,2475.000000,-0.021842671,3.139998090,93.317048398,711.742158292,3.144129241,-93.318843228
laser 006,quadratic_graph,2102.515450,2476.000000,-0.015990737,3.137320389,93.413264229,711.735392761,3.141186572,-93.415111208
laser 006,quadratic_graph,2102.531295,2477.000000,-0.023690214,3.138904674,93.511284818,711.742368954,3.143117532,-93.513071418
laser 006,quadratic_graph,2102.543446,2478.000000,-0.030233179,3.140125683,93.609153426,711.748172398,3.144633018,-93.610889249
laser 006,quadratic_graph,2102.573291,2479.000000,-0.042309017,3.143087046,93.707763008,711.759586393,3.148138584,-93.709402111
laser 006,quadratic_graph,2102.510745,2480.000000,-0.025487106,3.136961290,93.802512537,711.741696962,3.141252732,-93.804294883
laser 006,quadratic_graph,2102.437991,2481.000000,-0.005472306,3.129831909,93.896830284,711.720569882,3.133219146,-93.898782386
laser 006,quadratic_graph,2102.315711,2482.000000,0.030029940,3.117832642,93.989067762,711.683738044,3.119616650,-93.991318226
laser 006,quadratic_graph,2102.228260,2483.000000,0.054639618,3.109259229,94.082756457,711.657951744,3.109931642,-94.085214832
laser 006,quadratic_graph,2102.189544,2484.000000,0.064011029,3.105478224,94.178484300,711.647617629,3.105726822,-94.181024049
laser 006,quadratic_graph,2102.215317,2485.000000,0.053219488,3.108038251,94.276919437,711.657729434,3.108773088,-94.279373128
laser 006,quadratic_graph,2102.296357,2486.000000,0.025147060,3.116032973,94.377682514,711.685364588,3.118034020,-94.379906649
laser 006,quadratic_graph,2102.379687,2487.000000,-0.003642315,3.124253558,94.478550097,711.713726700,3.127553176,-94.480538723
laser 006,quadratic_graph,2102.426966,2488.000000,-0.021157621,3.128929221,94.577906041,711.730656534,3.133018556,-94.579752776
laser 006,quadratic_graph,2102.440246,2489.000000,-0.028039024,3.130261280,94.675832056,711.736803273,3.134660372,-94.677625203
laser 006,quadratic_graph,2102.424828,2490.000000,-0.025943839,3.128770920,94.772547602,711.733847517,3.133074610,-94.774361701
laser 006,quadratic_graph,2102.398075,2491.000000,-0.020302393,3.126165806,94.868783242,711.727295785,3.130214036,-94.870647740
laser 006,quadratic_graph,2102.394061,2492.000000,-0.021771154,3.125797037,94.965979936,711.727954005,3.129910725,-94.967835792
laser 006,quadratic_graph,2102.415256,2493.000000,-0.031122670,3.127907540,95.064245311,711.736605532,3.132442476,-95.066027067
laser 006,quadratic_graph,2102.427350,2494.000000,-0.037626669,3.129123016,95.162127247,711.742369612,3.133950676,-95.163858549
laser 006,quadratic_graph,2102.398090,2495.000000,-0.031195717,3.126271330,95.258254971,711.735017387,3.130807897,-95.260043227
laser 006,quadratic_graph,2102.341843,2496.000000,-0.016323648,3.120765652,95.353233876,711.719105737,3.124630136,-95.355149180
laser 006,quadratic_graph,2102.305963,2497.000000,-0.007820230,3.117263118,95.449075311,711.709652067,3.120742970,-95.451064780
laser 006,quadratic_graph,2102.317331,2498.000000,-0.014091483,3.118407094,95.546926708,711.715180204,3.122169167,-95.548867654
laser 006,quadratic_graph,2102.347465,2499.000000,-0.026230416,3.121396651,95.645579948,711.726658266,3.125705783,-95.647423646
laser 006,quadratic_graph,2102.352970,2500.000000,-0.030665659,3.121964105,95.743185468,711.730324661,3.126472591,-95.744995889
laser 006,quadratic_graph,2102.325560,2501.000000,-0.024805574,3.119294500,95.839386051,711.723551460,3.123537661,-95.841248686
laser 006,quadratic_graph,2102.306612,2502.000000,-0.021590672,3.117457129,95.935946913,711.719460538,3.121554357,-95.937839796
laser 006,quadratic_graph,2102.342175,2503.000000,-0.035422407,3.120980672,96.034840394,711.732655126,3.125701365,-96.036621974
laser 006,quadratic_graph,2102.405164,2504.000000,-0.057831218,3.127201775,96.134913098,711.754546941,3.132933059,-96.136512151
laser 006,quadratic_graph,2102.438799,2505.000000,-0.071058569,3.130536086,96.233732914,711.767128639,3.136863558,-96.235225681
laser 006,quadratic_graph,2102.431186,2506.000000,-0.071383263,3.129813450,96.330785139,711.766626927,3.136154749,-96.332278763
laser 006,quadratic_graph,2102.418563,2507.000000,-0.070139614,3.128598058,96.427622112,711.764534921,3.134882397,-96.429129614
laser 006,quadratic_graph,2102.402299,2508.000000,-0.067755837,3.127024568,96.524302091,711.761286839,3.133200489,-96.525832939
laser 006,quadratic_graph,2102.372420,2509.000000,-0.061112385,3.124112017,96.620395017,711.753719449,3.129987259,-96.621984582
laser 006,quadratic_graph,2102.344773,2510.000000,-0.055165849,3.121419047,96.716582371,711.746858768,3.127025066,-96.718224865
laser 006,quadratic_graph,2102.341718,2511.000000,-0.056909539,3.121144748,96.813829407,711.747796024,3.126828643,-96.815460973
laser 006,quadratic_graph,2102.341370,2512.000000,-0.059498570,3.121136694,96.911193883,711.749590470,3.126936619,-96.912807502
laser 006,quadratic_graph,2102.327448,2513.000000,-0.057840803,3.119793632,97.007972107,711.747078675,3.125517909,-97.009603042
laser 006,quadratic_graph,2102.308623,2514.000000,-0.054648261,3.117968377,97.104537659,711.743010640,3.123547734,-97.106198655
laser 006,quadratic_graph,2102.294605,2515.000000,-0.052957869,3.116615906,97.201310629,711.740465807,3.122118144,-97.202989212
