frame,model,u_px,v_px,residual_zg_mm,Xc_mm,Yc_mm,Zc_mm,Xg_mm,Yg_mm
laser 002,quadratic_graph,2135.553525,23.000000,0.327024657,6.367561413,-144.800405074,713.486537317,6.359296672,144.804911701
laser 002,quadratic_graph,2135.563038,24.000000,0.318061654,6.368531181,-144.704643063,713.494769290,6.360669129,144.709220272
laser 002,quadratic_graph,2135.546305,25.000000,0.317323885,6.366874027,-144.607182845,713.494635856,6.359043377,144.611762226
laser 002,quadratic_graph,2135.502978,26.000000,0.324920440,6.362555191,-144.508005372,713.486026098,6.354379734,144.512517608
laser 002,quadratic_graph,2135.537057,27.000000,0.308263724,6.365983647,-144.413825277,713.502082913,6.358558173,144.418472085
laser 002,quadratic_graph,2135.517758,28.000000,0.308334041,6.364069661,-144.316198574,713.501127680,6.356639114,144.320840834
laser 002,quadratic_graph,2135.519983,29.000000,0.301661071,6.364309960,-144.219959239,713.507030643,6.357178732,144.224653035
laser 002,quadratic_graph,2135.520683,30.000000,0.295467205,6.364397626,-144.123620078,713.512446346,6.357544091,144.128361427
laser 002,quadratic_graph,2135.518344,31.000000,0.290226904,6.364181121,-144.027083845,713.516892248,6.357562235,144.031864814
laser 002,quadratic_graph,2135.509189,32.000000,0.287123811,6.363282407,-143.930108000,713.519164551,6.356801697,143.934910815
laser 002,quadratic_graph,2135.491259,33.000000,0.286771871,6.361505414,-143.832567512,713.518638859,6.355038694,143.837369292
laser 002,quadratic_graph,2135.468076,34.000000,0.288067410,6.359202675,-143.734689748,713.516437654,6.352675577,143.739476790
laser 002,quadratic_graph,2135.451632,35.000000,0.287252501,6.357574429,-143.637245126,713.516382864,6.351082221,143.642034983
laser 002,quadratic_graph,2135.437630,36.000000,0.285673687,6.356190596,-143.539957143,713.517105008,6.349767760,143.544756169
laser 002,quadratic_graph,2135.399631,37.000000,0.291616127,6.352405070,-143.441130749,713.510177857,6.345712098,143.445876390
laser 002,quadratic_graph,2135.334122,38.000000,0.306180254,6.345866484,-143.340544147,713.494482275,6.338514194,143.345164696
laser 002,quadratic_graph,2135.256162,39.000000,0.324646504,6.338082222,-143.239165010,713.474818202,6.329894475,143.243628013
laser 002,quadratic_graph,2135.207193,40.000000,0.334029558,6.333199404,-143.139645693,713.464392015,6.324586213,143.144026696
laser 002,quadratic_graph,2135.226037,41.000000,0.322165911,6.335102503,-143.044463677,713.475574221,6.327022942,143.048939389
laser 002,quadratic_graph,2135.249501,42.000000,0.308855546,6.337467985,-142.949573783,713.488227762,6.329987360,142.954156237
laser 002,quadratic_graph,2135.199724,43.000000,0.318496235,6.332504251,-142.850005217,713.477539643,6.324586554,142.854503528
laser 002,quadratic_graph,2135.126261,44.000000,0.335559541,6.325170595,-142.748928776,713.459302643,6.316480771,142.753281211
laser 002,quadratic_graph,2135.069008,45.000000,0.347544556,6.319459249,-142.648890701,713.446230416,6.310226533,142.653139497
laser 002,quadratic_graph,2135.032774,46.000000,0.352945081,6.315851155,-142.550195079,713.439854766,6.306372769,142.554394999
laser 002,quadratic_graph,2135.011445,47.000000,0.353677004,6.313734417,-142.452449932,713.438227184,6.304221102,142.456639805
laser 002,quadratic_graph,2135.003614,48.000000,0.350181190,6.312968203,-142.355563807,713.440899288,6.303610799,142.359778795
laser 002,quadratic_graph,2135.006585,49.000000,0.343302226,6.313282762,-142.259363591,713.447012106,6.304233984,142.263631831
laser 002,quadratic_graph,2135.020606,50.000000,0.332962214,6.314702936,-142.163863663,713.456644849,6.306119015,142.168213942
laser 002,quadratic_graph,2135.043573,51.000000,0.319820123,6.317018262,-142.068929072,713.469127326,6.309025683,142.073384693
laser 002,quadratic_graph,2135.047102,52.000000,0.312769778,6.317388693,-141.972757983,713.475414447,6.309712478,141.977268283
laser 002,quadratic_graph,2135.010299,53.000000,0.318358548,6.313723577,-141.874028256,713.468847521,6.305793198,141.878488116
laser 002,quadratic_graph,2134.953321,54.000000,0.330270081,6.308039972,-141.774022234,713.455850357,6.299570022,141.778379067
laser 002,quadratic_graph,2134.911902,55.000000,0.337307575,6.303913241,-141.675004812,713.447810160,6.295123733,141.679299157
laser 002,quadratic_graph,2134.911833,56.000000,0.331390326,6.303923585,-141.578605496,713.452945001,6.295399294,141.582945096
laser 002,quadratic_graph,2134.933081,57.000000,0.318794906,6.306066716,-141.483552476,713.464871554,6.298109094,141.487992872
laser 002,quadratic_graph,2134.929562,58.000000,0.313961091,6.305731892,-141.386931510,713.468904552,6.297990581,141.391408151
laser 002,quadratic_graph,2134.897487,59.000000,0.318076442,6.302540003,-141.288506561,713.463836279,6.294611040,141.292945017
laser 002,quadratic_graph,2134.867474,60.000000,0.321546989,6.299554466,-141.190213101,713.459423804,6.291466960,141.194618735
laser 002,quadratic_graph,2134.862195,61.000000,0.317268735,6.299043535,-141.093480255,713.462891856,6.291147264,141.097917514
laser 002,quadratic_graph,2134.874223,62.000000,0.307568666,6.300264145,-140.997836899,713.471873873,6.292803849,141.002350875
laser 002,quadratic_graph,2134.861371,63.000000,0.305665964,6.298995535,-140.900624622,713.472926025,6.291619243,140.905150465
laser 002,quadratic_graph,2134.798584,64.000000,0.319411562,6.292731116,-140.800270272,713.458064011,6.284732468,140.804677838
laser 002,quadratic_graph,2134.722940,65.000000,0.337186402,6.285180784,-140.699111783,713.439104356,6.276377901,140.703367561
laser 002,quadratic_graph,2134.716323,66.000000,0.333334300,6.284535973,-140.602295260,713.442139128,6.275905091,140.606579119
laser 002,quadratic_graph,2134.761143,67.000000,0.313366350,6.289036921,-140.508707390,713.461563530,6.281305506,140.513153364
laser 002,quadratic_graph,2134.786458,68.000000,0.299510717,6.291586701,-140.413890576,713.474771762,6.284478845,140.418447829
laser 002,quadratic_graph,2134.795067,69.000000,0.290891004,6.292465178,-140.318022733,713.482655132,6.285744533,140.322647719
laser 002,quadratic_graph,2134.793565,70.000000,0.285440922,6.292332092,-140.221519218,713.487315039,6.285855582,140.226185574
laser 002,quadratic_graph,2134.769955,71.000000,0.286920108,6.289987177,-140.123630109,713.484928014,6.283442017,140.128280208
laser 002,quadratic_graph,2134.715723,72.000000,0.297996411,6.284578781,-140.023825587,713.472780931,6.277531760,140.028379610
laser 002,quadratic_graph,2134.657291,73.000000,0.310389772,6.278750431,-139.923761861,713.459294479,6.271142098,139.928208855
laser 002,quadratic_graph,2134.626457,74.000000,0.314136488,6.275683035,-139.825426250,713.454601534,6.267903697,139.829838128
laser 002,quadratic_graph,2134.623479,75.000000,0.309155995,6.275402221,-139.728831198,713.458783996,6.267845823,139.733280543
laser 002,quadratic_graph,2134.629328,76.000000,0.301410809,6.276004418,-139.632785791,713.465778094,6.268795758,139.637295597
laser 002,quadratic_graph,2134.632953,77.000000,0.294363719,6.276384143,-139.536599840,713.472062250,6.269491710,139.541164300
laser 002,quadratic_graph,2134.612325,78.000000,0.294917848,6.274337688,-139.438900990,713.470616177,6.267418366,139.443456888
laser 002,quadratic_graph,2134.559105,79.000000,0.305686195,6.269030982,-139.339173201,713.458782555,6.261623702,139.343635585
laser 002,quadratic_graph,2134.490555,80.000000,0.321259047,6.262191062,-139.238494919,713.442062944,6.254078953,139.242823834
laser 002,quadratic_graph,2134.492268,81.000000,0.314816846,6.262379423,-139.142189865,713.447732032,6.254556237,139.146568404
laser 002,quadratic_graph,2134.432971,82.000000,0.327492738,6.256465295,-139.042092663,713.433958638,6.248068048,139.046361826
laser 002,quadratic_graph,2134.388313,83.000000,0.335582796,6.252015571,-138.942908186,713.424848941,6.243251267,138.947106113
laser 002,quadratic_graph,2134.360149,84.000000,0.338506123,6.249215634,-138.844749544,713.420993676,6.240317497,138.848919204
laser 002,quadratic_graph,2134.352604,85.000000,0.334970388,6.248477952,-138.747870291,713.423707077,6.239737544,138.752065405
laser 002,quadratic_graph,2134.358065,86.000000,0.327360803,6.249041086,-138.651796105,713.430563447,6.240642299,138.656050552
laser 002,quadratic_graph,2134.366150,87.000000,0.318930206,6.249866678,-138.555882549,713.438254759,6.241846573,138.560203159
laser 002,quadratic_graph,2134.386538,88.000000,0.306645644,6.251922838,-138.460728147,713.449865403,6.244455382,138.465146971
laser 002,quadratic_graph,2134.419401,89.000000,0.290452826,6.255226859,-138.366342002,713.465450576,6.248488470,138.370891545
laser 002,quadratic_graph,2134.439662,90.000000,0.278209788,6.257270469,-138.271173082,713.477018971,6.251082856,138.275820494
laser 002,quadratic_graph,2134.420773,91.000000,0.278236482,6.255398060,-138.173583711,713.476109576,6.249207371,138.178226950
laser 002,quadratic_graph,2134.356739,92.000000,0.292411501,6.249010138,-138.073209126,713.460811993,6.242177722,138.077730523
laser 002,quadratic_graph,2134.277025,93.000000,0.311500573,6.241054277,-137.971872140,713.440517106,6.233358316,137.976230826
laser 002,quadratic_graph,2134.206375,94.000000,0.327749946,6.234005365,-137.871099328,713.423110132,6.225574044,137.875318922
laser 002,quadratic_graph,2134.139580,95.000000,0.342792081,6.227342331,-137.770568761,713.406930926,6.218230143,137.774659303
laser 002,quadratic_graph,2134.078372,96.000000,0.356084488,6.221238307,-137.670386449,713.392531169,6.211524236,137.674362491
laser 002,quadratic_graph,2134.053021,97.000000,0.358143797,6.218720063,-137.572412299,713.389554954,6.208911167,137.576367263
laser 002,quadratic_graph,2134.062345,98.000000,0.349340546,6.219669220,-137.476568974,713.397625420,6.210255831,137.480593202
laser 002,quadratic_graph,2134.087214,99.000000,0.335667857,6.222172894,-137.381677757,713.410647843,6.213374819,137.385811746
laser 002,quadratic_graph,2134.119823,100.000000,0.319570778,6.225450682,-137.287257919,713.426135726,6.217377357,137.291521831
laser 002,quadratic_graph,2134.153275,101.000000,0.303210172,6.228812910,-137.192885688,713.441891584,6.221476230,137.197281716
laser 002,quadratic_graph,2134.170250,102.000000,0.292013455,6.230527405,-137.097499871,713.452396046,6.223694275,137.101985067
laser 002,quadratic_graph,2134.156012,103.000000,0.290598842,6.229120320,-137.000200383,713.452952681,6.222349179,137.004693395
laser 002,quadratic_graph,2134.123969,104.000000,0.294764958,6.225932604,-136.901811528,713.447834074,6.218971541,136.906265941
laser 002,quadratic_graph,2134.100568,105.000000,0.296224347,6.223609187,-136.803952410,713.445468075,6.216580382,136.808390737
laser 002,quadratic_graph,2134.095441,106.000000,0.291958769,6.223113275,-136.707210301,713.448924035,6.216275153,136.711680153
laser 002,quadratic_graph,2134.093473,107.000000,0.286704568,6.222933279,-136.610660128,713.453385375,6.216330465,136.615169728
laser 002,quadratic_graph,2134.081990,108.000000,0.284433337,6.221801728,-136.513528331,713.454813239,6.215299573,136.518052871
laser 002,quadratic_graph,2134.064563,109.000000,0.284026097,6.220075749,-136.416033831,713.454345567,6.213590114,136.420557809
laser 002,quadratic_graph,2134.050150,110.000000,0.282675711,6.218651190,-136.318723090,713.454837034,6.212224648,136.323254349
laser 002,quadratic_graph,2134.046388,111.000000,0.277988952,6.218291770,-136.222060605,713.458721382,6.212074924,136.226626893
laser 002,quadratic_graph,2134.039332,112.000000,0.274335739,6.217602935,-136.125196723,713.461554698,6.211549132,136.129789445
laser 002,quadratic_graph,2134.008640,113.000000,0.278090776,6.214550435,-136.026895351,713.456854373,6.208325270,136.031452895
laser 002,quadratic_graph,2133.962513,114.000000,0.286683928,6.209954506,-135.927657762,713.447234071,6.203339588,135.932139892
laser 002,quadratic_graph,2133.904180,115.000000,0.299103027,6.204138190,-135.827682029,713.433723115,6.196960818,135.832056927
laser 002,quadratic_graph,2133.837285,116.000000,0.314205859,6.197466012,-135.727190832,713.417483062,6.189605045,135.731436179
laser 002,quadratic_graph,2133.780128,117.000000,0.326258197,6.191767794,-135.627294392,713.404345188,6.183360930,135.631435557
laser 002,quadratic_graph,2133.751541,118.000000,0.329359835,6.188926238,-135.529131817,713.400309530,6.180377508,135.533243240
laser 002,quadratic_graph,2133.739102,119.000000,0.327403200,6.187699204,-135.431947593,713.401417764,6.179236938,135.436071341
laser 002,quadratic_graph,2133.728594,120.000000,0.324842858,6.186665234,-135.334879875,713.403139937,6.178316682,135.339020970
laser 002,quadratic_graph,2133.732008,121.000000,0.317921601,6.187023197,-135.238653031,713.409296820,6.178985210,135.242847740
laser 002,quadratic_graph,2133.768935,122.000000,0.300500361,6.190731923,-135.144448375,713.426131313,6.183478466,135.148784022
laser 002,quadratic_graph,2133.831770,123.000000,0.274960829,6.197031363,-135.051802852,713.451221400,6.190928893,135.056346953
laser 002,quadratic_graph,2133.864409,124.000000,0.258884017,6.200311741,-134.957329720,713.466688675,6.194933114,134.962003578
laser 002,quadratic_graph,2133.832769,125.000000,0.262952428,6.197164636,-134.858978636,713.461670003,6.191600508,134.863614712
laser 002,quadratic_graph,2133.765011,126.000000,0.278340633,6.190406191,-134.758453948,713.445140140,6.184145590,134.762958102
laser 002,quadratic_graph,2133.705755,127.000000,0.291065337,6.184498128,-134.658445543,713.431318880,6.177661284,134.662839926
laser 002,quadratic_graph,2133.692629,128.000000,0.289335885,6.183202383,-134.561214785,713.432196235,6.176441751,134.565619605
laser 002,quadratic_graph,2133.702146,129.000000,0.280512239,6.184170539,-134.465344382,713.440287747,6.177806348,134.469818638
laser 002,quadratic_graph,2133.690843,130.000000,0.278214154,6.183057053,-134.368221708,713.441743378,6.176794743,134.372711131
laser 002,quadratic_graph,2133.642544,131.000000,0.287510731,6.178244679,-134.268878907,713.431408361,6.171560872,134.273287070
laser 002,quadratic_graph,2133.581747,132.000000,0.300724677,6.172182976,-134.168789720,713.417089805,6.164900844,134.173084045
laser 002,quadratic_graph,2133.570972,133.000000,0.298265299,6.171122316,-134.071701357,713.418709545,6.163949347,134.076012191
laser 002,quadratic_graph,2133.597754,134.000000,0.284038402,6.173816421,-133.976861064,713.432295703,6.167283796,133.981286270
laser 002,quadratic_graph,2133.610657,135.000000,0.274161627,6.175123013,-133.881186857,713.441458211,6.169034369,133.885690259
laser 002,quadratic_graph,2133.607494,136.000000,0.269320687,6.174823364,-133.784549737,713.445499786,6.168951387,133.789089454
laser 002,quadratic_graph,2133.601157,137.000000,0.265475701,6.174206382,-133.687721948,713.448528590,6.168506114,133.692289698
laser 002,quadratic_graph,2133.576420,138.000000,0.267398239,6.171749802,-133.589794941,713.445692438,6.165960902,133.594342758
laser 002,quadratic_graph,2133.530577,139.000000,0.275936185,6.167183188,-133.490609723,713.436129144,6.161007039,133.495082591
laser 002,quadratic_graph,2133.501874,140.000000,0.279104169,6.164330213,-133.392448885,713.432026572,6.158009213,133.396891463
laser 002,quadratic_graph,2133.489228,141.000000,0.277241721,6.163082505,-133.295245650,713.433039439,6.156843726,133.299699774
laser 002,quadratic_graph,2133.552067,142.000000,0.251724977,6.169381326,-133.202535326,713.458106156,6.164292512,133.207197715
laser 002,quadratic_graph,2133.536487,143.000000,0.250784579,6.167840248,-133.105153846,713.458181407,6.162792035,133.109820112
laser 002,quadratic_graph,2133.518493,144.000000,0.250602055,6.166057835,-133.007628908,713.457486009,6.161016013,133.012292749
laser 002,quadratic_graph,2133.504451,145.000000,0.249182343,6.164670531,-132.910338939,713.458048713,6.159690947,132.915010644
laser 002,quadratic_graph,2133.481148,146.000000,0.250666312,6.162357377,-132.812499212,713.455658728,6.157308960,132.817154633
laser 002,quadratic_graph,2133.442036,147.000000,0.257105985,6.158463806,-132.713722604,713.448229394,6.153122859,132.718320528
laser 002,quadratic_graph,2133.392189,148.000000,0.266911012,6.153497185,-132.614311929,713.437377930,6.147711799,132.618824369
laser 002,quadratic_graph,2133.341138,149.000000,0.277094402,6.148410378,-132.514833030,713.426141764,6.142163473,132.519256838
laser 002,quadratic_graph,2133.305384,150.000000,0.282485336,6.144852822,-132.416262454,713.419779005,6.138360728,132.420637487
laser 002,quadratic_graph,2133.281816,151.000000,0.284058907,6.142513425,-132.318414212,713.417298078,6.135948456,132.322772218
laser 002,quadratic_graph,2133.228777,152.000000,0.294868767,6.137228271,-132.218825467,713.405425004,6.130173506,132.223089633
laser 002,quadratic_graph,2133.132616,153.000000,0.319191382,6.127633357,-132.116694347,713.379811181,6.119478839,132.120752297
laser 002,quadratic_graph,2129.906394,358.000000,0.167597857,5.808709498,-112.156080458,713.353893703,5.807029128,112.160594844
laser 002,quadratic_graph,2129.909638,359.000000,0.161046611,5.809048561,-112.059678294,713.359677908,5.807662153,112.064243249
laser 002,quadratic_graph,2129.892672,360.000000,0.160831165,5.807371275,-111.962263496,713.359021078,5.805992839,111.966826339
laser 002,quadratic_graph,2129.870142,361.000000,0.162361002,5.805138892,-111.864570863,713.356590002,5.803689649,111.869117080
laser 002,quadratic_graph,2129.859579,362.000000,0.160141306,5.804100448,-111.767476741,713.357970759,5.802749648,111.772037511
laser 002,quadratic_graph,2129.853175,363.000000,0.156619349,5.803476940,-111.670589928,713.360675424,5.802283366,111.675176079
laser 002,quadratic_graph,2129.831874,364.000000,0.157767994,5.801367209,-111.572959737,713.358631943,5.800120036,111.577532434
laser 002,quadratic_graph,2129.807482,365.000000,0.159886796,5.798949130,-111.475176256,713.355602223,5.797604566,111.479727431
laser 002,quadratic_graph,2129.795115,366.000000,0.158237871,5.797730738,-111.377992258,713.356402817,5.796458854,111.382553240
laser 002,quadratic_graph,2129.795549,367.000000,0.152577945,5.797789430,-111.281444769,713.361281022,5.796771279,111.286048911
laser 002,quadratic_graph,2129.798168,368.000000,0.146234394,5.798066115,-111.185004660,713.366854212,5.797332555,111.189657646
laser 002,quadratic_graph,2129.786387,369.000000,0.144405743,5.796906188,-111.087848296,713.367837564,5.796253422,111.092512585
laser 002,quadratic_graph,2129.757820,370.000000,0.147839930,5.794071637,-110.989859202,713.363470745,5.793262108,110.994491033
laser 002,quadratic_graph,2129.729028,371.000000,0.151345939,5.791214689,-110.891860293,713.359030946,5.790245155,110.896459068
laser 002,quadratic_graph,2129.701625,372.000000,0.154417877,5.788496355,-110.793931510,713.355032455,5.787386410,110.798500839
laser 002,quadratic_graph,2129.669336,373.000000,0.159022559,5.785290654,-110.695762258,713.349475817,5.783971113,110.700289397
laser 002,quadratic_graph,2129.639380,374.000000,0.162897277,5.782317744,-110.597709977,713.344661292,5.780821557,110.602200995
laser 002,quadratic_graph,2129.618177,375.000000,0.164029851,5.780218022,-110.500091376,713.342634442,5.778668966,110.504569075
laser 002,quadratic_graph,2129.604688,376.000000,0.162745966,5.778887810,-110.402854048,713.343064168,5.777394961,110.407338521
laser 002,quadratic_graph,2129.596819,377.000000,0.159701929,5.778118210,-110.305893767,713.345283268,5.776761020,110.310399650
laser 002,quadratic_graph,2129.601738,378.000000,0.152650982,5.778624247,-110.209562837,713.351575760,5.777583583,110.214123448
laser 002,quadratic_graph,2129.609333,379.000000,0.144762463,5.779397239,-110.113362025,713.358719723,5.778710909,110.117984328
laser 002,quadratic_graph,2129.604663,380.000000,0.140719576,5.778946758,-110.016556406,713.361954278,5.778441174,110.021208424
laser 002,quadratic_graph,2129.573528,381.000000,0.144973377,5.775856310,-109.918450036,713.356754566,5.775156971,109.923062784
laser 002,quadratic_graph,2129.516411,382.000000,0.157372162,5.770174252,-109.819070128,713.343274837,5.768913505,109.823575879
laser 002,quadratic_graph,2129.542945,383.000000,0.143552821,5.772836338,-109.723795727,713.356448029,5.772197636,109.728412485
laser 002,quadratic_graph,2129.563763,384.000000,0.131526014,5.774928331,-109.628237903,713.367798955,5.774830762,109.632950763
laser 002,quadratic_graph,2129.547288,385.000000,0.131190030,5.773300286,-109.530851696,713.367265229,5.773216141,109.535563451
laser 002,quadratic_graph,2129.602935,386.000000,0.108247643,5.778866716,-109.436993033,713.389712693,5.779816420,109.441891653
laser 002,quadratic_graph,2129.623506,387.000000,0.096301132,5.780934262,-109.341414531,713.400981974,5.782421476,109.346408586
laser 002,quadratic_graph,2129.588394,388.000000,0.101811526,5.777446965,-109.243114520,713.394504994,5.778683705,109.248058856
laser 002,quadratic_graph,2129.489805,389.000000,0.127221074,5.767627813,-109.141720252,713.367799091,5.767715860,109.146449409
laser 002,quadratic_graph,2129.419364,390.000000,0.143807425,5.760616963,-109.041705322,713.350062698,5.759954583,109.046292665
laser 002,quadratic_graph,2129.300769,391.000000,0.175486817,5.748803841,-108.939351255,713.316983220,5.746709756,108.943671286
laser 002,quadratic_graph,2129.241430,392.000000,0.188594146,5.742901194,-108.839888707,713.302783649,5.740213722,108.844095852
laser 002,quadratic_graph,2129.240611,393.000000,0.183362170,5.742834773,-108.743273849,713.307227302,5.740381728,108.747520600
laser 002,quadratic_graph,2129.275345,394.000000,0.166988550,5.746314082,-108.648384059,713.322997198,5.744598383,108.652763057
laser 002,quadratic_graph,2129.298141,395.000000,0.154357315,5.748602900,-108.552911098,713.334962695,5.747455622,108.557391226
laser 002,quadratic_graph,2129.294015,396.000000,0.150165409,5.748206697,-108.456130234,713.338349059,5.747246899,108.460641320
laser 002,quadratic_graph,2129.316454,397.000000,0.137648178,5.750459993,-108.360634986,713.350198659,5.750063470,108.365246254
laser 002,quadratic_graph,2129.381926,398.000000,0.111642590,5.757005559,-108.267218815,713.375760009,5.757781158,108.272042419
laser 002,quadratic_graph,2129.455849,399.000000,0.082987151,5.764394573,-108.174204651,713.404015054,5.766461905,108.179262625
laser 002,quadratic_graph,2129.467865,400.000000,0.073739293,5.765608605,-108.078192884,713.412541081,5.768091638,108.083323855
laser 002,quadratic_graph,2129.407266,401.000000,0.087257347,5.759579255,-107.978674631,713.397924225,5.761450366,107.983689304
laser 002,quadratic_graph,2129.328691,402.000000,0.106411237,5.751757212,-107.878293943,713.377578278,5.752762008,107.883145456
laser 002,quadratic_graph,2129.267595,403.000000,0.120086465,5.745678921,-107.778761006,713.362801771,5.746064701,107.783494913
laser 002,quadratic_graph,2129.230357,404.000000,0.126284150,5.741980321,-107.680380403,713.355626656,5.742084613,107.685058880
laser 002,quadratic_graph,2129.208386,405.000000,0.127697587,5.739804411,-107.582735918,713.353315024,5.739843169,107.587398746
laser 002,quadratic_graph,2129.201613,406.000000,0.124348474,5.739144243,-107.485822234,713.355844803,5.739332443,107.490509013
laser 002,quadratic_graph,2129.210299,407.000000,0.116154872,5.740025845,-107.389649910,713.363299266,5.740582161,107.394400921
laser 002,quadratic_graph,2129.216848,408.000000,0.108632314,5.740694336,-107.293373250,713.370071585,5.741588479,107.298182915
laser 002,quadratic_graph,2129.207318,409.000000,0.106151286,5.739759209,-107.196324614,713.371718949,5.740763611,107.201151012
laser 002,quadratic_graph,2129.176785,410.000000,0.110255399,5.736729399,-107.098270415,713.366672224,5.737546816,107.103058792
laser 002,quadratic_graph,2129.142180,411.000000,0.115637214,5.733293548,-107.000023031,713.360326692,5.733866306,107.004762764
laser 002,quadratic_graph,2129.127025,412.000000,0.114923468,5.731797475,-106.902706743,713.360177608,5.732400722,106.907448515
laser 002,quadratic_graph,2129.128514,413.000000,0.108993731,5.731961292,-106.806185079,713.365330827,5.732830470,106.810972261
laser 002,quadratic_graph,2129.126339,414.000000,0.104213801,5.731759708,-106.709487433,713.369315229,5.732842916,106.714310464
laser 002,quadratic_graph,2129.108897,415.000000,0.104220952,5.730035565,-106.612061448,713.368433380,5.731116722,106.616880524
laser 002,quadratic_graph,2129.093614,416.000000,0.103552651,5.728526749,-106.514738620,713.368238179,5.729636343,106.519559359
laser 002,quadratic_graph,2129.097808,417.000000,0.096780127,5.728960338,-106.418342288,713.374248177,5.730373907,106.423215445
laser 002,quadratic_graph,2129.110838,418.000000,0.087238868,5.730275151,-106.322364332,713.383072703,5.732117672,106.327312928
laser 002,quadratic_graph,2129.117441,419.000000,0.079713523,5.730949025,-106.226079030,713.389847982,5.733129503,106.231086303
laser 002,quadratic_graph,2129.111193,420.000000,0.076218111,5.730341263,-106.129182504,713.392526700,5.732677793,106.134214947
laser 002,quadratic_graph,2129.098406,421.000000,0.074773961,5.729081364,-106.031975529,713.393120258,5.731481355,106.037016085
laser 002,quadratic_graph,2129.068491,422.000000,0.078700679,5.726113311,-105.933957632,713.388254178,5.728334330,105.938961645
laser 002,quadratic_graph,2128.998834,423.000000,0.095087131,5.719182062,-105.834061479,713.370722431,5.720661694,105.838925349
laser 002,quadratic_graph,2128.913236,424.000000,0.116471019,5.710661601,-105.733417143,713.348110711,5.711174269,105.738099317
laser 002,quadratic_graph,2128.839598,425.000000,0.134106166,5.703334230,-105.633343903,713.329309770,5.703049149,105.637875552
laser 002,quadratic_graph,2128.791294,426.000000,0.143801291,5.698533192,-105.534470835,713.318580144,5.697808763,105.538917979
laser 002,quadratic_graph,2128.775266,427.000000,0.143381204,5.696950346,-105.437121615,713.318132937,5.696243156,105.441568359
laser 002,quadratic_graph,2128.790290,428.000000,0.133229549,5.698463565,-105.341234411,713.327578129,5.698212883,105.345761671
laser 002,quadratic_graph,2128.819228,429.000000,0.118717559,5.701364180,-105.245999229,713.341455699,5.701766827,105.250643260
laser 002,quadratic_graph,2128.847419,430.000000,0.104440496,5.704190421,-105.150725384,713.355094449,5.705235792,105.155484234
laser 002,quadratic_graph,2128.857824,431.000000,0.095739731,5.705243235,-105.054613001,713.363064767,5.706679625,105.059440303
laser 002,quadratic_graph,2128.843835,432.000000,0.094687112,5.703863636,-104.957354389,713.363260599,5.705345819,104.962186552
laser 002,quadratic_graph,2128.838041,433.000000,0.091066875,5.703301197,-104.860479909,713.366066484,5.704945071,104.865338281
laser 002,quadratic_graph,2128.854207,434.000000,0.080563814,5.704928493,-104.764632979,713.375868889,5.707044740,104.769574789
laser 002,quadratic_graph,2128.883715,435.000000,0.065879095,5.707886275,-104.669407679,713.389922011,5.710663650,104.674467697
laser 002,quadratic_graph,2128.898670,436.000000,0.055757654,5.709392929,-104.573498616,713.399336483,5.712625452,104.578638899
laser 002,quadratic_graph,2128.868504,437.000000,0.059783227,5.706400141,-104.475480322,713.394370334,5.709449236,104.480583243
laser 002,quadratic_graph,2128.803360,438.000000,0.074775566,5.699919590,-104.375831906,713.378256375,5.702290234,104.380806279
laser 002,quadratic_graph,2128.727444,439.000000,0.093145358,5.692365310,-104.275686153,713.358709263,5.693905050,104.280503896
laser 002,quadratic_graph,2128.655504,440.000000,0.110269191,5.685207881,-104.175731138,713.340428752,5.685972958,104.180402611
laser 002,quadratic_graph,2128.610111,441.000000,0.119072388,5.680697482,-104.077016086,713.330606298,5.681063479,104.081610474
laser 002,quadratic_graph,2128.610434,442.000000,0.113546983,5.680744926,-103.980428165,713.335349009,5.681358615,103.985064604
laser 002,quadratic_graph,2128.644836,443.000000,0.097340222,5.684190054,-103.885421234,713.350949382,5.685533577,103.890188538
laser 002,quadratic_graph,2128.676603,444.000000,0.081960115,5.687372608,-103.790288074,713.365709442,5.689408651,103.795179368
laser 002,quadratic_graph,2128.679666,445.000000,0.075579214,5.687693302,-103.693820917,713.371321770,5.690015654,103.698761377
laser 002,quadratic_graph,2128.650886,446.000000,0.079182015,5.684839099,-103.595878116,713.366785661,5.686997110,103.600784731
laser 002,quadratic_graph,2128.596598,447.000000,0.090782327,5.679441787,-103.496756888,713.354120114,5.681074463,103.501563161
laser 002,quadratic_graph,2128.525258,448.000000,0.107728742,5.672344702,-103.396851406,713.336020316,5.673210727,103.401512887
laser 002,quadratic_graph,2128.490540,449.000000,0.113196480,5.668898824,-103.298641679,713.329588630,5.669516330,103.303253808
laser 002,quadratic_graph,2128.405933,450.000000,0.134302833,5.660479784,-103.198133132,713.307260390,5.660142867,103.202565881
laser 002,quadratic_graph,2128.356617,451.000000,0.144348239,5.655579053,-103.099256903,713.296175625,5.654786989,103.103602241
laser 002,quadratic_graph,2128.365192,452.000000,0.136250113,5.656448995,-103.003048485,713.303533695,5.656020757,103.007457267
laser 002,quadratic_graph,2128.430858,453.000000,0.110258032,5.663010083,-102.909463702,713.329080840,5.663753377,102.914084710
laser 002,quadratic_graph,2128.505090,454.000000,0.081580158,5.670425611,-102.816265958,713.357358028,5.672461670,102.821121524
laser 002,quadratic_graph,2128.501518,455.000000,0.077292601,5.670084776,-102.719489199,713.360842657,5.672312658,102.724376526
laser 002,quadratic_graph,2128.442506,456.000000,0.090385727,5.664216981,-102.620169080,713.346660033,5.665852148,102.624943655
laser 002,quadratic_graph,2128.385084,457.000000,0.102981276,5.658507942,-102.520925907,713.332983247,5.659572855,102.525591868
laser 002,quadratic_graph,2128.347573,458.000000,0.109336517,5.654783912,-102.422598027,713.325649704,5.655560249,102.427207261
laser 002,quadratic_graph,2128.347399,459.000000,0.103989472,5.654781789,-102.325979641,713.330211398,5.655797775,102.330629446
laser 002,quadratic_graph,2128.394991,460.000000,0.083670392,5.659541272,-102.231542414,713.349991930,5.661472722,102.236357277
laser 002,quadratic_graph,2128.457531,461.000000,0.058665353,5.665791230,-102.137782422,713.374535629,5.668849662,102.142801304
laser 002,quadratic_graph,2128.483324,462.000000,0.045180734,5.668377984,-102.042340258,713.387369001,5.672043383,102.047467371
laser 002,quadratic_graph,2128.450151,463.000000,0.050183691,5.665086088,-101.944208211,713.381410116,5.668523953,101.949289841
laser 002,quadratic_graph,2128.398154,464.000000,0.061089221,5.659917675,-101.845221162,713.369451431,5.662861574,101.850208231
laser 002,quadratic_graph,2128.384144,465.000000,0.060087089,5.658536304,-101.747964910,713.369596665,5.661523731,101.752956426
laser 002,quadratic_graph,2128.402219,466.000000,0.049027549,5.660353508,-101.652166377,713.379965033,5.663838440,101.657245961
laser 002,quadratic_graph,2128.416675,467.000000,0.039103632,5.661809976,-101.556200952,713.389179066,5.665741152,101.561359163
laser 002,quadratic_graph,2128.421502,468.000000,0.032199698,5.662306521,-101.459796571,713.395323366,5.666547625,101.465008300
laser 002,quadratic_graph,2128.391451,469.000000,0.036232009,5.659325955,-101.361810650,713.390351284,5.663383341,101.366984966
laser 002,quadratic_graph,2128.307455,470.000000,0.057177704,5.650967786,-101.261384922,713.368187276,5.654078012,101.266381199
laser 002,quadratic_graph,2128.217758,471.000000,0.079910611,5.642041901,-101.160707852,713.344206697,5.644124294,101.165511231
laser 002,quadratic_graph,2128.159182,472.000000,0.092888087,5.636218536,-101.061443205,713.330142288,5.637713442,101.066134798
laser 002,quadratic_graph,2128.133343,473.000000,0.095604661,5.633658319,-100.963659672,713.326507805,5.635028900,100.968324794
laser 002,quadratic_graph,2128.122153,474.000000,0.093730609,5.632558213,-100.866537602,713.327539568,5.634011683,100.871214422
laser 002,quadratic_graph,2128.114351,475.000000,0.090795853,5.631795797,-100.769567977,713.329649519,5.633380036,100.774265314
laser 002,quadratic_graph,2128.116904,476.000000,0.084616406,5.632065480,-100.673063802,713.335057595,5.633926948,100.677808633
laser 002,quadratic_graph,2128.128504,477.000000,0.075602143,5.633236912,-100.576964956,713.343347163,5.635503568,100.581780852
laser 002,quadratic_graph,2128.134587,478.000000,0.068318511,5.633858471,-100.480616290,713.349877614,5.636452199,100.485488862
laser 002,quadratic_graph,2128.108087,479.000000,0.071250476,5.631232379,-100.382804291,713.346024331,5.633692061,100.387648602
laser 002,quadratic_graph,2128.052030,480.000000,0.083449192,5.625660409,-100.283668866,713.332751816,5.627567760,100.288407868
laser 002,quadratic_graph,2128.023978,481.000000,0.086870182,5.622879774,-100.185791104,713.328401536,5.624631008,100.190497780
laser 002,quadratic_graph,2128.043314,482.000000,0.075437593,5.624822157,-100.090034299,713.339149292,5.627087741,100.094832147
laser 002,quadratic_graph,2128.073528,483.000000,0.060595834,5.627848819,-99.994760877,713.353362311,5.630782638,99.999678243
laser 002,quadratic_graph,2128.091331,484.000000,0.049645706,5.629638548,-99.898929710,713.363619655,5.633064940,99.903934238
laser 002,quadratic_graph,2128.094933,485.000000,0.043148737,5.630012849,-99.802462531,713.369350576,5.633730806,99.807517194
laser 002,quadratic_graph,2128.102507,486.000000,0.035407716,5.630783071,-99.706170951,713.376346020,5.634848748,99.711286094
laser 002,quadratic_graph,2128.114940,487.000000,0.026144473,5.632037643,-99.610093951,713.384888732,5.636519751,99.615282230
laser 002,quadratic_graph,2128.101135,488.000000,0.025108629,5.630676912,-99.512847867,713.385068720,5.635204080,99.518040876
laser 002,quadratic_graph,2128.074396,489.000000,0.028129198,5.628026996,-99.415027221,713.381125604,5.632416124,99.420191234
laser 002,quadratic_graph,2128.061135,490.000000,0.026925466,5.626720517,-99.317806061,713.381476290,5.631162284,99.322976201
laser 002,quadratic_graph,2128.050475,491.000000,0.024907593,5.625673298,-99.220700301,713.382654527,5.630204453,99.225883337
laser 002,quadratic_graph,2128.008838,492.000000,0.032602918,5.621538562,-99.122222095,713.373959871,5.625720668,99.127337267
laser 002,quadratic_graph,2127.932770,493.000000,0.051093612,5.613972368,-99.022222729,713.354292396,5.617318139,99.027180281
laser 002,quadratic_graph,2127.863599,494.000000,0.067422557,5.607093959,-98.922533934,713.336822282,5.609700974,98.927351841
laser 002,quadratic_graph,2127.820971,495.000000,0.075431553,5.602861021,-98.824022394,713.327808955,5.605104829,98.828769831
laser 002,quadratic_graph,2127.796902,496.000000,0.077623969,5.600477658,-98.726332311,713.324707866,5.602620811,98.731057638
laser 002,quadratic_graph,2127.778948,497.000000,0.077900812,5.598703700,-98.628912758,713.323553865,5.600832665,98.633631903
laser 002,quadratic_graph,2127.798132,498.000000,0.066537035,5.600630664,-98.533128981,713.334231827,5.603270879,98.537938728
laser 002,quadratic_graph,2127.847253,499.000000,0.045789085,5.605541147,-98.438659489,713.354448177,5.609116199,98.443637862
laser 002,quadratic_graph,2127.867611,500.000000,0.034058931,5.607585299,-98.342920626,713.365498516,5.611688140,98.347992648
laser 002,quadratic_graph,2127.846475,501.000000,0.035338755,5.605494139,-98.245357043,713.363325098,5.609537520,98.250414544
laser 002,quadratic_graph,2127.807908,502.000000,0.042084624,5.601665864,-98.147029637,713.355595853,5.605403057,98.152027171
laser 002,quadratic_graph,2127.763971,503.000000,0.050515160,5.597302547,-98.048469217,713.346154305,5.600657510,98.053392778
laser 002,quadratic_graph,2127.717308,504.000000,0.059801380,5.592667718,-97.949792238,713.335843063,5.595601826,97.954634711
laser 002,quadratic_graph,2127.681738,505.000000,0.065611231,5.589138428,-97.851603354,713.329065341,5.591808600,97.856393643
laser 002,quadratic_graph,2127.686321,506.000000,0.058835056,5.589610337,-97.755170602,713.335080414,5.592584685,97.760013351
laser 002,quadratic_graph,2127.733594,507.000000,0.038676807,5.594336374,-97.660599562,713.354697353,5.598218945,97.665606035
laser 002,quadratic_graph,2127.753555,508.000000,0.027081613,5.596340842,-97.564832574,713.365610583,5.600745113,97.569931574
laser 002,quadratic_graph,2127.709311,509.000000,0.035616697,5.591947028,-97.466266060,713.356062963,5.595964352,97.471290219
laser 002,quadratic_graph,2127.613327,510.000000,0.060372989,5.582397648,-97.365450986,713.330027826,5.585295827,97.370265435
laser 002,quadratic_graph,2127.564787,511.000000,0.070256587,5.577576230,-97.266705640,713.319109662,5.580026593,97.271434037
laser 002,quadratic_graph,2127.496366,512.000000,0.086373214,5.570774125,-97.167100203,713.301856188,5.572495325,97.171690724
laser 002,quadratic_graph,2127.502145,513.000000,0.079231854,5.571365097,-97.070718356,713.308242578,5.573406960,97.075364376
laser 002,quadratic_graph,2127.470373,514.000000,0.083862757,5.568214690,-96.972707649,713.302663468,5.570045838,96.977311289
laser 002,quadratic_graph,2127.532466,515.000000,0.059070860,5.574416608,-96.878762287,713.326990134,5.577365136,96.883568176
laser 002,quadratic_graph,2127.561991,516.000000,0.044488750,5.577373735,-96.783402005,713.340939407,5.580978790,96.788325256
laser 002,quadratic_graph,2127.551012,517.000000,0.042605586,5.576295002,-96.686287973,713.341981315,5.579983377,96.691223005
laser 002,quadratic_graph,2127.519638,518.000000,0.047117526,5.573184105,-96.588293459,713.336523194,5.576667134,96.593187100
laser 002,quadratic_graph,2127.496324,519.000000,0.049103988,5.570876352,-96.490648160,713.333632028,5.574268033,96.495521409
laser 002,quadratic_graph,2127.485488,520.000000,0.047180007,5.569811904,-96.393541337,713.334715494,5.573288748,96.398426707
laser 002,quadratic_graph,2127.458453,521.000000,0.050335625,5.567133451,-96.295737267,713.330636044,5.570466174,96.300592523
laser 002,quadratic_graph,2127.503309,522.000000,0.030954864,5.571618057,-96.201025175,713.349462714,5.575823913,96.206037691
laser 002,quadratic_graph,2127.494489,523.000000,0.028402759,5.570754487,-96.104002824,713.351184651,5.575073860,96.109032684
laser 002,quadratic_graph,2127.503693,524.000000,0.020201191,5.571686844,-96.007753516,713.358648734,5.576374741,96.012847689
laser 002,quadratic_graph,2127.491458,525.000000,0.018722346,5.570483007,-95.910583392,713.359279837,5.575235976,95.915685985
laser 002,quadratic_graph,2127.440893,526.000000,0.029261794,5.565460033,-95.811771983,713.347695569,5.569735589,95.816783074
laser 002,quadratic_graph,2127.393908,527.000000,0.038679915,5.560793929,-95.713117075,713.337251068,5.564642688,95.718045987
laser 002,quadratic_graph,2127.384498,528.000000,0.036319480,5.559871622,-95.616070803,713.338778308,5.563825249,95.621015465
laser 002,quadratic_graph,2127.377865,529.000000,0.033089763,5.559226001,-95.519142820,713.341189100,5.563323733,95.524110459
laser 002,quadratic_graph,2127.327641,530.000000,0.043527150,5.554237383,-95.420355460,713.329708736,5.557862311,95.425232447
laser 002,quadratic_graph,2127.287922,531.000000,0.050672366,5.550295510,-95.322018937,713.321574564,5.553596237,95.326832643
laser 002,quadratic_graph,2127.275738,532.000000,0.049186942,5.549096890,-95.224856558,713.322212550,5.552462989,95.229678741
laser 002,quadratic_graph,2127.270284,533.000000,0.045593050,5.548568754,-95.127980272,713.324993585,5.552095398,95.132828461
laser 002,quadratic_graph,2127.264588,534.000000,0.042076323,5.548016513,-95.031093115,713.327696205,5.551700221,95.035966668
laser 002,quadratic_graph,2127.275896,535.000000,0.033230147,5.549158317,-94.934926796,713.335815632,5.553239650,94.939870024
laser 002,quadratic_graph,2127.300263,536.000000,0.020290952,5.551601204,-94.839311944,713.348095152,5.556264914,94.844358877
laser 002,quadratic_graph,2127.306715,537.000000,0.012969383,5.552259282,-94.742935403,713.354664989,5.557251800,94.748039335
laser 002,quadratic_graph,2127.275739,538.000000,0.017383441,5.549188432,-94.644974108,713.349306919,5.553980033,94.650037467
laser 002,quadratic_graph,2127.218988,539.000000,0.029879418,5.543549815,-94.545925374,713.335734556,5.547775695,94.550880968
laser 002,quadratic_graph,2127.167825,540.000000,0.040624462,5.538468108,-94.447116428,713.323941867,5.542207301,94.451978813
laser 002,quadratic_graph,2127.146439,541.000000,0.042035745,5.536352882,-94.349566412,713.321635885,5.540026699,94.354413191
laser 002,quadratic_graph,2127.158042,542.000000,0.033106441,5.537523990,-94.253406715,713.329839893,5.541599188,94.258323861
laser 002,quadratic_graph,2127.191083,543.000000,0.017457218,5.540830831,-94.158147067,713.344873884,5.545610735,94.163190450
laser 002,quadratic_graph,2127.221429,544.000000,0.002653621,5.543869317,-94.062770271,713.359048385,5.549315758,94.067932860
laser 002,quadratic_graph,2127.207715,545.000000,0.001665027,5.542518330,-93.965539528,713.359181637,5.548007723,93.970706464
laser 002,quadratic_graph,2127.140047,546.000000,0.017593419,5.535792318,-93.866045532,713.342120915,5.540561060,93.871076167
laser 002,quadratic_graph,2127.080199,547.000000,0.031070835,5.529845643,-93.766884146,713.327551366,5.534004367,93.771798857
laser 002,quadratic_graph,2127.062480,548.000000,0.031341850,5.528095804,-93.669490479,713.326404492,5.532240625,93.674399065
laser 002,quadratic_graph,2127.077121,549.000000,0.021469207,5.529569513,-93.573450500,713.335567361,5.534158297,93.578437297
laser 002,quadratic_graph,2127.086526,550.000000,0.013239208,5.530521666,-93.477189479,713.343060696,5.535480269,93.482240830
laser 002,quadratic_graph,2127.057182,551.000000,0.017158827,5.527613783,-93.379309518,713.338205548,5.532393793,93.384324410
laser 002,quadratic_graph,2127.007388,552.000000,0.027490900,5.522668884,-93.280578551,713.326833028,5.526980854,93.285503672
laser 002,quadratic_graph,2126.976721,553.000000,0.031827756,5.519629372,-93.182647388,713.321553892,5.523743916,93.187532581
laser 002,quadratic_graph,2126.975429,554.000000,0.026956875,5.519515913,-93.085939812,713.325633207,5.523848652,93.090861632
laser 002,quadratic_graph,2126.962553,555.000000,0.025718900,5.518248585,-92.988749903,713.326020183,5.522635537,92.993678145
laser 002,quadratic_graph,2126.927866,556.000000,0.031320013,5.514808732,-92.890654623,713.319456191,5.518941193,92.895532427
laser 002,quadratic_graph,2126.886401,557.000000,0.039047200,5.510693847,-92.792280244,713.310731379,5.514475850,92.797089934
laser 002,quadratic_graph,2126.850583,558.000000,0.045005288,5.507141524,-92.694142352,713.303804652,5.510652924,92.698898637
laser 002,quadratic_graph,2126.828519,559.000000,0.046652970,5.504959163,-92.596575661,713.301258881,5.508394525,92.601314379
laser 002,quadratic_graph,2126.809916,560.000000,0.047217008,5.503121539,-92.499152895,713.299814507,5.506529776,92.503883054
laser 002,quadratic_graph,2126.789820,561.000000,0.048250399,5.501135238,-92.401669037,713.297893130,5.504495165,92.406386735
laser 002,quadratic_graph,2126.832273,562.000000,0.029676709,5.505378719,-92.306766004,713.315899521,5.509575365,92.311634256
laser 002,quadratic_graph,2126.924813,563.000000,-0.004599871,5.514611445,-92.213922452,713.349865571,5.520353610,92.219071809
laser 002,quadratic_graph,2123.892669,769.000000,-0.110142600,5.216015747,-72.181921334,713.278176355,5.226188505,72.187154898
laser 002,quadratic_graph,2123.806505,770.000000,-0.088116901,5.207463405,-72.082405227,713.254929964,5.216640402,72.087451863
laser 002,quadratic_graph,2123.703277,771.000000,-0.060741530,5.197215029,-71.982346898,713.226247894,5.205154794,71.987162136
laser 002,quadratic_graph,2123.646522,772.000000,-0.047935872,5.191587828,-71.883789477,713.212370062,5.198948003,71.888494432
laser 002,quadratic_graph,2123.607480,773.000000,-0.040682202,5.187721853,-71.785804213,713.204133600,5.194753044,71.790445039
laser 002,quadratic_graph,2123.571891,774.000000,-0.034509836,5.184199268,-71.687931980,713.196995881,5.190950282,71.692517665
laser 002,quadratic_graph,2123.548713,775.000000,-0.032226884,5.181910595,-71.590458872,713.193810181,5.188556991,71.595021748
laser 002,quadratic_graph,2123.548322,776.000000,-0.037085979,5.181887296,-71.493714729,713.197881440,5.188751450,71.498314167
laser 002,quadratic_graph,2123.574083,777.000000,-0.050142308,5.184463943,-71.397803961,713.210281789,5.191915858,71.402508102
laser 002,quadratic_graph,2123.612809,778.000000,-0.067262430,5.188329674,-71.302303093,713.226811281,5.196552782,71.307145719
laser 002,quadratic_graph,2123.636051,779.000000,-0.079527394,5.190656096,-71.206305267,713.238407517,5.199431245,71.211246018
laser 002,quadratic_graph,2123.612217,780.000000,-0.077031844,5.188302095,-71.108808598,713.235005878,5.196963033,71.113724774
laser 002,quadratic_graph,2123.533138,781.000000,-0.057215127,5.180455771,-71.009560059,713.214004594,5.188220661,71.014307673
laser 002,quadratic_graph,2123.493572,782.000000,-0.049785175,5.176537963,-70.911569498,713.205589300,5.183965915,70.916251520
laser 002,quadratic_graph,2123.442552,783.000000,-0.038763390,5.171481632,-70.813218988,713.193524473,5.178410520,70.817805559
laser 002,quadratic_graph,2123.425270,784.000000,-0.038316848,5.169779257,-70.715937992,713.192204939,5.176686423,70.720517021
laser 002,quadratic_graph,2123.452683,785.000000,-0.051880437,5.172519971,-70.620067857,713.205120761,5.180037797,70.624755807
laser 002,quadratic_graph,2123.429097,786.000000,-0.049454953,5.170190913,-70.522587300,713.201790510,5.177597694,70.527251259
laser 002,quadratic_graph,2123.487430,787.000000,-0.072710006,5.176005543,-70.427685736,713.224553553,5.184460435,70.432539178
laser 002,quadratic_graph,2123.515395,788.000000,-0.086443924,5.178801387,-70.331823846,713.237642419,5.187874629,70.336787625
laser 002,quadratic_graph,2123.484763,789.000000,-0.081805135,5.175771742,-70.234119528,713.232063335,5.184634036,70.239040918
laser 002,quadratic_graph,2123.482803,790.000000,-0.086154367,5.175592571,-70.137315495,713.235616726,5.184649615,70.142269210
laser 002,quadratic_graph,2123.398016,791.000000,-0.064534659,5.167179385,-70.037918434,713.212783958,5.175259003,70.042688603
laser 002,quadratic_graph,2123.355136,792.000000,-0.056052494,5.162932466,-69.939837524,713.203299869,5.170627656,69.944533355
laser 002,quadratic_graph,2123.355150,793.000000,-0.061016318,5.162949510,-69.843098006,713.207477813,5.170867192,69.847831272
laser 002,quadratic_graph,2123.356231,794.000000,-0.066313392,5.163072630,-69.746390765,713.211994369,5.171227847,69.751164235
laser 002,quadratic_graph,2123.332556,795.000000,-0.063848035,5.160734870,-69.648911998,713.208623829,5.168777245,69.653661146
laser 002,quadratic_graph,2123.289510,796.000000,-0.055308605,5.156471626,-69.550832303,713.199081695,5.164126990,69.555506639
laser 002,quadratic_graph,2123.251046,797.000000,-0.048204483,5.152663957,-69.452897583,713.190997963,5.159997097,69.457509038
laser 002,quadratic_graph,2123.222479,798.000000,-0.044201748,5.149840115,-69.355271943,713.186065461,5.156991021,69.359846297
laser 002,quadratic_graph,2123.205675,799.000000,-0.043885246,5.148185511,-69.258011824,713.184878415,5.155320570,69.262579721
laser 002,quadratic_graph,2123.211351,800.000000,-0.050614614,5.148765335,-69.161446880,713.190850386,5.156202582,69.166066889
laser 002,quadratic_graph,2123.225669,801.000000,-0.060052013,5.150204174,-69.065147168,713.199573870,5.158065842,69.069841800
laser 002,quadratic_graph,2123.227611,802.000000,-0.065608392,5.150412888,-68.968463856,713.204354033,5.158523799,68.973200850
laser 002,quadratic_graph,2123.221676,803.000000,-0.068694038,5.149838648,-68.871536994,713.206623815,5.158087278,68.876295811
laser 002,quadratic_graph,2123.219022,804.000000,-0.072807004,5.149590543,-68.774710497,713.209937420,5.158023264,68.779499678
laser 002,quadratic_graph,2123.209874,805.000000,-0.074882750,5.148696949,-68.677683969,713.211181124,5.157221807,68.682486579
laser 002,quadratic_graph,2123.186389,806.000000,-0.072462403,5.146378299,-68.580217910,713.207856602,5.154792351,68.584996574
laser 002,quadratic_graph,2123.156565,807.000000,-0.068053458,5.143429618,-68.482558940,713.202511601,5.151643104,68.487297129
laser 002,quadratic_graph,2123.130932,808.000000,-0.064957133,5.140897554,-68.385029650,713.198500316,5.148969724,68.389738275
laser 002,quadratic_graph,2123.115929,809.000000,-0.065192009,5.139422070,-68.287825965,713.197873709,5.147503285,68.292532717
laser 002,quadratic_graph,2123.112132,810.000000,-0.068938659,5.139060387,-68.190964049,713.200815239,5.147309161,68.195698120
laser 002,quadratic_graph,2123.126054,811.000000,-0.078239069,5.140459865,-68.094640623,713.209399633,5.149126881,68.099448180
laser 002,quadratic_graph,2123.171718,812.000000,-0.097490217,5.145014453,-67.999279509,713.228094380,5.154548864,68.004243268
laser 002,quadratic_graph,2123.237563,813.000000,-0.123068719,5.151575357,-67.904525914,713.253217942,5.162262764,67.909698472
laser 002,quadratic_graph,2123.252766,814.000000,-0.132768154,5.153102443,-67.808231235,713.262207730,5.164226104,67.813480595
laser 002,quadratic_graph,2123.159673,815.000000,-0.108510240,5.143864525,-67.708657538,713.236695609,5.153891691,67.713701428
laser 002,quadratic_graph,2123.056968,816.000000,-0.081239227,5.133671952,-67.608800738,713.208122156,5.142466619,67.613614113
laser 002,quadratic_graph,2122.989482,817.000000,-0.065009910,5.126980411,-67.510014465,713.190767536,5.135040975,67.514689108
laser 002,quadratic_graph,2122.945051,818.000000,-0.056007451,5.122580437,-67.411927585,713.180755706,5.130233100,67.416523572
laser 002,quadratic_graph,2122.898444,819.000000,-0.046321789,5.117964359,-67.313778166,713.170049765,5.125178284,67.318289817
laser 002,quadratic_graph,2122.843044,820.000000,-0.033878755,5.112474645,-67.215367775,713.156542299,5.119125372,67.219772170
laser 002,quadratic_graph,2122.795774,821.000000,-0.023983279,5.107793034,-67.117205066,713.145623280,5.113995553,67.121523381
laser 002,quadratic_graph,2122.755696,822.000000,-0.016341122,5.103826228,-67.019260871,713.136993745,5.109682249,67.023511838
laser 002,quadratic_graph,2122.725693,823.000000,-0.011855801,5.100860629,-66.921620440,713.131571682,5.106512644,66.925830300
laser 002,quadratic_graph,2122.709465,824.000000,-0.011686939,5.099263815,-66.824392915,713.130535285,5.104906659,66.828597550
laser 002,quadratic_graph,2122.699894,825.000000,-0.013603380,5.098328478,-66.727364291,713.131617632,5.104056276,66.731581034
laser 002,quadratic_graph,2122.683110,826.000000,-0.013257601,5.096676449,-66.630120796,713.130401529,5.102387091,66.634330843
laser 002,quadratic_graph,2122.653203,827.000000,-0.008797158,5.093720530,-66.532487693,713.125004863,5.099228291,66.536656840
laser 002,quadratic_graph,2122.634636,828.000000,-0.007889884,5.091891396,-66.435192814,713.123218324,5.097356657,66.439350598
laser 002,quadratic_graph,2122.666085,829.000000,-0.022658728,5.095031867,-66.339381013,713.137359047,5.101162210,66.343657742
laser 002,quadratic_graph,2122.724533,830.000000,-0.045890249,5.100855265,-66.244364681,713.160097987,5.108032673,66.248830699
laser 002,quadratic_graph,2122.749679,831.000000,-0.058682043,5.103369748,-66.148358147,713.172229956,5.111122999,66.152926676
laser 002,quadratic_graph,2122.712364,832.000000,-0.051892145,5.099677548,-66.050505098,713.164466619,5.107122774,66.055013365
laser 002,quadratic_graph,2122.617724,833.000000,-0.027131656,5.090289504,-65.950965125,713.138444948,5.096615559,65.955263750
laser 002,quadratic_graph,2122.493435,834.000000,0.006921309,5.077956532,-65.850560278,713.102982089,5.082743978,65.854572019
laser 002,quadratic_graph,2122.472400,835.000000,0.008611283,5.075882404,-65.753198677,713.100400511,5.080592024,65.757192551
laser 002,quadratic_graph,2122.452533,836.000000,0.009936484,5.073924342,-65.655872194,713.098189574,5.078572602,65.659851232
laser 002,quadratic_graph,2122.487956,837.000000,-0.006066559,5.077459240,-65.560165916,713.113584318,5.082828293,65.564274159
laser 002,quadratic_graph,2122.459966,838.000000,-0.002192618,5.074694153,-65.462600958,713.108783874,5.079886803,65.466673179
laser 002,quadratic_graph,2122.477623,839.000000,-0.012624849,5.076464064,-65.366370534,713.118518628,5.082126055,65.370525653
laser 002,quadratic_graph,2122.522511,840.000000,-0.031591746,5.080939523,-65.270931748,713.136924647,5.087456090,65.275240708
laser 002,quadratic_graph,2122.467499,841.000000,-0.019243467,5.075489683,-65.172579157,713.123514294,5.081447339,65.176781654
laser 002,quadratic_graph,2122.441720,842.000000,-0.016057138,5.072944285,-65.075080337,713.119412564,5.078756576,65.079252528
laser 002,quadratic_graph,2122.457558,843.000000,-0.025914265,5.074533516,-64.978790978,713.128563037,5.080789192,64.983041287
laser 002,quadratic_graph,2122.479107,844.000000,-0.037560506,5.076690198,-64.882664853,713.139531249,5.083470014,64.887008151
laser 002,quadratic_graph,2122.465974,845.000000,-0.038334083,5.075401172,-64.785532006,713.139452840,5.082214365,64.789877916
laser 002,quadratic_graph,2122.424853,846.000000,-0.030333231,5.071331547,-64.687590421,713.130459651,5.077782063,64.691866006
laser 002,quadratic_graph,2122.391212,847.000000,-0.024675861,5.068005153,-64.589867311,713.123847475,5.074198770,64.594092052
laser 002,quadratic_graph,2122.371642,848.000000,-0.023427790,5.066076713,-64.492551606,713.121715165,5.072212457,64.496762154
laser 002,quadratic_graph,2122.342335,849.000000,-0.019126382,5.063180992,-64.394956493,713.116480708,5.069121043,64.399127468
laser 002,quadratic_graph,2122.336248,850.000000,-0.022101887,5.062592049,-64.298030000,713.118639578,5.068664869,64.302221891
laser 002,quadratic_graph,2122.347357,851.000000,-0.030466210,5.063711427,-64.201596321,713.126273458,5.070160253,64.205853922
laser 002,quadratic_graph,2122.352654,852.000000,-0.037007559,5.064253441,-64.104994260,713.132055217,5.070995990,64.109302418
laser 002,quadratic_graph,2122.359036,853.000000,-0.043887805,5.064903264,-64.008421810,713.138181299,5.071954833,64.012783342
laser 002,quadratic_graph,2122.370449,854.000000,-0.052343925,5.066052926,-63.911991512,713.145908457,5.073484645,63.916419516
laser 002,quadratic_graph,2122.376858,855.000000,-0.059230261,5.066705477,-63.815416592,713.152040736,5.074446492,63.819898021
laser 002,quadratic_graph,2122.354175,856.000000,-0.056995644,5.064467796,-63.718011923,713.148906268,5.072106412,63.722470961
laser 002,quadratic_graph,2122.306974,857.000000,-0.047074072,5.059794414,-63.619911329,713.137962004,5.066983660,63.624284078
laser 002,quadratic_graph,2122.269297,858.000000,-0.040136863,5.056067313,-63.522084193,713.130049850,5.062941897,63.526395462
laser 002,quadratic_graph,2122.249263,859.000000,-0.038728793,5.054092947,-63.424759328,713.127755241,5.060902440,63.429055076
laser 002,quadratic_graph,2122.243310,860.000000,-0.041733228,5.053517398,-63.327833644,713.129943678,5.060460970,63.332150549
laser 002,quadratic_graph,2122.241258,861.000000,-0.045959185,5.053329382,-63.231017718,713.133373172,5.060462169,63.235365935
laser 002,quadratic_graph,2122.235965,862.000000,-0.049167918,5.052819414,-63.134109586,713.135769202,5.060095502,63.138480660
laser 002,quadratic_graph,2122.221459,863.000000,-0.049487376,5.051394240,-63.036941471,713.135229811,5.058683215,63.041311384
laser 002,quadratic_graph,2122.199271,864.000000,-0.047397474,5.049205967,-62.939557626,713.132242592,5.056399078,62.943906352
laser 002,quadratic_graph,2122.195946,865.000000,-0.051219156,5.048891520,-62.842704365,713.135261420,5.056255600,62.847081043
laser 002,quadratic_graph,2122.233791,866.000000,-0.067945360,5.052666898,-62.747004628,713.151390906,5.060784424,62.751516524
laser 002,quadratic_graph,2122.274610,867.000000,-0.085603329,5.056737904,-62.651383957,713.168467022,5.065650934,62.656038815
laser 002,quadratic_graph,2122.270832,868.000000,-0.089279394,5.056378494,-62.554512332,713.171337916,5.065455922,62.559193931
laser 002,quadratic_graph,2122.216516,869.000000,-0.077110731,5.050998460,-62.456229740,713.158111068,5.059525097,62.460806376
laser 002,quadratic_graph,2122.153004,870.000000,-0.062058466,5.044705146,-62.357694729,713.141954625,5.052550834,62.362142432
laser 002,quadratic_graph,2122.120750,871.000000,-0.056803865,5.041517076,-62.260033828,713.135752346,5.049124056,62.264434040
laser 002,quadratic_graph,2122.118726,872.000000,-0.061024211,5.041331913,-62.163214373,713.139176322,5.049127859,62.167645851
laser 002,quadratic_graph,2122.118201,873.000000,-0.065713181,5.041295660,-62.066435701,713.143076416,5.049301727,62.070902341
laser 002,quadratic_graph,2122.099738,874.000000,-0.064777709,5.039477560,-61.969159453,713.141262297,5.047439874,61.973614504
laser 002,quadratic_graph,2122.052568,875.000000,-0.054842117,5.034807985,-61.871090281,713.130304426,5.042320305,61.875458931
laser 002,quadratic_graph,2121.971417,876.000000,-0.034254057,5.026763423,-61.772086440,713.108524117,5.033344927,61.776280145
laser 002,quadratic_graph,2121.867728,877.000000,-0.006601901,5.016481009,-61.672467807,713.079567049,5.021812841,61.676427848
laser 002,quadratic_graph,2121.775498,878.000000,0.017458106,5.007337409,-61.573172613,713.054259546,5.011581710,61.576928850
laser 002,quadratic_graph,2121.738321,879.000000,0.024264784,5.003661327,-61.475396514,713.046480764,5.007596867,61.479092360
laser 002,quadratic_graph,2121.753630,880.000000,0.014623688,5.005197379,-61.379061857,713.055412227,5.009566568,61.382834029
laser 002,quadratic_graph,2121.773037,881.000000,0.003699306,5.007140440,-61.282837124,713.065647450,5.012001203,61.286696290
laser 002,quadratic_graph,2121.767653,882.000000,0.000545905,5.006621595,-61.185932107,713.067987719,5.011623170,61.189813672
laser 002,quadratic_graph,2121.750431,883.000000,0.001104024,5.004927157,-61.088703521,713.066557277,5.009902017,61.092576635
laser 002,quadratic_graph,2121.765896,884.000000,-0.008581251,5.006478797,-60.992366130,713.075533642,5.011889301,60.996315939
laser 002,quadratic_graph,2121.816041,885.000000,-0.029135404,5.011474627,-60.896969970,713.095552236,5.017811368,60.901086817
laser 002,quadratic_graph,2121.860945,886.000000,-0.048046545,5.015950212,-60.801426222,713.113901586,5.023139029,60.805696450
laser 002,quadratic_graph,2121.872314,887.000000,-0.056445160,5.017095297,-60.704968151,713.121570747,5.024661684,60.709304378
laser 002,quadratic_graph,2121.830450,888.000000,-0.048156031,5.012953383,-60.607066679,713.112286070,5.020144099,60.611330194
laser 002,quadratic_graph,2121.765649,889.000000,-0.032676299,5.006533672,-60.508547834,713.095696184,5.013024154,60.512678869
laser 002,quadratic_graph,2121.728347,890.000000,-0.025815026,5.002845128,-60.410775884,713.087862225,5.009024389,60.414846076
laser 002,quadratic_graph,2121.724359,891.000000,-0.029394327,5.002464992,-60.313903891,713.090635323,5.008804293,60.318000025
laser 002,quadratic_graph,2121.729273,892.000000,-0.035762605,5.002968913,-60.217270778,713.096241870,5.009594141,60.221416035
laser 002,quadratic_graph,2121.715400,893.000000,-0.036240945,5.001607126,-60.120131669,713.095864604,5.008252426,60.124277092
laser 002,quadratic_graph,2121.662338,894.000000,-0.024434624,4.996353648,-60.021941922,713.083006905,5.002464524,60.025985399
laser 002,quadratic_graph,2121.577425,895.000000,-0.002644725,4.987937617,-59.922903188,713.060006575,4.993063438,59.926761735
laser 002,quadratic_graph,2121.495205,896.000000,0.018301138,4.979789545,-59.823942956,713.037863809,4.983968407,59.827623590
laser 002,quadratic_graph,2121.507054,897.000000,0.009766839,4.980981910,-59.727498895,713.045671028,4.985544471,59.731246658
laser 002,quadratic_graph,2121.462574,898.000000,0.018887261,4.976581346,-59.629552318,713.035542233,4.980730718,59.633220462
laser 002,quadratic_graph,2121.436663,899.000000,0.022189447,4.974024565,-59.532102496,713.031324417,4.978023369,59.535739383
laser 002,quadratic_graph,2121.439292,900.000000,0.016548730,4.974301457,-59.435411740,713.036192000,4.978553352,59.439091704
laser 002,quadratic_graph,2121.455580,901.000000,0.006628503,4.975934548,-59.339081886,713.045407273,4.980632699,59.342840500
laser 002,quadratic_graph,2121.463060,902.000000,-0.000530140,4.976693135,-59.242516568,713.051816974,4.981712893,59.246330876
laser 002,quadratic_graph,2121.460088,903.000000,-0.004411793,4.976413954,-59.145673481,713.054897499,4.981607404,59.149516245
laser 002,quadratic_graph,2121.464916,904.000000,-0.010736811,4.976909253,-59.049035458,713.060460314,4.982386684,59.052926988
laser 002,quadratic_graph,2121.470492,905.000000,-0.017295050,4.977478841,-58.952415766,713.066260072,4.983250779,58.956358000
laser 002,quadratic_graph,2121.446070,906.000000,-0.014449980,4.975069880,-58.855005887,713.062506798,4.980711886,58.858920665
laser 002,quadratic_graph,2121.411998,907.000000,-0.008579161,4.971702823,-58.757343865,713.055679629,4.977078323,58.761206038
laser 002,quadratic_graph,2121.406440,908.000000,-0.011643791,4.971166919,-58.660431086,713.057930205,4.976679235,58.664314924
laser 002,quadratic_graph,2121.419076,909.000000,-0.020409516,4.972437490,-58.563993846,713.065972651,4.978343955,58.567946738
laser 002,quadratic_graph,2121.391413,910.000000,-0.016543369,4.969706820,-58.466501955,713.061182150,4.975437266,58.470418904
laser 002,quadratic_graph,2121.357834,911.000000,-0.010821789,4.966388828,-58.368857249,713.054506716,4.971859506,58.372722833
laser 002,quadratic_graph,2121.311996,912.000000,-0.001256931,4.961853812,-58.270895387,713.043926873,4.966891247,58.274677662
laser 002,quadratic_graph,2121.256539,913.000000,0.011323521,4.956363995,-58.172686599,713.030283492,4.960832073,58.176360499
laser 002,quadratic_graph,2121.223314,914.000000,0.016937610,4.953081469,-58.075058477,713.023717386,4.957294632,58.078681906
laser 002,quadratic_graph,2121.240500,915.000000,0.006754554,4.954803559,-57.978737942,713.033199826,4.959474848,57.982442206
laser 002,quadratic_graph,2121.287820,916.000000,-0.012871771,4.959517416,-57.883194196,713.052275782,4.965073075,57.887057788
laser 002,quadratic_graph,2121.317090,917.000000,-0.026840414,4.962439425,-57.787179485,713.065604021,4.968624081,57.791155378
laser 002,quadratic_graph,2121.322990,918.000000,-0.033483268,4.963041216,-57.690558991,713.071489919,4.969524204,57.694586294
laser 002,quadratic_graph,2121.308357,919.000000,-0.033689155,4.961604392,-57.593408722,713.070836463,4.968095165,57.597433931
laser 002,quadratic_graph,2121.281036,920.000000,-0.029916924,4.958907874,-57.495932860,713.066141637,4.965226871,57.499922909
laser 002,quadratic_graph,2121.272189,921.000000,-0.031933680,4.958045540,-57.398932142,713.067327903,4.964454061,57.402935148
laser 002,quadratic_graph,2121.291030,922.000000,-0.042627515,4.959932179,-57.302640046,713.077329259,4.966821885,57.306728134
laser 002,quadratic_graph,2121.304185,923.000000,-0.051538069,4.961254336,-57.206200064,713.085518974,4.968544732,57.210358412
laser 002,quadratic_graph,2121.280155,924.000000,-0.048791922,4.958884564,-57.108809258,713.081866638,4.966049501,57.112940974
laser 002,quadratic_graph,2121.180554,925.000000,-0.022358248,4.949012156,-57.009494848,713.054150183,4.954982445,57.013403044
laser 002,quadratic_graph,2121.068634,926.000000,0.007935430,4.937917667,-56.909875110,713.022512446,4.942519078,56.913527703
laser 002,quadratic_graph,2121.024518,927.000000,0.016979684,4.933554456,-56.811985077,713.012462035,4.937746131,56.815558691
laser 002,quadratic_graph,2121.052338,928.000000,0.003481256,4.936331995,-56.715920471,713.025312687,4.941131448,56.719602479
laser 002,quadratic_graph,2121.108982,929.000000,-0.019050108,4.941971021,-56.620581612,713.047339840,4.947785974,56.624447096
laser 002,quadratic_graph,2121.140478,930.000000,-0.033699351,4.945113794,-56.524601949,713.061359567,4.951588469,56.528585392
laser 002,quadratic_graph,2121.130732,931.000000,-0.035421168,4.944162324,-56.427578966,713.062246410,4.950713215,56.431572917
laser 002,quadratic_graph,2121.101471,932.000000,-0.031025134,4.941273538,-56.330064778,713.056918202,4.947624502,56.334018387
laser 002,quadratic_graph,2121.066594,933.000000,-0.024867683,4.937827309,-56.232411102,713.049800624,4.943898841,56.236309727
laser 002,quadratic_graph,2121.039893,934.000000,-0.021271513,4.935192780,-56.134964543,713.045285060,4.941100490,56.138829474
laser 002,quadratic_graph,2121.038567,935.000000,-0.025626992,4.935077214,-56.038154590,713.048847506,4.941180017,56.042051921
laser 002,quadratic_graph,2121.053301,936.000000,-0.035014798,4.936555930,-55.941745164,713.057522235,4.943080972,55.945716722
laser 002,quadratic_graph,2121.031984,937.000000,-0.033102055,4.934455885,-55.844434111,713.054716910,4.940893091,55.848385969
laser 002,quadratic_graph,2120.947563,938.000000,-0.011410328,4.926091863,-55.745552438,713.031818470,4.931548466,55.749320194
laser 002,quadratic_graph,2120.871307,939.000000,0.007722538,4.918538824,-55.646880216,713.011519609,4.923130324,55.650485141
laser 002,quadratic_graph,2120.848612,940.000000,0.010070786,4.916302267,-55.549542811,713.008271993,4.920786274,55.553124415
laser 002,quadratic_graph,2120.862046,941.000000,0.001097922,4.917651702,-55.453101392,713.016525293,4.922539222,55.456753776
laser 002,quadratic_graph,2120.856758,942.000000,-0.002006389,4.917142894,-55.356194898,713.018816858,4.922169035,55.359869284
laser 002,quadratic_graph,2120.807608,943.000000,0.008636593,4.912280617,-55.258205186,713.007142876,4.916824866,55.261787307
laser 002,quadratic_graph,2120.736503,944.000000,0.026160657,4.905239547,-55.159677843,712.988478620,4.908991313,55.163110506
laser 002,quadratic_graph,2120.663777,945.000000,0.044193080,4.898038000,-55.061115924,712.969298000,4.900974336,55.064394904
laser 002,quadratic_graph,2120.593508,946.000000,0.061455992,4.891080682,-54.962619761,712.950899175,4.893236324,54.965751454
laser 002,quadratic_graph,2120.534927,947.000000,0.075057206,4.885283538,-54.864415242,712.936220233,4.886823763,54.867430083
laser 002,quadratic_graph,2120.514721,948.000000,0.076635565,4.883294479,-54.767153635,712.933755017,4.884761967,54.770151557
laser 002,quadratic_graph,2120.535769,949.000000,0.065289185,4.885399040,-54.670900234,712.944419680,4.887377176,54.673988666
laser 002,quadratic_graph,2120.600756,950.000000,0.040175520,4.891863960,-54.575715219,712.969070089,4.894974163,54.579008591
laser 002,quadratic_graph,2120.682983,951.000000,0.009658798,4.900040296,-54.480943312,712.999209249,4.904526443,54.484486534
laser 002,quadratic_graph,2120.729086,952.000000,-0.009537758,4.904631980,-54.385285877,713.017848585,4.909983112,54.388984857
laser 002,quadratic_graph,2120.725157,953.000000,-0.013053552,4.904258146,-54.288410182,713.020558361,4.909766478,54.292134585
laser 002,quadratic_graph,2120.706821,954.000000,-0.012052875,4.902454442,-54.191185113,713.018680033,4.907916113,54.194897399
laser 002,quadratic_graph,2120.703751,955.000000,-0.015835265,4.902165878,-54.094329585,713.021660669,4.907796784,54.098069511
laser 002,quadratic_graph,2120.700301,956.000000,-0.019497276,4.901839610,-53.997464211,713.024519031,4.907634317,54.001230775
laser 002,quadratic_graph,2120.667494,957.000000,-0.013957383,4.898599739,-53.899891323,713.018029562,4.904142900,53.903608042
laser 002,quadratic_graph,2120.600451,958.000000,0.002312963,4.891962284,-53.801497520,713.000639506,4.896769556,53.805075205
laser 002,quadratic_graph,2120.526238,959.000000,0.020830709,4.884613658,-53.702936647,712.980966477,4.888583602,53.706356618
laser 002,quadratic_graph,2120.461076,960.000000,0.036512598,4.878163584,-53.604598062,712.964174340,4.881424202,53.607883891
laser 002,quadratic_graph,2120.476289,961.000000,0.027009411,4.879689259,-53.508185255,712.972966646,4.883377335,53.511546274
laser 002,quadratic_graph,2120.441841,962.000000,0.033069286,4.876287077,-53.410585374,712.965949160,4.879700138,53.413892228
laser 002,quadratic_graph,2120.427476,963.000000,0.032837262,4.874877754,-53.313465802,712.965323352,4.878299800,53.316770787
laser 002,quadratic_graph,2120.405749,964.000000,0.034913480,4.872737940,-53.216171528,712.962352737,4.876064783,53.219455458
laser 002,quadratic_graph,2120.373793,965.000000,0.040196266,4.869583190,-53.118635489,712.956124758,4.872670096,53.121871713
laser 002,quadratic_graph,2120.357065,966.000000,0.040708628,4.867939470,-53.021461932,712.954742845,4.871001762,53.024690100
laser 002,quadratic_graph,2120.364814,967.000000,0.033552394,4.868724456,-52.924867522,712.961151079,4.872108273,52.928151374
laser 002,quadratic_graph,2120.376341,968.000000,0.025213469,4.869884339,-52.828360654,712.968760751,4.873643065,52.831710021
laser 002,quadratic_graph,2120.375543,969.000000,0.020737935,4.869821289,-52.731561540,712.972445820,4.873780541,52.734944309
laser 002,quadratic_graph,2120.369492,970.000000,0.017909794,4.869237012,-52.634638047,712.974457406,4.873322433,52.638040526
laser 002,quadratic_graph,2120.368930,971.000000,0.013362862,4.869197398,-52.537842949,712.978215031,4.873486570,52.541279425
laser 002,quadratic_graph,2120.351224,972.000000,0.014189655,4.867456662,-52.440645360,712.976513815,4.871707029,52.444071167
laser 002,quadratic_graph,2120.272508,973.000000,0.034135890,4.859662437,-52.342021908,712.955390330,4.863011004,52.345278133
laser 002,quadratic_graph,2120.157437,974.000000,0.065473363,4.848261889,-52.242556088,712.922695257,4.850194489,52.245548050
laser 002,quadratic_graph,2120.113610,975.000000,0.074488134,4.843930007,-52.144758775,712.912676523,4.845454224,52.147672014
laser 002,quadratic_graph,2117.056308,1180.000000,0.093107072,4.544287663,-32.242124097,712.717708762,4.544676588,32.244108232
laser 002,quadratic_graph,2117.012916,1181.000000,0.102252750,4.540007592,-32.144666592,712.707564090,4.539982318,32.146570961
laser 002,quadratic_graph,2116.906194,1182.000000,0.131234076,4.529456547,-32.046305758,712.677274727,4.528121759,32.047965518
laser 002,quadratic_graph,2116.821335,1183.000000,0.153367606,4.521071119,-31.948265212,712.653939951,4.518735905,31.949737271
laser 002,quadratic_graph,2116.794632,1184.000000,0.157289234,4.518444196,-31.851058154,712.649100893,4.515930581,31.852493863
laser 002,quadratic_graph,2116.800547,1185.000000,0.150997381,4.519046851,-31.754314923,712.654634459,4.516815837,31.755799163
laser 002,quadratic_graph,2116.803193,1186.000000,0.145730501,4.519325854,-31.657524054,712.659127094,4.517331178,31.659048306
laser 002,quadratic_graph,2116.788172,1187.000000,0.145997695,4.517855616,-31.560483084,712.657999463,4.515847488,31.562001357
laser 002,quadratic_graph,2116.762460,1188.000000,0.149614282,4.515326874,-31.463292307,712.653470295,4.513154115,31.464776766
laser 002,quadratic_graph,2116.738196,1189.000000,0.152778672,4.512941542,-31.366123113,712.649400399,4.510624563,31.367577516
laser 002,quadratic_graph,2116.719984,1190.000000,0.154049082,4.511155442,-31.269039587,712.647254007,4.508779731,31.270479675
laser 002,quadratic_graph,2116.715850,1191.000000,0.150912086,4.510763184,-31.172152645,712.649583674,4.508527677,31.173615045
laser 002,quadratic_graph,2116.735045,1192.000000,0.140470430,4.512680705,-31.075588814,712.659331750,4.510915110,31.077134232
laser 002,quadratic_graph,2116.731771,1193.000000,0.137066628,4.512373617,-30.978711626,712.661932398,4.510760270,30.980281574
laser 002,quadratic_graph,2116.683932,1194.000000,0.147620647,4.507654251,-30.881219341,712.650357948,4.505563143,30.882697822
laser 002,quadratic_graph,2116.624129,1195.000000,0.161922225,4.501750599,-30.783565859,712.634977653,4.499012578,30.784921731
laser 002,quadratic_graph,2116.599775,1196.000000,0.165123810,4.499356595,-30.686402315,712.630870180,4.496472678,30.687727824
laser 002,quadratic_graph,2116.633624,1197.000000,0.150100102,4.502724750,-30.590034846,712.645271688,4.500517566,30.591481452
laser 002,quadratic_graph,2116.684070,1198.000000,0.129879290,4.507736273,-30.493889512,712.664951165,4.506440401,30.495500405
laser 002,quadratic_graph,2116.699682,1199.000000,0.120568459,4.509299122,-30.397266156,712.673550860,4.508422124,30.398950670
laser 002,quadratic_graph,2116.673761,1200.000000,0.124266449,4.506749849,-30.300078644,712.668939312,4.505704550,30.301728670
laser 002,quadratic_graph,2116.635480,1201.000000,0.131836596,4.502976915,-30.202725781,712.660395391,4.501588540,30.204309139
laser 002,quadratic_graph,2116.606510,1202.000000,0.136491929,4.500125898,-30.105500470,712.654811672,4.498526013,30.107041385
laser 002,quadratic_graph,2116.580448,1203.000000,0.140237804,4.497562836,-30.008315709,712.650151594,4.495792491,30.009821738
laser 002,quadratic_graph,2116.534884,1204.000000,0.150092244,4.493069156,-29.910871848,712.639287961,4.490852630,29.912292228
laser 002,quadratic_graph,2116.542756,1205.000000,0.143213753,4.493865594,-29.814142298,712.645417572,4.491958158,29.815616086
laser 002,quadratic_graph,2116.494274,1206.000000,0.153984490,4.489083162,-29.716663460,712.633623463,4.486688188,29.718043983
laser 002,quadratic_graph,2116.491678,1207.000000,0.150386866,4.488843300,-29.619794704,712.636421216,4.486609328,29.621201370
laser 002,quadratic_graph,2116.531914,1208.000000,0.133376934,4.492843698,-29.523489827,712.652839858,4.491376114,29.525034098
laser 002,quadratic_graph,2116.515399,1209.000000,0.134140828,4.491225904,-29.426434955,712.651208285,4.489722459,29.427969122
laser 002,quadratic_graph,2116.542731,1210.000000,0.121174144,4.493948943,-29.329954764,712.663520797,4.493029389,29.331592935
laser 002,quadratic_graph,2116.529982,1211.000000,0.120761250,4.492703982,-29.232948157,712.663084339,4.491801684,29.234586006
laser 002,quadratic_graph,2116.552170,1212.000000,0.109407815,4.494917842,-29.136396219,712.673758519,4.494526619,29.138124664
laser 002,quadratic_graph,2116.484304,1213.000000,0.126259370,4.488216321,-29.038673850,712.655789276,4.487063096,29.040258498
laser 002,quadratic_graph,2116.420511,1214.000000,0.141835883,4.481918350,-28.941009100,712.639114957,4.480060675,28.942460548
laser 002,quadratic_graph,2116.378753,1215.000000,0.150512668,4.477801889,-28.843632734,712.629447660,4.475551194,28.845008322
laser 002,quadratic_graph,2116.369544,1216.000000,0.148997745,4.476907486,-28.746676806,712.630130500,4.474723791,28.748061230
laser 002,quadratic_graph,2116.381488,1217.000000,0.140859849,4.478107012,-28.649991321,712.637539250,4.476289255,28.651439620
laser 002,quadratic_graph,2116.385419,1218.000000,0.135232518,4.478513356,-28.553201734,712.642398427,4.476948221,28.554693045
laser 002,quadratic_graph,2116.370115,1219.000000,0.135630241,4.477015630,-28.456166510,712.641138948,4.475431165,28.457650763
laser 002,quadratic_graph,2116.344100,1220.000000,0.139383578,4.474457654,-28.358996074,712.636471744,4.472702400,28.360445382
laser 002,quadratic_graph,2116.312605,1221.000000,0.144854286,4.471357283,-28.261757825,712.630060523,4.469353723,28.263157917
laser 002,quadratic_graph,2116.304888,1222.000000,0.142879977,4.470610637,-28.164820376,712.631210000,4.468694815,28.166233123
laser 002,quadratic_graph,2116.315514,1223.000000,0.135162617,4.471679707,-28.068112533,712.638191747,4.470110844,28.069585661
laser 002,quadratic_graph,2116.322502,1224.000000,0.128585737,4.472388689,-27.971357419,712.644015305,4.471115309,27.972881452
laser 002,quadratic_graph,2116.322260,1225.000000,0.124274321,4.472382005,-27.874510803,712.647538223,4.471301853,27.876066913
laser 002,quadratic_graph,2116.314814,1226.000000,0.122220300,4.471662218,-27.777573944,712.648768704,4.470673403,27.779143372
laser 002,quadratic_graph,2116.286290,1227.000000,0.126768672,4.468855988,-27.680376316,712.643294292,4.467660501,27.681904193
laser 002,quadratic_graph,2116.243388,1228.000000,0.135820973,4.464626628,-27.583003177,712.633246056,4.463021178,27.584452076
laser 002,quadratic_graph,2116.196960,1229.000000,0.145978512,4.460048401,-27.485589575,712.622075468,4.457983101,27.486950310
laser 002,quadratic_graph,2116.168185,1230.000000,0.150609060,4.457217565,-27.388394934,712.616517716,4.454941886,27.389713437
laser 002,quadratic_graph,2116.174558,1231.000000,0.144234255,4.457865625,-27.291630115,712.622136179,4.455876311,27.292997844
laser 002,quadratic_graph,2116.199292,1232.000000,0.132110687,4.460331083,-27.195086753,712.633592639,4.458887613,27.196551481
laser 002,quadratic_graph,2116.211030,1233.000000,0.124058047,4.461510246,-27.098383108,712.640914982,4.460428873,27.099911005
laser 002,quadratic_graph,2116.207975,1234.000000,0.120639371,4.461225184,-27.001499196,712.643531452,4.460296747,27.003051753
laser 002,quadratic_graph,2116.204785,1235.000000,0.117264257,4.460926769,-26.904613005,712.646103696,4.460149303,26.906189860
laser 002,quadratic_graph,2116.199075,1236.000000,0.114679640,4.460378927,-26.807696008,712.647873193,4.459716752,26.809290591
laser 002,quadratic_graph,2116.179377,1237.000000,0.116477061,4.458446532,-26.710611770,712.645192679,4.457701857,26.712187666
laser 002,quadratic_graph,2116.149997,1238.000000,0.121307921,4.455555842,-26.613413276,712.639431694,4.454591750,26.614945277
laser 002,quadratic_graph,2116.123948,1239.000000,0.125096850,4.452994906,-26.516255841,712.634728836,4.451858426,26.517752605
laser 002,quadratic_graph,2116.104196,1240.000000,0.126915035,4.451057271,-26.419174015,712.632027322,4.449837357,26.420651920
laser 002,quadratic_graph,2116.093347,1241.000000,0.125946402,4.450000843,-26.322197603,712.632155876,4.448823282,26.323679808
laser 002,quadratic_graph,2116.091268,1242.000000,0.122232592,4.449812446,-26.225323891,712.635072202,4.448801145,26.226833210
laser 002,quadratic_graph,2116.090644,1243.000000,0.118064394,4.449768070,-26.128466411,712.638449975,4.448943540,26.130006620
laser 002,quadratic_graph,2116.083728,1244.000000,0.115867966,4.449100944,-26.031534938,712.639825415,4.448374187,26.033089650
laser 002,quadratic_graph,2116.063773,1245.000000,0.117756315,4.447143284,-25.934452167,712.637052759,4.446329928,25.935987438
laser 002,quadratic_graph,2116.035452,1246.000000,0.122265930,4.444357641,-25.837273699,712.631618223,4.443339370,25.838767746
laser 002,quadratic_graph,2116.020696,1247.000000,0.122528696,4.442914605,-25.740252651,712.630496408,4.441883109,25.741740766
laser 002,quadratic_graph,2116.027807,1248.000000,0.115944688,4.443635817,-25.643482305,712.636327524,4.442900135,25.645021386
laser 002,quadratic_graph,2116.040378,1249.000000,0.107651928,4.444897455,-25.546772700,712.643893884,4.444534714,25.548376947
laser 002,quadratic_graph,2116.024392,1250.000000,0.108303858,4.443332693,-25.449736612,712.642376922,4.442939163,25.451331694
laser 002,quadratic_graph,2115.970696,1251.000000,0.120766825,4.438035740,-25.352274156,712.628865901,4.437078311,25.353761921
laser 002,quadratic_graph,2115.909183,1252.000000,0.135678564,4.431965392,-25.254727312,712.612868213,4.430333537,25.256087410
laser 002,quadratic_graph,2115.864250,1253.000000,0.145399047,4.427536100,-25.157371109,712.602142279,4.425464133,25.158646681
laser 002,quadratic_graph,2115.857239,1254.000000,0.143245612,4.426859696,-25.060442146,712.603474286,4.424883566,25.061731867
laser 002,quadratic_graph,2115.887240,1255.000000,0.129503064,4.429846108,-24.963925360,712.616574972,4.428488906,24.965325537
laser 002,quadratic_graph,2115.921060,1256.000000,0.114565334,4.433210597,-24.867447471,712.630889344,4.432526271,24.868968036
laser 002,quadratic_graph,2115.951284,1257.000000,0.100754531,4.436219331,-24.770925982,712.644059318,4.436157015,24.772557569
laser 002,quadratic_graph,2115.974576,1258.000000,0.089115592,4.438542102,-24.674324605,712.655023776,4.439003766,24.676049167
laser 002,quadratic_graph,2115.972909,1259.000000,0.085294735,4.438394642,-24.577446421,712.658049058,4.439027406,24.579198989
laser 002,quadratic_graph,2115.936226,1260.000000,0.092441931,4.434781573,-24.480184747,712.649936438,4.435090378,24.481874175
laser 002,quadratic_graph,2115.889155,1261.000000,0.102843592,4.430140524,-24.382812252,712.638518996,4.429978476,24.384411494
laser 002,quadratic_graph,2115.851841,1262.000000,0.110190624,4.426465231,-24.285548713,712.630203529,4.425970205,24.287083154
laser 002,quadratic_graph,2115.816513,1263.000000,0.116916847,4.422986576,-24.188308936,712.622518522,4.422186593,24.189783736
laser 002,quadratic_graph,2115.752215,1264.000000,0.132716349,4.416641202,-24.090759727,712.605619803,4.415126728,24.092099486
laser 002,quadratic_graph,2115.661809,1265.000000,0.156691712,4.407712754,-23.992935546,712.580418716,4.405114758,23.994072323
laser 002,quadratic_graph,2115.578652,1266.000000,0.178396979,4.399502185,-23.895195657,712.557522946,4.395923133,23.896148316
laser 002,quadratic_graph,2115.525743,1267.000000,0.190631670,4.394284796,-23.797783424,712.544244414,4.390152156,23.798630667
laser 002,quadratic_graph,2115.512493,1268.000000,0.190450232,4.392991300,-23.700794451,712.543574229,4.388865494,23.701639457
laser 002,quadratic_graph,2115.531278,1269.000000,0.180239836,4.394867298,-23.604143250,712.553088229,4.391200998,23.605069362
laser 002,quadratic_graph,2115.572289,1270.000000,0.163071090,4.398942453,-23.507722752,712.569668253,4.396049734,23.508787793
laser 002,quadratic_graph,2115.619655,1271.000000,0.143912878,4.403646622,-23.411364224,712.588268508,4.401617282,23.412584727
laser 002,quadratic_graph,2115.662985,1272.000000,0.126018887,4.407951673,-23.314958697,712.605584957,4.406728650,23.316324156
laser 002,quadratic_graph,2115.693313,1273.000000,0.112197159,4.410970315,-23.218413748,712.618766120,4.410369802,23.219890323
laser 002,quadratic_graph,2115.699669,1274.000000,0.105883653,4.411616866,-23.121617813,712.624322897,4.411299969,23.123143109
laser 002,quadratic_graph,2115.676185,1275.000000,0.108916416,4.409310582,-23.024513676,712.620388841,4.408855444,23.026010026
laser 002,quadratic_graph,2115.647620,1276.000000,0.113541639,4.406501556,-22.927358646,712.614837720,4.405836299,22.928812816
laser 002,quadratic_graph,2115.640427,1277.000000,0.111475202,4.405807387,-22.830423001,712.616081789,4.405234049,22.831890600
laser 002,quadratic_graph,2115.641751,1278.000000,0.106742818,4.405956011,-22.733573498,712.620033048,4.405594924,22.735076681
laser 002,quadratic_graph,2115.620699,1279.000000,0.109019168,4.403890477,-22.636496831,712.616867203,4.403425292,22.637977354
laser 002,quadratic_graph,2115.571144,1280.000000,0.120222805,4.399004621,-22.539134261,712.604636062,4.398032393,22.540517939
laser 002,quadratic_graph,2115.534271,1281.000000,0.127456031,4.395373766,-22.441902130,712.596436767,4.394073705,22.443221957
laser 002,quadratic_graph,2115.518385,1282.000000,0.128118418,4.393819534,-22.344881627,712.594909937,4.392488225,22.346192208
laser 002,quadratic_graph,2115.565033,1283.000000,0.109199218,4.398452824,-22.248482685,712.613267424,4.397974110,22.249946742
laser 002,quadratic_graph,2115.534382,1284.000000,0.114488106,4.395437615,-22.151314369,712.607042602,4.394718831,22.152730733
laser 002,quadratic_graph,2115.497047,1285.000000,0.121871327,4.391761131,-22.054081983,712.598691110,4.390707746,22.055433250
laser 002,quadratic_graph,2115.487477,1286.000000,0.120561088,4.390831880,-21.957124071,712.599167476,4.389836285,21.958482485
laser 002,quadratic_graph,2115.507375,1287.000000,0.110024013,4.392818335,-21.860453649,712.609013288,4.392296999,21.861895884
laser 002,quadratic_graph,2115.522340,1288.000000,0.101032831,4.394316747,-21.763732662,712.617289314,4.394199893,21.765245872
laser 002,quadratic_graph,2115.502962,1289.000000,0.102798033,4.392417041,-21.666677266,712.614642754,4.392219165,21.668172066
laser 002,quadratic_graph,2115.457280,1290.000000,0.112801947,4.387914742,-21.569369338,712.603630219,4.387263978,21.570777265
laser 002,quadratic_graph,2115.424429,1291.000000,0.118788821,4.384682093,-21.472187449,712.596696829,4.383759757,21.473541884
laser 002,quadratic_graph,2115.403987,1292.000000,0.120891022,4.382677248,-21.375125899,712.593708158,4.381658680,21.376459124
laser 002,quadratic_graph,2115.376511,1293.000000,0.125197191,4.379976508,-21.277998384,712.588481502,4.378762229,21.279292084
laser 002,quadratic_graph,2115.343955,1294.000000,0.131095364,4.376773232,-21.180824295,712.581638285,4.375291386,21.182065242
laser 002,quadratic_graph,2115.310598,1295.000000,0.137245554,4.373490788,-21.083644571,712.574539196,4.371729999,21.084830670
laser 002,quadratic_graph,2115.267591,1296.000000,0.146418613,4.369253755,-20.986376412,712.564370592,4.367077584,20.987482544
laser 002,quadratic_graph,2115.224489,1297.000000,0.155622467,4.365007461,-20.889110180,712.554170762,4.362414517,20.890136088
laser 002,quadratic_graph,2115.192746,1298.000000,0.161270737,4.361884964,-20.791952194,712.547581460,4.359035735,20.792927427
laser 002,quadratic_graph,2115.173011,1299.000000,0.163160398,4.359950387,-20.694906970,712.544808833,4.357014522,20.695862760
laser 002,quadratic_graph,2115.157697,1300.000000,0.163667095,4.358453166,-20.597903185,712.543440545,4.355493088,20.598851025
laser 002,quadratic_graph,2115.147122,1301.000000,0.162691272,4.357424748,-20.500943174,712.543577687,4.354507373,20.501895385
laser 002,quadratic_graph,2115.154623,1302.000000,0.156056921,4.358184435,-20.404147800,712.549460718,4.355565169,20.405151402
laser 002,quadratic_graph,2115.176633,1303.000000,0.144880669,4.360379426,-20.307482385,712.559955757,4.358263275,20.308575122
laser 002,quadratic_graph,2115.199136,1304.000000,0.133551028,4.362623263,-20.210818602,712.570606548,4.361017151,20.212001748
laser 002,quadratic_graph,2115.198475,1305.000000,0.129475962,4.362575613,-20.113943966,712.573890805,4.361152095,20.115157238
laser 002,quadratic_graph,2115.151513,1306.000000,0.139900613,4.357947635,-20.016654739,712.562451616,4.356052246,20.017777645
laser 002,quadratic_graph,2115.089583,1307.000000,0.155012970,4.351839203,-19.919235576,712.546252439,4.349260357,19.920229161
laser 002,quadratic_graph,2115.046666,1308.000000,0.164172917,4.347611717,-19.821989104,712.536097566,4.344618085,19.822902834
laser 002,quadratic_graph,2115.049515,1309.000000,0.159004397,4.347911246,-19.725148400,712.540492250,4.345149564,19.726101342
laser 002,quadratic_graph,2115.091463,1310.000000,0.141594452,4.352078389,-19.628649118,712.557317202,4.350101191,19.629742997
laser 002,quadratic_graph,2115.105786,1311.000000,0.132835399,4.353512999,-19.531904439,712.565357806,4.351929815,19.533067366
laser 002,quadratic_graph,2115.060177,1312.000000,0.142844056,4.349019141,-19.434637648,712.554341237,4.346982865,19.435713668
laser 002,quadratic_graph,2115.009289,1313.000000,0.154506639,4.344003269,-19.337328328,712.541645282,4.341439250,19.338303696
laser 002,quadratic_graph,2115.014630,1314.000000,0.148564274,4.344549336,-19.240505432,712.546825810,4.342252197,19.241526443
laser 002,quadratic_graph,2115.047587,1315.000000,0.133975844,4.347827117,-19.143917154,712.560785729,4.346187111,19.145055656
laser 002,quadratic_graph,2115.066828,1316.000000,0.123683196,4.349748236,-19.047208492,712.570383619,4.348571468,19.048428788
laser 002,quadratic_graph,2115.065003,1317.000000,0.119988280,4.349585534,-18.950319042,712.573282054,4.348574206,18.951566306
laser 002,quadratic_graph,2115.047301,1318.000000,0.121266397,4.347852285,-18.853295206,712.571130803,4.346781933,18.854528113
laser 002,quadratic_graph,2115.026609,1319.000000,0.123482096,4.345823294,-18.756246949,712.568027543,4.344651599,18.757457707
laser 002,quadratic_graph,2115.010856,1320.000000,0.124152506,4.344282885,-18.659240703,712.566493418,4.343079596,18.660442154
laser 002,quadratic_graph,2114.979902,1321.000000,0.129584159,4.341238877,-18.562108945,712.560124690,4.339789090,18.563261524
laser 002,quadratic_graph,2114.925097,1322.000000,0.142485315,4.335835792,-18.464782357,712.546171380,4.333802360,18.465823994
laser 002,quadratic_graph,2114.883555,1323.000000,0.151234505,4.331744736,-18.367568350,712.536434071,4.329315065,18.368533548
laser 002,quadratic_graph,2114.887967,1324.000000,0.145596125,4.332198950,-18.270731809,712.541306070,4.330022443,18.271740126
laser 002,quadratic_graph,2114.937983,1325.000000,0.125679144,4.337163932,-18.174263943,712.560676676,4.335885074,18.175434030
laser 002,quadratic_graph,2114.999867,1326.000000,0.102045924,4.343303162,-18.077886630,712.583820748,4.343089690,18.079249369
laser 002,quadratic_graph,2115.038197,1327.000000,0.085788925,4.347112742,-17.981314002,712.599474931,4.347631721,17.982808097
laser 002,quadratic_graph,2115.038615,1328.000000,0.081405660,4.347172046,-17.884434458,712.603072461,4.347887539,17.885961243
laser 002,quadratic_graph,2115.004702,1329.000000,0.087775079,4.343835251,-17.787281349,712.595751697,4.344261922,17.788751470
laser 002,quadratic_graph,2114.949575,1330.000000,0.100788962,4.338400101,-17.689962733,712.581684171,4.338238044,17.691320978
laser 002,quadratic_graph,2114.897706,1331.000000,0.112783429,4.333287437,-17.592673571,712.568651814,4.332582664,17.593928411
laser 002,quadratic_graph,2114.883184,1332.000000,0.113084074,4.331868970,-17.495679668,712.567493404,4.331149298,17.496928276
laser 002,quadratic_graph,2114.890332,1333.000000,0.106600203,4.332593940,-17.398854411,712.573223998,4.332165598,17.400153163
laser 002,quadratic_graph,2114.865847,1334.000000,0.110023334,4.330190034,-17.301783296,712.568895062,4.329605857,17.303049870
laser 002,quadratic_graph,2114.797392,1335.000000,0.127216218,4.323437207,-17.204375695,712.550584413,4.322075679,17.205495667
laser 002,quadratic_graph,2114.707842,1336.000000,0.151014575,4.314598466,-17.106812041,712.525566668,4.312161440,17.107730522
laser 002,quadratic_graph,2114.630264,1337.000000,0.171064316,4.306944288,-17.009346156,712.504355321,4.303600964,17.010094296
laser 002,quadratic_graph,2114.579951,1338.000000,0.182578221,4.301986724,-16.912091910,712.491811263,4.298122378,16.912740641
laser 002,quadratic_graph,2114.547763,1339.000000,0.188418640,4.298821631,-16.814977143,712.485028056,4.294692345,16.815573609
laser 002,quadratic_graph,2114.529662,1340.000000,0.189850057,4.297049587,-16.717969363,712.482721739,4.292854367,16.718550202
laser 002,quadratic_graph,2114.532049,1341.000000,0.184868557,4.297303504,-16.621114225,712.486927047,4.293331805,16.621732727
laser 002,quadratic_graph,2114.549977,1342.000000,0.175022720,4.299094229,-16.524372588,712.496071548,4.295565611,16.525069174
laser 002,quadratic_graph,2114.575546,1343.000000,0.162785607,4.301640625,-16.427684514,712.507644113,4.298663022,16.428479054
laser 002,quadratic_graph,2114.585885,1344.000000,0.155317947,4.302680994,-16.330882296,712.514373842,4.300039130,16.331735158
laser 002,quadratic_graph,2114.570717,1345.000000,0.155837749,4.301198972,-16.233893436,712.512993240,4.298532323,16.234738247
laser 002,quadratic_graph,2114.540743,1346.000000,0.160994549,4.298252822,-16.136798326,712.506904337,4.295352092,16.137596554
laser 002,quadratic_graph,2114.514605,1347.000000,0.164951558,4.295686063,-16.039732357,712.502033712,4.292605406,16.040493972
laser 002,quadratic_graph,2114.512852,1348.000000,0.161275141,4.295530675,-15.942841259,712.504913943,4.292614636,15.943629693
laser 002,quadratic_graph,2114.535732,1349.000000,0.149887444,4.297811204,-15.846123624,712.515624053,4.295407843,15.847002955
laser 002,quadratic_graph,2114.558874,1350.000000,0.138418685,4.300117724,-15.749404939,712.526416467,4.298230699,15.750375840
laser 002,quadratic_graph,2114.566951,1351.000000,0.131668035,4.300934496,-15.652578081,712.532418218,4.299350851,15.653601347
laser 002,quadratic_graph,2114.567707,1352.000000,0.127210947,4.301027295,-15.555698772,712.536091150,4.299643505,15.556755344
laser 002,quadratic_graph,2114.560607,1353.000000,0.125215017,4.300343199,-15.458764270,712.537265098,4.299048179,15.459833697
laser 002,quadratic_graph,2114.528176,1354.000000,0.131152030,4.297154085,-15.361655768,712.530384173,4.295589771,15.362672130
laser 002,quadratic_graph,2114.548675,1355.000000,0.120516893,4.299199329,-15.264909807,712.540330165,4.298113727,15.266010813
laser 002,quadratic_graph,2114.516215,1356.000000,0.126465669,4.296007370,-15.167802594,712.533437347,4.294651944,15.168850438
laser 002,quadratic_graph,2114.522974,1357.000000,0.120135403,4.296693851,-15.070961107,712.539012320,4.295622832,15.072057823
laser 002,quadratic_graph,2114.510743,1358.000000,0.119752638,4.295502398,-14.973991188,712.538548400,4.294447338,14.975087355
laser 002,quadratic_graph,2114.574060,1359.000000,0.095714445,4.301782186,-14.877523117,712.562103422,4.301810805,14.878815302
laser 002,quadratic_graph,2114.590015,1360.000000,0.086507873,4.303378248,-14.780736176,712.570598898,4.303821100,14.782101134
laser 002,quadratic_graph,2114.543906,1361.000000,0.096737883,4.298836346,-14.683540128,712.559359173,4.298816137,14.684816350
laser 002,quadratic_graph,2114.562624,1362.000000,0.086668736,4.300705644,-14.586769263,712.568730498,4.301138604,14.588125427
laser 002,quadratic_graph,2114.536797,1363.000000,0.090550108,4.298169607,-14.489707740,712.563937002,4.298426061,14.491027922
laser 002,quadratic_graph,2114.517464,1364.000000,0.092399167,4.296275836,-14.392689258,712.561207066,4.296447515,14.393990346
laser 002,quadratic_graph,2114.486603,1365.000000,0.097859430,4.293242058,-14.295597966,712.554810489,4.293165966,14.296849953
laser 002,quadratic_graph,2114.449725,1366.000000,0.105205036,4.289613328,-14.198470296,712.546499649,4.289204369,14.199657515
laser 002,quadratic_graph,2114.419049,1367.000000,0.110609756,4.286597992,-14.101383941,712.540159538,4.285943771,14.102522521
laser 002,quadratic_graph,2114.413504,1368.000000,0.108146480,4.286067829,-14.004456422,712.541808274,4.285523478,14.005611743
laser 002,quadratic_graph,2114.431076,1369.000000,0.098445738,4.287823674,-13.907671974,712.550805616,4.287715865,13.908904176
laser 002,quadratic_graph,2114.444452,1370.000000,0.090060027,4.289164628,-13.810859224,712.558467734,4.289434007,13.812157379
laser 002,quadratic_graph,2114.448501,1371.000000,0.084596214,4.289583257,-13.713987302,712.563163100,4.290097940,13.715327132
laser 002,quadratic_graph,2114.464319,1372.000000,0.075448101,4.291165776,-13.617185651,712.571599331,4.292092059,13.618597769
laser 002,quadratic_graph,2114.425775,1373.000000,0.083324989,4.287372323,-13.520053626,712.562749238,4.287941762,13.521396564
laser 002,quadratic_graph,2114.443553,1374.000000,0.073565691,4.289148669,-13.423261495,712.571806052,4.290157296,13.424681801
laser 002,quadratic_graph,2114.432334,1375.000000,0.072888248,4.288057460,-13.326294415,712.571641632,4.289095354,13.327716622
laser 002,quadratic_graph,2114.429957,1376.000000,0.069443147,4.287840668,-13.229379602,712.574287361,4.289032751,13.230826710
laser 002,quadratic_graph,2114.384327,1377.000000,0.079544367,4.283346566,-13.132210525,712.563178922,4.284081408,13.133569970
laser 002,quadratic_graph,2114.368532,1378.000000,0.080303834,4.281802899,-13.035218083,712.561555614,4.282502152,13.036567491
laser 002,quadratic_graph,2114.381192,1379.000000,0.072153802,4.283073115,-12.938390430,712.568978517,4.284138922,12.939803833
laser 002,quadratic_graph,2114.390599,1380.000000,0.065023636,4.284021678,-12.841542117,712.575365910,4.285408006,12.843011043
laser 002,quadratic_graph,2114.358567,1381.000000,0.070871860,4.280872358,-12.744456327,712.568575835,4.281993412,12.745872930
laser 002,quadratic_graph,2114.307145,1382.000000,0.082793261,4.275805727,-12.647262928,712.555619467,4.276387386,12.648576745
laser 002,quadratic_graph,2114.290767,1383.000000,0.083741811,4.274204508,-12.550269387,712.553804291,4.274742046,12.551571596
laser 002,quadratic_graph,2114.356653,1384.000000,0.058930169,4.280738070,-12.453733651,712.578144386,4.282394206,12.455238306
laser 002,quadratic_graph,2114.594689,1385.000000,-0.019801392,4.304298333,-12.358141018,712.657231204,4.309506811,12.360296164
laser 002,quadratic_graph,2114.898606,1386.000000,-0.119190268,4.334381808,-12.262887864,712.757291923,4.344075022,12.265865151
laser 002,quadratic_graph,2114.961708,1387.000000,-0.143139393,4.340643861,-12.166299607,712.780756005,4.351416743,12.169472172
laser 002,quadratic_graph,2111.960289,1593.000000,-0.035356770,4.047892977,7.811166244,712.496228462,4.053541236,-7.809653283
laser 002,quadratic_graph,2111.909287,1594.000000,-0.023289607,4.042875174,7.907980026,712.483131476,4.047977554,-7.906571015
laser 002,quadratic_graph,2111.791076,1595.000000,0.009823787,4.031219659,8.004550152,712.448670913,4.034826221,-8.003419950
laser 002,quadratic_graph,2111.733495,1596.000000,0.023951906,4.025552787,8.101330258,712.433482017,4.028520448,-8.100321128
laser 002,quadratic_graph,2111.720632,1597.000000,0.024079329,4.024302288,8.198269955,712.432504980,4.027262982,-8.197265575
laser 002,quadratic_graph,2111.720044,1598.000000,0.020364611,4.024264043,8.295254909,712.435428034,4.027391191,-8.294223357
laser 002,quadratic_graph,2111.711424,1599.000000,0.019166111,4.023432592,8.392210640,712.435796947,4.026612620,-8.391172821
laser 002,quadratic_graph,2111.683933,1600.000000,0.023877654,4.020737529,8.489095030,712.430166741,4.023703685,-8.488100047
laser 002,quadratic_graph,2111.642841,1601.000000,0.032848943,4.016699388,8.585925831,712.420212610,4.019259403,-8.585009074
laser 002,quadratic_graph,2111.603743,1602.000000,0.041196981,4.012858274,8.682761724,712.410891167,4.015040280,-8.681918016
laser 002,quadratic_graph,2111.581970,1603.000000,0.044121855,4.010728058,8.779663051,712.407074662,4.012776835,-8.778847333
laser 002,quadratic_graph,2111.560857,1604.000000,0.046841365,4.008663049,8.876566025,712.403466643,4.010587867,-8.875776591
laser 002,quadratic_graph,2111.553976,1605.000000,0.045106301,4.008003415,8.973525096,712.404380350,4.010005335,-8.972724936
laser 002,quadratic_graph,2111.602728,1606.000000,0.025953983,4.012837454,9.070709741,712.422973764,4.015702618,-9.069754148
laser 002,quadratic_graph,2111.689386,1607.000000,-0.005067391,4.021415248,9.168054666,712.453615033,4.025679379,-9.166845028
laser 002,quadratic_graph,2111.762066,1608.000000,-0.031712766,4.028613243,9.265350226,712.479814324,4.034078825,-9.263922900
laser 002,quadratic_graph,2111.789912,1609.000000,-0.044318012,4.031383503,9.362465625,712.491761941,4.037416825,-9.360937261
laser 002,quadratic_graph,2111.772023,1610.000000,-0.042599535,4.029636647,9.459391221,712.489170068,4.035591194,-9.457880823
laser 002,quadratic_graph,2111.736061,1611.000000,-0.035220037,4.026104824,9.556239084,712.480831934,4.031725082,-9.554793686
laser 002,quadratic_graph,2111.716378,1612.000000,-0.032937210,4.024180855,9.653154904,712.477667267,4.029696866,-9.651732162
laser 002,quadratic_graph,2111.727492,1613.000000,-0.040297368,4.025298537,9.750203984,712.484290827,4.031145547,-9.748723781
laser 002,quadratic_graph,2111.747057,1614.000000,-0.050302932,4.027250931,9.847292095,712.493599631,4.033548343,-9.845732452
laser 002,quadratic_graph,2111.746145,1615.000000,-0.053894574,4.027180908,9.944291915,712.496397935,4.033639225,-9.942706120
laser 002,quadratic_graph,2111.720954,1616.000000,-0.049881459,4.024712936,10.041183740,712.491476999,4.030988910,-10.039634975
laser 002,quadratic_graph,2111.690328,1617.000000,-0.044165054,4.021708228,10.138049704,712.484827161,4.027724981,-10.136552121
laser 002,quadratic_graph,2111.674599,1618.000000,-0.043112576,4.020174844,10.234982000,712.482911491,4.026142886,-10.233496849
laser 002,quadratic_graph,2111.665583,1619.000000,-0.044161043,4.019304469,10.331944814,712.483128413,4.025318629,-10.330454640
laser 002,quadratic_graph,2111.614101,1620.000000,-0.031909723,4.014240158,10.428710065,712.469845392,4.019700139,-10.427325365
laser 002,quadratic_graph,2111.499080,1621.000000,0.000238432,4.002901481,10.525173254,712.436366145,4.006909223,-10.524059335
laser 002,quadratic_graph,2111.477624,1622.000000,0.003089172,4.000802767,10.622071067,712.432625291,4.004680634,-10.620984520
laser 002,quadratic_graph,2111.484114,1623.000000,-0.002809250,4.001463670,10.719101655,712.437765278,4.005606563,-10.717969790
laser 002,quadratic_graph,2111.531834,1624.000000,-0.021616955,4.006196101,10.816332791,712.456008786,4.011186693,-10.815048354
laser 002,quadratic_graph,2111.519513,1625.000000,-0.021622619,4.004999447,10.913276485,712.455167355,4.009989091,-10.911995688
laser 002,quadratic_graph,2111.515698,1626.000000,-0.024290544,4.004642792,11.010261835,712.457028256,4.009751653,-11.008962559
laser 002,quadratic_graph,2111.517625,1627.000000,-0.028755247,4.004853186,11.107276242,712.460712976,4.010162363,-11.105943559
laser 002,quadratic_graph,2111.528856,1628.000000,-0.036132229,4.005982403,11.204338267,712.467353788,4.011623344,-11.202947981
laser 002,quadratic_graph,2111.535504,1629.000000,-0.042072844,4.006659057,11.301379062,712.472536634,4.012566931,-11.299943106
laser 002,quadratic_graph,2111.522823,1630.000000,-0.041959215,4.005426883,11.398323000,712.471574193,4.011328428,-11.396891674
laser 002,quadratic_graph,2111.543662,1631.000000,-0.052341368,4.007505017,11.495438765,712.481265385,4.013873968,-11.493924869
laser 002,quadratic_graph,2111.513857,1632.000000,-0.046862549,4.004581757,11.592295178,712.474857108,4.010702217,-11.590830486
laser 002,quadratic_graph,2111.500264,1633.000000,-0.046459396,4.003259554,11.689234523,712.473600845,4.009360618,-11.687776867
laser 002,quadratic_graph,2111.491063,1634.000000,-0.047430325,4.002371094,11.786196717,712.473739343,4.008514782,-11.784734679
laser 002,quadratic_graph,2111.459030,1635.000000,-0.041249989,3.999227926,11.883037917,712.466619089,4.005091460,-11.881630912
laser 002,quadratic_graph,2111.447320,1636.000000,-0.041432598,3.998091730,11.979985945,712.465957461,4.003962308,-11.978581108
laser 002,quadratic_graph,2111.470746,1637.000000,-0.052616965,4.000425299,12.077123298,712.476462972,4.006799495,-12.075629225
laser 002,quadratic_graph,2111.477267,1638.000000,-0.058506236,4.001089491,12.174171729,712.481593799,4.007728307,-12.172632412
laser 002,quadratic_graph,2111.450554,1639.000000,-0.053986518,3.998471709,12.271039593,712.476159216,4.004905327,-12.269541510
laser 002,quadratic_graph,2111.393740,1640.000000,-0.040039343,3.992881519,12.367739878,712.461155542,3.998684422,-12.366361355
laser 002,quadratic_graph,2111.321054,1641.000000,-0.021121379,3.985724324,12.464347866,712.441106443,3.990672154,-12.463130199
laser 002,quadratic_graph,2111.247932,1642.000000,-0.002066645,3.978524491,12.560948054,712.420918585,3.982611074,-12.559892380
laser 002,quadratic_graph,2111.197867,1643.000000,0.009769161,3.973601521,12.657673116,712.408058173,3.977152690,-12.656719459
laser 002,quadratic_graph,2111.184073,1644.000000,0.010249465,3.972259773,12.754601258,712.406723895,3.975788068,-12.753655275
laser 002,quadratic_graph,2111.211470,1645.000000,-0.002166158,3.974984939,12.851765411,712.418479271,3.979072428,-12.850719961
laser 002,quadratic_graph,2111.256116,1646.000000,-0.019981993,3.979413342,12.949032556,712.435715959,3.984303769,-12.947842775
laser 002,quadratic_graph,2111.276164,1647.000000,-0.030094729,3.981413115,13.046161251,712.445133838,3.986758795,-13.044891135
laser 002,quadratic_graph,2111.267028,1648.000000,-0.031067691,3.980531267,13.143121384,712.445274684,3.985919669,-13.141846867
laser 002,quadratic_graph,2111.232080,1649.000000,-0.023956716,3.977100772,13.239929095,712.437210221,3.982167022,-13.238717340
laser 002,quadratic_graph,2111.184862,1650.000000,-0.013002579,3.972458886,13.336661659,712.425244930,3.977029520,-13.335544594
laser 002,quadratic_graph,2111.169260,1651.000000,-0.011946958,3.970938681,13.433580632,712.423326814,3.975460477,-13.432476021
laser 002,quadratic_graph,2111.209527,1652.000000,-0.028384076,3.974934727,13.530836597,712.439164067,3.980197234,-13.529599108
laser 002,quadratic_graph,2111.268292,1653.000000,-0.050613255,3.980757503,13.628209506,712.460880309,3.987022151,-13.626791018
laser 002,quadratic_graph,2111.292825,1654.000000,-0.062122114,3.983200332,13.725378706,712.471715286,3.989983250,-13.723868283
laser 002,quadratic_graph,2111.254735,1655.000000,-0.054018766,3.979459497,13.822164560,712.462643690,3.985875473,-13.820725143
laser 002,quadratic_graph,2111.170052,1656.000000,-0.031324137,3.971118266,13.918658560,712.438761872,3.976508713,-13.917411372
laser 002,quadratic_graph,2111.092380,1657.000000,-0.010824958,3.963469792,14.015190036,712.417108525,3.967933802,-14.014116837
laser 002,quadratic_graph,2111.062753,1658.000000,-0.005368807,3.960565047,14.112018354,712.410723999,3.964781601,-14.110994167
laser 002,quadratic_graph,2111.084631,1659.000000,-0.016038327,3.962745328,14.209171681,712.420707128,3.967442271,-14.208062532
laser 002,quadratic_graph,2111.128385,1660.000000,-0.033556906,3.967085572,14.306467518,712.437642066,3.972572041,-14.305216507
laser 002,quadratic_graph,2111.152124,1661.000000,-0.044807352,3.969449805,14.403639391,712.448214817,3.975442884,-14.402298591
laser 002,quadratic_graph,2111.135893,1662.000000,-0.043540279,3.967867583,14.500555526,712.446082273,3.973802285,-14.499228935
laser 002,quadratic_graph,2111.115862,1663.000000,-0.041081972,3.965910191,14.597446414,712.442740650,3.971732749,-14.596143926
laser 002,quadratic_graph,2111.111276,1664.000000,-0.043458828,3.965477773,14.694437789,712.444306734,3.971406425,-14.693119235
laser 002,quadratic_graph,2111.116916,1665.000000,-0.049036608,3.966055029,14.791497200,712.449121761,3.972234252,-14.790135986
laser 002,quadratic_graph,2111.120638,1666.000000,-0.054012532,3.966442929,14.888545270,712.453325913,3.972845559,-14.887146397
laser 002,quadratic_graph,2111.112050,1667.000000,-0.055132297,3.965615400,14.985512236,712.453616092,3.972067387,-14.984107740
laser 002,quadratic_graph,2111.099400,1668.000000,-0.054978738,3.964386819,15.082452028,712.452613874,3.970830690,-15.081052488
laser 002,quadratic_graph,2111.091348,1669.000000,-0.056263739,3.963612235,15.179422795,712.453071803,3.970112921,-15.178016260
laser 002,quadratic_graph,2111.087633,1670.000000,-0.058905577,3.963265877,15.276423356,712.454906927,3.969884620,-15.274998552
laser 002,quadratic_graph,2111.081207,1671.000000,-0.060697160,3.962651857,15.373405908,712.455879063,3.969350281,-15.371969899
laser 002,quadratic_graph,2111.059576,1672.000000,-0.057725946,3.960536591,15.470283822,712.452017032,3.967099725,-15.468876177
laser 002,quadratic_graph,2111.017125,1673.000000,-0.048233776,3.956365773,15.567016111,712.441536340,3.962499287,-15.565691006
laser 002,quadratic_graph,2110.983826,1674.000000,-0.041606389,3.953098640,15.663809637,712.433963405,3.958931840,-15.662543270
laser 002,quadratic_graph,2110.981710,1675.000000,-0.044742299,3.952910187,15.760820567,712.436300106,3.958883747,-15.759531827
laser 002,quadratic_graph,2110.994243,1676.000000,-0.052464152,3.954168029,15.857935922,712.443291476,3.960488939,-15.856586708
laser 002,quadratic_graph,2110.992288,1677.000000,-0.055647939,3.953995498,15.954950101,712.445676791,3.960458930,-15.953578114
laser 002,quadratic_graph,2110.970785,1678.000000,-0.052709046,3.951893013,16.051824966,712.441847711,3.958222615,-16.050481074
laser 002,quadratic_graph,2110.955377,1679.000000,-0.051677479,3.950392305,16.148742820,712.439954557,3.956674167,-16.147411177
laser 002,quadratic_graph,2110.956505,1680.000000,-0.055822758,3.950524176,16.245780167,712.443315815,3.956991959,-16.244417763
laser 002,quadratic_graph,2110.962137,1681.000000,-0.061377196,3.951100738,16.342851383,712.448107347,3.957818045,-16.341446511
laser 002,quadratic_graph,2110.973324,1682.000000,-0.068669980,3.952225768,16.439964768,712.454663267,3.959271062,-16.438502987
laser 002,quadratic_graph,2110.995413,1683.000000,-0.079375702,3.954427217,16.537160516,712.464683236,3.961954543,-16.535613470
laser 002,quadratic_graph,2111.012473,1684.000000,-0.088505459,3.956132201,16.634321756,712.473103637,3.964070428,-16.632702539
laser 002,quadratic_graph,2111.006191,1685.000000,-0.090323930,3.955532541,16.731311063,712.474103278,3.963551669,-16.729680416
laser 002,quadratic_graph,2110.983044,1686.000000,-0.086859434,3.953267739,16.828174057,712.469740873,3.961129316,-16.826575869
laser 002,quadratic_graph,2110.960126,1687.000000,-0.083465391,3.951025584,16.925037694,712.465450003,3.958732792,-16.923471381
laser 002,quadratic_graph,2110.946928,1688.000000,-0.083114050,3.949743131,17.021974118,712.464247411,3.957433305,-17.020414401
laser 002,quadratic_graph,2110.946084,1689.000000,-0.086630278,3.949680417,17.119004718,712.466970298,3.957528123,-17.117419465
laser 002,quadratic_graph,2110.953107,1690.000000,-0.092608958,3.950394443,17.216096617,712.472192505,3.958510825,-17.214465371
laser 002,quadratic_graph,2110.947193,1691.000000,-0.094534842,3.949831180,17.313090062,712.473301268,3.958033314,-17.311446493
laser 002,quadratic_graph,2110.932847,1692.000000,-0.093818729,3.948435417,17.410018383,712.471728513,3.956604054,-17.408384439
laser 002,quadratic_graph,2110.927179,1693.000000,-0.095819042,3.947896463,17.507014193,712.472912852,3.956154212,-17.505367307
laser 002,quadratic_graph,2110.922855,1694.000000,-0.098238965,3.947490215,17.604020990,712.474523095,3.955856015,-17.602357676
laser 002,quadratic_graph,2110.906920,1695.000000,-0.097021287,3.945937605,17.700936587,712.472441329,3.954247271,-17.699287065
laser 002,quadratic_graph,2110.874267,1696.000000,-0.090566698,3.942734459,17.797718906,712.465044331,3.950751619,-17.796126684
laser 002,quadratic_graph,2110.824855,1697.000000,-0.078862663,3.937876849,17.894365458,712.452319399,3.945364566,-17.892874146
laser 002,quadratic_graph,2110.766725,1698.000000,-0.064427720,3.932158775,17.990938651,712.436822759,3.938993789,-17.989570938
laser 002,quadratic_graph,2110.725869,1699.000000,-0.055401194,3.928146181,18.087647204,712.426815480,3.934572604,-18.086358156
laser 002,quadratic_graph,2110.769941,1700.000000,-0.072968061,3.932517590,18.185042475,712.443799339,3.939735736,-18.183611161
laser 002,quadratic_graph,2110.882658,1701.000000,-0.112032488,3.943666453,18.283002702,712.482602207,3.952646630,-18.281250522
laser 002,quadratic_graph,2110.943515,1702.000000,-0.134856536,3.949695908,18.380548191,712.504921786,3.959705094,-18.378610069
laser 002,quadratic_graph,2110.912935,1703.000000,-0.129041394,3.946697333,18.477345692,712.498173943,3.956442879,-18.475459556
laser 002,quadratic_graph,2110.815562,1704.000000,-0.102306422,3.937104344,18.573587690,712.470193549,3.945642018,-18.571927336
laser 002,quadratic_graph,2110.714445,1705.000000,-0.074399776,3.927142509,18.669791031,712.441024049,3.934419427,-18.668366194
laser 002,quadratic_graph,2110.660628,1706.000000,-0.061305296,3.921850587,18.766382785,712.426888211,3.928535309,-18.765070409
laser 002,quadratic_graph,2110.626563,1707.000000,-0.054394986,3.918508624,18.863137109,712.419029027,3.924880275,-18.861885816
laser 002,quadratic_graph,2110.577850,1708.000000,-0.042896867,3.913720858,18.959765448,712.406513504,3.919572366,-18.958613352
laser 002,quadratic_graph,2110.541914,1709.000000,-0.035398504,3.910194420,19.056499171,712.398057557,3.915706316,-19.055413043
laser 002,quadratic_graph,2110.436339,1710.000000,-0.006095080,3.899794731,19.152635418,712.367470755,3.903982830,-19.151796409
laser 002,quadratic_graph,2110.403919,1711.000000,0.000304250,3.896615674,19.249391969,712.360130363,3.900513769,-19.248609797
laser 002,quadratic_graph,2110.448789,1712.000000,-0.017493850,3.901064843,19.346813986,712.377348962,3.905765102,-19.345887625
laser 002,quadratic_graph,2110.489987,1713.000000,-0.034141731,3.905151807,19.444208957,712.393400135,3.910602314,-19.443147962
laser 002,quadratic_graph,2110.489032,1714.000000,-0.037590022,3.905078263,19.541240776,712.396054520,3.910683246,-19.540154807
laser 002,quadratic_graph,2110.485636,1715.000000,-0.040272710,3.904763796,19.638252033,712.397931878,3.910488699,-19.637147449
laser 002,quadratic_graph,2110.521143,1716.000000,-0.055135609,3.908289265,19.735606587,712.412171381,3.914683851,-19.734382198
laser 002,quadratic_graph,2110.492878,1717.000000,-0.050028584,3.905520108,19.832400636,712.406142701,3.911683021,-19.831222347
laser 002,quadratic_graph,2110.522367,1718.000000,-0.063004764,3.908451635,19.929706884,712.418467302,3.915199074,-19.928424464
laser 002,quadratic_graph,2110.507834,1719.000000,-0.062194965,3.907037911,20.026623110,712.416800058,3.913747637,-20.025351090
laser 002,quadratic_graph,2110.510675,1720.000000,-0.066824299,3.907339141,20.123695044,712.420653181,3.914256652,-20.122388237
laser 002,quadratic_graph,2110.456150,1721.000000,-0.053489088,3.901978020,20.220250410,712.406273559,3.908292475,-20.219058059
laser 002,quadratic_graph,2110.416931,1722.000000,-0.044945671,3.898127822,20.316940779,712.396757318,3.904055502,-20.315823076
laser 002,quadratic_graph,2110.413414,1723.000000,-0.047580041,3.897801488,20.413953959,712.398585759,3.903846911,-20.412818042
laser 002,quadratic_graph,2110.453605,1724.000000,-0.063899347,3.901789261,20.511367882,712.414303415,3.908570107,-20.510100060
laser 002,quadratic_graph,2110.525338,1725.000000,-0.090095520,3.908890739,20.609076362,712.440045333,3.916852806,-20.607594582
laser 002,quadratic_graph,2110.548537,1726.000000,-0.101092692,3.911201664,20.706343443,712.450361378,3.919658936,-20.704773972
laser 002,quadratic_graph,2110.474322,1727.000000,-0.081582468,3.903896727,20.802708921,712.429714768,3.911472232,-20.801305206
laser 002,quadratic_graph,2110.365865,1728.000000,-0.051349971,3.893212524,20.898749527,712.398185959,3.899422306,-20.897600644
laser 002,quadratic_graph,2110.299851,1729.000000,-0.034407753,3.886718033,20.995179441,712.380145817,3.892161958,-20.994174978
laser 002,quadratic_graph,2110.313173,1730.000000,-0.042305368,3.888053671,21.092351408,712.387316155,3.893852901,-21.091285005
laser 002,quadratic_graph,2110.377991,1731.000000,-0.066326610,3.894471951,21.190012469,712.410850652,3.901354239,-21.188750176
laser 002,quadratic_graph,2110.433199,1732.000000,-0.087338696,3.899942100,21.287588790,712.431331068,3.907771625,-21.286155606
laser 002,quadratic_graph,2110.471093,1733.000000,-0.102928473,3.903703497,21.385005574,712.446308269,3.912235520,-21.383446545
laser 002,quadratic_graph,2110.440305,1734.000000,-0.097008509,3.900685390,21.481768010,712.439454907,3.908949055,-21.480261833
laser 002,quadratic_graph,2110.433223,1735.000000,-0.098511058,3.900007296,21.578757024,712.440134785,3.908337624,-21.577242033
laser 002,quadratic_graph,2110.403958,1736.000000,-0.093065511,3.897139599,21.675531725,712.433762974,3.905222983,-21.674065643
laser 002,quadratic_graph,2110.297680,1737.000000,-0.063502945,3.886670753,21.771556443,712.402914574,3.893418655,-21.770339625
laser 002,quadratic_graph,2110.204213,1738.000000,-0.037952780,3.877467115,21.867697989,712.376138489,3.883060638,-21.866697100
laser 002,quadratic_graph,2110.140133,1739.000000,-0.021603903,3.871164161,21.964120482,712.358700948,3.876018612,-21.963259082
laser 002,quadratic_graph,2110.122370,1740.000000,-0.019755574,3.869432123,22.060994381,712.355980176,3.874201995,-22.060152005
laser 002,quadratic_graph,2110.130331,1741.000000,-0.025959900,3.870238630,22.158122042,712.361432115,3.875287384,-22.157231791
laser 002,quadratic_graph,2110.119592,1742.000000,-0.026308103,3.869199763,22.255065572,712.360940651,3.874263081,-22.254176097
laser 002,quadratic_graph,2110.075591,1743.000000,-0.016241016,3.864878559,22.351677286,712.349878692,3.869486340,-22.350875112
laser 002,quadratic_graph,2110.028749,1744.000000,-0.005283488,3.860277157,22.448257656,712.337913066,3.864389210,-22.447550180
laser 002,quadratic_graph,2110.016635,1745.000000,-0.005197301,3.859102682,22.545184308,712.336980823,3.863209693,-22.544481215
laser 002,quadratic_graph,2110.040512,1746.000000,-0.016377829,3.861479702,22.642474508,712.347483188,3.866090202,-22.641682200
laser 002,quadratic_graph,2110.060281,1747.000000,-0.026271187,3.863451426,22.739726008,712.356679198,3.868507319,-22.738855177
laser 002,quadratic_graph,2110.065282,1748.000000,-0.031539651,3.863965876,22.836829626,712.361181411,3.869258414,-22.835918694
laser 002,quadratic_graph,2110.075667,1749.000000,-0.038492610,3.865011653,22.933989699,712.367393219,3.870616867,-22.933024673
laser 002,quadratic_graph,2110.094938,1750.000000,-0.048226665,3.866934375,23.031242927,712.376427550,3.872977792,-23.030200701
laser 002,quadratic_graph,2110.093973,1751.000000,-0.051623450,3.866860141,23.128289862,712.379030221,3.873055725,-23.127223084
laser 002,quadratic_graph,2110.049182,1752.000000,-0.041296631,3.862460994,23.224883355,712.367704916,3.868189322,-23.223906034
laser 002,quadratic_graph,2109.971776,1753.000000,-0.020757431,3.854843639,23.321134443,712.346015196,3.859643768,-23.320331418
laser 002,quadratic_graph,2109.900163,1754.000000,-0.002031759,3.847798344,23.417440329,712.326166077,3.851752130,-23.416796535
laser 002,quadratic_graph,2109.869697,1755.000000,0.003812844,3.844813251,23.514172739,712.319389880,3.848502090,-23.513581165
laser 002,quadratic_graph,2109.872141,1756.000000,-0.000644203,3.845075352,23.611250197,712.323068738,3.848964215,-23.610625262
laser 002,quadratic_graph,2109.877261,1757.000000,-0.005937762,3.845601506,23.708357094,712.327596569,3.849728151,-23.707691848
laser 002,quadratic_graph,2109.891632,1758.000000,-0.014126341,3.847040482,23.805563631,712.335062522,3.851535577,-23.804834024
laser 002,quadratic_graph,2109.919759,1759.000000,-0.026620582,3.849836852,23.902919071,712.346898224,3.854894737,-23.902089333
laser 002,quadratic_graph,2109.938164,1760.000000,-0.036069997,3.851673999,24.000173739,712.355643773,3.857157244,-23.999269165
laser 002,quadratic_graph,2109.928349,1761.000000,-0.036682672,3.850726543,24.097127433,712.355421071,3.856236297,-24.096221435
laser 002,quadratic_graph,2109.899212,1762.000000,-0.031244464,3.847872513,24.193872564,712.349057461,3.853135665,-24.193015409
laser 002,quadratic_graph,2109.861216,1763.000000,-0.023031439,3.844144416,24.290520058,712.339877778,3.849035724,-24.289734797
laser 002,quadratic_graph,2109.832185,1764.000000,-0.017624046,3.841300983,24.387262754,712.333545510,3.845947081,-24.386526079
laser 002,quadratic_graph,2109.842236,1765.000000,-0.024451138,3.842313761,24.484430890,712.339629774,3.847266860,-24.483641164
laser 002,quadratic_graph,2109.868227,1766.000000,-0.036267699,3.844899400,24.581775680,712.350777736,3.850384705,-24.580891452
laser 002,quadratic_graph,2109.881320,1767.000000,-0.044044938,3.846212427,24.678981586,712.357826282,3.852047621,-24.678036414
laser 002,quadratic_graph,2109.879534,1768.000000,-0.047162352,3.846057306,24.776025023,712.360145695,3.852032063,-24.775057617
laser 002,quadratic_graph,2109.860991,1769.000000,-0.045031836,3.844248712,24.872883208,712.357139140,3.850126165,-24.871937165
laser 002,quadratic_graph,2109.837701,1770.000000,-0.041413765,3.841971747,24.969687804,712.352622933,3.847684756,-24.968775482
laser 002,quadratic_graph,2109.830746,1771.000000,-0.042908829,3.841306611,25.066674036,712.353295922,3.847085960,-25.065752957
laser 002,quadratic_graph,2109.832044,1772.000000,-0.046986591,3.841455825,25.163753262,712.356590027,3.847418086,-25.162801971
laser 002,quadratic_graph,2109.829458,1773.000000,-0.049846993,3.841221808,25.260789729,712.358648682,3.847312035,-25.259818339
laser 002,quadratic_graph,2109.806702,1774.000000,-0.046390856,3.838997590,25.357598627,712.354296906,3.844930683,-25.356659611
laser 002,quadratic_graph,2109.755652,1775.000000,-0.034074860,3.833981691,25.454085061,712.340953594,3.839357754,-25.453252022
laser 002,quadratic_graph,2109.706080,1776.000000,-0.022220743,3.829111810,25.550584861,712.328079075,3.833951692,-25.549853962
laser 002,quadratic_graph,2109.694660,1777.000000,-0.022310018,3.828006220,25.647517966,712.327325510,3.832848993,-25.646789989
laser 002,quadratic_graph,2109.701062,1778.000000,-0.027977662,3.828659011,25.744655754,712.332233237,3.833756459,-25.743884355
laser 002,quadratic_graph,2109.710749,1779.000000,-0.034672560,3.829635938,25.841832894,712.338183491,3.835034427,-25.841009541
laser 002,quadratic_graph,2109.715723,1780.000000,-0.039890663,3.830147882,25.938957233,712.342635009,3.835780757,-25.938094193
laser 002,quadratic_graph,2109.696279,1781.000000,-0.037462470,3.828250628,26.035799200,712.339326628,3.833772769,-26.034959994
laser 002,quadratic_graph,2109.644213,1782.000000,-0.024819684,3.823134856,26.132259959,712.325651919,3.828085220,-26.131529443
laser 002,quadratic_graph,2109.593446,1783.000000,-0.012582744,3.818147440,26.228732350,712.312389137,3.822544347,-26.228107152
laser 002,quadratic_graph,2109.580278,1784.000000,-0.012115650,3.816869510,26.325642982,712.311071085,3.821244200,-26.325025326
laser 002,quadratic_graph,2109.588110,1785.000000,-0.018221638,3.817663371,26.422801005,712.316423769,3.822312524,-26.422136285
laser 002,quadratic_graph,2109.573597,1786.000000,-0.017330841,3.816252766,26.519696174,712.314675755,3.820860577,-26.519042516
laser 002,quadratic_graph,2109.533136,1787.000000,-0.008315386,3.812282301,26.616282800,712.304682445,3.816482060,-26.615707698
laser 002,quadratic_graph,2109.497661,1788.000000,-0.000859753,3.808803824,26.712926284,712.296272160,3.812665936,-26.712416779
laser 002,quadratic_graph,2109.532843,1789.000000,-0.015522528,3.812295805,26.810412949,712.310308750,3.816818596,-26.809785296
laser 002,quadratic_graph,2109.492057,1790.000000,-0.006401496,3.808293385,26.906991401,712.300208388,3.812403361,-26.906443180
laser 002,quadratic_graph,2109.546771,1791.000000,-0.027176753,3.813712336,27.004718079,712.320448204,3.818758884,-27.004000931
laser 002,quadratic_graph,2109.565751,1792.000000,-0.036764001,3.815606107,27.102018250,712.329333895,3.821084249,-27.101225117
laser 002,quadratic_graph,2109.518161,1793.000000,-0.025508368,3.810932319,27.198512966,712.317067311,3.815901299,-27.197816998
laser 002,quadratic_graph,2109.480504,1794.000000,-0.017361469,3.807238599,27.295125481,712.307955651,3.811838734,-27.294500852
laser 002,quadratic_graph,2109.431164,1795.000000,-0.005556049,3.802392475,27.391592853,712.295131209,3.806458634,-27.391069955
laser 002,quadratic_graph,2109.410237,1796.000000,-0.002644341,3.800349334,27.488405409,712.291332512,3.804282942,-27.487910358
laser 002,quadratic_graph,2109.416677,1797.000000,-0.008298635,3.801005875,27.585553947,712.296226957,3.805193563,-27.585015584
laser 002,quadratic_graph,2109.295292,1798.000000,0.026062911,3.789053423,27.681124987,712.260511815,3.791689054,-27.680875735
laser 002,quadratic_graph,2109.087927,1799.000000,0.087332570,3.768622548,27.775620987,712.197489436,3.768491608,-27.775884379
laser 002,quadratic_graph,2107.018326,2006.000000,0.010791888,3.569147487,47.841820956,712.100930836,3.572246795,-47.842202540
laser 002,quadratic_graph,2107.021013,2007.000000,0.006588334,3.569434959,47.939034379,712.104355962,3.572722955,-47.939384674
laser 002,quadratic_graph,2107.038299,2008.000000,-0.002182805,3.571160967,48.036561772,712.112415318,3.574843812,-48.036842839
laser 002,quadratic_graph,2107.061057,2009.000000,-0.012665381,3.573426231,48.134209069,712.122211075,3.577581171,-48.134406691
laser 002,quadratic_graph,2107.065329,2010.000000,-0.017361295,3.573869957,48.231461496,712.126135756,3.578235810,-48.231623740
laser 002,quadratic_graph,2107.049025,2011.000000,-0.015616236,3.572286153,48.328271583,712.123525527,3.576572204,-48.328451947
laser 002,quadratic_graph,2107.021521,2012.000000,-0.010364667,3.569598754,48.424839211,712.117357671,3.573646736,-48.425066822
laser 002,quadratic_graph,2107.003763,2013.000000,-0.008161995,3.567871731,48.521616316,712.114283205,3.571819257,-48.521865849
laser 002,quadratic_graph,2107.007314,2014.000000,-0.012626949,3.568244420,48.618854946,712.117973615,3.572392436,-48.619071017
laser 002,quadratic_graph,2107.024062,2015.000000,-0.021220911,3.569917527,48.716381584,712.125853245,3.574452398,-48.716529898
laser 002,quadratic_graph,2107.044742,2016.000000,-0.031044385,3.571978146,48.813996203,712.134980311,3.576955366,-48.814066546
laser 002,quadratic_graph,2107.062570,2017.000000,-0.039974150,3.573757790,48.911551292,712.143200636,3.579137022,-48.911551088
laser 002,quadratic_graph,2107.068483,2018.000000,-0.045173486,3.574363339,49.008848325,712.147636148,3.579976209,-49.008808560
laser 002,quadratic_graph,2107.048172,2019.000000,-0.042163657,3.572384708,49.105572283,712.143742846,3.577860694,-49.105561143
laser 002,quadratic_graph,2106.998275,2020.000000,-0.029892673,3.567490716,49.201645986,712.130453434,3.572411812,-49.201740396
laser 002,quadratic_graph,2106.946232,2021.000000,-0.016949211,3.562385454,49.297669108,712.116481792,3.566721308,-49.297874653
laser 002,quadratic_graph,2106.934488,2022.000000,-0.016616911,3.561251126,49.394576621,712.115305136,3.565570949,-49.394788551
laser 002,quadratic_graph,2106.966871,2023.000000,-0.030093757,3.564464862,49.492458263,712.128138863,3.569391933,-49.492561876
laser 002,quadratic_graph,2106.997266,2024.000000,-0.042947546,3.567482835,49.590299653,712.140340440,3.572989033,-49.590300125
laser 002,quadratic_graph,2106.986624,2025.000000,-0.042956173,3.566457088,49.687234956,712.139509704,3.571962643,-49.687238980
laser 002,quadratic_graph,2106.962687,2026.000000,-0.038802359,3.564121284,49.783874963,712.134455909,3.569438323,-49.783917113
laser 002,quadratic_graph,2106.973212,2027.000000,-0.045433337,3.565181329,49.881280654,712.140344031,3.570796628,-49.881271350
laser 002,quadratic_graph,2107.042317,2028.000000,-0.070398752,3.572014067,49.979994300,712.164833641,3.578755157,-49.979781254
laser 002,quadratic_graph,2107.119919,2029.000000,-0.098024370,3.579684704,50.078904779,712.192022158,3.587671654,-50.078465895
laser 002,quadratic_graph,2107.125387,2030.000000,-0.103069377,3.580246629,50.176208183,712.196301174,3.588460256,-50.175731018
laser 002,quadratic_graph,2107.047958,2031.000000,-0.082163873,3.572638962,50.271653701,712.174251798,3.579907983,-50.271353802
laser 002,quadratic_graph,2106.949670,2032.000000,-0.054729537,3.562976308,50.366624818,712.145578594,3.569006042,-50.366556416
laser 002,quadratic_graph,2106.877412,2033.000000,-0.035442775,3.555879224,50.462174446,712.125171670,3.561037416,-50.462269865
laser 002,quadratic_graph,2106.846716,2034.000000,-0.029163262,3.552877631,50.558656169,712.117961425,3.557751366,-50.558807368
laser 002,quadratic_graph,2106.843290,2035.000000,-0.031417226,3.552563026,50.655752361,712.119408913,3.557537467,-50.655888462
laser 002,quadratic_graph,2106.837669,2036.000000,-0.032982913,3.552032155,50.752799455,712.120158118,3.557076235,-50.752926173
laser 002,quadratic_graph,2106.807477,2037.000000,-0.026857284,3.549080302,50.849289594,712.113104076,3.553846873,-50.849470815
laser 002,quadratic_graph,2106.755637,2038.000000,-0.013955537,3.543995619,50.945286051,712.099175332,3.548178838,-50.945578057
laser 002,quadratic_graph,2106.712656,2039.000000,-0.003825366,3.539783938,51.041480659,712.088058547,3.543508902,-51.041860428
laser 002,quadratic_graph,2106.701373,2040.000000,-0.003613824,3.538695278,51.138395537,712.087004761,3.542409669,-51.138780685
laser 002,quadratic_graph,2106.729631,2041.000000,-0.015775357,3.541502313,51.236214048,712.098504098,3.545764592,-51.236501803
laser 002,quadratic_graph,2106.779083,2042.000000,-0.034569032,3.546397662,51.334521261,712.116732056,3.551507175,-51.334656535
laser 002,quadratic_graph,2106.799946,2043.000000,-0.044414427,3.548476333,51.432177762,712.125881533,3.554029196,-51.432234881
laser 002,quadratic_graph,2106.785166,2044.000000,-0.043103082,3.547043092,51.529017640,712.123711972,3.552535742,-51.529089273
laser 002,quadratic_graph,2106.760890,2045.000000,-0.038818419,3.544674233,51.625638441,712.118525867,3.549972470,-51.625749283
laser 002,quadratic_graph,2106.746993,2046.000000,-0.037780844,3.543328035,51.722497512,712.116634105,3.548578417,-51.722620593
laser 002,quadratic_graph,2106.748779,2047.000000,-0.041650337,3.543527068,51.819718807,712.119720795,3.548951078,-51.819813369
laser 002,quadratic_graph,2106.755488,2048.000000,-0.047059352,3.544211177,51.917055166,712.124369404,3.549878301,-51.917108422
laser 002,quadratic_graph,2106.747061,2049.000000,-0.047729819,3.543403955,52.014041795,712.124210569,3.549100318,-52.014093102
laser 002,quadratic_graph,2106.716848,2050.000000,-0.041580445,3.540450204,52.110522143,712.117132752,3.545867992,-52.110628146
laser 002,quadratic_graph,2106.669147,2051.000000,-0.029956727,3.535773523,52.206593504,712.104501037,3.540665650,-52.206799675
laser 002,quadratic_graph,2106.638567,2052.000000,-0.023690228,3.532783783,52.303061115,712.097304466,3.537392048,-52.303322955
laser 002,quadratic_graph,2106.663756,2053.000000,-0.034876007,3.535288560,52.400830566,712.107813891,3.540400679,-52.401003117
laser 002,quadratic_graph,2106.716272,2054.000000,-0.054613618,3.540485902,52.499243094,712.126999439,3.546487863,-52.499255324
laser 002,quadratic_graph,2106.765051,2055.000000,-0.073181271,3.545315325,52.597573447,712.144997997,3.552154322,-52.597435074
laser 002,quadratic_graph,2106.773085,2056.000000,-0.078994918,3.546130129,52.694951135,712.150057177,3.553230508,-52.694768093
laser 002,quadratic_graph,2106.715210,2057.000000,-0.064177785,3.540450724,52.790778209,712.134185791,3.546881308,-52.790721858
laser 002,quadratic_graph,2106.613837,2058.000000,-0.035746344,3.530485978,52.885575021,712.104502333,3.535632283,-52.885758440
laser 002,quadratic_graph,2106.545667,2059.000000,-0.017706660,3.523793048,52.981148822,712.085361699,3.528124109,-52.981485696
laser 002,quadratic_graph,2106.584230,2060.000000,-0.033068528,3.527615344,53.079244752,712.100107925,3.532638750,-53.079457650
laser 002,quadratic_graph,2106.670853,2061.000000,-0.063471639,3.536172991,53.178485049,712.130113874,3.542567633,-53.178449039
laser 002,quadratic_graph,2106.734962,2062.000000,-0.086828789,3.542512962,53.277198810,712.152971464,3.549960818,-53.276972414
laser 002,quadratic_graph,2106.731589,2063.000000,-0.089062887,3.542203849,53.374312256,712.154399170,3.549751525,-53.374070923
laser 002,quadratic_graph,2106.674090,2064.000000,-0.074353994,3.536561579,53.470135193,712.138637834,3.543444349,-53.470019649
laser 002,quadratic_graph,2106.601245,2065.000000,-0.054841422,3.529407597,53.565587399,712.118003114,3.535408646,-53.565637543
laser 002,quadratic_graph,2106.549127,2066.000000,-0.041815488,3.524296030,53.661530426,712.103949287,3.529708136,-53.661692381
laser 002,quadratic_graph,2106.545447,2067.000000,-0.043948038,3.523956682,53.758631431,712.105274086,3.529464027,-53.758779291
laser 002,quadratic_graph,2106.588336,2068.000000,-0.060654314,3.528205429,53.856851808,712.121384210,3.534465802,-53.856864524
laser 002,quadratic_graph,2106.647265,2069.000000,-0.082380533,3.534034800,53.955462917,712.142587131,3.541274777,-53.955298794
laser 002,quadratic_graph,2106.683155,2070.000000,-0.096895092,3.537594402,54.053524540,712.156473677,3.545488484,-54.053243478
laser 002,quadratic_graph,2106.683667,2071.000000,-0.100334809,3.537668166,54.150735544,712.159124614,3.545716489,-54.150429530
laser 002,quadratic_graph,2106.648138,2072.000000,-0.092491883,3.534190714,54.247075273,712.150329168,3.541884031,-54.246838019
laser 002,quadratic_graph,2106.598310,2073.000000,-0.080172253,3.529304496,54.343066187,712.136992085,3.536440752,-54.342934875
laser 002,quadratic_graph,2106.569528,2074.000000,-0.074438960,3.526492011,54.439564819,712.130336964,3.533368481,-54.439484744
laser 002,quadratic_graph,2106.570322,2075.000000,-0.077961500,3.526593551,54.536781395,712.133072010,3.533628000,-54.536675679
laser 002,quadratic_graph,2106.587916,2076.000000,-0.086741163,3.528350361,54.634408386,712.141140464,3.535780072,-54.634233363
laser 002,quadratic_graph,2106.618967,2077.000000,-0.099731907,3.531433153,54.732366373,712.153481090,3.539448194,-54.732087067
laser 002,quadratic_graph,2106.659426,2078.000000,-0.115666725,3.535443085,54.830558096,712.168808486,3.544176339,-54.830150053
laser 002,quadratic_graph,2106.689428,2079.000000,-0.128327447,3.538422791,54.928498007,712.180814276,3.547726480,-54.927988422
laser 002,quadratic_graph,2106.690697,2080.000000,-0.131992563,3.538571261,55.025736072,712.183693974,3.548039366,-55.025199661
laser 002,quadratic_graph,2106.673909,2081.000000,-0.130003818,3.536940430,55.122531081,712.180837821,3.546317765,-55.122014805
laser 002,quadratic_graph,2106.650805,2082.000000,-0.126036649,3.534687264,55.219169935,712.175974577,3.543884531,-55.218690225
laser 002,quadratic_graph,2106.610963,2083.000000,-0.116828758,3.530784873,55.315394632,712.165794645,3.539565532,-55.314995017
laser 002,quadratic_graph,2106.557886,2084.000000,-0.103477061,3.525578557,55.411289628,712.151410863,3.533755576,-55.411004526
laser 002,quadratic_graph,2106.528557,2085.000000,-0.097557832,3.522712244,55.507769008,712.144567357,3.530621090,-55.507536686
laser 002,quadratic_graph,2106.530019,2086.000000,-0.101275199,3.522879711,55.605010528,712.147500184,3.530955335,-55.604750945
laser 002,quadratic_graph,2106.542734,2087.000000,-0.108513647,3.524155934,55.702532692,712.154005141,3.532557261,-55.702216602
laser 002,quadratic_graph,2106.542025,2088.000000,-0.111548918,3.524109527,55.799722688,712.156245999,3.532646846,-55.799385002
laser 002,quadratic_graph,2106.502455,2089.000000,-0.102418783,3.520234226,55.895944479,712.146145142,3.528358449,-55.895686242
laser 002,quadratic_graph,2106.495222,2090.000000,-0.103409293,3.519545038,55.992971478,712.146311642,3.527712963,-55.992708628
laser 002,quadratic_graph,2106.469683,2091.000000,-0.098668552,3.517052254,56.089540689,712.140663853,3.525005200,-56.089320829
laser 002,quadratic_graph,2106.491550,2092.000000,-0.108765051,3.519230185,56.187296811,712.150068327,3.527637834,-56.186996705
laser 002,quadratic_graph,2106.506278,2093.000000,-0.116625830,3.520704790,56.284876474,712.157204684,3.529466235,-56.284514693
laser 002,quadratic_graph,2106.485490,2094.000000,-0.113368131,3.518680089,56.381564989,712.153061479,3.527293493,-56.381233879
laser 002,quadratic_graph,2106.435599,2095.000000,-0.100999612,3.513788055,56.477519348,712.139675495,3.521842201,-56.477294582
laser 002,quadratic_graph,2106.384892,2096.000000,-0.088374843,3.508815814,56.573449720,712.126029598,3.516299135,-56.573333427
laser 002,quadratic_graph,2106.366453,2097.000000,-0.085848746,3.507022704,56.670192350,712.122628692,3.514391008,-56.670100652
laser 002,quadratic_graph,2106.378863,2098.000000,-0.092976919,3.508268814,56.767715469,712.129021902,3.515957847,-56.767568178
laser 002,quadratic_graph,2106.401045,2099.000000,-0.103162593,3.510477714,56.865488446,712.138516894,3.518625480,-56.865260168
laser 002,quadratic_graph,2106.421507,2100.000000,-0.112808832,3.512517228,56.963220539,712.147464635,3.521099378,-56.962915754
laser 002,quadratic_graph,2106.426008,2101.000000,-0.117457873,3.512984236,57.060549014,712.151342815,3.521775221,-57.060209229
laser 002,quadratic_graph,2106.404424,2102.000000,-0.113940565,3.510881236,57.157213646,712.146936418,3.519512467,-57.156906687
laser 002,quadratic_graph,2106.357240,2103.000000,-0.102408991,3.506256124,57.253223458,712.134399758,3.514365876,-57.253015891
laser 002,quadratic_graph,2106.300739,2104.000000,-0.087960363,3.500713302,57.348991753,712.118903862,3.508169912,-57.348907805
laser 002,quadratic_graph,2106.267891,2105.000000,-0.080913998,3.497500829,57.445362202,712.110917428,3.504638401,-57.445340391
laser 002,quadratic_graph,2106.270728,2106.000000,-0.085035276,3.497803846,57.542646679,712.114260307,3.505126436,-57.542594250
laser 002,quadratic_graph,2106.290198,2107.000000,-0.094361294,3.499745485,57.640359962,712.122883261,3.507488009,-57.640233684
laser 002,quadratic_graph,2106.317223,2108.000000,-0.106050966,3.502431495,57.738270419,712.133904071,3.510700637,-57.738050662
laser 002,quadratic_graph,2106.346610,2109.000000,-0.118479020,3.505350314,57.836245067,712.145673937,3.514179403,-57.835925698
laser 002,quadratic_graph,2106.367182,2110.000000,-0.128146846,3.507400753,57.933995350,712.154643627,3.516665205,-57.933599294
laser 002,quadratic_graph,2106.391832,2111.000000,-0.139090141,3.509853051,58.031853889,712.164907235,3.519610436,-58.031370552
laser 002,quadratic_graph,2106.428019,2112.000000,-0.153644013,3.513442179,58.130014654,712.178833646,3.523855460,-58.129414048
laser 002,quadratic_graph,2106.457152,2113.000000,-0.165988826,3.516336408,58.227996234,712.190519026,3.527305880,-58.227296707
laser 002,quadratic_graph,2106.444560,2114.000000,-0.165270284,3.515119388,58.324895535,712.188952088,3.526055434,-58.324205588
laser 002,quadratic_graph,2106.355618,2115.000000,-0.140649611,3.506379701,58.419804757,712.163137340,3.516203493,-58.419322913
laser 002,quadratic_graph,2106.222931,2116.000000,-0.102337021,3.493331046,58.513565460,712.123432740,3.501424596,-58.513405439
laser 002,quadratic_graph,2106.137366,2117.000000,-0.078775152,3.484925589,58.608547830,712.098692276,3.491954677,-58.608587116
laser 002,quadratic_graph,2106.107905,2118.000000,-0.072772120,3.482047104,58.704992934,712.091764616,3.488804250,-58.705085690
laser 002,quadratic_graph,2106.111178,2119.000000,-0.077012667,3.482393125,58.802294975,712.095228672,3.489340677,-58.802356120
laser 002,quadratic_graph,2106.127011,2120.000000,-0.085182969,3.483976412,58.899928177,712.102679304,3.491291739,-58.899925072
laser 002,quadratic_graph,2106.141739,2121.000000,-0.093006271,3.485450893,58.997534562,712.109777920,3.493118336,-58.997470089
laser 002,quadratic_graph,2106.148552,2122.000000,-0.098351071,3.486145705,59.094934466,712.114362207,3.494053395,-59.094829211
laser 002,quadratic_graph,2106.151757,2123.000000,-0.102565336,3.486485110,59.192240578,712.117799624,3.494582021,-59.192103929
laser 002,quadratic_graph,2106.149394,2124.000000,-0.105035557,3.486276016,59.289400587,712.119467799,3.494483431,-59.289247031
laser 002,quadratic_graph,2106.111268,2125.000000,-0.096310876,3.482543911,59.385613881,712.109779304,3.490356546,-59.385536398
laser 002,quadratic_graph,2106.047576,2126.000000,-0.079583544,3.476293540,59.481146441,712.091972557,3.483350194,-59.481211499
laser 002,quadratic_graph,2105.997932,2127.000000,-0.067252206,3.471427193,59.577047762,712.078625378,3.477926280,-59.577218848
laser 002,quadratic_graph,2105.961432,2128.000000,-0.059033476,3.467855664,59.673295564,712.069450273,3.473982808,-59.673538521
laser 002,quadratic_graph,2105.941979,2129.000000,-0.056148501,3.465963272,59.769995581,712.065686016,3.471959214,-59.770266107
laser 002,quadratic_graph,2105.955184,2130.000000,-0.063482682,3.467287583,59.867566884,712.072288559,3.473613567,-59.867780103
laser 002,quadratic_graph,2105.997932,2131.000000,-0.080061695,3.471521923,59.965930439,712.088269471,3.478595217,-59.966009567
laser 002,quadratic_graph,2106.029719,2132.000000,-0.093209496,3.474676759,60.064004955,712.100769591,3.482342495,-60.063978491
laser 002,quadratic_graph,2106.015841,2133.000000,-0.092063839,3.473333451,60.160857657,712.098769818,3.480946490,-60.160844316
laser 002,quadratic_graph,2105.960652,2134.000000,-0.077987590,3.467920968,60.256599664,712.083652744,3.474897686,-60.256706842
laser 002,quadratic_graph,2105.894891,2135.000000,-0.060602071,3.461467427,60.352053230,712.065178666,3.467658461,-60.352308413
laser 002,quadratic_graph,2105.847202,2136.000000,-0.048871589,3.456794124,60.447989319,712.052441335,3.462454715,-60.448345538
laser 002,quadratic_graph,2105.828128,2137.000000,-0.046094868,3.454939223,60.544694940,712.048787079,3.460473502,-60.545077828
laser 002,quadratic_graph,2105.830213,2138.000000,-0.049938355,3.455168277,60.641972107,712.051848624,3.460875048,-60.642326680
laser 002,quadratic_graph,2105.857970,2139.000000,-0.061814584,3.457925824,60.739945850,712.063058873,3.464167647,-60.740205391
laser 002,quadratic_graph,2105.918285,2140.000000,-0.083879437,3.463890346,60.838806435,712.084604795,3.471127087,-60.838886321
laser 002,quadratic_graph,2105.994751,2141.000000,-0.110999418,3.471446209,60.938112254,712.111278770,3.479906033,-60.937970500
laser 002,quadratic_graph,2106.034883,2142.000000,-0.126747058,3.475423357,61.036436445,712.126416241,3.484592970,-61.036167504
laser 002,quadratic_graph,2106.022087,2143.000000,-0.125926831,3.474186683,61.133321637,712.124746747,3.483318293,-61.133063116
laser 002,quadratic_graph,2105.977832,2144.000000,-0.115258591,3.469851090,61.229347355,712.113087163,3.478500205,-61.229181045
laser 002,quadratic_graph,2105.930171,2145.000000,-0.103523357,3.465180142,61.325276979,712.100345234,3.473298604,-61.325211743
laser 002,quadratic_graph,2105.904359,2146.000000,-0.098625500,3.462661470,61.421802007,712.094539367,3.470557885,-61.421781056
