u,v,Xc_mm,Yc_mm,Zc_mm,Xg_mm,Yg_mm,Zg_mm
2120.055994,953.000000,4.837927,-54.272898,712.816920,4.834390,54.274956,0.187277
2120.015902,954.000000,4.833966,-54.175171,712.808076,4.830073,54.177160,0.195135
2119.881690,955.000000,4.820670,-54.075174,712.769295,4.815091,54.076850,0.232463
2119.714614,956.000000,4.804117,-53.974397,712.720065,4.796387,53.975673,0.280077
2119.639794,957.000000,4.796713,-53.875852,712.700176,4.788136,53.876968,0.298808
2119.695603,958.000000,4.802262,-53.780449,712.721827,4.794684,53.781745,0.276648
2119.741186,959.000000,4.806798,-53.684795,712.740226,4.800074,53.686245,0.257689
2119.712702,960.000000,4.803989,-53.587364,712.735068,4.797072,53.588776,0.261919
2119.622913,961.000000,4.795101,-53.488472,712.710414,4.787125,53.489684,0.285342
2119.549784,962.000000,4.787865,-53.389983,712.691057,4.779066,53.391040,0.303549
2119.558932,963.000000,4.788787,-53.293456,712.697862,4.780328,53.294573,0.296003
2119.586718,964.000000,4.791558,-53.197371,712.710594,4.783701,53.198595,0.282623
2119.533634,965.000000,4.786310,-53.099366,712.697607,4.777913,53.100487,0.294560
2119.455091,966.000000,4.778538,-53.000761,712.676524,4.769241,53.001713,0.314467
2119.453434,967.000000,4.778389,-52.903979,712.679889,4.769278,52.904961,0.310308
2119.471881,968.000000,4.780233,-52.807669,712.689644,4.771593,52.808735,0.299857
2119.467284,969.000000,4.779793,-52.710815,712.692071,4.771297,52.711904,0.296621
2119.498804,970.000000,4.782933,-52.614809,712.705982,4.775092,52.616015,0.282081
2119.435348,971.000000,4.776657,-52.516572,712.689690,4.768129,52.517648,0.297272
2119.417185,972.000000,4.774872,-52.419400,712.687799,4.766296,52.420463,0.298286
2119.440782,973.000000,4.777227,-52.323204,712.699186,4.769194,52.324364,0.286230
2119.405136,974.000000,4.773708,-52.225623,712.691733,4.765381,52.226726,0.292720
2119.323549,975.000000,4.765635,-52.126976,712.669671,4.756364,52.127901,0.313591
2119.252780,976.000000,4.758635,-52.028587,712.651048,4.748573,52.029362,0.331076
2119.221419,977.000000,4.755541,-51.931116,712.644955,4.745246,51.931845,0.336228
2119.243946,978.000000,4.757790,-51.834893,712.655994,4.748022,51.835716,0.324514
2119.297044,979.000000,4.763069,-51.739374,712.676753,4.754260,51.740370,0.303232
2119.348420,980.000000,4.768178,-51.643810,712.696964,4.760303,51.644974,0.282490
2119.376217,981.000000,4.770949,-51.547697,712.709677,4.763676,51.548969,0.269128
2119.348678,982.000000,4.768234,-51.450311,712.704791,4.760781,51.451546,0.273091
2119.281613,983.000000,4.761601,-51.352020,712.687335,4.753409,51.353115,0.289428
2119.248154,984.000000,4.758299,-51.254503,712.680565,4.749844,51.255546,0.295246
2119.240900,985.000000,4.757596,-51.157586,712.682126,4.749246,51.158645,0.292863
2119.225129,986.000000,4.756048,-51.060474,712.680978,4.747684,51.061528,0.293146
2119.191823,987.000000,4.752762,-50.962965,712.674252,4.744135,50.963966,0.298920
2119.167463,988.000000,4.750362,-50.865660,712.670370,4.741600,50.866633,0.301895
2119.156943,989.000000,4.749335,-50.768670,712.670888,4.740633,50.769650,0.300540
2119.137506,990.000000,4.747424,-50.671478,712.668568,4.738655,50.672443,0.301976
2119.114064,991.000000,4.745115,-50.574197,712.664974,4.736224,50.575136,0.304668
2119.118086,992.000000,4.745530,-50.477536,712.670112,4.736903,50.478520,0.298764
2119.130500,993.000000,4.746776,-50.381062,712.677916,4.738533,50.382113,0.290235
2119.114357,994.000000,4.745191,-50.283945,712.676639,4.736928,50.284989,0.290645
2119.105453,995.000000,4.744324,-50.186991,712.677662,4.736143,50.188046,0.288791
2119.151856,996.000000,4.748939,-50.091273,712.696271,4.741622,50.092484,0.269626
2119.216248,997.000000,4.755338,-49.995952,712.720601,4.749139,49.997365,0.244829
2119.252802,998.000000,4.758978,-49.900004,712.736077,4.753503,49.901548,0.228747
2119.232105,999.000000,4.756942,-49.802780,712.733345,4.751382,49.804304,0.230591
2119.168178,1000.000000,4.750620,-49.704597,712.716863,4.744365,49.705989,0.245969
2119.098049,1001.000000,4.743683,-49.606281,712.698409,4.736645,49.607526,0.263289
2119.046344,1002.000000,4.738573,-49.508378,712.685813,4.731012,49.509523,0.274843
2118.999364,1003.000000,4.733932,-49.410583,712.674719,4.725915,49.411640,0.284919
2118.948443,1004.000000,4.728901,-49.312704,712.662371,4.720371,49.313663,0.296229
2118.896128,1005.000000,4.723731,-49.214798,712.649578,4.714670,49.215656,0.307976
2118.874257,1006.000000,4.721579,-49.117563,712.646464,4.712416,49.118399,0.310195
2118.889052,1007.000000,4.723061,-49.021131,712.655007,4.714314,49.022040,0.300939
2118.935141,1008.000000,4.727644,-48.925380,712.673499,4.719756,48.926444,0.281888
2119.013785,1009.000000,4.735455,-48.830335,712.702343,4.728886,48.831637,0.252647
2119.112768,1010.000000,4.745283,-48.735724,712.737656,4.740319,48.737319,0.217037
2119.185883,1011.000000,4.752547,-48.640542,712.764744,4.748824,48.642362,0.189524
2119.140798,1012.000000,4.748093,-48.542791,712.754239,4.743940,48.544528,0.199020
2119.028769,1013.000000,4.737003,-48.443596,712.722442,4.731474,48.445076,0.229476
2118.947455,1014.000000,4.728959,-48.345073,712.700414,4.722487,48.346376,0.250316
2118.906456,1015.000000,4.724911,-48.247423,712.691205,4.718066,48.248655,0.258535
2118.881341,1016.000000,4.722437,-48.150118,712.687046,4.715445,48.151319,0.261783
2118.841202,1017.000000,4.718474,-48.052492,712.678109,4.711122,48.053623,0.269736
2118.778671,1018.000000,4.712292,-47.954390,712.662051,4.704263,47.955392,0.284698
2118.698295,1019.000000,4.704342,-47.855910,712.640318,4.695384,47.856738,0.305247
2118.596993,1020.000000,4.694319,-47.756991,712.611933,4.684136,47.757590,0.332346
2118.484084,1021.000000,4.683147,-47.657833,712.579858,4.671575,47.658172,0.363076
2118.476200,1022.000000,4.682381,-47.560913,712.581170,4.670905,47.561266,0.360938
2118.458149,1023.000000,4.680608,-47.463777,712.579249,4.669083,47.464118,0.361984
2118.447069,1024.000000,4.679526,-47.366790,712.579543,4.668050,47.367137,0.360849
2118.491319,1025.000000,4.683926,-47.270970,712.597424,4.673282,47.271466,0.342400
2118.557288,1026.000000,4.690478,-47.175602,712.622210,4.680972,47.176305,0.317153
2118.623040,1027.000000,4.697010,-47.080224,712.646928,4.688639,47.081131,0.291974
2118.617993,1028.000000,4.696525,-46.983354,712.649134,4.688289,46.984283,0.288956
2118.587001,1029.000000,4.693470,-46.885940,712.643090,4.685002,46.886823,0.294060
2118.577313,1030.000000,4.692525,-46.788974,712.643819,4.684126,46.789866,0.292497
2118.605858,1031.000000,4.695370,-46.692804,712.656702,4.687580,46.693805,0.278969
2118.646665,1032.000000,4.699429,-46.596885,712.673484,4.692422,46.598027,0.261602
2118.647248,1033.000000,4.699503,-46.500128,712.677474,4.692710,46.501305,0.256828
2118.561338,1034.000000,4.691005,-46.401578,712.653961,4.683204,46.402566,0.279130
2118.488086,1035.000000,4.683762,-46.303296,712.634473,4.675131,46.304128,0.297470
2118.430882,1036.000000,4.678109,-46.205351,712.620087,4.668876,46.206068,0.310787
2118.490126,1037.000000,4.683995,-46.109806,712.642722,4.675805,46.110712,0.287658
2118.534851,1038.000000,4.688443,-46.013957,712.660741,4.681090,46.015013,0.269074
2118.575252,1039.000000,4.692462,-45.918014,712.677384,4.685886,45.919211,0.251843
2118.563088,1040.000000,4.691273,-45.820993,712.677312,4.684730,45.822191,0.251068
2118.525283,1041.000000,4.687542,-45.723448,712.669086,4.680670,45.724582,0.258322
2118.562720,1042.000000,4.691268,-45.627437,712.684783,4.685130,45.628704,0.242022
2118.638689,1043.000000,4.698813,-45.532206,712.712733,4.693954,45.533704,0.213661
2118.669918,1044.000000,4.701924,-45.436060,712.726455,4.697711,45.437674,0.199306
2118.587688,1045.000000,4.693790,-45.337614,712.704095,4.688620,45.339048,0.220474
2118.426546,1046.000000,4.677837,-45.237581,712.656644,4.670596,45.238630,0.266343
2118.304686,1047.000000,4.665778,-45.138352,712.621686,4.657020,45.139119,0.299914
2118.309833,1048.000000,4.666304,-45.041687,712.627107,4.657824,45.042501,0.293731
2118.382364,1049.000000,4.673506,-44.946372,712.653952,4.666256,44.947409,0.266458
2118.580948,1050.000000,4.693201,-44.853574,712.720881,4.688961,44.855162,0.199721
2118.842059,1051.000000,4.719098,-44.762008,712.807710,4.718753,44.764310,0.113393
2119.140345,1052.000000,4.748687,-44.671161,712.906386,4.752764,44.674273,0.015401
2119.497885,1053.000000,4.784161,-44.581469,713.023947,4.793499,44.585546,-0.101183
2119.677419,1054.000000,4.801987,-44.488210,713.084875,4.814069,44.492789,-0.162012
2119.713258,1055.000000,4.805559,-44.392086,713.100064,4.818352,44.396793,-0.177812
2119.719281,1056.000000,4.806173,-44.295369,713.105761,4.819256,44.300125,-0.184266
2119.736648,1057.000000,4.807912,-44.198874,713.115068,4.821446,44.203709,-0.194274
2119.752849,1058.000000,4.809536,-44.102353,713.124003,4.823504,44.107265,-0.203916
2119.753070,1059.000000,4.809575,-44.005516,713.127849,4.823750,44.010463,-0.208549
2119.749947,1060.000000,4.809282,-43.908612,713.130629,4.823617,43.913585,-0.212131
2119.749612,1061.000000,4.809265,-43.811763,713.134296,4.823800,43.816769,-0.216587
2119.745521,1062.000000,4.808876,-43.714839,713.136765,4.823557,43.719869,-0.219863
2119.738825,1063.000000,4.808228,-43.617864,713.138404,4.823019,43.622910,-0.222322
2119.713398,1064.000000,4.805722,-43.520524,713.134078,4.820358,43.525538,-0.218909
2119.653005,1065.000000,4.799747,-43.422508,713.118619,4.813732,43.427399,-0.204535
2119.589683,1066.000000,4.793482,-43.324439,713.102226,4.806775,43.329199,-0.189242
2119.557296,1067.000000,4.790285,-43.226972,713.095681,4.803325,43.231682,-0.183643
2119.553307,1068.000000,4.789906,-43.130054,713.098175,4.803093,43.134787,-0.186944
2119.537141,1069.000000,4.788319,-43.032901,713.096791,4.801481,43.037627,-0.186427
2119.496104,1070.000000,4.784265,-42.935272,713.087488,4.797051,42.939925,-0.178114
2119.452844,1071.000000,4.779990,-42.837603,713.077477,4.792368,42.842177,-0.169103
2119.473922,1072.000000,4.782098,-42.741165,713.087945,4.794977,42.745828,-0.180254
2119.416035,1073.000000,4.776372,-42.643221,713.073275,4.788637,42.647767,-0.166657
2119.370328,1074.000000,4.771855,-42.545512,713.062481,4.783677,42.549972,-0.156875
2119.363744,1075.000000,4.771219,-42.448547,713.064140,4.783151,42.453025,-0.159353
2119.385813,1076.000000,4.773424,-42.352125,713.074918,4.785872,42.356694,-0.170810
2119.407061,1077.000000,4.775549,-42.255683,713.085433,4.788500,42.260342,-0.182008
2119.414337,1078.000000,4.776287,-42.158977,713.091500,4.789545,42.163688,-0.188826
2119.407383,1079.000000,4.775614,-42.062001,713.093036,4.788977,42.066728,-0.191183
2119.402481,1080.000000,4.775144,-41.965063,713.095223,4.788641,41.969811,-0.194182
2119.388000,1081.000000,4.773724,-41.867946,713.094360,4.787220,41.872690,-0.194177
2119.360634,1082.000000,4.771027,-41.770589,713.089394,4.784338,41.775296,-0.190133
2119.331555,1083.000000,4.768159,-41.673201,713.083881,4.781262,41.677866,-0.185550
2119.304419,1084.000000,4.765484,-41.575851,713.078985,4.778406,41.580479,-0.181576
2119.278656,1085.000000,4.762946,-41.478528,713.074526,4.775706,41.483123,-0.178030
2119.242550,1086.000000,4.759381,-41.381015,713.066772,4.771834,41.385550,-0.171242
2119.202293,1087.000000,4.755405,-41.283428,713.057697,4.767491,41.287892,-0.163151
2119.179524,1088.000000,4.753164,-41.186165,713.054186,4.765130,41.190603,-0.160540
2119.183772,1089.000000,4.753601,-41.089398,713.059274,4.765831,41.093882,-0.166395
2119.207245,1090.000000,4.755946,-40.992983,713.070481,4.768711,40.997561,-0.178273
2119.230912,1091.000000,4.758310,-40.896568,713.081748,4.771612,40.901242,-0.190211
2119.235152,1092.000000,4.758747,-40.799796,713.086830,4.772312,40.804515,-0.196059
2119.218748,1093.000000,4.757137,-40.702648,713.085339,4.770672,40.707357,-0.195436
2119.198725,1094.000000,4.755168,-40.605434,713.082695,4.768622,40.610125,-0.193677
2119.183817,1095.000000,4.753706,-40.508314,713.081677,4.767152,40.513000,-0.193521
2119.162374,1096.000000,4.751596,-40.411076,713.078578,4.764941,40.415740,-0.191315
2119.125169,1097.000000,4.747923,-40.313555,713.070461,4.760944,40.318156,-0.184167
2119.084705,1098.000000,4.743927,-40.215978,713.061305,4.756577,40.220508,-0.175997
2119.053323,1099.000000,4.740831,-40.118567,713.055039,4.753240,40.123048,-0.170673
2119.029178,1100.000000,4.738454,-40.021287,713.051075,4.750723,40.025739,-0.167615
2119.008943,1101.000000,4.736464,-39.924077,713.048354,4.748649,39.928510,-0.165781
2118.996603,1102.000000,4.735257,-39.827009,713.048145,4.747469,39.831443,-0.166420
2118.997688,1103.000000,4.735381,-39.730179,713.052208,4.747811,39.734650,-0.171265
2119.002680,1104.000000,4.735893,-39.633417,713.057513,4.748595,39.637935,-0.177333
2119.006866,1105.000000,4.736325,-39.536640,713.062561,4.749288,39.541202,-0.183147
2119.014843,1106.000000,4.737132,-39.439928,713.068814,4.750410,39.444545,-0.190148
2119.023685,1107.000000,4.738026,-39.343230,713.075341,4.751631,39.347903,-0.197419
2119.020673,1108.000000,4.737744,-39.246322,713.078093,4.751508,39.251021,-0.200973
2118.999472,1109.000000,4.735659,-39.149096,713.075054,4.749324,39.153774,-0.198826
2118.977003,1110.000000,4.733447,-39.051848,713.071611,4.746996,39.056501,-0.196280
2118.970151,1111.000000,4.732784,-38.954874,713.073137,4.746438,38.959542,-0.198627
2118.954144,1112.000000,4.731214,-38.857740,713.071747,4.744842,38.862400,-0.198104
2118.897567,1113.000000,4.725620,-38.759904,713.057443,4.738650,38.764450,-0.184864
2118.833048,1114.000000,4.719239,-38.661935,713.040610,4.731557,38.666347,-0.169136
2118.794515,1115.000000,4.715435,-38.564418,713.032047,4.727410,38.568763,-0.161549
2118.772250,1116.000000,4.713244,-38.467183,713.028661,4.725105,38.471504,-0.159060
2118.741855,1117.000000,4.710247,-38.369810,713.022686,4.721879,38.374085,-0.154021
2118.696298,1118.000000,4.705747,-38.272180,713.011884,4.716936,38.276370,-0.144230
2118.644318,1119.000000,4.700610,-38.174443,712.999037,4.711265,38.178531,-0.132426
2118.598207,1120.000000,4.696056,-38.076809,712.988057,4.706259,38.080811,-0.122459
2118.588857,1121.000000,4.695146,-37.979802,712.988775,4.705417,37.983813,-0.124010
2118.617262,1122.000000,4.697978,-37.883434,713.001507,4.708852,37.887552,-0.137390
2118.652070,1123.000000,4.701446,-37.787170,713.016276,4.713013,37.791412,-0.152776
2118.671989,1124.000000,4.703438,-37.690652,713.026305,4.715487,37.694980,-0.163495
2118.678904,1125.000000,4.704140,-37.593913,713.032195,4.716488,37.598292,-0.170138
2118.686576,1126.000000,4.704918,-37.497185,713.038324,4.717575,37.501617,-0.177017
2118.708256,1127.000000,4.707085,-37.400689,713.048911,4.720249,37.405212,-0.188285
2118.732137,1128.000000,4.709469,-37.304228,713.060197,4.723172,37.308845,-0.200241
2118.725902,1129.000000,4.708868,-37.207263,713.061896,4.722683,37.211897,-0.202758
2118.693703,1130.000000,4.705692,-37.109867,713.055329,4.719252,37.114451,-0.197137
2118.653349,1131.000000,4.701708,-37.012338,713.046166,4.714897,37.016851,-0.188958
2118.609906,1132.000000,4.697418,-36.914761,713.036018,4.710192,36.919194,-0.179811
2118.581824,1133.000000,4.694650,-36.817440,713.030758,4.707228,36.821833,-0.175476
2118.565456,1134.000000,4.693044,-36.720312,713.029225,4.705591,36.724695,-0.174811
2118.497301,1135.000000,4.686304,-36.622337,713.011209,4.698087,36.626577,-0.157916
2118.410570,1136.000000,4.677723,-36.524065,712.987280,4.688479,36.528112,-0.135200
2118.440484,1137.000000,4.680706,-36.427696,713.000473,4.692084,36.431855,-0.149034
2118.404768,1138.000000,4.677182,-36.330260,712.992778,4.688255,36.334358,-0.142301
2118.359683,1139.000000,4.672730,-36.232674,712.982100,4.683365,36.236688,-0.132631
2118.302467,1140.000000,4.667075,-36.134895,712.967560,4.677101,36.138794,-0.119159
2118.267847,1141.000000,4.663660,-36.037484,712.960210,4.673396,36.041326,-0.112766
2118.265636,1142.000000,4.663458,-35.940595,712.963173,4.673362,35.944464,-0.116527
2118.285339,1143.000000,4.665428,-35.844056,712.973107,4.675810,35.848010,-0.127152
2118.307464,1144.000000,4.667638,-35.747554,712.983811,4.678533,35.751598,-0.138535
2118.308934,1145.000000,4.667800,-35.650719,712.987941,4.678915,35.654801,-0.143445
2118.285529,1146.000000,4.665497,-35.553489,712.984154,4.676481,35.557543,-0.140560
2118.271565,1147.000000,4.664130,-35.456409,712.983369,4.675115,35.460460,-0.140631
2118.287530,1148.000000,4.665730,-35.359802,712.992108,4.677140,35.363928,-0.150079
2118.308132,1149.000000,4.667789,-35.263266,713.002322,4.679690,35.267478,-0.160979
2118.308209,1150.000000,4.667813,-35.166405,713.006002,4.679914,35.170651,-0.165447
2118.300933,1151.000000,4.667109,-35.069428,713.007341,4.679306,35.073688,-0.167608
2118.309821,1152.000000,4.668007,-34.972703,713.013822,4.680529,34.977019,-0.174834
2118.331181,1153.000000,4.670142,-34.876170,713.024273,4.683165,34.880575,-0.185967
2118.345392,1154.000000,4.671567,-34.779524,713.032446,4.684991,34.783999,-0.194859
2118.320894,1155.000000,4.669156,-34.682276,713.028299,4.682431,34.686720,-0.191619
2118.247612,1156.000000,4.661909,-34.584275,713.008623,4.674346,34.588562,-0.173089
2118.164134,1157.000000,4.653651,-34.486124,712.985703,4.665107,34.490226,-0.151365
2118.083549,1158.000000,4.645681,-34.388023,712.963703,4.656196,34.391948,-0.130547
2118.019529,1159.000000,4.639353,-34.290182,712.946975,4.649161,34.293974,-0.114919
2117.994603,1160.000000,4.636900,-34.192942,712.942685,4.646553,34.196702,-0.111539
2118.019842,1161.000000,4.639418,-34.096467,712.954357,4.649627,34.100326,-0.123875
2118.063271,1162.000000,4.643739,-34.000266,712.971817,4.654761,34.004271,-0.141910
2118.082687,1163.000000,4.645681,-33.903696,712.981634,4.657176,33.907785,-0.152420
2118.054830,1164.000000,4.642937,-33.806410,712.976406,4.654236,33.810459,-0.148115
2117.993454,1165.000000,4.636871,-33.708621,712.960511,4.647500,33.712543,-0.133308
2117.951654,1166.000000,4.632745,-33.611130,712.950844,4.642982,33.614977,-0.124632
2117.963717,1167.000000,4.633958,-33.514448,712.958316,4.644563,33.518359,-0.132833
2117.999968,1168.000000,4.637567,-33.418125,712.973483,4.648884,33.422163,-0.148611
2118.021195,1169.000000,4.639688,-33.321575,712.983869,4.651503,33.325701,-0.159680
2118.010865,1170.000000,4.638682,-33.224553,712.984211,4.650548,33.228686,-0.160860
2117.965779,1171.000000,4.634230,-33.127018,712.973491,4.645657,33.131065,-0.151148
2117.898722,1172.000000,4.627602,-33.029161,712.955779,4.638278,33.033067,-0.134551
2117.827062,1173.000000,4.620517,-32.931241,712.936602,4.630378,32.934994,-0.116511
2117.763943,1174.000000,4.614279,-32.833453,712.920142,4.623445,32.837074,-0.101147
2117.734646,1175.000000,4.611393,-32.736163,712.914442,4.620342,32.739740,-0.096378
2117.737866,1176.000000,4.611730,-32.639348,712.919088,4.620922,32.642967,-0.101796
2117.743612,1177.000000,4.612316,-32.542569,712.924536,4.621787,32.546236,-0.108003
2117.746144,1178.000000,4.612584,-32.445742,712.928960,4.622288,32.449449,-0.113202
2117.750337,1179.000000,4.613017,-32.348938,712.933911,4.622977,32.352688,-0.118920
2117.767589,1180.000000,4.614743,-32.252321,712.943016,4.625145,32.256149,-0.128729
2117.781481,1181.000000,4.616137,-32.155653,712.951052,4.626933,32.159550,-0.137484
2117.760961,1182.000000,4.614121,-32.058491,712.948136,4.624824,32.062367,-0.135456
2117.709667,1183.000000,4.609055,-31.960890,712.935426,4.619230,31.964665,-0.123784
2117.657189,1184.000000,4.603872,-31.863276,712.922338,4.613502,31.866947,-0.111740
2117.624553,1185.000000,4.600655,-31.765946,712.915564,4.610021,31.769566,-0.105912
2117.602234,1186.000000,4.598461,-31.668765,712.912070,4.607708,31.672359,-0.103315
2117.565904,1187.000000,4.594879,-31.571387,712.904117,4.603809,31.574920,-0.096327
2117.496654,1188.000000,4.588035,-31.473549,712.885690,4.596182,31.476934,-0.079025
2117.506511,1189.000000,4.589028,-31.376824,712.892430,4.597512,31.380267,-0.086505
2117.468957,1190.000000,4.585325,-31.279436,712.884084,4.593474,31.282814,-0.079130
2117.475715,1191.000000,4.586011,-31.182666,712.889835,4.594453,31.186095,-0.085636
2117.520868,1192.000000,4.590502,-31.086428,712.907801,4.599779,31.090007,-0.104169
2117.482970,1193.000000,4.586764,-30.989036,712.899342,4.595702,30.992549,-0.096682
2117.491845,1194.000000,4.587661,-30.892292,712.905763,4.596921,30.895860,-0.103847
2117.479717,1195.000000,4.586476,-30.795257,712.905500,4.595761,30.798826,-0.104431
2117.463792,1196.000000,4.584916,-30.698170,712.904028,4.594172,30.701731,-0.103824
2117.505380,1197.000000,4.589053,-30.601869,712.920854,4.599094,30.605571,-0.121235
2117.431100,1198.000000,4.581711,-30.503986,712.900812,4.590898,30.507527,-0.102343
2117.357124,1199.000000,4.574399,-30.406113,712.880867,4.582736,30.409494,-0.083546
2117.296844,1200.000000,4.568445,-30.308430,712.865279,4.576125,30.311687,-0.069039
2117.246534,1201.000000,4.563478,-30.210886,712.852862,4.570644,30.214044,-0.057655
2117.218205,1202.000000,4.560689,-30.113641,712.847436,4.567650,30.116758,-0.053155
2117.234020,1203.000000,4.562273,-30.016990,712.856052,4.569653,30.020181,-0.062481
2117.265287,1204.000000,4.565388,-29.920542,712.869583,4.573406,29.923847,-0.076647
2117.270210,1205.000000,4.565892,-29.823740,712.874732,4.574176,29.827090,-0.082560
2117.240483,1206.000000,4.562965,-29.726477,712.868856,4.571024,29.729782,-0.077616
2117.175963,1207.000000,4.556591,-29.628755,712.851911,4.563934,29.631925,-0.061773
2117.095569,1208.000000,4.548645,-29.530829,712.829915,4.555047,29.533822,-0.040956
2117.027490,1209.000000,4.541919,-29.433070,712.811836,4.547554,29.435919,-0.023997
2116.982679,1210.000000,4.537498,-29.335622,712.801159,4.542695,29.338386,-0.014325
2116.953131,1211.000000,4.534589,-29.238375,712.795334,4.539564,29.241095,-0.009432
2116.948448,1212.000000,4.534142,-29.141454,712.797418,4.539246,29.144194,-0.012325
2116.992296,1213.000000,4.538502,-29.045161,712.814936,4.544421,29.048048,-0.030418
2117.070054,1214.000000,4.546221,-28.949303,712.843242,4.553435,28.952424,-0.059133
2117.134092,1215.000000,4.552581,-28.853259,712.867183,4.560896,28.856580,-0.083550
2117.162121,1216.000000,4.555375,-28.756747,712.879669,4.564281,28.760174,-0.096686
2117.164886,1217.000000,4.555666,-28.659909,712.884116,4.564807,28.663375,-0.101907
2117.150983,1218.000000,4.554306,-28.562856,712.883258,4.563445,28.566319,-0.101905
2117.101472,1219.000000,4.549419,-28.465352,712.871071,4.558053,28.468718,-0.090747
2117.032237,1220.000000,4.542578,-28.367601,712.852609,4.550429,28.370819,-0.073409
2116.976035,1221.000000,4.537029,-28.270020,712.838292,4.544280,28.273124,-0.060153
2116.931309,1222.000000,4.532616,-28.172586,712.827624,4.539430,28.175607,-0.050491
2116.898646,1223.000000,4.529399,-28.075308,712.820793,4.535945,28.078275,-0.044606
2116.889589,1224.000000,4.528519,-27.978326,712.821470,4.535132,27.981302,-0.046114
2116.915562,1225.000000,4.531109,-27.881779,712.833288,4.538283,27.884856,-0.058594
2116.955527,1226.000000,4.535084,-27.785404,712.849556,4.543019,27.788616,-0.075455
2116.990830,1227.000000,4.538598,-27.688966,712.864341,4.547226,27.692303,-0.090856
2117.014486,1228.000000,4.540959,-27.592381,712.875419,4.550116,27.595811,-0.102607
2117.012885,1229.000000,4.540817,-27.495483,712.878461,4.550147,27.498941,-0.106444
2116.970940,1230.000000,4.536680,-27.398090,712.868667,4.545611,27.401472,-0.097642
2116.896439,1231.000000,4.529319,-27.300304,712.848515,4.537390,27.303524,-0.078640
2116.819335,1232.000000,4.521700,-27.202491,712.827535,4.528875,27.205543,-0.058822
2116.764582,1233.000000,4.516295,-27.104955,712.813664,4.522890,27.107896,-0.046006
2116.749885,1234.000000,4.514856,-27.007905,712.812534,4.521439,27.010841,-0.045734
2116.776935,1235.000000,4.517553,-26.911358,712.824681,4.524711,26.914396,-0.058538
2116.817828,1236.000000,4.521620,-26.814973,712.841231,4.529551,26.818150,-0.075677
2116.844883,1237.000000,4.524317,-26.718418,712.853379,4.532824,26.721698,-0.088480
2116.858559,1238.000000,4.525688,-26.621701,712.861269,4.534583,26.625049,-0.097091
2116.868413,1239.000000,4.526682,-26.524937,712.867942,4.535910,26.528342,-0.104504
2116.870824,1240.000000,4.526938,-26.428083,712.872246,4.536394,26.431527,-0.109584
2116.837696,1241.000000,4.523674,-26.330811,712.865243,4.532856,26.334200,-0.103530
2116.777699,1242.000000,4.517750,-26.233225,712.849691,4.526277,26.236491,-0.089057
2116.730104,1243.000000,4.513054,-26.135789,712.838083,4.521101,26.138963,-0.078468
2116.714343,1244.000000,4.511510,-26.038726,712.836601,4.519528,26.041891,-0.077850
2116.724043,1245.000000,4.512488,-25.941958,712.843217,4.520837,25.945181,-0.085207
2116.737049,1246.000000,4.513794,-25.845227,712.850883,4.522520,25.848515,-0.093598
2116.724181,1247.000000,4.512537,-25.748196,712.850317,4.521275,25.751483,-0.093882
2116.676309,1248.000000,4.507813,-25.650765,712.838615,4.516068,25.653959,-0.083200
2116.615576,1249.000000,4.501817,-25.553190,712.822821,4.509406,25.556258,-0.068489
2116.577628,1250.000000,4.498076,-25.455878,712.814274,4.505322,25.458880,-0.060913
2116.564661,1251.000000,4.496810,-25.358852,712.813671,4.504065,25.361852,-0.061162
2116.546747,1252.000000,4.495053,-25.261770,712.811494,4.502249,25.264755,-0.059859
2116.511499,1253.000000,4.491581,-25.164493,712.803802,4.498471,25.167419,-0.053126
2116.481431,1254.000000,4.488621,-25.067277,712.797756,4.495279,25.070157,-0.048014
2116.490710,1255.000000,4.489557,-24.970502,712.804224,4.496539,24.973438,-0.055225
2116.525584,1256.000000,4.493028,-24.874009,712.818833,4.500696,24.877067,-0.070452
2116.527387,1257.000000,4.493224,-24.777146,712.822921,4.501110,24.780241,-0.075318
2116.506950,1258.000000,4.491217,-24.680037,712.819933,4.499008,24.683111,-0.073218
2116.420521,1259.000000,4.482677,-24.582204,712.795954,4.489438,24.585085,-0.050445
2116.390735,1260.000000,4.479745,-24.484998,712.789990,4.486278,24.487833,-0.045414
2116.426953,1261.000000,4.483349,-24.388511,712.805019,4.490586,24.391473,-0.061055
2116.485462,1262.000000,4.489160,-24.292263,712.827138,4.497417,24.295409,-0.083677
2116.451138,1263.000000,4.485779,-24.195006,712.819726,4.493743,24.198094,-0.077220
2116.454795,1264.000000,4.486158,-24.098159,712.824395,4.494367,24.101289,-0.082659
2116.511987,1265.000000,4.491839,-24.001885,712.846092,4.501048,24.005196,-0.104866
2116.465007,1266.000000,4.487205,-23.904493,712.834650,4.495942,23.907713,-0.094440
2116.409328,1267.000000,4.481709,-23.807012,712.820440,4.489851,23.810119,-0.081288
2116.359163,1268.000000,4.476760,-23.709593,712.807984,4.484385,23.712602,-0.069862
2116.312984,1269.000000,4.472205,-23.612220,712.796794,4.479369,23.615140,-0.059684
2116.269894,1270.000000,4.467956,-23.514882,712.786586,4.474704,23.517722,-0.050473
2116.240941,1271.000000,4.465107,-23.417695,712.780873,4.471638,23.420491,-0.045688
2116.232117,1272.000000,4.464251,-23.320719,712.781561,4.470849,23.323524,-0.047207
2116.229324,1273.000000,4.463992,-23.223805,712.784166,4.470742,23.226635,-0.050613
2116.224995,1274.000000,4.463581,-23.126875,712.786281,4.470462,23.129726,-0.053537
2116.229501,1275.000000,4.464045,-23.030035,712.791205,4.471181,23.032929,-0.059227
2116.246235,1276.000000,4.465719,-22.933319,712.800017,4.473283,22.936289,-0.068745
2116.259624,1277.000000,4.467063,-22.836567,712.807764,4.475008,22.839603,-0.077215
2116.224054,1278.000000,4.463559,-22.739315,712.799937,4.471192,22.742291,-0.070348
2116.179870,1279.000000,4.459202,-22.641979,712.789369,4.466403,22.644871,-0.060782
2116.163197,1280.000000,4.457569,-22.544922,712.787550,4.464725,22.547803,-0.059832
2116.151836,1281.000000,4.456462,-22.447919,712.787419,4.463649,22.450802,-0.060544
2116.131219,1282.000000,4.454438,-22.350824,712.784343,4.461525,22.353685,-0.058356
2116.115335,1283.000000,4.452883,-22.253777,712.782772,4.459937,22.256628,-0.057649
2116.115439,1284.000000,4.452911,-22.156888,712.786284,4.460158,22.159772,-0.061948
2116.125844,1285.000000,4.453959,-22.060100,712.793071,4.461544,22.063042,-0.069473
2116.126475,1286.000000,4.454039,-21.963215,712.796748,4.461824,21.966190,-0.073935
2116.100798,1287.000000,4.451515,-21.866071,712.792056,4.459128,21.869011,-0.070155
2116.047040,1288.000000,4.446211,-21.768656,712.778432,4.453255,21.771488,-0.057579
2115.978165,1289.000000,4.439411,-21.671099,712.759999,4.445672,21.673783,-0.040267
2115.930283,1290.000000,4.434689,-21.573748,712.748241,4.440464,21.576340,-0.029529
2115.921340,1291.000000,4.433821,-21.476775,712.748867,4.439661,21.479374,-0.030986
2115.936076,1292.000000,4.435297,-21.380027,712.757022,4.441536,21.382696,-0.039857
2115.953911,1293.000000,4.437080,-21.283306,712.766161,4.443762,21.286054,-0.049698
2115.951610,1294.000000,4.436870,-21.186393,712.768895,4.443710,21.189166,-0.053231
2115.924653,1295.000000,4.434220,-21.089246,712.763786,4.440869,21.091981,-0.049040
2115.899144,1296.000000,4.431712,-20.992115,712.759136,4.438191,20.994815,-0.045301
2115.885434,1297.000000,4.430373,-20.895095,712.758237,4.436849,20.897791,-0.045257
2115.869061,1298.000000,4.428770,-20.798051,712.756491,4.435205,20.800736,-0.044378
2115.835982,1299.000000,4.425513,-20.700852,712.749430,4.431671,20.703483,-0.038264
2115.790491,1300.000000,4.421029,-20.603542,712.738420,4.426733,20.606085,-0.028263
2115.752952,1301.000000,4.417331,-20.506307,712.729939,4.422695,20.508785,-0.020751
2115.734903,1302.000000,4.415562,-20.409253,712.727654,4.420862,20.411714,-0.019341
2115.725576,1303.000000,4.414657,-20.312278,712.728142,4.420015,20.314747,-0.020662
2115.720086,1304.000000,4.414131,-20.215337,712.729848,4.419601,20.217823,-0.023182
2115.738071,1305.000000,4.415929,-20.118607,712.739019,4.421843,20.121172,-0.033054
2115.772130,1306.000000,4.419318,-20.022018,712.753300,4.425903,20.024703,-0.047959
2115.795375,1307.000000,4.421636,-19.925329,712.764142,4.428740,19.928106,-0.059476
2115.805973,1308.000000,4.422703,-19.828525,712.770960,4.430147,19.831361,-0.067030
2115.809537,1309.000000,4.423073,-19.731658,712.775540,4.430758,19.734534,-0.072381
2115.811724,1310.000000,4.423308,-19.634777,712.779680,4.431213,19.637691,-0.077299
2115.810148,1311.000000,4.423170,-19.537862,712.782623,4.431242,19.540803,-0.081037
2115.794601,1312.000000,4.421648,-19.440826,712.781120,4.429691,19.443757,-0.080398
2115.757322,1313.000000,4.417976,-19.343602,712.772705,4.425681,19.346468,-0.072950
2115.701796,1314.000000,4.412499,-19.246223,712.758485,4.419608,19.248976,-0.059787
2115.652277,1315.000000,4.407615,-19.148900,712.746175,4.414214,19.151556,-0.048504
2115.648902,1316.000000,4.407299,-19.051973,712.748539,4.414039,19.054651,-0.051671
2115.682426,1317.000000,4.410635,-18.955357,712.762636,4.418038,18.958154,-0.066395
2115.714825,1318.000000,4.413859,-18.858728,712.776375,4.421910,18.861640,-0.080765
2115.718186,1319.000000,4.414210,-18.761852,712.780877,4.422498,18.764805,-0.086039
2115.700903,1320.000000,4.412517,-18.664803,712.778812,4.420750,18.667742,-0.084846
2115.682886,1321.000000,4.410752,-18.567748,712.776513,4.418919,18.570672,-0.083421
2115.658172,1322.000000,4.408324,-18.470639,712.772082,4.416330,18.473529,-0.079897
2115.615983,1323.000000,4.404166,-18.373388,712.762092,4.411765,18.376200,-0.070899
2115.570831,1324.000000,4.399715,-18.276115,712.751159,4.406865,18.278841,-0.060972
2115.540152,1325.000000,4.396697,-18.178963,712.744827,4.403602,18.181640,-0.055577
2115.516191,1326.000000,4.394344,-18.081866,712.740631,4.401098,18.084513,-0.052284
2115.484821,1327.000000,4.391257,-17.984712,712.734078,4.397757,17.987308,-0.046670
2115.455080,1328.000000,4.388332,-17.887572,712.728041,4.394600,17.890122,-0.041565
2115.448096,1329.000000,4.387659,-17.790615,712.729240,4.394017,17.793177,-0.043585
2115.454669,1330.000000,4.388327,-17.693764,712.734748,4.394967,17.696375,-0.049850
2115.444756,1331.000000,4.387364,-17.596783,712.735013,4.394052,17.599399,-0.050951
2115.487371,1332.000000,4.391599,-17.500211,712.751982,4.399078,17.502970,-0.068502
2115.458419,1333.000000,4.388752,-17.403079,712.746189,4.396010,17.405794,-0.063637
2115.442982,1334.000000,4.387242,-17.306054,712.744693,4.394470,17.308759,-0.063003
2115.433582,1335.000000,4.386330,-17.209075,712.745116,4.393613,17.211787,-0.064259
2115.420115,1336.000000,4.385015,-17.112064,712.744244,4.392296,17.114772,-0.064240
2115.401520,1337.000000,4.383193,-17.015015,712.741740,4.390399,17.017706,-0.062614
2115.376244,1338.000000,4.380710,-16.917917,712.737110,4.387747,16.920573,-0.058894
2115.335645,1339.000000,4.376710,-16.820704,712.727606,4.383362,16.823286,-0.050374
2115.287014,1340.000000,4.371916,-16.723435,712.715547,4.378068,16.725921,-0.039337
2115.244665,1341.000000,4.367744,-16.626215,712.705484,4.373485,16.628622,-0.030267
2115.225745,1342.000000,4.365890,-16.529171,712.702871,4.371551,16.531560,-0.028532
2115.237696,1343.000000,4.367090,-16.432354,712.710072,4.373108,16.434805,-0.036464
2115.262180,1344.000000,4.369531,-16.335626,712.721258,4.376083,16.338172,-0.048320
2115.289880,1345.000000,4.372290,-16.238919,712.733466,4.379421,16.241568,-0.061183
2115.304244,1346.000000,4.373729,-16.142112,712.741432,4.381251,16.144830,-0.069867
2115.284492,1347.000000,4.371792,-16.045059,712.738547,4.379223,16.047756,-0.067865
2115.239145,1348.000000,4.367323,-15.947824,712.727521,4.374300,15.950434,-0.057846
2115.187623,1349.000000,4.362243,-15.850549,712.714531,4.368679,15.853056,-0.045892
2115.139838,1350.000000,4.357533,-15.753304,712.702728,4.363481,15.755717,-0.035108
2115.105871,1351.000000,4.354191,-15.656158,712.695318,4.359846,15.658514,-0.028650
2115.093382,1352.000000,4.352973,-15.559164,712.694737,4.358639,15.561519,-0.028916
2115.088696,1353.000000,4.352528,-15.462223,712.696635,4.358314,15.464597,-0.031625
2115.075491,1354.000000,4.351239,-15.365224,712.695823,4.357026,15.367594,-0.031665
2115.061337,1355.000000,4.349857,-15.268218,712.694708,4.355631,15.270583,-0.031406
2115.067800,1356.000000,4.350514,-15.171353,712.700148,4.356567,15.173765,-0.037602
2115.101901,1357.000000,4.353906,-15.074672,712.714375,4.360628,15.077204,-0.052453
2115.135236,1358.000000,4.357223,-14.977982,712.728357,4.364602,14.980631,-0.067063
2115.135117,1359.000000,4.357229,-14.881066,712.731700,4.364794,14.883746,-0.071195
2115.104606,1360.000000,4.354228,-14.783948,712.725377,4.361549,14.786580,-0.065807
2115.054084,1361.000000,4.349248,-14.686701,712.712689,4.356041,14.689232,-0.054150
2114.997030,1362.000000,4.343621,-14.589415,712.697923,4.349794,14.591828,-0.040447
2114.954032,1363.000000,4.339385,-14.492224,712.687626,4.345137,14.494556,-0.031145
2114.939115,1364.000000,4.337928,-14.395216,712.686257,4.343655,14.397541,-0.030636
2114.947992,1365.000000,4.338824,-14.298361,712.692452,4.344864,14.300739,-0.037576
2114.969325,1366.000000,4.340953,-14.201582,712.702607,4.347480,14.204047,-0.048417
2114.988810,1367.000000,4.342898,-14.104789,712.712173,4.349888,14.107336,-0.058677
2114.992766,1368.000000,4.343308,-14.007897,712.716800,4.350540,14.010485,-0.064073
2114.977169,1369.000000,4.341783,-13.910882,712.715208,4.348981,13.913460,-0.063344
2114.949968,1370.000000,4.339110,-13.813796,712.709925,4.346110,13.816334,-0.058980
2114.922359,1371.000000,4.336397,-13.716709,712.704510,4.343192,13.719205,-0.054486
2114.903833,1372.000000,4.334582,-13.619678,712.701983,4.341302,13.622157,-0.052836
2114.907607,1373.000000,4.334974,-13.522783,712.706546,4.341933,13.525303,-0.058169
2114.930982,1374.000000,4.337305,-13.426004,712.717340,4.344780,13.428615,-0.069639
2114.945752,1375.000000,4.338784,-13.329171,712.725396,4.346654,13.331852,-0.078412
2114.935173,1376.000000,4.337756,-13.232186,712.725391,4.345662,13.234870,-0.079246
2114.897389,1377.000000,4.334036,-13.135042,712.716733,4.341594,13.137658,-0.071558
2114.839500,1378.000000,4.328327,-13.037782,712.701681,4.335253,13.040279,-0.057572
2114.803791,1379.000000,4.324813,-12.940656,712.693681,4.331419,12.943090,-0.050532
2114.817123,1380.000000,4.326150,-12.843812,712.701273,4.333130,12.846311,-0.058848
2114.858280,1381.000000,4.330240,-12.747125,712.717712,4.337988,12.749762,-0.075878
2114.898984,1382.000000,4.334285,-12.650430,712.734007,4.342794,12.653204,-0.092765
2114.909055,1383.000000,4.335300,-12.553560,712.740560,4.344136,12.556391,-0.100058
2114.871493,1384.000000,4.331602,-12.456423,712.731963,4.340093,12.459186,-0.092429
2114.804017,1385.000000,4.324945,-12.359123,712.713852,4.332667,12.361742,-0.075431
2114.753694,1386.000000,4.319985,-12.261922,712.701196,4.327181,12.264441,-0.063805
2114.740174,1387.000000,4.318666,-12.164925,712.700241,4.325856,12.167439,-0.063703
2114.726942,1388.000000,4.317375,-12.067929,712.699376,4.324564,12.070439,-0.063690
2114.683716,1389.000000,4.313117,-11.970773,712.688973,4.319880,11.973201,-0.054282
2114.624509,1390.000000,4.307279,-11.873536,712.673487,4.313390,11.875840,-0.039869
2114.577543,1391.000000,4.302652,-11.776367,712.661893,4.308284,11.778579,-0.029289
2114.567211,1392.000000,4.301648,-11.679392,712.661945,4.307319,11.681608,-0.030179
2114.612733,1393.000000,4.306169,-11.582706,712.679755,4.312668,11.585071,-0.048558
2114.659588,1394.000000,4.310822,-11.486021,712.697988,4.318169,11.488539,-0.067355
2114.684661,1395.000000,4.313321,-11.389221,712.709295,4.321206,11.391835,-0.079329
2114.699556,1396.000000,4.314813,-11.292367,712.717364,4.323093,11.295050,-0.088115
2114.708410,1397.000000,4.315707,-11.195480,712.723510,4.324298,11.198217,-0.095007
2114.702462,1398.000000,4.315137,-11.098519,712.724949,4.323828,11.101270,-0.097263
2114.664136,1399.000000,4.311364,-11.001398,712.716090,4.319698,11.004080,-0.089376
2114.609816,1400.000000,4.306009,-10.904201,712.702144,4.313760,10.906773,-0.076479
2114.568525,1401.000000,4.301943,-10.807072,712.692341,4.309294,10.809566,-0.067662
2114.552147,1402.000000,4.300342,-10.710064,712.690457,4.307646,10.712546,-0.066646
2114.566897,1403.000000,4.301819,-10.613203,712.698471,4.309516,10.615755,-0.075376
2114.616626,1404.000000,4.306756,-10.516505,712.717606,4.315340,10.519216,-0.095061
2114.642143,1405.000000,4.309299,-10.419689,712.729041,4.318428,10.422497,-0.107162
2114.597644,1406.000000,4.304916,-10.322548,712.718210,4.313600,10.325270,-0.097333
2114.483426,1407.000000,4.293636,-10.225091,712.685209,4.300890,10.227547,-0.065668
2114.455771,1408.000000,4.290919,-10.128035,712.679732,4.297966,10.130449,-0.061112
2114.412773,1409.000000,4.286685,-10.030911,712.669376,4.293308,10.033243,-0.051751
2114.405675,1410.000000,4.286002,-9.933949,712.670433,4.292708,9.936294,-0.053630
2114.417747,1411.000000,4.287214,-9.837071,712.677584,4.294275,9.839477,-0.061511
2114.433707,1412.000000,4.288811,-9.740208,712.685970,4.296281,9.742686,-0.070609
2114.435323,1413.000000,4.288989,-9.643281,712.689794,4.296666,9.645794,-0.075214
2114.428649,1414.000000,4.288348,-9.546318,712.690981,4.296114,9.548844,-0.077221
2114.423111,1415.000000,4.287818,-9.449359,712.692528,4.295690,9.451901,-0.079582
2114.414970,1416.000000,4.287032,-9.352389,712.693245,4.294971,9.354940,-0.081127
2114.402341,1417.000000,4.285801,-9.255400,712.692535,4.293746,9.257948,-0.081265
2114.403105,1418.000000,4.285895,-9.158466,712.696081,4.294034,9.161047,-0.085597
2114.433712,1419.000000,4.288941,-9.061652,712.709116,4.297696,9.064342,-0.099273
2114.432481,1420.000000,4.288838,-8.964707,712.712026,4.297759,8.967424,-0.102977
2114.292127,1421.000000,4.274975,-8.867210,712.670697,4.282095,8.869593,-0.063110
2114.164021,1422.000000,4.262324,-8.769773,712.633266,4.267817,8.771852,-0.027080
2114.804520,1423.000000,4.325699,-8.675322,712.840248,4.340430,8.679098,-0.231782
2113.828254,1452.000000,4.229681,-5.860562,712.624853,4.235896,5.862670,-0.043924
2113.720268,1464.000000,4.219230,-4.696949,712.629528,4.226091,4.699134,-0.058576
2113.196119,1500.000000,4.168096,-1.205891,712.578789,4.174016,1.207778,-0.038724
2112.304462,1573.000000,4.081394,5.872237,712.525162,4.087593,-5.870552,-0.046907
2111.932451,1628.000000,4.045732,11.206040,712.575464,4.056174,-11.203764,-0.142365
2111.886590,1629.000000,4.041221,11.302830,712.563915,4.051186,-11.300646,-0.131821
2111.754905,1630.000000,4.028234,11.399180,712.525088,4.036509,-11.397310,-0.094404
2111.644175,1631.000000,4.017317,11.495627,712.492924,4.024199,-11.494018,-0.063550
2111.636950,1632.000000,4.016624,11.592601,712.493651,4.023574,-11.590983,-0.065101
2111.627993,1633.000000,4.015759,11.689567,712.493827,4.022753,-11.687944,-0.066108
2111.604837,1634.000000,4.013492,11.786458,712.489490,4.020330,-11.784867,-0.062668
2111.582629,1635.000000,4.011319,11.883352,712.485452,4.018014,-11.881791,-0.059525
2111.593241,1636.000000,4.012387,11.980422,712.491843,4.019402,-11.978805,-0.066654
2111.632202,1637.000000,4.016255,12.077646,712.507241,4.023992,-12.075900,-0.082659
2111.644887,1638.000000,4.017528,12.174731,712.514288,4.025614,-12.172924,-0.090435
2111.612184,1639.000000,4.014318,12.271570,712.506910,4.022113,-12.269820,-0.084000
2111.573053,1640.000000,4.010473,12.368371,712.497488,4.017886,-12.366695,-0.075551
2111.564882,1641.000000,4.009687,12.465342,712.497903,4.017154,-12.463660,-0.076794
2111.580233,1642.000000,4.011223,12.562446,712.505792,4.019077,-12.560695,-0.085400
2111.593652,1643.000000,4.012568,12.659540,712.513066,4.020782,-12.657727,-0.093400
2111.599076,1644.000000,4.013124,12.756591,712.517798,4.021585,-12.754736,-0.098896
2111.591060,1645.000000,4.012352,12.853567,712.518257,4.020870,-12.851704,-0.100182
2111.556881,1646.000000,4.008997,12.950391,712.510401,4.017202,-12.948590,-0.093276
2111.519209,1647.000000,4.005296,13.047193,712.501433,4.013139,-13.045462,-0.085275
2111.495316,1648.000000,4.002957,13.144073,712.496843,4.010632,-13.142377,-0.081586
2111.477604,1649.000000,4.001228,13.240989,712.494216,4.008823,-13.239311,-0.079831
2111.534360,1650.000000,4.006853,13.338348,712.515253,4.015420,-13.336494,-0.101391
2111.517754,1651.000000,4.005233,13.435272,712.512974,4.013735,-13.433434,-0.099980
2111.509171,1652.000000,4.004406,13.532245,712.513244,4.012956,-13.530401,-0.101079
2111.509903,1653.000000,4.004498,13.629274,712.516473,4.013229,-13.627400,-0.105094
2111.514378,1654.000000,4.004960,13.726327,712.520891,4.013924,-13.724414,-0.110280
2111.512465,1655.000000,4.004792,13.823342,712.523277,4.013897,-13.821406,-0.113464
2111.516982,1656.000000,4.005258,13.920397,712.527705,4.014597,-13.918422,-0.118660
2111.515916,1657.000000,4.005173,14.017419,712.530357,4.014667,-14.015419,-0.122107
2111.501774,1658.000000,4.003797,14.114360,712.528853,4.013260,-14.112369,-0.121459
2111.493143,1659.000000,4.002964,14.211335,712.529099,4.012475,-14.209339,-0.122534
2111.457949,1660.000000,3.999509,14.308141,712.520901,4.008691,-14.306208,-0.115291
2111.396090,1661.000000,3.993420,14.404773,712.504228,4.001897,-14.402973,-0.099699
2111.342664,1662.000000,3.988164,14.501455,712.490235,3.996056,-14.499767,-0.086746
2111.310907,1663.000000,3.985049,14.598275,712.483126,3.992661,-14.596642,-0.080576
2111.291847,1664.000000,3.983187,14.695176,712.480052,3.990698,-14.693565,-0.078380
2111.285637,1665.000000,3.982594,14.792161,712.481059,3.990187,-14.790538,-0.080205
2111.284611,1666.000000,3.982513,14.889181,712.483712,3.990260,-14.887533,-0.083653
2111.274343,1667.000000,3.981519,14.986140,712.483427,3.989290,-14.984491,-0.084205
2111.257803,1668.000000,3.979906,15.083057,712.481148,3.987612,-15.081424,-0.082793
2111.240770,1669.000000,3.978244,15.179970,712.478711,3.985878,-15.178353,-0.081225
2111.229127,1670.000000,3.977115,15.276919,712.477985,3.984753,-15.275305,-0.081343
2111.233653,1671.000000,3.977582,15.373979,712.482396,3.985453,-15.372326,-0.086523
2111.252554,1672.000000,3.979469,15.471139,712.491374,3.987775,-15.469409,-0.096201
2111.273124,1673.000000,3.981520,15.568314,712.500881,3.990286,-15.566503,-0.106401
2111.286544,1674.000000,3.982866,15.665441,712.508114,3.991990,-15.663568,-0.114361
2111.287685,1675.000000,3.982999,15.762484,712.511445,3.992307,-15.760580,-0.118475
2111.273053,1676.000000,3.981574,15.859416,712.509761,3.990845,-15.857523,-0.117650
2111.247684,1677.000000,3.979090,15.956272,712.504664,3.988169,-15.954417,-0.113462
2111.217846,1678.000000,3.976164,16.053094,712.498146,3.984990,-16.051290,-0.107873
2111.193254,1679.000000,3.973756,16.149953,712.493293,3.982403,-16.148185,-0.103925
2111.181935,1680.000000,3.972658,16.246906,712.492658,3.981313,-16.245140,-0.104132
2111.163041,1681.000000,3.970813,16.343804,712.489613,3.979369,-16.342060,-0.101965
2111.115433,1682.000000,3.966133,16.440491,712.477443,3.974184,-16.438843,-0.090808
2111.047729,1683.000000,3.959468,16.537026,712.458887,3.966731,-16.535527,-0.073358
2111.003540,1684.000000,3.955126,16.633731,712.447802,3.961932,-16.632319,-0.063270
2111.025767,1685.000000,3.957340,16.730929,712.457818,3.964628,-16.729431,-0.073972
2111.091859,1686.000000,3.963886,16.828459,712.481773,3.972276,-16.826762,-0.098406
2111.152153,1687.000000,3.969860,16.925952,712.503885,3.979270,-16.924071,-0.121025
2111.179434,1688.000000,3.972575,17.023200,712.515506,3.982538,-17.021220,-0.133307
2111.183628,1689.000000,3.973009,17.120275,712.519788,3.983199,-17.118257,-0.138359
2111.179940,1690.000000,3.972666,17.217291,712.521565,3.982971,-17.215255,-0.140942
2111.139166,1691.000000,3.968660,17.314020,712.511554,3.978556,-17.312064,-0.131912
2111.075104,1692.000000,3.962355,17.410567,712.494141,3.971513,-17.408749,-0.115589
2111.007981,1693.000000,3.955748,17.507084,712.475755,3.964125,-17.505414,-0.098308
2110.939434,1694.000000,3.949000,17.603586,712.456917,3.956576,-17.602067,-0.080580
2110.878914,1695.000000,3.943046,17.700146,712.440628,3.949934,-17.698757,-0.065364
2110.838434,1696.000000,3.939070,17.796861,712.430706,3.945553,-17.795550,-0.056421
2110.821754,1697.000000,3.937444,17.893763,712.428345,3.943858,-17.892468,-0.054928
2110.835671,1698.000000,3.938838,17.990911,712.435704,3.945616,-17.989552,-0.063011
2110.866833,1699.000000,3.941935,18.088199,712.448542,3.949320,-18.086733,-0.076492
2110.864777,1700.000000,3.941752,18.185222,712.450823,3.949276,-18.183733,-0.079573
2110.822791,1701.000000,3.937628,18.281920,712.440416,3.944725,-18.280513,-0.070152
2110.786239,1702.000000,3.934040,18.378659,712.431734,3.940787,-18.377320,-0.062431
2110.787440,1703.000000,3.934179,18.475708,712.435047,3.941110,-18.474339,-0.066527
2110.819806,1704.000000,3.937395,18.573016,712.448260,3.944950,-18.571535,-0.080378
2110.839510,1705.000000,3.939360,18.670222,712.457449,3.947361,-18.668663,-0.090264
2110.822224,1706.000000,3.937674,18.767121,712.454884,3.945597,-18.765579,-0.088569
2110.772366,1707.000000,3.932773,18.863745,712.441967,3.940157,-18.862306,-0.076676
2110.723448,1708.000000,3.927964,18.960374,712.429349,3.934824,-18.959035,-0.065076
2110.714578,1709.000000,3.927109,19.057340,712.429454,3.934010,-19.055997,-0.066012
2110.741865,1710.000000,3.929823,19.154615,712.441045,3.937276,-19.153174,-0.078265
2110.773908,1711.000000,3.933007,19.251934,712.454147,3.941079,-19.250382,-0.092006
2110.786104,1712.000000,3.934232,19.349086,712.460941,3.942642,-19.347475,-0.099533
2110.775689,1713.000000,3.933224,19.446043,712.460550,3.941654,-19.444432,-0.099980
2110.749787,1714.000000,3.930688,19.542865,712.455236,3.938917,-19.541295,-0.095577
2110.719124,1715.000000,3.927681,19.639645,712.448409,3.935644,-19.638127,-0.089682
2110.699209,1716.000000,3.925736,19.736517,712.444995,3.933583,-19.735024,-0.087151
2110.693814,1717.000000,3.925224,19.833517,712.446193,3.933161,-19.832010,-0.089164
2110.693585,1718.000000,3.925222,19.930563,712.449032,3.933321,-19.929030,-0.092794
2110.702202,1719.000000,3.926093,20.027689,712.454680,3.934480,-20.026107,-0.099191
2110.733084,1720.000000,3.929163,20.125017,712.467401,3.938152,-20.123327,-0.112558
2110.789276,1721.000000,3.934731,20.222576,712.488165,3.944680,-20.220714,-0.133848
2110.821289,1722.000000,3.937912,20.319923,712.501244,3.948480,-20.317950,-0.147568
2110.780270,1723.000000,3.933883,20.416607,712.491115,3.944036,-20.414714,-0.138419
2110.687791,1724.000000,3.924774,20.512818,712.464632,3.933786,-20.511138,-0.113158
2110.593964,1725.000000,3.915532,20.609009,712.437721,3.923384,-20.607547,-0.087476
2110.545446,1726.000000,3.910764,20.705612,712.425207,3.918095,-20.704249,-0.075978
2110.537040,1727.000000,3.909955,20.802584,712.425436,3.917333,-20.801216,-0.077035
2110.552785,1728.000000,3.911530,20.899782,712.433336,3.919295,-20.898345,-0.085652
2110.570243,1729.000000,3.913274,20.996997,712.441780,3.921451,-20.995488,-0.094804
2110.560639,1730.000000,3.912346,21.093961,712.441624,3.920553,-21.092450,-0.095483
2110.513602,1731.000000,3.907724,21.190570,712.429574,3.915432,-21.189154,-0.084441
2110.461252,1732.000000,3.902577,21.287126,712.415834,3.909710,-21.285820,-0.071736
2110.545548,1733.000000,3.910919,21.384982,712.445509,3.919408,-21.383429,-0.101806
2110.507942,1734.000000,3.907228,21.481678,712.436450,3.915350,-21.480196,-0.093714
2110.582171,1735.000000,3.914576,21.579448,712.462925,3.923912,-21.577747,-0.120631
2110.630861,1736.000000,3.919403,21.676979,712.481285,3.929592,-21.675124,-0.139553
2110.618235,1737.000000,3.918178,21.773919,712.480160,3.928353,-21.772070,-0.139277
2110.559603,1738.000000,3.912410,21.870410,712.464414,3.921922,-21.868686,-0.124595
2110.459361,1739.000000,3.902536,21.966488,712.435448,3.910796,-21.964999,-0.096886
2110.401894,1740.000000,3.896884,22.062981,712.420072,3.904497,-22.061614,-0.082568
2110.299202,1741.000000,3.886770,22.159022,712.390328,3.893096,-22.157895,-0.054093
2110.268426,1742.000000,3.883753,22.255769,712.383430,3.889809,-22.254695,-0.048128
2110.311376,1743.000000,3.888013,22.353250,712.399953,3.894840,-22.352038,-0.065241
2110.363957,1744.000000,3.893223,22.450832,712.419536,3.900958,-22.449456,-0.085367
2110.376652,1745.000000,3.894497,22.548018,712.426445,3.902575,-22.546582,-0.093007
2110.355704,1746.000000,3.892450,22.644866,712.422664,3.900397,-22.643458,-0.090114
2110.321410,1747.000000,3.889086,22.741578,712.414642,3.896712,-22.740232,-0.083041
2110.275504,1748.000000,3.884576,22.838169,712.402929,3.891718,-22.836916,-0.072333
2110.218459,1749.000000,3.878967,22.934643,712.387677,3.885467,-22.933512,-0.058136
2110.160518,1750.000000,3.873270,23.031105,712.372140,3.879115,-23.030098,-0.043659
2110.123892,1751.000000,3.869676,23.127782,712.363373,3.875168,-23.126843,-0.035852
2110.128638,1752.000000,3.870165,23.224885,712.367747,3.875888,-23.223907,-0.040994
2110.162118,1753.000000,3.873490,23.322289,712.381248,3.879849,-23.321197,-0.055128
2110.197725,1754.000000,3.877025,23.419719,712.395424,3.884051,-23.418508,-0.069928
2110.225165,1755.000000,3.879754,23.517067,712.407004,3.887332,-23.515758,-0.082170
2110.229480,1756.000000,3.880201,23.614175,712.411237,3.888003,-23.612828,-0.087172
2110.194450,1757.000000,3.876764,23.710867,712.402968,3.884235,-23.709585,-0.079856
2110.138326,1758.000000,3.871246,23.807334,712.387997,3.878088,-23.806171,-0.065936
2110.097187,1759.000000,3.867207,23.903956,712.377785,3.873631,-23.902874,-0.056706
2110.089458,1760.000000,3.866466,24.000934,712.378186,3.872943,-23.999845,-0.057933
2110.101951,1761.000000,3.867719,24.098129,712.385010,3.874537,-24.096981,-0.065488
2110.107828,1762.000000,3.868320,24.195255,712.389730,3.875384,-24.194065,-0.070971
2110.084110,1763.000000,3.866000,24.292062,712.385048,3.872893,-24.290907,-0.067189
2110.037529,1764.000000,3.861425,24.388618,712.373101,3.867822,-24.387558,-0.056249
2109.996322,1765.000000,3.857379,24.485230,712.362860,3.863358,-24.484250,-0.046990
2109.962074,1766.000000,3.854021,24.581916,712.354830,3.859678,-24.580999,-0.039908
2109.926455,1767.000000,3.850527,24.678585,712.346362,3.855844,-24.677733,-0.032396
2109.901109,1768.000000,3.848047,24.775365,712.341156,3.853169,-24.774553,-0.028098
2109.910637,1769.000000,3.849008,24.872530,712.347027,3.854427,-24.871667,-0.034714
2109.955122,1770.000000,3.853418,24.970087,712.364001,3.859629,-24.969082,-0.052271
2109.977672,1771.000000,3.855664,25.067404,712.374006,3.862357,-25.066313,-0.062961
2109.957236,1772.000000,3.853669,25.164240,712.370355,3.860235,-25.163176,-0.060194
2109.921022,1773.000000,3.850116,25.260898,712.361690,3.856334,-25.259902,-0.052488
2109.882885,1774.000000,3.846374,25.357532,712.352413,3.852215,-25.356608,-0.044178
2109.852842,1775.000000,3.843431,25.454255,712.345706,3.849010,-25.453384,-0.038401
2109.840097,1776.000000,3.842194,25.551174,712.344493,3.847756,-25.550309,-0.038037
2109.838179,1777.000000,3.842026,25.648217,712.346718,3.847723,-25.647330,-0.041060
2109.823582,1778.000000,3.840606,25.745115,712.344913,3.846260,-25.744240,-0.040114
2109.802554,1779.000000,3.838553,25.841938,712.341065,3.844071,-25.841091,-0.037153
2109.810014,1780.000000,3.839310,25.939090,712.346265,3.845096,-25.938197,-0.043107
2109.840768,1781.000000,3.842365,26.036514,712.358862,3.848748,-26.035515,-0.056352
2109.848088,1782.000000,3.843109,26.133669,712.364015,3.849757,-26.132624,-0.062260
2109.802245,1783.000000,3.838606,26.230202,712.352279,3.844769,-26.229251,-0.051527
2109.730454,1784.000000,3.831544,26.326428,712.332300,3.836854,-26.325637,-0.032672
2109.668937,1785.000000,3.825495,26.422770,712.315583,3.830099,-26.422112,-0.017031
2109.646650,1786.000000,3.823318,26.519572,712.311326,3.827768,-26.518946,-0.013668
2109.658045,1787.000000,3.824463,26.616772,712.317766,3.829236,-26.616090,-0.020844
2109.679869,1788.000000,3.826637,26.714099,712.327517,3.831881,-26.713334,-0.031284
2109.714985,1789.000000,3.830123,26.811588,712.341489,3.836024,-26.810705,-0.045882
2109.756151,1790.000000,3.834206,26.909153,712.357383,3.840850,-26.908136,-0.062374
2109.770775,1791.000000,3.835670,27.006402,712.364844,3.842683,-27.005322,-0.070557
2109.737638,1792.000000,3.832421,27.103077,712.357132,3.839127,-27.102056,-0.063789
2109.672292,1793.000000,3.825995,27.199359,712.339188,3.831939,-27.198481,-0.046939
2109.596337,1794.000000,3.818522,27.295506,712.317874,3.823555,-27.294800,-0.026767
2109.544120,1795.000000,3.813392,27.391938,712.304099,3.817849,-27.391342,-0.014025
2109.534872,1796.000000,3.812501,27.488894,712.303971,3.816988,-27.488295,-0.014729
2109.538813,1797.000000,3.812910,27.586012,712.308030,3.817615,-27.585377,-0.019560
2109.531280,1798.000000,3.812188,27.682989,712.308443,3.816947,-27.682348,-0.020798
2109.512095,1799.000000,3.810317,27.779823,712.305155,3.814966,-27.779205,-0.018389
2109.480460,1800.000000,3.807217,27.876500,712.297911,3.811581,-27.875938,-0.012082
2109.503578,1801.000000,3.809519,27.973859,712.308056,3.814370,-27.973211,-0.022909
2109.437630,1802.000000,3.803034,28.070106,712.289911,3.807115,-28.069603,-0.005860
2109.397050,1803.000000,3.799052,28.166667,712.279823,3.802720,-28.166243,0.003250
2109.393070,1804.000000,3.798681,28.263686,712.281357,3.802453,-28.263247,0.000907
2109.413585,1805.000000,3.800726,28.361016,712.290669,3.804949,-28.360498,-0.009100
2109.448403,1806.000000,3.804181,28.458531,712.304523,3.809057,-28.457895,-0.023582
2109.467496,1807.000000,3.806086,28.555849,712.313382,3.811392,-28.555137,-0.033142
2109.457589,1808.000000,3.805130,28.652798,712.313028,3.810457,-28.652087,-0.033624
2109.452708,1809.000000,3.804670,28.749813,712.314270,3.810088,-28.749088,-0.035678
2109.475150,1810.000000,3.806905,28.847179,712.324188,3.812801,-28.846369,-0.046282
2109.523418,1811.000000,3.811688,28.944882,712.342309,3.818426,-28.943921,-0.064969
2109.492864,1812.000000,3.808695,29.041568,712.335392,3.815162,-29.040661,-0.058984
2109.501175,1813.000000,3.809536,29.138758,712.340819,3.816281,-29.137803,-0.065162
2109.456908,1814.000000,3.805190,29.235264,712.329544,3.811470,-29.234398,-0.054882
2109.491584,1815.000000,3.808633,29.332800,712.343343,3.815562,-29.331818,-0.069310
2109.468867,1816.000000,3.806413,29.429587,712.338910,3.813182,-29.428637,-0.065772
2109.448362,1817.000000,3.804411,29.526401,712.335178,3.811051,-29.525479,-0.062926
2109.390502,1818.000000,3.798724,29.622721,712.319581,3.804706,-29.621923,-0.048387
2109.291847,1819.000000,3.789014,29.718496,712.291026,3.793762,-29.717929,-0.021080
2109.227688,1820.000000,3.782706,29.814722,712.273427,3.786708,-29.814296,-0.004568
2109.218254,1821.000000,3.781797,29.911674,712.273207,3.785826,-29.911246,-0.005182
2109.240042,1822.000000,3.783967,30.009044,712.282901,3.788464,-30.008534,-0.015565
2109.261775,1823.000000,3.786132,30.106416,712.292577,3.791095,-30.105823,-0.025930
2109.269012,1824.000000,3.786868,30.203595,712.297648,3.792092,-30.202958,-0.031757
2109.260963,1825.000000,3.786095,30.300570,712.297862,3.791366,-30.299927,-0.032799
2109.235856,1826.000000,3.783640,30.397313,712.292658,3.788715,-30.396710,-0.028501
2109.183109,1827.000000,3.778458,30.493679,712.278674,3.782948,-30.493187,-0.015551
2109.129694,1828.000000,3.773211,30.590032,712.264478,3.777106,-30.589653,-0.002392
2109.119346,1829.000000,3.772211,30.686971,712.263957,3.776120,-30.686593,-0.002709
2109.142923,1830.000000,3.774558,30.784376,712.274209,3.778959,-30.783911,-0.013642
2109.163985,1831.000000,3.776657,30.881749,712.283660,3.781514,-30.881203,-0.023786
2109.137258,1832.000000,3.774042,30.978465,712.277934,3.778681,-30.977963,-0.018974
2109.069402,1833.000000,3.767371,31.074609,712.259145,3.771210,-31.074257,-0.001289
2109.042556,1834.000000,3.764744,31.171318,712.253379,3.768364,-31.171010,0.003563
2109.046000,1835.000000,3.765105,31.268449,712.257230,3.768933,-31.268106,-0.001062
2108.880532,1840.000000,3.748893,31.751531,712.218454,3.751178,-31.751489,0.032998
2107.963072,1943.000000,3.660673,41.738478,712.203496,3.666036,-41.738224,-0.037666
2107.595077,1948.000000,3.624512,42.217224,712.099733,3.625441,-42.217804,0.060456
2042.021015,1961.000000,-2.654377,42.244020,691.898426,-3.551611,-42.409937,19.959476
2042.072120,1962.000000,-2.649629,42.339327,691.916209,-3.546036,-42.505095,19.941144
2042.095820,1963.000000,-2.647430,42.434134,691.925770,-3.543377,-42.599821,19.930916
2042.110918,1964.000000,-2.646032,42.528786,691.932750,-3.541633,-42.694413,19.923232
2042.123563,1965.000000,-2.644862,42.623395,691.938993,-3.540149,-42.788967,19.916275
2042.119513,1966.000000,-2.645245,42.717696,691.940226,-3.540442,-42.883255,19.914255
2042.096517,1967.000000,-2.647391,42.811646,691.935775,-3.542751,-42.977238,19.917838
2042.062141,1968.000000,-2.650595,42.905383,691.927908,-3.546270,-43.071037,19.924786
2042.025647,1969.000000,-2.653997,42.999079,691.919404,-3.550015,-43.164799,19.932362
2042.004975,1970.000000,-2.655926,43.093068,691.915646,-3.552076,-43.258816,19.935262
2042.006906,1971.000000,-2.655753,43.187480,691.918668,-3.551733,-43.353200,19.931479
2042.013959,1972.000000,-2.655103,43.281989,691.923224,-3.550845,-43.447668,19.926184
2042.009795,1973.000000,-2.655497,43.376288,691.924414,-3.551151,-43.541955,19.924206
2041.998672,1974.000000,-2.656538,43.470457,691.923516,-3.552196,-43.636128,19.924287
2041.983311,1975.000000,-2.657973,43.564546,691.921345,-3.553693,-43.730231,19.925622
2041.946116,1976.000000,-2.661440,43.658220,691.912623,-3.557512,-43.823974,19.933414
2041.882019,1977.000000,-2.667409,43.751383,691.895830,-3.564193,-43.917271,19.949161
2041.842138,1978.000000,-2.671125,43.845001,691.886301,-3.568298,-44.010964,19.957748
2041.866940,1979.000000,-2.668824,43.939849,691.896172,-3.565523,-44.105728,19.947215
2041.926780,1980.000000,-2.663264,44.035370,691.916553,-3.559020,-44.201078,19.926322
2041.971553,1981.000000,-2.659104,44.130607,691.932414,-3.554120,-44.296183,19.909885
2041.967403,1982.000000,-2.659496,44.224911,691.933598,-3.554424,-44.390474,19.907914
2041.913998,1983.000000,-2.664471,44.318269,691.920004,-3.559968,-44.483940,19.920508
2041.841213,1984.000000,-2.671249,44.411251,691.900597,-3.567574,-44.577077,19.938832
2041.781734,1985.000000,-2.676788,44.504484,691.885180,-3.573764,-44.670433,19.953222
2041.749213,1986.000000,-2.679819,44.598234,691.877849,-3.577086,-44.764241,19.959644
2041.748055,1987.000000,-2.679933,44.692590,691.879923,-3.577072,-44.858577,19.956795
2041.766718,1988.000000,-2.678203,44.787332,691.887942,-3.574950,-44.953250,19.948087
2041.781705,1989.000000,-2.676815,44.882005,691.894857,-3.573219,-45.047863,19.940467
2041.782103,1990.000000,-2.676784,44.976395,691.897395,-3.573040,-45.142230,19.937161
2041.779848,1991.000000,-2.677000,45.070735,691.899136,-3.573143,-45.236552,19.934641
2041.785203,1992.000000,-2.676508,45.165224,691.903158,-3.572437,-45.331005,19.929873
2041.786211,1993.000000,-2.676420,45.259629,691.905876,-3.572193,-45.425384,19.926390
2041.778308,1994.000000,-2.677162,45.353860,691.905919,-3.572897,-45.519612,19.925544
2041.771866,1995.000000,-2.677767,45.448120,691.906399,-3.573446,-45.613864,19.924266
2041.760710,1996.000000,-2.678811,45.542287,691.905463,-3.574496,-45.708036,19.924384
2041.728271,1997.000000,-2.681835,45.636032,691.898143,-3.577810,-45.801838,19.930795
2041.684771,1998.000000,-2.685887,45.729557,691.887503,-3.582301,-45.895447,19.940478
2041.646102,1999.000000,-2.689490,45.823175,691.878312,-3.586278,-45.989137,19.948733
2041.615142,2000.000000,-2.692376,45.916944,691.871431,-3.589434,-46.082959,19.954710
2041.598318,2001.000000,-2.693947,46.010994,691.868790,-3.591087,-46.177027,19.956509
2041.591313,2002.000000,-2.694605,46.105239,691.869092,-3.591696,-46.271267,19.955407
2041.588642,2003.000000,-2.694859,46.199571,691.870694,-3.591844,-46.365583,19.953025
2041.585520,2004.000000,-2.695156,46.293895,691.872158,-3.592040,-46.459892,19.950777
2041.569190,2005.000000,-2.696681,46.387954,691.869660,-3.593641,-46.553968,19.952435
2041.545867,2006.000000,-2.698856,46.481872,691.865064,-3.595986,-46.647920,19.956162
2041.531692,2007.000000,-2.700181,46.575973,691.863209,-3.597357,-46.742033,19.957186
2041.522076,2008.000000,-2.701081,46.670166,691.862721,-3.598244,-46.836227,19.956863
2041.509036,2009.000000,-2.702300,46.764290,691.861205,-3.599495,-46.930360,19.957553
2041.555062,2010.000000,-2.698025,46.859613,691.877404,-3.594464,-47.025548,19.940783
2041.558200,2011.000000,-2.697739,46.954068,691.880738,-3.593995,-47.119972,19.936693
2041.577789,2012.000000,-2.695922,47.048860,691.889005,-3.591775,-47.214693,19.927741
2041.587400,2013.000000,-2.695034,47.143450,691.894278,-3.590617,-47.309237,19.921740
2041.577235,2014.000000,-2.695986,47.237637,691.893618,-3.591563,-47.403426,19.921586
2041.560721,2015.000000,-2.697528,47.331693,691.891052,-3.593184,-47.497501,19.923311
2041.564834,2016.000000,-2.697151,47.426174,691.894673,-3.592611,-47.591948,19.918939
2041.516826,2017.000000,-2.701623,47.519581,691.882658,-3.597581,-47.685451,19.929978
2041.515719,2018.000000,-2.701731,47.613954,691.884710,-3.597564,-47.779803,19.927151
2041.493109,2019.000000,-2.703840,47.707882,691.880311,-3.599833,-47.873765,19.930683
2041.538593,2020.000000,-2.699615,47.803221,691.896335,-3.594860,-47.968970,19.914085
2041.509475,2021.000000,-2.702330,47.897016,691.889982,-3.597822,-48.062813,19.919544
2041.495105,2022.000000,-2.703672,47.991115,691.888050,-3.599215,-48.156925,19.920643
2041.503164,2023.000000,-2.702928,48.085682,691.892846,-3.598222,-48.251449,19.915113
2041.517780,2024.000000,-2.701575,48.180388,691.899607,-3.596533,-48.346096,19.907645
2041.498720,2025.000000,-2.703353,48.274390,691.896265,-3.598425,-48.440123,19.910135
2041.435116,2026.000000,-2.709275,48.367458,691.879561,-3.605055,-48.533324,19.925796
2041.358278,2027.000000,-2.716428,48.460243,691.858887,-3.613092,-48.626276,19.945369
2041.306044,2028.000000,-2.721292,48.553541,691.845593,-3.618512,-48.719679,19.957669
2041.295917,2029.000000,-2.722240,48.647723,691.844926,-3.619454,-48.813864,19.957523
2041.312072,2030.000000,-2.720743,48.742461,691.852140,-3.617601,-48.908540,19.949609
2041.333180,2031.000000,-2.718785,48.837306,691.860839,-3.615221,-49.003311,19.940231
2041.358208,2032.000000,-2.716463,48.932237,691.870712,-3.612425,-49.098157,19.929696
2041.388566,2033.000000,-2.713645,49.027284,691.882184,-3.609061,-49.193107,19.917585
2041.407233,2034.000000,-2.711915,49.122086,691.890147,-3.606941,-49.287840,19.908932
2041.377451,2035.000000,-2.714691,49.215856,691.883577,-3.609974,-49.381661,19.914605
2041.305646,2036.000000,-2.721375,49.308725,691.864402,-3.617476,-49.474685,19.932701
2041.238645,2037.000000,-2.727612,49.401693,691.846667,-3.624467,-49.567794,19.949378
2041.200067,2038.000000,-2.731206,49.495266,691.837456,-3.628435,-49.661440,19.957654
2041.199354,2039.000000,-2.731278,49.589651,691.839600,-3.628376,-49.755804,19.954737
2041.225899,2040.000000,-2.728815,49.684624,691.849919,-3.625419,-49.850689,19.943763
2041.248170,2041.000000,-2.726749,49.779508,691.858954,-3.622916,-49.945496,19.934054
2041.241220,2042.000000,-2.727401,49.873763,691.859224,-3.623521,-50.039745,19.932984
2041.207145,2043.000000,-2.730576,49.967430,691.851357,-3.627010,-50.133473,19.939935
2041.171213,2044.000000,-2.733923,50.061055,691.842932,-3.630697,-50.227164,19.947436
2041.155774,2045.000000,-2.735365,50.155123,691.840653,-3.632205,-50.321248,19.948879
2041.153970,2046.000000,-2.735538,50.249488,691.842461,-3.632262,-50.415595,19.946293
2041.148271,2047.000000,-2.736074,50.343769,691.843100,-3.632734,-50.509868,19.944860
2041.128096,2048.000000,-2.737956,50.437733,691.839396,-3.634746,-50.603859,19.947708
2041.114370,2049.000000,-2.739238,50.531839,691.837625,-3.636071,-50.697976,19.948650
2041.140346,2050.000000,-2.736828,50.626815,691.847760,-3.633175,-50.792866,19.937857
2041.202891,2051.000000,-2.731017,50.722598,691.868863,-3.626390,-50.888474,19.916253
2041.275301,2052.000000,-2.724287,50.818605,691.892924,-3.618555,-50.984280,19.891733
2041.248526,2053.000000,-2.726783,50.912429,691.887234,-3.621269,-51.078148,19.896538
2041.043564,2054.000000,-2.745851,51.002312,691.828100,-3.642932,-51.168511,19.954022
2106.906582,2058.000000,3.559146,52.889720,712.160266,3.566761,-52.889446,-0.090203
2106.843375,2059.000000,3.552940,52.985416,712.142665,3.559809,-52.985283,-0.073681
2106.686339,2060.000000,3.537491,53.078886,712.095282,3.542288,-53.079139,-0.027802
2106.554867,2061.000000,3.524561,53.172951,712.056016,3.527648,-53.173521,0.010075
2106.522093,2062.000000,3.521356,53.269349,712.048075,3.524125,-53.269981,0.017076
2106.538712,2063.000000,3.523016,53.366921,712.055808,3.526166,-53.367487,0.008627
2106.575664,2064.000000,3.526679,53.464980,712.069994,3.530496,-53.465427,-0.006181
2106.616331,2065.000000,3.530708,53.563132,712.085358,3.535246,-53.563449,-0.022151
2106.614169,2066.000000,3.530518,53.660263,712.087127,3.535171,-53.660563,-0.024721
2106.559901,2067.000000,3.525195,53.756147,712.072357,3.529226,-53.756564,-0.010989
2106.510786,2068.000000,3.520380,53.852150,712.059221,3.523863,-53.852671,0.001132
2106.460267,2069.000000,3.515426,53.948116,712.045639,3.518341,-53.948745,0.013694
2106.451752,2070.000000,3.514610,54.045090,712.045387,3.517551,-54.045719,0.013116
2106.407901,2071.000000,3.510314,54.141212,712.033919,3.512780,-54.141931,0.023594
2106.398974,2072.000000,3.509457,54.238176,712.033533,3.511943,-54.238895,0.023148
2106.401603,2073.000000,3.509739,54.335419,712.036814,3.512407,-54.336108,0.019089
2106.428347,2074.000000,3.512397,54.433249,712.047746,3.515587,-54.433846,0.007487
2106.470354,2075.000000,3.516558,54.531454,712.063521,3.520486,-54.531918,-0.008888
2106.453015,2076.000000,3.514873,54.628217,712.060460,3.518701,-54.628703,-0.006697
2106.402862,2077.000000,3.509955,54.724179,712.046984,3.513221,-54.724772,0.005760
2106.377993,2078.000000,3.507529,54.820756,712.041531,3.510588,-54.821390,0.010309
2106.381479,2079.000000,3.507895,54.918025,712.045075,3.511148,-54.918627,0.005990
2106.377139,2080.000000,3.507491,55.015104,712.046135,3.510827,-55.015694,0.004120
2106.352285,2081.000000,3.505066,55.111680,712.040683,3.508196,-55.112311,0.008668
2106.333404,2082.000000,3.503229,55.208401,712.037125,3.506237,-55.209058,0.011349
2106.340379,2083.000000,3.503939,55.305758,712.041771,3.507190,-55.306374,0.005943
2106.361985,2084.000000,3.506090,55.403479,712.051060,3.509791,-55.404016,-0.004039
2106.379746,2085.000000,3.507863,55.501108,712.059127,3.511959,-55.501575,-0.012816
2106.384536,2086.000000,3.508358,55.598417,712.063076,3.512666,-55.598849,-0.017535
2106.379123,2087.000000,3.507848,55.695474,712.063786,3.512224,-55.695897,-0.019060
2106.356693,2088.000000,3.505662,55.792108,712.059094,3.509865,-55.792566,-0.015261
2106.305187,2089.000000,3.500611,55.888017,712.045173,3.504232,-55.888585,-0.002365
2106.242408,2090.000000,3.494451,55.983641,712.027673,3.497329,-55.984349,0.014059
2106.198467,2091.000000,3.490146,56.079731,712.016152,3.492547,-56.080530,0.024590
2106.178165,2092.000000,3.488169,56.176410,712.012130,3.490428,-56.177239,0.027728
2106.163339,2093.000000,3.486732,56.273226,712.009845,3.488926,-56.274071,0.029155
2106.157494,2094.000000,3.486180,56.370267,712.010409,3.488435,-56.371104,0.027774
2106.178026,2095.000000,3.488225,56.467973,712.019341,3.490914,-56.468734,0.018144
2106.213994,2096.000000,3.491791,56.566071,712.033171,3.495131,-56.566715,0.003686
2106.236466,2097.000000,3.494028,56.663832,712.042717,3.497829,-56.664394,-0.006550
2106.231260,2098.000000,3.493538,56.760895,712.043478,3.497409,-56.761448,-0.008126
2106.206708,2099.000000,3.491143,56.857468,712.038099,3.494811,-56.858062,-0.003648
2106.169649,2100.000000,3.487516,56.953722,712.028749,3.490805,-56.954389,0.004742
2106.127561,2101.000000,3.483394,57.049846,712.017802,3.486232,-57.050599,0.014707
2106.118615,2102.000000,3.482536,57.146811,712.017371,3.485391,-57.147565,0.014307
2106.157323,2103.000000,3.486372,57.244993,712.032061,3.489916,-57.245624,-0.000999
2106.188101,2104.000000,3.489427,57.342977,712.044234,3.493549,-57.343504,-0.013824
2106.177010,2105.000000,3.488357,57.439892,712.043118,3.492467,-57.440425,-0.013550
2106.127706,2106.000000,3.483524,57.535826,712.029875,3.487081,-57.536465,-0.001321
2106.062785,2107.000000,3.477153,57.631356,712.011674,3.479936,-57.632140,0.015795
2105.998225,2108.000000,3.470818,57.726890,711.993588,3.472833,-57.727819,0.032797
2105.940531,2109.000000,3.465160,57.822597,711.977680,3.466503,-57.823653,0.047653
2105.929697,2110.000000,3.464116,57.919510,711.976640,3.465449,-57.920571,0.047853
2105.961021,2111.000000,3.467224,58.017513,711.988975,3.469142,-58.018470,0.034868
2105.998325,2112.000000,3.470921,58.115674,712.003207,3.473509,-58.116512,0.020014
2106.034049,2113.000000,3.474463,58.213799,712.016936,3.477697,-58.214521,0.005655
2106.079619,2114.000000,3.478975,58.312184,712.033790,3.482995,-58.312765,-0.011783
2106.128623,2115.000000,3.483825,58.410663,712.051732,3.488680,-58.411094,-0.030295
2106.141524,2116.000000,3.485119,58.508206,712.058217,3.490299,-58.508580,-0.037512
2106.099687,2117.000000,3.481021,58.604320,712.047328,3.485753,-58.604780,-0.027604
2106.033040,2118.000000,3.474480,58.699782,712.028564,3.478414,-58.700392,-0.009934
2105.977941,2119.000000,3.469077,58.795542,712.013465,3.472375,-58.796272,0.004125
2105.952862,2120.000000,3.466630,58.892086,712.007892,3.469716,-58.892859,0.008794
2105.940328,2121.000000,3.465419,58.988959,712.006297,3.468471,-58.989742,0.009540
2105.926355,2122.000000,3.464067,59.085794,712.004245,3.467063,-59.086590,0.010738
2105.904380,2123.000000,3.461926,59.182417,711.999652,3.464754,-59.183248,0.014440
2105.870602,2124.000000,3.458623,59.278727,711.991313,3.461116,-59.279623,0.021835
2105.831417,2125.000000,3.454787,59.374893,711.981258,3.456869,-59.375867,0.030923
2105.827113,2126.000000,3.454387,59.471980,711.982268,3.456550,-59.472943,0.029101
2105.861487,2127.000000,3.457795,59.570096,711.995550,3.460586,-59.570947,0.015183
2105.872354,2128.000000,3.458889,59.667589,712.001372,3.461975,-59.668390,0.008619
2105.869962,2129.000000,3.458677,59.764732,712.002986,3.461871,-59.765516,0.006203
2105.868840,2130.000000,3.458590,59.861909,712.005001,3.461910,-59.862673,0.003392
2105.860742,2131.000000,3.457815,59.958900,712.004802,3.461163,-59.959662,0.002764
2105.829624,2132.000000,3.454774,60.055275,711.997296,3.457824,-60.056096,0.009337
2105.794822,2133.000000,3.451371,60.151549,711.988620,3.454070,-60.152438,0.017064
2105.793811,2134.000000,3.451294,60.248729,711.990665,3.454122,-60.249598,0.014223
2105.822183,2135.000000,3.454112,60.346700,712.002033,3.457481,-60.347473,0.002193
2105.840954,2136.000000,3.455984,60.444416,712.010353,3.459760,-60.445117,-0.006834
2105.830039,2137.000000,3.454933,60.541333,712.009251,3.458696,-60.542040,-0.006573
2105.797201,2138.000000,3.451722,60.637658,712.001192,3.455163,-60.638427,0.000547
2105.774285,2139.000000,3.449489,60.734249,711.996280,3.452747,-60.735055,0.004564
2105.769429,2140.000000,3.449034,60.831328,711.997097,3.452365,-60.832125,0.002933
2105.759096,2141.000000,3.448040,60.928260,711.996175,3.451366,-60.929060,0.003017
2105.740050,2142.000000,3.446188,61.024954,711.992487,3.449386,-61.025781,0.005828
2105.716824,2143.000000,3.443924,61.121533,711.987472,3.446936,-61.122399,0.009947
2105.686802,2144.000000,3.440991,61.217926,711.980299,3.443720,-61.218847,0.016193
2105.662399,2145.000000,3.438612,61.314471,711.974907,3.441137,-61.315433,0.020683
2105.629239,2146.000000,3.435370,61.410775,711.966736,3.437568,-61.411800,0.027913
2105.566353,2147.000000,3.429202,61.506262,711.949133,3.430652,-61.507428,0.044442
2105.580583,2148.000000,3.430626,61.603862,711.955995,3.432418,-61.604969,0.036852
2105.531326,2149.000000,3.425800,61.699718,711.942713,3.427037,-61.700930,0.049120
2105.512272,2150.000000,3.423947,61.796402,711.939013,3.425056,-61.797642,0.051943
2105.529686,2151.000000,3.425685,61.894092,711.946881,3.427181,-61.895264,0.043362
2105.523504,2152.000000,3.425100,61.991133,711.947262,3.426649,-61.992298,0.042162
2105.612877,2153.000000,3.433924,62.090818,711.977959,3.436875,-62.091729,0.011077
2105.665902,2154.000000,3.439169,62.189505,711.997124,3.443009,-62.190256,-0.008640
2105.645379,2155.000000,3.437172,62.286155,711.992951,3.440862,-62.286937,-0.005350
2105.593841,2156.000000,3.432120,62.381941,711.978935,3.435223,-62.382834,0.007641
2105.553258,2157.000000,3.428148,62.478029,711.968394,3.430818,-62.479005,0.017208
2105.530144,2158.000000,3.425895,62.574602,711.963395,3.428379,-62.575615,0.021311
2105.510236,2159.000000,3.423959,62.671263,711.959412,3.426302,-62.672306,0.024413
2105.484437,2160.000000,3.421442,62.767758,711.953558,3.423561,-62.768846,0.029359
2105.524611,2161.000000,3.425421,62.866101,711.968635,3.428247,-62.867062,0.013672
2105.468823,2162.000000,3.419952,62.961755,711.953264,3.422130,-62.962838,0.028000
2105.421347,2163.000000,3.415301,63.057638,711.940529,3.416949,-63.058823,0.039730
2105.392574,2164.000000,3.412492,63.154045,711.933727,3.413873,-63.155282,0.045610
2105.388221,2165.000000,3.412087,63.251138,711.934671,3.413546,-63.252365,0.043855
2105.395983,2166.000000,3.412875,63.348575,711.939458,3.414584,-63.349759,0.038313
2105.403267,2167.000000,3.413615,63.445999,711.944091,3.415567,-63.447142,0.032920
2105.432987,2168.000000,3.416565,63.544061,711.955841,3.419076,-63.545104,0.020512
2105.497647,2169.000000,3.422956,63.643117,711.978677,3.426519,-63.643970,-0.002823
2105.494899,2170.000000,3.422709,63.740264,711.980124,3.426372,-63.741102,-0.005074
2105.542544,2171.000000,3.427424,63.838846,711.997559,3.431900,-63.839538,-0.023086
2105.538800,2172.000000,3.427079,63.935969,711.998688,3.431641,-63.936648,-0.025023
2105.467175,2173.000000,3.420050,64.031154,711.978276,3.423740,-64.031997,-0.005725
2105.421278,2174.000000,3.415555,64.127069,711.966027,3.418736,-64.128009,0.005525
2105.337136,2175.000000,3.407294,64.221886,711.941644,3.409426,-64.223023,0.028738
2105.315649,2176.000000,3.405202,64.318494,711.937137,3.407170,-64.319664,0.032356
2105.346258,2177.000000,3.408239,64.416596,711.949158,3.410779,-64.417665,0.019682
2105.381052,2178.000000,3.411689,64.514823,711.962505,3.414858,-64.515779,0.005700
2105.394095,2179.000000,3.412997,64.612426,711.968951,3.416490,-64.613326,-0.001478
2105.385526,2180.000000,3.412177,64.709409,711.968537,3.415687,-64.710309,-0.001895
2105.338358,2181.000000,3.407557,64.805276,711.955877,3.410540,-64.806276,0.009762
2105.281419,2182.000000,3.401974,64.900857,711.940115,3.404293,-64.901983,0.024476
2105.259145,2183.000000,3.399805,64.997439,711.935350,3.401948,-64.998601,0.028349
2105.279128,2184.000000,3.401796,65.095246,711.943990,3.404359,-65.096334,0.019007
2105.303878,2185.000000,3.404257,65.193194,711.954141,3.407308,-65.194196,0.008176
2105.288291,2186.000000,3.402746,65.289971,711.951494,3.405716,-65.290991,0.009962
2105.232781,2187.000000,3.397305,65.385584,711.936179,3.399629,-65.386726,0.024235
2105.175569,2188.000000,3.391696,65.481143,711.920324,3.393351,-65.482412,0.039042
2105.136664,2189.000000,3.387890,65.577233,711.910275,3.389134,-65.578581,0.048123
2105.119842,2190.000000,3.386257,65.673968,711.907231,3.387402,-65.675337,0.050300
2105.127534,2191.000000,3.387038,65.771420,711.911962,3.388430,-65.772748,0.044812
2105.148735,2192.000000,3.389149,65.869271,711.920978,3.390979,-65.870522,0.035101
2105.157722,2193.000000,3.390058,65.966765,711.926117,3.392152,-65.967971,0.029210
2105.149442,2194.000000,3.389267,66.063753,711.925778,3.391382,-66.064957,0.028721
2105.138556,2195.000000,3.388219,66.160663,711.924610,3.390318,-66.161874,0.029048
2105.134639,2196.000000,3.387857,66.257780,711.925652,3.390039,-66.258979,0.027197
2105.139636,2197.000000,3.388373,66.355160,711.929520,3.390763,-66.356325,0.022559
2105.158138,2198.000000,3.390218,66.452942,711.937672,3.393008,-66.454037,0.013699
2105.189250,2199.000000,3.393305,66.551101,711.949823,3.396672,-66.552093,0.000896
2105.205665,2200.000000,3.394945,66.648827,711.957311,3.398681,-66.649754,-0.007309
2105.189457,2201.000000,3.393374,66.745584,711.954447,3.397018,-66.746531,-0.005309
2105.150369,2202.000000,3.389549,66.841658,711.944322,3.392779,-66.842685,0.003848
2105.125236,2203.000000,3.387099,66.938147,711.938624,3.390112,-66.939217,0.008641
2105.151348,2204.000000,3.389693,67.036166,711.949183,3.393212,-67.037146,-0.002591
2105.191226,2205.000000,3.393644,67.134600,711.964108,3.397863,-67.135455,-0.018129
2105.181110,2206.000000,3.392672,67.231539,711.963170,3.396886,-67.232399,-0.018028
2105.125016,2207.000000,3.387173,67.327099,711.947643,3.390732,-67.328083,-0.003545
2105.056453,2208.000000,3.380447,67.422280,711.928160,3.383175,-67.423420,0.014838
2105.004980,2209.000000,3.375404,67.517970,711.914099,3.377543,-67.519222,0.027877
2104.975735,2210.000000,3.372549,67.614327,711.907088,3.374412,-67.615633,0.033965
2104.955507,2211.000000,3.370581,67.710955,711.902936,3.372296,-67.712291,0.037235
2104.938109,2212.000000,3.368893,67.807667,711.899680,3.370499,-67.809027,0.039620
2104.920442,2213.000000,3.367177,67.904370,711.896338,3.368671,-67.905754,0.042092
2104.900727,2214.000000,3.365261,68.001010,711.892345,3.366613,-68.002424,0.045205
2104.886041,2215.000000,3.363839,68.097802,711.889946,3.365121,-68.099232,0.046746
2104.892523,2216.000000,3.364501,68.195238,711.894260,3.366011,-68.196629,0.041669
2104.924614,2217.000000,3.367684,68.293454,711.906697,3.369784,-68.294740,0.028585
2104.961063,2218.000000,3.371296,68.391807,711.920515,3.374047,-68.392977,0.014138
2104.976848,2219.000000,3.372874,68.489533,711.927777,3.375984,-68.490640,0.006155
2104.969878,2220.000000,3.372212,68.586566,711.927819,3.375360,-68.587669,0.005290
2104.959157,2221.000000,3.371181,68.683484,711.926670,3.374314,-68.684593,0.005600
2104.947226,2222.000000,3.370030,68.780364,711.925136,3.373132,-68.781483,0.006289
2104.905429,2223.000000,3.365940,68.876328,711.914125,3.368587,-68.877534,0.016320
2104.825318,2224.000000,3.358078,68.971111,711.890960,3.359731,-68.972503,0.038334
2104.739494,2225.000000,3.349654,69.065712,711.865983,3.350232,-69.067305,0.062135
2104.679613,2226.000000,3.343784,69.161106,711.849235,3.343653,-69.162833,0.077823
2104.668215,2227.000000,3.342687,69.257993,711.847864,3.342531,-69.259728,0.078351
2104.714667,2228.000000,3.347283,69.356668,711.864840,3.347918,-69.358261,0.060792
2104.756787,2229.000000,3.351453,69.455214,711.880441,3.352819,-69.456676,0.044588
2104.784470,2230.000000,3.354202,69.553317,711.891462,3.356094,-69.554685,0.032899
2104.813118,2231.000000,3.357046,69.651453,711.902788,3.359478,-69.652726,0.020910
2104.840054,2232.000000,3.359721,69.749539,711.913570,3.362670,-69.750720,0.009457
2104.855468,2233.000000,3.361263,69.847270,711.920696,3.364565,-69.848390,0.001608
2104.849364,2234.000000,3.360686,69.944332,711.920994,3.364038,-69.945446,0.000491
2104.811444,2235.000000,3.356977,70.040401,711.911198,3.359929,-70.041592,0.009325
2104.736869,2236.000000,3.349661,70.135321,711.889774,3.351696,-70.136684,0.029623
2104.648915,2237.000000,3.341028,70.229817,711.864106,3.341957,-70.231387,0.054106
2104.611871,2238.000000,3.337406,70.325903,711.854586,3.337947,-70.327547,0.062668
2104.639497,2239.000000,3.340149,70.424016,711.865576,3.341216,-70.425567,0.051010
2104.654559,2240.000000,3.341656,70.521737,711.872580,3.343070,-70.523228,0.043282
2104.623399,2241.000000,3.338613,70.618006,711.864922,3.339723,-70.619556,0.050009
2104.552416,2242.000000,3.331651,70.713017,711.844632,3.331894,-70.714731,0.069189
2104.473338,2243.000000,3.323892,70.807768,711.821774,3.323155,-70.809665,0.090901
2104.506761,2244.000000,3.327206,70.906069,711.834596,3.327075,-70.907858,0.077438
2104.519750,2245.000000,3.328508,71.003726,711.840935,3.328696,-71.005460,0.070364
2104.629825,2246.000000,3.339366,71.104463,711.878067,3.341242,-71.105889,0.032933
2104.894627,2247.000000,3.365457,71.210122,711.964289,3.371207,-71.210839,-0.052895
2104.952927,2248.000000,3.371221,71.309241,711.985003,3.377929,-71.309786,-0.074140
2103.237180,2350.000000,3.204890,81.172904,711.660016,3.200828,-81.175778,0.162415
2103.296604,2362.000000,3.211032,82.342492,711.703730,3.209350,-82.344969,0.109458
2103.240441,2365.000000,3.205583,82.632302,711.692115,3.203492,-82.634864,0.118447
2103.014681,2382.000000,3.183803,84.277895,711.655400,3.180693,-84.280702,0.140694
2102.670507,2444.000000,3.151519,90.297893,711.670188,3.151310,-90.300378,0.075255
2102.113872,2454.000000,3.097044,91.248596,711.513286,3.090213,-91.252333,0.221781
2102.248603,2455.000000,3.110314,91.351393,711.557921,3.105506,-91.354762,0.176946
2102.417832,2456.000000,3.126978,91.455609,711.613493,3.124679,-91.458519,0.121326
2102.506319,2457.000000,3.135705,91.556547,711.643480,3.134777,-91.559208,0.090936
2102.542517,2458.000000,3.139290,91.655358,711.656893,3.138995,-91.657907,0.076889
2102.466821,2459.000000,3.131872,91.749599,711.634839,3.130632,-91.752325,0.097818
2102.526743,2460.000000,3.137790,91.849384,711.655769,3.137517,-91.851936,0.076359
2102.482047,2461.000000,3.133420,91.944890,711.643537,3.132639,-91.947538,0.087601
2102.443377,2462.000000,3.129643,92.040639,711.633215,3.128439,-92.043368,0.096960
2102.449776,2463.000000,3.130298,92.138236,711.637176,3.129306,-92.140929,0.092235
2102.484585,2464.000000,3.133746,92.237002,711.650141,3.133368,-92.239586,0.078630
2102.519378,2465.000000,3.137193,92.335771,711.663100,3.137428,-92.338246,0.065031
2102.537143,2466.000000,3.138966,92.433842,711.670660,3.139573,-92.436252,0.056756
2102.483347,2467.000000,3.133701,92.528966,711.655536,3.133672,-92.531496,0.070851
2102.545797,2468.000000,3.139868,92.628883,711.677258,3.140842,-92.631232,0.048611
2102.516108,2469.000000,3.136974,92.725000,711.669772,3.137651,-92.727407,0.055174
2102.461234,2470.000000,3.131604,92.820073,711.654303,3.131628,-92.822604,0.069609
2102.392858,2471.000000,3.124906,92.914583,711.634553,3.124087,-92.917272,0.088266
2102.346892,2472.000000,3.120412,93.010018,711.621905,3.119066,-93.012807,0.099919
2102.339382,2473.000000,3.119699,93.107044,711.621445,3.118369,-93.109834,0.099554
2102.341870,2474.000000,3.119969,93.204485,711.624152,3.118796,-93.207250,0.096065
2102.330586,2475.000000,3.118885,93.301355,711.622493,3.117674,-93.304130,0.096882
2102.305145,2476.000000,3.116409,93.397636,711.616345,3.114961,-93.400458,0.102125
2102.279872,2477.000000,3.113950,93.493922,711.610250,3.112266,-93.496791,0.107316
2102.265509,2478.000000,3.112563,93.590662,711.607611,3.110798,-93.593549,0.109099
2102.258113,2479.000000,3.111862,93.687692,711.607179,3.110114,-93.690579,0.108706
2102.252979,2480.000000,3.111383,93.784817,711.607463,3.109683,-93.787699,0.107608
2102.268496,2481.000000,3.112934,93.882806,711.614290,3.111575,-93.885628,0.100056
2102.315312,2482.000000,3.117563,93.982108,711.631035,3.116985,-93.984790,0.082723
2102.366987,2483.000000,3.122670,94.081618,711.649321,3.122942,-94.084147,0.063871
2102.403986,2484.000000,3.126334,94.180518,711.662954,3.127249,-94.182932,0.049608
2102.354140,2485.000000,3.121458,94.275773,711.649058,3.121791,-94.278298,0.062492
2102.236379,2486.000000,3.109905,94.368170,711.613637,3.108697,-94.370981,0.096603
2102.154567,2487.000000,3.101887,94.462070,711.589611,3.099646,-94.465075,0.119478
2102.133240,2488.000000,3.099816,94.558513,711.584752,3.097395,-94.561554,0.123450
2102.135099,2489.000000,3.100024,94.655932,711.587240,3.097750,-94.658950,0.120178
2102.130288,2490.000000,3.099577,94.753070,711.587613,3.097355,-94.756082,0.118992
2102.130684,2491.000000,3.099641,94.850429,711.589634,3.097546,-94.853421,0.116179
2102.144588,2492.000000,3.101034,94.948360,711.595935,3.099255,-94.951297,0.109146
2102.146863,2493.000000,3.101284,95.045801,711.598550,3.099657,-95.048713,0.105749
2102.125059,2494.000000,3.099166,95.142222,711.593532,3.097352,-95.145172,0.109878
2102.093307,2495.000000,3.096070,95.238220,711.585360,3.093929,-95.241233,0.117118
2102.063763,2496.000000,3.093191,95.334309,711.577887,3.090753,-95.337381,0.123669
2102.042910,2497.000000,3.091167,95.430766,711.573167,3.088555,-95.433873,0.127505
2102.027295,2498.000000,3.089657,95.527445,711.570105,3.086945,-95.530574,0.129705
2102.012830,2499.000000,3.088261,95.624173,711.567407,3.085465,-95.627321,0.131547
2101.999543,2500.000000,3.086980,95.720950,711.565080,3.084117,-95.724114,0.133023
2101.988239,2501.000000,3.085895,95.817812,711.563381,3.082992,-95.820986,0.133880
2101.982737,2502.000000,3.085380,95.914921,711.563519,3.082519,-95.918091,0.132925
2101.986767,2503.000000,3.085802,96.012438,711.566676,3.083118,-96.015579,0.128993
2102.000646,2504.000000,3.087192,96.110379,711.572953,3.084824,-96.113465,0.121984
2102.016588,2505.000000,3.088785,96.208409,711.579882,3.086761,-96.211435,0.114331
2102.016765,2506.000000,3.088828,96.305765,711.581815,3.086927,-96.308772,0.111607
2101.999861,2507.000000,3.087192,96.402389,711.578333,3.085172,-96.405421,0.114222
2101.993101,2508.000000,3.086553,96.499447,711.578064,3.084557,-96.502479,0.113668
2102.011333,2509.000000,3.088372,96.597582,711.585714,3.086752,-96.600547,0.105305
2102.047116,2510.000000,3.091915,96.696475,711.598925,3.090920,-96.699329,0.091458
2102.079111,2511.000000,3.095087,96.795208,711.610935,3.094663,-96.797961,0.078795
2102.091578,2512.000000,3.096339,96.893103,711.616754,3.096209,-96.895804,0.072238
2102.084550,2513.000000,3.095674,96.990156,711.616394,3.095564,-96.992857,0.071774
2102.052145,2514.000000,3.092513,97.086112,711.607990,3.092066,-97.088879,0.079243
2101.996655,2515.000000,3.087084,97.181066,711.592269,3.085973,-97.183958,0.093929
2101.937363,2516.000000,3.081281,97.275852,711.575343,3.079453,-97.278879,0.109803
2101.905219,2517.000000,3.078146,97.371811,711.567018,3.075984,-97.374903,0.117193
2101.908758,2518.000000,3.078520,97.469318,711.570000,3.076527,-97.472382,0.113434
2101.931600,2519.000000,3.080792,97.567664,711.579098,3.079239,-97.570651,0.103644
2101.958682,2520.000000,3.083480,97.666198,711.589538,3.082428,-97.669096,0.092529
2101.991499,2521.000000,3.086732,97.764985,711.601794,3.086263,-97.767780,0.079623
2102.032487,2522.000000,3.090788,97.864132,711.616639,3.091015,-97.866801,0.064164
2102.053429,2523.000000,3.092873,97.962408,711.625131,3.093514,-97.965005,0.054972
2102.027293,2524.000000,3.090330,98.058630,711.618700,3.090721,-98.061276,0.060495
2101.960228,2525.000000,3.083762,98.153060,711.599297,3.083325,-98.155862,0.078811
2101.878766,2526.000000,3.075779,98.246856,711.575332,3.074312,-98.249851,0.101628
2101.813350,2527.000000,3.069374,98.341348,711.556452,3.067103,-98.344495,0.119429
2101.788654,2528.000000,3.066973,98.437621,711.550473,3.064471,-98.440814,0.124507
2101.808531,2529.000000,3.068953,98.535850,711.558618,3.066850,-98.538972,0.115656
2101.839080,2530.000000,3.071982,98.634550,711.570142,3.070428,-98.637575,0.103472
2101.848837,2531.000000,3.072967,98.732339,711.575078,3.071669,-98.735320,0.097786
2101.854205,2532.000000,3.073521,98.829936,711.578621,3.072417,-98.832885,0.093474
2101.877557,2533.000000,3.075842,98.928327,711.587862,3.075186,-98.931197,0.083542
2101.891583,2534.000000,3.077247,99.026309,711.594146,3.076907,-99.029124,0.076526
2101.869796,2535.000000,3.075131,99.122712,711.589080,3.074601,-99.125566,0.080704
2101.822947,2536.000000,3.070552,99.218006,711.576070,3.069479,-99.220963,0.092716
2101.773281,2537.000000,3.065695,99.313172,711.562167,3.064040,-99.316239,0.105608
2101.739359,2538.000000,3.062387,99.409032,711.553253,3.060370,-99.412169,0.113582
2101.715838,2539.000000,3.060100,99.505350,711.547632,3.057870,-99.508530,0.118307
2101.693388,2540.000000,3.057920,99.601715,711.542350,3.055490,-99.604935,0.122698
2101.697400,2541.000000,3.058340,99.699254,711.545451,3.056085,-99.702445,0.118821
2101.748008,2542.000000,3.063341,99.798866,711.563316,3.061917,-99.801907,0.100384
2101.801403,2543.000000,3.068616,99.898607,711.582064,3.068063,-99.901492,0.081077
2101.823081,2544.000000,3.070773,99.996940,711.590760,3.070643,-99.999751,0.071683
2101.822669,2545.000000,3.070759,100.094291,711.592454,3.070741,-100.097084,0.069193
2101.821538,2546.000000,3.070674,100.191611,711.593919,3.070757,-100.194389,0.066930
2101.831980,2547.000000,3.071727,100.289448,711.599051,3.072074,-100.292181,0.061051
2101.849555,2548.000000,3.073481,100.387606,711.606441,3.074193,-100.390275,0.052944
2101.858283,2549.000000,3.074365,100.485371,711.611027,3.075318,-100.487999,0.047603
2101.850574,2550.000000,3.073633,100.582400,711.610403,3.074594,-100.585030,0.047401
2101.826724,2551.000000,3.071315,100.678705,711.604661,3.072056,-100.681378,0.052245
2101.801269,2552.000000,3.068838,100.774937,711.598410,3.069338,-100.777658,0.057592
2101.803990,2553.000000,3.069132,100.872433,711.601087,3.069787,-100.875130,0.054134
2101.820621,2554.000000,3.070793,100.970557,711.608171,3.071799,-100.973192,0.046330
2101.802987,2555.000000,3.069086,101.067139,711.604394,3.069960,-101.069802,0.049236
2101.740526,2556.000000,3.062971,101.161701,711.586411,3.063081,-101.164507,0.066154
2101.659407,2557.000000,3.055023,101.255416,711.562515,3.054105,-101.258415,0.088903
2101.600598,2558.000000,3.049268,101.350132,711.545688,3.047638,-101.353266,0.104681
2101.588929,2559.000000,3.048147,101.446975,711.543797,3.046469,-101.450121,0.105728
2101.618977,2560.000000,3.051127,101.545705,711.555123,3.049989,-101.548755,0.093740
2101.676464,2561.000000,3.056805,101.645680,711.575143,3.056593,-101.648563,0.073177
2101.725952,2562.000000,3.061696,101.745299,711.592627,3.062299,-101.748035,0.055115
2101.732190,2563.000000,3.062335,101.842960,711.596406,3.063143,-101.845662,0.050571
2101.705889,2564.000000,3.059776,101.939145,711.589871,3.060329,-101.941897,0.056198
2101.663728,2565.000000,3.055657,102.034607,711.578309,3.055732,-102.037451,0.066783
2101.623009,2566.000000,3.051681,102.130132,711.567203,3.051297,-102.133064,0.076918
2101.597178,2567.000000,3.049168,102.226333,711.560814,3.048536,-102.229313,0.082402
2101.580908,2568.000000,3.047595,102.322968,711.557453,3.046849,-102.325972,0.084898
2101.553058,2569.000000,3.044883,102.419073,711.550422,3.043861,-102.422133,0.091015
2101.561102,2570.000000,3.045700,102.516817,711.554762,3.044907,-102.519837,0.085917
2101.539184,2571.000000,3.043572,102.613192,711.549608,3.042585,-102.616251,0.090182
2101.564956,2572.000000,3.046132,102.711748,711.559563,3.045624,-102.714722,0.079546
2101.510332,2573.000000,3.040788,102.806625,711.544043,3.039626,-102.809723,0.094035
2101.495691,2574.000000,3.039376,102.903330,711.541191,3.038123,-102.906449,0.096031
2101.538159,2575.000000,3.043576,103.002656,711.556432,3.043038,-103.005647,0.080181
2101.534711,2576.000000,3.043264,103.099877,711.557124,3.042792,-103.102859,0.078681
2101.498670,2577.000000,3.039747,103.195601,711.547487,3.038883,-103.198658,0.087368
2101.549172,2578.000000,3.044738,103.295304,711.565270,3.044701,-103.298212,0.069012
2101.527984,2579.000000,3.042681,103.391710,711.560336,3.042461,-103.394656,0.073060
2101.476941,2580.000000,3.037690,103.486739,711.545942,3.036866,-103.489799,0.086439
2101.375848,2581.000000,3.027780,103.579455,711.515689,3.025645,-103.582760,0.115459
2101.312821,2582.000000,3.021611,103.673921,711.497496,3.018703,-103.677371,0.132584
2101.283396,2583.000000,3.018746,103.769936,711.489949,3.015537,-103.773445,0.139210
2101.266859,2584.000000,3.017147,103.866545,711.486483,3.013820,-103.870079,0.141811
2101.274495,2585.000000,3.017924,103.964273,711.490674,3.014819,-103.967769,0.136860
2101.322177,2586.000000,3.022636,104.063859,711.507551,3.020319,-104.067214,0.119397
2101.370507,2587.000000,3.027413,104.163479,711.524632,3.025892,-104.166691,0.101733
2101.414735,2588.000000,3.031786,104.262914,711.540413,3.031005,-104.265994,0.085351
2101.450044,2589.000000,3.035283,104.361940,711.553368,3.035114,-104.364910,0.071757
2101.462676,2590.000000,3.036552,104.459913,711.559136,3.036675,-104.462833,0.065250
2101.460014,2591.000000,3.036316,104.557176,711.560057,3.036517,-104.560085,0.063525
2101.458376,2592.000000,3.036182,104.654488,711.561301,3.036474,-104.657383,0.061480
2101.443881,2593.000000,3.034783,104.751200,711.558469,3.034986,-104.754115,0.063456
2101.377846,2594.000000,3.028319,104.845504,711.539306,3.027704,-104.848573,0.081538
2101.298989,2595.000000,3.020594,104.939204,711.516081,3.018982,-104.942460,0.103628
2101.256806,2596.000000,3.016475,105.034614,711.504474,3.014382,-105.037961,0.114258
2101.250272,2597.000000,3.015859,105.131690,711.504160,3.013788,-105.135037,0.113751
2101.273950,2598.000000,3.018212,105.230183,711.513416,3.016590,-105.233451,0.103804
2101.316869,2599.000000,3.022457,105.329581,711.528768,3.021554,-105.332720,0.087846
2101.354219,2600.000000,3.026155,105.428723,711.542354,3.025893,-105.431747,0.073629
2101.378502,2601.000000,3.028568,105.527254,711.551799,3.028763,-105.530198,0.063496
2101.399010,2602.000000,3.030611,105.625610,711.560047,3.031208,-105.628483,0.054544
2101.414189,2603.000000,3.032129,105.723718,711.566605,3.033055,-105.726534,0.047258
2101.416198,2604.000000,3.032353,105.821207,711.568988,3.033421,-105.824000,0.044090
2101.393283,2605.000000,3.030127,105.917521,711.563473,3.030986,-105.920356,0.048712
2101.339531,2606.000000,3.024870,106.012377,711.548186,3.025084,-106.015334,0.062973
2101.283298,2607.000000,3.019369,106.107112,711.532112,3.018904,-106.110197,0.078009
2101.258648,2608.000000,3.016973,106.203337,711.526044,3.016274,-106.206469,0.083177
2101.256333,2609.000000,3.016772,106.300618,711.527051,3.016154,-106.303739,0.081367
2101.260573,2610.000000,3.017215,106.398211,711.530133,3.016770,-106.401303,0.077509
2101.285495,2611.000000,3.019691,106.496786,711.539767,3.019711,-106.499796,0.067190
2101.323311,2612.000000,3.023435,106.595976,711.553486,3.024102,-106.598870,0.052843
2101.327966,2613.000000,3.023919,106.693594,711.556696,3.024765,-106.696458,0.048859
2101.288608,2614.000000,3.020077,106.789119,711.545959,3.020481,-106.792068,0.058632
2101.229451,2615.000000,3.014289,106.883699,711.528948,3.013972,-106.886784,0.074592
2101.181317,2616.000000,3.009584,106.978800,711.515430,3.008701,-106.981993,0.087109
2101.156880,2617.000000,3.007209,107.075027,711.509417,3.006095,-107.078266,0.092222
2101.159758,2618.000000,3.007518,107.172558,711.512057,3.006558,-107.175772,0.088801
2101.181390,2619.000000,3.009671,107.270985,711.520638,3.009128,-107.274126,0.079521
2101.202987,2620.000000,3.011820,107.369413,711.529206,3.011695,-107.372481,0.070253
2101.217027,2621.000000,3.013227,107.467483,711.535379,3.013413,-107.470496,0.063347
2101.227561,2622.000000,3.014289,107.565386,711.540440,3.014736,-107.568354,0.057539
2101.228639,2623.000000,3.014422,107.662837,711.542504,3.014997,-107.665785,0.054687
2101.217964,2624.000000,3.013399,107.759725,711.540842,3.013936,-107.762683,0.055509
2101.221379,2625.000000,3.013761,107.857289,711.543643,3.014459,-107.860222,0.051929
2101.242019,2626.000000,3.015817,107.955683,711.551901,3.016919,-107.958545,0.042967
2101.243846,2627.000000,3.016023,108.053174,711.554197,3.017263,-108.056014,0.039886
2101.212568,2628.000000,3.012975,108.149071,711.546002,3.013887,-108.151974,0.047152
2101.170476,2629.000000,3.008865,108.244444,711.534379,3.009295,-108.247439,0.057798
2101.134914,2630.000000,3.005396,108.340130,711.524825,3.005437,-108.343200,0.066405
2101.113767,2631.000000,3.003344,108.436509,711.519837,3.003199,-108.439617,0.070508
2101.099890,2632.000000,3.002007,108.533239,711.517150,3.001778,-108.536366,0.072341
2101.091329,2633.000000,3.001192,108.630226,711.516147,3.000955,-108.633357,0.072514
2101.099217,2634.000000,3.001994,108.728009,711.520353,3.001980,-108.731103,0.067549
2101.130846,2635.000000,3.005129,108.826944,711.532080,3.005674,-108.829939,0.055165
2101.168922,2636.000000,3.008899,108.926196,711.545848,3.010092,-108.929075,0.040768
2101.173260,2637.000000,3.009352,109.023814,711.548926,3.010718,-109.026664,0.036916
2101.116500,2638.000000,3.003799,109.118462,711.532645,3.004477,-109.121442,0.052158
2101.031643,2639.000000,2.995486,109.211740,711.507462,2.995079,-109.214923,0.076180
2100.997591,2640.000000,2.992166,109.307484,711.498373,2.991390,-109.310739,0.084327
2101.021161,2641.000000,2.994509,109.406035,711.507538,2.994177,-109.409211,0.074471
2101.055594,2642.000000,2.997920,109.505118,711.520144,2.998186,-109.508188,0.061221
2101.053644,2643.000000,2.997755,109.602429,711.521222,2.998105,-109.605486,0.059342
2100.992282,2644.000000,2.991751,109.696837,711.503476,2.991347,-109.700036,0.076028
2100.925835,2645.000000,2.985247,109.790992,711.484119,2.984018,-109.794347,0.094304
2100.895000,2646.000000,2.982244,109.886885,711.476042,2.980690,-109.890302,0.101454
2100.902278,2647.000000,2.982986,109.984643,711.480038,2.981646,-109.988025,0.096697
2100.911895,2648.000000,2.983958,110.082517,711.484773,2.982865,-110.085857,0.091209
2100.886324,2649.000000,2.981471,110.178666,711.478360,2.980129,-110.182055,0.096718
2100.844433,2650.000000,2.977381,110.274011,711.466776,2.975560,-110.277492,0.107327
2100.813251,2651.000000,2.974344,110.369880,711.458583,2.972194,-110.373425,0.114592
2100.812248,2652.000000,2.974272,110.467233,711.459949,2.972219,-110.470763,0.112428
2100.840560,2653.000000,2.977081,110.566029,711.470599,2.975538,-110.569469,0.101107
2100.886275,2654.000000,2.981600,110.665686,711.486762,2.980813,-110.668990,0.084349
2100.946218,2655.000000,2.987518,110.766050,711.507431,2.987687,-110.769182,0.063146
2101.003117,2656.000000,2.993137,110.866270,711.527135,2.994219,-110.869237,0.042894
2101.032235,2657.000000,2.996026,110.965122,711.538038,2.997630,-110.967997,0.031324
2101.015887,2658.000000,2.994446,111.061729,711.534534,2.995930,-111.064628,0.033963
2100.986155,2659.000000,2.991551,111.157671,711.526789,2.992726,-111.160631,0.040786
2100.999967,2660.000000,2.992935,111.255770,711.532838,2.994416,-111.258678,0.034004
2099.979345,2866.000000,2.898302,131.276965,711.525966,2.906907,-131.279258,-0.127069
2099.978598,2867.000000,2.898257,131.374417,711.527129,2.906950,-131.376697,-0.129029
2099.890281,2868.000000,2.889606,131.466742,711.500552,2.897151,-131.469237,-0.103623
2099.770647,2869.000000,2.877878,131.557226,711.464058,2.883834,-131.560016,-0.068431
2099.686272,2870.000000,2.869615,131.649767,711.438732,2.874479,-131.652762,-0.044258
2099.619096,2871.000000,2.863043,131.743311,711.418853,2.867058,-131.746465,-0.025458
2099.587574,2872.000000,2.859974,131.838943,711.410263,2.863643,-131.842164,-0.017797
2099.624530,2873.000000,2.863633,131.938596,711.423356,2.867921,-131.941706,-0.031528
2099.685089,2874.000000,2.869611,132.039640,711.443923,2.874851,-132.042579,-0.052632
2099.727190,2875.000000,2.873777,132.139605,711.458644,2.879708,-132.142419,-0.067969
2099.742442,2876.000000,2.875303,132.237992,711.464862,2.881548,-132.240753,-0.074915
2099.736025,2877.000000,2.874701,132.335104,711.464215,2.880952,-132.337867,-0.075090
2099.702191,2878.000000,2.871405,132.430600,711.454884,2.877277,-132.433436,-0.066697
2099.647867,2879.000000,2.866095,132.524883,711.439063,2.871299,-132.527846,-0.051902
2099.605314,2880.000000,2.861942,132.619858,711.426969,2.866643,-132.622916,-0.040783
2099.604343,2881.000000,2.861875,132.717288,711.428042,2.866660,-132.720334,-0.042654
2099.617159,2882.000000,2.863162,132.815532,711.433479,2.868225,-132.818531,-0.048831
2099.629232,2883.000000,2.864377,132.913735,711.438680,2.869707,-132.916688,-0.054775
2099.640818,2884.000000,2.865544,133.011910,711.443725,2.871135,-133.014818,-0.060566
2099.643438,2885.000000,2.865829,133.109556,711.445930,2.871555,-133.112442,-0.063554
2099.632361,2886.000000,2.864769,133.206390,711.443796,2.870435,-133.209290,-0.062261
2099.623134,2887.000000,2.863891,133.303333,711.442246,2.869524,-133.306243,-0.061545
2099.612439,2888.000000,2.862868,133.400188,711.440230,2.868448,-133.403112,-0.060368
2099.579338,2889.000000,2.859644,133.495711,711.431117,2.864854,-133.498706,-0.052191
2099.528303,2890.000000,2.854658,133.590166,711.416325,2.859245,-133.593278,-0.038409
2099.477025,2891.000000,2.849648,133.684601,711.401455,2.853609,-133.687833,-0.024551
2099.517332,2892.000000,2.853637,133.784489,711.415583,2.858263,-133.787601,-0.039303
2099.514041,2893.000000,2.853341,133.881782,711.415905,2.858018,-133.884888,-0.040433
2099.552506,2894.000000,2.857149,133.981565,711.429448,2.862465,-133.984558,-0.054608
2099.512517,2895.000000,2.853248,134.076669,711.418147,2.858097,-134.079751,-0.044270
2099.509824,2896.000000,2.853012,134.173999,711.418654,2.857919,-134.177073,-0.045584
2099.484354,2897.000000,2.850538,134.269966,711.411948,2.855182,-134.273092,-0.039780
2099.533261,2898.000000,2.855371,134.370382,711.428792,2.860802,-134.373367,-0.057211
2099.517253,2899.000000,2.853827,134.466916,711.425080,2.859128,-134.469928,-0.054361
2099.513731,2900.000000,2.853509,134.564197,711.425319,2.858857,-134.567204,-0.055410
2099.522891,2901.000000,2.854437,134.662239,711.429573,2.860011,-134.665208,-0.060419
2099.491375,2902.000000,2.851369,134.757842,711.420946,2.856594,-134.760878,-0.052720
2099.551048,2903.000000,2.857261,134.858918,711.441193,2.863424,-134.861784,-0.073509
2099.608154,2904.000000,2.862900,134.959845,711.460627,2.869965,-134.962549,-0.093495
2099.608152,2905.000000,2.862928,135.057344,711.461975,2.870089,-135.060034,-0.095637
2099.549291,2906.000000,2.857173,135.151301,711.444682,2.863599,-135.154129,-0.079388
2099.492481,2907.000000,2.851620,135.245376,711.428037,2.857341,-135.248338,-0.063779
2099.485533,2908.000000,2.850965,135.342453,711.427182,2.856684,-135.345418,-0.063747
2099.520509,2909.000000,2.854430,135.442057,711.439600,2.860738,-135.444918,-0.076812
2099.556733,2910.000000,2.858018,135.541741,711.452413,2.864933,-135.544493,-0.090266
2099.569441,2911.000000,2.859295,135.640008,711.457778,2.866485,-135.642713,-0.096372
2099.558277,2912.000000,2.858226,135.736834,711.455581,2.865354,-135.739553,-0.095017
2099.514616,2913.000000,2.853965,135.831693,711.443093,2.860573,-135.834512,-0.083508
2099.503644,2914.000000,2.852915,135.928528,711.440955,2.859464,-135.931361,-0.082211
2099.458748,2915.000000,2.848532,136.023308,711.428073,2.854543,-136.026243,-0.070313
2099.432241,2916.000000,2.845956,136.119199,711.421013,2.851689,-136.122188,-0.064160
2099.410776,2917.000000,2.843876,136.215394,711.415548,2.849401,-136.218425,-0.059581
2099.390687,2918.000000,2.841930,136.311671,711.410518,2.847268,-136.314740,-0.055430
2099.376788,2919.000000,2.840593,136.408323,711.407447,2.845830,-136.411414,-0.053212
2099.373765,2920.000000,2.840325,136.505635,711.407818,2.845614,-136.508720,-0.054391
2099.369982,2921.000000,2.839981,136.602901,711.407947,2.845312,-136.605981,-0.055331
2099.360506,2922.000000,2.839079,136.699821,711.406273,2.844371,-136.702912,-0.054490
2099.359073,2923.000000,2.838966,136.797230,711.407143,2.844333,-136.800311,-0.056161
2099.366071,2924.000000,2.839682,136.895154,711.410682,2.845243,-136.898202,-0.060465
2099.388813,2925.000000,2.841945,136.994039,711.419205,2.847922,-136.997014,-0.069686
2099.425880,2926.000000,2.845616,137.093800,711.432262,2.852209,-137.096665,-0.083382
2099.437718,2927.000000,2.846807,137.192025,711.437330,2.853663,-137.194845,-0.089194
2099.422475,2928.000000,2.845338,137.288595,711.433821,2.852073,-137.291441,-0.086544
2099.397358,2929.000000,2.842899,137.384561,711.427184,2.849374,-137.387458,-0.080808
2099.364502,2930.000000,2.839699,137.480051,711.418095,2.845806,-137.483019,-0.072652
2099.317608,2931.000000,2.835120,137.574679,711.404561,2.840660,-137.577755,-0.060110
2099.267414,2932.000000,2.830217,137.669102,711.389980,2.835144,-137.672293,-0.046537
2099.244527,2933.000000,2.827997,137.765195,711.384045,2.832696,-137.768432,-0.041493
2099.243387,2934.000000,2.827914,137.862622,711.384994,2.832691,-137.865848,-0.043241
2099.242989,2935.000000,2.827903,137.960094,711.386176,2.832769,-137.963308,-0.045219
2099.235873,2936.000000,2.827233,138.057155,711.385230,2.832092,-138.060372,-0.045098
2099.225828,2937.000000,2.826274,138.154034,711.383355,2.831086,-138.157264,-0.044060
2099.221578,2938.000000,2.825885,138.251271,711.383314,2.830731,-138.254497,-0.044831
2099.226855,2939.000000,2.826432,138.349094,711.386288,2.831447,-138.352293,-0.048577
2099.228657,2940.000000,2.826638,138.446703,711.388160,2.831772,-138.449884,-0.051237
2099.217307,2941.000000,2.825551,138.543503,711.385867,2.830619,-138.546699,-0.049786
2099.199363,2942.000000,2.823817,138.639894,711.381485,2.828726,-138.643123,-0.046274
2099.190332,2943.000000,2.822958,138.736835,711.379923,2.827833,-138.740074,-0.045545
2099.204744,2944.000000,2.824402,138.835225,711.385782,2.829575,-138.838412,-0.052138
2099.239050,2945.000000,2.827801,138.934847,711.397939,2.833551,-138.937931,-0.064945
2099.272804,2946.000000,2.831146,139.034439,711.409920,2.837465,-139.037421,-0.077578
2099.284496,2947.000000,2.832324,139.132667,711.414914,2.838901,-139.135605,-0.083317
2099.285373,2948.000000,2.832438,139.230226,711.416483,2.839122,-139.233149,-0.085677
2099.297910,2949.000000,2.833699,139.328509,711.421743,2.840652,-139.331385,-0.091678
2099.306852,2950.000000,2.834606,139.426571,711.425862,2.841779,-139.429410,-0.096555
2099.295985,2951.000000,2.833567,139.523403,711.423709,2.840680,-139.526256,-0.095242
2099.260737,2952.000000,2.830132,139.618719,711.413834,2.836842,-139.621650,-0.086310
2099.213256,2953.000000,2.825496,139.713271,711.400084,2.831629,-139.716312,-0.073556
2099.177799,2954.000000,2.822041,139.808568,711.390141,2.827767,-139.811687,-0.064557
2099.160065,2955.000000,2.820327,139.904967,711.385808,2.825897,-139.908118,-0.061093
2099.161400,2956.000000,2.820487,140.002553,711.387511,2.826168,-140.005687,-0.063585
2099.172061,2957.000000,2.821563,140.100722,711.392166,2.827488,-140.103814,-0.068989
2099.173106,2958.000000,2.821694,140.198291,711.393774,2.827727,-140.201367,-0.071388
2099.170545,2959.000000,2.821471,140.295636,711.394240,2.827560,-140.298705,-0.072659
2099.167626,2960.000000,2.821213,140.392959,711.394591,2.827354,-140.396022,-0.073817
2099.160845,2961.000000,2.820576,140.490041,711.393718,2.826713,-140.493107,-0.073767
2099.150211,2962.000000,2.819560,140.586881,711.391623,2.825640,-140.589961,-0.072512
2099.129291,2963.000000,2.817533,140.683076,711.386271,2.823411,-140.686197,-0.068043
2099.108889,2964.000000,2.815557,140.779302,711.381082,2.821240,-140.782463,-0.063734
2099.086823,2965.000000,2.813418,140.875423,711.375364,2.818883,-140.878627,-0.058904
2099.059544,2966.000000,2.810767,140.971215,711.367995,2.815939,-140.974476,-0.052444
2099.022194,2967.000000,2.807126,141.066373,711.357436,2.811864,-141.069717,-0.042838
2098.968410,2968.000000,2.801872,141.160495,711.341675,2.805944,-141.163965,-0.028097
2098.909455,2969.000000,2.796109,141.254288,711.324275,2.799442,-141.257898,-0.011741
2098.872671,2970.000000,2.792525,141.349472,711.313893,2.795432,-141.353163,-0.002308
2098.857036,2971.000000,2.791018,141.445984,711.310204,2.793796,-141.449703,0.000520
2098.855499,2972.000000,2.790895,141.543384,711.310977,2.793744,-141.547093,-0.001053
2098.869386,2973.000000,2.792288,141.641757,711.316630,2.795425,-141.645416,-0.007443
2098.880679,2974.000000,2.793426,141.739968,711.321461,2.796814,-141.743584,-0.013021
2098.863910,2975.000000,2.791807,141.836408,711.317408,2.795051,-141.840054,-0.009833
2098.851280,2976.000000,2.790595,141.933109,711.314664,2.793753,-141.936774,-0.007936
2098.911305,2977.000000,2.796520,142.034403,711.334916,2.800615,-142.037899,-0.028731
2099.014909,2978.000000,2.806726,142.138460,711.368965,2.812374,-142.141674,-0.063138
2099.084454,2979.000000,2.813587,142.240371,711.392232,2.820307,-142.243391,-0.086907
2099.056789,2980.000000,2.810898,142.336128,711.384722,2.817319,-142.339206,-0.080308
2098.965078,2981.000000,2.801917,142.427822,711.356935,2.807137,-142.431125,-0.053702
2098.901165,2982.000000,2.795668,142.521272,711.337948,2.800078,-142.524727,-0.035779
2098.875955,2983.000000,2.793220,142.617175,711.331213,2.797366,-142.620682,-0.029944
2098.840010,2984.000000,2.789718,142.712394,711.321077,2.793449,-142.715981,-0.020754
2098.803632,2985.000000,2.786173,142.807583,711.310804,2.789483,-142.811251,-0.011429
2098.818129,2986.000000,2.787626,142.906006,711.316633,2.791231,-142.909622,-0.017992
2098.880767,2987.000000,2.793807,143.007495,711.337700,2.798386,-143.010936,-0.039589
2098.934861,2988.000000,2.799150,143.108445,711.356061,2.804583,-143.111733,-0.058518
2098.946359,2989.000000,2.800308,143.206686,711.360937,2.805994,-143.209930,-0.064140
2098.910811,2990.000000,2.796845,143.301926,711.350919,2.802121,-143.305249,-0.055066
2098.861256,2991.000000,2.792006,143.396270,711.336466,2.796674,-143.399708,-0.041616
2098.849792,2992.000000,2.790908,143.493043,711.334070,2.795506,-143.496497,-0.040063
2098.856807,2993.000000,2.791626,143.590996,711.337521,2.796413,-143.594419,-0.044280
2098.826795,2994.000000,2.788707,143.686583,711.329251,2.793162,-143.690070,-0.036930
2098.757939,2995.000000,2.781972,143.779681,711.308684,2.785547,-143.783333,-0.017448
2098.699110,2996.000000,2.776223,143.873415,711.291291,2.779059,-143.877207,-0.001096
2098.699895,2997.000000,2.776329,143.970966,711.292765,2.779267,-143.974742,-0.003362
2098.757610,2998.000000,2.782026,144.072168,711.312257,2.785868,-144.075781,-0.023406
2098.806643,2999.000000,2.786871,144.172818,711.329001,2.791495,-144.176291,-0.040738
